[17701.52218836639, 17748.954806034268, 17705.41535336451, 17572.879391074137, 17469.87868913961, 17387.23768928645, 17595.49594503479, 17651.08292025842, 17547.286637242676, 17444.190153321477, 17561.080171396992, 17609.34384217033, 17597.12681718132, 17631.444182910276, 17459.206957469032, 17511.520461710395, 17615.964213732404, 17531.388702583783, 17431.518796554934, 17351.254709792436, 17394.933309691114, 17486.351954139645, 17379.140149499337, 17617.966698362605, 17526.703235907902, 17732.589439501906, 17559.351647749543, 17610.506249565922, 17625.613332144923, 17462.279757647582, 17397.612025979462, 17696.75753322764, 17636.54042471697, 17512.382535903424, 17383.933701050693, 17606.34914931513, 17583.86418037345, 17489.652306259144, 17712.341097107972, 17714.35549430337, 17384.539691795067, 17474.943216638087, 17089.608940672802, 17569.522888809148, 17623.47922476963, 17417.58166134563, 17686.499795641772, 17650.750719932443, 17484.980687502142, 17643.538276989548]
[17115.295001061004, 17431.11349434558, 17444.116932198074, 17215.322628475376, 17217.336560003627, 17277.959903831277, 16989.562467362794, 17276.525728337678, 17205.6728340566, 17028.137444518306, 17215.474349274136, 17402.734898967134, 17254.678452764812, 17431.322924703367, 17087.568322912914, 17261.23159909069, 17140.671044063954, 17153.703354694608, 17309.881219857416, 16991.80241327443, 17092.449966085995, 17246.52718604854, 17204.949322415607, 17159.928276685438, 16957.21414759757, 17591.06183057445, 17207.42325905039, 17224.61018229167, 17245.40479802571, 17179.37689818299, 17111.392930916998, 17247.08585854703, 17355.22406251831, 17362.022273441624, 17118.486136168744, 17091.732177343583, 17255.333078312782, 17190.68684911457, 17326.980596931775, 17449.248163564618, 17216.927521230013, 17339.458493464896, 16847.006931769236, 17426.918857966408, 17162.70933674885, 17142.436847881723, 17471.622745534558, 17434.9509578378, 17111.89423729643, 17286.55239370577]
[16694.871477580346, 17200.39564447845, 17035.64870999991, 17009.00733610402, 16767.447085293235, 16970.563580593578, 16625.661031341733, 17087.327592767477, 17093.057765369173, 16636.166139138128, 17110.49706237061, 16932.060095800716, 17007.025680219067, 16895.101404363435, 16910.16344074093, 16909.50237761014, 16869.356203632324, 16591.678042801406, 16833.94006435469, 16745.588091193604, 16816.619383957808, 16988.111306626495, 17049.281585117573, 16780.09219850327, 16663.163621648397, 17279.741008329132, 17008.856372946128, 16801.401179413875, 16886.159178806152, 16972.02093487059, 16861.072593380457, 17070.80964597275, 17027.44646207222, 17128.26789140212, 16884.29293660255, 16632.531932841594, 17054.743861779978, 16942.069717658236, 17081.255383843767, 17184.210344051276, 16983.923319307134, 17226.976895744217, 16582.363958979833, 17022.68227708362, 16714.24559143214, 16735.67372034553, 17299.126505040582, 17208.18195729549, 16738.11511486866, 16966.94100438081]
[16486.745919764446, 16942.223382196604, 16785.54036846293, 16725.924822511333, 16416.50836256287, 16641.186837033594, 16233.088657110144, 16796.611465736863, 16939.50245340257, 16141.323379021476, 16938.48053860326, 16699.510078694402, 16492.720225538567, 16659.612828787755, 16719.424539781256, 16720.13840223045, 16685.239342667144, 16378.70450901697, 16629.40957278692, 16446.30620798797, 16506.035620097515, 16676.38301012611, 16694.556247828154, 16540.329714758183, 16387.185298059052, 17059.03587088364, 16707.795019369805, 16482.030925957923, 16564.78894937373, 16659.61999654937, 16564.753905988273, 16771.016800015397, 16725.840068842455, 16955.276882818034, 16711.66517430112, 16340.213306466196, 16865.119917420103, 16687.59046637177, 16858.167063694174, 16918.557798668422, 16558.344155007202, 16968.812896637857, 16477.737865408308, 16833.544376113317, 16450.557661055056, 16539.449509287842, 17055.486122611837, 16891.17522302742, 16618.433023995727, 16626.609796016888]
[16145.85103893829, 16735.630577217915, 16604.927421541463, 16517.919978719925, 16251.647438708154, 16375.458867598907, 15870.586407236024, 16647.336836530456, 16846.09680656211, 15851.383130222657, 16836.207012620376, 16366.850176314783, 16122.757261249028, 16460.00823031718, 16655.616103656852, 16473.56725015077, 16425.48244956964, 16047.837522733389, 16411.71346760024, 16171.980368016602, 16293.902009915091, 16528.75844567247, 16527.991577628327, 16346.406869483055, 16341.04334990025, 16774.805739413066, 16407.005484242964, 16103.92792367468, 16183.46495975053, 16454.720195326918, 16477.49597985717, 16532.6128446952, 16427.445784837146, 16748.680688229022, 16500.248564218175, 16174.23818127726, 16643.769138416188, 16460.39120362201, 16752.216203038006, 16542.892753922533, 16436.500297623094, 16681.795193276346, 16242.046027262404, 16529.71132462256, 16313.611659068474, 16049.333252103816, 16892.296805410497, 16650.40967985715, 16283.047946320603, 16472.768460438216]
[16001.959316576273, 16657.048011339568, 16327.134281845956, 16261.08102992163, 15943.70735810893, 16094.749095949664, 15686.683897145815, 16421.00533565408, 16488.51339906727, 15519.624421984781, 16671.01225303473, 16107.072813691979, 15925.215171928945, 16175.403876882705, 16393.49552324452, 16162.849226507917, 16167.370986450313, 15949.59800030325, 16172.651321685418, 15865.391532797463, 16062.429188855158, 16402.95250869079, 16304.615637565174, 16258.260871156755, 16124.605843680494, 16711.295751889025, 16266.680375871772, 15996.509441060694, 15855.478839756233, 16302.996912369752, 16271.357225394706, 16286.583905624473, 16255.306193854582, 16565.80096915656, 16364.362093440195, 15999.867744502164, 16458.764302936142, 16341.500517064913, 16506.06675859765, 16430.465219802678, 16047.685020760237, 16612.801723001787, 15934.568702240435, 16355.150093855627, 16107.738768288642, 15645.082274661996, 16803.49059349791, 16285.929538045375, 16088.795000511684, 16194.116884254603]
[15739.580059871209, 16459.59518292901, 16190.029961433023, 16096.986028418421, 15643.256777265258, 15887.597746606092, 15533.476902649756, 16301.948510659795, 16337.466147981668, 15388.934189980904, 16609.132005102958, 15898.998003667966, 15817.035970480147, 16000.993733253388, 16179.399257806916, 16050.295530512949, 15969.465266927506, 15814.475277559814, 15875.903961667773, 15486.447203895357, 15895.818102600437, 16275.958601318507, 16008.301359908666, 16031.047178391318, 15929.75471105676, 16556.6302152912, 16082.348092893802, 15646.315672967412, 15594.13462822717, 16051.89703594959, 16176.549506716323, 16164.873403495925, 16110.020865386177, 16281.00630931999, 16247.153676575635, 15677.308948501532, 16267.641557620367, 16125.275702292283, 16339.31295826974, 16259.564770616078, 15826.99790261256, 16370.480686160392, 15794.20247660868, 16226.703718102766, 15755.023890707718, 15539.930718012378, 16588.111519826605, 16184.205400112225, 15920.938878499695, 16006.898033242533]
[15628.260914389088, 16232.762494363913, 16029.969319209398, 15862.999651282013, 15590.650459104358, 15782.744577339347, 15234.68197022625, 16159.88039006641, 16143.89451965308, 15257.402512454453, 16429.550592852018, 15799.857155646041, 15665.333990344454, 15893.7743175204, 16067.079238058654, 15820.916524699871, 15834.046140427887, 15571.592746249324, 15642.796878861482, 15281.112207699194, 15729.50929837636, 16186.792248732736, 15795.312549694278, 15985.757412227049, 15806.152744512447, 16295.734134549328, 15967.07457636076, 15547.734249662515, 15526.738393229423, 15878.719955715205, 16044.953564209916, 16084.555560165603, 15947.571001714774, 16138.570551633291, 16066.38047708958, 15487.787554944574, 16178.475065910305, 15878.562049307346, 16229.94862819363, 16053.351208796143, 15605.664753890665, 16340.73395709351, 15567.6652647815, 16031.48362949787, 15659.403130007177, 15357.929349035807, 16309.800020124967, 15994.080358610425, 15760.22575323386, 15801.315874942306]
[15475.850112746066, 16119.661681334506, 15926.791417936178, 15661.06315408857, 15380.694799949264, 15737.673700754642, 15065.619787204734, 15973.986931839889, 16120.499476309347, 15150.706540664003, 16387.933420116744, 15689.144382364171, 15559.54916634837, 15812.231510415397, 15868.871666240113, 15534.911471656273, 15782.26607707705, 15502.538607682369, 15562.88315050175, 15095.923013142456, 15628.86117596205, 15899.52268331427, 15696.45071697659, 15740.049611927427, 15695.401113804091, 16158.909790493824, 15908.170314948427, 15251.839585595144, 15334.029503527145, 15747.269452849408, 15816.161342478179, 15980.462046671742, 15713.443749563105, 16086.07694308244, 15898.99564293883, 15438.91741968753, 16087.857885191668, 15754.67637122874, 15956.183276627318, 15979.709267113863, 15515.471730042724, 16163.505690805236, 15487.021268967519, 15892.982840218003, 15443.028068195927, 15230.39405513337, 16214.239358369654, 15731.949662274923, 15513.99499061258, 15675.158542940591]
[15436.076917229899, 15952.026320681014, 15731.11724371988, 15453.289804807404, 15139.176479137197, 15567.894992375523, 15048.23910038924, 15894.790503108754, 16003.002811011645, 14951.86126252145, 16077.615074395613, 15547.521557483411, 15434.814568571537, 15709.473490191953, 15767.35944877032, 15335.135737781113, 15727.636198068207, 15432.76204258679, 15292.755080255869, 14895.015905558821, 15592.028886244787, 15673.810600532033, 15628.144514055504, 15647.862425334204, 15520.014254193815, 16056.526216234135, 15754.20402698552, 15079.94950152756, 15214.253213886597, 15601.459041460355, 15641.980509614572, 15899.999672202533, 15573.299074174796, 16011.01616626536, 15676.662668960624, 15289.76843642435, 15846.092750486476, 15609.669849398435, 15725.177546339928, 15819.776464854152, 15399.147548959232, 16058.252660030092, 15187.008507697325, 15800.150455033607, 15283.421112383421, 15066.569941567519, 16160.265184472868, 15636.688455265448, 15446.018060020093, 15636.299228370128]
[15292.050655795067, 15803.025388312468, 15662.44587058653, 15300.989981727926, 15100.179365900662, 15345.68112749458, 14853.336963015749, 15708.894304481448, 15854.816191047183, 14845.126229434778, 16028.144808953788, 15342.785958681236, 15232.78163968863, 15529.79892445527, 15678.468175620268, 15193.468653346363, 15604.858019654852, 15354.73895785776, 15249.128799331389, 14694.50770299987, 15297.776006055323, 15572.107108025588, 15477.753126141954, 15493.726027919416, 15476.020967599052, 16001.564925948242, 15663.893696674146, 14919.07632572384, 15112.934026698344, 15480.702235721892, 15530.294988898968, 15787.641586097263, 15474.511015906755, 15909.450068618296, 15540.62755592255, 15170.770445263159, 15656.179991788385, 15508.949762007489, 15666.473081134003, 15628.046527164508, 15278.587357776943, 16014.09148035165, 15062.535480403109, 15676.234922690672, 15225.39870333056, 14889.774125276806, 16086.507214739442, 15546.22118543665, 15428.36025579024, 15554.68271501119]
[15214.662987215823, 15686.515074130666, 15529.937634777607, 15186.072250367626, 15038.655410886047, 15284.939895815007, 14695.928989472883, 15682.494806253391, 15751.522987518349, 14659.854674348, 15905.64002872675, 15239.516124717984, 15165.413685951353, 15430.124363454219, 15569.685968851943, 15063.559832436029, 15497.471634463454, 15290.072432491517, 15238.594991212976, 14386.347145016087, 15188.493924563785, 15458.908793943838, 15452.207490492063, 15291.843262792076, 15364.680361977056, 15886.098206508008, 15622.464116252693, 14840.792304492203, 15035.171878354417, 15324.37677720011, 15195.656516633451, 15658.271889307958, 15272.92125269266, 15873.183735649553, 15409.477110267693, 14994.716144810043, 15567.693853488328, 15435.147838442874, 15544.336231133135, 15487.087728199069, 15059.142638346777, 15942.277330380559, 15017.151705809709, 15534.803533893442, 15100.116807098899, 14752.773757605712, 16025.627035189871, 15421.066456225166, 15214.111342357548, 15485.268139465228]
[15168.326050188163, 15561.316510763989, 15312.824615370471, 15061.99178922235, 14960.119094584526, 15193.885127964826, 14659.988467108578, 15579.551717482245, 15700.15682972578, 14482.697757208129, 15811.790943166872, 15128.577546044598, 15129.885413849115, 15299.97510230765, 15447.259759103768, 15030.693227898053, 15310.212134679163, 15206.673549184023, 15029.450442844009, 14294.352545949505, 15066.598986894507, 15360.969851212449, 15307.015193326375, 15200.185717533144, 15306.66226836441, 15765.003029714693, 15471.313427410238, 14630.934831360113, 14937.736146334817, 15192.970357832706, 15116.060346265784, 15595.038076667051, 15198.783296214708, 15839.207841836722, 15337.395309257623, 14870.771131132173, 15456.445785981346, 15374.708339503564, 15498.787838760221, 15422.389735373505, 14738.98726949139, 15792.632584694633, 14837.619377825535, 15382.134372874518, 14941.019512575798, 14591.093814752123, 15939.328055594533, 15199.127161634495, 15094.804446817241, 15240.678656082677]
[15022.523173189227, 15448.349276035402, 15065.473700613511, 15004.051504897903, 14821.045294865286, 15027.943991821474, 14549.212877013648, 15480.887282533327, 15573.083306734883, 14288.72261464519, 15793.435016326108, 14958.207754391764, 15063.511292878591, 15173.575519368707, 15400.477841804552, 14871.438551337651, 15113.231124130103, 14977.81955086641, 15008.217377146964, 14143.486604519247, 15052.638390049047, 15129.347765296063, 15213.14502953673, 15148.67348759504, 15162.53887404218, 15689.507498193652, 15336.503230394472, 14265.863659171042, 14816.005747187713, 15100.596508441751, 15068.451858411732, 15484.31032554, 15169.137055036215, 15696.220386507423, 15308.888917811462, 14727.634686345065, 15448.658115882989, 15277.845668278276, 15373.734977715667, 15244.713815185964, 14674.687513104931, 15666.447274243194, 14757.280896554226, 15286.52910277523, 14831.413013803287, 14460.808268370678, 15793.277274278957, 15061.485628134684, 14949.449889947395, 15082.790627299726]
[14966.17372511578, 15318.844720510719, 14937.31925561329, 14865.19429156835, 14599.848111969239, 14964.845579408215, 14423.122608886679, 15393.335712128435, 15431.619825876289, 14263.141609647242, 15686.962867135695, 14760.443843674555, 14999.156655469555, 15129.326244120675, 15268.740077103148, 14748.690861304043, 15071.603962866599, 14849.376192204692, 14913.231861531376, 14050.106670256466, 14946.951554740275, 15052.24149096015, 15080.450051486396, 15025.4009732565, 15076.951173817803, 15654.454799359553, 15301.831184684688, 14244.321924194013, 14677.368687498849, 15052.9480987526, 14908.345702262906, 15407.231270774713, 15117.166693489413, 15634.259330928067, 15275.496946045514, 14667.249042640997, 15148.888341671904, 15151.958738567662, 15224.459031717759, 15161.135507431332, 14660.700555645153, 15551.071025824287, 14754.577964247574, 15252.408286648139, 14681.17495429657, 14453.376414038303, 15688.74150974352, 14942.166141389005, 14912.881851392716, 14988.139772286533]
[14870.155261984892, 15286.170678605145, 14888.028202293572, 14777.181641723742, 14505.27297549592, 14945.009680401121, 14378.709187796558, 15247.952238885195, 15342.512227842657, 14092.586862857937, 15641.101749067437, 14678.325684706735, 14834.871655976662, 15062.58073358503, 15116.997607661591, 14565.702469919886, 14936.094745366889, 14743.168600556945, 14837.348765315493, 13803.375356839493, 14823.865598892244, 15033.977396590388, 14992.692983116829, 14903.353274171324, 15004.909000046431, 15567.379947924419, 15095.154311949522, 14178.601747066732, 14563.999261709221, 14868.034838600954, 14817.553511642143, 15358.683453993624, 15066.994014944317, 15558.13870988275, 15183.65273183143, 14465.592297966976, 15049.498499117952, 15064.18564817579, 15055.938204677916, 15122.415319001793, 14578.086159898865, 15481.364981242907, 14754.577964247574, 15134.644174098514, 14497.873660126812, 14384.580426639997, 15525.081467629698, 14849.209878894782, 14789.676278552692, 14916.934506204288]
[14795.615766508101, 15233.41847774723, 14773.303449198705, 14668.648676880146, 14486.463048339396, 14850.018889952578, 14319.716585064478, 15218.077605166103, 15283.381786677815, 13939.264420182197, 15564.977325411406, 14557.653293510495, 14720.512169624624, 15002.843481000158, 15046.331215318478, 14475.658701373444, 14782.431854666207, 14719.640356346554, 14837.348765315493, 13741.686443809202, 14761.935964554481, 14960.170841523443, 14890.253019711268, 14722.925071788413, 14923.916252460234, 15561.534583844299, 15019.344153453876, 14145.612193336774, 14498.331693601078, 14747.365102869715, 14711.788120486613, 15272.3173848362, 14961.204673068496, 15464.123574780499, 15068.75264740008, 14387.730534830887, 14889.49704197072, 15017.155912113696, 14973.21044865239, 15031.82411370603, 14555.573913362465, 15354.578952247572, 14605.182614820995, 15051.287333554646, 14429.587041532786, 14341.775228737164, 15428.167222931463, 14727.271740165806, 14671.719061564369, 14842.601255396487]
[14649.470481141872, 15110.222854730437, 14706.662364011418, 14644.972302458355, 14398.407347045828, 14685.93052830195, 14243.851030713351, 15147.552805266434, 15230.720352680408, 13934.699087796005, 15497.880888033624, 14556.55201321038, 14708.170534985922, 14940.662785631339, 15028.877024708036, 14338.922963466694, 14729.114006440484, 14586.35280759226, 14721.02282420017, 13688.746779426481, 14649.74822048542, 14812.796648312253, 14624.445014952997, 14618.622377758522, 14852.011851623462, 15356.325331825201, 14837.843428242815, 14067.059324778102, 14398.615669116296, 14519.171375477872, 14666.464579815909, 15237.788729932256, 14948.027664279949, 15460.96878010168, 14953.615978751006, 14286.509403078293, 14720.260042335, 14894.381831152616, 14859.108440798454, 15002.039902335673, 14497.520252833474, 15301.08502766171, 14526.138474137479, 14884.164633366623, 14285.683533413245, 14306.751571740742, 15348.974532647666, 14597.26623077821, 14427.674999216595, 14775.409169961076]
[14572.596631110151, 15048.526532399366, 14666.993286284769, 14586.75693278166, 14262.429645513988, 14591.58271993784, 14126.982409043698, 15000.131125977996, 15230.720352680408, 13870.98420960885, 15381.400781137801, 14505.301944043667, 14619.229367944825, 14929.848653255725, 14923.640841081744, 14305.884340531478, 14666.86322769072, 14414.916813615, 14648.933671833433, 13607.880942134556, 14492.659495316586, 14804.131474772224, 14577.025541931784, 14586.269483553033, 14776.242842851227, 15319.84154235815, 14776.617110068368, 13990.899900155844, 14346.92734211984, 14443.934536991, 14645.957279052998, 15151.293470056, 14892.94910652478, 15363.384293826462, 14825.946454238947, 14259.620303238222, 14683.899054125572, 14830.91702971657, 14832.935255397771, 14898.23272447559, 14424.19791639801, 15278.235080632952, 14423.118225534869, 14721.000826904725, 14078.36279017961, 14087.391299730662, 15330.475193070539, 14564.343464465972, 14304.510143501437, 14668.532654912658]
[14433.725272915817, 15006.836373411521, 14618.345268747062, 14441.065853058442, 14227.560339101288, 14535.319612013944, 14090.91484185603, 14954.080887048802, 15056.097523493805, 13798.819230605939, 15318.685214369272, 14470.771068962125, 14472.443914685418, 14816.123833292968, 14866.291414496216, 14236.811964556575, 14400.487305910336, 14401.221535377004, 14578.953183501479, 13478.932397976925, 14457.700594952976, 14711.090742154653, 14522.175135736097, 14471.729312075142, 14711.347922518446, 15204.186615272984, 14698.76982174411, 13872.17498606742, 14271.83117345367, 14419.984202473928, 14629.842865726318, 15006.794138144407, 14801.488425267578, 15257.018341112667, 14579.80727769512, 14102.470691679217, 14635.948196256024, 14671.006438056147, 14814.092312887118, 14823.589540677256, 14396.440489182894, 15166.264321414352, 14242.720783559824, 14667.906107936307, 13984.022949698217, 14034.649722291515, 15256.255756733095, 14563.656375585288, 14196.648748807715, 14447.397624473011]
[14366.424942571402, 14947.35042094875, 14618.345268747062, 14415.315946428007, 14149.067347635379, 14442.503547302686, 13957.731163374974, 14884.418498071478, 15030.417496951606, 13752.361646068579, 15313.9329989395, 14280.375850936707, 14369.413671212218, 14783.403621478667, 14794.10596790769, 14031.69953865608, 14398.811571604974, 14354.21711654893, 14472.33399679729, 13413.350066517192, 14355.799738102176, 14637.057304307722, 14447.175910685331, 14436.409595369541, 14513.940871001842, 15181.906220840092, 14571.188089837015, 13775.283253508616, 14220.324496702035, 14406.583034031699, 14461.663879910126, 14947.287424029395, 14581.819188807825, 15215.628021031682, 14544.016556504494, 13981.751575484075, 14558.235322882649, 14560.931454665933, 14766.429837499289, 14794.72234775466, 14339.613462222042, 15095.005843259589, 14182.999301689462, 14563.60402941583, 13921.497765856504, 13927.778434146176, 15174.252661637986, 14547.014189389549, 14131.390415847423, 14376.822938364601]
[14292.480814463099, 14933.576796586476, 14570.10139690134, 14369.551168294513, 14128.72181883191, 14394.788779723622, 13869.422985945354, 14813.781001950745, 14974.604703906967, 13623.420575602275, 15306.329570763319, 14255.67604896613, 14342.200416235788, 14732.412074655545, 14723.459925037823, 13985.314464888204, 14348.133002746788, 14323.46511594165, 14340.776678148977, 13373.877744306825, 14222.046824268782, 14550.80214146173, 14411.577118905616, 14361.62052549142, 14363.050913500521, 15123.83511602721, 14433.485205751806, 13734.52161135673, 14174.576608108875, 14361.757112069641, 14365.196406018946, 14896.201023412845, 14484.730780867403, 15029.020187233637, 14420.578729884563, 13903.93836045334, 14527.42961158964, 14461.569704496109, 14744.169104289922, 14751.993206194102, 14251.68515774087, 14983.608332358515, 14116.217095231745, 14545.361290340044, 13885.993614018469, 13927.778434146176, 15120.514929934183, 14450.194937253094, 14121.362361068623, 14221.130901264682]
[14247.28617569352, 14904.368646313495, 14521.710387603904, 14334.624294490186, 14095.45250520996, 14309.664555969997, 13762.551290980406, 14724.283524755763, 14929.524284661198, 13565.398459966333, 15265.376847177633, 14255.67604896613, 14254.25476544022, 14588.43546610637, 14623.482960185434, 13969.37652271385, 14306.691769775154, 14256.964953407907, 14320.419171486332, 13299.483028217743, 14135.084285620027, 14510.994565141755, 14310.11955425383, 14247.281214996823, 14304.36614542597, 14998.38470705564, 14328.660617790243, 13575.552483123896, 14103.40908656558, 14243.658778733196, 14137.338898715276, 14761.35602186403, 14419.96642359998, 15028.530564222117, 14411.727849338282, 13842.755388644518, 14494.607302806195, 14423.410266618293, 14736.434767178896, 14665.504702960767, 14156.829333750875, 14860.732053516218, 14093.596817203064, 14449.650909043883, 13857.484247596327, 13836.766377696933, 15012.782843821715, 14372.490404351338, 14046.910809890429, 14180.08925841822]
[14127.876310770356, 14894.066117579772, 14478.113871948508, 14212.900671938813, 14068.67660938049, 14271.737617021241, 13694.39004999454, 14592.09894216159, 14920.383606430962, 13508.44939178813, 15187.183531676195, 14214.626513394382, 14234.716226410406, 14514.360574169055, 14547.394147586709, 13939.823968663419, 14238.85214775367, 14028.422358491163, 14260.361366702567, 13161.7475834952, 14123.760510793185, 14411.551104066224, 14260.543075244123, 14151.80902817244, 14224.075087867453, 14957.528587786752, 14219.505168908387, 13504.417129553796, 14049.153857146885, 14186.83734454853, 14078.49401212224, 14661.913575676648, 14334.386746724174, 14996.809667738013, 14371.623644822475, 13744.671092777982, 14472.64562672815, 14361.709112592696, 14688.679626846118, 14655.687938958847, 14125.56935804722, 14699.242368434043, 14010.843312730847, 14438.394350601215, 13781.80607964841, 13796.318119491742, 14924.080587057837, 14282.692832064587, 14043.638590547194, 14149.798071675494]
[14118.693696300048, 14774.334211360305, 14399.373554078678, 14182.176214529924, 14043.111915989506, 14212.812099911524, 13583.86140981616, 14587.073220501363, 14904.028025236705, 13378.560787882583, 15176.243843475011, 14136.417774407979, 14104.537649517553, 14476.778149590504, 14510.58420321727, 13845.843704396166, 14057.036329683508, 13902.958236290186, 14092.776050419145, 13107.757001270667, 14082.20167083164, 14385.191764855228, 14186.839773956632, 14124.673082284362, 14021.399617579937, 14884.496843488183, 14159.036921119332, 13457.642733824829, 13921.70649539087, 14106.009732076069, 14036.648546724264, 14650.88919139605, 14242.730604559274, 14890.691638068416, 14334.462821076202, 13588.552958912605, 14356.473931552027, 14339.075347136963, 14629.45167439332, 14649.716709454384, 14078.72262942947, 14689.606291242997, 13986.225174534988, 14238.38152984592, 13752.354352860373, 13676.026658893248, 14882.810115245422, 14117.451271402091, 13891.083961977074, 14066.88040002288]
[14095.32901767508, 14624.103132308763, 14312.813969948034, 14046.093570690957, 13872.44400105766, 14124.411183435144, 13512.401748164024, 14587.073220501363, 14774.223680686677, 13339.137711878173, 15135.550082586647, 14032.84629853239, 13975.21743456393, 14379.12799402422, 14450.268572992343, 13802.177372078373, 14005.13367611324, 13779.990138722822, 13990.58079596557, 13033.355751360174, 14036.371030037506, 14353.742820607567, 14146.110795024884, 14085.583270351233, 14021.399617579937, 14805.575718032856, 14140.978876055417, 13388.520371665018, 13909.076108894402, 14086.95492738628, 14006.746457068235, 14599.57528641172, 14224.55457164681, 14890.691638068416, 14304.79792236973, 13549.205971080422, 14235.267867391827, 14312.704374454324, 14555.84025129236, 14508.598084012085, 14018.037018207615, 14642.902459823137, 13935.14851706594, 14206.138306709103, 13626.740732127311, 13631.38419089198, 14882.810115245422, 14071.95906711714, 13771.039251806458, 14009.689743119068]
[14052.325635731675, 14584.66555526431, 14270.905315070395, 13956.219919486679, 13722.924339099583, 14117.393007549781, 13429.652595796371, 14578.210983625206, 14746.540671993163, 13211.592761130983, 15098.535680293793, 13953.638978478131, 13925.218090934091, 14354.03754125048, 14433.318214076924, 13748.297731136205, 13987.952269600613, 13751.713678828495, 13897.007381007574, 12951.857336883932, 13972.999513237699, 14301.31407578162, 14134.504555700154, 13940.233140992088, 13957.549774081854, 14707.75325188232, 14075.959454188196, 13332.28979933291, 13869.583673634053, 13933.013318655187, 13916.300439243449, 14468.516149464913, 14199.231055643733, 14792.399832671794, 14270.201750596596, 13547.174501752848, 14180.326210032716, 14206.256530847537, 14512.588430850878, 14495.643697859792, 13955.475033386863, 14618.99934964304, 13922.275767614552, 14112.675965140714, 13613.769130035676, 13620.174464685337, 14850.79439720056, 14014.042580070094, 13692.189076848914, 13997.083743688509]
[13995.548853111803, 14468.271496202311, 14174.204217936975, 13954.039916904605, 13671.410579087848, 14091.738175314522, 13392.99014583264, 14484.8181267867, 14674.435835452585, 13154.709592901516, 15072.171141392013, 13907.348574289532, 13919.363866255444, 14354.03754125048, 14386.601538557908, 13676.962425018162, 13943.241439049783, 13725.845144886229, 13860.073274002276, 12908.444692579322, 13929.206356968842, 14192.298483489616, 14096.456043461829, 13832.913899113348, 13875.327078067194, 14635.133164739633, 14021.70815446039, 13262.569166500156, 13774.689926743007, 13857.662314708166, 13897.289004896738, 14438.774291007789, 14184.09167730441, 14745.317590140077, 14254.108476620026, 13374.355622381616, 14069.19729427041, 14151.584905621057, 14437.758015950452, 14442.747741754985, 13886.614496339258, 14604.251910147006, 13862.11261042392, 13892.980935735231, 13576.257752147756, 13559.237694322252, 14718.684238825681, 13940.25516652309, 13662.382011478312, 13958.131454827924]
[13909.03128074147, 14412.036459018327, 14122.880111594117, 13913.6310848619, 13612.305254962592, 14087.413599586609, 13352.867051011368, 14471.47643788545, 14644.415659679094, 13062.767520194368, 14958.70409110795, 13771.403319955725, 13833.401912429026, 14298.930175207299, 14246.297744274203, 13676.962425018162, 13943.241439049783, 13705.431712712747, 13837.479506240828, 12871.177908790834, 13873.600561734627, 14111.653743038469, 14053.06551866857, 13788.44004486538, 13845.22868904123, 14634.829158305965, 14021.70815446039, 13120.539868758899, 13679.508803938274, 13830.288119272425, 13892.110839776728, 14418.199972675246, 14163.71931132033, 14727.745151728912, 14185.676360446538, 13325.829158455608, 14061.013233921916, 14151.584905621057, 14399.132633955252, 14361.80048747738, 13852.287381255674, 14515.378356877929, 13843.296571891091, 13892.093309785738, 13521.492123670498, 13521.065688407802, 14654.30761736596, 13842.364713795494, 13652.504245280224, 13854.412373059113]
[13894.149273036965, 14350.02273797971, 14122.34134923983, 13863.360681304423, 13489.564461090893, 14017.7979354587, 13310.880675977645, 14442.936495577474, 14570.475759611552, 12893.30187524142, 14885.303498470192, 13771.403319955725, 13763.487586906576, 14215.213220887885, 14231.864251690084, 13592.635781721465, 13790.049010205414, 13632.401909141257, 13774.031134104755, 12802.269938189098, 13855.484975852301, 14098.826568396482, 13999.090823666973, 13758.958897956332, 13834.992921303035, 14625.718043433753, 13930.918952462405, 13095.899147275099, 13635.003404332587, 13817.968953010428, 13855.399367767557, 14374.856369277355, 14160.896522791849, 14626.695474688517, 14125.05118728517, 13247.126319835665, 13979.580213891026, 14088.61447995805, 14349.183471127955, 14339.577322442774, 13852.287381255674, 14491.244080139364, 13774.336468012145, 13762.360558986238, 13453.075667765885, 13468.793926297381, 14617.984011915349, 13830.707297606563, 13611.51642788891, 13849.903396323658]
[13829.863685367363, 14335.472614054594, 14064.772705885984, 13763.44441537165, 13475.737769711064, 13999.03683273411, 13238.578280315875, 14355.806927491236, 14495.189702126348, 12764.094144377934, 14797.689866109296, 13683.481449868505, 13715.919596211268, 14186.271847646716, 14195.354624350457, 13504.139199148103, 13790.049010205414, 13621.19025075747, 13714.426306016972, 12763.629316008692, 13818.894492053727, 14012.168866984333, 13917.677044242688, 13709.347284995205, 13759.939291982231, 14598.929370834518, 13919.204823704797, 13017.351993736953, 13582.31193045277, 13810.385696367559, 13841.94887885279, 14338.066909870206, 14064.76022374364, 14626.695474688517, 14066.760388324858, 13176.34056715316, 13907.209724264801, 14058.30576443075, 14257.951051214059, 14248.077623958123, 13793.31594052738, 14491.244080139364, 13653.764220304967, 13694.120530993498, 13453.075667765885, 13437.581867295816, 14617.984011915349, 13759.61107599973, 13598.161295717107, 13842.174779444093]
[13686.686605215476, 14305.219935071316, 14005.59406008542, 13699.732028921955, 13439.95224354599, 13840.066496204468, 13141.9445099565, 14275.970583178696, 14481.683676860528, 12695.250957748836, 14734.615302636881, 13656.24758908524, 13626.110916073729, 14049.34502500931, 14096.942193495133, 13465.49271265899, 13707.158051025952, 13489.068333964538, 13601.640669116425, 12641.56348318507, 13714.667548955698, 13996.040398189847, 13885.33157922393, 13636.152374509324, 13710.992095204152, 14539.939962934452, 13919.204823704797, 12956.617555175842, 13561.230499177254, 13746.698993798485, 13776.15333489379, 14311.266645635313, 14034.161009622345, 14617.772691027272, 14053.179282353207, 13079.763345773386, 13890.109463969467, 14052.13350427144, 14201.142408723526, 14231.133297740449, 13756.032537719253, 14443.698581402481, 13608.15702406708, 13642.955296732052, 13367.040002362555, 13397.745978150662, 14572.205649832631, 13759.29601039589, 13511.359144328544, 13763.543373692597]
[13678.806519832931, 14234.625078655965, 13879.606446359316, 13645.364871115813, 13402.364928311645, 13818.098100794032, 13092.848518460702, 14200.747831346398, 14420.627052550335, 12628.804391021931, 14690.963017591832, 13533.204113631573, 13618.910534613071, 14032.463368307766, 13953.679014663343, 13408.793618373329, 13641.236719928438, 13479.634019952238, 13529.687667115437, 12567.11125223726, 13714.667548955698, 13916.933161020923, 13830.012182489145, 13617.667805729021, 13670.200686133388, 14514.726891190378, 13823.408686682355, 12948.090337290705, 13522.061235230309, 13728.739575067611, 13761.191461342727, 14252.368984688179, 13987.469520448645, 14588.142276257879, 14041.895007593112, 13079.763345773386, 13791.484618850687, 14016.521464251771, 14114.660021264513, 14171.327584350283, 13639.749006923648, 14410.660424824897, 13529.422497619156, 13636.284710994918, 13318.851451420021, 13334.76934184707, 14515.030846827427, 13729.820520016734, 13508.427944139048, 13700.940076767312]
[13640.147159133794, 14209.115882749873, 13714.383793269508, 13593.751651724247, 13233.142966590356, 13786.290830839638, 12919.225021279952, 14199.662240802116, 14411.055564300292, 12615.874835966317, 14670.75800869418, 13506.961176231684, 13561.840009752608, 13979.88316446468, 13953.679014663343, 13371.349719125297, 13635.54207447487, 13465.562600016545, 13497.658761587732, 12555.741920895005, 13682.772089868979, 13865.49616265227, 13748.1961087948, 13589.85533494264, 13626.42472634828, 14456.339104576997, 13758.711789832887, 12942.683179848083, 13459.81968911675, 13620.951640448582, 13748.160096041136, 14141.558031741894, 13967.121547997565, 14471.777236960412, 13989.180544417793, 13009.326741928788, 13751.643360693119, 14005.975599440164, 13990.546147093399, 14153.980234467963, 13502.18982508309, 14410.660424824897, 13520.668635331709, 13600.541274299138, 13230.45708438211, 13123.902687991882, 14484.28506232349, 13681.584304811779, 13491.602001873049, 13638.632249801763]
[13631.092431500609, 14160.148659635164, 13696.703273850228, 13549.97783847211, 13233.047458562174, 13742.925169112135, 12849.620988563696, 14174.611549722249, 14382.944460210772, 12599.458262114733, 14636.734271629339, 13448.505830150772, 13519.709629396824, 13929.025266571738, 13905.130158847449, 13327.938681790672, 13548.231060098453, 13407.2760296366, 13496.021778246484, 12431.464746322885, 13628.956909399218, 13851.116152630042, 13720.34658662971, 13528.506551257087, 13585.07032972419, 14419.108114771636, 13720.981700205526, 12911.778315914067, 13426.62793613449, 13611.277524235242, 13602.493313697443, 14090.456363121335, 13780.82791208843, 14439.902638374933, 13821.396493611343, 12954.940162461678, 13725.894793259155, 13979.747418233721, 13912.210402665074, 14119.255411320333, 13320.790505913508, 14410.660424824897, 13395.122878529728, 13567.117383939933, 13174.396320169462, 13046.22258014416, 14451.315249685198, 13628.55085786332, 13483.86702964482, 13609.403362364386]
[13625.052223734645, 14121.937067013834, 13657.124306390484, 13532.735548981163, 13216.917118395886, 13730.406966518503, 12809.81382126385, 14157.094125321059, 14378.52928484871, 12575.712784608017, 14632.5070422802, 13367.912633047681, 13446.285439464516, 13923.503467660903, 13872.29870161376, 13324.845787999186, 13456.89314781925, 13368.346490148417, 13419.131283397373, 12326.60250078568, 13626.441371750592, 13844.43464011241, 13712.651476567324, 13466.868272692276, 13564.11437905559, 14391.667991936352, 13720.981700205526, 12867.68443549738, 13362.8511881052, 13530.645792460797, 13540.196867956818, 14054.161095112719, 13690.922644077367, 14415.21939845521, 13757.087998226809, 12822.550154253859, 13650.8178646298, 13956.737497240345, 13857.594411350303, 13956.607625336526, 13313.987889251526, 14402.709995969712, 13369.905210917164, 13527.607427333729, 13120.426947011281, 13023.697404153168, 14451.315249685198, 13595.065900267882, 13451.378350768611, 13593.714938573545]
[13612.145556461244, 14046.576011948458, 13654.916256743163, 13512.16295005463, 13207.950458771902, 13607.012652125972, 12799.90240299333, 14157.094125321059, 14358.30403463243, 12531.110346410285, 14632.5070422802, 13359.230636827633, 13444.010301665161, 13923.503467660903, 13849.884234732846, 13319.958614834852, 13452.198257716873, 13337.355755052811, 13400.57572556745, 12264.216497933352, 13501.651049694663, 13807.716398060646, 13712.651476567324, 13452.82330776424, 13506.769591950859, 14391.667991936352, 13633.21330507439, 12754.965244881354, 13325.474307826482, 13519.568892773765, 13469.952230903824, 14043.603636056567, 13598.669471533847, 14389.697970801499, 13753.85541931763, 12776.52645703284, 13617.683773273518, 13896.65139949593, 13782.745547915498, 13920.087853848003, 13270.026004554476, 14401.914633838116, 13352.700072537817, 13486.747214547606, 13098.778006622793, 12970.07239032757, 14381.868274764227, 13588.107630184366, 13376.224000311555, 13342.417683188232]
[13612.145556461244, 14010.738736523557, 13612.941119386707, 13501.305109650973, 13207.950458771902, 13572.237108651892, 12753.75358787554, 14134.4683126145, 14302.599423564901, 12499.365911876368, 14615.079712327195, 13353.024606823537, 13347.511790469714, 13877.354782489108, 13833.700284423223, 13204.592276395639, 13411.4207490017, 13209.11876187996, 13396.443933320716, 12205.013113609608, 13395.039895488158, 13684.859622115651, 13599.726722931231, 13381.337774389405, 13466.914439216212, 14390.886257800721, 13616.544451549129, 12748.946564085516, 13251.198944589889, 13480.590961965636, 13406.035184429431, 14002.482525284233, 13478.311787441693, 14372.914711287836, 13753.85541931763, 12749.763730010935, 13572.205228224255, 13867.78230400696, 13768.759733004928, 13896.441689707568, 13239.00947545945, 14327.27013868729, 13255.148744899157, 13458.642191554649, 13051.64304111936, 12911.141903282103, 14325.442920514663, 13574.765359810608, 13363.843531961678, 13259.966973988732]
[13612.145556461244, 13999.144889748404, 13580.681911595628, 13401.40880038763, 13074.055981679523, 13559.791472848976, 12708.011345831303, 14094.992348395506, 14302.599423564901, 12364.896804650014, 14592.708677795288, 13287.470461390176, 13258.413151512863, 13831.468230206261, 13799.263176749528, 13159.099166055656, 13379.085548676401, 13171.498705692773, 13338.493906044252, 12160.921817221004, 13296.011826744623, 13663.33400786084, 13530.31417799323, 13345.888111207032, 13415.086126448272, 14364.344662953139, 13576.238622817997, 12731.49354466838, 13191.946664136773, 13397.785726741738, 13359.29576269106, 13967.602955139719, 13381.239298533717, 14349.550644187513, 13723.464645070639, 12685.257055334043, 13566.371856051817, 13807.718164464666, 13736.282137749786, 13853.806932340172, 13212.83718697719, 14268.656345959107, 13222.455897499947, 13433.106574152207, 13032.397179217385, 12841.40614910352, 14278.640611723644, 13506.445088063978, 13325.812357835046, 13256.404756903814]
[13485.006425808102, 13999.144889748404, 13492.595378845097, 13361.324659192895, 13028.058086953013, 13470.72390091315, 12662.77319471544, 14059.284126007431, 14290.623941374379, 12350.923903048213, 14577.621068680624, 13287.470461390176, 13243.52200833728, 13768.012982388123, 13742.301391199686, 13130.752126235137, 13367.815725868131, 13171.498705692773, 13326.456712559093, 12159.853172886418, 13259.591405607509, 13624.58046992977, 13481.634205158241, 13339.782286208403, 13399.253525883494, 14330.814206654055, 13570.849461169253, 12718.204492158375, 13152.936052399047, 13358.358078152309, 13294.716709672395, 13967.602955139719, 13318.002964096086, 14294.11396509656, 13683.962678350397, 12673.807666298811, 13502.707095921325, 13740.822382344782, 13724.066970851974, 13835.727113337902, 13205.664150644912, 14260.539442821906, 13146.51495839375, 13419.573211522216, 13032.397179217385, 12841.40614910352, 14264.313495109503, 13506.445088063978, 13289.107952654342, 13193.711878757578]
[13451.935796372334, 13970.311632413126, 13430.036478230333, 13350.124512266058, 13026.198733057803, 13444.694268415664, 12662.77319471544, 13992.368298260397, 14265.651982289943, 12319.91046361011, 14487.209451750421, 13249.986787277909, 13243.52200833728, 13735.777153299316, 13730.07362792149, 13076.018064355343, 13282.855983084064, 13114.818958805223, 13250.478016458346, 12020.063724054213, 13259.591405607509, 13611.833007306946, 13472.752509742922, 13339.338065598107, 13399.253525883494, 14330.814206654055, 13525.123890584937, 12538.751413910182, 13025.185500017371, 13291.747593981965, 13271.41440312874, 13956.050871446732, 13316.165802363368, 14240.619378242478, 13652.518104002462, 12599.2128536258, 13417.450743067875, 13658.33020830774, 13650.706592889468, 13780.800156152993, 13187.042123655416, 14146.152440445172, 13031.968037783789, 13363.70916991825, 13032.397179217385, 12764.370136657355, 14264.313495109503, 13465.78916320201, 13226.701456782423, 13117.719800588831]
[13416.731849445228, 13965.138499411894, 13328.871664936794, 13350.124512266058, 12949.089634654021, 13288.440340110272, 12583.610110571462, 13914.68709642312, 14214.137535415222, 12275.881047243669, 14424.856034762672, 13140.58895340056, 13214.935176486028, 13718.332868722142, 13695.96534702046, 13017.994972615012, 13223.976986288424, 13073.710206213063, 13145.013094211152, 11920.45698898823, 13145.665417519494, 13587.901298828738, 13426.202123980966, 13317.550442016367, 13331.531101447807, 14295.454377146749, 13403.545580298767, 12461.957791023427, 13004.359761281805, 13280.536148210387, 13271.362030569002, 13904.700258139641, 13287.167567661934, 14240.619378242478, 13587.786530159909, 12579.658835642555, 13417.450743067875, 13658.33020830774, 13581.10048306912, 13711.659942928625, 13187.042123655416, 14059.914500332565, 12959.52517365936, 13357.94865389596, 12895.677234419614, 12750.81870725675, 14238.009468188018, 13428.319314823519, 13176.704926383614, 13117.719800588831]
[13416.731849445228, 13913.2037569218, 13321.71139223389, 13249.44580979132, 12837.202753413225, 13212.224567997688, 12401.277606672094, 13914.68709642312, 14111.015672142315, 12167.973630382408, 14424.856034762672, 13128.179592198241, 13180.936555802959, 13718.332868722142, 13597.73991056813, 12908.71545539676, 13206.248602458543, 13033.116667119297, 13077.446673889417, 11873.562674624693, 13110.423225459503, 13487.847769174725, 13421.43589345054, 13242.15002916721, 13323.513316141256, 14234.50174649704, 13325.297097040422, 12424.807502550151, 12902.002528171464, 13271.955732847699, 13261.150431884962, 13843.316289425746, 13258.011633136985, 14237.573387910157, 13562.280271904248, 12529.574274126204, 13310.738697128507, 13542.155344371751, 13552.398204905297, 13711.659942928625, 13152.562810657468, 14031.808355069568, 12905.610109684823, 13357.94865389596, 12854.553350824566, 12661.516654966817, 14233.796302962892, 13403.816974590887, 13124.285203056585, 13078.373480192657]
[13383.486770444459, 13908.230278359566, 13273.004277465394, 13249.44580979132, 12766.120845732672, 13179.966560211004, 12401.277606672094, 13900.158557445257, 14111.015672142315, 12167.973630382408, 14357.46761279073, 13086.603613032836, 13175.912814421437, 13718.332868722142, 13563.789399761838, 12866.115316011601, 13180.420869635902, 13012.8842759422, 13077.446673889417, 11824.40656116603, 13058.597408555734, 13368.969461560957, 13421.43589345054, 13152.871999535317, 13256.422072148425, 14222.881008302886, 13307.755439903398, 12385.77727051867, 12900.371436150659, 13215.955267254074, 13230.527111062134, 13843.316289425746, 13229.686982272531, 14206.369735559472, 13505.824963599482, 12506.798310578237, 13310.738697128507, 13517.8049582391, 13498.035158220377, 13711.659942928625, 13134.938558682019, 14008.675320900773, 12905.610109684823, 13305.8342790889, 12827.07394075462, 12611.33218745397, 14165.330432897646, 13376.086424352246, 13056.226229631819, 13078.373480192657]
[13278.354777676828, 13782.283570502006, 13252.512168013403, 13160.22074661892, 12723.189425360073, 13141.09055409169, 12386.212578013909, 13848.17896611129, 14028.386745869106, 12167.973630382408, 14315.739285506734, 12957.643382533664, 13135.614030638157, 13711.279406825055, 13541.285579886619, 12757.337261464341, 13112.6012033337, 12984.465727286268, 13045.006604461823, 11791.620128677958, 12907.01366957181, 13324.453485766473, 13390.191453306237, 13149.885312277062, 13241.7834167461, 14187.133064386688, 13276.848647641958, 12340.701471597891, 12868.258337566558, 13196.100683077262, 13204.679741524378, 13763.581192266018, 13217.734405338033, 14131.20900522722, 13465.215641384168, 12446.916764538697, 13310.738697128507, 13483.152625782895, 13435.302731442654, 13670.822189169907, 13134.938558682019, 13989.255436179516, 12833.771960736793, 13294.913625659514, 12749.555709433178, 12611.33218745397, 14165.330432897646, 13376.086424352246, 13041.261912009908, 13065.237258279929]
[13239.97578816475, 13749.916676581659, 13246.75488661124, 13103.023893313346, 12550.274204702326, 13141.09055409169, 12340.3346675643, 13824.155282914862, 13991.043822376363, 12125.457226710721, 14313.731866367507, 12930.550456094377, 13130.56134363345, 13674.209338994327, 13531.34253796071, 12689.883434699608, 13091.27781988173, 12958.80525195834, 13034.877853287011, 11773.111525369677, 12907.01366957181, 13214.522100101418, 13338.193550721428, 13149.885312277062, 13170.445590641719, 14144.41841922062, 13229.66315594801, 12328.489306143802, 12837.973698548762, 13191.602616650303, 13194.478794534847, 13699.465702162026, 13217.734405338033, 14127.801625934319, 13381.52930097187, 12407.726918009614, 13266.534702769344, 13441.612163805723, 13338.884168249302, 13648.997891012888, 13099.400910825058, 13940.529780837614, 12795.26268605177, 13283.247692387653, 12704.353786201893, 12602.184058204617, 14159.946310063198, 13284.640480094724, 13014.832879537458, 13065.237258279929]
[13218.344295922096, 13744.719381117113, 13195.814500400902, 13043.79245444382, 12550.274204702326, 13122.64387532508, 12287.38068534418, 13824.155282914862, 13945.827468421432, 12125.457226710721, 14291.819000068717, 12897.71830197553, 13050.868352198551, 13597.704389294973, 13531.34253796071, 12633.174158811335, 12977.976262025095, 12909.163803581581, 13034.877853287011, 11699.779118281936, 12902.578869371795, 13179.417110042477, 13328.778887006085, 13127.722540151095, 13170.445590641719, 14110.789967872439, 13213.85878584843, 12296.219466299934, 12810.095488809038, 13167.694528636643, 13193.74371618857, 13689.108579871967, 13177.139042603207, 14078.33274800409, 13368.491128877806, 12389.751084394235, 13224.330542071291, 13347.860681544582, 13298.773434844572, 13617.236955323151, 13044.990571310547, 13904.29182379162, 12753.421264358336, 13242.66006319726, 12699.590944619848, 12411.016917448394, 14148.256423012275, 13201.707233843446, 12994.847023287311, 13017.282136740534]
[13145.461867877259, 13714.20830806235, 13190.808317026254, 12933.999456898786, 12533.291610719776, 13075.395379834372, 12263.500275124541, 13824.155282914862, 13918.176189629414, 12102.762275945764, 14166.613076107742, 12892.591289688646, 12981.247581521977, 13511.156970734615, 13531.34253796071, 12611.470828731155, 12964.944999205025, 12837.038313988378, 13034.877853287011, 11699.779118281936, 12889.013036022094, 13148.640806905509, 13300.755302107136, 13067.790450262666, 13130.002628767845, 14065.657085462157, 13129.741574851903, 12220.390472183286, 12759.140662599893, 13026.476347690495, 13122.27713324667, 13669.41291998091, 13170.534474548966, 14018.986831072185, 13296.900735645846, 12329.212282038501, 13224.330542071291, 13347.860681544582, 13298.773434844572, 13606.834958509698, 13023.492249402108, 13887.963626875944, 12735.210090849601, 13231.327234655964, 12686.188268990069, 12366.116867544093, 14104.613450505549, 13151.638418137252, 12926.589394337348, 12947.916108104835]
[13041.639776931102, 13569.214702677727, 13166.332903967012, 12889.298169528334, 12528.296101786214, 12993.539107547844, 12229.799154700433, 13765.482710172635, 13911.165687172776, 12091.727383553687, 14166.613076107742, 12830.287232877894, 12898.326923005774, 13493.371382901616, 13511.231396773499, 12611.470828731155, 12955.417547278039, 12837.038313988378, 13012.564323974279, 11694.140616963245, 12857.31823607478, 13147.163511562288, 13158.571968570075, 13051.020187297961, 13113.232453257608, 14065.657085462157, 13117.301963558362, 12179.915610097665, 12759.140662599893, 13022.13876158216, 13106.025459233542, 13618.398093071073, 13126.036283257494, 14010.728485433176, 13223.49558889257, 12329.212282038501, 13224.330542071291, 13330.882516805392, 13208.201978766801, 13516.287646258037, 12968.844698983981, 13887.963626875944, 12710.480886389076, 13212.984145348551, 12675.493014946936, 12258.7887701096, 14070.98766729049, 13151.638418137252, 12926.589394337348, 12894.122098409973]
[13001.87033587919, 13506.831918188851, 13144.842959539892, 12852.686204464091, 12528.296101786214, 12955.317831933711, 12154.992378419012, 13765.482710172635, 13909.161293622281, 11987.1019369176, 14134.846886908645, 12802.73832213618, 12884.165832369883, 13391.887516767627, 13466.613509957688, 12600.447445855354, 12918.162559410903, 12837.038313988378, 12960.969852728673, 11684.91937736333, 12850.965165747764, 13146.449401580361, 13128.32495739969, 13011.129827285065, 13053.860039963754, 14062.416418768198, 13035.904985412551, 12095.642999727377, 12694.54337049647, 12987.934533660482, 13104.86702514685, 13570.900658243856, 13067.249409526517, 14010.728485433176, 13120.321592674736, 12289.085231451903, 13215.919157935938, 13330.882516805392, 13178.33922897727, 13456.688083773024, 12946.863623836323, 13864.598980692728, 12704.369038666615, 13156.537248211152, 12664.61787314953, 12235.971516800331, 14043.664848498553, 13110.82661513324, 12902.060516773021, 12875.964889187031]
[12915.019112442173, 13415.840172466918, 13105.552821100446, 12792.300767767123, 12501.694298318831, 12952.759431189861, 12154.811851733131, 13743.518772226027, 13874.055031544849, 11987.1019369176, 14098.63609993867, 12744.564102163375, 12840.79374802117, 13365.6829235821, 13466.613509957688, 12569.281186290089, 12853.85724932027, 12836.65727338224, 12930.69840912015, 11679.694631983806, 12836.173295040517, 13105.779387249768, 13008.906299555389, 12993.935022070627, 13040.94594911857, 14060.425771227237, 13009.030772986183, 12093.455586759017, 12658.3684962726, 12926.119852589463, 13054.345848577099, 13555.753575793258, 13067.249409526517, 14000.458910463383, 13119.476569452312, 12275.436091517815, 13135.278191917638, 13330.882516805392, 13159.620389352258, 13424.299865936662, 12943.685694822858, 13862.15029422639, 12688.54705444514, 13102.582573013697, 12571.838317668762, 12159.918862154294, 14021.431434015196, 13062.125758485296, 12884.386538809304, 12846.91602670162]
[12889.842991534957, 13403.045039943245, 13069.816975460692, 12730.006615121345, 12499.68394177766, 12820.765493199922, 12139.473050107466, 13723.04577204675, 13829.439911511745, 11970.585654188744, 14085.602583949425, 12733.437687343685, 12774.014692820607, 13365.6829235821, 13432.63507411662, 12539.1454073811, 12760.497389205117, 12751.680708070598, 12865.932468728535, 11642.746236757657, 12836.173295040517, 13105.779387249768, 12979.14580137288, 12921.555661681503, 13015.054131532768, 14053.749814708843, 12927.113401643302, 12086.27422899502, 12598.66595630039, 12878.012394008718, 13018.452530245562, 13480.986510929875, 13057.280637399432, 13976.97875427668, 13100.23636506592, 12260.027423975369, 13120.951742588868, 13293.210662154015, 13126.569667237403, 13399.100385467527, 12917.708559602079, 13772.93202131346, 12681.301894645789, 13077.368749224794, 12550.967851049818, 12132.686625352733, 13993.328260814664, 13026.43371727887, 12871.65908393691, 12797.367138701757]
[12856.119186869906, 13393.861193731655, 13064.899456255902, 12713.492917343323, 12497.810291834467, 12775.560860480871, 12106.348464908175, 13694.154967502549, 13787.876164027717, 11957.407033820082, 14085.602583949425, 12733.437687343685, 12712.397918852712, 13363.776031789821, 13426.846109423108, 12539.1454073811, 12736.619267068365, 12728.431696028369, 12865.932468728535, 11565.47055029933, 12800.21289546254, 13089.848170741721, 12959.038781757208, 12916.61685754436, 12993.089104932204, 14053.749814708843, 12911.133858916164, 12066.122014019717, 12568.407302300415, 12846.512614071502, 12993.001685866444, 13451.358592125933, 13048.194928270694, 13916.655957662926, 13063.227628826933, 12224.656923743698, 13120.951742588868, 13274.87179135118, 13096.791767027269, 13334.96209326109, 12852.324708505594, 13763.575382126437, 12634.834211064846, 13067.77884352472, 12517.035455669775, 12096.469252493207, 13857.821152793389, 12994.615184527924, 12830.319427500734, 12797.367138701757]
[12831.270778348762, 13393.861193731655, 12979.063706002033, 12695.802223462259, 12429.88842837215, 12724.718243418185, 12056.143691013891, 13663.785280751614, 13728.226506322704, 11907.8974398724, 14012.306782926951, 12723.608050516315, 12701.748637114213, 13308.354176423896, 13340.98252800039, 12423.06008648733, 12736.619267068365, 12668.517173056905, 12801.490710701139, 11472.97598345332, 12740.506168659205, 13077.873052915866, 12951.421230376038, 12850.087709443598, 12983.021967260867, 14039.414196754107, 12911.05597734925, 12054.967444947166, 12543.268155911659, 12802.416515261095, 12969.975495801853, 13388.721060979235, 13028.982720725871, 13904.78206082674, 13030.633237588456, 12179.10782437785, 13057.206260636105, 13254.727460195025, 13093.740263887024, 13334.96209326109, 12832.97044329949, 13727.076398658795, 12568.997056574164, 13061.426837347131, 12517.035455669775, 12071.255239987768, 13843.73720796192, 12980.133982732379, 12758.86426374781, 12785.84483035638]
[12720.84569174905, 13284.2379661307, 12907.383373827379, 12695.802223462259, 12429.88842837215, 12720.236002876702, 11966.62550461526, 13556.915894572003, 13725.743390619571, 11878.173057818223, 14001.504165916162, 12723.608050516315, 12614.281727977748, 13272.893722292278, 13297.89719497639, 12412.109300482341, 12694.117861773053, 12602.8663740723, 12758.56838544946, 11389.368831117921, 12605.241116306339, 13049.162132799802, 12938.857984158163, 12804.237188969859, 12983.021967260867, 14004.79325111058, 12896.522093929201, 12044.559018985925, 12539.802221748509, 12802.416515261095, 12909.78615012873, 13357.872890690633, 13028.982720725871, 13851.27747953945, 12975.497562296609, 12109.93650384617, 13032.210776269421, 13237.466312669374, 13088.346095655626, 13334.96209326109, 12806.718231834982, 13727.076398658795, 12531.742839296088, 13060.20077540696, 12474.85433219308, 12067.525706963515, 13838.261297003823, 12950.980553678444, 12644.332101722752, 12683.36846201738]
[12712.044272458807, 13273.284250990939, 12907.383373827379, 12621.952347296057, 12380.147401489885, 12713.990602013493, 11946.90062829433, 13535.966446584556, 13656.083079921804, 11875.778054920938, 13979.230825070877, 12717.543048844995, 12523.345778554012, 13272.893722292278, 13270.396441810368, 12371.158854092226, 12694.117861773053, 12602.8663740723, 12758.56838544946, 11382.870742437535, 12583.833353059674, 13017.652661022597, 12933.410742599177, 12728.03073033934, 12974.147995625926, 14004.79325111058, 12865.071103970971, 12039.667386824243, 12522.948617755483, 12780.475213858086, 12866.685956925494, 13354.180658437448, 13000.61860036557, 13813.135116981177, 12945.884315929485, 12085.856406453942, 12997.763855044139, 13209.963950163674, 13029.544791057177, 13289.911443159124, 12760.139928087792, 13692.25519242897, 12484.30545445271, 13049.911209754675, 12467.61076527179, 12067.525706963515, 13644.930474501098, 12772.933745588116, 12627.37699306455, 12676.74372732446]
[12671.193081380983, 13260.312158077086, 12858.29175253888, 12620.434298041642, 12359.165166291194, 12690.475563356671, 11944.296295575832, 13506.423846495221, 13645.835631853193, 11861.081143109262, 13930.56742905454, 12704.830721132339, 12493.234288515014, 13247.68883410261, 13197.171213651658, 12359.351973657034, 12609.619540255302, 12586.914572345439, 12758.56838544946, 11306.634305077141, 12533.32185647616, 13006.75512827963, 12888.601908742323, 12728.03073033934, 12932.851222112364, 13982.544165219408, 12856.48892696146, 11950.846981383176, 12434.719204743007, 12757.78904431451, 12814.317352283944, 13354.180658437448, 12983.297539562507, 13783.590629723089, 12919.489759253202, 12030.85266437371, 12921.937156603675, 13125.733222878689, 13029.544791057177, 13289.911443159124, 12656.195869440078, 13692.25519242897, 12403.603343983163, 13041.260352769099, 12415.860178118026, 12036.087590910594, 13632.043855636546, 12737.407422291735, 12622.317696469972, 12661.808812127794]
[12627.756903192563, 13210.651838808571, 12848.436710667998, 12619.738430041753, 12287.191580718845, 12655.096746574665, 11924.982428584462, 13472.68017319511, 13605.403257140046, 11846.76061253105, 13922.459223327247, 12694.337316473711, 12486.840035532397, 13229.40994260582, 13191.590974656781, 12343.46068755118, 12602.501689334966, 12541.433817385647, 12676.36603845914, 11297.962447328453, 12533.32185647616, 12990.6544279492, 12867.021401923941, 12711.491634498332, 12841.02349196272, 13903.864794644813, 12792.342314490106, 11882.474256417145, 12379.536310139576, 12755.50832263728, 12792.112000475066, 13342.69686984085, 12957.35428427342, 13757.513957086656, 12917.748899315866, 12009.774289096187, 12921.937156603675, 13072.311586782858, 12932.950724501166, 13267.31918243342, 12656.195869440078, 13613.819049090636, 12403.603343983163, 12975.853142029426, 12303.638909048877, 12036.087590910594, 13553.00402698853, 12710.329543071774, 12616.61498847191, 12651.351617587741]
[12586.595938458377, 13210.651838808571, 12820.893381422831, 12561.607043158841, 12213.819141930826, 12621.74167271923, 11908.48873267476, 13466.484284042273, 13596.152129295466, 11808.559425753125, 13893.38115575802, 12685.676609498954, 12486.840035532397, 13184.687324625746, 13191.590974656781, 12340.837808517495, 12602.501689334966, 12520.87663174437, 12676.36603845914, 11255.081464374302, 12493.480915203716, 12988.608062543532, 12818.295905424664, 12683.639735680423, 12745.827752774798, 13861.940103664418, 12788.752923976941, 11864.594016137617, 12379.536310139576, 12688.321399690472, 12768.789925552812, 13277.15309204671, 12950.842000224227, 13743.464882063254, 12915.055021261736, 12005.049730171755, 12902.359309707132, 13050.228131803107, 12855.688451447242, 13266.757880932291, 12644.84904268798, 13526.107383338012, 12353.685677390751, 12920.333332981761, 12295.128927580481, 11960.871219183184, 13553.00402698853, 12688.27357657025, 12571.003048424716, 12648.906296862224]
[12586.595938458377, 13210.651838808571, 12805.002289309483, 12553.36501465205, 12175.686455054423, 12574.010568256435, 11885.462350957678, 13466.484284042273, 13586.559645576612, 11725.335245146469, 13847.849396064732, 12650.825438794196, 12470.129832789866, 13179.861159428838, 13191.590974656781, 12326.21275633747, 12579.629050062336, 12512.600915713832, 12637.401587657683, 11168.392667239987, 12461.023124076657, 12865.825886813496, 12796.46921567284, 12649.043141096183, 12662.531787211174, 13826.038372948195, 12776.902433539395, 11805.060634232032, 12372.917013714326, 12688.321399690472, 12768.789925552812, 13276.189639655378, 12897.271405258227, 13700.76607280225, 12902.670976958696, 11984.2475172608, 12902.359309707132, 12980.187074583291, 12847.326772884548, 13266.757880932291, 12624.0959482043, 13513.886254367206, 12334.13691261596, 12878.674751039976, 12292.48142021997, 11956.776269954727, 13553.00402698853, 12688.27357657025, 12571.003048424716, 12628.306021656408]
[12586.595938458377, 13196.290223106475, 12793.005630757467, 12474.814142301224, 12171.534429517811, 12574.010568256435, 11877.899046561446, 13438.963178592607, 13572.752262644033, 11703.743349018583, 13832.895686408016, 12650.825438794196, 12448.952402406201, 13179.861159428838, 13120.149975093407, 12326.21275633747, 12576.561618947828, 12512.600915713832, 12619.320368348339, 11115.232514317138, 12460.862446230609, 12798.030734393958, 12785.945882282027, 12576.200979801264, 12662.531787211174, 13795.254447165338, 12703.695751148716, 11787.154548987704, 12360.571146713693, 12644.720474778213, 12732.248914787106, 13253.348845557663, 12857.005961930101, 13686.26094615507, 12873.40392491844, 11969.713444361778, 12902.359309707132, 12955.067051317377, 12819.532972233026, 13191.509462466736, 12622.161367249002, 13491.893359572194, 12261.249112805026, 12878.674751039976, 12289.002475154648, 11917.26826312998, 13544.884528217479, 12652.054534170378, 12571.003048424716, 12571.663420984903]
[12572.38802073639, 13156.576246823275, 12774.159270151578, 12474.814142301224, 12021.286091738748, 12555.65175537407, 11829.27887571415, 13438.963178592607, 13531.409160365865, 11653.846074852296, 13762.815629909888, 12596.086686821982, 12435.284886020507, 13145.174290720406, 13082.899216733542, 12323.804617025071, 12570.604409530577, 12503.787305669495, 12605.402491556382, 11101.578707630782, 12460.862446230609, 12798.030734393958, 12785.945882282027, 12535.198161886321, 12536.855951565183, 13794.461003353845, 12703.695751148716, 11768.588636769553, 12334.467505619014, 12637.001509647685, 12688.339754855318, 13206.305125655654, 12849.776123299187, 13686.26094615507, 12868.804718967416, 11969.713444361778, 12772.578218657252, 12889.677173522392, 12725.304399791363, 13148.232486966148, 12605.055317709597, 13476.336442327982, 12237.07632403606, 12856.70553066344, 12281.411083742763, 11917.26826312998, 13541.918076729931, 12652.054534170378, 12453.945035924156, 12571.663420984903]
[12537.0938960914, 13153.001693131717, 12774.159270151578, 12402.860612834418, 11973.55903735057, 12512.758083369634, 11761.618410891964, 13433.290313701398, 13464.352230324588, 11632.943411035663, 13746.89458015498, 12567.08381820723, 12319.875302834884, 13042.161885650003, 13081.172147493411, 12213.423567052863, 12515.755711750573, 12458.388203420578, 12568.318824650309, 11089.38610201619, 12384.29119958961, 12781.701439014478, 12769.173117478194, 12475.173903557801, 12536.855951565183, 13759.91210967639, 12626.024084358092, 11768.588636769553, 12269.827640501288, 12574.450075910627, 12643.151043093243, 13151.217708187556, 12830.650749177945, 13644.626950976355, 12837.222186480329, 11942.160446273356, 12713.009575638504, 12871.400866674623, 12680.617848618029, 13148.232486966148, 12582.217012716595, 13466.087861546112, 12233.73306512617, 12836.060194827265, 12266.92277930996, 11898.148791291605, 13506.893364980711, 12639.258250058407, 12447.944653235205, 12516.759979463288]
[12424.615381292586, 13146.27517104048, 12724.255685280405, 12400.106799397257, 11957.896158906533, 12472.414089908143, 11708.908224795683, 13427.066950954471, 13464.352230324588, 11632.943411035663, 13739.958880796845, 12478.805169225663, 12314.864249446753, 13042.161885650003, 13022.65544734877, 12198.380005659437, 12482.271528622448, 12415.916588959375, 12568.318824650309, 11089.38610201619, 12299.737139453398, 12756.83555581947, 12769.173117478194, 12458.902049214454, 12536.427790926125, 13759.91210967639, 12626.024084358092, 11742.801049162403, 12243.04739386293, 12566.712527778578, 12606.812896479745, 13055.461957457095, 12823.028056873594, 13632.440819251056, 12826.361607591109, 11928.986221546094, 12713.009575638504, 12835.585785613139, 12674.930692964306, 13135.346267075802, 12560.849001484563, 13466.087861546112, 12174.539415668476, 12825.107944786138, 12251.657247534711, 11834.766155524974, 13478.742531057262, 12609.504957655237, 12447.944653235205, 12516.759979463288]
[12415.366869480431, 13115.73987827725, 12720.615227854807, 12399.307256350547, 11957.896158906533, 12446.575268290824, 11626.672822035142, 13341.619794303502, 13464.352230324588, 11546.522397466464, 13738.709521741639, 12418.65353103231, 12314.864249446753, 13002.878132212001, 13008.03269691041, 12141.096448289507, 12414.52040064018, 12411.108131330344, 12544.94645571034, 11086.747886821326, 12282.749983141539, 12745.18237457507, 12769.173117478194, 12455.544674531131, 12505.96520949325, 13743.721958516773, 12625.560301750593, 11714.14884814334, 12243.04739386293, 12566.712527778578, 12606.812896479745, 13002.10567119343, 12812.842247988488, 13555.360526739494, 12807.793105022554, 11909.324008623686, 12658.481455476107, 12722.540682744995, 12674.930692964306, 13062.899439007222, 12549.506942055945, 13466.087861546112, 12167.958610156897, 12821.228533841673, 12185.138907041804, 11783.435452203732, 13463.891478634285, 12550.982368912824, 12351.530860387364, 12488.78045590354]
[12320.683102725867, 13104.717129602643, 12628.373150425474, 12399.307256350547, 11952.723149185364, 12386.825666496788, 11568.876461496586, 13341.619794303502, 13448.382979881246, 11438.012700936237, 13714.228841485057, 12411.451678200097, 12252.781537252104, 12922.093661149625, 13008.03269691041, 12126.848465476538, 12319.358314892137, 12339.879687315051, 12536.61541279614, 11071.87239939797, 12282.749983141539, 12661.150144303592, 12749.686481911918, 12393.304188104205, 12501.941299779422, 13703.133283385858, 12602.16528930602, 11709.957872815123, 12229.50124353656, 12566.712527778578, 12591.24690384539, 13001.540416203954, 12812.842247988488, 13524.626809735364, 12781.45783522877, 11862.450611821547, 12622.946573154137, 12699.567315668963, 12655.442106093295, 13033.789154780326, 12537.306311309401, 13459.67438518631, 12121.032063228573, 12762.407327478933, 12185.138907041804, 11783.435452203732, 13449.99265086494, 12482.198572982958, 12341.123573241557, 12459.639685910182]
[12306.49397210967, 13097.377736397028, 12595.106863931553, 12394.501534987163, 11925.00536071145, 12386.825666496788, 11511.866779370514, 13312.72221763933, 13446.880602732146, 11364.849156076005, 13714.228841485057, 12334.164272479844, 12236.794036833533, 12891.560078207136, 13008.03269691041, 12101.546766655052, 12317.343754217041, 12267.947980311339, 12482.165479777086, 11048.634397927697, 12250.940765157833, 12623.884990511551, 12748.834711470776, 12393.304188104205, 12478.961006587093, 13698.115214009978, 12572.905842153928, 11706.268559587204, 12185.989841222314, 12555.455901911679, 12538.474058714506, 13001.540416203954, 12812.842247988488, 13524.626809735364, 12779.312123611046, 11763.010542468264, 12599.851111642047, 12657.792218817758, 12643.855995204052, 13033.789154780326, 12482.260509347809, 13453.903253713532, 12121.032063228573, 12707.99828396982, 12185.138907041804, 11783.435452203732, 13418.171596357806, 12411.667936632737, 12302.651930123737, 12459.639685910182]
[12306.49397210967, 13090.247488903386, 12595.106863931553, 12383.719336462356, 11925.00536071145, 12384.12676150905, 11501.605587777363, 13274.22578092451, 13446.880602732146, 11349.100322989387, 13627.734585302116, 12288.41160448876, 12233.685644221878, 12879.557879388409, 12989.691149193251, 12101.546766655052, 12317.343754217041, 12267.947980311339, 12360.358176008873, 11030.867619928424, 12105.345771049873, 12598.614864520558, 12717.774564645722, 12356.530984002193, 12473.03237136411, 13671.87562100482, 12570.548923334465, 11679.39317059112, 12177.183503766144, 12555.455901911679, 12494.23775334993, 12949.72908055448, 12804.399343644796, 13524.626809735364, 12779.312123611046, 11706.99464917552, 12582.226979237143, 12652.551868906954, 12643.855995204052, 13006.16178305216, 12460.933941438449, 13429.20183901921, 12071.946714053996, 12705.784834546948, 12177.614694893786, 11751.24134098255, 13418.171596357806, 12390.151796710534, 12268.69187344764, 12459.639685910182]
[12306.49397210967, 13066.840576079114, 12584.655256913557, 12383.719336462356, 11922.227699289177, 12350.674426162524, 11449.926039987437, 13222.977255598133, 13422.877120599756, 11268.573340553046, 13549.818102622423, 12264.74937741184, 12194.905873663678, 12879.557879388409, 12961.987040368285, 12101.546766655052, 12295.081330362627, 12253.421631221767, 12293.22350426341, 11016.794095580059, 12086.322012912631, 12572.097527483402, 12717.774564645722, 12322.023775491993, 12473.03237136411, 13659.504451604365, 12570.548923334465, 11664.666979969454, 12107.069803188211, 12555.455901911679, 12494.23775334993, 12948.299888257425, 12804.399343644796, 13497.592163706577, 12774.766433541881, 11698.914396966718, 12546.775578848097, 12632.113488501363, 12630.43792030609, 12983.557369665814, 12432.971173102813, 13385.841958417699, 12046.332820887397, 12693.299809933425, 12140.483742984445, 11731.191347211623, 13388.112235459781, 12390.151796710534, 12226.789524846183, 12445.474253808214]
[12281.173849426856, 13066.840576079114, 12567.453516796086, 12379.731719100973, 11888.407933982537, 12337.120264756293, 11422.300610479082, 13181.15090871591, 13386.891987885878, 11257.496848150851, 13493.456222085375, 12200.852914327163, 12167.73113347858, 12858.185939069634, 12923.778027305148, 12066.413900381824, 12295.081330362627, 12242.095913832516, 12261.718538583886, 10981.119149582946, 12074.192904486606, 12552.521455117258, 12709.617412716536, 12257.707776113388, 12473.03237136411, 13651.531609538515, 12539.640941962374, 11586.435431954758, 12085.475612889117, 12487.788873818969, 12494.23775334993, 12948.299888257425, 12803.571759727774, 13497.592163706577, 12737.037675387104, 11681.428185551249, 12525.818526231855, 12625.915951049663, 12607.779333229195, 12981.48763710899, 12430.897422993008, 13384.332771539572, 12022.706035311394, 12637.257895524566, 12118.163604911373, 11717.976388470095, 13357.27197283327, 12390.151796710534, 12177.11281820469, 12435.817927976927]
[12278.617778044852, 13062.738269104466, 12523.126734596164, 12372.529111812164, 11877.600944798085, 12337.120264756293, 11422.300610479082, 13181.15090871591, 13358.689020404156, 11246.104372280655, 13493.456222085375, 12200.852914327163, 12167.73113347858, 12841.345818427533, 12915.323960521911, 11989.15382065268, 12286.501807667653, 12145.481138613115, 12261.718538583886, 10981.119149582946, 12070.236246160732, 12533.196602619213, 12699.310326675148, 12238.63895888903, 12461.716068626714, 13651.531609538515, 12537.406077181458, 11548.222343389465, 12084.183523825712, 12487.788873818969, 12481.282185197124, 12879.0200866381, 12803.571759727774, 13485.79587111187, 12688.729748110953, 11668.272874430213, 12525.818526231855, 12611.070897441268, 12605.294693307213, 12924.720028208802, 12396.890710615658, 13383.39656587188, 11907.675435074, 12637.257895524566, 12028.597281784965, 11675.848853165768, 13350.185061853717, 12339.165304446102, 12129.036108176948, 12415.570672810452]
[12277.387031520235, 13050.785411379098, 12486.38192235491, 12300.741413041342, 11868.016393050417, 12337.120264756293, 11343.161435817716, 13175.036824619947, 13355.395273951097, 11225.032885487273, 13467.496455710678, 12198.30396229463, 12167.73113347858, 12806.224124874125, 12882.012244616224, 11989.15382065268, 12254.151236862108, 12116.07793690832, 12248.84201401335, 10844.777231412378, 12012.785191998812, 12502.223303739682, 12699.310326675148, 12222.044432404513, 12402.289538934072, 13584.786582827353, 12534.637208451022, 11548.222343389465, 12038.052249701015, 12487.788873818969, 12481.282185197124, 12879.0200866381, 12803.571759727774, 13485.79587111187, 12684.081295670272, 11630.816545883554, 12525.818526231855, 12554.35654745442, 12592.833771699297, 12842.255436962741, 12377.919064153055, 13377.328437441247, 11897.781029279284, 12626.28477263604, 12026.301815608103, 11651.926688237383, 13336.863573431265, 12313.080850566732, 12124.07877297199, 12377.553098304055]
[12263.258143050974, 13050.785411379098, 12466.568082351763, 12216.094695382308, 11844.456970057085, 12299.51046408981, 11343.161435817716, 13175.036824619947, 13341.533233064596, 11225.032885487273, 13444.775169586981, 12185.833134666278, 12161.239269653037, 12774.475093616562, 12860.469534590262, 11989.15382065268, 12196.47234045919, 12113.382700887367, 12240.671486522015, 10804.34388323579, 11983.658542949086, 12445.831365685292, 12681.24547396955, 12168.216227187138, 12363.546769431887, 13573.815726990759, 12519.149560395186, 11535.614219645422, 11948.809293283863, 12483.769828108543, 12435.764985821816, 12837.231612084932, 12784.095423751689, 13426.824806769995, 12653.47295240495, 11601.531818001571, 12525.818526231855, 12521.468223237936, 12592.833771699297, 12842.255436962741, 12282.74304557173, 13208.176612642037, 11849.347199430104, 12552.855922473027, 11982.091714592516, 11639.849245874511, 13316.003096734057, 12313.080850566732, 12086.454202109067, 12377.553098304055]
[12229.002973066508, 13029.68615210825, 12458.879417850061, 12216.094695382308, 11822.81524469711, 12294.996277059996, 11343.161435817716, 13142.074520191356, 13296.05840112115, 11189.332233792782, 13444.775169586981, 12172.26177994136, 12141.63610019002, 12774.475093616562, 12787.50809996897, 11988.609070067347, 12196.47234045919, 12035.225045539742, 12240.671486522015, 10789.681205828074, 11983.658542949086, 12445.831365685292, 12681.24547396955, 12168.216227187138, 12353.031943241109, 13573.815726990759, 12499.04012392463, 11485.726632085221, 11915.517985217124, 12449.476273375525, 12410.103953034313, 12831.953547696176, 12777.724432102299, 13417.482869687321, 12650.092754974738, 11564.168113065449, 12507.367301745448, 12505.783934882074, 12591.315618523175, 12840.716893033099, 12269.937730379297, 13180.712611978117, 11824.531374734006, 12520.162397528571, 11963.94312509034, 11636.405691081265, 13293.535894974406, 12294.586483078996, 12060.858851965828, 12361.241396895322]
[12144.369526584978, 13000.552220383672, 12433.670623537522, 12213.90334702065, 11822.81524469711, 12266.483962874801, 11317.484797148521, 13067.112154277373, 13229.65828726657, 11164.951939942435, 13431.086138817322, 12136.293460912138, 12064.859643313232, 12768.247362918799, 12771.80109291781, 11957.072812485627, 12185.145608810963, 11988.860952513991, 12230.35916393834, 10751.106993171028, 11959.090205868983, 12430.178148530167, 12653.456521017608, 12165.230844192507, 12325.343297215975, 13555.904062075744, 12491.563268312952, 11437.95951908559, 11888.39553651456, 12447.302724418743, 12387.441932169395, 12801.594572339065, 12777.724432102299, 13362.231048885533, 12650.092754974738, 11564.168113065449, 12463.29116161106, 12488.250242312884, 12571.065552785021, 12815.041921130558, 12212.072617132784, 13180.712611978117, 11789.600869672822, 12511.148198493267, 11959.329441910832, 11636.405691081265, 13281.86466842773, 12290.829858955405, 11958.860891148159, 12338.40102611549]
[12144.369526584978, 12909.58837507472, 12414.844033146112, 12161.294278578462, 11810.351762550814, 12249.574413126267, 11294.667690787515, 13067.112154277373, 13229.65828726657, 11098.729723447263, 13401.937428843035, 12116.543489398415, 12064.859643313232, 12740.808898785637, 12771.80109291781, 11913.573369805132, 12157.981816637386, 11943.511023526768, 12230.35916393834, 10751.106993171028, 11959.090205868983, 12430.178148530167, 12643.879745639317, 12147.724156191369, 12323.093218454287, 13553.455490584096, 12488.86016850852, 11402.205078539455, 11848.149294911576, 12383.702217153283, 12369.965445225525, 12801.594572339065, 12747.693269974032, 13362.231048885533, 12650.092754974738, 11548.482901567631, 12397.334771562068, 12434.4912972152, 12490.173745677923, 12814.968190327247, 12195.73220406008, 13089.175284767472, 11789.600869672822, 12495.10274773719, 11884.131353806104, 11619.981528074019, 13154.971843316409, 12290.829858955405, 11928.302222910188, 12338.40102611549]
[12107.901310631652, 12867.974781770667, 12386.187811316286, 12114.746779130555, 11758.098948820258, 12212.117550420944, 11288.03747356831, 13067.112154277373, 13149.939646401657, 11098.729723447263, 13384.88790724081, 12087.244513261154, 12023.008539609973, 12691.384645902386, 12771.80109291781, 11814.835064104906, 12129.047954034055, 11943.511023526768, 12182.612596756566, 10751.106993171028, 11871.71604737088, 12430.178148530167, 12643.879745639317, 12140.189979021816, 12267.242364169013, 13528.317399272313, 12478.343926897101, 11368.018096803698, 11742.552913570746, 12368.115624412118, 12299.185219011933, 12779.067801632747, 12702.347785975002, 13337.755492225839, 12650.092754974738, 11539.567211095755, 12371.876934508928, 12434.4912972152, 12479.70810466805, 12790.045856169381, 12181.892048393302, 13041.953717218452, 11758.867690320472, 12480.249947962637, 11872.210904452962, 11589.184105180066, 13144.286482189253, 12290.829858955405, 11928.302222910188, 12313.760986231046]
[12099.802810387018, 12867.974781770667, 12371.29136841291, 12114.746779130555, 11758.098948820258, 12208.286482489691, 11230.414770100992, 12990.479245545805, 13149.939646401657, 11057.327309015594, 13353.442480787658, 12062.341262922673, 12022.064493673099, 12684.402217524172, 12771.80109291781, 11807.231627767229, 12115.127091296348, 11892.02935822315, 12182.612596756566, 10745.20032306785, 11853.434693877756, 12430.178148530167, 12622.118801614468, 12091.145081197736, 12245.384682643562, 13481.78895705679, 12446.343926988267, 11330.52162694213, 11682.244178764297, 12356.749501129674, 12274.375024106674, 12759.393084899917, 12611.911776211942, 13293.992231226337, 12584.353165666089, 11534.622977345727, 12318.747786956554, 12411.208252649272, 12478.205213638945, 12709.105242651627, 12154.3536233954, 13041.953717218452, 11746.040937085923, 12475.8627360735, 11835.130767536562, 11581.535552427678, 13109.90786292007, 12252.914870317209, 11877.905573774744, 12297.72536500445]
[12055.799166912637, 12833.320748142589, 12339.046779319071, 12062.609360138875, 11752.340998680615, 12207.241707296165, 11214.61284427082, 12989.964643463438, 13116.060617913423, 11057.327309015594, 13344.199012814055, 12056.364352209264, 12010.827927715693, 12684.402217524172, 12771.80109291781, 11807.231627767229, 12115.127091296348, 11836.554822962897, 12139.94788074926, 10698.244649137836, 11825.341934056374, 12427.141524438037, 12546.103373310485, 12044.423865013927, 12154.550835367052, 13460.425577995566, 12406.503093270709, 11326.410970239916, 11666.088401052524, 12342.599693430893, 12225.154745721355, 12747.30482596867, 12606.908260165603, 13183.65896393043, 12584.353165666089, 11444.467350528686, 12253.31304256258, 12385.977149003998, 12476.45919418122, 12709.105242651627, 12154.3536233954, 13012.859830422978, 11708.347083909688, 12436.10427616288, 11835.130767536562, 11519.400867373066, 13109.90786292007, 12138.878008506766, 11867.966400206944, 12290.555793096628]
[12048.353938629738, 12833.320748142589, 12339.046779319071, 12062.609360138875, 11743.437690113142, 12164.016248129343, 11194.433546775801, 12976.671228682793, 13096.981988723313, 11051.259058846546, 13327.115062364426, 12022.627232661724, 12004.866764821838, 12669.598716990706, 12762.708920174164, 11762.0952647064, 12103.415746294977, 11769.421730843924, 12100.186801077089, 10698.244649137836, 11746.782049917354, 12411.785308834931, 12529.65612635894, 12040.57545871771, 12147.670399663017, 13431.590895820449, 12385.641161130021, 11312.335288720129, 11656.015868499153, 12294.864657341574, 12215.153061093122, 12680.176757065039, 12576.21567368297, 13175.875695236691, 12555.298697504151, 11441.11281972313, 12235.371078445232, 12357.557875999772, 12476.45919418122, 12676.957103268274, 12153.474418768968, 13012.859830422978, 11708.347083909688, 12395.635289320282, 11828.331103287617, 11519.400867373066, 13108.661022824273, 12138.878008506766, 11849.915238334976, 12269.920628999238]
[12017.197292854016, 12832.48570576946, 12337.503409045856, 12012.12532856761, 11730.07174750337, 12164.016248129343, 11180.781529451706, 12933.034314328157, 13096.315792760852, 11031.779232591194, 13327.115062364426, 11962.667208450428, 12002.635164423356, 12642.229827215495, 12742.607728488872, 11746.791489010526, 12036.893644356218, 11767.385597596407, 12100.186801077089, 10696.309644705649, 11746.782049917354, 12369.160527359232, 12506.936788380752, 12021.874150647982, 12098.864811541895, 13404.461020383213, 12307.899770824259, 11306.520300994518, 11592.127025442604, 12268.477439050559, 12201.921478894084, 12640.389216993844, 12484.756338769113, 13135.900484038135, 12537.880307946418, 11402.209591054252, 12179.139699337917, 12335.281834652431, 12462.077069431985, 12676.957103268274, 12151.156767797247, 13010.713232141066, 11686.001333862916, 12306.064632059892, 11773.01469103628, 11517.365831657356, 13108.661022824273, 12138.878008506766, 11835.558837422495, 12267.770263681074]
[11974.25222884784, 12802.43774270636, 12337.503409045856, 11995.675650758803, 11730.07174750337, 12137.25165147326, 11162.84877221219, 12931.887385632857, 13095.555096982638, 11022.22304207258, 13327.115062364426, 11961.773496354019, 11955.75433990415, 12627.464672843143, 12673.856583688092, 11705.29855365073, 11958.233713185426, 11755.254464705424, 12096.92014303852, 10685.23662003352, 11726.563610896954, 12330.911995672843, 12506.936788380752, 12015.841486344263, 12040.179718048958, 13404.461020383213, 12307.899770824259, 11283.292572679988, 11592.127025442604, 12268.477439050559, 12151.987382679636, 12637.858693745253, 12432.425405099159, 13126.962830310975, 12487.805035373498, 11393.76461122612, 12170.418201117678, 12331.670949344862, 12443.954953158938, 12567.627389325093, 12115.63867109911, 13009.910614359187, 11683.811948965162, 12291.914284921742, 11767.831675150144, 11494.027730061262, 13108.661022824273, 12138.878008506766, 11811.768818321427, 12253.637354972963]
[11974.25222884784, 12734.867513546935, 12323.82503036443, 11995.675650758803, 11718.959387285116, 12114.564817982198, 11133.76782300361, 12929.258970886734, 13095.555096982638, 11010.744140106615, 13327.115062364426, 11960.974558165864, 11955.75433990415, 12612.490406150977, 12653.086632491928, 11681.007294756964, 11935.615553480638, 11755.254464705424, 12073.79466516988, 10685.23662003352, 11726.563610896954, 12305.47102278751, 12506.936788380752, 12006.218789657021, 11984.01559435244, 13377.112227189264, 12300.905031936394, 11259.994427152906, 11592.127025442604, 12238.59954021828, 12052.924606893419, 12637.858693745253, 12361.726034498986, 13082.455617246571, 12477.079297791595, 11294.467511356612, 12159.828207958042, 12330.409375509835, 12428.48736428968, 12567.627389325093, 12106.777432037614, 12982.39585871045, 11640.480845314467, 12291.914284921742, 11767.831675150144, 11481.393627038506, 13108.661022824273, 12132.028533496417, 11799.423520334081, 12253.637354972963]
[11924.7855173439, 12697.117226616141, 12237.14617310148, 11995.13581185418, 11675.084285093699, 12079.583796768226, 11102.844719755183, 12929.258970886734, 13010.627375096674, 11010.744140106615, 13306.73602613943, 11960.974558165864, 11940.979095858245, 12611.386205124132, 12653.086632491928, 11681.007294756964, 11900.44584427087, 11755.254464705424, 12073.79466516988, 10612.57958382126, 11720.228293892917, 12305.47102278751, 12459.506425076654, 11994.588530072131, 11974.97174093482, 13377.112227189264, 12295.765830880939, 11249.752095295718, 11592.127025442604, 12217.799322920004, 12050.06446865196, 12637.858693745253, 12361.726034498986, 13082.455617246571, 12456.67979201855, 11266.174103930596, 12159.828207958042, 12324.904151410457, 12428.48736428968, 12567.627389325093, 12099.850451363463, 12970.630229407145, 11636.206726585644, 12281.53851732269, 11714.927045630397, 11457.770714280989, 13108.661022824273, 12089.040632501015, 11774.917139298599, 12212.02433798783]
[11888.256854801471, 12678.642383625167, 12209.316019453767, 11984.022889623666, 11645.190419351671, 12035.326518897524, 11087.14241992319, 12922.451419526053, 12998.48089035629, 10888.890956004316, 13295.85922383582, 11938.561959954513, 11930.392726814222, 12611.386205124132, 12653.086632491928, 11663.534561660752, 11899.685051867817, 11755.254464705424, 12055.460159724575, 10612.57958382126, 11719.150300109724, 12290.883713006097, 12453.151152522298, 11994.588530072131, 11960.441917345828, 13356.995170310553, 12295.765830880939, 11245.078013039038, 11559.036394880179, 12210.779193704127, 12050.06446865196, 12626.794975045306, 12319.234822108221, 13069.179731542179, 12456.67979201855, 11227.825537908724, 12138.812827665555, 12318.111809922153, 12415.877666398248, 12531.302510012796, 12056.306124903578, 12947.42849877752, 11610.263657836775, 12270.280086572773, 11714.927045630397, 11451.90506453516, 13101.234185977732, 12051.149022343512, 11717.101224789076, 12212.02433798783]
[11888.256854801471, 12647.83870255661, 12209.316019453767, 11972.209026490269, 11643.51565484598, 11962.10478066004, 11064.836710562478, 12905.117666835442, 12998.013817813724, 10828.905100026204, 13295.85922383582, 11893.397710672789, 11930.392726814222, 12611.386205124132, 12635.632817798494, 11611.154625588999, 11886.325398045197, 11755.254464705424, 12004.897489754878, 10599.305578444988, 11719.150300109724, 12263.509149313255, 12413.414564269957, 11972.866904039829, 11899.125486276513, 13319.335688103805, 12275.435381312895, 11235.624880931768, 11557.513724098852, 12170.557562139418, 12029.600730327897, 12626.794975045306, 12299.109759329072, 13050.606980348875, 12352.541646630249, 11225.338821980482, 12134.373656128251, 12310.120853747412, 12373.81186285401, 12530.683296686617, 12056.306124903578, 12906.9899682332, 11610.263657836775, 12270.280086572773, 11707.046174392257, 11451.90506453516, 13082.5883182093, 12051.149022343512, 11687.030895182288, 12207.525426945003]
[11860.64098359848, 12641.311379182283, 12209.316019453767, 11972.209026490269, 11610.513774710642, 11945.97703612813, 11033.32881468823, 12896.060858058365, 12944.583877296001, 10782.795536464004, 13295.609010325952, 11887.626309957745, 11929.809800423418, 12607.240741273114, 12635.632817798494, 11599.125578017667, 11883.322946149596, 11747.024937151948, 11998.246556689857, 10574.564193578835, 11719.042694127915, 12263.509149313255, 12386.627331625701, 11918.0981768186, 11891.18087648528, 13318.728941743695, 12252.561773043743, 11157.448796693161, 11508.065514459788, 12164.009969417068, 12006.476170554624, 12617.054514208068, 12299.109759329072, 13050.606980348875, 12262.441714653645, 11223.287502285544, 12134.373656128251, 12310.120853747412, 12373.81186285401, 12530.683296686617, 12016.063169319228, 12906.9899682332, 11592.584033160678, 12264.91205310757, 11668.689096554937, 11451.90506453516, 13071.787524841731, 12051.149022343512, 11674.909397279316, 12188.250583622827]
[11853.106252424419, 12633.63832572826, 12173.917981567414, 11940.494291799047, 11587.875459096529, 11918.751420956998, 11032.983438604102, 12879.30233355259, 12856.417706079656, 10772.507476635486, 13295.609010325952, 11839.670798146288, 11926.315765359166, 12607.240741273114, 12607.970696922686, 11511.580595738862, 11872.687447210048, 11732.992465375046, 11998.246556689857, 10548.463523917995, 11673.749209010226, 12251.698158572199, 12290.748661218193, 11918.0981768186, 11855.234969925528, 13290.382073107292, 12230.76928659657, 11140.746132809381, 11500.641896966123, 12158.685771107566, 11991.314115107078, 12611.978180146658, 12260.20010660337, 13050.606980348875, 12251.462838423087, 11214.178405211826, 12134.373656128251, 12310.120853747412, 12365.125471219351, 12523.151261573921, 12016.063169319228, 12906.9899682332, 11592.584033160678, 12260.66096404941, 11584.84303056694, 11420.20812410096, 13071.787524841731, 12018.253261452806, 11674.909397279316, 12188.250583622827]
[11853.106252424419, 12620.03645010849, 12173.917981567414, 11901.239865713036, 11542.556294661375, 11907.0979235538, 11026.939311725468, 12873.483065778955, 12844.44716253284, 10718.097079444111, 13285.307975232423, 11839.670798146288, 11902.635518619114, 12607.240741273114, 12607.970696922686, 11493.956426678127, 11854.334008083812, 11711.006218722367, 11998.246556689857, 10547.69993350586, 11647.120126708982, 12251.698158572199, 12256.79539499823, 11905.725898160763, 11855.234969925528, 13290.382073107292, 12226.07302719093, 11115.70060790854, 11492.806298487183, 12099.987248621925, 11985.155587688212, 12611.978180146658, 12232.404362117431, 13050.606980348875, 12248.819728778673, 11173.207795118473, 12101.549983598305, 12270.550504548937, 12365.125471219351, 12523.151261573921, 11973.635676945396, 12903.56905473636, 11592.584033160678, 12256.36489006305, 11561.832855522209, 11397.761772669564, 13071.787524841731, 11997.388863496006, 11653.597327313664, 12132.840805647986]
[11837.211775442134, 12593.971512406955, 12173.917981567414, 11817.46254741308, 11542.556294661375, 11907.0979235538, 10954.122822335554, 12873.483065778955, 12829.829418748976, 10709.606043919921, 13285.307975232423, 11839.670798146288, 11893.955505647518, 12586.072765239345, 12607.970696922686, 11493.956426678127, 11854.334008083812, 11711.006218722367, 11860.155812283008, 10499.06093009949, 11647.120126708982, 12193.119743390005, 12214.226314537833, 11881.344594319531, 11855.234969925528, 13264.80503187654, 12226.07302719093, 11100.499791500326, 11483.84305849555, 12063.938164972935, 11959.298750371068, 12599.880839747919, 12232.404362117431, 13014.07580332895, 12227.713620801766, 11163.574904078105, 12101.549983598305, 12263.907171512168, 12350.21299528112, 12466.059602848245, 11973.635676945396, 12829.393387980668, 11576.23979270117, 12256.36489006305, 11382.013515087328, 11378.087465406445, 13071.787524841731, 11997.388863496006, 11653.597327313664, 12132.840805647986]
[11837.211775442134, 12563.970208927114, 12173.917981567414, 11806.063523217852, 11491.090428852063, 11907.0979235538, 10942.87221471636, 12860.74362617072, 12827.978229475646, 10704.977848195193, 13275.378395666727, 11839.670798146288, 11875.087282978322, 12584.610386551398, 12597.142543690554, 11424.66178774259, 11850.463911739427, 11711.006218722367, 11841.76305901212, 10403.558407490964, 11647.120126708982, 12153.862926873, 12188.006254358781, 11860.407768601284, 11805.050559909087, 13264.80503187654, 12215.066086565046, 11092.867282524745, 11459.957473420905, 12042.566647232114, 11953.040337342256, 12511.781330444788, 12193.44793702184, 13014.07580332895, 12226.911612465272, 11150.015254201722, 12037.193880601006, 12109.406875101435, 12278.481603958318, 12446.286527903001, 11955.006917400175, 12829.393387980668, 11529.186946878031, 12236.783258366582, 11293.380041906621, 11378.087465406445, 13071.787524841731, 11997.388863496006, 11653.597327313664, 12111.295255737576]
[11816.821785945007, 12563.970208927114, 12160.404110766704, 11750.702431035292, 11433.811490451351, 11890.69105171455, 10922.130485589365, 12860.74362617072, 12827.978229475646, 10657.900709196865, 13274.622067430051, 11815.311108703338, 11850.045079114285, 12581.324765315654, 12590.307746070714, 11409.830071572187, 11850.463911739427, 11698.819986323844, 11833.892306969445, 10354.703670739564, 11647.120126708982, 12116.454382338028, 12187.648083889091, 11842.263257856936, 11805.050559909087, 13264.80503187654, 12211.924328306879, 11041.04893946839, 11316.798323639323, 12027.272885192606, 11946.633342865085, 12475.923841913489, 12177.05498417091, 13014.07580332895, 12226.911612465272, 11150.015254201722, 12037.193880601006, 12092.59355562256, 12271.632986482535, 12446.286527903001, 11927.938624583287, 12781.065676621982, 11522.86120152754, 12207.919998061156, 11283.159421860817, 11375.575534267424, 13071.787524841731, 11969.91206618222, 11592.175516296164, 12082.516955796014]
[11816.821785945007, 12536.560895318344, 12160.404110766704, 11731.897158408585, 11433.811490451351, 11890.69105171455, 10888.680432174213, 12848.304356209563, 12818.216997310727, 10642.644494975171, 13213.563439416534, 11799.747835756662, 11831.024805378145, 12502.649858548375, 12548.90345469411, 11409.830071572187, 11850.463911739427, 11698.819986323844, 11805.865717402427, 10337.323472334772, 11645.901519428322, 12100.077549549333, 12180.103910990661, 11842.263257856936, 11805.050559909087, 13264.80503187654, 12199.065691877771, 11041.04893946839, 11316.798323639323, 12027.272885192606, 11930.566332888822, 12475.923841913489, 12163.881648472505, 13010.00523586256, 12174.779315669868, 11132.518723772493, 12032.792312998763, 12092.59355562256, 12246.391303355074, 12428.692384878672, 11900.497065542822, 12756.215324733064, 11522.86120152754, 12161.818232195637, 11283.159421860817, 11352.645091897964, 13051.40663918453, 11958.33176743723, 11592.175516296164, 12082.516955796014]
[11816.525379387636, 12536.560895318344, 12094.29582032882, 11725.606607690506, 11431.679429763182, 11879.23341737671, 10875.890375169893, 12835.459351910786, 12814.029358007487, 10632.768444003876, 13195.021617250317, 11799.747835756662, 11778.672934404283, 12502.649858548375, 12528.93217719334, 11378.049849377376, 11850.463911739427, 11692.72188394881, 11794.834462515399, 10327.644667771105, 11638.331421390485, 12087.181135314057, 12180.103910990661, 11791.516084915675, 11787.275437009564, 13264.80503187654, 12165.144098823279, 11033.583069953233, 11316.798323639323, 11991.131176633173, 11930.566332888822, 12436.212938639888, 12132.577670257671, 13010.00523586256, 12167.90274212688, 11132.426764781321, 12032.792312998763, 12030.746357285923, 12246.391303355074, 12392.433458565607, 11877.572743236266, 12704.567029045462, 11514.45703009289, 12142.866748129463, 11283.159421860817, 11338.254880220044, 13018.693707332779, 11954.395686824715, 11552.30879383675, 12082.516955796014]
[11810.244906404885, 12533.204332875659, 12073.83654505289, 11723.893972582719, 11374.361628048533, 11811.32542289556, 10849.377423677124, 12833.999646197468, 12814.029358007487, 10612.950862753281, 13174.123629373227, 11776.877446035778, 11770.786098005457, 12464.776030543424, 12508.132200183487, 11367.414243279187, 11850.463911739427, 11678.476292965617, 11760.825605188638, 10270.545823947887, 11634.364982805546, 12043.661216707158, 12166.54058231216, 11791.516084915675, 11725.675685438253, 13254.959367085283, 12157.433610215376, 11020.315952391018, 11316.798323639323, 11929.653884608277, 11853.399389398039, 12432.644590503181, 12085.713304097017, 13010.00523586256, 12123.32305597985, 11122.597872244993, 12032.792312998763, 12030.746357285923, 12234.000584373407, 12354.75289822642, 11867.325396322058, 12704.567029045462, 11514.45703009289, 12093.382461414658, 11248.486216763884, 11333.823128737647, 13018.693707332779, 11954.395686824715, 11496.399077706998, 12029.719107475416]
[11810.244906404885, 12516.469426415202, 12031.454291820512, 11668.690883884763, 11306.218481514252, 11794.252486747482, 10849.377423677124, 12791.415099673399, 12814.029358007487, 10574.2359973558, 13174.123629373227, 11776.877446035778, 11770.786098005457, 12462.643701367462, 12501.847428871904, 11367.414243279187, 11828.44927616664, 11640.38301239323, 11760.825605188638, 10263.20242051843, 11601.110166492075, 12038.740257667354, 12166.54058231216, 11738.746891974572, 11682.769355105664, 13226.254608124364, 12140.13185972788, 10977.14619469731, 11310.920074803838, 11879.526431278591, 11848.360242082066, 12423.462569294814, 12062.465880436343, 13010.00523586256, 12123.32305597985, 11091.071453027467, 12032.792312998763, 12030.746357285923, 12226.316147862257, 12335.509534908333, 11867.325396322058, 12704.567029045462, 11477.933073977467, 12057.525280035636, 11225.211476981644, 11308.527502680528, 12860.240320116147, 11954.395686824715, 11441.877892235188, 12009.27836101488]
[11781.987545493474, 12486.967060592635, 12012.584559359977, 11595.78111205151, 11258.721778905729, 11794.252486747482, 10849.377423677124, 12778.159712736951, 12798.075952279363, 10574.2359973558, 13174.123629373227, 11776.877446035778, 11756.236044002866, 12382.194869436227, 12425.373022925944, 11367.414243279187, 11796.48522098545, 11640.38301239323, 11760.825605188638, 10227.87555369628, 11593.372404113936, 12016.17246775094, 12155.087953617025, 11738.746891974572, 11667.34010516656, 13205.384109444993, 12138.976657056126, 10947.227746715704, 11310.920074803838, 11744.309249550022, 11789.089929475695, 12360.585754623407, 12062.465880436343, 12980.7736825313, 12052.349558974647, 11063.474158552113, 11979.707816553464, 11994.219473550975, 12226.316147862257, 12311.49202477432, 11832.000534062618, 12704.567029045462, 11474.504487888627, 12050.130212096677, 11201.117674842037, 11267.442994207857, 12854.62790690047, 11887.399580143701, 11441.877892235188, 11998.612983332521]
[11757.492586649243, 12486.967060592635, 11995.689658240111, 11595.78111205151, 11253.292440952779, 11794.252486747482, 10849.377423677124, 12773.40612242201, 12793.250427680015, 10559.242589490055, 13126.953859466801, 11724.203469302613, 11634.742374810152, 12339.081296685235, 12418.097518310606, 11367.414243279187, 11796.48522098545, 11557.30442288402, 11735.256551619514, 10193.234736055148, 11593.372404113936, 12016.17246775094, 12137.311477572799, 11725.163212665837, 11618.566989892486, 13188.712819977478, 12138.976657056126, 10929.389659480164, 11246.688960978785, 11744.309249550022, 11761.260509499547, 12348.286818391533, 12030.551164376666, 12980.7736825313, 12048.093365016552, 11027.119773234414, 11957.342194375387, 11994.219473550975, 12196.40305807012, 12311.49202477432, 11832.000534062618, 12704.567029045462, 11425.079180741568, 12047.160784733696, 11201.117674842037, 11261.550501491514, 12837.826483949872, 11879.35644808731, 11441.877892235188, 11984.7460211449]
[11757.492586649243, 12483.593033070028, 11995.689658240111, 11595.78111205151, 11252.242258797278, 11779.03200483174, 10849.377423677124, 12644.060472405992, 12791.031177860526, 10552.002868682137, 13126.953859466801, 11709.557898569774, 11628.207622084568, 12333.592570058698, 12384.946419879732, 11367.414243279187, 11774.402211721675, 11545.157499778048, 11735.256551619514, 10166.605814223149, 11578.45581412359, 12015.590654349226, 12137.311477572799, 11725.163212665837, 11618.566989892486, 13178.691229028209, 12103.154699657065, 10884.638923486691, 11246.688960978785, 11737.049257725277, 11705.630647506438, 12334.798634362032, 12030.551164376666, 12967.784949772755, 11992.192886292316, 10990.253039577448, 11946.23140616202, 11989.27697126384, 12188.566320390328, 12296.031036380087, 11801.600461502234, 12685.372342925353, 11384.154488789194, 12038.341713289996, 11188.91771234458, 11254.35545159323, 12837.826483949872, 11877.832332241269, 11374.529215294206, 11947.65746064899]
[11741.21236379473, 12483.593033070028, 11995.689658240111, 11573.040741979403, 11243.912959760437, 11779.03200483174, 10840.930207216994, 12644.060472405992, 12791.031177860526, 10552.002868682137, 13126.953859466801, 11681.259655655822, 11615.429600853138, 12333.592570058698, 12368.870742761512, 11356.074881920415, 11733.156115788277, 11543.055756783238, 11690.629265474581, 10136.637919377485, 11578.45581412359, 12015.590654349226, 12128.619879135322, 11670.78289607519, 11587.65324464731, 13178.691229028209, 12056.056603866551, 10862.439959438803, 11241.352104124975, 11733.062151324468, 11682.430284508086, 12302.518006662376, 12018.057531806928, 12957.927868621338, 11992.192886292316, 10959.236584802204, 11946.23140616202, 11989.27697126384, 12188.566320390328, 12296.031036380087, 11801.600461502234, 12685.372342925353, 11380.089153696026, 12037.574021055367, 11188.91771234458, 11219.774790380794, 12809.902253614076, 11877.832332241269, 11374.529215294206, 11947.65746064899]
[11725.233390286998, 12475.620378970585, 11989.508365676344, 11573.040741979403, 11212.07025896268, 11779.03200483174, 10825.925474068024, 12636.178857998675, 12734.4342755812, 10530.496408409117, 13126.953859466801, 11673.222872483428, 11615.429600853138, 12333.592570058698, 12357.599893885588, 11345.86263861568, 11733.156115788277, 11522.77654549836, 11690.629265474581, 10108.018034851055, 11541.869190738027, 11971.853678244, 12128.619879135322, 11664.192008875618, 11569.33339482491, 13178.691229028209, 12056.056603866551, 10841.34799966575, 11239.046979426685, 11733.062151324468, 11682.430284508086, 12302.518006662376, 11996.136271433823, 12952.247415816488, 11992.192886292316, 10938.185699443917, 11946.23140616202, 11974.615179542108, 12105.97293266697, 12268.970194347583, 11776.819989563803, 12685.372342925353, 11371.353698043727, 12037.574021055367, 11169.809262282066, 11212.75254073434, 12809.902253614076, 11867.509332995684, 11374.529215294206, 11947.65746064899]
[11725.059589053044, 12475.620378970585, 11933.698512052355, 11568.604885106412, 11212.07025896268, 11772.861575544219, 10822.752828987319, 12585.766271609591, 12734.4342755812, 10495.158000811905, 13126.953859466801, 11666.686683281241, 11615.429600853138, 12293.543991342322, 12357.599893885588, 11290.562564950453, 11673.817045329362, 11520.186290218775, 11663.269809268273, 10083.271200556585, 11534.98103736487, 11971.234683498991, 12117.70913620121, 11664.192008875618, 11555.121890453895, 13170.77612475199, 11967.56426033915, 10833.94100961008, 11239.046979426685, 11733.062151324468, 11671.741158799072, 12192.820796313235, 11992.038725484203, 12912.761848770711, 11974.680126996243, 10938.185699443917, 11946.23140616202, 11974.615179542108, 12075.023676375298, 12259.898016309926, 11770.465642694606, 12679.025894274686, 11353.609032602924, 11976.289609111776, 11137.005168182626, 11212.75254073434, 12769.150769709693, 11867.509332995684, 11353.300346264585, 11943.299657929025]
[11693.672966192767, 12475.620378970585, 11930.704496599905, 11523.20502035004, 11207.531859147679, 11739.417704400195, 10822.752828987319, 12585.766271609591, 12691.70611316578, 10481.062244012779, 13123.34648951031, 11656.9870964385, 11615.28367568524, 12283.705185199153, 12357.599893885588, 11265.025258758698, 11631.340133189837, 11520.186290218775, 11617.599459509833, 10068.379413850174, 11531.259394212471, 11958.123332219237, 12112.093863484053, 11630.741206831468, 11535.187466545527, 13169.68587165841, 11967.56426033915, 10762.44304556617, 11239.046979426685, 11695.143741825126, 11671.741158799072, 12156.115431860162, 11918.935876812855, 12843.733250956271, 11970.527876307697, 10937.4193968723, 11946.23140616202, 11936.959318320223, 12048.671573062637, 12254.35586479889, 11731.166598913554, 12666.034884192939, 11353.609032602924, 11956.175506544832, 11125.50689660856, 11187.705094692665, 12760.970981787581, 11854.612253292295, 11353.300346264585, 11931.664169561769]
[11692.101973284995, 12453.992119912697, 11930.704496599905, 11473.098776373474, 11188.969810268078, 11733.195848575362, 10768.54496588917, 12560.643567549629, 12666.583868606347, 10443.27462068035, 13123.34648951031, 11654.528897090984, 11615.28367568524, 12283.705185199153, 12342.42428020591, 11259.75613977131, 11621.216669937754, 11484.172774570607, 11617.599459509833, 10046.263301436575, 11503.351677807761, 11881.08395977964, 12099.616633321615, 11594.120126431839, 11531.031546333712, 13169.68587165841, 11903.372734783006, 10750.39213307162, 11155.65261867649, 11682.449607427163, 11630.927079980444, 12123.740943248258, 11918.935876812855, 12826.68885574769, 11970.527876307697, 10885.354041816427, 11946.23140616202, 11912.584194455567, 12048.671573062637, 12244.940430453322, 11731.166598913554, 12641.080239317991, 11327.391348813731, 11919.53655365088, 11121.340500593556, 11183.168500992226, 12722.434071769705, 11854.612253292295, 11353.300346264585, 11931.664169561769]
[11692.101973284995, 12442.399430687994, 11920.827839770363, 11473.098776373474, 11188.969810268078, 11733.195848575362, 10716.263931844811, 12560.643567549629, 12665.276041985573, 10443.27462068035, 13121.80178976773, 11633.01968407758, 11605.636466018832, 12267.875849662114, 12314.34034304313, 11229.873788424335, 11578.415221627376, 11476.187998104322, 11569.005031859213, 10042.478317621677, 11503.351677807761, 11866.012491543901, 12077.767261061827, 11594.120126431839, 11518.248486280285, 13169.68587165841, 11903.372734783006, 10743.710759082644, 11155.65261867649, 11680.265766093657, 11630.927079980444, 12088.876051330182, 11843.692511716647, 12826.68885574769, 11969.908018636752, 10814.794083685494, 11906.015785862868, 11912.584194455567, 12034.280298883834, 12244.940430453322, 11724.545798808158, 12601.955376217013, 11289.51200999417, 11919.53655365088, 11121.340500593556, 11183.168500992226, 12715.411597265613, 11812.685068467163, 11289.800058852947, 11930.731116975327]
[11605.276031441297, 12373.93423927066, 11862.511069179815, 11442.546449042133, 11169.234034228157, 11729.596757472911, 10713.27130566716, 12500.407371482763, 12665.276041985573, 10440.998788050523, 13079.179172817032, 11621.883537109397, 11573.090305485472, 12257.995683619, 12314.34034304313, 11117.39430363217, 11550.937142068698, 11450.366710672955, 11569.005031859213, 9994.50508701379, 11474.015314473863, 11862.580700950042, 12077.767261061827, 11594.120126431839, 11513.428428761776, 13139.057734805396, 11903.372734783006, 10644.25331794874, 11155.65261867649, 11680.009089119361, 11630.927079980444, 12066.667585503601, 11843.692511716647, 12816.017896388694, 11963.878241078888, 10803.781578621329, 11902.521989768382, 11893.456165279335, 12006.104145930625, 12239.805677146402, 11719.03659944172, 12565.774648191726, 11289.51200999417, 11919.53655365088, 11100.730681084122, 11146.198789343955, 12715.411597265613, 11786.165251846518, 11277.918003065959, 11926.986428615168]
[11601.823112349823, 12373.93423927066, 11853.959428516742, 11442.546449042133, 11127.645567974057, 11729.596757472911, 10712.437331817042, 12500.407371482763, 12665.276041985573, 10375.002934945916, 13079.179172817032, 11621.883537109397, 11559.588696693052, 12211.98925736777, 12277.916395991293, 11068.24690150411, 11525.721023700708, 11445.89492380508, 11569.005031859213, 9994.50508701379, 11408.7378837422, 11856.327333713458, 12065.040124223957, 11594.120126431839, 11513.428428761776, 13082.816219859067, 11903.372734783006, 10624.367859548132, 11141.159026309491, 11636.06181204047, 11608.086032483361, 12066.667585503601, 11836.72753355537, 12816.017896388694, 11955.028477582924, 10792.87080490509, 11902.521989768382, 11889.088495736589, 11989.769197184203, 12239.805677146402, 11692.195936582137, 12559.546218318083, 11279.084327707853, 11910.473954971352, 11100.730681084122, 11134.886281030827, 12715.411597265613, 11767.596376045689, 11277.918003065959, 11900.840019037625]
[11560.151537236685, 12360.235997943102, 11847.953263972933, 11442.546449042133, 11127.645567974057, 11723.053010021094, 10700.690471948965, 12438.345884967393, 12646.50216018827, 10375.002934945916, 13079.179172817032, 11484.280740134267, 11559.588696693052, 12211.98925736777, 12239.316819618904, 11066.940233792378, 11474.672196610776, 11416.827723616278, 11531.9381471165, 9965.117093125731, 11408.7378837422, 11845.473803455343, 12000.479449356182, 11558.62612571925, 11513.428428761776, 13065.925686065568, 11880.392898876478, 10624.367859548132, 11141.159026309491, 11624.060965567778, 11608.086032483361, 12052.527851081799, 11788.294329231781, 12816.017896388694, 11904.36398578095, 10782.813392748685, 11902.521989768382, 11889.088495736589, 11989.769197184203, 12231.215297934137, 11667.032930961821, 12559.546218318083, 11236.128666477645, 11907.108508911597, 11100.688303072997, 11088.809668218859, 12715.411597265613, 11755.28485267802, 11247.746622961498, 11873.497699581547]
[11492.629685531754, 12327.070488262376, 11842.828730703284, 11439.459300869434, 11101.980374717848, 11700.284688075719, 10674.616558854636, 12402.761522905152, 12646.50216018827, 10335.33553110287, 13042.441441160387, 11462.058347107435, 11559.588696693052, 12157.6096032505, 12223.554586086833, 11039.939031939306, 11436.06624869996, 11416.827723616278, 11484.582724472193, 9918.354243903406, 11365.117108509268, 11837.921194727456, 11995.689385087167, 11529.411911919971, 11513.428428761776, 13065.925686065568, 11850.932675143724, 10595.08441933749, 11135.288062852418, 11585.81010017428, 11608.086032483361, 12049.150732750795, 11772.632876379199, 12806.867069720878, 11890.002314355395, 10777.555126869865, 11902.521989768382, 11844.415707109034, 11989.769197184203, 12149.414590327078, 11667.032930961821, 12559.075034384863, 11188.234293338357, 11902.451194902536, 11099.012221937004, 11088.809668218859, 12701.356565485085, 11732.932547931185, 11206.507959497323, 11841.14054549414]
[11492.629685531754, 12327.070488262376, 11828.446698381422, 11427.220396736246, 11078.024276841326, 11700.284688075719, 10665.14272138367, 12402.761522905152, 12595.545609795176, 10329.567412090331, 13028.95834833496, 11461.560071453123, 11550.190133771295, 12146.916499711118, 12223.554586086833, 11039.939031939306, 11424.666048799356, 11368.921571467063, 11465.949245265514, 9878.125693107579, 11364.347611551679, 11812.941145037, 11991.550571054899, 11480.092391520098, 11513.428428761776, 13065.925686065568, 11850.932675143724, 10595.08441933749, 11135.288062852418, 11578.746928492572, 11584.404268002298, 12049.150732750795, 11751.89821902988, 12806.867069720878, 11883.580883282342, 10777.555126869865, 11902.521989768382, 11844.415707109034, 11983.41357513845, 12149.414590327078, 11667.032930961821, 12520.214400065663, 11188.234293338357, 11889.193727258602, 11085.918673624283, 11072.563346674844, 12668.552430570084, 11732.377318289013, 11206.507959497323, 11833.113133630683]
[11486.099096266102, 12327.070488262376, 11828.446698381422, 11427.220396736246, 11078.024276841326, 11700.284688075719, 10656.701708499839, 12376.306524089967, 12562.038421104937, 10303.582935373332, 13028.95834833496, 11458.683016963938, 11497.341074816653, 12134.386578530959, 12221.357984842853, 11006.82018149437, 11393.199162488194, 11365.454105577788, 11458.11025292973, 9878.125693107579, 11362.899968077927, 11812.941145037, 11991.550571054899, 11460.677686758825, 11513.428428761776, 13028.21653631971, 11839.584838898063, 10595.08441933749, 11058.379355895882, 11555.839651573224, 11524.56645265155, 12049.150732750795, 11751.89821902988, 12763.439191557782, 11862.249628715277, 10777.555126869865, 11885.334619950474, 11844.415707109034, 11972.843928731318, 12106.359385368338, 11647.126517693814, 12520.214400065663, 11167.757679551676, 11884.764274725594, 11004.757865789043, 11051.056999986378, 12655.461669887476, 11677.357244286371, 11196.09369732696, 11823.283825025783]
[11481.33878006079, 12305.759213357065, 11803.044901417938, 11385.650537047271, 11053.625256339004, 11688.871664256745, 10648.71793319241, 12376.306524089967, 12562.038421104937, 10295.752750349122, 13028.95834833496, 11434.872247871788, 11490.476698792001, 12134.386578530959, 12172.673149132432, 10953.386583719679, 11393.199162488194, 11343.008808391143, 11458.11025292973, 9795.254146983843, 11348.369627880797, 11798.877973818908, 11939.848725834789, 11459.080209253974, 11510.885609033516, 13028.21653631971, 11784.2767532232, 10593.067533501164, 11058.379355895882, 11555.839651573224, 11511.97689865061, 12025.57208732717, 11751.89821902988, 12763.439191557782, 11862.249628715277, 10777.555126869865, 11885.334619950474, 11844.415707109034, 11972.843928731318, 12103.2071307548, 11637.07407358466, 12483.65097598225, 11167.757679551676, 11817.764664681865, 11000.614747682548, 11042.100873486921, 12638.33319742589, 11660.653255729678, 11170.842884798809, 11823.283825025783]
[11461.423445591618, 12303.35713544091, 11803.044901417938, 11385.650537047271, 11053.625256339004, 11629.787501309649, 10604.347740556803, 12365.786278297812, 12550.201767663217, 10258.03998403112, 13023.567501401323, 11388.384219882835, 11460.117355163151, 12132.177470075858, 12172.673149132432, 10952.351175980959, 11393.199162488194, 11336.090152172354, 11436.171711166087, 9789.117342166883, 11325.969177187842, 11798.877973818908, 11909.670306485634, 11419.824451704713, 11494.299031929377, 13028.21653631971, 11779.842199400095, 10574.775659325085, 11054.227084634696, 11547.751110402036, 11482.665406233267, 12025.57208732717, 11730.711150756915, 12725.311084745534, 11862.249628715277, 10710.518296207807, 11885.334619950474, 11825.304348561851, 11920.559836211623, 12097.512329548095, 11624.559984893354, 12483.65097598225, 11147.179607932878, 11815.099531530272, 10980.953035885304, 10983.92294866407, 12638.33319742589, 11618.48617362282, 11170.842884798809, 11810.847986797284]
[11458.085351024343, 12303.35713544091, 11791.046564511558, 11377.552823407163, 11031.943746303376, 11572.01971525919, 10576.28934236429, 12361.460686207454, 12550.201767663217, 10233.561958263426, 13000.057625651445, 11347.371597787165, 11456.437059174501, 12123.82954054645, 12123.697862646508, 10945.986901871944, 11393.199162488194, 11303.199124725317, 11415.91650742799, 9766.503084680573, 11291.678985719214, 11752.396752875135, 11909.670306485634, 11405.057789667448, 11458.402353081066, 13028.21653631971, 11779.842199400095, 10506.87298399191, 11054.227084634696, 11483.130508616221, 11482.665406233267, 11979.763983453067, 11716.159854868052, 12693.233684872985, 11832.871899523334, 10675.345705141883, 11875.922615748575, 11798.680491413927, 11884.18467524905, 12075.394235907135, 11558.235945812125, 12483.65097598225, 11147.179607932878, 11815.099531530272, 10980.378930024091, 10981.270260047966, 12597.319805688652, 11613.47348735214, 11166.082957221184, 11795.570145239393]
[11429.227089418699, 12303.35713544091, 11791.046564511558, 11377.552823407163, 11020.400537534168, 11557.081670751184, 10516.687887674958, 12361.460686207454, 12535.069625014032, 10205.15865192756, 13000.057625651445, 11312.805256410098, 11456.437059174501, 12123.82954054645, 12063.319803327478, 10945.986901871944, 11393.199162488194, 11303.199124725317, 11415.91650742799, 9751.490738620052, 11268.901351956312, 11752.396752875135, 11878.394845394347, 11393.918550528018, 11445.822402437328, 13017.1915306915, 11763.132937396424, 10476.567061204894, 11044.34546586911, 11483.130508616221, 11478.022496934831, 11979.763983453067, 11699.484500150947, 12690.492338511754, 11823.262304546392, 10609.827897082638, 11875.922615748575, 11783.207362220968, 11820.281741837485, 12064.433263754214, 11558.235945812125, 12449.190482364957, 11147.179607932878, 11815.099531530272, 10980.378930024091, 10981.270260047966, 12569.537494716895, 11613.47348735214, 11098.951580682007, 11795.570145239393]
[11429.227089418699, 12296.943552738805, 11690.202801632271, 11345.364571191309, 10951.06929856694, 11496.353874045086, 10477.295302436261, 12326.783751689125, 12526.858583347293, 10205.15865192756, 13000.057625651445, 11295.608997455598, 11451.912516286733, 12121.756088887076, 12062.281945721392, 10945.986901871944, 11376.7649049737, 11275.912418687662, 11415.91650742799, 9731.228375189547, 11268.901351956312, 11752.396752875135, 11877.513822454623, 11393.918550528018, 11414.162384916946, 13004.865708745001, 11760.03382725032, 10455.620352331072, 11044.34546586911, 11474.882599260915, 11478.022496934831, 11979.763983453067, 11671.877899002131, 12687.95746965245, 11775.390452237985, 10609.088351785553, 11875.922615748575, 11783.207362220968, 11814.385741224143, 12064.433263754214, 11558.235945812125, 12449.190482364957, 11053.894470675286, 11747.588193988984, 10980.378930024091, 10977.559887185362, 12559.587320322187, 11601.506551902827, 11098.951580682007, 11795.570145239393]
[11421.80503073226, 12291.805475023819, 11679.128503553677, 11308.591483584669, 10928.329104021394, 11496.353874045086, 10439.237524791595, 12318.922240460215, 12516.864353867006, 10173.20963313013, 13000.057625651445, 11295.608997455598, 11426.605504350204, 12121.756088887076, 12052.083332958635, 10939.288788004085, 11340.698031325155, 11253.687005796819, 11415.91650742799, 9672.982858334753, 11176.448530195237, 11752.396752875135, 11867.04680976541, 11393.918550528018, 11388.828703365076, 12963.265124872094, 11683.795810964559, 10455.620352331072, 11036.866602466489, 11474.882599260915, 11478.022496934831, 11979.763983453067, 11671.631845986905, 12649.031619097681, 11775.390452237985, 10582.01800824195, 11861.917236432071, 11783.207362220968, 11813.436910594293, 12043.146700154673, 11485.331693689921, 12436.61657832839, 11053.894470675286, 11747.588193988984, 10977.335649072562, 10977.559887185362, 12559.587320322187, 11584.738178527738, 11098.951580682007, 11795.570145239393]
[11413.814789702841, 12291.805475023819, 11627.407972008263, 11284.573785088713, 10921.912754490795, 11496.353874045086, 10439.237524791595, 12318.922240460215, 12516.864353867006, 10077.777842967065, 12981.547119554745, 11279.87314928924, 11401.563495764673, 12121.756088887076, 12045.802622773585, 10933.51403929331, 11340.698031325155, 11253.687005796819, 11415.91650742799, 9625.843713330854, 11168.473522575025, 11752.396752875135, 11833.604463201838, 11393.918550528018, 11363.803864097, 12900.094807314781, 11683.795810964559, 10407.144380372774, 11017.956624395929, 11465.370921567799, 11478.022496934831, 11979.763983453067, 11667.75225588177, 12649.031619097681, 11775.390452237985, 10582.01800824195, 11860.022423938095, 11752.47303963323, 11813.436910594293, 12024.156292451302, 11456.541128756493, 12436.61657832839, 11053.894470675286, 11747.588193988984, 10919.603622421124, 10953.47741370601, 12545.291648533697, 11575.78795173746, 11067.506264177, 11795.570145239393]
[11413.814789702841, 12249.377286944307, 11627.407972008263, 11284.573785088713, 10901.228917247829, 11477.647281912328, 10426.72106992138, 12318.922240460215, 12508.10777028769, 10064.211834993086, 12952.245030236974, 11244.623815464554, 11401.563495764673, 12119.842769660912, 12041.523951745765, 10888.399626987375, 11333.724386316599, 11244.009960789263, 11387.86448002818, 9625.843713330854, 11121.63360559999, 11745.142714244435, 11833.604463201838, 11393.918550528018, 11363.803864097, 12860.441760551981, 11683.045738354962, 10381.49955683645, 11015.240368556737, 11438.477891397251, 11478.022496934831, 11967.384416701872, 11649.748267384835, 12649.031619097681, 11772.219769201283, 10557.693430232563, 11817.200612050314, 11659.414759291647, 11813.436910594293, 12001.656505521032, 11438.628776330681, 12436.61657832839, 11046.940260374193, 11703.403745361227, 10917.15560968588, 10920.883388574486, 12512.647869998986, 11567.192910086535, 11064.282352238617, 11791.368425655804]
[11413.814789702841, 12246.006277093878, 11617.675945919455, 11284.573785088713, 10901.228917247829, 11471.476752064582, 10410.92861135491, 12317.77384831763, 12502.289498037719, 10064.211834993086, 12932.174576852834, 11238.713485786622, 11337.11099977294, 12055.440684225969, 12014.247303917638, 10847.295330539264, 11333.724386316599, 11228.074880430873, 11370.814941736138, 9625.843713330854, 11121.63360559999, 11705.742258090164, 11814.0935980394, 11322.751300595988, 11345.361727941956, 12860.441760551981, 11675.332090219967, 10378.288615876063, 10955.57953208771, 11431.044007991557, 11478.022496934831, 11967.384416701872, 11649.748267384835, 12649.031619097681, 11765.40266773412, 10557.693430232563, 11813.24903696361, 11656.788817303366, 11813.436910594293, 12001.656505521032, 11430.463069170748, 12436.61657832839, 11046.940260374193, 11703.403745361227, 10891.042058567216, 10890.051835517112, 12512.647869998986, 11544.78423442842, 11064.282352238617, 11749.998458898155]
[11410.464064555488, 12246.006277093878, 11615.01703075048, 11263.273541793995, 10901.228917247829, 11471.476752064582, 10386.66415674199, 12317.77384831763, 12502.289498037719, 10015.473119318058, 12932.174576852834, 11222.266193574973, 11327.885962167951, 12026.413787265685, 12014.247303917638, 10847.295330539264, 11333.724386316599, 11228.074880430873, 11360.530993632377, 9602.669694013526, 11095.465753625374, 11705.742258090164, 11814.0935980394, 11297.620566002624, 11330.69097259922, 12857.6834852712, 11675.332090219967, 10368.368160239528, 10952.695110986893, 11422.84166661444, 11478.022496934831, 11918.371077319904, 11649.748267384835, 12649.031619097681, 11763.63460082384, 10557.693430232563, 11800.342233973915, 11656.788817303366, 11813.436910594293, 11989.941301887924, 11419.160394632465, 12364.956900602032, 11046.940260374193, 11700.425812531017, 10890.526131628756, 10841.96054485827, 12487.706851977113, 11531.005813527718, 11029.665063678643, 11691.141873382821]
[11385.17986767316, 12241.956223083209, 11612.071809436364, 11246.428647038343, 10901.228917247829, 11390.523695429905, 10386.66415674199, 12257.627838697328, 12502.289498037719, 10015.473119318058, 12932.174576852834, 11222.266193574973, 11310.814537036395, 12013.273509115685, 12014.247303917638, 10847.295330539264, 11327.162004382986, 11227.57914353897, 11330.772136484604, 9570.609412025724, 11095.465753625374, 11705.742258090164, 11792.75772348289, 11257.497187924897, 11330.69097259922, 12857.6834852712, 11675.332090219967, 10349.424813607018, 10952.695110986893, 11422.84166661444, 11478.022496934831, 11905.063424256408, 11649.748267384835, 12631.836939829727, 11731.960116238257, 10508.541454192118, 11775.913621801905, 11656.788817303366, 11771.362151078909, 11933.827026134915, 11419.160394632465, 12364.956900602032, 11037.41103653539, 11697.279046198302, 10887.474798515676, 10841.96054485827, 12470.720309444123, 11531.005813527718, 11029.665063678643, 11690.495910717214]
[11352.37708936595, 12208.877758478291, 11597.070575370752, 11246.428647038343, 10900.431985889189, 11371.860032841816, 10368.183055803263, 12257.627838697328, 12502.289498037719, 9987.611191429269, 12908.514834143802, 11222.266193574973, 11286.660969684823, 12013.273509115685, 12014.033910147778, 10844.155824992044, 11305.068344493404, 11227.57914353897, 11329.4609706535, 9570.609412025724, 11095.465753625374, 11689.194291688375, 11769.829922578621, 11165.64680674071, 11278.78427655078, 12835.437863460018, 11661.904152279003, 10349.424813607018, 10952.695110986893, 11414.65105367808, 11457.471556635703, 11905.063424256408, 11633.854923910507, 12611.529483693836, 11716.708925341534, 10508.541454192118, 11759.000745115784, 11650.369449837837, 11759.53430321803, 11916.751053842003, 11419.160394632465, 12341.191227332632, 11037.41103653539, 11637.587968374752, 10887.474798515676, 10804.005396493549, 12455.063223886567, 11524.201325558373, 11026.960684256632, 11648.672922092202]
[11331.549775221707, 12208.877758478291, 11597.070575370752, 11246.428647038343, 10900.431985889189, 11371.860032841816, 10336.016522006908, 12242.234047529506, 12458.593352061736, 9983.047992294767, 12893.438378007253, 11213.966932429572, 11277.875390233958, 11995.857699431186, 12014.033910147778, 10836.674712705424, 11291.947735774249, 11214.551027018064, 11327.290316402501, 9553.21243245274, 11047.941140654773, 11638.065224688962, 11769.829922578621, 11159.090049740516, 11262.320449523948, 12835.437863460018, 11661.904152279003, 10349.424813607018, 10940.267138012976, 11413.146989240335, 11419.10519136608, 11905.063424256408, 11616.077125449749, 12611.529483693836, 11696.381762553363, 10508.541454192118, 11759.000745115784, 11623.196561474202, 11759.53430321803, 11898.76947905002, 11355.603022766009, 12340.038345304956, 10996.943161432308, 11637.587968374752, 10887.474798515676, 10758.744751118258, 12454.850929668239, 11522.127238576983, 10966.912277873398, 11611.500085052066]
[11324.26725788459, 12178.747567873555, 11592.011784239849, 11226.14482957843, 10888.739809563473, 11366.226907785647, 10318.237383821941, 12180.13345586824, 12458.593352061736, 9983.047992294767, 12889.570665054833, 11200.86731848765, 11271.539887524008, 11995.857699431186, 12010.889904795744, 10835.140915769458, 11291.947735774249, 11185.845589006803, 11236.921582057581, 9551.23926981117, 11045.473488586047, 11638.065224688962, 11769.829922578621, 11138.741748483728, 11215.851153094347, 12826.604574532828, 11661.904152279003, 10349.424813607018, 10883.002405700034, 11413.146989240335, 11351.962602541065, 11905.063424256408, 11585.059117423745, 12595.253457315242, 11602.05471829361, 10469.789159837386, 11714.089475748726, 11623.196561474202, 11759.53430321803, 11898.76947905002, 11326.640575333953, 12334.056053853976, 10990.812459322671, 11611.713551686293, 10883.581246272786, 10739.999932501254, 12454.850929668239, 11522.127238576983, 10961.774127706092, 11609.737386224711]
[11324.26725788459, 12153.841432389498, 11592.011784239849, 11224.257996224569, 10761.024260777365, 11322.137359618566, 10299.484847141784, 12152.439730481683, 12429.758984964257, 9977.425732358375, 12880.29147715203, 11155.75255774972, 11271.539887524008, 11975.61261939703, 11972.761394257508, 10832.356622725709, 11291.947735774249, 11174.47356775761, 11236.921582057581, 9528.595104172962, 11019.053293725936, 11591.300963407415, 11724.84526812744, 11123.42230200567, 11198.298989774723, 12826.604574532828, 11656.556144751503, 10349.424813607018, 10883.002405700034, 11413.146989240335, 11322.25063543495, 11905.063424256408, 11585.059117423745, 12592.938522334493, 11590.002027072649, 10457.529165463227, 11714.089475748726, 11609.149569332867, 11700.405266419175, 11775.684131611084, 11298.646094711703, 12331.400827120155, 10990.812459322671, 11611.713551686293, 10868.703498200037, 10664.577782400778, 12454.850929668239, 11522.127238576983, 10912.9364272975, 11584.894548314907]
[11283.131538378151, 12144.553590130357, 11592.011784239849, 11218.745769074632, 10758.78043443851, 11322.137359618566, 10282.390589783967, 12151.22970182982, 12412.087962694188, 9972.424251484628, 12880.29147715203, 11155.75255774972, 11271.539887524008, 11953.428776549503, 11965.61940353797, 10814.939259078534, 11286.985710412422, 11148.87197763064, 11224.655409667523, 9526.447705542456, 11019.053293725936, 11547.751991481888, 11687.86610389037, 11123.42230200567, 11198.298989774723, 12816.854379329148, 11656.556144751503, 10343.827406049331, 10883.002405700034, 11386.331155016154, 11322.25063543495, 11905.063424256408, 11572.93060391559, 12592.938522334493, 11522.559879571776, 10430.421231852908, 11698.49913746321, 11585.124249511267, 11679.674107139184, 11761.678813819724, 11291.402346216202, 12331.400827120155, 10990.812459322671, 11611.713551686293, 10840.818202892222, 10627.133441603557, 12406.89256798209, 11491.837458946318, 10912.9364272975, 11584.894548314907]
[11209.72252014025, 12144.553590130357, 11592.011784239849, 11202.177123393716, 10758.78043443851, 11296.359645236927, 10282.390589783967, 12135.862378067213, 12412.087962694188, 9970.326936175394, 12855.892316872294, 11124.290378650901, 11271.153119613384, 11953.428776549503, 11928.122378494305, 10814.939259078534, 11276.69731015496, 11148.87197763064, 11203.570215679772, 9520.759832289546, 11016.882802645887, 11547.751991481888, 11680.509679106499, 11120.992543968601, 11198.298989774723, 12816.854379329148, 11637.475426384011, 10313.803204468728, 10883.002405700034, 11351.120550342708, 11322.25063543495, 11905.063424256408, 11566.55412419313, 12592.938522334493, 11522.559879571776, 10418.657393847094, 11688.981772164783, 11573.615091780759, 11659.190755133695, 11750.433552607801, 11285.032850662737, 12331.400827120155, 10959.314572163657, 11578.689001038862, 10837.076423933318, 10598.436644349498, 12391.070331814532, 11473.810864707415, 10912.9364272975, 11570.411990785475]
[11205.933052966779, 12142.3155454498, 11592.011784239849, 11173.502376166498, 10758.78043443851, 11296.359645236927, 10232.208730160495, 12135.862378067213, 12404.796997128427, 9944.45692344941, 12855.892316872294, 11124.290378650901, 11271.153119613384, 11953.15143632964, 11917.040655741042, 10814.939259078534, 11244.501256023028, 11144.197274920169, 11133.700245813005, 9520.759832289546, 11016.882802645887, 11547.751991481888, 11658.5484420493, 11103.599977989907, 11198.298989774723, 12788.125668742654, 11637.475426384011, 10293.487948970313, 10850.03922768844, 11344.28484020216, 11317.172625922896, 11904.390226836525, 11550.34990744408, 12552.224506326256, 11522.559879571776, 10418.657393847094, 11641.253535358463, 11562.977594691887, 11659.190755133695, 11750.433552607801, 11221.997596579191, 12331.400827120155, 10955.997083267992, 11563.415293541559, 10784.893931367993, 10598.436644349498, 12356.980770212696, 11473.810864707415, 10912.9364272975, 11566.510214597238]
[11205.933052966779, 12142.3155454498, 11591.23752544796, 11098.735944851867, 10758.78043443851, 11280.005275021747, 10217.391375701625, 12034.389097825198, 12404.796997128427, 9926.813625263801, 12836.917897757543, 11106.268098581151, 11261.301556507467, 11953.15143632964, 11917.040655741042, 10798.872438443886, 11244.501256023028, 11123.232014988595, 11108.317804047412, 9520.759832289546, 11013.744769361743, 11532.858746068658, 11645.989080991932, 11094.419600131983, 11187.571166579266, 12757.945144999147, 11589.135695898116, 10260.04105872582, 10825.190951958659, 11290.238908476205, 11303.030100543514, 11889.690333851326, 11541.244193864799, 12552.224506326256, 11511.604227118794, 10393.09439769846, 11625.451418167264, 11562.977594691887, 11652.078039148197, 11746.776826202922, 11162.511932999938, 12290.430562101832, 10898.929492238447, 11553.33903509874, 10777.517108545668, 10576.82646027904, 12352.57736343294, 11468.44245713666, 10912.9364272975, 11566.510214597238]
[11205.933052966779, 12131.964103264354, 11571.54432866097, 11098.735944851867, 10739.315472160675, 11280.005275021747, 10166.658604064149, 12034.389097825198, 12389.371727273312, 9911.031027967945, 12836.917897757543, 11106.268098581151, 11251.443435057452, 11936.086435993411, 11909.43033289288, 10750.50279201708, 11218.326372294385, 11123.07578645957, 11108.317804047412, 9508.359442512989, 10982.466612398584, 11532.858746068658, 11645.989080991932, 11082.056209146685, 11163.446710522468, 12729.937725055495, 11557.073203315551, 10252.334288522712, 10825.190951958659, 11247.829426348319, 11274.47084756057, 11869.157628848847, 11541.244193864799, 12505.255307187133, 11469.96327027911, 10376.084229527236, 11609.388670195845, 11524.23184743567, 11652.078039148197, 11746.776826202922, 11142.154265641884, 12229.595942369342, 10861.635860925295, 11553.33903509874, 10777.517108545668, 10575.36611903043, 12322.399667849764, 11392.774056118018, 10892.341789253078, 11566.510214597238]
[11205.933052966779, 12131.964103264354, 11571.54432866097, 11090.121423240205, 10709.65347135463, 11254.339918208205, 10153.016301817743, 12034.389097825198, 12389.371727273312, 9911.031027967945, 12836.917897757543, 11106.268098581151, 11170.066065292502, 11936.086435993411, 11909.43033289288, 10707.767993528056, 11218.326372294385, 11091.020364674932, 11108.317804047412, 9475.484293673571, 10964.215279991833, 11532.858746068658, 11634.537280378892, 11082.056209146685, 11041.643284932505, 12700.815326206572, 11557.073203315551, 10252.334288522712, 10759.684506413456, 11247.829426348319, 11272.21903841171, 11831.948465257403, 11510.030085828143, 12505.255307187133, 11469.96327027911, 10354.426882594551, 11609.388670195845, 11524.23184743567, 11634.400333467915, 11746.776826202922, 11113.962908202182, 12212.58534587105, 10789.004791825018, 11539.214601112832, 10748.300383049524, 10575.36611903043, 12322.399667849764, 11372.524075177285, 10892.341789253078, 11555.24238904834]
[11200.788988048767, 12102.828054850392, 11570.52035942371, 11090.121423240205, 10624.926914755053, 11254.339918208205, 10139.362346263842, 12034.389097825198, 12389.371727273312, 9911.031027967945, 12834.488814291653, 11093.473437740151, 11168.100271452502, 11936.086435993411, 11889.206018632036, 10685.552191960942, 11197.914899441312, 11091.020364674932, 11090.734624050241, 9470.711851186847, 10945.763450803219, 11477.96044004801, 11623.00248432289, 11082.056209146685, 11041.643284932505, 12677.787014469683, 11550.444225953772, 10244.587086290867, 10734.750360201446, 11243.95493701292, 11267.38030439696, 11831.948465257403, 11503.147568429324, 12505.255307187133, 11459.84084961484, 10329.668930396045, 11580.593820913533, 11501.485360402734, 11634.400333467915, 11746.776826202922, 11113.962908202182, 12212.58534587105, 10789.004791825018, 11532.359208392183, 10748.300383049524, 10514.409889327231, 12322.399667849764, 11369.074387075458, 10892.341789253078, 11555.24238904834]
[11200.788988048767, 12102.380142658938, 11517.875387073995, 11090.121423240205, 10615.580902158577, 11254.339918208205, 10124.911526303, 11987.616999658736, 12389.371727273312, 9874.024712207456, 12834.488814291653, 11093.473437740151, 11168.100271452502, 11920.924944750914, 11889.206018632036, 10685.552191960942, 11187.235790426526, 11081.182038788778, 11086.394535867385, 9462.485871393157, 10940.821547682568, 11443.647541435854, 11578.9875253518, 11082.056209146685, 11039.779289354166, 12665.009078815936, 11550.444225953772, 10236.288710381805, 10732.971194892954, 11243.95493701292, 11260.787580111799, 11831.948465257403, 11488.402171985865, 12498.624346972578, 11451.840721350261, 10329.668930396045, 11559.502460610025, 11469.28097603483, 11634.400333467915, 11743.181875941731, 11100.686517486552, 12159.423761689317, 10789.004791825018, 11508.858964618441, 10748.300383049524, 10490.448396744594, 12283.462118016085, 11365.634755746376, 10892.341789253078, 11535.304928629379]
[11177.512950230835, 12097.051602858568, 11499.841896765, 11077.469197411756, 10608.325870688765, 11240.478967782083, 10124.911526303, 11987.19721896551, 12376.982743210498, 9873.23156640076, 12819.162980056539, 11084.018364228443, 11158.39359085984, 11920.924944750914, 11885.46176719532, 10673.612779055185, 11173.783623618983, 11073.864421423645, 11083.988785355252, 9427.55458597576, 10940.821547682568, 11443.647541435854, 11552.79222746836, 11036.207788860058, 11039.779289354166, 12665.009078815936, 11550.444225953772, 10236.288710381805, 10732.971194892954, 11205.40766562761, 11235.801025348292, 11798.123117313793, 11474.420448606548, 12406.281202350974, 11429.767301795238, 10329.668930396045, 11559.502460610025, 11459.372598528387, 11620.46651884182, 11739.119437894222, 11045.814102791175, 12159.423761689317, 10784.59982202591, 11508.858964618441, 10748.300383049524, 10431.156394536563, 12270.955456981541, 11365.634755746376, 10891.5406311557, 11500.550400961996]
[11151.91922901211, 12062.48712628497, 11477.591844101198, 11049.052350839, 10575.233607357022, 11236.00024248648, 10072.987084602562, 11972.853190703037, 12376.982743210498, 9851.728435837727, 12812.6343652747, 11064.847511480122, 11139.40324049356, 11920.924944750914, 11885.46176719532, 10657.75479791335, 11173.783623618983, 11064.988842710805, 11075.261497800126, 9388.38234292937, 10940.821547682568, 11443.647541435854, 11530.3063605456, 11036.207788860058, 11014.603513440989, 12665.009078815936, 11528.923801867217, 10236.288710381805, 10732.971194892954, 11201.734942370844, 11222.773766128714, 11798.123117313793, 11474.420448606548, 12406.281202350974, 11412.109598885367, 10297.10528358111, 11559.502460610025, 11447.151703665355, 11613.946963616418, 11709.159257884414, 11045.814102791175, 12154.501439193831, 10784.59982202591, 11461.62708443474, 10719.931296398581, 10373.57002495531, 12270.955456981541, 11365.634755746376, 10869.08478106053, 11500.550400961996]
[11116.256176055522, 12058.37742975651, 11475.584135370236, 11049.052350839, 10562.072176889455, 11215.104480348557, 10027.250710988354, 11972.853190703037, 12341.141064783533, 9813.502878362857, 12807.724408828712, 11064.847511480122, 11139.40324049356, 11901.445706243818, 11868.160226875636, 10657.75479791335, 11148.503434504415, 11064.988842710805, 11067.376217197969, 9388.38234292937, 10940.821547682568, 11408.925929247403, 11530.3063605456, 11032.067249595599, 11013.662830228259, 12665.009078815936, 11527.380575538828, 10224.261721545037, 10732.971194892954, 11172.28872104055, 11222.773766128714, 11798.123117313793, 11464.991292509638, 12371.70375807849, 11412.109598885367, 10277.800124688632, 11559.502460610025, 11447.151703665355, 11578.487293812275, 11693.86664125445, 11045.814102791175, 12154.501439193831, 10779.541941694086, 11461.62708443474, 10719.931296398581, 10371.494795347937, 12270.955456981541, 11347.729944256464, 10869.08478106053, 11478.654583273565]
[11116.256176055522, 12058.0127047263, 11415.836429514562, 11043.418522768925, 10546.377223751086, 11185.339248279948, 10027.250710988354, 11972.853190703037, 12341.141064783533, 9806.00132580238, 12779.00010355058, 11041.103042316476, 11138.976531022921, 11901.445706243818, 11868.160226875636, 10657.396346056843, 11137.927202214703, 11064.988842710805, 11058.17616672789, 9363.329064853815, 10913.973990712844, 11399.250286564438, 11511.111628497843, 11023.71591779751, 11013.662830228259, 12628.818162703725, 11512.946171684802, 10224.261721545037, 10726.550805415154, 11172.28872104055, 11213.481741416228, 11795.858916097985, 11416.297115010864, 12348.803407721356, 11412.109598885367, 10232.248559716618, 11549.89696831525, 11434.093798675849, 11578.487293812275, 11663.385487692247, 11026.000673037657, 12139.41185444276, 10748.307420327128, 11461.62708443474, 10712.533552968698, 10371.494795347937, 12270.955456981541, 11322.768697527365, 10869.08478106053, 11478.654583273565]
[11116.256176055522, 12025.753853534323, 11415.836429514562, 11004.890752016614, 10525.626968417824, 11173.890513805014, 10027.250710988354, 11965.798806560459, 12341.141064783533, 9797.45381248987, 12779.00010355058, 10991.430100285485, 11126.422845601364, 11892.38374740203, 11826.263419555587, 10657.396346056843, 11137.927202214703, 11064.988842710805, 11054.384396220355, 9342.656714858638, 10913.973990712844, 11379.43195548678, 11501.02500751834, 10983.552987851424, 11003.23015504151, 12628.818162703725, 11511.193594377659, 10224.261721545037, 10689.844007743013, 11172.28872104055, 11208.573138202879, 11795.858916097985, 11347.928107999378, 12312.081545590192, 11412.109598885367, 10232.248559716618, 11545.379086944946, 11362.39609480264, 11566.364790071813, 11633.30894236778, 11009.163964141171, 12064.710850617113, 10741.141634725367, 11461.62708443474, 10687.386568639029, 10371.494795347937, 12265.971761510204, 11322.768697527365, 10853.727041201117, 11461.97094102774]
[11113.711413706538, 12025.753853534323, 11415.836429514562, 11004.890752016614, 10519.486426959327, 11146.437213756823, 10019.94472148138, 11960.730059177406, 12319.951834944188, 9771.215954044119, 12779.00010355058, 10982.15681397366, 11109.531581109803, 11844.559225633526, 11826.263419555587, 10657.396346056843, 11137.927202214703, 11037.988133510109, 11054.384396220355, 9342.656714858638, 10913.973990712844, 11375.80414545105, 11498.46300359281, 10983.552987851424, 11003.23015504151, 12628.818162703725, 11429.0978843387, 10224.261721545037, 10689.844007743013, 11126.241733796469, 11202.569614060307, 11758.030378426029, 11347.928107999378, 12307.76865234079, 11412.109598885367, 10232.248559716618, 11545.379086944946, 11324.598281245166, 11561.373892298985, 11633.30894236778, 10984.174675905433, 12064.710850617113, 10722.276501511895, 11461.567175013965, 10675.757899695975, 10362.282653394237, 12241.764705599204, 11298.889790835072, 10851.186037283795, 11450.138440678635]
[11094.772089270422, 12018.53116046935, 11415.836429514562, 11004.890752016614, 10519.486426959327, 11146.437213756823, 9993.210207739661, 11940.808369772469, 12305.856738348191, 9749.556246215354, 12778.264030774799, 10959.757551243925, 11083.498889515158, 11844.559225633526, 11826.263419555587, 10633.86700237128, 11137.927202214703, 11034.50828357509, 11054.384396220355, 9335.034416647435, 10865.950401965776, 11337.021663888816, 11491.622566131864, 10983.552987851424, 11003.23015504151, 12628.818162703725, 11392.463789468702, 10195.372452791995, 10687.82419236284, 11099.90877761095, 11201.620659225833, 11712.03110286218, 11343.824136515299, 12297.401115136505, 11412.109598885367, 10194.570197011079, 11545.379086944946, 11310.670674174426, 11561.373892298985, 11633.30894236778, 10967.042383115007, 12064.710850617113, 10722.276501511895, 11441.26679809759, 10675.757899695975, 10361.861517333706, 12241.764705599204, 11282.75467594204, 10851.186037283795, 11450.138440678635]
[11066.229324614982, 11995.110876071292, 11362.030017755347, 11004.890752016614, 10510.71817609961, 11137.698100858544, 9954.771653824722, 11935.729802401289, 12305.543656727737, 9749.556246215354, 12775.834044302183, 10955.05202430223, 11081.425411476699, 11815.628572795868, 11809.130869189821, 10633.176277878709, 11118.335636619826, 11013.647512759433, 11047.036322235992, 9330.428217151992, 10858.042675777591, 11337.021663888816, 11491.622566131864, 10983.552987851424, 10998.07545618432, 12628.818162703725, 11380.827240288787, 10195.372452791995, 10634.508378456529, 11093.453349980824, 11125.44400451457, 11660.156565725581, 11343.824136515299, 12228.695568072235, 11406.865853591748, 10192.811899950811, 11545.379086944946, 11295.185229347126, 11560.716848407832, 11633.30894236778, 10967.042383115007, 12064.710850617113, 10720.749465814259, 11441.26679809759, 10662.33721126087, 10324.014080863595, 12239.472861279299, 11278.32478851104, 10851.186037283795, 11443.775353669862]
[11042.375499384281, 11995.110876071292, 11362.030017755347, 10956.667425408807, 10510.71817609961, 11077.745301076353, 9928.482686917105, 11935.729802401289, 12298.489474839691, 9740.96383521704, 12754.152307240747, 10933.329841104576, 11080.727397823608, 11793.163015379196, 11797.975455173386, 10613.026862040813, 11116.893654302023, 11012.656073346012, 11035.532648073899, 9330.180997139958, 10837.620400405116, 11337.021663888816, 11418.698697518743, 10932.607168618142, 10998.07545618432, 12604.077376894666, 11350.498860856589, 10181.214485574712, 10618.891244417526, 11093.453349980824, 11125.44400451457, 11617.914790659408, 11343.824136515299, 12228.695568072235, 11391.290031440698, 10192.811899950811, 11545.379086944946, 11295.185229347126, 11523.644205568628, 11625.855162240128, 10967.042383115007, 12064.710850617113, 10711.88811022271, 11380.2669122524, 10662.33721126087, 10260.345631032831, 12238.057417072381, 11256.246280548625, 10851.186037283795, 11399.862455113693]
[11042.375499384281, 11950.87078122639, 11254.366698203716, 10956.667425408807, 10505.516132424067, 11077.745301076353, 9928.482686917105, 11935.729802401289, 12298.48441474001, 9716.694341982075, 12754.152307240747, 10922.594097503712, 11068.297606139155, 11793.163015379196, 11797.975455173386, 10605.158095059882, 11116.893654302023, 10995.560600784072, 11035.532648073899, 9330.180997139958, 10837.252050786468, 11337.021663888816, 11393.77327781017, 10929.813948012212, 10998.07545618432, 12604.077376894666, 11331.204011933802, 10181.214485574712, 10604.811605998597, 11090.262712348442, 11120.312315268884, 11611.291614560427, 11343.824136515299, 12192.276732703658, 11364.030830468088, 10155.479172903899, 11543.541591317971, 11240.292283969971, 11510.13586655548, 11625.855162240128, 10930.93233033244, 12064.710850617113, 10704.608845144074, 11377.967420965097, 10638.196806369038, 10260.345631032831, 12205.370766417425, 11256.246280548625, 10849.547075913513, 11396.250510160547]
[11038.806207040845, 11936.457096894785, 11220.135020811991, 10956.667425408807, 10479.676485850167, 11075.14869857597, 9928.482686917105, 11935.729802401289, 12297.479270027867, 9716.694341982075, 12683.810313701166, 10918.538064829043, 11068.297606139155, 11758.978429837342, 11783.65018916893, 10576.50130546323, 11116.893654302023, 10993.171537677703, 11035.532648073899, 9330.180997139958, 10800.689046411704, 11301.324575520226, 11393.77327781017, 10926.994937877647, 10987.53012043534, 12604.077376894666, 11314.058506328118, 10181.214485574712, 10598.551302357557, 11090.262712348442, 11120.312315268884, 11611.291614560427, 11337.939918775814, 12173.322592866218, 11364.030830468088, 10155.479172903899, 11543.541591317971, 11213.586067859154, 11510.13586655548, 11625.855162240128, 10930.93233033244, 12064.710850617113, 10661.488933479077, 11367.96937091272, 10637.708149272821, 10260.345631032831, 12205.370766417425, 11239.78986181953, 10832.011615324895, 11396.250510160547]
[11017.290952966268, 11936.457096894785, 11204.690445074277, 10950.772997339558, 10476.532397055917, 11075.14869857597, 9921.322854755217, 11935.729802401289, 12277.411684168143, 9677.254912187429, 12677.81978189441, 10918.397340764624, 11065.771284180115, 11740.307521988545, 11737.863896192006, 10576.50130546323, 11116.893654302023, 10934.20767059458, 11035.532648073899, 9295.677797655106, 10800.689046411704, 11289.681545960473, 11392.48855262798, 10922.728911747308, 10987.53012043534, 12555.74220632861, 11314.058506328118, 10177.063728728284, 10525.327246457997, 11062.721481196764, 11111.551699019115, 11570.033121216293, 11333.933191153792, 12169.744611525257, 11364.030830468088, 10155.479172903899, 11539.726281520008, 11212.69247312121, 11510.13586655548, 11597.270689420333, 10848.58893787652, 12064.710850617113, 10661.488933479077, 11311.965894916098, 10637.708149272821, 10260.345631032831, 12205.370766417425, 11239.78986181953, 10832.011615324895, 11259.648716846541]
[11010.640424062156, 11934.171603159986, 11201.98754039895, 10920.38345201655, 10476.412691338233, 11028.747954055292, 9921.322854755217, 11935.729802401289, 12253.216919584698, 9665.643584575093, 12674.754403753099, 10906.105277731032, 10999.87114534179, 11632.555600744268, 11707.02819222835, 10571.689722975741, 11116.893654302023, 10908.202865685855, 10990.489785021851, 9295.677797655106, 10797.438430509708, 11287.901928694853, 11366.684786419699, 10922.728911747308, 10930.886093308643, 12532.621156649091, 11312.350477347396, 10114.36202661515, 10470.131885436476, 11062.721481196764, 11086.11432124259, 11559.73780201191, 11311.611576113884, 12124.416283559349, 11363.281557178922, 10130.832423162854, 11539.726281520008, 11212.69247312121, 11454.862081329666, 11587.188873518853, 10827.043183603333, 12064.710850617113, 10619.347811467398, 11311.965894916098, 10635.502150205259, 10260.345631032831, 12189.337828439237, 11200.811201790943, 10782.334552712502, 11226.754863411978]
[11010.640424062156, 11934.171603159986, 11194.744564372115, 10920.38345201655, 10472.650713222516, 11028.747954055292, 9921.322854755217, 11913.187681731459, 12178.740962606738, 9652.56818139407, 12674.754403753099, 10906.105277731032, 10967.868772028578, 11585.303725418773, 11694.927796786138, 10533.8178971191, 11107.070674838924, 10895.795372101673, 10990.489785021851, 9295.677797655106, 10786.481882563274, 11287.901928694853, 11339.251011860457, 10922.728911747308, 10930.886093308643, 12527.540456792787, 11312.350477347396, 10114.36202661515, 10470.131885436476, 11060.94210366307, 11083.318361905662, 11548.769151341257, 11311.611576113884, 12124.416283559349, 11349.501428555404, 10130.832423162854, 11489.873481890492, 11212.69247312121, 11448.66839784658, 11553.10419004667, 10827.043183603333, 12043.953417678935, 10598.171427037947, 11294.106347392375, 10583.642431125461, 10251.019083061765, 12189.337828439237, 11183.003836153805, 10766.734132247251, 11226.754863411978]
[11005.802893614262, 11931.326194937772, 11177.962607707572, 10920.38345201655, 10433.715960510981, 11008.655199916006, 9893.694084978883, 11907.266584793513, 12175.741837070316, 9643.989733740404, 12672.254539789876, 10903.310253025975, 10936.207726247807, 11522.125975767087, 11694.294087462687, 10533.8178971191, 11090.879012070991, 10842.359168370125, 10951.4003356029, 9293.159286799757, 10780.756723806204, 11279.43560128521, 11339.251011860457, 10914.384378873538, 10924.375530577518, 12525.637834096495, 11311.080154141022, 10095.856624924423, 10469.678963034139, 11060.94210366307, 11083.318361905662, 11530.578413416903, 11311.611576113884, 12124.416283559349, 11349.501428555404, 10113.128457324463, 11437.124295593745, 11212.69247312121, 11448.66839784658, 11553.10419004667, 10827.043183603333, 12043.953417678935, 10584.605943688757, 11294.106347392375, 10548.604026711064, 10173.35546955614, 12189.084139034116, 11169.849626596419, 10759.25705887784, 11187.274651118894]
[11005.802893614262, 11931.326194937772, 11151.080490509254, 10861.015061578792, 10433.715960510981, 11008.655199916006, 9858.90322031842, 11873.752944619824, 12175.741837070316, 9640.989503792884, 12672.254539789876, 10837.957889332898, 10936.207726247807, 11498.764236350777, 11669.6344167108, 10533.253415466386, 11089.232439296353, 10842.359168370125, 10951.4003356029, 9252.481747978842, 10780.756723806204, 11269.231803615823, 11339.251011860457, 10898.339858902798, 10895.115305388597, 12524.709593292655, 11311.080154141022, 10088.724405603203, 10434.407863590151, 11055.78643511887, 11083.318361905662, 11526.152402931266, 11311.611576113884, 12124.416283559349, 11349.501428555404, 10077.064827624152, 11425.968084969756, 11212.69247312121, 11442.132428275001, 11553.10419004667, 10827.043183603333, 12043.953417678935, 10584.445146647011, 11291.776348054842, 10509.832144868675, 10173.35546955614, 12189.084139034116, 11169.849626596419, 10759.25705887784, 11187.274651118894]
[10971.241048362026, 11931.326194937772, 11132.23451558439, 10861.015061578792, 10428.642869172745, 11008.655199916006, 9858.90322031842, 11855.917489969821, 12175.741837070316, 9640.989503792884, 12672.254539789876, 10820.326181232856, 10936.207726247807, 11447.445214419264, 11665.99906536853, 10531.243818059662, 11089.232439296353, 10842.281502942156, 10951.4003356029, 9216.10423451513, 10765.557777858725, 11246.919466198891, 11339.251011860457, 10884.176728766712, 10895.115305388597, 12511.044987769576, 11311.080154141022, 10082.52780553726, 10424.969168628002, 11053.032109872853, 11066.860175232536, 11526.152402931266, 11311.611576113884, 12118.86582679379, 11302.389859032286, 10063.782397648925, 11411.314106121517, 11162.737361232746, 11438.732686591156, 11550.43052870379, 10827.043183603333, 12016.992534812078, 10554.495289928323, 11264.416302092903, 10499.709118320454, 10173.35546955614, 12189.084139034116, 11169.849626596419, 10759.25705887784, 11162.740449513942]
[10970.823956978787, 11931.326194937772, 11101.064878059098, 10850.579491660204, 10428.642869172745, 11008.655199916006, 9858.90322031842, 11855.917489969821, 12102.808867183212, 9631.460968501438, 12672.254539789876, 10820.326181232856, 10931.474206340406, 11447.445214419264, 11665.99906536853, 10522.018649478396, 11013.263466620341, 10811.172439255863, 10951.4003356029, 9208.630580591265, 10765.557777858725, 11246.919466198891, 11339.251011860457, 10861.622272049826, 10848.03134474217, 12470.766620379587, 11311.080154141022, 10018.49322456375, 10424.969168628002, 11046.775357686754, 11061.777700107381, 11514.194532748037, 11311.611576113884, 12118.86582679379, 11302.389859032286, 10060.039455106284, 11411.314106121517, 11153.835397829595, 11420.097856019132, 11469.721802653254, 10805.181108417428, 11977.828398921009, 10552.721881058711, 11249.810816086489, 10499.625053460153, 10173.35546955614, 12189.084139034116, 11142.29795883172, 10759.25705887784, 11120.130337313914]
[10958.056058026572, 11924.390882554584, 11071.833989900786, 10850.579491660204, 10424.74362366558, 11001.246694593787, 9848.744733075851, 11845.863847147739, 12102.808867183212, 9631.460968501438, 12657.813515399539, 10814.680847285666, 10931.474206340406, 11447.445214419264, 11665.99906536853, 10518.079435719499, 11012.860902083808, 10784.113111678565, 10950.461355635372, 9208.630580591265, 10761.036602970355, 11246.919466198891, 11339.251011860457, 10861.622272049826, 10795.479414084075, 12470.766620379587, 11223.894735507693, 9971.264235550467, 10397.289757339357, 11019.5274433165, 11060.892525332278, 11514.194532748037, 11303.322466278183, 12118.064495844588, 11302.389859032286, 10044.73289432571, 11394.964528116563, 11122.394145930872, 11405.182006677602, 11469.721802653254, 10805.181108417428, 11977.828398921009, 10544.108055023238, 11245.477321174327, 10497.646445511318, 10113.95987666373, 12189.084139034116, 11135.13881133851, 10742.994954364603, 11120.130337313914]
[10954.289376072596, 11909.219552765944, 11071.833989900786, 10850.579491660204, 10336.743592541636, 10994.53547215831, 9842.980396927947, 11822.590624239832, 12102.808867183212, 9603.31617038471, 12631.183610287835, 10763.674232238036, 10931.474206340406, 11441.48589039765, 11665.99906536853, 10506.34933642887, 10980.019015531649, 10784.113111678565, 10917.0269199399, 9166.638950363169, 10744.178945425781, 11246.919466198891, 11323.727584050112, 10861.622272049826, 10774.482786438948, 12470.766620379587, 11145.040561045716, 9946.955081202603, 10397.289757339357, 10988.494997185906, 11058.334945516459, 11514.194532748037, 11302.155193127735, 12118.064495844588, 11302.389859032286, 10044.039366821067, 11394.964528116563, 11095.237741018396, 11396.42311276804, 11456.152837692603, 10771.160155882693, 11972.822916616498, 10544.108055023238, 11243.285727135872, 10497.646445511318, 10095.116092130078, 12177.623178694314, 11046.514035014834, 10732.497341030325, 11120.130337313914]
[10932.669513900624, 11909.219552765944, 11071.833989900786, 10836.21904713166, 10312.253831315515, 10990.850589560338, 9830.291049228563, 11822.590624239832, 12102.808867183212, 9603.31617038471, 12589.771586120409, 10756.186022330094, 10915.892353151721, 11435.90169795146, 11665.99906536853, 10439.637024918698, 10980.019015531649, 10784.113111678565, 10910.743570675444, 9154.233324917974, 10732.368165331094, 11214.535471908455, 11313.242469999355, 10788.793933268393, 10774.482786438948, 12470.766620379587, 11145.040561045716, 9942.999275707654, 10354.730693457332, 10988.494997185906, 11058.334945516459, 11501.891351708186, 11263.96398863373, 12118.064495844588, 11302.389859032286, 10021.028035186946, 11394.964528116563, 11095.237741018396, 11394.009567348048, 11443.919919216234, 10751.463336989194, 11972.822916616498, 10544.108055023238, 11230.735821728871, 10474.729690394606, 10057.894626058198, 12177.623178694314, 11046.514035014834, 10732.497341030325, 11120.130337313914]
[10897.012235937971, 11909.219552765944, 11040.10431889456, 10791.485565854635, 10312.253831315515, 10972.962692159734, 9830.291049228563, 11809.224349366912, 12102.808867183212, 9588.438447248913, 12589.771586120409, 10756.186022330094, 10892.400701684337, 11435.90169795146, 11665.99906536853, 10426.097260197506, 10964.485950064, 10762.800922420976, 10910.743570675444, 9154.233324917974, 10720.614832095678, 11185.410032259995, 11313.242469999355, 10781.160255519584, 10774.482786438948, 12470.766620379587, 11145.040561045716, 9942.999275707654, 10354.730693457332, 10986.596779076748, 10999.317262695033, 11497.522243344307, 11250.269983616516, 12067.655231893277, 11276.12859297979, 10009.70704517028, 11394.964528116563, 11040.570702905781, 11372.159742050242, 11407.960239456648, 10751.463336989194, 11972.822916616498, 10544.108055023238, 11163.520886283282, 10474.729690394606, 10034.132604503593, 12164.241507585666, 11046.514035014834, 10720.903574143998, 11120.130337313914]
[10897.012235937971, 11813.020939037608, 11022.754791860421, 10791.485565854635, 10312.253831315515, 10972.962692159734, 9774.934873497174, 11809.224349366912, 12102.808867183212, 9569.008963482356, 12589.771586120409, 10743.243196562766, 10860.744523403038, 11405.69341522411, 11635.652343411699, 10413.104090823996, 10960.231420144633, 10762.800922420976, 10901.74188202982, 9139.530104316087, 10720.614832095678, 11185.410032259995, 11313.242469999355, 10781.160255519584, 10774.482786438948, 12443.082801109053, 11143.526108540373, 9921.774628247123, 10354.644418404383, 10963.94366523735, 10999.317262695033, 11497.522243344307, 11250.269983616516, 12033.068260129505, 11276.12859297979, 10009.70704517028, 11378.566629063547, 11040.570702905781, 11339.324772652928, 11407.960239456648, 10746.610905001147, 11972.822916616498, 10544.108055023238, 11163.520886283282, 10474.729690394606, 10034.132604503593, 12153.898741873672, 11046.514035014834, 10697.014141535283, 11115.275711984996]
[10868.058070883993, 11795.687405530949, 11022.754791860421, 10791.485565854635, 10311.94119000106, 10939.902090503661, 9774.934873497174, 11775.980571612035, 12057.74831725187, 9569.008963482356, 12589.771586120409, 10743.243196562766, 10828.645154524027, 11405.69341522411, 11603.12599588848, 10395.538005209772, 10943.909015761383, 10756.64430468689, 10839.374669419476, 9135.402285811888, 10720.614832095678, 11185.380826349014, 11302.69494050238, 10777.439750154605, 10774.482786438948, 12443.082801109053, 11122.327722914906, 9915.76230946817, 10354.644418404383, 10960.856544725844, 10999.317262695033, 11460.9596322439, 11240.83202768005, 12010.547182089127, 11276.12859297979, 10009.70704517028, 11362.551444396264, 11040.570702905781, 11335.147853864619, 11407.960239456648, 10741.596773937523, 11972.822916616498, 10529.858988164957, 11095.086723343946, 10474.729690394606, 10034.132604503593, 12087.430125772122, 11038.155104285386, 10690.361582101432, 11115.275711984996]
[10857.926291471329, 11795.687405530949, 11022.754791860421, 10791.485565854635, 10311.94119000106, 10939.902090503661, 9727.882184775262, 11775.980571612035, 12050.784790607066, 9569.008963482356, 12534.570663096363, 10724.71694779746, 10828.645154524027, 11401.198424794286, 11603.12599588848, 10388.075339328, 10934.759510916792, 10756.612968918493, 10834.024613070938, 9135.359579690445, 10720.614832095678, 11185.380826349014, 11302.69494050238, 10775.042630148473, 10754.344256729863, 12413.745144457947, 11113.816316181474, 9905.077069911238, 10354.644418404383, 10894.64679261234, 10990.969252516097, 11460.9596322439, 11146.700368256797, 12009.429523940173, 11177.856422363604, 9998.356487482652, 11327.225739468951, 11040.570702905781, 11321.73569157613, 11407.960239456648, 10741.596773937523, 11972.822916616498, 10513.665940416293, 11058.020828608274, 10467.050862229597, 10034.132604503593, 12078.272395237927, 11038.155104285386, 10664.11426757774, 11111.063538437644]
[10857.926291471329, 11786.903075670225, 11022.754791860421, 10763.180340241395, 10311.94119000106, 10933.431038943058, 9727.882184775262, 11775.980571612035, 12050.784790607066, 9525.397380134144, 12534.570663096363, 10687.919668839117, 10802.6289685598, 11401.198424794286, 11602.310053377507, 10385.052237548462, 10917.68123388339, 10752.267223702107, 10834.024613070938, 9135.359579690445, 10711.440779245811, 11185.380826349014, 11302.69494050238, 10775.042630148473, 10742.20635918374, 12373.516747811364, 11113.816316181474, 9905.077069911238, 10354.644418404383, 10835.566810560053, 10958.54328369684, 11389.682167221461, 11075.23115074509, 12006.709496357364, 11156.796750544545, 9991.03738557809, 11327.225739468951, 11040.570702905781, 11302.95094414865, 11398.342439843484, 10730.902337196776, 11972.822916616498, 10513.665940416293, 11007.228137223365, 10467.050862229597, 10034.132604503593, 12055.354759861799, 11036.784732772288, 10647.76977336245, 11094.765213062099]
[10848.145856584128, 11652.27528674075, 11014.79597405253, 10763.180340241395, 10311.94119000106, 10918.646620377576, 9727.882184775262, 11765.690838262115, 12050.784790607066, 9524.39125224196, 12534.570663096363, 10671.509548524256, 10802.6289685598, 11401.198424794286, 11601.114540118531, 10361.093169256885, 10854.190645871015, 10751.778756679127, 10814.132792791574, 9134.501928352198, 10700.944511059304, 11148.561851778537, 11302.69494050238, 10771.540144908748, 10742.20635918374, 12373.516747811364, 11113.816316181474, 9905.077069911238, 10354.316353112088, 10821.026782477293, 10918.698547642201, 11351.264457364978, 11075.23115074509, 12006.709496357364, 11139.179815692994, 9991.03738557809, 11327.225739468951, 11034.722182020461, 11301.425127250699, 11393.121350199905, 10700.984812198654, 11955.362359554008, 10513.665940416293, 11007.228137223365, 10461.233892132586, 9991.639314731856, 12055.354759861799, 11025.65827765722, 10614.847229384743, 11088.85546020591]
[10812.854406075687, 11636.097648560575, 11014.79597405253, 10760.13010984854, 10293.408600383895, 10918.646620377576, 9727.882184775262, 11765.690838262115, 12050.784790607066, 9515.536604702802, 12533.09968495697, 10669.757209594807, 10802.6289685598, 11401.198424794286, 11571.186929481863, 10353.720792747892, 10830.686468501797, 10751.778756679127, 10796.649533354463, 9134.501928352198, 10700.944511059304, 11148.165748465857, 11283.588967197915, 10742.044796752154, 10742.20635918374, 12361.98022672491, 11113.816316181474, 9904.455802067223, 10322.376580871703, 10782.995191369697, 10869.77756987873, 11323.515007656772, 11075.23115074509, 12006.709496357364, 11136.056270713298, 9991.03738557809, 11277.230330933764, 11015.53721552531, 11260.356455075258, 11356.127353607264, 10700.984812198654, 11955.362359554008, 10507.624490866347, 10990.729970474284, 10428.807260439515, 9985.315136789126, 12055.354759861799, 11020.570290645677, 10571.490363946008, 11088.85546020591]
[10800.390903072232, 11603.204022661976, 11014.79597405253, 10719.467637059406, 10280.960223671667, 10915.862264682113, 9684.282604075319, 11739.46687145029, 12039.140587711478, 9491.568440340576, 12522.329687150926, 10669.757209594807, 10802.6289685598, 11401.198424794286, 11549.167691008248, 10353.720792747892, 10812.998404962045, 10722.428250924797, 10785.840139411212, 9083.081850477058, 10654.250862368068, 11148.165748465857, 11283.588967197915, 10742.044796752154, 10733.677584354575, 12361.98022672491, 11107.921579964157, 9835.994495311157, 10322.376580871703, 10731.379438221898, 10863.867710199647, 11305.213453499342, 11075.23115074509, 11998.713548343569, 11123.125588625355, 9978.646378318508, 11266.649037536798, 11015.53721552531, 11217.657819878636, 11356.127353607264, 10695.84252941147, 11955.362359554008, 10503.816074780614, 10972.844595584316, 10428.807260439515, 9973.486041741311, 12052.437820052968, 11020.570290645677, 10565.77813275061, 11088.85546020591]
[10780.60618335069, 11546.15665844946, 11014.79597405253, 10719.467637059406, 10280.045470434176, 10866.749455402763, 9684.282604075319, 11739.46687145029, 12039.140587711478, 9490.114918760653, 12522.329687150926, 10611.376444743084, 10801.604648227843, 11401.198424794286, 11533.359676838607, 10349.266303789902, 10812.998404962045, 10722.428250924797, 10779.328029743374, 9064.523599332651, 10627.13410009467, 11077.90034531782, 11283.588967197915, 10715.209839384806, 10733.677584354575, 12361.98022672491, 11097.606253865128, 9812.968721155423, 10322.376580871703, 10731.379438221898, 10861.92271071947, 11302.89028159007, 11071.304226111015, 11998.713548343569, 11108.053721177155, 9949.073618652186, 11266.649037536798, 10995.960784454606, 11176.971473158668, 11356.127353607264, 10695.84252941147, 11955.362359554008, 10503.816074780614, 10945.828217096747, 10385.694289055662, 9963.00612841399, 12052.437820052968, 10991.403058686683, 10556.528477331014, 11088.85546020591]
[10780.60618335069, 11546.15665844946, 10997.530188068216, 10692.222714168229, 10188.506488239917, 10864.504128305964, 9684.282604075319, 11739.46687145029, 12025.793955757352, 9459.158048821335, 12522.329687150926, 10608.25549216512, 10785.282872504424, 11394.270049780198, 11533.359676838607, 10327.91783411457, 10812.998404962045, 10703.924938308188, 10738.484012207786, 9026.740456585683, 10627.13410009467, 11066.868248771427, 11243.388328260684, 10690.55289979887, 10733.677584354575, 12330.983160182832, 11097.606253865128, 9812.968721155423, 10309.19078598909, 10731.379438221898, 10861.92271071947, 11302.89028159007, 11016.534055048724, 11998.713548343569, 11098.684321760491, 9944.615477214895, 11266.649037536798, 10995.960784454606, 11176.971473158668, 11320.76556080869, 10695.84252941147, 11955.362359554008, 10503.816074780614, 10945.828217096747, 10378.235374695874, 9963.00612841399, 12052.437820052968, 10981.740035921664, 10506.839762356452, 11088.85546020591]
[10765.736749765656, 11537.80763124683, 10997.530188068216, 10692.222714168229, 10188.506488239917, 10851.458138686812, 9671.249903654501, 11739.46687145029, 12025.793955757352, 9430.281566468988, 12522.329687150926, 10604.527059249516, 10785.282872504424, 11394.270049780198, 11533.359676838607, 10327.309417724431, 10812.998404962045, 10685.873813617245, 10738.484012207786, 9026.740456585683, 10627.06819317315, 11049.495445253015, 11237.332537106226, 10690.55289979887, 10719.404572598676, 12330.983160182832, 11097.606253865128, 9785.353219568668, 10269.608131078738, 10727.844576207857, 10833.713153095528, 11302.89028159007, 10982.10449968516, 11970.128220577422, 11019.227544031542, 9944.615477214895, 11266.649037536798, 10995.960784454606, 11176.971473158668, 11320.76556080869, 10695.84252941147, 11955.362359554008, 10503.816074780614, 10945.828217096747, 10370.522311309047, 9958.214167705743, 12004.694902770538, 10981.740035921664, 10490.160650422875, 11088.85546020591]
[10737.292916418992, 11525.560188236394, 10964.870829551337, 10692.222714168229, 10137.408632468494, 10851.458138686812, 9671.249903654501, 11731.999779241098, 12025.793955757352, 9405.316518809486, 12492.073616966542, 10604.527059249516, 10785.282872504424, 11393.109348077993, 11522.733505446911, 10327.309417724431, 10812.998404962045, 10659.561224224695, 10738.484012207786, 9004.928175733265, 10612.491090804211, 11049.495445253015, 11236.84392346509, 10690.55289979887, 10709.714800508842, 12330.983160182832, 11051.724574767639, 9785.353219568668, 10269.608131078738, 10716.360005425835, 10833.713153095528, 11302.89028159007, 10938.744593397103, 11958.961681561395, 11019.227544031542, 9929.445260054554, 11259.624427848907, 10970.690684869707, 11165.154589752778, 11316.068992847515, 10692.464510817123, 11955.362359554008, 10503.816074780614, 10909.056020061173, 10370.522311309047, 9958.214167705743, 12004.694902770538, 10981.198438112715, 10490.160650422875, 11088.85546020591]
[10737.292916418992, 11525.560188236394, 10964.870829551337, 10692.222714168229, 10137.408632468494, 10851.458138686812, 9619.073786654679, 11717.958808887312, 12019.558587232481, 9405.316518809486, 12492.073616966542, 10599.541046789342, 10778.702833174397, 11340.877796515148, 11522.733505446911, 10327.309417724431, 10802.734728602698, 10641.114637236256, 10722.31244656626, 8983.900936709568, 10612.491090804211, 11049.495445253015, 11206.806541675662, 10690.55289979887, 10709.714800508842, 12330.983160182832, 11051.724574767639, 9769.130527956155, 10269.515326712146, 10708.116214850668, 10833.713153095528, 11270.274840669359, 10934.941406927714, 11958.961681561395, 11010.870302954025, 9922.976429045993, 11259.624427848907, 10948.014878179363, 11090.913853167829, 11316.068992847515, 10689.428229774057, 11955.362359554008, 10503.816074780614, 10909.056020061173, 10370.522311309047, 9958.214167705743, 12004.694902770538, 10981.198438112715, 10476.504122660848, 11066.214525992913]
[10697.761479459767, 11525.560188236394, 10903.013543319788, 10692.222714168229, 10134.51018351161, 10777.750960302397, 9610.132568627545, 11716.59844978786, 12005.714058788653, 9405.316518809486, 12458.630241780556, 10560.754961927996, 10778.702833174397, 11336.6056080351, 11498.224575530008, 10284.206298001438, 10802.734728602698, 10632.730601770932, 10697.165189745116, 8983.900936709568, 10576.286974368057, 11049.495445253015, 11203.429252490856, 10690.55289979887, 10709.714800508842, 12330.983160182832, 11051.724574767639, 9750.187526225758, 10268.283494917227, 10706.428458072258, 10806.224873493724, 11270.274840669359, 10934.941406927714, 11870.428669395009, 10994.037986899026, 9886.854239390403, 11259.624427848907, 10948.014878179363, 11090.913853167829, 11316.068992847515, 10686.232926950202, 11910.222740547302, 10448.902237250815, 10874.7849043391, 10370.522311309047, 9941.279834604753, 11982.237936344209, 10981.198438112715, 10445.80816454704, 11058.025863968649]
[10697.761479459767, 11525.560188236394, 10902.6219449599, 10692.222714168229, 10134.51018351161, 10768.783517234293, 9599.899592894366, 11716.59844978786, 12005.714058788653, 9405.316518809486, 12458.630241780556, 10546.583939059852, 10741.454656657152, 11336.6056080351, 11496.58659226686, 10271.622652616747, 10799.238014513588, 10628.52455311336, 10697.165189745116, 8983.900936709568, 10568.88135284112, 11049.495445253015, 11203.429252490856, 10628.438225733724, 10708.207975470248, 12330.983160182832, 11051.724574767639, 9709.52006618613, 10213.047704520492, 10649.881361559132, 10806.224873493724, 11256.733327332438, 10934.941406927714, 11870.428669395009, 10959.683692515366, 9828.884189823899, 11259.624427848907, 10948.014878179363, 11090.913853167829, 11316.068992847515, 10679.1677107109, 11906.69820949548, 10417.356067785882, 10874.7849043391, 10332.57610728445, 9922.521783491491, 11982.237936344209, 10898.80258991448, 10445.80816454704, 11056.508065498869]
[10697.761479459767, 11525.560188236394, 10853.034245114286, 10692.222714168229, 10134.51018351161, 10768.783517234293, 9599.899592894366, 11716.59844978786, 12005.714058788653, 9367.63356898011, 12414.177310458093, 10545.566484853991, 10741.454656657152, 11330.995583230939, 11496.58659226686, 10271.622652616747, 10799.238014513588, 10628.52455311336, 10697.165189745116, 8975.043933307526, 10568.88135284112, 11043.923559012224, 11203.429252490856, 10623.816485303687, 10708.207975470248, 12330.983160182832, 11015.35632045314, 9709.52006618613, 10213.047704520492, 10634.2590132661, 10806.224873493724, 11256.733327332438, 10915.843779039915, 11870.428669395009, 10959.683692515366, 9828.884189823899, 11258.862657771198, 10948.014878179363, 11084.750287762912, 11313.635802365781, 10674.488891832922, 11906.69820949548, 10349.727619646132, 10864.428165987785, 10270.056529204448, 9907.249831581585, 11973.879966809145, 10898.80258991448, 10431.746765343087, 11046.21617263802]
[10684.079797583956, 11502.171255173787, 10814.876934144077, 10644.233426809811, 10132.487912609164, 10730.535280846745, 9563.483926706906, 11704.076021821018, 12005.714058788653, 9367.63356898011, 12414.177310458093, 10545.566484853991, 10690.35848530206, 11330.995583230939, 11482.354388713806, 10250.720004051287, 10777.168212516364, 10615.989128573765, 10686.58541253936, 8949.879572179649, 10568.88135284112, 11028.717062348653, 11203.429252490856, 10623.816485303687, 10708.207975470248, 12330.983160182832, 10990.05089405255, 9709.52006618613, 10213.047704520492, 10613.325790436695, 10764.219079671531, 11256.733327332438, 10908.1784582734, 11842.72882649657, 10959.683692515366, 9803.577353557024, 11258.862657771198, 10948.014878179363, 11084.750287762912, 11309.94284645776, 10674.488891832922, 11856.111337039305, 10347.721834927526, 10864.428165987785, 10235.716724258564, 9907.249831581585, 11973.02994115188, 10846.468853161181, 10416.139565539353, 11046.21617263802]
[10657.918552383211, 11490.098337945721, 10814.876934144077, 10637.758634936365, 10124.160981921716, 10724.054737505323, 9563.483926706906, 11704.076021821018, 12005.714058788653, 9367.63356898011, 12414.177310458093, 10539.60353896555, 10673.69600057582, 11330.995583230939, 11474.292140203745, 10250.720004051287, 10777.168212516364, 10611.965131985557, 10660.14912122458, 8941.35029570752, 10568.88135284112, 10994.548582258496, 11203.429252490856, 10613.722012441156, 10674.507313727847, 12316.57882055184, 10971.510062825813, 9696.75527989258, 10192.499140572694, 10613.325790436695, 10744.38664617052, 11177.706628682841, 10908.1784582734, 11830.050097862282, 10959.683692515366, 9803.577353557024, 11258.862657771198, 10940.295447675067, 11071.911338149312, 11303.0440029046, 10674.488891832922, 11856.111337039305, 10345.526106573005, 10864.428165987785, 10235.716724258564, 9907.249831581585, 11928.316405663445, 10846.468853161181, 10416.139565539353, 11045.849696428177]
[10657.918552383211, 11478.396112994738, 10810.131903775626, 10596.2712312451, 10121.74110482389, 10675.414980460551, 9530.667115706943, 11704.076021821018, 11972.862936635964, 9367.63356898011, 12414.177310458093, 10532.353118230143, 10673.69600057582, 11330.995583230939, 11474.292140203745, 10190.558261203656, 10777.168212516364, 10594.286801318902, 10649.175780658343, 8895.254152383575, 10568.88135284112, 10994.548582258496, 11147.594423995497, 10613.722012441156, 10616.11414578104, 12316.57882055184, 10957.547411857526, 9696.75527989258, 10188.399717450236, 10565.749545470171, 10733.464073220295, 11170.177919657519, 10879.503919952756, 11772.392629448916, 10959.683692515366, 9763.812365758933, 11233.829059828753, 10940.295447675067, 11071.911338149312, 11299.582115270832, 10630.893093621906, 11856.111337039305, 10345.526106573005, 10864.428165987785, 10235.716724258564, 9907.249831581585, 11884.366401160483, 10846.468853161181, 10416.139565539353, 11010.122720485242]
[10656.155969266913, 11478.396112994738, 10799.659267300998, 10596.2712312451, 10102.470531945928, 10675.085498239072, 9523.139214404842, 11675.26118873245, 11972.862936635964, 9359.011045673611, 12411.027136797338, 10532.353118230143, 10673.692411497415, 11330.995583230939, 11451.008888644177, 10188.56683592236, 10758.618381982064, 10594.286801318902, 10618.81477704422, 8892.928207887724, 10547.228595017043, 10994.548582258496, 11144.501459056573, 10594.942256646971, 10607.627785084516, 12316.57882055184, 10926.296726575969, 9696.75527989258, 10185.253260498874, 10559.540307192654, 10733.464073220295, 11170.177919657519, 10831.171628668177, 11772.392629448916, 10959.683692515366, 9754.72539855792, 11221.952137965314, 10910.469935564932, 11069.068797500866, 11240.28151280074, 10630.893093621906, 11856.111337039305, 10345.526106573005, 10864.428165987785, 10223.369164284612, 9855.250616340272, 11856.63316301167, 10822.727391548993, 10402.015030479697, 11010.122720485242]
[10647.704292250306, 11456.714310959109, 10788.483907245942, 10596.2712312451, 10102.470531945928, 10675.085498239072, 9471.652573954423, 11656.464408552509, 11962.874090151821, 9339.352619186262, 12411.027136797338, 10527.090161759885, 10619.99473320878, 11316.937462798065, 11430.136918765531, 10170.068339196894, 10758.618381982064, 10594.286801318902, 10607.601474482119, 8851.12307499497, 10547.228595017043, 10994.548582258496, 11126.5216964861, 10591.021849035433, 10596.512596218628, 12248.276822991478, 10907.185365380503, 9665.785965753628, 10171.65465137198, 10559.540307192654, 10712.005624161075, 11170.177919657519, 10831.171628668177, 11767.470388998412, 10959.683692515366, 9749.70105442056, 11221.952137965314, 10910.469935564932, 11053.30588625344, 11240.28151280074, 10630.893093621906, 11849.869452367982, 10322.598975539056, 10851.794101200463, 10196.845156552194, 9833.981621040719, 11852.635177278276, 10822.727391548993, 10331.68617948936, 10994.190255027353]
[10647.704292250306, 11437.227724227658, 10735.917099314025, 10596.2712312451, 10102.470531945928, 10654.306302646615, 9467.294592101567, 11656.464408552509, 11930.98135962545, 9339.352619186262, 12391.051548891108, 10522.825144204928, 10584.669643506413, 11258.42328592147, 11332.143708482672, 10164.809459338048, 10723.650811089014, 10586.378034735373, 10607.601474482119, 8839.430860068896, 10537.942076919904, 10994.548582258496, 11126.5216964861, 10591.021849035433, 10596.512596218628, 12248.276822991478, 10907.185365380503, 9665.785965753628, 10171.65465137198, 10559.540307192654, 10709.51457416661, 11146.621568041704, 10827.294498432073, 11767.470388998412, 10959.683692515366, 9731.639143074482, 11221.952137965314, 10903.197357396766, 11010.973073756335, 11235.735981360418, 10593.027851632534, 11849.869452367982, 10322.598975539056, 10851.794101200463, 10144.338199977496, 9825.452961969195, 11801.88533843205, 10821.553240125382, 10275.65980211222, 10969.37179711083]
[10647.704292250306, 11435.310700763554, 10730.929458768027, 10596.2712312451, 10102.470531945928, 10654.306302646615, 9467.294592101567, 11645.882905628603, 11912.221278536681, 9322.585652952186, 12391.051548891108, 10522.825144204928, 10580.22711168402, 11242.492811140753, 11307.055823922336, 10140.654259533794, 10723.650811089014, 10574.65937171791, 10591.167859653584, 8795.873205057022, 10537.942076919904, 10994.548582258496, 11126.5216964861, 10580.63765878182, 10579.649117711753, 12248.276822991478, 10907.185365380503, 9665.148465493246, 10170.337670945506, 10559.540307192654, 10668.382618563786, 11146.621568041704, 10808.812208957532, 11767.470388998412, 10958.82585360637, 9731.639143074482, 11198.252370032074, 10898.991204265665, 11010.973073756335, 11200.307983987539, 10593.027851632534, 11849.869452367982, 10322.598975539056, 10848.107103570212, 10138.596674739743, 9825.452961969195, 11801.88533843205, 10821.553240125382, 10275.65980211222, 10969.37179711083]
[10572.625333374433, 11435.310700763554, 10730.929458768027, 10592.821846709381, 10102.470531945928, 10654.306302646615, 9467.294592101567, 11645.882905628603, 11905.944178570591, 9291.056099282747, 12391.051548891108, 10485.989859152834, 10573.541187559442, 11212.604239064904, 11307.055823922336, 10140.654259533794, 10723.650811089014, 10573.761744282396, 10591.167859653584, 8787.217363892674, 10537.942076919904, 10979.065762163475, 11126.5216964861, 10561.017205795972, 10552.799608633512, 12230.303737023749, 10854.942251978133, 9647.715630837021, 10170.337670945506, 10559.540307192654, 10660.060854623134, 11133.496734155815, 10774.299215779332, 11767.470388998412, 10956.281090359076, 9731.639143074482, 11198.252370032074, 10898.991204265665, 11010.973073756335, 11179.788732686435, 10593.027851632534, 11823.11967822612, 10272.107494668824, 10836.588084933961, 10138.596674739743, 9825.452961969195, 11801.88533843205, 10821.553240125382, 10275.65980211222, 10907.337590463161]
[10572.625333374433, 11434.005564101531, 10730.929458768027, 10585.496068793247, 10102.470531945928, 10654.306302646615, 9464.043064764983, 11645.882905628603, 11902.791394320817, 9228.504848736437, 12391.051548891108, 10431.90030365416, 10565.874167426417, 11212.604239064904, 11307.055823922336, 10083.908886741421, 10723.650811089014, 10573.761744282396, 10586.956934180902, 8787.217363892674, 10524.944508634937, 10979.065762163475, 11126.5216964861, 10561.017205795972, 10552.799608633512, 12225.439569781418, 10854.942251978133, 9642.996598111951, 10170.337670945506, 10559.540307192654, 10646.408707312496, 11133.496734155815, 10762.550976769435, 11767.470388998412, 10949.529307652563, 9708.273583267703, 11191.566002230576, 10898.991204265665, 11008.84143319102, 11179.788732686435, 10593.027851632534, 11823.11967822612, 10272.107494668824, 10836.588084933961, 10138.596674739743, 9825.452961969195, 11801.88533843205, 10821.553240125382, 10245.859464222176, 10867.89440717225]
[10569.335549577369, 11434.005564101531, 10715.346216473235, 10585.496068793247, 10088.196371500488, 10627.992751677286, 9458.087932645545, 11645.882905628603, 11902.791394320817, 9203.442056469235, 12391.051548891108, 10425.068719459412, 10565.874167426417, 11212.604239064904, 11297.357875567868, 10074.677379641818, 10723.650811089014, 10570.218798310989, 10541.801123388093, 8781.20865863437, 10524.944508634937, 10979.065762163475, 11126.5216964861, 10561.017205795972, 10552.799608633512, 12209.474928368041, 10838.486108635105, 9642.996598111951, 10170.337670945506, 10559.540307192654, 10646.408707312496, 11133.496734155815, 10732.329064166017, 11723.449799604006, 10949.529307652563, 9697.45257090448, 11150.686162590817, 10890.046582828296, 11003.863444518207, 11179.788732686435, 10578.894364243175, 11823.11967822612, 10249.442397369716, 10836.588084933961, 10138.596674739743, 9825.452961969195, 11744.668349978125, 10812.455827660408, 10235.863104157997, 10867.89440717225]
[10484.949841623442, 11434.005564101531, 10675.297327812626, 10577.289432996104, 10052.740663226985, 10627.992751677286, 9438.295600317046, 11645.050803823073, 11896.612195146587, 9182.09564593487, 12382.877399335022, 10411.980533792743, 10545.51121651556, 11212.604239064904, 11296.49671417025, 10069.789506243233, 10714.236436864896, 10570.218798310989, 10526.138785725598, 8717.325046747652, 10516.147890686243, 10979.065762163475, 11108.776780509104, 10548.220908513747, 10552.799608633512, 12209.474928368041, 10794.262240371227, 9604.341938910977, 10106.744525048764, 10557.590354028738, 10621.933430985307, 11133.496734155815, 10724.057322401357, 11723.449799604006, 10926.781945517405, 9686.178353795462, 11150.686162590817, 10873.62363899223, 11003.863444518207, 11147.799600550683, 10533.57140880384, 11823.11967822612, 10244.747831272798, 10831.096837390742, 10138.596674739743, 9783.424469929145, 11744.668349978125, 10812.455827660408, 10235.863104157997, 10867.89440717225]
[10437.137167805646, 11434.005564101531, 10671.83984901847, 10577.289432996104, 10048.659764463142, 10627.006636605347, 9438.295600317046, 11645.050803823073, 11896.612195146587, 9182.09564593487, 12382.877399335022, 10411.980533792743, 10536.461364800349, 11212.604239064904, 11268.968511494044, 10058.675322932646, 10714.236436864896, 10570.218798310989, 10497.362564323184, 8712.063387370468, 10516.147890686243, 10979.065762163475, 11054.508451137968, 10548.220908513747, 10552.799608633512, 12190.437799651434, 10794.262240371227, 9604.341938910977, 10106.744525048764, 10557.590354028738, 10621.933430985307, 11133.496734155815, 10713.397967881236, 11723.449799604006, 10910.101744259664, 9686.178353795462, 11122.957884894624, 10873.62363899223, 10992.941033829105, 11130.00929341163, 10533.57140880384, 11823.11967822612, 10236.583817890469, 10831.096837390742, 10138.596674739743, 9772.573280360837, 11738.914563041424, 10812.455827660408, 10235.863104157997, 10867.89440717225]
[10423.384115567565, 11420.754297337542, 10644.572921583296, 10530.603817508325, 10048.659764463142, 10627.006636605347, 9438.295600317046, 11645.050803823073, 11867.005991738051, 9179.086848603707, 12330.351157439018, 10411.980533792743, 10536.461364800349, 11212.604239064904, 11245.615855317928, 10018.110818302514, 10714.236436864896, 10547.742591488166, 10456.644911014508, 8712.063387370468, 10510.198975927311, 10967.233205013432, 11048.977623804372, 10542.709907801149, 10534.076277227052, 12177.5270622329, 10794.262240371227, 9604.341938910977, 10106.744525048764, 10557.590354028738, 10610.451366573656, 11118.16654652405, 10700.30634654084, 11720.17979912104, 10910.101744259664, 9686.178353795462, 11122.957884894624, 10873.62363899223, 10981.696568327972, 11096.97814113524, 10533.57140880384, 11809.806212769447, 10231.356149699404, 10791.1981985686, 10138.596674739743, 9742.137333153692, 11738.914563041424, 10795.844436506211, 10235.863104157997, 10867.89440717225]
[10423.384115567565, 11406.125460782861, 10628.163974004625, 10516.096715551428, 10048.659764463142, 10575.431461361833, 9438.295600317046, 11610.010934669084, 11861.510910237008, 9156.810640375628, 12330.351157439018, 10411.980533792743, 10481.872931801756, 11212.604239064904, 11245.615855317928, 10018.110818302514, 10690.41251681688, 10537.983266922407, 10456.644911014508, 8706.723809984538, 10471.248176411438, 10957.782394277358, 10977.755449689588, 10528.919300135656, 10534.076277227052, 12149.872728321765, 10794.262240371227, 9600.62625053615, 10096.814363136327, 10536.40656799231, 10523.976274889132, 11118.16654652405, 10692.711703073006, 11720.17979912104, 10910.101744259664, 9673.690155477145, 11122.957884894624, 10873.62363899223, 10974.389566383677, 11096.97814113524, 10533.57140880384, 11789.2864948468, 10231.356149699404, 10771.659029109238, 10136.804526338152, 9730.63515143645, 11717.323692435013, 10793.36389368682, 10235.863104157997, 10867.89440717225]
[10423.384115567565, 11406.125460782861, 10628.163974004625, 10505.592565422492, 10043.677884206398, 10566.508478433527, 9359.284988066165, 11599.04889314457, 11861.510910237008, 9156.810640375628, 12291.895163962816, 10395.597854437041, 10481.872931801756, 11200.61900808568, 11241.772991155785, 10000.494911040654, 10675.215658815516, 10521.926537926342, 10449.865335527962, 8701.897174561218, 10465.356645546697, 10957.782394277358, 10967.5007558736, 10528.919300135656, 10534.076277227052, 12137.745700528834, 10794.262240371227, 9550.61953620937, 10070.60471431607, 10536.40656799231, 10523.976274889132, 11118.16654652405, 10692.711703073006, 11702.65274481245, 10910.101744259664, 9673.690155477145, 11122.957884894624, 10869.666765134025, 10964.53732359558, 11059.501213243086, 10533.57140880384, 11763.517224252088, 10231.356149699404, 10771.659029109238, 10125.084886015355, 9714.315367906553, 11717.323692435013, 10793.36389368682, 10226.315446484474, 10807.21153194907]
[10423.384115567565, 11388.974282624784, 10628.163974004625, 10505.592565422492, 10043.400142927389, 10566.508478433527, 9308.048243765183, 11595.29292262004, 11861.510910237008, 9156.810640375628, 12291.895163962816, 10395.597854437041, 10437.712565728776, 11154.916197781742, 11241.772991155785, 9992.771431152642, 10669.336454501385, 10453.153054808545, 10420.233537542994, 8690.713990076165, 10465.356645546697, 10957.782394277358, 10963.765464877282, 10528.919300135656, 10486.306750479282, 12124.30983291136, 10794.262240371227, 9550.61953620937, 10034.22460842238, 10536.40656799231, 10502.322892425684, 11118.16654652405, 10671.134803488494, 11659.792907666677, 10910.101744259664, 9673.690155477145, 11122.957884894624, 10869.666765134025, 10964.53732359558, 11035.928548206037, 10533.57140880384, 11748.869118182707, 10187.708094804006, 10771.659029109238, 10125.084886015355, 9706.545356801336, 11680.654580577726, 10769.662802345405, 10222.245030817654, 10807.21153194907]
[10363.02773669206, 11388.974282624784, 10628.163974004625, 10505.592565422492, 10043.400142927389, 10566.508478433527, 9290.019222170391, 11595.29292262004, 11861.510910237008, 9107.129637836155, 12289.77173557803, 10395.597854437041, 10437.712565728776, 11154.916197781742, 11241.772991155785, 9992.771431152642, 10655.326691573233, 10448.410581074659, 10420.233537542994, 8676.468740069093, 10451.74378559465, 10957.782394277358, 10960.861381892213, 10528.919300135656, 10469.314309417827, 12092.402270975035, 10794.262240371227, 9511.516635161122, 10034.22460842238, 10526.938775931862, 10502.322892425684, 11118.16654652405, 10671.134803488494, 11629.814927323936, 10910.101744259664, 9673.690155477145, 11110.556886012657, 10869.666765134025, 10964.53732359558, 11014.396884436132, 10508.348915369887, 11748.869118182707, 10135.308570068028, 10771.659029109238, 10042.975958515159, 9706.545356801336, 11680.654580577726, 10763.672717388064, 10222.245030817654, 10807.21153194907]
[10359.84401147217, 11366.976991212086, 10610.65185234269, 10491.749460933584, 10043.400142927389, 10560.760476223057, 9290.019222170391, 11595.29292262004, 11847.897393437492, 9080.123670072535, 12231.55349512813, 10388.548138663715, 10408.577979447295, 11154.916197781742, 11226.903854254888, 9980.774281191138, 10651.912443399424, 10448.410581074659, 10386.016587872276, 8649.9325589492, 10428.365445026826, 10957.782394277358, 10960.861381892213, 10523.616612615457, 10469.314309417827, 12092.402270975035, 10794.262240371227, 9511.516635161122, 10034.22460842238, 10478.516402581332, 10488.374456452124, 11116.527536441014, 10635.542330880822, 11629.814927323936, 10909.35695114265, 9606.915005352934, 11110.556886012657, 10869.666765134025, 10944.166825351534, 11014.396884436132, 10497.40410043793, 11748.869118182707, 10135.308570068028, 10765.391002344782, 10042.975958515159, 9674.355623973997, 11659.919117337071, 10763.672717388064, 10222.245030817654, 10774.478193149782]
[10338.630608882817, 11366.976991212086, 10604.340069706413, 10485.68255757789, 10014.09859687262, 10560.760476223057, 9290.019222170391, 11595.29292262004, 11826.223933306945, 9080.123670072535, 12212.526080598158, 10378.815859566052, 10401.530714797917, 11154.916197781742, 11225.510035639058, 9980.774281191138, 10646.060817269255, 10422.813846526104, 10375.741915215316, 8649.9325589492, 10426.770214908982, 10937.546422702673, 10960.861381892213, 10486.984029390265, 10469.314309417827, 12088.072520228345, 10794.262240371227, 9511.516635161122, 10034.22460842238, 10476.627554651475, 10488.197184637052, 11116.11842582779, 10635.542330880822, 11629.814927323936, 10909.35695114265, 9535.686787986273, 11110.556886012657, 10869.666765134025, 10924.363359429304, 11014.396884436132, 10497.40410043793, 11733.893799845406, 10132.920514261223, 10748.752742798571, 10011.85780198912, 9659.859284023241, 11659.919117337071, 10755.616546138011, 10222.245030817654, 10725.52931945527]
[10338.630608882817, 11359.37741236568, 10604.340069706413, 10485.68255757789, 9999.07835009554, 10549.330809694085, 9290.019222170391, 11595.29292262004, 11826.223933306945, 9080.123670072535, 12205.479109748787, 10369.228359032782, 10401.530714797917, 11149.779309855488, 11224.528383035744, 9980.774281191138, 10646.060817269255, 10422.813846526104, 10373.65858037407, 8649.9325589492, 10391.15606626197, 10931.060885819312, 10960.861381892213, 10455.982253934397, 10464.869931334186, 12079.76108459719, 10794.262240371227, 9498.571180858027, 10031.964341242005, 10460.324765562382, 10438.531817105191, 11048.154927711792, 10632.988273402247, 11629.814927323936, 10899.463897512605, 9514.888391333803, 11104.84646183236, 10869.666765134025, 10924.363359429304, 11014.396884436132, 10497.40410043793, 11733.893799845406, 10079.832269113645, 10748.752742798571, 9993.66725277351, 9656.162382763603, 11616.934244108557, 10701.937230418487, 10206.546223704101, 10724.064318752478]
[10332.04552080246, 11350.816795583907, 10604.340069706413, 10483.427312878728, 9999.07835009554, 10536.677013160355, 9290.019222170391, 11595.29292262004, 11824.642388037855, 9049.18948268919, 12145.760055843795, 10365.573147822244, 10401.530714797917, 11145.850957832614, 11206.619348463371, 9952.678798100971, 10637.273632498338, 10408.841362986315, 10373.65858037407, 8649.9325589492, 10361.09537102967, 10931.060885819312, 10920.075383479776, 10455.982253934397, 10464.869931334186, 12079.76108459719, 10794.262240371227, 9498.571180858027, 10003.523586977126, 10447.71418119069, 10433.642423785792, 11039.728958069023, 10632.988273402247, 11629.814927323936, 10899.463897512605, 9499.346940432664, 11104.84646183236, 10869.666765134025, 10924.363359429304, 11014.127628336708, 10480.14134064778, 11723.224589198475, 10054.32273422772, 10748.752742798571, 9976.306473189723, 9649.043345337626, 11616.934244108557, 10692.69768934875, 10199.40713978701, 10724.064318752478]
[10300.355557970155, 11308.990913625705, 10604.340069706413, 10464.165253537061, 9992.156330683274, 10499.28384972233, 9290.019222170391, 11573.921958524752, 11808.834510587083, 9046.56196115469, 12141.225160113285, 10362.82603720548, 10401.530714797917, 11038.740554907663, 11206.619348463371, 9914.201070322937, 10617.536468581206, 10408.841362986315, 10369.87532811314, 8649.9325589492, 10361.09537102967, 10931.060885819312, 10912.451157018546, 10454.278048948358, 10446.068507854447, 12079.76108459719, 10788.792163264008, 9484.208911786058, 9993.127631997271, 10442.31811213446, 10433.642423785792, 11039.728958069023, 10632.988273402247, 11606.58037416923, 10899.463897512605, 9497.861473664512, 11104.84646183236, 10862.030203278342, 10924.363359429304, 11014.127628336708, 10432.092907120079, 11723.224589198475, 10037.64978379284, 10748.752742798571, 9976.306473189723, 9648.26354504975, 11616.934244108557, 10686.083814010664, 10196.9064308591, 10724.064318752478]
[10300.355557970155, 11308.990913625705, 10604.340069706413, 10453.630503622462, 9992.156330683274, 10479.289479526207, 9289.364598027993, 11555.863748400852, 11808.834510587083, 9046.56196115469, 12141.225160113285, 10362.82603720548, 10401.530714797917, 11038.740554907663, 11200.413358713213, 9902.43194399698, 10585.464789520018, 10408.841362986315, 10348.444603007867, 8649.9325589492, 10321.362937182097, 10931.060885819312, 10912.451157018546, 10454.278048948358, 10446.068507854447, 12079.76108459719, 10770.93447457447, 9484.208911786058, 9993.127631997271, 10442.31811213446, 10433.642423785792, 11036.76028799685, 10628.533947225176, 11595.908730538564, 10899.463897512605, 9497.861473664512, 11104.84646183236, 10824.380140284242, 10914.13887665617, 11000.074613263565, 10422.306995538629, 11676.73465323557, 10035.380873826545, 10748.752742798571, 9965.22772258406, 9648.26354504975, 11591.26902414305, 10686.083814010664, 10196.9064308591, 10724.064318752478]
[10300.355557970155, 11308.990913625705, 10601.33782899308, 10428.533655125555, 9992.156330683274, 10470.848929970905, 9289.364598027993, 11555.863748400852, 11808.834510587083, 9046.56196115469, 12141.225160113285, 10362.82603720548, 10391.286534917002, 11038.740554907663, 11200.413358713213, 9858.981570819142, 10585.464789520018, 10406.554086040484, 10348.444603007867, 8649.879464389112, 10321.362937182097, 10927.036260200646, 10912.451157018546, 10451.345784172569, 10446.068507854447, 12051.471043890215, 10770.93447457447, 9475.166701947821, 9993.127631997271, 10442.31811213446, 10409.5927675694, 11036.76028799685, 10628.533947225176, 11595.908730538564, 10890.909877864164, 9497.861473664512, 11104.84646183236, 10796.110381689106, 10914.13887665617, 11000.074613263565, 10394.769388775023, 11675.99422055727, 10035.380873826545, 10695.476458064926, 9923.917386530138, 9637.375649869664, 11572.309691078759, 10599.170255418643, 10160.639079339753, 10724.064318752478]
[10289.602220422777, 11308.990913625705, 10596.84165370155, 10424.740826310725, 9992.156330683274, 10470.848929970905, 9289.364598027993, 11552.950587739964, 11773.352574880013, 9032.824387679893, 12141.225160113285, 10346.071986992436, 10365.996545639216, 11038.740554907663, 11184.618799619882, 9858.981570819142, 10585.464789520018, 10336.599031507303, 10335.526197663932, 8622.398114028629, 10321.362937182097, 10879.974780150573, 10912.451157018546, 10447.064186335094, 10446.068507854447, 12051.471043890215, 10754.845062299584, 9449.917775755372, 9918.38077948185, 10442.31811213446, 10370.930347864629, 11036.76028799685, 10628.533947225176, 11595.908730538564, 10890.909877864164, 9492.21138858193, 11101.845862214781, 10765.80653990923, 10899.01489118557, 10968.187574043619, 10394.769388775023, 11675.99422055727, 10032.816057125634, 10686.554815238913, 9883.608429181437, 9630.910080712947, 11512.095091930996, 10583.823015773913, 10158.228523328493, 10698.050088678126]
[10285.642051194412, 11308.990913625705, 10596.84165370155, 10417.41242037394, 9954.172459142987, 10470.848929970905, 9289.364598027993, 11497.167961466379, 11768.76233717694, 9014.145868480457, 12141.225160113285, 10346.071986992436, 10365.996545639216, 11038.740554907663, 11167.31226942405, 9845.67320995995, 10572.828622456535, 10336.599031507303, 10319.594986619742, 8622.398114028629, 10308.870927010978, 10879.542661128075, 10858.714959251021, 10418.663594301132, 10446.068507854447, 12051.471043890215, 10754.845062299584, 9449.811259125881, 9895.533682479187, 10442.31811213446, 10370.930347864629, 11028.477617043096, 10621.713163192439, 11555.021064816774, 10890.909877864164, 9481.25228063935, 11101.845862214781, 10764.830401386409, 10899.01489118557, 10953.59151103735, 10389.478268976098, 11675.99422055727, 10032.816057125634, 10686.554815238913, 9881.013204666804, 9630.910080712947, 11503.667649501087, 10541.388657615174, 10158.228523328493, 10644.371403756915]
[10285.642051194412, 11304.271798198331, 10588.63738080107, 10349.383218068542, 9954.172459142987, 10452.966084559532, 9283.484928527625, 11468.70314417041, 11768.76233717694, 8999.436690188677, 12141.225160113285, 10325.469074025927, 10354.441052481208, 11038.740554907663, 11167.31226942405, 9822.308520278926, 10572.828622456535, 10336.599031507303, 10315.093952121138, 8618.103825910777, 10308.870927010978, 10856.571738857092, 10828.05101420488, 10385.62405081153, 10446.068507854447, 12042.088069660804, 10749.450803871641, 9448.9397099405, 9893.580900025843, 10425.028954206671, 10370.930347864629, 11028.477617043096, 10621.713163192439, 11555.021064816774, 10890.909877864164, 9481.25228063935, 11049.407252630272, 10764.830401386409, 10899.01489118557, 10889.908320001414, 10389.478268976098, 11665.247285485071, 10032.816057125634, 10686.554815238913, 9853.921337230142, 9618.66685152167, 11503.667649501087, 10541.388657615174, 10122.764246108522, 10642.043069419631]
[10285.642051194412, 11304.271798198331, 10582.081560972632, 10349.383218068542, 9954.172459142987, 10452.966084559532, 9283.484928527625, 11468.70314417041, 11757.568296463194, 8999.436690188677, 12141.225160113285, 10325.469074025927, 10354.441052481208, 11038.740554907663, 11122.293346396302, 9822.308520278926, 10572.828622456535, 10299.39081513364, 10315.093952121138, 8617.17513397213, 10271.159023493023, 10847.12032523164, 10828.05101420488, 10385.62405081153, 10446.068507854447, 12028.721778839088, 10736.334930273873, 9448.9397099405, 9893.580900025843, 10425.028954206671, 10355.106965841436, 11028.477617043096, 10621.713163192439, 11540.279019592363, 10890.909877864164, 9471.136489068249, 11029.514316633478, 10761.46716845127, 10874.184695359323, 10847.52009977603, 10389.478268976098, 11665.247285485071, 10030.38519474534, 10677.412960323407, 9853.921337230142, 9618.66685152167, 11503.667649501087, 10541.388657615174, 10085.298937284462, 10597.897884645115]
[10267.017859263648, 11304.271798198331, 10582.081560972632, 10335.567711733082, 9954.172459142987, 10452.966084559532, 9283.484928527625, 11468.70314417041, 11755.962806403331, 8999.436690188677, 12141.225160113285, 10293.787000637174, 10354.441052481208, 11038.740554907663, 11122.293346396302, 9820.861361732805, 10572.828622456535, 10299.39081513364, 10315.093952121138, 8574.608128913424, 10269.454856476035, 10832.87039218947, 10817.046625940067, 10385.078909747557, 10446.068507854447, 12028.721778839088, 10730.522633857056, 9446.67835812036, 9848.0894774754, 10425.028954206671, 10340.913679840532, 10983.806986909332, 10621.713163192439, 11540.279019592363, 10874.965507989298, 9471.136489068249, 11028.019239465437, 10751.941965180735, 10874.184695359323, 10847.52009977603, 10374.12363964664, 11665.247285485071, 9997.05074906765, 10677.412960323407, 9830.89635446263, 9595.73128293684, 11503.667649501087, 10532.778113554823, 10080.072235462292, 10597.897884645115]
[10267.017859263648, 11304.271798198331, 10525.958980879075, 10335.567711733082, 9950.783370066569, 10452.966084559532, 9192.849259155837, 11468.70314417041, 11714.04696329455, 8972.41984925391, 12052.634695213314, 10264.260469536444, 10353.436092404792, 11035.338506058066, 11122.293346396302, 9820.861361732805, 10519.062089886964, 10299.39081513364, 10315.093952121138, 8564.209626777158, 10198.307667410028, 10832.87039218947, 10815.829593962957, 10365.31222031174, 10446.068507854447, 12023.227978811437, 10730.522633857056, 9415.685510106747, 9822.659693850805, 10425.028954206671, 10340.913679840532, 10983.806986909332, 10618.15838293736, 11524.037638209053, 10812.086856554452, 9469.787167296583, 11018.191553189412, 10734.236070588067, 10858.336609535443, 10847.52009977603, 10330.229956414072, 11633.0826501657, 9997.05074906765, 10657.918138297908, 9830.89635446263, 9595.73128293684, 11503.667649501087, 10532.778113554823, 10044.64806474402, 10597.628150920995]
[10267.017859263648, 11304.271798198331, 10505.32724023616, 10322.224527431981, 9950.783370066569, 10443.914592362114, 9161.681406276532, 11468.70314417041, 11714.04696329455, 8946.005004796198, 12052.634695213314, 10231.201907390769, 10346.662013034955, 11035.338506058066, 11102.03886050652, 9748.92191545056, 10519.062089886964, 10293.721702248575, 10315.093952121138, 8564.209626777158, 10198.307667410028, 10818.062187466538, 10815.829593962957, 10355.521049779669, 10416.036212432466, 12023.227978811437, 10729.528114263698, 9415.685510106747, 9810.31043495142, 10425.028954206671, 10340.913679840532, 10983.412402771344, 10618.15838293736, 11524.037638209053, 10812.086856554452, 9414.222749846014, 10976.697940999384, 10715.851600624079, 10858.336609535443, 10847.52009977603, 10327.766640146354, 11633.0826501657, 9997.05074906765, 10633.167250498474, 9800.251597290673, 9558.47425989653, 11502.891985893466, 10532.778113554823, 10041.164747246388, 10597.610521084123]
[10263.473546579924, 11281.90699958546, 10498.197093029836, 10306.346328310226, 9921.970766875016, 10387.466706872943, 9161.681406276532, 11425.796997423913, 11709.406817242427, 8946.005004796198, 12052.634695213314, 10208.250457883218, 10344.562672969218, 11035.338506058066, 11089.701339006122, 9748.92191545056, 10519.062089886964, 10288.135483769158, 10315.093952121138, 8564.209626777158, 10198.307667410028, 10818.062187466538, 10811.825460669457, 10355.521049779669, 10409.782907558074, 12023.227978811437, 10729.528114263698, 9415.685510106747, 9810.31043495142, 10425.028954206671, 10340.913679840532, 10953.229687997613, 10556.635275190458, 11524.037638209053, 10812.086856554452, 9414.222749846014, 10960.44562503942, 10674.22830430551, 10858.336609535443, 10847.52009977603, 10313.452020104369, 11633.0826501657, 9951.235342648657, 10633.167250498474, 9800.251597290673, 9558.47425989653, 11502.891985893466, 10511.843307423813, 10041.164747246388, 10597.610521084123]
[10263.473546579924, 11255.19877889358, 10476.365419901638, 10297.56537503546, 9897.565682436809, 10387.466706872943, 9161.681406276532, 11407.1308456634, 11667.328126509796, 8900.48447168829, 12052.634695213314, 10208.250457883218, 10337.658367788808, 11030.834183538542, 11089.701339006122, 9748.92191545056, 10515.651102732752, 10265.442252685565, 10315.093952121138, 8507.248813212425, 10194.013185465397, 10792.873441450074, 10752.286008129593, 10345.38878655509, 10403.526929962016, 12023.227978811437, 10729.528114263698, 9415.685510106747, 9810.31043495142, 10425.028954206671, 10329.938383888855, 10953.229687997613, 10556.635275190458, 11524.037638209053, 10800.337255918554, 9414.222749846014, 10956.53053316443, 10674.22830430551, 10858.336609535443, 10847.52009977603, 10313.452020104369, 11633.0826501657, 9948.873322752339, 10633.167250498474, 9800.251597290673, 9523.3596146174, 11498.59681186861, 10511.843307423813, 10041.164747246388, 10597.610521084123]
[10263.473546579924, 11255.19877889358, 10413.847584478224, 10296.667966160428, 9887.573730199227, 10350.973325720199, 9158.16332014133, 11402.411872441566, 11667.328126509796, 8839.135508716725, 12052.634695213314, 10208.250457883218, 10323.531417421991, 11024.662489299388, 11089.701339006122, 9748.92191545056, 10507.48446313828, 10256.94141890034, 10314.640974834172, 8491.401285712249, 10172.587231337215, 10773.25930417883, 10752.286008129593, 10345.38878655509, 10403.526929962016, 12023.227978811437, 10729.528114263698, 9407.590729221074, 9810.31043495142, 10406.93607284985, 10329.938383888855, 10917.87880186989, 10556.635275190458, 11524.037638209053, 10800.337255918554, 9379.264185183874, 10935.624535301966, 10669.091514017195, 10858.336609535443, 10847.52009977603, 10308.53173230194, 11611.564265207353, 9943.050374220573, 10627.555869243744, 9787.763748318323, 9481.62401632281, 11498.59681186861, 10437.564907520433, 10025.32765320329, 10597.610521084123]
[10249.159518931801, 11255.19877889358, 10413.847584478224, 10245.944324846412, 9876.248604917719, 10329.605669712466, 9158.16332014133, 11371.580653055173, 11653.882217013492, 8839.135508716725, 12052.45945616489, 10200.124087466518, 10250.291937497283, 11015.331942901761, 11089.701339006122, 9748.92191545056, 10507.48446313828, 10256.94141890034, 10292.222308422672, 8472.00532022452, 10172.587231337215, 10756.492334167851, 10739.422394855823, 10345.38878655509, 10400.540260410311, 11997.296462643522, 10729.528114263698, 9405.997197607441, 9810.31043495142, 10406.93607284985, 10329.938383888855, 10858.867613049599, 10548.138186547509, 11522.1448671793, 10765.009523468252, 9375.318635451418, 10907.774523508948, 10639.679797786357, 10858.336609535443, 10841.837847651226, 10308.53173230194, 11611.564265207353, 9943.050374220573, 10622.572588172767, 9787.763748318323, 9467.846745800376, 11498.59681186861, 10405.487222412377, 10025.32765320329, 10597.357030460138]
[10245.671236597595, 11255.19877889358, 10400.096909993586, 10223.3492985308, 9866.478107927354, 10320.542505157802, 9141.158494017822, 11371.580653055173, 11653.882217013492, 8839.135508716725, 12052.45945616489, 10200.124087466518, 10240.110206591478, 11003.014228692282, 11059.375980486964, 9748.92191545056, 10507.48446313828, 10225.025561177226, 10292.222308422672, 8472.00532022452, 10145.11336019007, 10756.492334167851, 10739.422394855823, 10321.999478357477, 10390.866844428743, 11990.854260748976, 10729.319578484405, 9307.479701493763, 9810.31043495142, 10406.93607284985, 10321.628590789036, 10858.867613049599, 10548.138186547509, 11522.1448671793, 10765.009523468252, 9355.385993436745, 10905.843902728708, 10639.679797786357, 10858.336609535443, 10841.837847651226, 10289.210662760386, 11585.559699471673, 9943.050374220573, 10617.558842363276, 9787.763748318323, 9467.846745800376, 11498.59681186861, 10403.30378584764, 10025.32765320329, 10594.397285045414]
[10230.52521023616, 11228.055931719582, 10400.096909993586, 10223.3492985308, 9856.45985423242, 10275.730020551888, 9139.717476043004, 11371.580653055173, 11653.882217013492, 8839.135508716725, 12052.45945616489, 10200.124087466518, 10208.665181294837, 11003.014228692282, 11059.375980486964, 9748.92191545056, 10505.257862268372, 10225.025561177226, 10254.682734787386, 8457.03561843519, 10128.484447519986, 10747.794407906444, 10683.97124066042, 10321.999478357477, 10366.535085562533, 11990.854260748976, 10729.319578484405, 9307.479701493763, 9782.103129479397, 10406.93607284985, 10317.992284106156, 10858.867613049599, 10548.138186547509, 11522.1448671793, 10765.009523468252, 9324.417591285463, 10885.935324519047, 10639.679797786357, 10836.966528444616, 10839.35242792345, 10264.12621523724, 11585.559699471673, 9943.050374220573, 10617.558842363276, 9769.885606964855, 9453.537432758832, 11466.636309678624, 10375.724729999009, 10023.760345931538, 10583.79589264707]
[10216.242793366144, 11198.724471258314, 10393.427474850625, 10223.3492985308, 9854.02699583059, 10264.659363789331, 9139.717476043004, 11371.580653055173, 11653.882217013492, 8839.135508716725, 12030.170366779488, 10200.124087466518, 10194.59510951315, 11003.014228692282, 11059.375980486964, 9703.847741612257, 10505.257862268372, 10219.930994957274, 10253.044799632014, 8432.428555573739, 10128.484447519986, 10711.963590445055, 10683.97124066042, 10299.009978127002, 10361.91130494148, 11976.060391421088, 10729.319578484405, 9276.046692763564, 9782.103129479397, 10388.946657967374, 10317.992284106156, 10858.867613049599, 10548.138186547509, 11522.1448671793, 10749.0740804487, 9324.417591285463, 10874.55365924745, 10639.679797786357, 10825.342338688193, 10839.35242792345, 10241.22460704386, 11582.188357618816, 9932.623053088497, 10617.558842363276, 9769.885606964855, 9452.732265531584, 11466.636309678624, 10375.724729999009, 10023.760345931538, 10578.528427496803]
[10216.242793366144, 11190.866162588645, 10393.427474850625, 10223.3492985308, 9853.0246305721, 10264.659363789331, 9139.717476043004, 11371.580653055173, 11653.882217013492, 8839.135508716725, 12030.170366779488, 10200.124087466518, 10194.59510951315, 10990.212324887903, 11059.375980486964, 9703.847741612257, 10505.257862268372, 10215.203059930456, 10253.044799632014, 8432.428555573739, 10118.76355900295, 10711.963590445055, 10683.97124066042, 10296.379401402624, 10357.796135096494, 11967.821215321133, 10719.144674395948, 9276.046692763564, 9766.906640644687, 10388.946657967374, 10317.992284106156, 10832.65380350946, 10538.51785295753, 11522.1448671793, 10749.0740804487, 9324.417591285463, 10814.82383324212, 10639.679797786357, 10825.342338688193, 10839.35242792345, 10202.317611448827, 11566.472795909476, 9932.623053088497, 10617.558842363276, 9769.885606964855, 9426.334731337309, 11466.636309678624, 10374.668104809807, 10023.760345931538, 10578.528427496803]
[10216.242793366144, 11182.883615063878, 10351.539031686001, 10208.109889743024, 9839.696745703197, 10264.659363789331, 9125.087215807715, 11371.580653055173, 11653.882217013492, 8839.135508716725, 12030.170366779488, 10198.329885150759, 10194.59510951315, 10964.88564322842, 11059.375980486964, 9703.847741612257, 10382.624173785825, 10205.878533166477, 10230.003816727869, 8432.428555573739, 10079.55485029909, 10693.73694578833, 10683.97124066042, 10296.379401402624, 10357.796135096494, 11967.821215321133, 10719.144674395948, 9276.046692763564, 9748.892671573256, 10388.946657967374, 10317.992284106156, 10832.65380350946, 10538.51785295753, 11510.477816959476, 10746.927453871802, 9324.417591285463, 10803.366509473597, 10586.524894755388, 10825.342338688193, 10781.84196862544, 10189.067129116755, 11566.472795909476, 9932.623053088497, 10561.468487517272, 9769.068609999254, 9417.64101147521, 11466.636309678624, 10374.668104809807, 10001.719422440961, 10560.048211211611]
[10201.24820026781, 11182.883615063878, 10351.539031686001, 10179.672309001742, 9839.696745703197, 10264.659363789331, 9125.087215807715, 11371.580653055173, 11653.882217013492, 8812.652653052322, 12018.0247923808, 10167.316671258528, 10194.59510951315, 10964.88564322842, 11059.375980486964, 9694.3092291543, 10382.624173785825, 10205.878533166477, 10186.693808400363, 8432.428555573739, 10079.55485029909, 10693.73694578833, 10683.97124066042, 10289.378680446682, 10357.796135096494, 11967.821215321133, 10679.979086082702, 9274.837484967951, 9720.322669960642, 10369.038968796342, 10317.992284106156, 10832.352004821449, 10538.51785295753, 11510.477816959476, 10736.076965179584, 9324.417591285463, 10797.889902168277, 10586.524894755388, 10825.342338688193, 10781.84196862544, 10189.067129116755, 11557.335371893974, 9917.176630694152, 10547.364349916958, 9755.649622590694, 9393.400529282977, 11466.636309678624, 10374.668104809807, 9998.305452762832, 10553.940621955579]
[10184.036086715449, 11182.883615063878, 10351.539031686001, 10170.885233999254, 9815.698955827049, 10264.659363789331, 9102.296080425658, 11363.963119601844, 11645.713928100266, 8780.419954597284, 12018.0247923808, 10167.316671258528, 10186.017187108391, 10961.4351442395, 11019.251549117982, 9689.1096504855, 10372.22173565087, 10205.878533166477, 10186.693808400363, 8432.428555573739, 10079.55485029909, 10693.73694578833, 10682.511373123756, 10289.378680446682, 10357.796135096494, 11967.821215321133, 10634.043755420254, 9274.837484967951, 9718.217030642667, 10369.038968796342, 10317.992284106156, 10812.858312453234, 10531.331660393296, 11510.477816959476, 10719.321703599257, 9324.417591285463, 10785.618847367072, 10586.524894755388, 10812.505060073481, 10781.84196862544, 10168.339811221875, 11557.335371893974, 9875.031423420483, 10524.305449543546, 9753.371746332536, 9351.138699532428, 11466.636309678624, 10373.698643030313, 9917.404314047062, 10537.758229505202]
[10184.036086715449, 11182.883615063878, 10351.539031686001, 10167.326255853177, 9808.675991205895, 10264.659363789331, 9102.296080425658, 11363.963119601844, 11626.232714274762, 8780.419954597284, 12018.0247923808, 10164.471091244635, 10186.017187108391, 10893.403453085632, 11019.251549117982, 9662.056390900509, 10340.840771501735, 10203.503298077298, 10170.238228676666, 8400.085005510391, 10077.526242211718, 10693.452809077491, 10682.511373123756, 10289.378680446682, 10357.796135096494, 11967.821215321133, 10634.043755420254, 9274.837484967951, 9717.605014329192, 10299.744686161663, 10317.992284106156, 10812.858312453234, 10498.48143869468, 11483.16222414315, 10706.509546340658, 9312.601173665968, 10785.618847367072, 10586.524894755388, 10812.505060073481, 10774.955812771053, 10105.618079290762, 11543.501635012854, 9875.031423420483, 10524.305449543546, 9753.371746332536, 9349.02183461219, 11444.142295145113, 10373.698643030313, 9910.627168529376, 10537.758229505202]
[10184.036086715449, 11182.883615063878, 10351.539031686001, 10167.326255853177, 9771.330592563749, 10246.581282121757, 9102.296080425658, 11363.963119601844, 11581.220156602672, 8771.400114389504, 12018.0247923808, 10154.093497269503, 10183.440667330258, 10893.403453085632, 11019.251549117982, 9662.056390900509, 10318.953654193005, 10169.565954405714, 10170.238228676666, 8376.58707493615, 10060.309806836056, 10693.452809077491, 10682.511373123756, 10289.378680446682, 10332.246925036565, 11967.821215321133, 10634.043755420254, 9265.006721131735, 9709.093173933194, 10299.744686161663, 10317.992284106156, 10812.858312453234, 10480.906566764317, 11433.572823180719, 10706.509546340658, 9298.923481127902, 10768.587590947707, 10586.524894755388, 10802.373360908965, 10639.63031524354, 10105.618079290762, 11543.501635012854, 9875.031423420483, 10515.834751986014, 9753.371746332536, 9334.857056057968, 11444.142295145113, 10298.760137565003, 9889.335281452333, 10517.248862612025]
[10164.43571390312, 11097.93875480063, 10343.441220733921, 10160.417483928628, 9765.376377050407, 10246.581282121757, 9102.296080425658, 11363.963119601844, 11581.220156602672, 8771.400114389504, 12018.0247923808, 10154.093497269503, 10157.463505925803, 10893.403453085632, 10995.10867192075, 9650.135308297231, 10318.953654193005, 10148.305975547119, 10149.448450496, 8376.58707493615, 10057.731248166598, 10693.452809077491, 10682.511373123756, 10282.954191752664, 10331.84356159244, 11967.821215321133, 10634.043755420254, 9265.006721131735, 9709.093173933194, 10299.744686161663, 10315.583406849364, 10796.607554887132, 10480.906566764317, 11431.389456240706, 10706.509546340658, 9289.050453166736, 10768.587590947707, 10532.493336399852, 10802.232579568401, 10639.63031524354, 10105.618079290762, 11543.501635012854, 9866.617657298057, 10515.834751986014, 9753.371746332536, 9332.975917604312, 11444.142295145113, 10298.760137565003, 9889.335281452333, 10483.335638530078]
[10164.43571390312, 11097.93875480063, 10343.441220733921, 10124.207358891383, 9762.255833862142, 10246.581282121757, 9099.83268672398, 11363.963119601844, 11580.871793838962, 8770.391758166701, 12018.0247923808, 10114.338490062428, 10157.463505925803, 10893.403453085632, 10995.10867192075, 9650.135308297231, 10260.00215369628, 10104.311367317623, 10149.448450496, 8369.310253175496, 10057.731248166598, 10693.452809077491, 10682.511373123756, 10230.134888616629, 10329.865119827971, 11967.821215321133, 10634.043755420254, 9265.006721131735, 9709.093173933194, 10280.01004180284, 10315.583406849364, 10789.020830459722, 10418.08290570037, 11431.389456240706, 10706.509546340658, 9289.050453166736, 10764.401972612191, 10512.554170592493, 10802.232579568401, 10625.598296756016, 10105.618079290762, 11543.501635012854, 9865.381666633715, 10485.498188457506, 9723.396899492203, 9301.42667123453, 11444.142295145113, 10270.894523835706, 9869.05020681169, 10483.335638530078]
[10163.868191844664, 11097.93875480063, 10337.562508083993, 10077.246991519307, 9762.255833862142, 10235.5002947527, 9079.944675459596, 11361.909816030884, 11577.152019807878, 8763.323736927856, 12012.61681620966, 10104.424059644381, 10119.99669801258, 10893.403453085632, 10994.815089390746, 9650.135308297231, 10260.00215369628, 10087.612117458597, 10108.586679411328, 8369.310253175496, 10031.844945290728, 10677.57700962908, 10674.209521019953, 10230.134888616629, 10291.289443972988, 11967.821215321133, 10581.3037600953, 9265.006721131735, 9709.093173933194, 10280.01004180284, 10315.583406849364, 10781.726982534621, 10418.08290570037, 11431.389456240706, 10706.509546340658, 9289.050453166736, 10764.401972612191, 10512.554170592493, 10802.232579568401, 10625.598296756016, 10105.618079290762, 11543.501635012854, 9865.381666633715, 10485.498188457506, 9723.396899492203, 9301.42667123453, 11444.142295145113, 10270.894523835706, 9869.05020681169, 10483.335638530078]
[10129.350818480962, 11083.37041555826, 10337.562508083993, 10064.82361095295, 9762.255833862142, 10235.5002947527, 9079.944675459596, 11361.909816030884, 11577.152019807878, 8735.133277730683, 12012.61681620966, 10075.204773592388, 10114.269529120396, 10893.403453085632, 10994.644870065466, 9650.135308297231, 10255.862733888947, 10043.524012425081, 10065.097648001853, 8369.310253175496, 9941.623360854965, 10677.57700962908, 10674.209521019953, 10230.134888616629, 10291.289443972988, 11967.821215321133, 10573.023468395044, 9238.672970491974, 9709.093173933194, 10280.01004180284, 10315.583406849364, 10770.957144772721, 10376.874160948673, 11431.389456240706, 10706.509546340658, 9289.050453166736, 10764.401972612191, 10512.554170592493, 10754.492711713374, 10625.598296756016, 10105.618079290762, 11543.501635012854, 9865.381666633715, 10485.498188457506, 9723.396899492203, 9301.42667123453, 11444.142295145113, 10255.997873299526, 9869.05020681169, 10483.335638530078]
[10123.454606385028, 11076.47526297313, 10304.717791989468, 10064.82361095295, 9749.554330551535, 10187.52433233217, 9059.342972340004, 11336.051482180814, 11574.120994786224, 8722.503870098566, 12004.224631274985, 10045.123896265708, 10114.269529120396, 10893.403453085632, 10994.644870065466, 9589.49589869805, 10255.862733888947, 10040.759781136494, 10065.097648001853, 8358.927685443861, 9939.02841079737, 10667.496141473423, 10674.209521019953, 10191.879306512503, 10291.289443972988, 11946.198266371308, 10560.217687577573, 9226.050382841167, 9709.093173933194, 10280.01004180284, 10310.677429121664, 10770.957144772721, 10358.092434218868, 11431.389456240706, 10705.968411676993, 9288.679002060606, 10746.845521814885, 10512.554170592493, 10749.92910049345, 10625.54591540192, 10099.149592651567, 11543.501635012854, 9863.163334713387, 10440.515259147116, 9723.396899492203, 9295.21452913186, 11444.142295145113, 10255.997873299526, 9869.05020681169, 10483.335638530078]
[10098.634034157716, 11076.47526297313, 10284.659633468322, 10064.82361095295, 9749.554330551535, 10187.52433233217, 9057.212905009108, 11336.051482180814, 11547.017262117095, 8718.488560065576, 12004.224631274985, 10028.886104467623, 10114.269529120396, 10862.178851573968, 10992.7062785498, 9585.572081191098, 10223.43494712622, 10025.489442512899, 10057.520018151052, 8358.927685443861, 9939.02841079737, 10654.73098771499, 10669.73234494206, 10191.879306512503, 10281.268400978628, 11946.198266371308, 10560.217687577573, 9199.826756146475, 9709.093173933194, 10266.538058739612, 10307.678379876683, 10770.957144772721, 10358.092434218868, 11431.389456240706, 10705.968411676993, 9238.781048353967, 10746.845521814885, 10512.554170592493, 10749.92910049345, 10621.622999911073, 10084.582785439277, 11543.501635012854, 9863.163334713387, 10417.556077659929, 9707.889162452393, 9284.95656195378, 11439.759108706947, 10255.997873299526, 9868.86314267506, 10462.48152572384]
[10097.944790800397, 11076.47526297313, 10284.659633468322, 10046.368431420851, 9737.667248472697, 10187.52433233217, 9057.212905009108, 11336.051482180814, 11528.823273449294, 8713.394336834668, 11983.722129678046, 10028.886104467623, 10094.911294915304, 10848.049620585609, 10992.7062785498, 9553.39064692586, 10223.43494712622, 10025.489442512899, 10023.397942490363, 8341.4940395224, 9939.02841079737, 10654.73098771499, 10669.73234494206, 10167.284094353898, 10281.268400978628, 11937.249370779677, 10560.217687577573, 9199.826756146475, 9709.093173933194, 10260.47096116548, 10307.678379876683, 10770.957144772721, 10358.092434218868, 11431.389456240706, 10694.587059107911, 9238.776539035021, 10746.845521814885, 10512.554170592493, 10749.92910049345, 10621.622999911073, 10084.582785439277, 11494.302311177662, 9845.119549644598, 10417.556077659929, 9707.889162452393, 9280.624573312312, 11429.965384679443, 10255.997873299526, 9868.86314267506, 10462.48152572384]
[10037.64268853949, 11076.47526297313, 10284.659633468322, 10045.746877553538, 9715.327806522706, 10187.52433233217, 9047.275810404963, 11336.051482180814, 11528.823273449294, 8713.394336834668, 11983.722129678046, 10028.886104467623, 10083.653833855044, 10834.082164865244, 10992.7062785498, 9553.39064692586, 10198.140050632306, 10019.80985817708, 10022.24526179228, 8341.4940395224, 9939.02841079737, 10623.0007831831, 10609.335881428315, 10154.134583887375, 10278.784689789998, 11937.249370779677, 10547.534373560353, 9197.30728171548, 9709.093173933194, 10260.47096116548, 10307.678379876683, 10770.957144772721, 10358.092434218868, 11431.389456240706, 10660.080558305188, 9238.109282500696, 10709.030747647692, 10512.554170592493, 10749.92910049345, 10621.622999911073, 10084.582785439277, 11372.826618294468, 9833.045328445469, 10417.556077659929, 9707.889162452393, 9280.624573312312, 11422.6522359971, 10255.997873299526, 9868.86314267506, 10458.431808235695]
[10037.64268853949, 11076.47526297313, 10281.355348334382, 10045.746877553538, 9612.735251214697, 10187.52433233217, 9047.275810404963, 11336.051482180814, 11528.823273449294, 8706.792159392144, 11983.722129678046, 10028.886104467623, 10083.653833855044, 10834.082164865244, 10974.237806795885, 9553.39064692586, 10192.437693972302, 10016.627800831277, 10005.101681476335, 8341.4940395224, 9934.916583615926, 10623.0007831831, 10603.753258902838, 10096.126092117831, 10255.613116839997, 11937.249370779677, 10542.937837274678, 9186.397206687223, 9709.093173933194, 10252.428266876188, 10307.678379876683, 10753.163170536805, 10358.092434218868, 11431.389456240706, 10644.672547444188, 9238.109282500696, 10709.030747647692, 10494.502370289882, 10745.613025492408, 10621.622999911073, 10084.582785439277, 11335.006812322412, 9833.045328445469, 10417.556077659929, 9698.1707121221, 9256.950780101743, 11422.6522359971, 10255.997873299526, 9850.913527588273, 10458.431808235695]
[10037.64268853949, 11076.47526297313, 10281.355348334382, 10045.746877553538, 9595.84641620253, 10187.52433233217, 9047.275810404963, 11336.051482180814, 11508.765157104559, 8653.753094104839, 11983.722129678046, 10021.250342725714, 10083.653833855044, 10834.082164865244, 10974.237806795885, 9553.39064692586, 10188.512316442344, 9978.608904895316, 9984.817416571705, 8341.4940395224, 9934.916583615926, 10623.0007831831, 10603.753258902838, 10067.667107390136, 10243.857577329822, 11906.656839276622, 10536.469246581171, 9186.397206687223, 9709.093173933194, 10252.428266876188, 10266.213715036572, 10735.376147343502, 10358.092434218868, 11430.249631537306, 10603.980316386882, 9219.073990007379, 10708.370303337986, 10494.502370289882, 10745.613025492408, 10621.581422815034, 10084.582785439277, 11320.915116984257, 9780.202377351045, 10417.556077659929, 9672.57678377803, 9256.950780101743, 11422.6522359971, 10255.997873299526, 9850.913527588273, 10443.31390424594]
[9995.099162690702, 11050.347562002495, 10281.355348334382, 10045.746877553538, 9595.84641620253, 10187.52433233217, 9047.275810404963, 11331.457987710117, 11508.765157104559, 8653.753094104839, 11973.228008567034, 10021.250342725714, 10079.74991839685, 10834.082164865244, 10974.237806795885, 9496.580389158846, 10175.803415234255, 9974.747210491809, 9984.817416571705, 8341.4940395224, 9934.916583615926, 10587.907765465108, 10603.753258902838, 10067.667107390136, 10241.125127074803, 11906.656839276622, 10536.469246581171, 9128.071522468012, 9637.945417865256, 10252.428266876188, 10244.03403117057, 10735.376147343502, 10351.440453448204, 11430.249631537306, 10558.082004773296, 9219.073990007379, 10708.370303337986, 10463.358519099367, 10745.613025492408, 10600.784372878228, 10027.149183214535, 11320.915116984257, 9777.981628755335, 10404.700958987754, 9651.262534681522, 9244.587144893416, 11417.219500902454, 10255.997873299526, 9784.017455656769, 10443.31390424594]
[9995.099162690702, 11050.347562002495, 10281.355348334382, 10045.746877553538, 9581.441386305165, 10165.975643048423, 9047.275810404963, 11322.539407941029, 11506.669752296015, 8653.753094104839, 11969.64186265126, 10021.250342725714, 10069.562831138983, 10832.700837702125, 10974.237806795885, 9496.580389158846, 10149.324782328204, 9941.155062884929, 9973.83809075914, 8341.4940395224, 9934.916583615926, 10587.907765465108, 10558.987011925468, 10058.424660526009, 10227.37048792576, 11906.656839276622, 10536.469246581171, 9121.940113418274, 9637.945417865256, 10171.710826027967, 10244.03403117057, 10735.376147343502, 10351.440453448204, 11414.455288625486, 10555.410215347441, 9219.073990007379, 10708.370303337986, 10463.358519099367, 10745.613025492408, 10600.784372878228, 10027.149183214535, 11311.951534928006, 9763.370702407528, 10372.875280202341, 9632.96869580274, 9244.587144893416, 11417.219500902454, 10255.997873299526, 9779.092347397545, 10443.31390424594]
[9989.269475711822, 11045.569072046532, 10281.355348334382, 10042.082085003392, 9581.441386305165, 10165.975643048423, 9047.275810404963, 11311.872815632947, 11464.231746520783, 8642.442854459765, 11969.64186265126, 10021.250342725714, 10051.552141783292, 10832.700837702125, 10974.237806795885, 9482.347947591146, 10149.324782328204, 9930.458235880778, 9973.83809075914, 8326.213772588626, 9927.007926710949, 10587.907765465108, 10558.987011925468, 10058.424660526009, 10214.851165409078, 11852.638080735447, 10536.469246581171, 9107.058258035093, 9634.625339299906, 10171.710826027967, 10244.03403117057, 10735.376147343502, 10351.440453448204, 11410.823856602616, 10555.410215347441, 9219.073990007379, 10708.370303337986, 10463.358519099367, 10729.75855838417, 10600.784372878228, 10027.149183214535, 11305.457661574175, 9763.370702407528, 10357.218400749629, 9619.867430303018, 9244.587144893416, 11411.749894747541, 10255.997873299526, 9762.340377519602, 10411.136391891687]
[9971.335519781014, 11045.569072046532, 10281.355348334382, 10022.639709143676, 9573.596971650233, 10165.975643048423, 9047.275810404963, 11307.573753845609, 11420.962759594808, 8642.072403622962, 11969.64186265126, 10021.250342725714, 10051.552141783292, 10832.700837702125, 10904.027620404258, 9482.347947591146, 10080.80156138039, 9916.74001108862, 9971.61198680408, 8326.213772588626, 9889.11035090848, 10587.907765465108, 10558.987011925468, 10058.424660526009, 10211.613883036469, 11830.051023231623, 10536.469246581171, 9103.519290760083, 9634.625339299906, 10171.710826027967, 10208.920640210888, 10735.376147343502, 10333.503816321863, 11392.472139393023, 10555.410215347441, 9219.073990007379, 10691.925388449064, 10420.73623480053, 10729.75855838417, 10600.784372878228, 10027.149183214535, 11296.093103330057, 9721.921872737134, 10325.998520122148, 9617.13334971254, 9244.587144893416, 11403.04899735669, 10238.770138178657, 9761.3938490086, 10409.17448567469]
[9971.335519781014, 11029.442489252422, 10279.556638469587, 10022.639709143676, 9573.596971650233, 10156.224376623144, 9047.275810404963, 11307.573753845609, 11420.962759594808, 8642.072403622962, 11936.285380104635, 10021.250342725714, 10051.552141783292, 10831.365554258726, 10904.027620404258, 9464.56887704616, 10080.80156138039, 9916.74001108862, 9895.140222034413, 8317.46571186336, 9889.11035090848, 10553.191610678954, 10550.227206597365, 10005.251766588339, 10211.613883036469, 11765.312349441952, 10536.469246581171, 9092.634961655931, 9634.625339299906, 10171.710826027967, 10201.298269125902, 10703.293690278753, 10321.624902208887, 11353.755395313305, 10555.410215347441, 9219.073990007379, 10691.925388449064, 10420.73623480053, 10693.472539030783, 10600.784372878228, 10016.711544918475, 11289.307839581938, 9701.79670106561, 10325.998520122148, 9617.13334971254, 9244.587144893416, 11385.842925015695, 10235.984027672686, 9733.504830424932, 10409.17448567469]
[9969.466620994497, 11029.442489252422, 10272.254050393587, 10022.639709143676, 9573.596971650233, 10156.224376623144, 9047.275810404963, 11307.573753845609, 11420.962759594808, 8642.072403622962, 11936.285380104635, 9987.420053068145, 10035.571011514789, 10829.200836701313, 10897.786079350426, 9456.748876341702, 10080.80156138039, 9911.619102011495, 9895.140222034413, 8305.438042410238, 9877.551404070775, 10544.999675702418, 10521.277170277202, 10005.251766588339, 10211.613883036469, 11765.312349441952, 10470.535997937226, 9092.019319708063, 9634.625339299906, 10142.245724008151, 10168.70019916027, 10703.293690278753, 10321.624902208887, 11345.718581359688, 10551.791757955514, 9219.073990007379, 10643.017380310188, 10416.700077366284, 10692.598172088992, 10599.40018520916, 10008.641205854454, 11288.331582764904, 9701.79670106561, 10325.998520122148, 9617.13334971254, 9244.587144893416, 11385.842925015695, 10235.984027672686, 9733.504830424932, 10406.016961595935]
[9943.296370874652, 11015.902660839372, 10272.254050393587, 9990.638760881033, 9573.596971650233, 10141.251795602946, 9047.275810404963, 11307.573753845609, 11420.962759594808, 8626.363237650357, 11936.285380104635, 9987.420053068145, 10035.571011514789, 10794.806602233653, 10883.566031976636, 9434.097432038478, 10080.80156138039, 9911.619102011495, 9895.140222034413, 8305.438042410238, 9864.664729558552, 10544.999675702418, 10521.277170277202, 9984.621781944967, 10211.613883036469, 11706.912737727605, 10470.535997937226, 9090.634282251262, 9634.625339299906, 10097.438711300805, 10168.70019916027, 10701.171742422133, 10311.565864736498, 11345.718581359688, 10529.829803030716, 9194.381638992016, 10634.186141548289, 10387.036017585844, 10681.401065660513, 10594.542990848582, 9983.010517931056, 11288.331582764904, 9701.79670106561, 10325.998520122148, 9566.576373305075, 9244.587144893416, 11385.842925015695, 10235.984027672686, 9733.37175719294, 10406.016961595935]
[9943.296370874652, 10983.07612634746, 10271.917074043658, 9990.638760881033, 9573.596971650233, 10116.449757816059, 9033.115498471376, 11307.573753845609, 11420.962759594808, 8626.363237650357, 11936.285380104635, 9966.314877670768, 10035.571011514789, 10794.806602233653, 10883.566031976636, 9434.097432038478, 10080.80156138039, 9898.370056022231, 9895.140222034413, 8305.438042410238, 9864.664729558552, 10520.751464000428, 10521.277170277202, 9984.621781944967, 10199.75182039547, 11705.750812222701, 10468.90720215637, 9081.906364776674, 9594.074546803282, 10097.438711300805, 10168.70019916027, 10701.171742422133, 10311.565864736498, 11337.88808254621, 10529.829803030716, 9194.381638992016, 10634.186141548289, 10383.619343370327, 10681.401065660513, 10570.01521640219, 9983.010517931056, 11270.162682320308, 9693.150695671167, 10301.630405337946, 9543.143971930802, 9244.587144893416, 11385.842925015695, 10185.704837838579, 9723.247333106572, 10406.016961595935]
[9905.078231665615, 10975.931276177489, 10271.917074043658, 9990.638760881033, 9573.596971650233, 10091.041435213181, 9016.946604728022, 11304.667493494346, 11397.318513857736, 8626.363237650357, 11897.81307880653, 9966.314877670768, 9969.36284755954, 10794.806602233653, 10883.566031976636, 9413.686498884046, 10080.80156138039, 9898.370056022231, 9895.140222034413, 8283.31135887966, 9825.684667641211, 10520.751464000428, 10521.277170277202, 9984.621781944967, 10149.199721175373, 11628.233370199227, 10429.870249405223, 9049.448454245725, 9594.074546803282, 10089.155155457403, 10168.70019916027, 10701.171742422133, 10311.565864736498, 11337.88808254621, 10529.829803030716, 9194.381638992016, 10634.186141548289, 10383.619343370327, 10657.146813555315, 10553.025972331014, 9983.010517931056, 11231.37182743928, 9676.472361048141, 10301.630405337946, 9529.3765811312, 9244.587144893416, 11316.893986949175, 10178.509466291627, 9721.987797811165, 10406.016961595935]
[9886.463385634175, 10975.931276177489, 10271.917074043658, 9990.638760881033, 9573.596971650233, 10091.041435213181, 8991.244582679632, 11302.204704210522, 11370.633403542895, 8626.363237650357, 11897.81307880653, 9966.314877670768, 9957.855083622671, 10794.806602233653, 10842.89537084115, 9413.686498884046, 10059.048421320133, 9898.370056022231, 9885.925859993466, 8263.202468282585, 9819.95827969408, 10520.751464000428, 10508.48822718671, 9984.621781944967, 10149.199721175373, 11614.887623423218, 10429.870249405223, 9003.823011694602, 9594.074546803282, 10089.155155457403, 10168.70019916027, 10682.959857392772, 10311.565864736498, 11337.88808254621, 10529.829803030716, 9194.381638992016, 10610.753741947225, 10383.619343370327, 10657.146813555315, 10547.002099463332, 9983.010517931056, 11231.37182743928, 9676.472361048141, 10296.353666210172, 9529.3765811312, 9244.587144893416, 11297.048230789496, 10178.509466291627, 9721.987797811165, 10349.716369061141]
[9886.273631073698, 10975.931276177489, 10260.659958553097, 9990.638760881033, 9556.432082711188, 10082.925349291538, 8991.244582679632, 11302.204704210522, 11370.633403542895, 8618.838497768995, 11885.7823961746, 9966.314877670768, 9956.870552628456, 10794.806602233653, 10842.89537084115, 9395.14940815016, 10059.048421320133, 9898.370056022231, 9885.925859993466, 8259.575179351927, 9811.823472443908, 10520.385908165492, 10464.715109594541, 9957.409034344011, 10140.051834424277, 11614.887623423218, 10429.870249405223, 9003.823011694602, 9594.074546803282, 10089.155155457403, 10168.70019916027, 10682.959857392772, 10290.715737335484, 11330.073941080644, 10522.03008080614, 9194.381638992016, 10603.740410025255, 10380.6377446566, 10657.146813555315, 10547.002099463332, 9983.010517931056, 11231.37182743928, 9676.472361048141, 10290.629866798656, 9529.3765811312, 9244.587144893416, 11259.388270834497, 10178.509466291627, 9721.987797811165, 10331.986745125849]
[9880.760596617272, 10975.931276177489, 10260.659958553097, 9980.560033829404, 9480.881849899302, 10082.925349291538, 8991.244582679632, 11302.204704210522, 11343.41139034684, 8618.838497768995, 11885.7823961746, 9952.68291702461, 9956.870552628456, 10794.806602233653, 10826.468324227772, 9376.09561602346, 10059.048421320133, 9897.35933758436, 9885.925859993466, 8257.076105776783, 9797.255707215938, 10517.499856957449, 10464.715109594541, 9957.409034344011, 10136.808619363666, 11614.887623423218, 10429.870249405223, 9003.823011694602, 9591.418292913033, 10089.155155457403, 10139.050933346898, 10678.063363957892, 10290.715737335484, 11330.073941080644, 10518.563944363439, 9194.381638992016, 10559.29241560526, 10380.6377446566, 10593.579612144536, 10547.002099463332, 9983.010517931056, 11231.37182743928, 9666.678760509853, 10257.156044630716, 9529.141032491641, 9243.512060341012, 11254.250815548887, 10098.040344878944, 9721.987797811165, 10331.986745125849]
[9880.760596617272, 10933.073706949282, 10260.659958553097, 9980.560033829404, 9480.881849899302, 10082.925349291538, 8991.244582679632, 11302.204704210522, 11314.332213413436, 8611.233167028146, 11853.427110777155, 9952.68291702461, 9956.870552628456, 10794.806602233653, 10817.576915745807, 9376.09561602346, 10059.048421320133, 9896.90575629017, 9872.52424602598, 8257.076105776783, 9797.255707215938, 10489.606230472233, 10464.715109594541, 9957.409034344011, 10110.629730512845, 11614.887623423218, 10427.106289563602, 9003.823011694602, 9583.024875843968, 10083.277812302076, 10099.757705902652, 10678.063363957892, 10280.02719637829, 11321.622575291793, 10518.563944363439, 9173.574663658752, 10559.29241560526, 10380.6377446566, 10593.579612144536, 10528.457521491287, 9983.010517931056, 11231.37182743928, 9649.782380275357, 10250.900726209053, 9529.141032491641, 9237.555196988982, 11240.446101261121, 10098.040344878944, 9674.4332610578, 10331.986745125849]
[9880.760596617272, 10933.073706949282, 10241.546564937938, 9950.130327762632, 9476.019949036981, 10082.925349291538, 8991.244582679632, 11302.204704210522, 11314.332213413436, 8611.233167028146, 11844.039069103192, 9929.116255250465, 9956.870552628456, 10794.806602233653, 10817.576915745807, 9376.09561602346, 10059.048421320133, 9895.584202001644, 9870.906608629022, 8231.504625647449, 9797.255707215938, 10447.077498588555, 10464.715109594541, 9935.82016231371, 10110.629730512845, 11614.887623423218, 10427.106289563602, 8997.936747870855, 9579.226375391769, 10083.277812302076, 10099.757705902652, 10646.049473299661, 10280.02719637829, 11321.622575291793, 10518.563944363439, 9162.560524500415, 10559.29241560526, 10380.6377446566, 10593.579612144536, 10523.264750043094, 9983.010517931056, 11192.732305570136, 9649.782380275357, 10234.405959899757, 9525.008831057174, 9237.555196988982, 11227.062627320607, 10095.537083337244, 9674.4332610578, 10322.221484782629]
[9866.890944000466, 10933.073706949282, 10241.546564937938, 9950.130327762632, 9476.019949036981, 10082.925349291538, 8991.244582679632, 11294.077703414567, 11297.775859648149, 8584.767306028796, 11831.945676364205, 9902.448645601382, 9956.870552628456, 10740.480478168389, 10817.576915745807, 9373.226667711999, 10059.048421320133, 9895.584202001644, 9870.906608629022, 8214.72912970389, 9797.255707215938, 10446.144366437391, 10464.715109594541, 9935.82016231371, 10106.508917460475, 11612.165475416048, 10397.000628092726, 8982.07031013456, 9548.24224055603, 10068.25812826215, 10099.757705902652, 10646.049473299661, 10280.02719637829, 11313.926958579512, 10508.896268053151, 9162.560524500415, 10557.632760696592, 10380.6377446566, 10593.579612144536, 10451.169972125754, 9983.010517931056, 11192.732305570136, 9649.782380275357, 10234.405959899757, 9517.054280147358, 9237.555196988982, 11227.062627320607, 10095.537083337244, 9670.49565807034, 10322.221484782629]
[9866.890944000466, 10933.073706949282, 10241.546564937938, 9950.130327762632, 9450.804374591024, 10082.925349291538, 8991.244582679632, 11294.077703414567, 11297.455076730843, 8559.191648021542, 11795.716662650502, 9902.448645601382, 9949.81495891735, 10729.716951621884, 10817.576915745807, 9365.680782566684, 10035.240081651795, 9892.96866651917, 9863.832656360983, 8187.924085407695, 9797.246204547697, 10444.29126218383, 10464.715109594541, 9935.82016231371, 10106.508917460475, 11612.165475416048, 10381.765801679812, 8982.07031013456, 9536.906404753207, 10068.25812826215, 10099.757705902652, 10635.571576201912, 10280.02719637829, 11291.13192584417, 10508.896268053151, 9147.010385403337, 10537.400547658543, 10374.907185466705, 10593.579612144536, 10451.169972125754, 9983.010517931056, 11192.732305570136, 9649.782380275357, 10234.405959899757, 9517.054280147358, 9237.555196988982, 11227.062627320607, 10095.537083337244, 9670.49565807034, 10322.221484782629]
[9866.890944000466, 10933.073706949282, 10230.324566922773, 9945.655860037563, 9419.872623291685, 10082.925349291538, 8991.244582679632, 11275.919498039302, 11297.455076730843, 8559.191648021542, 11795.716662650502, 9877.493659407757, 9949.81495891735, 10729.716951621884, 10817.576915745807, 9365.680782566684, 9997.225603965348, 9875.035356970593, 9863.832656360983, 8181.749499342521, 9797.246204547697, 10434.990949812995, 10459.457755818948, 9935.82016231371, 10099.287447497514, 11612.165475416048, 10361.030644996124, 8982.07031013456, 9524.685825221519, 10052.36369123523, 10082.996864775641, 10631.12991146107, 10280.02719637829, 11291.13192584417, 10508.896268053151, 9136.691919939625, 10509.280599754211, 10374.907185466705, 10587.985767066028, 10448.370441488574, 9975.655983015517, 11158.184806632229, 9649.782380275357, 10219.816210878807, 9517.054280147358, 9237.555196988982, 11194.57791581592, 10029.74373987252, 9670.49565807034, 10304.642568786356]
[9866.890944000466, 10886.167630693339, 10222.23835870169, 9938.775590850284, 9419.872623291685, 10082.925349291538, 8982.02881763879, 11275.919498039302, 11292.143756504123, 8547.898981683527, 11795.716662650502, 9859.184209435538, 9944.54310648377, 10721.913215191691, 10815.786290389718, 9353.888821386436, 9992.366154483561, 9875.035356970593, 9863.832656360983, 8147.420775299923, 9797.246204547697, 10429.59629181737, 10459.457755818948, 9935.82016231371, 10099.287447497514, 11612.165475416048, 10361.030644996124, 8955.84454374255, 9516.755302293408, 10052.36369123523, 10082.996864775641, 10626.090783143574, 10280.02719637829, 11291.13192584417, 10492.204030219069, 9105.299139793988, 10509.280599754211, 10374.907185466705, 10586.145529696707, 10448.370441488574, 9975.655983015517, 11158.184806632229, 9649.782380275357, 10219.816210878807, 9517.054280147358, 9232.332367794303, 11194.57791581592, 10029.45227074942, 9667.083367387919, 10304.642568786356]
[9866.890944000466, 10867.821353102936, 10207.269243772724, 9935.610250134288, 9419.872623291685, 10078.793946511789, 8982.02881763879, 11268.961175207147, 11292.143756504123, 8518.331775957517, 11795.149860981692, 9859.184209435538, 9917.867006788547, 10721.913215191691, 10815.786290389718, 9336.472035260644, 9992.366154483561, 9875.035356970593, 9863.832656360983, 8110.341007685146, 9781.870037137593, 10419.807448258707, 10459.457755818948, 9904.517893789707, 10099.287447497514, 11612.165475416048, 10346.86758448914, 8925.590005528968, 9504.279481567057, 10046.707822786404, 10026.712154700534, 10587.511009874306, 10280.02719637829, 11280.46182866697, 10478.307482121587, 9064.924017044637, 10495.898360857904, 10347.887354870396, 10577.767669264478, 10448.370441488574, 9918.922521931288, 11158.184806632229, 9629.390803834936, 10208.499181913707, 9517.054280147358, 9231.506232053129, 11194.370849499215, 10019.767733814493, 9620.831363753927, 10304.642568786356]
[9865.852819738266, 10867.821353102936, 10172.910864956182, 9935.610250134288, 9419.872623291685, 10078.793946511789, 8975.947802344892, 11268.961175207147, 11292.143756504123, 8506.828385219324, 11785.592347309412, 9839.964481607258, 9917.867006788547, 10718.6518657285, 10785.736926028256, 9336.472035260644, 9992.366154483561, 9875.035356970593, 9843.541749894788, 8107.788215819055, 9781.870037137593, 10419.807448258707, 10459.457755818948, 9904.517893789707, 10099.287447497514, 11612.165475416048, 10336.176474026559, 8925.590005528968, 9504.279481567057, 10041.153698710028, 10013.846575426174, 10587.511009874306, 10280.02719637829, 11280.46182866697, 10468.222494169173, 9020.396713259704, 10495.898360857904, 10347.887354870396, 10567.484736618228, 10448.370441488574, 9918.922521931288, 11136.062327204349, 9629.390803834936, 10184.662981783104, 9517.054280147358, 9231.506232053129, 11194.370849499215, 10019.767733814493, 9607.77466614111, 10304.642568786356]
[9865.852819738266, 10867.821353102936, 10172.910864956182, 9934.640116689765, 9358.507304442328, 10078.793946511789, 8947.558234112628, 11268.961175207147, 11288.574789921222, 8498.555677331595, 11785.592347309412, 9839.964481607258, 9917.867006788547, 10703.485820528489, 10785.736926028256, 9335.737466388062, 9992.366154483561, 9869.919882846903, 9797.471932420169, 8038.33055135664, 9781.870037137593, 10419.807448258707, 10459.457755818948, 9877.28198404207, 10085.609210927461, 11612.165475416048, 10336.176474026559, 8910.373057047349, 9497.9517143456, 10041.153698710028, 9995.084711973755, 10587.511009874306, 10280.02719637829, 11280.46182866697, 10447.822994680371, 9020.396713259704, 10495.898360857904, 10347.887354870396, 10567.484736618228, 10448.370441488574, 9918.922521931288, 11136.062327204349, 9629.390803834936, 10184.662981783104, 9512.027316939764, 9230.710217439173, 11182.070480931758, 10019.767733814493, 9607.514603593187, 10295.762591682598]
[9865.852819738266, 10867.821353102936, 10169.221623824013, 9927.879505118777, 9332.79391263393, 10043.0337428955, 8947.558234112628, 11229.948827239878, 11288.574789921222, 8473.605720394688, 11785.592347309412, 9839.964481607258, 9917.867006788547, 10661.725244704106, 10768.923553406219, 9335.737466388062, 9974.596069067886, 9868.705857719458, 9797.471932420169, 8033.379546691572, 9758.049166296198, 10419.807448258707, 10459.457755818948, 9877.28198404207, 10085.609210927461, 11612.165475416048, 10336.176474026559, 8910.373057047349, 9476.787082810937, 10041.153698710028, 9995.084711973755, 10549.964823786166, 10280.02719637829, 11280.46182866697, 10447.822994680371, 9020.396713259704, 10475.992083389556, 10347.887354870396, 10567.484736618228, 10448.370441488574, 9897.991523595989, 11115.646978561463, 9629.390803834936, 10184.662981783104, 9510.85754855899, 9227.75829830772, 11182.070480931758, 10019.767733814493, 9595.95139985197, 10295.762591682598]
[9863.435532106045, 10867.821353102936, 10131.604467522164, 9903.600288340913, 9332.79391263393, 10043.0337428955, 8947.558234112628, 11218.551008232882, 11288.574789921222, 8473.605720394688, 11785.592347309412, 9811.70372410642, 9880.691134491428, 10658.43078223526, 10768.923553406219, 9325.895093797892, 9974.596069067886, 9868.705857719458, 9797.471932420169, 8008.257624072338, 9758.049166296198, 10401.773767514434, 10459.457755818948, 9868.412360076234, 10078.440563955466, 11612.165475416048, 10336.176474026559, 8907.663246718364, 9476.047964842302, 10041.153698710028, 9994.17877046999, 10549.964823786166, 10264.298183519702, 11280.46182866697, 10422.815080794198, 9020.396713259704, 10458.53155740524, 10347.887354870396, 10567.484736618228, 10448.370441488574, 9827.20942761904, 11111.111624585972, 9591.092802737629, 10173.971552573284, 9499.106347641513, 9227.75829830772, 11182.070480931758, 10019.767733814493, 9585.449676980395, 10293.519869868942]
[9858.522769341605, 10839.967982744753, 10104.47732238382, 9903.600288340913, 9313.335496460717, 10026.99320629638, 8947.558234112628, 11217.495494500166, 11288.574789921222, 8473.605720394688, 11785.592347309412, 9808.628454342475, 9880.691134491428, 10594.748152703603, 10734.414201773989, 9299.100877579564, 9974.596069067886, 9868.705857719458, 9797.471932420169, 8008.257624072338, 9758.049166296198, 10355.138533808076, 10459.457755818948, 9868.412360076234, 10078.440563955466, 11612.165475416048, 10323.912094335214, 8901.651103963457, 9476.047964842302, 10041.153698710028, 9986.701724570094, 10535.5160730186, 10264.298183519702, 11280.46182866697, 10422.815080794198, 9020.396713259704, 10449.38178056983, 10338.279342784792, 10546.39983762968, 10420.50757658288, 9827.20942761904, 11111.111624585972, 9578.303917654359, 10173.971552573284, 9499.106347641513, 9227.75829830772, 11162.367956325837, 10019.767733814493, 9583.740552103453, 10293.519869868942]
[9858.522769341605, 10839.967982744753, 10104.47732238382, 9903.600288340913, 9306.037756678827, 10026.99320629638, 8937.412170107562, 11214.779111012718, 11288.574789921222, 8473.605720394688, 11721.301548959687, 9806.940861141466, 9880.691134491428, 10593.998825816501, 10670.690863948792, 9287.158090198442, 9973.723637688623, 9820.223222430057, 9753.934229230192, 8008.257624072338, 9755.065859535334, 10348.76017255188, 10459.457755818948, 9868.412360076234, 10078.440563955466, 11612.165475416048, 10323.720694128595, 8901.651103963457, 9470.273959252161, 10041.153698710028, 9971.630781364078, 10535.5160730186, 10257.716977019525, 11280.46182866697, 10373.750990677278, 9020.396713259704, 10437.104707864952, 10338.279342784792, 10507.122118242874, 10420.50757658288, 9765.288153642394, 11111.111624585972, 9558.667549053049, 10173.971552573284, 9482.28854114098, 9225.96861040605, 11152.319281834103, 10019.767733814493, 9568.087179652968, 10286.75905252177]
[9841.531536321698, 10839.967982744753, 10104.47732238382, 9903.600288340913, 9306.037756678827, 10026.99320629638, 8912.832844997905, 11214.779111012718, 11239.535201605944, 8462.018258653212, 11721.301548959687, 9806.940861141466, 9866.04449164024, 10592.574620786063, 10670.690863948792, 9287.158090198442, 9973.723637688623, 9820.223222430057, 9750.365383519187, 7992.32655063156, 9748.47773244533, 10340.842945015595, 10459.457755818948, 9868.412360076234, 10078.440563955466, 11612.165475416048, 10305.99962769746, 8877.47834323914, 9446.234107400625, 10038.346840084703, 9964.641771568888, 10535.5160730186, 10224.959865005509, 11251.037485329565, 10373.750990677278, 9020.396713259704, 10434.182399102188, 10338.279342784792, 10495.787502913989, 10416.947260280056, 9765.288153642394, 11092.783249672753, 9558.667549053049, 10168.1553660592, 9482.28854114098, 9225.96861040605, 11152.319281834103, 10019.767733814493, 9548.8807178593, 10286.75905252177]
[9790.77766809172, 10795.649335537739, 10073.019972064489, 9879.71771063205, 9306.037756678827, 10026.99320629638, 8912.832844997905, 11214.779111012718, 11239.535201605944, 8454.36291098253, 11721.301548959687, 9796.434059487308, 9866.04449164024, 10561.409040429755, 10670.690863948792, 9287.158090198442, 9973.723637688623, 9820.223222430057, 9678.360677785076, 7992.32655063156, 9748.47773244533, 10340.842945015595, 10450.478218929798, 9868.412360076234, 10074.509059476151, 11612.165475416048, 10305.99962769746, 8868.404833432318, 9446.234107400625, 10037.353808039166, 9945.203079966419, 10535.5160730186, 10224.959865005509, 11251.037485329565, 10367.719601728673, 9020.396713259704, 10429.779148985943, 10338.279342784792, 10486.714490987632, 10399.097023939566, 9764.976806112903, 11071.807344031167, 9558.667549053049, 10168.1553660592, 9482.28854114098, 9191.42368931543, 11152.319281834103, 10019.767733814493, 9548.8807178593, 10281.018906026704]
[9790.77766809172, 10779.394699018296, 10073.019972064489, 9871.758793103141, 9297.04309096984, 10026.99320629638, 8912.832844997905, 11200.458544587986, 11222.033711018365, 8454.36291098253, 11721.301548959687, 9796.434059487308, 9866.04449164024, 10561.409040429755, 10670.690863948792, 9287.158090198442, 9973.723637688623, 9816.182445145427, 9678.360677785076, 7973.096349682547, 9741.720096664278, 10340.842945015595, 10437.207931740739, 9829.623840709664, 10065.028744734633, 11612.165475416048, 10305.99962769746, 8868.404833432318, 9446.234107400625, 10026.79583646238, 9945.203079966419, 10535.5160730186, 10224.959865005509, 11251.037485329565, 10367.719601728673, 9020.396713259704, 10415.858495627699, 10331.370902882341, 10486.714490987632, 10399.097023939566, 9764.976806112903, 11071.807344031167, 9558.500198145744, 10168.1553660592, 9482.28854114098, 9190.25461337305, 11152.319281834103, 10019.767733814493, 9542.330634193982, 10281.018906026704]
[9790.77766809172, 10779.394699018296, 10061.676824387605, 9833.29359495379, 9297.04309096984, 10005.30949700303, 8912.832844997905, 11200.458544587986, 11222.033711018365, 8454.36291098253, 11721.301548959687, 9796.434059487308, 9866.04449164024, 10549.310976402601, 10670.690863948792, 9279.345381350164, 9968.884526945149, 9816.182445145427, 9640.914723894208, 7955.077453607659, 9712.902197683323, 10340.842945015595, 10435.609913284945, 9829.623840709664, 10053.864730905862, 11591.261401805865, 10302.738200459904, 8864.262155861901, 9437.966897614353, 10026.79583646238, 9924.720692687732, 10531.68405607905, 10224.959865005509, 11248.100152150208, 10367.719601728673, 9020.396713259704, 10415.858495627699, 10331.370902882341, 10486.714490987632, 10370.234727499654, 9764.976806112903, 11052.186311281752, 9541.167046339986, 10168.1553660592, 9480.09349695303, 9190.25461337305, 11143.069740867653, 10019.767733814493, 9529.594923985636, 10281.018906026704]
[9790.77766809172, 10779.394699018296, 10061.676824387605, 9833.29359495379, 9297.04309096984, 9997.446158709008, 8912.832844997905, 11179.85618258079, 11140.908954448752, 8446.431999240249, 11721.301548959687, 9772.172130952898, 9866.04449164024, 10549.310976402601, 10670.690863948792, 9254.760185615733, 9968.884526945149, 9816.182445145427, 9640.914723894208, 7955.077453607659, 9712.902197683323, 10340.842945015595, 10435.609913284945, 9797.81116262492, 10053.864730905862, 11567.510312939385, 10287.274896968363, 8857.987160927256, 9391.762584206743, 10026.79583646238, 9924.720692687732, 10521.04346395483, 10224.959865005509, 11248.100152150208, 10326.81120169754, 9019.149247705343, 10415.858495627699, 10322.565474974643, 10486.714490987632, 10301.641840124485, 9760.946363517369, 11052.186311281752, 9497.858517436918, 10168.1553660592, 9447.787182522234, 9175.631753059937, 11143.069740867653, 10014.555846152296, 9520.742304909994, 10278.985293078727]
[9745.669249022974, 10779.394699018296, 10061.676824387605, 9814.882016581925, 9227.704521168313, 9997.446158709008, 8912.832844997905, 11179.85618258079, 11124.233465373169, 8446.431999240249, 11721.301548959687, 9772.172130952898, 9859.26873906216, 10521.56983615524, 10658.166025296494, 9254.760185615733, 9944.678738582601, 9816.182445145427, 9640.914723894208, 7955.077453607659, 9712.902197683323, 10340.842945015595, 10417.67117877757, 9797.81116262492, 10045.156757173672, 11547.857275944956, 10287.274896968363, 8841.090344303891, 9391.762584206743, 10026.79583646238, 9924.720692687732, 10521.04346395483, 10224.959865005509, 11220.399751382385, 10326.81120169754, 9017.386413162301, 10415.858495627699, 10322.565474974643, 10471.063504073349, 10301.641840124485, 9748.116617178002, 11052.186311281752, 9497.858517436918, 10124.09385115385, 9423.651773032188, 9147.681869407981, 11143.069740867653, 10014.555846152296, 9514.595962913747, 10278.985293078727]
[9745.669249022974, 10756.070485593404, 10057.578973218637, 9794.422293525353, 9227.704521168313, 9995.13362458632, 8912.832844997905, 11170.511979395498, 11105.007760691642, 8443.823470038968, 11721.301548959687, 9772.172130952898, 9854.515851402331, 10521.56983615524, 10631.636910185085, 9254.760185615733, 9944.678738582601, 9810.401490680555, 9640.914723894208, 7941.307977390762, 9709.758719435431, 10310.973330961888, 10414.227496924945, 9797.81116262492, 10027.742576812934, 11526.535498498994, 10287.274896968363, 8808.68839179196, 9390.403833283563, 10012.657061459344, 9924.720692687732, 10521.04346395483, 10224.959865005509, 11204.418570341271, 10326.81120169754, 9017.386413162301, 10414.384686633699, 10322.565474974643, 10425.899481352597, 10301.641840124485, 9743.57794448434, 11052.186311281752, 9453.639848775598, 10121.2613415828, 9423.651773032188, 9147.681869407981, 11143.069740867653, 10014.555846152296, 9514.595962913747, 10278.985293078727]
[9715.098286181541, 10726.065288062546, 10045.31658106259, 9794.422293525353, 9207.192943078377, 9976.994672637506, 8912.832844997905, 11143.274447471855, 11105.007760691642, 8427.057628973029, 11717.311435377971, 9752.7726570428, 9804.436784038971, 10494.606691635327, 10631.636910185085, 9223.130288256432, 9944.678738582601, 9810.401490680555, 9611.701789895324, 7941.307977390762, 9709.758719435431, 10310.973330961888, 10395.980147232902, 9792.485610119815, 9974.688961721697, 11521.5175147609, 10287.14237588493, 8808.68839179196, 9390.403833283563, 10012.657061459344, 9924.720692687732, 10517.455046728473, 10224.959865005509, 11204.418570341271, 10320.799859820783, 9017.386413162301, 10414.384686633699, 10322.565474974643, 10411.882329721402, 10301.641840124485, 9739.971190470304, 11029.508292654984, 9453.639848775598, 10119.189812438019, 9421.26448002035, 9147.681869407981, 11143.069740867653, 9996.687149614827, 9514.538619087867, 10276.93234016311]
[9710.880494443812, 10726.065288062546, 10033.764580054054, 9792.370338951678, 9183.344821637696, 9976.994672637506, 8910.131944149845, 11143.274447471855, 11100.042283106031, 8392.277771922028, 11706.799217956428, 9741.478155813984, 9795.560649311537, 10494.606691635327, 10631.636910185085, 9223.130288256432, 9944.678738582601, 9788.22095964293, 9611.701789895324, 7912.767539126228, 9709.758719435431, 10306.837277614108, 10337.75948147284, 9792.485610119815, 9974.688961721697, 11521.5175147609, 10287.14237588493, 8799.257264409925, 9390.403833283563, 10012.657061459344, 9924.720692687732, 10517.455046728473, 10224.959865005509, 11204.418570341271, 10320.799859820783, 9015.28910505339, 10414.384686633699, 10322.565474974643, 10407.140707662431, 10301.641840124485, 9739.971190470304, 11007.413123033404, 9453.639848775598, 10112.95385607463, 9421.26448002035, 9147.681869407981, 11142.751815935038, 9985.941036542754, 9514.538619087867, 10273.327865814932]
[9710.880494443812, 10726.065288062546, 10031.039299435, 9792.370338951678, 9183.344821637696, 9957.757698521014, 8860.642051261359, 11143.274447471855, 11100.042283106031, 8392.277771922028, 11690.477089878508, 9690.931916119993, 9795.560649311537, 10494.606691635327, 10631.636910185085, 9194.651867953024, 9891.596323067548, 9746.204110109744, 9611.701789895324, 7902.31871678668, 9674.128591115947, 10306.837277614108, 10337.75948147284, 9792.485610119815, 9940.13783230425, 11521.5175147609, 10194.28366216564, 8799.257264409925, 9355.010473040009, 10008.804775627026, 9921.119899393136, 10517.455046728473, 10224.959865005509, 11204.418570341271, 10320.799859820783, 9001.444606174622, 10398.192004829314, 10322.565474974643, 10395.301864804047, 10301.641840124485, 9739.728781973618, 11003.872297507265, 9445.48581759723, 10068.758430248916, 9421.26448002035, 9147.681869407981, 11142.751815935038, 9985.941036542754, 9502.896929315984, 10273.327865814932]
[9710.880494443812, 10713.789465187241, 10031.039299435, 9792.370338951678, 9178.967515672502, 9942.250593921091, 8860.642051261359, 11135.899682373645, 11093.995683665256, 8373.55517211518, 11690.477089878508, 9690.931916119993, 9779.230245761393, 10466.479247837531, 10631.636910185085, 9194.651867953024, 9891.596323067548, 9702.829865317939, 9597.35372482268, 7898.213188161259, 9650.323492809253, 10306.837277614108, 10337.75948147284, 9792.485610119815, 9940.13783230425, 11521.5175147609, 10194.28366216564, 8794.475962057053, 9353.016669158973, 10008.804775627026, 9880.196169461073, 10506.97699614577, 10195.466817138953, 11204.418570341271, 10320.799859820783, 9001.444606174622, 10389.764113147297, 10274.963074891286, 10395.301864804047, 10279.908769629363, 9739.728781973618, 10999.7850911503, 9427.736714481114, 10056.022914866404, 9404.24812756598, 9139.160173345006, 11142.751815935038, 9965.764087181211, 9489.519253924616, 10255.973082689265]
[9673.491659872303, 10707.677367481996, 10031.039299435, 9792.370338951678, 9178.967515672502, 9942.250593921091, 8860.642051261359, 11135.899682373645, 11084.584175719, 8356.423517285162, 11690.477089878508, 9690.931916119993, 9779.230245761393, 10457.183206099295, 10631.636910185085, 9168.898101476305, 9878.174323305091, 9677.030429464518, 9597.35372482268, 7896.477030300017, 9650.323492809253, 10304.260894396466, 10333.772800745199, 9792.485610119815, 9933.78736867189, 11521.5175147609, 10194.28366216564, 8745.549527885876, 9349.014065495843, 10006.711788699606, 9842.621773945688, 10502.679821903806, 10183.732989183929, 11189.98108193932, 10320.799859820783, 8985.224401204581, 10389.764113147297, 10274.963074891286, 10384.39283850812, 10279.908769629363, 9731.94694984821, 10999.7850911503, 9427.736714481114, 10056.022914866404, 9404.24812756598, 9138.800217131204, 11142.751815935038, 9965.764087181211, 9489.519253924616, 10255.973082689265]
[9673.491659872303, 10697.483613042788, 10028.681646794234, 9792.370338951678, 9178.967515672502, 9915.458159216665, 8860.642051261359, 11131.534317436348, 11084.584175719, 8323.82531392531, 11663.990776139759, 9690.931916119993, 9779.16243464819, 10457.183206099295, 10629.580218999816, 9168.898101476305, 9878.174323305091, 9644.659420704222, 9597.35372482268, 7895.626497573018, 9650.323492809253, 10291.934585001396, 10333.772800745199, 9792.485610119815, 9933.78736867189, 11509.845844576463, 10194.28366216564, 8745.549527885876, 9347.19608628171, 10006.711788699606, 9842.621773945688, 10498.496760358928, 10183.732989183929, 11189.98108193932, 10320.799859820783, 8985.224401204581, 10389.764113147297, 10259.923587340656, 10384.39283850812, 10279.908769629363, 9731.94694984821, 10997.261081910268, 9427.736714481114, 10056.022914866404, 9404.24812756598, 9131.089662979077, 11132.917944250676, 9943.800376401243, 9489.519253924616, 10255.973082689265]
[9673.491659872303, 10697.483613042788, 10028.681646794234, 9759.548288526285, 9160.725884176327, 9915.458159216665, 8859.659068186676, 11122.553546111481, 11084.584175719, 8311.946265863755, 11663.990776139759, 9686.283256932586, 9711.284768932059, 10446.056295785347, 10629.580218999816, 9168.898101476305, 9878.174323305091, 9630.944022285406, 9597.35372482268, 7863.47773509706, 9629.78597001506, 10285.908152462787, 10332.987149745324, 9792.281403244464, 9933.78736867189, 11509.845844576463, 10118.077962998188, 8683.800392807108, 9337.82226736842, 10006.711788699606, 9842.621773945688, 10498.496760358928, 10183.732989183929, 11160.849474957344, 10320.799859820783, 8985.224401204581, 10389.764113147297, 10259.923587340656, 10360.737176825589, 10279.908769629363, 9720.488714229938, 10997.261081910268, 9424.949466036764, 10056.022914866404, 9404.24812756598, 9131.089662979077, 11118.954093733768, 9943.800376401243, 9489.519253924616, 10255.973082689265]
[9665.069393480038, 10697.483613042788, 10028.681646794234, 9759.548288526285, 9160.725884176327, 9915.458159216665, 8859.659068186676, 11094.99145418607, 11084.584175719, 8306.00406037646, 11663.990776139759, 9686.283256932586, 9710.198825046862, 10436.285142122435, 10621.599136513852, 9168.898101476305, 9878.174323305091, 9630.944022285406, 9597.35372482268, 7862.757399963246, 9629.78597001506, 10285.908152462787, 10332.987149745324, 9766.794294880918, 9906.298738502617, 11490.508591373944, 10118.077962998188, 8683.800392807108, 9337.82226736842, 9996.315148458203, 9810.588878664243, 10467.041307865446, 10171.565180006137, 11160.849474957344, 10320.799859820783, 8985.224401204581, 10389.764113147297, 10259.923587340656, 10358.88719537397, 10279.908769629363, 9710.946671209715, 10983.090137771007, 9424.949466036764, 10009.527893620423, 9404.24812756598, 9076.841072539926, 11118.954093733768, 9943.800376401243, 9489.519253924616, 10255.973082689265]
[9665.069393480038, 10697.483613042788, 10028.681646794234, 9759.548288526285, 9160.725884176327, 9915.458159216665, 8857.29770504937, 11057.317091026247, 11037.202708042983, 8246.115471751653, 11663.990776139759, 9686.283256932586, 9710.198825046862, 10424.321939877025, 10616.442261017783, 9168.898101476305, 9878.174323305091, 9593.13850246731, 9597.35372482268, 7858.514020709493, 9629.78597001506, 10285.908152462787, 10284.054236854387, 9728.823106236292, 9870.864384167538, 11488.889561342177, 10105.472355072505, 8683.800392807108, 9337.82226736842, 9996.315148458203, 9810.588878664243, 10467.041307865446, 10171.565180006137, 11158.944447105525, 10263.909063952991, 8985.224401204581, 10389.764113147297, 10259.923587340656, 10358.88719537397, 10279.908769629363, 9710.946671209715, 10983.090137771007, 9424.949466036764, 10009.527893620423, 9394.743200813016, 9047.040648031707, 11118.954093733768, 9943.800376401243, 9489.519253924616, 10255.973082689265]
[9665.069393480038, 10697.483613042788, 10016.267722976429, 9705.026232992032, 9138.774679082731, 9915.458159216665, 8831.740265054632, 11048.949703881914, 11037.202708042983, 8217.36533176874, 11663.990776139759, 9686.283256932586, 9710.198825046862, 10424.321939877025, 10616.442261017783, 9161.075625169273, 9878.174323305091, 9593.13850246731, 9590.171834795548, 7844.125053776428, 9629.78597001506, 10285.908152462787, 10284.054236854387, 9728.823106236292, 9865.72984803919, 11471.011722743344, 10097.473790724234, 8683.800392807108, 9337.82226736842, 9996.315148458203, 9810.588878664243, 10456.386700472387, 10159.961564896395, 11133.030452941503, 10224.750914232132, 8985.224401204581, 10326.067124471385, 10192.025563071973, 10358.88719537397, 10279.908769629363, 9710.946671209715, 10983.090137771007, 9418.454467110736, 10001.65624804536, 9380.416222595302, 9035.804119663235, 11118.954093733768, 9943.800376401243, 9489.519253924616, 10255.973082689265]
[9615.890658281838, 10697.483613042788, 10013.271001321966, 9705.026232992032, 9138.774679082731, 9907.531430318088, 8822.861844256258, 11048.949703881914, 11037.202708042983, 8217.36533176874, 11663.990776139759, 9686.283256932586, 9710.198825046862, 10394.696898581878, 10616.442261017783, 9161.075625169273, 9878.174323305091, 9578.755014958206, 9590.171834795548, 7812.971957003925, 9629.78597001506, 10284.57490123543, 10284.054236854387, 9728.823106236292, 9865.72984803919, 11471.011722743344, 10096.945552733861, 8683.800392807108, 9324.179243495644, 9996.315148458203, 9810.588878664243, 10456.386700472387, 10145.894432795834, 11099.024836611365, 10210.202823452313, 8985.224401204581, 10326.067124471385, 10192.025563071973, 10358.88719537397, 10279.908769629363, 9693.749355774828, 10983.090137771007, 9418.454467110736, 9974.612539162912, 9377.996895594606, 9028.114120914073, 11118.954093733768, 9943.800376401243, 9472.186961968368, 10255.973082689265]
[9612.033242698579, 10697.483613042788, 9994.592037861748, 9705.026232992032, 9138.774679082731, 9888.576492705213, 8822.861844256258, 11000.454044143635, 11032.61467548157, 8215.843718456166, 11663.990776139759, 9686.283256932586, 9710.198825046862, 10394.696898581878, 10616.442261017783, 9161.075625169273, 9878.174323305091, 9578.755014958206, 9590.171834795548, 7802.46499230612, 9607.822671231388, 10248.650954873743, 10263.021704243234, 9691.076117356699, 9860.721613190177, 11460.688512337238, 10093.25177326688, 8683.800392807108, 9295.85893094251, 9996.315148458203, 9810.588878664243, 10456.386700472387, 10145.203782038303, 11099.024836611365, 10210.202823452313, 8985.224401204581, 10306.512456201159, 10192.025563071973, 10340.408548302303, 10277.139178428459, 9683.93200913662, 10983.090137771007, 9418.454467110736, 9973.50103097983, 9377.996895594606, 9028.114120914073, 11098.296197019776, 9943.800376401243, 9472.186961968368, 10244.634242879049]
[9612.033242698579, 10697.483613042788, 9994.592037861748, 9705.026232992032, 9132.749387389573, 9888.576492705213, 8806.85426174359, 10995.779477965287, 11002.318034469306, 8199.524557270077, 11631.765000435902, 9686.283256932586, 9710.198825046862, 10394.696898581878, 10613.926778513534, 9133.427360507552, 9878.174323305091, 9578.755014958206, 9590.171834795548, 7778.116851504092, 9607.822671231388, 10248.650954873743, 10228.266473305852, 9691.076117356699, 9860.721613190177, 11460.688512337238, 10093.25177326688, 8678.049721553307, 9295.85893094251, 9995.147267178882, 9810.588878664243, 10456.386700472387, 10127.800534642916, 11099.024836611365, 10210.202823452313, 8953.642343100739, 10306.512456201159, 10192.025563071973, 10340.408548302303, 10264.24113909822, 9671.792195558794, 10977.817117853501, 9413.81963946535, 9973.50103097983, 9365.48068748966, 9009.208693887947, 11087.966938477879, 9943.800376401243, 9471.585427057977, 10210.986335659189]
[9606.483333431737, 10697.483613042788, 9994.592037861748, 9705.026232992032, 9132.749387389573, 9884.730861644863, 8796.430358941421, 10979.671038322153, 11002.318034469306, 8199.524557270077, 11631.765000435902, 9677.365796076298, 9706.826986427488, 10394.696898581878, 10613.072301992388, 9133.427360507552, 9878.174323305091, 9578.755014958206, 9559.14576468763, 7778.116851504092, 9607.822671231388, 10248.650954873743, 10228.266473305852, 9691.076117356699, 9852.084908417975, 11460.688512337238, 10093.25177326688, 8677.415785789042, 9295.85893094251, 9955.418902595045, 9810.588878664243, 10451.862954092123, 10127.800534642916, 11043.621572720986, 10210.202823452313, 8953.642343100739, 10252.524063268147, 10160.456854582306, 10315.899674099124, 10264.24113909822, 9671.792195558794, 10957.546447016204, 9359.754595968745, 9973.50103097983, 9365.48068748966, 9009.208693887947, 11036.581295994294, 9943.800376401243, 9469.085911953429, 10192.097348493595]
[9594.557564486397, 10697.483613042788, 9967.180842535485, 9705.026232992032, 9132.749387389573, 9881.550875477411, 8796.430358941421, 10957.71597966045, 11002.318034469306, 8166.460293353392, 11631.765000435902, 9619.829387354246, 9670.756637340002, 10394.696898581878, 10599.262020765047, 9133.427360507552, 9878.174323305091, 9578.755014958206, 9555.22761765357, 7773.042896125888, 9607.822671231388, 10209.291264895188, 10228.266473305852, 9688.447421784263, 9852.084908417975, 11460.688512337238, 10093.25177326688, 8665.470761287474, 9295.85893094251, 9955.418902595045, 9805.05627411757, 10438.052348348141, 10127.800534642916, 11043.621572720986, 10207.785781964714, 8953.642343100739, 10252.524063268147, 10149.510260364714, 10293.867456210806, 10264.24113909822, 9671.792195558794, 10957.546447016204, 9359.754595968745, 9973.50103097983, 9365.48068748966, 9006.734256055495, 11031.91961027673, 9943.800376401243, 9457.423736966031, 10174.507206716788]
[9594.557564486397, 10687.166002346403, 9967.180842535485, 9705.026232992032, 9103.541295865694, 9881.550875477411, 8796.430358941421, 10950.418394255903, 10989.927065572108, 8158.259057039669, 11629.598972318354, 9619.466196962327, 9670.756637340002, 10394.696898581878, 10599.262020765047, 9112.200234579777, 9872.236580692213, 9578.755014958206, 9555.22761765357, 7773.042896125888, 9607.822671231388, 10209.291264895188, 10228.266473305852, 9684.101198752538, 9851.47032030271, 11460.688512337238, 10070.881017171127, 8665.470761287474, 9293.101714324861, 9955.418902595045, 9805.05627411757, 10438.052348348141, 10123.649312806234, 11043.621572720986, 10207.785781964714, 8953.642343100739, 10251.04821819066, 10149.510260364714, 10269.308852934751, 10233.624341506782, 9671.792195558794, 10938.9920862767, 9359.754595968745, 9973.50103097983, 9365.48068748966, 9001.321626611383, 11031.91961027673, 9943.800376401243, 9438.344756545417, 10174.507206716788]
[9594.557564486397, 10687.166002346403, 9949.188295119475, 9705.026232992032, 9103.541295865694, 9865.14855177574, 8796.430358941421, 10928.53192175318, 10989.598724827967, 8158.259057039669, 11629.598972318354, 9619.466196962327, 9653.481526612177, 10394.696898581878, 10579.921498096084, 9109.88096304183, 9872.236580692213, 9525.672643531063, 9555.22761765357, 7773.042896125888, 9564.97533739332, 10209.291264895188, 10218.641846038845, 9670.364283112534, 9851.47032030271, 11460.688512337238, 10070.881017171127, 8665.470761287474, 9282.369266541009, 9955.418902595045, 9805.05627411757, 10436.186905487759, 10123.649312806234, 11043.621572720986, 10186.619747785962, 8953.642343100739, 10248.438032175962, 10149.510260364714, 10269.308852934751, 10233.624341506782, 9671.792195558794, 10938.9920862767, 9359.754595968745, 9973.50103097983, 9365.48068748966, 8961.308915417267, 11031.91961027673, 9943.800376401243, 9425.359940043143, 10174.507206716788]
[9593.471341864428, 10687.166002346403, 9949.188295119475, 9705.026232992032, 9103.541295865694, 9865.14855177574, 8759.770676322096, 10928.53192175318, 10989.598724827967, 8123.556574195294, 11629.598972318354, 9619.466196962327, 9652.311539600936, 10344.359630042996, 10579.921498096084, 9109.88096304183, 9871.295846504845, 9515.96910777762, 9555.22761765357, 7737.554754226445, 9539.01876608202, 10198.083736560207, 10218.641846038845, 9649.210319552443, 9851.47032030271, 11460.688512337238, 10070.881017171127, 8649.783114851507, 9282.369266541009, 9916.887128162047, 9777.138478696157, 10436.186905487759, 10093.480242384734, 11039.181336811704, 10186.619747785962, 8948.7144829266, 10233.69476754766, 10145.961208977158, 10269.308852934751, 10233.624341506782, 9662.253714894277, 10938.9920862767, 9359.754595968745, 9973.50103097983, 9365.48068748966, 8940.034410048995, 10992.285203619811, 9907.424325033247, 9425.359940043143, 10174.507206716788]
[9593.471341864428, 10687.166002346403, 9942.614693211002, 9674.971878614142, 9093.802961159809, 9848.85025888339, 8759.770676322096, 10928.001837562568, 10989.598724827967, 8123.556574195294, 11623.162230266156, 9619.466196962327, 9631.192657042124, 10300.862178524902, 10517.855250737755, 9105.60310301615, 9867.460867436936, 9503.97222201608, 9545.318705905545, 7737.554754226445, 9539.01876608202, 10156.534933825633, 10218.641846038845, 9649.210319552443, 9851.47032030271, 11460.688512337238, 10070.881017171127, 8619.1102905939, 9232.113388754437, 9916.887128162047, 9759.816463310259, 10413.058974923202, 10066.995885917844, 11011.93870202277, 10178.15897416801, 8937.494006939804, 10233.69476754766, 10145.961208977158, 10269.308852934751, 10233.624341506782, 9637.188510790063, 10938.9920862767, 9293.74722270945, 9973.50103097983, 9365.43023552802, 8915.983726857481, 10992.285203619811, 9903.689953429068, 9410.986539458889, 10171.111215482499]
[9572.877632092303, 10687.166002346403, 9909.153874956819, 9585.812903358008, 9093.802961159809, 9809.782000148209, 8738.484621716936, 10921.67596688704, 10925.212603468146, 8097.85412452619, 11623.162230266156, 9619.466196962327, 9631.192657042124, 10300.862178524902, 10517.855250737755, 9061.487339821755, 9867.460867436936, 9481.782835491362, 9487.380330971206, 7737.554754226445, 9532.048649880307, 10145.606129630554, 10175.54040856894, 9649.210319552443, 9845.026531460164, 11460.652510937296, 10041.455412906798, 8619.1102905939, 9232.113388754437, 9916.887128162047, 9759.816463310259, 10396.998858527088, 10060.731721024795, 11011.93870202277, 10178.15897416801, 8918.344418846322, 10232.21142159774, 10145.961208977158, 10253.20536371649, 10233.624341506782, 9637.188510790063, 10928.800379812124, 9280.21232209844, 9973.50103097983, 9363.03008739713, 8884.519309446094, 10992.285203619811, 9898.122086832116, 9399.792806589141, 10168.398137032213]
[9547.87930729246, 10687.166002346403, 9909.153874956819, 9585.812903358008, 9093.802961159809, 9809.782000148209, 8737.255403842615, 10918.362473846586, 10925.212603468146, 8096.197127330454, 11620.16754514419, 9613.448329785093, 9629.16967365997, 10296.506155942003, 10479.561993349418, 9058.811699491975, 9867.460867436936, 9468.723012313947, 9487.380330971206, 7728.706588847434, 9532.048649880307, 10145.606129630554, 10171.758894073666, 9646.431518198875, 9834.132138796811, 11438.901093484108, 10041.455412906798, 8619.1102905939, 9215.659263001147, 9908.079652967543, 9750.141407591982, 10396.998858527088, 10060.731721024795, 10995.511790114093, 10178.15897416801, 8891.318520508394, 10224.211675739827, 10145.961208977158, 10242.08806062341, 10233.624341506782, 9637.188510790063, 10928.800379812124, 9280.21232209844, 9965.364974032858, 9362.862831345696, 8869.51671531589, 10992.285203619811, 9898.122086832116, 9376.878192446326, 10168.398137032213]
[9547.87930729246, 10672.091953747156, 9909.153874956819, 9585.812903358008, 9066.107130852724, 9809.782000148209, 8734.984305222544, 10918.362473846586, 10925.212603468146, 8058.995849974058, 11608.595486864311, 9613.448329785093, 9613.795450445172, 10296.506155942003, 10479.561993349418, 9047.051530765324, 9843.060915478418, 9468.723012313947, 9487.380330971206, 7728.706588847434, 9532.048649880307, 10126.101046909682, 10163.55557857628, 9646.431518198875, 9818.837909027203, 11420.654640069959, 10041.455412906798, 8619.1102905939, 9215.659263001147, 9908.079652967543, 9747.753037485007, 10396.998858527088, 10060.731721024795, 10995.511790114093, 10172.54374012391, 8882.705906886673, 10224.211675739827, 10127.402727952438, 10242.08806062341, 10229.32302972334, 9631.358667713243, 10928.800379812124, 9280.21232209844, 9965.364974032858, 9362.862831345696, 8867.264045245753, 10992.285203619811, 9898.122086832116, 9376.878192446326, 10157.627899662799]
[9547.87930729246, 10672.091953747156, 9899.726248964467, 9585.812903358008, 9066.107130852724, 9752.108797843777, 8734.984305222544, 10918.362473846586, 10925.212603468146, 8058.995849974058, 11608.595486864311, 9613.448329785093, 9609.801022688862, 10295.689547350914, 10479.561993349418, 9047.051530765324, 9843.060915478418, 9468.723012313947, 9446.630572957929, 7728.706588847434, 9522.691486019492, 10122.116302719416, 10147.770972093542, 9646.431518198875, 9818.837909027203, 11420.654640069959, 10030.165024408027, 8619.1102905939, 9206.701436940366, 9908.079652967543, 9739.772515420318, 10396.998858527088, 10060.731721024795, 10907.410710252787, 10172.54374012391, 8856.460121225713, 10215.05790046875, 10127.402727952438, 10239.638372321464, 10229.32302972334, 9582.896545239662, 10928.800379812124, 9280.21232209844, 9955.193360901478, 9328.275071594977, 8862.736830124271, 10992.285203619811, 9897.56377582045, 9343.64289769846, 10132.087111755982]
[9536.98729263325, 10672.091953747156, 9899.726248964467, 9585.812903358008, 9066.107130852724, 9749.523734570836, 8734.984305222544, 10903.44936538457, 10924.754941017314, 8057.817685063239, 11608.595486864311, 9613.448329785093, 9609.801022688862, 10295.689547350914, 10479.561993349418, 9047.051530765324, 9829.476813222827, 9468.723012313947, 9444.337785886759, 7722.1392755451525, 9496.029152816245, 10107.092542465867, 10147.770972093542, 9621.241516762333, 9818.837909027203, 11420.654640069959, 10019.040520355313, 8619.1102905939, 9182.169217691642, 9908.079652967543, 9735.648037570321, 10374.74351843843, 10050.92167243131, 10895.977041799742, 10172.54374012391, 8856.460121225713, 10215.05790046875, 10127.402727952438, 10239.638372321464, 10229.32302972334, 9582.896545239662, 10928.800379812124, 9259.494021464461, 9955.193360901478, 9328.275071594977, 8862.736830124271, 10990.361055592864, 9893.715065996783, 9343.64289769846, 10119.56383054457]
[9536.98729263325, 10614.654099707488, 9897.047207761829, 9564.54686542904, 9045.797360429777, 9749.523734570836, 8734.984305222544, 10888.090662965395, 10924.754941017314, 8057.817685063239, 11608.595486864311, 9608.62913154915, 9609.801022688862, 10274.118111682528, 10466.30212624457, 9047.051530765324, 9829.476813222827, 9466.050729831877, 9444.337785886759, 7651.211381574938, 9485.684870367322, 10107.092542465867, 10147.770972093542, 9621.241516762333, 9818.837909027203, 11393.670730555785, 10019.040520355313, 8612.966157565363, 9164.383415415232, 9908.079652967543, 9735.648037570321, 10339.9078879616, 10050.92167243131, 10891.331934013924, 10172.54374012391, 8844.387524943362, 10215.05790046875, 10095.945661460326, 10227.541830696933, 10229.32302972334, 9553.932774697603, 10899.63970385136, 9243.22082610033, 9955.193360901478, 9239.558547444061, 8862.736830124271, 10990.361055592864, 9893.715065996783, 9343.64289769846, 10094.063059385684]
[9530.381390316992, 10614.654099707488, 9897.047207761829, 9564.54686542904, 9045.797360429777, 9737.684900418431, 8734.984305222544, 10816.029698556307, 10924.754941017314, 8054.458805385392, 11586.443154349863, 9602.503211091944, 9585.719669471728, 10274.118111682528, 10465.730133179462, 9046.36001285468, 9819.503208344086, 9466.050729831877, 9444.337785886759, 7594.873336771253, 9473.63187427379, 10107.092542465867, 10146.018184184097, 9609.777744922712, 9782.295735507832, 11393.670730555785, 10019.040520355313, 8599.544698050067, 9128.648122733866, 9908.079652967543, 9735.648037570321, 10337.16659635743, 10035.924937781549, 10884.508762927364, 10144.818188169282, 8844.387524943362, 10184.88530201591, 10095.945661460326, 10227.541830696933, 10213.045944624502, 9553.932774697603, 10899.63970385136, 9242.486493042137, 9948.504079891823, 9237.295172970185, 8862.736830124271, 10990.361055592864, 9893.715065996783, 9335.976665204518, 10068.297624024022]
[9530.381390316992, 10574.02123625295, 9897.047207761829, 9551.064407592383, 9045.797360429777, 9737.684900418431, 8709.292893101157, 10795.037699324803, 10903.636007817282, 8054.458805385392, 11586.443154349863, 9585.885568784393, 9585.719669471728, 10255.978463487592, 10456.135182026574, 9046.36001285468, 9819.503208344086, 9463.183655770177, 9444.337785886759, 7594.873336771253, 9473.63187427379, 10107.092542465867, 10145.556172181881, 9609.777744922712, 9782.295735507832, 11393.670730555785, 10003.81601967464, 8596.711852251674, 9128.648122733866, 9908.079652967543, 9710.770394280622, 10337.16659635743, 10035.924937781549, 10884.508762927364, 10128.083956275, 8844.387524943362, 10184.88530201591, 10095.945661460326, 10227.541830696933, 10213.045944624502, 9553.932774697603, 10899.63970385136, 9242.486493042137, 9902.103081794528, 9237.295172970185, 8832.120686286737, 10990.361055592864, 9888.77946960108, 9335.976665204518, 10068.297624024022]
[9530.381390316992, 10570.249167313767, 9897.047207761829, 9551.064407592383, 9039.75717270317, 9737.684900418431, 8709.292893101157, 10795.037699324803, 10903.636007817282, 8054.458805385392, 11586.443154349863, 9556.389657003605, 9538.439571499857, 10255.978463487592, 10445.872151030157, 9029.551065832802, 9819.503208344086, 9463.183655770177, 9404.340633114554, 7579.483982625437, 9473.63187427379, 10107.092542465867, 10145.556172181881, 9609.777744922712, 9782.295735507832, 11393.670730555785, 10003.81601967464, 8581.61446057117, 9128.648122733866, 9893.69069504081, 9707.587244184435, 10318.921665980892, 10029.67157721362, 10884.508762927364, 10128.083956275, 8844.387524943362, 10184.88530201591, 10042.15660031437, 10215.58261833274, 10213.045944624502, 9516.262630194336, 10899.63970385136, 9242.486493042137, 9899.441536241722, 9215.20912776149, 8832.120686286737, 10985.733930667813, 9886.61429625039, 9335.976665204518, 10062.418852433972]
[9508.007000145606, 10570.249167313767, 9897.047207761829, 9551.064407592383, 9019.880433427043, 9737.684900418431, 8697.8577628668, 10795.037699324803, 10903.636007817282, 8023.3778864531805, 11586.443154349863, 9556.389657003605, 9523.083532905772, 10255.978463487592, 10445.872151030157, 9027.85045886249, 9819.503208344086, 9463.183655770177, 9404.340633114554, 7579.483982625437, 9473.63187427379, 10107.092542465867, 10145.556172181881, 9609.777744922712, 9782.295735507832, 11393.670730555785, 10003.81601967464, 8581.61446057117, 9128.648122733866, 9878.658176832174, 9707.587244184435, 10318.921665980892, 10029.67157721362, 10884.508762927364, 10081.95101615644, 8844.387524943362, 10175.099251191848, 10042.15660031437, 10215.58261833274, 10213.045944624502, 9513.420506602404, 10895.134119088445, 9185.254765252317, 9899.441536241722, 9215.20912776149, 8820.32570845049, 10985.733930667813, 9886.61429625039, 9335.976665204518, 10062.190081785582]
[9476.82407358527, 10562.26210677419, 9897.047207761829, 9551.064407592383, 9019.880433427043, 9737.684900418431, 8677.792436127902, 10771.882911255947, 10903.636007817282, 7985.705796683789, 11586.443154349863, 9556.389657003605, 9483.013827379169, 10255.978463487592, 10445.872151030157, 9027.85045886249, 9814.060274761092, 9463.183655770177, 9404.340633114554, 7579.483982625437, 9468.278081359938, 10095.991829033752, 10108.230229367187, 9608.54286958347, 9757.196599859411, 11393.670730555785, 9967.933031555123, 8581.61446057117, 9128.648122733866, 9878.658176832174, 9707.587244184435, 10318.921665980892, 10029.67157721362, 10884.508762927364, 10079.1894619487, 8820.387063399274, 10167.110455681395, 10042.15660031437, 10215.58261833274, 10213.045944624502, 9513.420506602404, 10895.134119088445, 9176.77213047751, 9899.441536241722, 9215.20912776149, 8807.534825867113, 10985.646109940732, 9886.61429625039, 9328.428861995048, 10062.190081785582]
[9476.82407358527, 10551.761180801968, 9897.047207761829, 9551.064407592383, 9006.62908047455, 9737.684900418431, 8663.535789234955, 10771.882911255947, 10903.636007817282, 7985.705796683789, 11586.443154349863, 9556.389657003605, 9468.488845406346, 10255.978463487592, 10415.414640797539, 9027.749139871672, 9784.078591344365, 9463.183655770177, 9375.035390405303, 7570.083043743702, 9468.278081359938, 10073.93991172266, 10108.230229367187, 9608.54286958347, 9679.470959502567, 11393.670730555785, 9967.933031555123, 8576.931775422372, 9109.211624326817, 9878.658176832174, 9690.547608958013, 10307.636979599276, 10029.67157721362, 10884.508762927364, 10079.1894619487, 8820.387063399274, 10167.110455681395, 10031.066618232742, 10213.955386549826, 10213.045944624502, 9513.420506602404, 10895.134119088445, 9176.77213047751, 9899.441536241722, 9210.126601848744, 8807.534825867113, 10985.646109940732, 9865.968801273963, 9328.428861995048, 10043.205265315717]
[9476.82407358527, 10530.419042088739, 9897.047207761829, 9551.064407592383, 9006.62908047455, 9656.323139889386, 8658.486799193006, 10758.696490616861, 10897.463737206028, 7981.150531304284, 11585.134530592932, 9548.129536640683, 9466.674217593187, 10255.978463487592, 10415.414640797539, 8980.337719504027, 9784.078591344365, 9462.251156400383, 9375.035390405303, 7559.302838975835, 9468.278081359938, 10073.93991172266, 10108.230229367187, 9608.54286958347, 9679.470959502567, 11393.670730555785, 9967.933031555123, 8576.931775422372, 9105.102733554519, 9878.658176832174, 9690.547608958013, 10307.636979599276, 10028.449699513076, 10884.508762927364, 10067.442473438143, 8812.347645616794, 10167.110455681395, 10031.066618232742, 10213.955386549826, 10213.045944624502, 9513.420506602404, 10895.134119088445, 9176.77213047751, 9863.223676982383, 9174.085979591158, 8807.534825867113, 10967.324393815386, 9865.968801273963, 9327.264102358578, 9995.033810657971]
[9476.82407358527, 10520.22843053045, 9897.047207761829, 9551.064407592383, 9006.62908047455, 9656.323139889386, 8656.920541524638, 10726.722490830045, 10867.945807105434, 7981.150531304284, 11585.134530592932, 9539.025184232165, 9466.674217593187, 10255.978463487592, 10415.414640797539, 8922.265599028899, 9784.078591344365, 9462.251156400383, 9366.5106055799, 7530.168472082924, 9468.278081359938, 10048.567399239082, 10108.230229367187, 9608.54286958347, 9667.204507526894, 11390.087391818486, 9967.933031555123, 8569.528716573575, 9105.102733554519, 9878.658176832174, 9690.547608958013, 10230.688833223769, 10028.449699513076, 10884.508762927364, 10067.442473438143, 8812.347645616794, 10157.039651567, 10031.066618232742, 10213.955386549826, 10213.045944624502, 9501.695388974143, 10890.904726026398, 9176.77213047751, 9863.223676982383, 9174.085979591158, 8787.478691920664, 10965.353341066788, 9865.968801273963, 9327.264102358578, 9995.033810657971]
[9476.82407358527, 10505.710585157676, 9897.047207761829, 9551.064407592383, 9003.8782863308, 9628.404907923223, 8656.920541524638, 10726.722490830045, 10847.424073916618, 7977.330077007844, 11582.134096650321, 9539.025184232165, 9466.674217593187, 10255.978463487592, 10405.50467826972, 8922.265599028899, 9779.479730460553, 9455.158144231815, 9366.5106055799, 7530.168472082924, 9468.278081359938, 10047.124128116982, 10108.230229367187, 9593.642791515977, 9655.631219574274, 11390.087391818486, 9967.933031555123, 8569.528716573575, 9105.102733554519, 9867.840772370702, 9690.547608958013, 10224.560873685587, 10028.449699513076, 10884.508762927364, 10067.442473438143, 8798.2671264927, 10136.141961242965, 10014.426288765299, 10135.089960983236, 10172.604512894966, 9501.695388974143, 10890.904726026398, 9175.399003030765, 9863.223676982383, 9174.085979591158, 8787.478691920664, 10965.353341066788, 9848.466822206103, 9327.264102358578, 9995.033810657971]
[9476.82407358527, 10505.710585157676, 9892.975438360718, 9551.064407592383, 9003.8782863308, 9623.415237226283, 8656.920541524638, 10726.722490830045, 10847.424073916618, 7977.330077007844, 11572.4073650526, 9500.704055796108, 9466.674217593187, 10255.978463487592, 10405.50467826972, 8922.265599028899, 9779.479730460553, 9455.158144231815, 9366.5106055799, 7530.168472082924, 9468.278081359938, 10003.542926885242, 10108.230229367187, 9593.642791515977, 9645.451455356313, 11390.087391818486, 9962.123374247389, 8569.011942214593, 9105.102733554519, 9867.840772370702, 9687.506656656278, 10224.560873685587, 10028.449699513076, 10884.508762927364, 10067.442473438143, 8798.2671264927, 10136.141961242965, 10014.426288765299, 10124.057425873782, 10172.604512894966, 9501.695388974143, 10890.904726026398, 9175.399003030765, 9863.223676982383, 9174.085979591158, 8774.288087133908, 10952.89074262563, 9846.944791952408, 9319.628080886283, 9995.033810657971]
[9476.82407358527, 10505.710585157676, 9892.975438360718, 9551.064407592383, 9003.8782863308, 9582.033099789569, 8655.831440172897, 10726.722490830045, 10847.424073916618, 7975.970541651079, 11565.49804860148, 9500.704055796108, 9466.674217593187, 10255.978463487592, 10405.50467826972, 8912.055204718, 9779.479730460553, 9391.295951415046, 9366.5106055799, 7521.704316853294, 9465.762682654768, 9990.765928327632, 10108.230229367187, 9592.922165920532, 9645.451455356313, 11390.087391818486, 9962.123374247389, 8569.011942214593, 9053.144722962383, 9867.840772370702, 9687.506656656278, 10224.560873685587, 10000.039559482737, 10884.508762927364, 10067.442473438143, 8798.2671264927, 10136.141961242965, 10014.426288765299, 10116.91255791206, 10153.400520560146, 9501.695388974143, 10890.904726026398, 9175.399003030765, 9863.223676982383, 9170.053210568341, 8774.288087133908, 10952.89074262563, 9804.567691070684, 9289.319329732461, 9951.425500823383]
[9475.808649197634, 10494.637611470362, 9892.371569423562, 9488.100176315682, 9003.8782863308, 9582.033099789569, 8654.164294763257, 10716.01790826093, 10847.424073916618, 7950.297918596334, 11553.595047920491, 9500.704055796108, 9466.674217593187, 10223.084669781294, 10382.211967250356, 8912.055204718, 9779.479730460553, 9375.70724735466, 9366.5106055799, 7517.5597473236485, 9463.105144405748, 9990.765928327632, 10100.770578849564, 9581.957640845783, 9645.451455356313, 11390.087391818486, 9956.618284378474, 8510.136988621874, 9053.144722962383, 9850.758847327841, 9687.506656656278, 10224.560873685587, 9965.04285988076, 10861.254070026607, 10067.442473438143, 8788.952062073746, 10117.406611163227, 9998.821645446675, 10116.91255791206, 10153.400520560146, 9501.695388974143, 10890.904726026398, 9164.037957578937, 9863.223676982383, 9160.932926150108, 8774.288087133908, 10928.31845112594, 9804.567691070684, 9289.319329732461, 9922.780760125592]
[9475.808649197634, 10485.00977569975, 9892.371569423562, 9488.100176315682, 8990.65365137072, 9580.159215548407, 8654.164294763257, 10716.01790826093, 10847.424073916618, 7950.297918596334, 11481.853261022145, 9500.704055796108, 9466.674217593187, 10223.084669781294, 10337.742381676759, 8912.055204718, 9779.479730460553, 9354.115739055054, 9364.319911060815, 7517.5597473236485, 9463.105144405748, 9954.045216960889, 10100.770578849564, 9581.957640845783, 9645.451455356313, 11390.087391818486, 9956.618284378474, 8477.290553687848, 9053.144722962383, 9850.16727992146, 9687.506656656278, 10224.560873685587, 9933.072770859306, 10861.254070026607, 10066.731224000274, 8773.427217746797, 10117.406611163227, 9998.821645446675, 10116.91255791206, 10145.856686036377, 9493.581937876157, 10868.122568510411, 9164.037957578937, 9863.223676982383, 9139.948019265685, 8774.288087133908, 10928.31845112594, 9804.567691070684, 9289.319329732461, 9920.199490759009]
[9475.808649197634, 10485.00977569975, 9868.925677995907, 9469.813907197968, 8982.884685955854, 9580.159215548407, 8649.047207378993, 10716.01790826093, 10842.193024824828, 7950.297918596334, 11481.853261022145, 9496.742076981414, 9466.674217593187, 10223.084669781294, 10337.742381676759, 8912.055204718, 9779.479730460553, 9354.115739055054, 9364.319911060815, 7505.20840313938, 9463.105144405748, 9954.045216960889, 10100.770578849564, 9581.957640845783, 9645.451455356313, 11390.087391818486, 9956.618284378474, 8461.29161275933, 9034.51391224955, 9805.646740687418, 9687.506656656278, 10220.988335193557, 9917.238460790702, 10832.944986558752, 10066.731224000274, 8727.70144920327, 10117.376355282166, 9998.821645446675, 10109.604049273175, 10140.279714999151, 9460.793461508149, 10868.122568510411, 9164.037957578937, 9835.514918077697, 9114.726908782304, 8741.73569820663, 10928.31845112594, 9778.659660283096, 9278.62280427699, 9920.199490759009]
[9475.808649197634, 10485.00977569975, 9868.337723333421, 9469.813907197968, 8982.884685955854, 9566.009017862276, 8648.28527426052, 10716.01790826093, 10838.94838925084, 7940.355600494152, 11481.853261022145, 9496.742076981414, 9466.674217593187, 10223.084669781294, 10337.742381676759, 8912.055204718, 9779.479730460553, 9345.403263018077, 9351.26951888145, 7499.860581368562, 9434.182050370084, 9954.045216960889, 10072.649181403924, 9581.957640845783, 9634.547417057018, 11385.253224537686, 9956.618284378474, 8461.29161275933, 9034.416563196917, 9777.028529501891, 9687.506656656278, 10187.418099306149, 9917.238460790702, 10832.944986558752, 10061.017653605286, 8727.70144920327, 10117.376355282166, 9998.821645446675, 10109.604049273175, 10140.279714999151, 9460.793461508149, 10868.122568510411, 9164.037957578937, 9811.118684602416, 9114.726908782304, 8683.727057599017, 10928.31845112594, 9778.659660283096, 9266.391561420809, 9920.199490759009]
[9469.48394148637, 10468.301830433458, 9809.745433611572, 9422.10725501247, 8982.26804989207, 9566.009017862276, 8555.70509702825, 10716.01790826093, 10838.94838925084, 7940.355600494152, 11477.52706284841, 9489.8656490028, 9466.674217593187, 10223.084669781294, 10337.742381676759, 8912.055204718, 9779.479730460553, 9345.403263018077, 9343.48715358691, 7499.860581368562, 9434.182050370084, 9954.045216960889, 10072.649181403924, 9581.957640845783, 9634.547417057018, 11373.475689485593, 9944.413030776554, 8447.84205561741, 9034.416563196917, 9777.028529501891, 9677.773944013348, 10187.418099306149, 9917.238460790702, 10818.94441884081, 10061.017653605286, 8688.625126426812, 10117.376355282166, 9998.821645446675, 10063.048683747078, 10127.6500951394, 9460.793461508149, 10868.122568510411, 9164.037957578937, 9811.118684602416, 9113.01249971952, 8683.727057599017, 10900.353527774461, 9778.659660283096, 9266.391561420809, 9897.872452380285]
[9447.905101156332, 10468.301830433458, 9809.745433611572, 9422.10725501247, 8982.26804989207, 9566.009017862276, 8555.70509702825, 10716.01790826093, 10838.94838925084, 7935.212482650028, 11477.52706284841, 9489.8656490028, 9436.818444065006, 10223.084669781294, 10337.742381676759, 8897.522999676763, 9779.479730460553, 9345.403263018077, 9343.48715358691, 7473.883616817302, 9434.182050370084, 9954.045216960889, 10072.649181403924, 9581.957640845783, 9634.547417057018, 11373.475689485593, 9941.338364825842, 8447.84205561741, 9034.416563196917, 9777.028529501891, 9677.773944013348, 10186.886299065398, 9917.238460790702, 10799.26855463556, 10056.09239946218, 8688.441484662393, 10108.846880338422, 9998.821645446675, 10063.048683747078, 10109.404695348756, 9417.018721786773, 10827.768725313133, 9164.037957578937, 9788.103095713926, 9113.01249971952, 8683.727057599017, 10900.353527774461, 9778.659660283096, 9256.64831834639, 9897.872452380285]
[9447.905101156332, 10468.301830433458, 9792.52353109943, 9422.10725501247, 8964.345935375504, 9566.009017862276, 8555.70509702825, 10716.01790826093, 10838.313491332354, 7935.212482650028, 11477.52706284841, 9489.8656490028, 9417.457134328173, 10223.084669781294, 10332.308714802752, 8896.106312126092, 9776.756695934317, 9345.403263018077, 9343.48715358691, 7449.4641425725, 9402.08524826784, 9943.472066095732, 10070.27612012134, 9581.957640845783, 9632.352358892178, 11373.475689485593, 9941.338364825842, 8447.84205561741, 9034.416563196917, 9777.028529501891, 9650.90018968921, 10185.184283328661, 9895.055360673323, 10799.26855463556, 10052.663530235457, 8649.674509786952, 10108.846880338422, 9998.821645446675, 10063.048683747078, 10109.404695348756, 9417.018721786773, 10827.768725313133, 9164.037957578937, 9788.103095713926, 9113.01249971952, 8667.014079790546, 10889.633569268608, 9778.659660283096, 9256.64831834639, 9897.872452380285]
[9447.905101156332, 10468.301830433458, 9753.613181974366, 9422.10725501247, 8964.345935375504, 9558.614247065776, 8513.351458800975, 10714.745812325562, 10826.21500513795, 7925.060458025476, 11477.52706284841, 9488.730429895833, 9405.516798152981, 10223.084669781294, 10332.308714802752, 8895.109407935748, 9768.17581556366, 9345.403263018077, 9343.48715358691, 7449.4641425725, 9383.68072847715, 9943.472066095732, 10070.27612012134, 9581.957640845783, 9632.352358892178, 11373.475689485593, 9941.338364825842, 8447.84205561741, 9021.973034379713, 9768.454363537965, 9650.90018968921, 10156.032365766929, 9895.055360673323, 10796.72032969946, 10009.496608928928, 8645.751433859632, 10108.846880338422, 9997.996204483918, 10063.048683747078, 10107.677799756179, 9394.279113578945, 10827.768725313133, 9149.040782448075, 9788.103095713926, 9092.592053398675, 8666.253060803669, 10889.633569268608, 9778.659660283096, 9253.162468419026, 9897.872452380285]
[9447.905101156332, 10468.301830433458, 9753.613181974366, 9412.67620461383, 8960.85915940477, 9558.614247065776, 8513.351458800975, 10714.745812325562, 10826.21500513795, 7925.060458025476, 11477.52706284841, 9488.730429895833, 9397.081030664698, 10223.084669781294, 10332.308714802752, 8895.109407935748, 9714.825005634015, 9345.403263018077, 9343.48715358691, 7449.4641425725, 9383.68072847715, 9943.472066095732, 10067.76585950456, 9533.08099030743, 9625.122663101043, 11373.475689485593, 9941.338364825842, 8447.84205561741, 8994.22182120624, 9759.642941568849, 9601.308871104655, 10156.032365766929, 9895.055360673323, 10796.72032969946, 9997.938743577706, 8640.822129082895, 10108.846880338422, 9997.996204483918, 10063.048683747078, 10107.677799756179, 9394.279113578945, 10827.768725313133, 9149.040782448075, 9782.291112697418, 9092.592053398675, 8666.253060803669, 10889.633569268608, 9772.84188387764, 9253.162468419026, 9886.799655386601]
[9445.685150919553, 10461.975789195987, 9753.613181974366, 9400.696589898838, 8960.85915940477, 9558.614247065776, 8513.351458800975, 10712.832274558761, 10826.21500513795, 7925.060458025476, 11477.52706284841, 9456.69490542564, 9352.07971687212, 10198.103833929817, 10310.94773662431, 8881.65212883477, 9714.825005634015, 9333.78846922109, 9343.48715358691, 7449.4641425725, 9380.603377297284, 9936.300261830118, 10067.76585950456, 9466.023623166895, 9625.122663101043, 11350.084029676462, 9941.338364825842, 8441.30745911667, 8992.841415161047, 9759.642941568849, 9601.308871104655, 10156.032365766929, 9895.055360673323, 10796.72032969946, 9997.938743577706, 8640.822129082895, 10108.846880338422, 9997.996204483918, 10063.048683747078, 10107.677799756179, 9393.848359114232, 10827.768725313133, 9149.040782448075, 9782.291112697418, 9069.908613332234, 8666.253060803669, 10849.235015456128, 9736.199906139022, 9243.12945782943, 9886.799655386601]
[9445.685150919553, 10461.975789195987, 9732.672982815753, 9400.696589898838, 8960.85915940477, 9552.964841454905, 8513.351458800975, 10695.44091088762, 10826.21500513795, 7912.944297733469, 11477.52706284841, 9451.56692370382, 9347.736066849617, 10189.307394877605, 10310.94773662431, 8881.65212883477, 9714.825005634015, 9333.78846922109, 9343.48715358691, 7435.242414115119, 9368.445930358974, 9924.332483533553, 10067.76585950456, 9466.023623166895, 9599.974055109566, 11350.084029676462, 9941.338364825842, 8441.30745911667, 8971.821671724461, 9723.436047674282, 9576.167867466673, 10146.499644722004, 9895.055360673323, 10796.72032969946, 9994.166067262606, 8619.388377682622, 10108.846880338422, 9985.24208299855, 10059.504611448378, 10107.677799756179, 9384.963701779401, 10824.004129496088, 9149.040782448075, 9782.291112697418, 9069.058329331066, 8666.253060803669, 10849.235015456128, 9736.199906139022, 9243.12945782943, 9886.799655386601]
[9445.685150919553, 10461.975789195987, 9727.973650387506, 9400.563855665554, 8960.85915940477, 9552.964841454905, 8513.351458800975, 10695.44091088762, 10826.21500513795, 7897.233257386213, 11469.204019408091, 9451.56692370382, 9347.736066849617, 10189.307394877605, 10310.94773662431, 8881.65212883477, 9696.388282537084, 9329.604615137414, 9343.48715358691, 7435.242414115119, 9361.00282054718, 9924.332483533553, 10067.76585950456, 9466.023623166895, 9599.974055109566, 11350.084029676462, 9941.338364825842, 8430.609056819974, 8971.821671724461, 9686.439282021602, 9576.167867466673, 10137.858581401342, 9895.055360673323, 10796.72032969946, 9964.409015977571, 8592.303701587098, 10108.846880338422, 9985.24208299855, 10059.504611448378, 10107.677799756179, 9384.963701779401, 10824.004129496088, 9110.293364963238, 9782.291112697418, 9069.058329331066, 8653.213315861121, 10849.235015456128, 9723.354893327294, 9243.12945782943, 9886.799655386601]
[9445.685150919553, 10453.512312769006, 9727.973650387506, 9400.563855665554, 8960.85915940477, 9552.964841454905, 8513.351458800975, 10695.44091088762, 10826.21500513795, 7891.361681955968, 11459.535439796293, 9443.470157613849, 9341.907315380222, 10189.307394877605, 10310.94773662431, 8869.625539281586, 9696.388282537084, 9307.207781166057, 9343.48715358691, 7435.242414115119, 9361.00282054718, 9924.332483533553, 10067.76585950456, 9462.098507692812, 9599.974055109566, 11350.084029676462, 9940.148078183101, 8429.948137495387, 8960.129904514311, 9681.425766451537, 9576.167867466673, 10132.536332265208, 9895.055360673323, 10789.72591162672, 9964.409015977571, 8578.636668455554, 10108.846880338422, 9979.264388643516, 10059.504611448378, 10107.677799756179, 9383.2767943356, 10813.784894226384, 9110.293364963238, 9782.291112697418, 9046.671877064873, 8653.213315861121, 10849.235015456128, 9722.40676273451, 9227.002844924087, 9865.934686476243]
[9415.190710181148, 10453.512312769006, 9727.973650387506, 9399.195910771272, 8927.802615310338, 9552.964841454905, 8513.351458800975, 10692.506626988454, 10826.21500513795, 7876.567176834316, 11459.535439796293, 9417.684264915868, 9337.777180528547, 10189.307394877605, 10306.29440860064, 8869.625539281586, 9692.123345194683, 9307.207781166057, 9343.48715358691, 7383.142598539384, 9361.00282054718, 9905.850566997375, 10067.76585950456, 9447.997068496406, 9599.974055109566, 11336.162027206014, 9940.148078183101, 8429.948137495387, 8960.129904514311, 9681.425766451537, 9554.653703302443, 10132.536332265208, 9895.055360673323, 10789.72591162672, 9964.409015977571, 8578.636668455554, 10090.356763991647, 9955.94689824061, 10059.504611448378, 10107.677799756179, 9383.2767943356, 10813.784894226384, 9084.77561422261, 9757.403024157837, 9046.671877064873, 8649.99487474024, 10849.235015456128, 9722.40676273451, 9208.727826675, 9865.934686476243]
[9415.190710181148, 10453.512312769006, 9727.973650387506, 9399.195910771272, 8927.802615310338, 9552.964841454905, 8498.103635361838, 10692.506626988454, 10826.21500513795, 7873.663930998204, 11459.535439796293, 9415.003788119091, 9337.777180528547, 10189.307394877605, 10304.52997546228, 8867.551793079305, 9673.48590046365, 9307.207781166057, 9317.867046258327, 7383.142598539384, 9361.00282054718, 9863.946775080873, 10067.76585950456, 9447.997068496406, 9589.922466202199, 11336.162027206014, 9926.676466478928, 8421.873474037777, 8953.940714584973, 9681.425766451537, 9554.653703302443, 10132.536332265208, 9895.055360673323, 10778.907334537507, 9964.409015977571, 8578.636668455554, 10054.953634636426, 9955.94689824061, 10030.683197914286, 10107.677799756179, 9369.36515903338, 10813.784894226384, 9040.350779108998, 9757.403024157837, 9046.671877064873, 8649.99487474024, 10849.235015456128, 9722.40676273451, 9189.00017402057, 9865.934686476243]
[9415.190710181148, 10453.512312769006, 9727.973650387506, 9378.652000199581, 8916.552974445676, 9552.964841454905, 8498.103635361838, 10692.506626988454, 10788.101317279861, 7867.432050792811, 11459.535439796293, 9415.003788119091, 9337.777180528547, 10189.307394877605, 10302.03082845674, 8864.343355783456, 9673.48590046365, 9304.757581139604, 9317.867046258327, 7374.412025495718, 9321.529864558308, 9855.071936164157, 10067.76585950456, 9444.534957789005, 9570.98766317817, 11322.487051009837, 9926.676466478928, 8421.873474037777, 8948.866791364084, 9660.423595581378, 9535.987925111183, 10132.536332265208, 9895.055360673323, 10778.907334537507, 9964.409015977571, 8569.92759506255, 10054.953634636426, 9950.568435334855, 10026.640571043888, 10087.534385077179, 9369.36515903338, 10804.95432546551, 9040.350779108998, 9757.403024157837, 9043.373592949229, 8649.99487474024, 10849.235015456128, 9720.170693956648, 9184.000116418678, 9865.934686476243]
[9415.190710181148, 10427.75615938217, 9708.761589340016, 9378.652000199581, 8916.552974445676, 9552.964841454905, 8498.103635361838, 10692.506626988454, 10788.101317279861, 7867.432050792811, 11435.699038226296, 9415.003788119091, 9318.845062083481, 10174.91097569579, 10302.03082845674, 8864.343355783456, 9666.045045863586, 9283.266328856562, 9317.867046258327, 7374.412025495718, 9321.529864558308, 9855.071936164157, 10067.76585950456, 9444.534957789005, 9570.98766317817, 11322.487051009837, 9870.712299169501, 8406.736215618399, 8934.476489918046, 9660.423595581378, 9535.987925111183, 10132.536332265208, 9895.055360673323, 10777.303288001647, 9964.409015977571, 8569.92759506255, 10054.953634636426, 9950.568435334855, 10026.640571043888, 10086.8909583946, 9369.36515903338, 10778.144848647149, 9040.350779108998, 9723.619185196365, 9041.270053522945, 8627.128541977643, 10849.235015456128, 9711.850380622773, 9184.000116418678, 9865.934686476243]
[9389.818914180229, 10427.75615938217, 9690.307982014052, 9378.652000199581, 8903.223656370126, 9538.723729928404, 8493.25257053097, 10673.623076803122, 10788.101317279861, 7867.432050792811, 11435.699038226296, 9404.459047496835, 9318.845062083481, 10174.91097569579, 10302.03082845674, 8864.255529607273, 9652.114434295447, 9271.44897624623, 9317.867046258327, 7358.062472696804, 9321.529864558308, 9855.071936164157, 10048.156469887695, 9444.534957789005, 9548.628252385914, 11322.487051009837, 9867.661998269028, 8406.736215618399, 8934.476489918046, 9660.423595581378, 9524.805192683865, 10132.536332265208, 9880.569285599204, 10777.303288001647, 9964.409015977571, 8569.92759506255, 10054.953634636426, 9950.568435334855, 10026.640571043888, 10085.6795925074, 9369.36515903338, 10778.144848647149, 9040.350779108998, 9712.400839147695, 9027.331657970828, 8627.128541977643, 10821.945773838617, 9710.090154053582, 9184.000116418678, 9865.934686476243]
[9373.602470269725, 10427.75615938217, 9635.767036448367, 9378.652000199581, 8903.223656370126, 9538.723729928404, 8493.25257053097, 10667.023490874028, 10788.101317279861, 7867.432050792811, 11435.699038226296, 9387.347757394555, 9318.359817099936, 10174.91097569579, 10302.03082845674, 8864.255529607273, 9652.114434295447, 9240.656949511806, 9288.367609832801, 7358.062472696804, 9317.641920577296, 9855.071936164157, 10036.492668787756, 9444.534957789005, 9531.565598954472, 11322.487051009837, 9867.661998269028, 8406.736215618399, 8920.759119662282, 9660.423595581378, 9524.805192683865, 10113.117350160834, 9798.61236972873, 10777.303288001647, 9964.409015977571, 8567.881520754792, 10054.953634636426, 9950.568435334855, 10005.116149128382, 10085.6795925074, 9369.36515903338, 10778.144848647149, 9040.350779108998, 9712.400839147695, 9027.331657970828, 8627.128541977643, 10821.945773838617, 9710.090154053582, 9184.000116418678, 9832.078745760162]
[9373.602470269725, 10417.795995215873, 9635.767036448367, 9378.513673235353, 8903.223656370126, 9538.723729928404, 8493.25257053097, 10667.023490874028, 10788.101317279861, 7837.386958572286, 11435.699038226296, 9387.347757394555, 9318.359817099936, 10141.075846815149, 10302.03082845674, 8864.255529607273, 9645.85484317663, 9240.389122843697, 9288.367609832801, 7358.062472696804, 9317.641920577296, 9853.3331904226, 10036.492668787756, 9444.534957789005, 9531.565598954472, 11322.487051009837, 9867.661998269028, 8390.30860969641, 8920.759119662282, 9660.423595581378, 9524.805192683865, 10104.930341258372, 9798.444866126458, 10777.303288001647, 9963.8417725712, 8567.881520754792, 10033.291085311761, 9947.400697111138, 10005.116149128382, 10085.6795925074, 9324.971189336105, 10731.961636839678, 9027.54988659113, 9712.400839147695, 9027.331657970828, 8582.325822986892, 10816.308029099144, 9708.386655164879, 9183.781763135546, 9832.078745760162]
[9320.172680614698, 10413.529120509642, 9635.767036448367, 9378.513673235353, 8903.223656370126, 9522.319710784452, 8488.897633116429, 10652.151090308918, 10760.446741854024, 7799.76903438759, 11421.592270073892, 9387.300337140701, 9318.359817099936, 10141.075846815149, 10302.03082845674, 8782.9769347785, 9636.266022112097, 9240.389122843697, 9225.01269195059, 7346.1530036516315, 9317.641920577296, 9853.3331904226, 10036.492668787756, 9433.90597764235, 9531.565598954472, 11322.487051009837, 9867.661998269028, 8390.30860969641, 8920.759119662282, 9660.423595581378, 9503.132670354278, 10063.944949669096, 9798.444866126458, 10777.303288001647, 9963.8417725712, 8567.881520754792, 10033.291085311761, 9947.400697111138, 9999.246431783364, 10085.6795925074, 9324.971189336105, 10722.269875080401, 9027.54988659113, 9712.400839147695, 9026.808206505237, 8582.325822986892, 10816.308029099144, 9674.317188071514, 9183.781763135546, 9832.078745760162]
[9320.172680614698, 10413.529120509642, 9635.767036448367, 9342.43951260363, 8888.09555749071, 9472.895150132781, 8481.758972088572, 10652.151090308918, 10757.78205551893, 7799.742738101666, 11421.592270073892, 9387.300337140701, 9318.359817099936, 10135.641602623084, 10302.03082845674, 8761.276237922408, 9636.266022112097, 9240.389122843697, 9216.043479394015, 7346.1530036516315, 9291.810576220254, 9853.3331904226, 10036.492668787756, 9433.90597764235, 9493.794485485569, 11285.402763175394, 9867.661998269028, 8390.30860969641, 8910.10174844903, 9646.39206351614, 9503.132670354278, 10044.471822418494, 9798.444866126458, 10777.303288001647, 9963.8417725712, 8567.881520754792, 9937.1163766374, 9947.400697111138, 9993.378537964865, 10085.6795925074, 9293.852226862657, 10722.269875080401, 9027.54988659113, 9678.499845537079, 9026.808206505237, 8574.398940503648, 10788.229178063848, 9674.317188071514, 9183.781763135546, 9832.078745760162]
[9302.651920207294, 10413.529120509642, 9635.767036448367, 9308.383937066259, 8888.09555749071, 9459.643658660802, 8444.978584556207, 10652.151090308918, 10752.069892990685, 7798.941287224804, 11407.411412766578, 9387.300337140701, 9318.359817099936, 10135.641602623084, 10302.03082845674, 8761.276237922408, 9636.266022112097, 9240.389122843697, 9215.440986709877, 7341.694835615936, 9275.34429435626, 9853.3331904226, 10036.492668787756, 9433.90597764235, 9479.404251375898, 11265.573085459895, 9867.661998269028, 8390.30860969641, 8910.10174844903, 9646.39206351614, 9503.132670354278, 10030.074494542998, 9798.444866126458, 10777.303288001647, 9963.8417725712, 8528.828585011423, 9937.1163766374, 9947.400697111138, 9970.493907166509, 10083.256985943026, 9292.873955833094, 10722.269875080401, 9027.54988659113, 9678.298819818983, 9026.808206505237, 8574.398940503648, 10788.229178063848, 9674.317188071514, 9180.04409591931, 9831.062293832005]
[9297.990566115925, 10413.529120509642, 9635.767036448367, 9306.247693676496, 8888.09555749071, 9459.643658660802, 8402.686543825745, 10652.151090308918, 10748.831929348704, 7798.941287224804, 11407.411412766578, 9386.554002139175, 9318.359817099936, 10135.641602623084, 10227.533467367602, 8723.73768439241, 9636.266022112097, 9240.389122843697, 9215.440986709877, 7285.601203014031, 9275.34429435626, 9840.637357617696, 10036.492668787756, 9433.90597764235, 9466.530165741658, 11265.573085459895, 9864.904299180198, 8390.30860969641, 8906.97419650797, 9625.161563566722, 9503.132670354278, 10027.579528471924, 9781.242206836208, 10777.303288001647, 9963.8417725712, 8528.828585011423, 9925.995772066459, 9927.794162528362, 9970.493907166509, 10032.669006031625, 9292.873955833094, 10722.269875080401, 9027.54988659113, 9678.298819818983, 9016.182456917062, 8574.398940503648, 10765.206172521404, 9674.317188071514, 9180.04409591931, 9812.962922568395]
[9261.613566031992, 10402.718178526113, 9635.767036448367, 9306.247693676496, 8885.468340526259, 9459.643658660802, 8397.567965302993, 10651.079662457185, 10748.831929348704, 7776.199654160501, 11407.411412766578, 9374.235103930938, 9318.359817099936, 10135.641602623084, 10172.69104133558, 8723.73768439241, 9606.286875938937, 9240.389122843697, 9199.463468612135, 7274.326511482506, 9275.34429435626, 9837.151180085839, 10035.937347369207, 9433.90597764235, 9442.961404270734, 11251.267174300436, 9864.904299180198, 8390.30860969641, 8869.982629946287, 9625.161563566722, 9503.132670354278, 10000.374337525132, 9772.18535803025, 10745.869712517138, 9942.495590777708, 8528.828585011423, 9901.022085945606, 9927.794162528362, 9970.493907166509, 10030.714775080594, 9292.873955833094, 10686.884402079324, 9027.54988659113, 9672.115269208185, 9016.182456917062, 8566.956760438252, 10756.06369761689, 9650.688685756679, 9161.87230955606, 9812.962922568395]
[9248.69189228535, 10402.718178526113, 9635.767036448367, 9298.812698293877, 8885.468340526259, 9459.643658660802, 8397.567965302993, 10643.433129121551, 10748.831929348704, 7776.199654160501, 11407.411412766578, 9368.930859880678, 9271.370219069198, 10135.641602623084, 10144.623564716898, 8723.73768439241, 9606.286875938937, 9214.699049954292, 9199.463468612135, 7269.406186416146, 9274.188731823098, 9823.23373170347, 10035.937347369207, 9406.195886703656, 9442.961404270734, 11251.267174300436, 9856.622058485123, 8390.30860969641, 8869.982629946287, 9625.161563566722, 9501.744847824122, 10000.374337525132, 9736.192572299886, 10745.869712517138, 9942.495590777708, 8528.828585011423, 9901.022085945606, 9885.61473711147, 9970.493907166509, 10030.714775080594, 9285.434689644753, 10686.884402079324, 9027.54988659113, 9672.115269208185, 9006.337544470498, 8551.690807711688, 10756.06369761689, 9650.688685756679, 9154.488750636981, 9812.962922568395]
[9248.69189228535, 10402.718178526113, 9635.767036448367, 9298.812698293877, 8884.031223102214, 9459.643658660802, 8327.709300912638, 10643.433129121551, 10748.831929348704, 7776.199654160501, 11396.412083775636, 9368.930859880678, 9266.512188951463, 10127.579460604125, 10144.623564716898, 8723.73768439241, 9606.286875938937, 9214.699049954292, 9199.463468612135, 7269.406186416146, 9260.992389553281, 9796.557222162292, 10008.86007656746, 9372.24441905614, 9441.97597309003, 11228.732340164435, 9815.21226895705, 8373.663275021127, 8869.778509586273, 9603.06598701738, 9501.744847824122, 9995.218648290758, 9701.30687196516, 10745.869712517138, 9908.065306480965, 8520.908804098986, 9901.022085945606, 9885.61473711147, 9970.493907166509, 9956.146526413602, 9263.436761236275, 10670.410160519246, 9010.18334929698, 9645.697732507773, 9006.337544470498, 8551.084058583312, 10725.628954677082, 9650.688685756679, 9127.237293391214, 9739.14400299208]
[9237.781583789798, 10402.718178526113, 9630.686737376784, 9296.520738790274, 8884.031223102214, 9453.817160481378, 8320.525364614032, 10643.433129121551, 10748.831929348704, 7776.199654160501, 11396.412083775636, 9326.241321680609, 9256.45518561869, 10127.579460604125, 10144.623564716898, 8723.73768439241, 9555.45969485959, 9214.699049954292, 9199.463468612135, 7269.406186416146, 9260.992389553281, 9796.557222162292, 9997.04962364493, 9372.24441905614, 9441.97597309003, 11225.231889499613, 9790.60248999748, 8373.663275021127, 8858.259442107228, 9603.06598701738, 9485.15026197195, 9995.218648290758, 9698.17723640722, 10745.869712517138, 9908.065306480965, 8516.114205352993, 9901.022085945606, 9849.414561385449, 9969.972041584566, 9952.906920672294, 9238.360014735308, 10670.410160519246, 9010.18334929698, 9645.240228744668, 8957.32309495786, 8551.084058583312, 10711.05708507818, 9650.688685756679, 9127.237293391214, 9730.712184086338]
[9237.781583789798, 10402.718178526113, 9626.06700847134, 9296.520738790274, 8884.031223102214, 9453.817160481378, 8320.525364614032, 10643.433129121551, 10748.831929348704, 7761.750451643378, 11396.412083775636, 9326.241321680609, 9256.45518561869, 10127.579460604125, 10093.615460797044, 8718.996889813938, 9555.45969485959, 9210.201668788948, 9199.463468612135, 7269.406186416146, 9251.551203483108, 9789.241085112804, 9997.04962364493, 9368.5112147871, 9441.97597309003, 11191.852901066097, 9788.76174139922, 8373.663275021127, 8831.726953121106, 9588.820478203574, 9485.15026197195, 9966.505490987573, 9696.094200234127, 10735.652669254963, 9908.065306480965, 8516.114205352993, 9870.935581683629, 9849.414561385449, 9959.114801326075, 9952.906920672294, 9238.045663335712, 10670.410160519246, 9010.18334929698, 9641.610321282784, 8957.32309495786, 8549.32339710853, 10709.471598091131, 9650.688685756679, 9127.237293391214, 9722.315457307568]
[9237.781583789798, 10399.996617278965, 9626.06700847134, 9296.520738790274, 8884.031223102214, 9453.817160481378, 8320.525364614032, 10643.433129121551, 10748.831929348704, 7761.750451643378, 11396.412083775636, 9326.241321680609, 9229.921650420885, 10127.579460604125, 10093.615460797044, 8676.103175566332, 9555.45969485959, 9210.201668788948, 9199.463468612135, 7265.004724545991, 9232.62799880657, 9789.241085112804, 9997.04962364493, 9368.5112147871, 9437.495631686648, 11191.852901066097, 9788.76174139922, 8332.927078745404, 8802.832521927709, 9562.881336795765, 9485.15026197195, 9942.194237124038, 9696.094200234127, 10714.53660202885, 9908.065306480965, 8516.114205352993, 9865.249794121526, 9849.414561385449, 9959.114801326075, 9952.906920672294, 9227.447943599835, 10670.410160519246, 8988.946501790493, 9641.610321282784, 8957.32309495786, 8549.32339710853, 10696.028570603245, 9650.16026872706, 9113.787392679327, 9722.315457307568]
[9237.781583789798, 10395.433650768206, 9596.651215567439, 9296.520738790274, 8862.653991322159, 9453.817160481378, 8320.525364614032, 10643.433129121551, 10731.736467937388, 7761.750451643378, 11384.618388828112, 9326.241321680609, 9229.921650420885, 10121.685182305126, 10093.615460797044, 8649.212727282642, 9555.45969485959, 9204.522825992322, 9199.463468612135, 7265.004724545991, 9212.711594940925, 9789.241085112804, 9990.661059790604, 9368.5112147871, 9437.495631686648, 11167.925676304707, 9788.76174139922, 8315.670108845905, 8802.123207828172, 9534.887604464308, 9483.244878683716, 9942.194237124038, 9666.62747806857, 10681.742720876828, 9877.627308893872, 8516.114205352993, 9865.249794121526, 9810.204011979655, 9959.114801326075, 9952.906920672294, 9227.447943599835, 10670.410160519246, 8988.946501790493, 9641.610321282784, 8948.458881273775, 8518.670649081587, 10696.028570603245, 9641.735291177454, 9113.787392679327, 9722.315457307568]
[9237.781583789798, 10355.25229592787, 9596.651215567439, 9288.781998617591, 8862.653991322159, 9435.89709229839, 8320.525364614032, 10643.433129121551, 10731.736467937388, 7761.750451643378, 11384.618388828112, 9271.022153027401, 9227.296537968557, 10057.951285914287, 10093.615460797044, 8632.171800454267, 9555.45969485959, 9201.308354342564, 9199.463468612135, 7265.004724545991, 9212.711594940925, 9789.241085112804, 9990.661059790604, 9368.5112147871, 9437.495631686648, 11154.618190135123, 9788.76174139922, 8315.670108845905, 8802.123207828172, 9534.887604464308, 9482.267268469108, 9926.506808473292, 9644.93890325777, 10681.742720876828, 9860.863619635686, 8508.129032638257, 9865.249794121526, 9752.630574104072, 9959.114801326075, 9952.906920672294, 9224.100859476303, 10670.410160519246, 8988.946501790493, 9641.610321282784, 8948.458881273775, 8518.670649081587, 10668.078198554722, 9639.83736831336, 9085.27480708479, 9717.334612668235]
[9237.781583789798, 10355.25229592787, 9596.651215567439, 9288.781998617591, 8862.653991322159, 9435.89709229839, 8314.214474041104, 10643.433129121551, 10682.971866523843, 7758.1901683491915, 11363.601317712011, 9271.022153027401, 9195.522908345996, 10052.173580238126, 10092.838272518593, 8624.015861877846, 9555.45969485959, 9189.810866987067, 9199.463468612135, 7258.92277676495, 9212.711594940925, 9780.263809364715, 9990.661059790604, 9368.5112147871, 9437.495631686648, 11154.618190135123, 9788.76174139922, 8315.670108845905, 8802.123207828172, 9516.902702448439, 9482.267268469108, 9926.506808473292, 9644.93890325777, 10646.288857759106, 9860.863619635686, 8478.983648826084, 9865.249794121526, 9752.630574104072, 9959.114801326075, 9952.906920672294, 9219.384590649088, 10666.572099279883, 8988.946501790493, 9641.610321282784, 8948.458881273775, 8518.670649081587, 10668.078198554722, 9587.238140254956, 9085.27480708479, 9717.334612668235]
[9195.72760614719, 10355.25229592787, 9596.651215567439, 9288.781998617591, 8840.257028776403, 9435.89709229839, 8307.762802781264, 10617.187566383596, 10682.971866523843, 7752.710011021578, 11352.843243199646, 9271.022153027401, 9190.293653160874, 10052.173580238126, 10092.838272518593, 8624.015861877846, 9555.45969485959, 9189.810866987067, 9199.463468612135, 7258.92277676495, 9212.711594940925, 9780.263809364715, 9990.661059790604, 9368.5112147871, 9416.02021811747, 11154.618190135123, 9788.76174139922, 8255.679935096454, 8802.123207828172, 9516.902702448439, 9482.267268469108, 9922.373977323476, 9644.93890325777, 10630.227600235548, 9860.863619635686, 8478.983648826084, 9862.398235324956, 9752.630574104072, 9953.9969560143, 9936.304429315136, 9219.384590649088, 10666.572099279883, 8988.946501790493, 9641.610321282784, 8948.458881273775, 8518.670649081587, 10668.078198554722, 9535.555496349569, 9079.831636662817, 9699.868843699041]
[9195.72760614719, 10355.25229592787, 9596.651215567439, 9288.781998617591, 8840.257028776403, 9405.468125805697, 8307.762802781264, 10616.257476778406, 10672.841910918, 7732.884449087223, 11352.843243199646, 9264.313883621599, 9190.293653160874, 10052.173580238126, 10092.838272518593, 8624.015861877846, 9546.036150098991, 9189.810866987067, 9199.463468612135, 7258.92277676495, 9173.169370691952, 9780.263809364715, 9990.661059790604, 9351.513947198697, 9416.02021811747, 11139.522673337811, 9773.49990147325, 8249.860015148643, 8802.123207828172, 9479.794286662565, 9452.688200780174, 9921.904617081458, 9641.611443529655, 10630.227600235548, 9860.863619635686, 8470.091210231318, 9862.398235324956, 9747.41531705839, 9943.824203213586, 9922.709306079767, 9207.809810688443, 10645.470193295292, 8988.946501790493, 9641.610321282784, 8933.76898500995, 8518.670649081587, 10596.075749129051, 9535.555496349569, 9066.208350292596, 9699.868843699041]
[9188.802105473951, 10354.972607183798, 9530.111414118755, 9278.8151930137, 8840.257028776403, 9405.41654343923, 8276.363084784538, 10612.718152365054, 10672.841910918, 7711.203444249794, 11352.843243199646, 9203.84250641242, 9190.293653160874, 10044.68978362693, 10092.838272518593, 8624.015861877846, 9534.559908641659, 9142.49233891962, 9199.463468612135, 7258.92277676495, 9173.169370691952, 9772.817262090739, 9990.661059790604, 9338.972438765622, 9357.56367248655, 11139.522673337811, 9754.830006557737, 8249.860015148643, 8802.123207828172, 9479.794286662565, 9452.688200780174, 9921.904617081458, 9639.444839683707, 10630.227600235548, 9851.347493709556, 8467.90380705771, 9862.398235324956, 9747.41531705839, 9943.824203213586, 9917.642542150517, 9207.809810688443, 10641.90454753415, 8988.946501790493, 9641.610321282784, 8917.549057160591, 8518.670649081587, 10589.641643194473, 9535.555496349569, 9066.208350292596, 9680.345117084304]
[9184.449915858684, 10354.972607183798, 9530.111414118755, 9267.86850863752, 8840.257028776403, 9405.41654343923, 8276.363084784538, 10612.718152365054, 10672.841910918, 7665.718922653946, 11346.623831866462, 9203.84250641242, 9190.293653160874, 10042.748071510936, 10092.838272518593, 8612.883163846524, 9528.277752519689, 9125.551178042368, 9199.463468612135, 7248.1487145616065, 9173.169370691952, 9772.817262090739, 9990.661059790604, 9338.972438765622, 9357.56367248655, 11139.522673337811, 9754.830006557737, 8235.444251304925, 8795.81361072572, 9476.065355845723, 9452.688200780174, 9921.904617081458, 9639.444839683707, 10630.227600235548, 9851.347493709556, 8467.90380705771, 9862.398235324956, 9747.41531705839, 9920.888245177177, 9917.642542150517, 9207.809810688443, 10626.202562893475, 8966.445137500796, 9641.610321282784, 8913.460675962437, 8512.065932024121, 10589.641643194473, 9535.555496349569, 9066.208350292596, 9680.345117084304]
[9184.449915858684, 10354.972607183798, 9521.756442846065, 9267.86850863752, 8840.257028776403, 9405.41654343923, 8270.383453473622, 10612.718152365054, 10672.841910918, 7665.718922653946, 11346.623831866462, 9191.487990027405, 9190.293653160874, 10042.748071510936, 10092.838272518593, 8598.153237055276, 9528.277752519689, 9125.551178042368, 9170.82503640781, 7248.1487145616065, 9173.169370691952, 9772.817262090739, 9990.661059790604, 9338.972438765622, 9357.56367248655, 11105.775156811262, 9754.830006557737, 8235.444251304925, 8795.81361072572, 9435.805344212942, 9452.688200780174, 9921.904617081458, 9636.037739138617, 10630.227600235548, 9844.018688979762, 8467.90380705771, 9862.398235324956, 9747.41531705839, 9910.741356032373, 9917.642542150517, 9189.43956473994, 10626.202562893475, 8965.121240134677, 9641.610321282784, 8911.486112437957, 8512.065932024121, 10565.36457685212, 9535.555496349569, 9031.956443180901, 9680.345117084304]
[9184.449915858684, 10354.972607183798, 9521.756442846065, 9267.86850863752, 8817.130860062669, 9405.41654343923, 8270.383453473622, 10605.093506503694, 10672.841910918, 7646.468530340018, 11346.623831866462, 9173.94777868428, 9190.293653160874, 10042.748071510936, 10092.838272518593, 8598.153237055276, 9528.277752519689, 9125.551178042368, 9170.82503640781, 7248.1487145616065, 9173.169370691952, 9768.111562261862, 9990.661059790604, 9338.972438765622, 9357.56367248655, 11105.113873417751, 9754.830006557737, 8231.637924314313, 8795.81361072572, 9435.805344212942, 9452.688200780174, 9883.267916338284, 9636.037739138617, 10625.199069276034, 9844.018688979762, 8467.90380705771, 9862.398235324956, 9747.41531705839, 9910.741356032373, 9917.642542150517, 9189.43956473994, 10626.202562893475, 8965.121240134677, 9641.610321282784, 8911.486112437957, 8512.065932024121, 10565.36457685212, 9535.555496349569, 9031.956443180901, 9680.345117084304]
[9174.207355174827, 10354.972607183798, 9521.756442846065, 9267.86850863752, 8817.130860062669, 9405.41654343923, 8270.383453473622, 10583.143953800245, 10672.841910918, 7623.071223381994, 11346.623831866462, 9173.94777868428, 9190.293653160874, 10037.784076350104, 10086.676101553641, 8598.153237055276, 9493.282361586998, 9123.172213083364, 9170.82503640781, 7218.6668338191885, 9173.169370691952, 9768.111562261862, 9974.20926158079, 9288.233603188603, 9357.56367248655, 11105.113873417751, 9754.830006557737, 8230.0036796475, 8795.81361072572, 9435.805344212942, 9452.688200780174, 9883.267916338284, 9634.168526488267, 10625.199069276034, 9844.018688979762, 8467.90380705771, 9862.398235324956, 9719.003265220359, 9891.434548342999, 9917.642542150517, 9189.43956473994, 10626.202562893475, 8965.121240134677, 9641.610321282784, 8911.486112437957, 8506.07950543759, 10565.36457685212, 9529.274500785205, 9029.384569659478, 9680.345117084304]
[9174.207355174827, 10354.972607183798, 9521.756442846065, 9267.86850863752, 8808.133745827707, 9405.41654343923, 8261.95245706817, 10583.143953800245, 10672.841910918, 7623.071223381994, 11346.623831866462, 9173.94777868428, 9190.293653160874, 10008.39769261809, 10065.372658007875, 8598.153237055276, 9493.282361586998, 9123.172213083364, 9170.82503640781, 7218.6668338191885, 9173.169370691952, 9754.457941207222, 9967.240505835474, 9243.830332823356, 9357.56367248655, 11105.113873417751, 9754.830006557737, 8230.0036796475, 8795.81361072572, 9435.805344212942, 9452.688200780174, 9883.267916338284, 9634.168526488267, 10625.199069276034, 9844.018688979762, 8449.598690427996, 9862.398235324956, 9719.003265220359, 9891.434548342999, 9917.642542150517, 9189.43956473994, 10626.202562893475, 8944.707535575722, 9641.610321282784, 8911.486112437957, 8506.07950543759, 10565.36457685212, 9529.274500785205, 9029.384569659478, 9680.345117084304]
[9174.207355174827, 10354.972607183798, 9502.334986444926, 9267.86850863752, 8800.007295385034, 9405.41654343923, 8257.7200283111, 10583.143953800245, 10672.841910918, 7623.071223381994, 11315.568538522284, 9173.94777868428, 9190.293653160874, 10008.39769261809, 10065.372658007875, 8598.153237055276, 9493.282361586998, 9123.172213083364, 9170.82503640781, 7195.626481542933, 9173.169370691952, 9713.642060580969, 9967.240505835474, 9233.301799904404, 9357.56367248655, 11102.804101994787, 9754.332426412131, 8177.989414392522, 8737.8746214286, 9435.805344212942, 9452.688200780174, 9883.267916338284, 9609.559350135029, 10625.199069276034, 9817.452402321263, 8445.975330495254, 9827.447396611435, 9719.003265220359, 9891.434548342999, 9917.642542150517, 9183.908260275159, 10626.202562893475, 8944.707535575722, 9641.610321282784, 8902.568037168798, 8506.07950543759, 10541.186640587954, 9529.274500785205, 8963.440786463758, 9673.982306748916]
[9174.207355174827, 10319.901131955114, 9490.966021426153, 9267.86850863752, 8800.007295385034, 9405.41654343923, 8240.477165652377, 10583.143953800245, 10672.841910918, 7623.071223381994, 11315.568538522284, 9156.546030215823, 9187.25946002834, 10008.39769261809, 10065.372658007875, 8559.461133821329, 9484.632568490495, 9119.699525930408, 9167.852495236937, 7171.014782158488, 9173.169370691952, 9713.642060580969, 9967.240505835474, 9233.301799904404, 9357.56367248655, 11102.804101994787, 9746.389514252365, 8177.989414392522, 8734.988978525293, 9435.805344212942, 9451.438620646793, 9879.562352408146, 9586.681157234561, 10625.199069276034, 9815.908429073213, 8445.975330495254, 9827.447396611435, 9719.003265220359, 9891.434548342999, 9906.5336290095, 9179.355868595467, 10626.202562893475, 8944.707535575722, 9622.282081461391, 8902.568037168798, 8491.497394869031, 10541.186640587954, 9489.452542628138, 8960.703762527053, 9673.982306748916]
[9174.207355174827, 10319.901131955114, 9490.966021426153, 9254.558927539725, 8781.281062127155, 9405.41654343923, 8237.445262424262, 10583.143953800245, 10672.841910918, 7609.499200452044, 11315.568538522284, 9133.979976691815, 9184.274288881894, 10008.39769261809, 10033.443821509774, 8559.461133821329, 9484.632568490495, 9119.699525930408, 9167.852495236937, 7171.014782158488, 9162.351637111156, 9711.480736393665, 9946.236434062263, 9233.301799904404, 9357.56367248655, 11102.804101994787, 9746.389514252365, 8172.844893792065, 8733.278098411882, 9434.86755198777, 9451.438620646793, 9879.562352408146, 9586.681157234561, 10584.472520574109, 9808.377927515976, 8408.94715764227, 9768.709556577098, 9697.07149536112, 9891.434548342999, 9894.81393316213, 9179.355868595467, 10626.202562893475, 8944.707535575722, 9622.16347996362, 8887.179332061987, 8459.314747409613, 10487.8351547649, 9489.452542628138, 8954.77054325783, 9673.982306748916]
[9174.207355174827, 10319.901131955114, 9434.331974773164, 9254.558927539725, 8781.281062127155, 9391.980008367824, 8237.445262424262, 10583.143953800245, 10664.201045454674, 7549.0199388479405, 11315.568538522284, 9133.979976691815, 9184.274288881894, 10008.39769261809, 10024.556291398949, 8546.997649545337, 9479.081637259185, 9119.699525930408, 9132.146204243712, 7171.014782158488, 9156.538623822698, 9711.480736393665, 9946.236434062263, 9233.301799904404, 9324.808669994225, 11093.161723776884, 9746.389514252365, 8156.788345462325, 8733.278098411882, 9434.86755198777, 9449.367368510246, 9879.562352408146, 9570.574174545633, 10584.472520574109, 9808.377927515976, 8371.924289893303, 9749.628368235873, 9697.07149536112, 9891.434548342999, 9894.81393316213, 9179.355868595467, 10626.202562893475, 8924.046110549683, 9568.29904479266, 8887.179332061987, 8440.15980093424, 10487.8351547649, 9489.452542628138, 8954.77054325783, 9673.982306748916]
[9173.719040939024, 10319.901131955114, 9434.331974773164, 9254.558927539725, 8781.281062127155, 9391.980008367824, 8225.563137165063, 10577.805438837768, 10664.201045454674, 7549.0199388479405, 11315.568538522284, 9115.086611901124, 9159.868388002542, 10008.39769261809, 10024.556291398949, 8546.997649545337, 9471.000856484166, 9119.699525930408, 9132.146204243712, 7167.786629562193, 9136.100343187896, 9711.480736393665, 9946.236434062263, 9164.358007922923, 9324.808669994225, 11080.154857814758, 9746.389514252365, 8156.788345462325, 8733.278098411882, 9424.686716328551, 9441.179306135378, 9879.562352408146, 9570.574174545633, 10584.472520574109, 9808.377927515976, 8348.334180176067, 9749.628368235873, 9697.07149536112, 9891.434548342999, 9894.81393316213, 9165.881424381532, 10624.281214842045, 8924.046110549683, 9554.528104639065, 8887.179332061987, 8440.15980093424, 10487.8351547649, 9489.452542628138, 8954.77054325783, 9666.020988557917]
[9173.719040939024, 10319.901131955114, 9434.331974773164, 9254.558927539725, 8781.281062127155, 9391.980008367824, 8207.119569678624, 10577.805438837768, 10664.201045454674, 7549.0199388479405, 11315.568538522284, 9115.086611901124, 9159.868388002542, 10008.39769261809, 9980.942644691899, 8546.997649545337, 9436.342983815906, 9119.699525930408, 9132.146204243712, 7167.786629562193, 9136.100343187896, 9705.466887415541, 9946.236434062263, 9142.654560657978, 9324.808669994225, 11068.574311834773, 9746.389514252365, 8136.024952172855, 8733.278098411882, 9424.686716328551, 9426.612598546239, 9875.093001671521, 9570.574174545633, 10584.472520574109, 9808.377927515976, 8340.571862247507, 9749.628368235873, 9662.983565925362, 9891.039847321315, 9880.5905137344, 9149.772336612066, 10589.454565824408, 8924.046110549683, 9529.592206922116, 8887.179332061987, 8440.15980093424, 10480.892566059734, 9489.452542628138, 8954.77054325783, 9666.020988557917]
[9121.639674328499, 10301.397462332816, 9432.162105001147, 9254.558927539725, 8768.510000382244, 9391.980008367824, 8207.119569678624, 10577.805438837768, 10651.461109401029, 7549.0199388479405, 11315.568538522284, 9115.086611901124, 9159.868388002542, 10008.39769261809, 9980.942644691899, 8546.997649545337, 9436.342983815906, 9104.072177827662, 9099.024721735257, 7157.449616955576, 9136.100343187896, 9701.590394742638, 9932.516896863635, 9065.658752883242, 9324.808669994225, 11059.832302889094, 9746.389514252365, 8127.812780721586, 8733.278098411882, 9424.686716328551, 9426.612598546239, 9875.093001671521, 9570.574174545633, 10548.033943877843, 9808.377927515976, 8340.571862247507, 9735.695800171728, 9662.983565925362, 9891.039847321315, 9880.5905137344, 9149.772336612066, 10588.187101380963, 8910.323495998808, 9523.688706893287, 8887.179332061987, 8428.925575593557, 10480.892566059734, 9436.346562317016, 8954.77054325783, 9636.143224702402]
[9121.639674328499, 10301.397462332816, 9432.162105001147, 9254.558927539725, 8759.419110731875, 9391.980008367824, 8183.102724042634, 10577.805438837768, 10651.461109401029, 7549.0199388479405, 11315.568538522284, 9115.086611901124, 9159.868388002542, 10008.39769261809, 9968.652761936404, 8526.972485803615, 9412.608229114272, 9104.043193128771, 9099.024721735257, 7140.267511520797, 9136.100343187896, 9701.590394742638, 9932.516896863635, 9065.658752883242, 9315.285433316874, 11053.633708592231, 9746.389514252365, 8127.812780721586, 8717.18835488192, 9424.686716328551, 9395.635720397124, 9874.262252139053, 9570.574174545633, 10548.033943877843, 9735.504604358459, 8340.571862247507, 9724.888160373812, 9610.486231967647, 9857.63205537423, 9880.5905137344, 9149.772336612066, 10579.716803218831, 8899.95200762264, 9523.688706893287, 8842.39648701662, 8428.925575593557, 10465.381503691184, 9431.667516563066, 8954.77054325783, 9633.386955176606]
[9120.693357985334, 10301.397462332816, 9432.162105001147, 9254.558927539725, 8726.648066208869, 9382.97101293156, 8183.102724042634, 10538.19091567901, 10651.461109401029, 7513.746454507118, 11292.517053297634, 9115.086611901124, 9158.649659357938, 10008.39769261809, 9968.652761936404, 8526.972485803615, 9412.608229114272, 9091.464861881117, 9099.024721735257, 7140.267511520797, 9136.100343187896, 9659.494447576648, 9883.954582835235, 9065.658752883242, 9315.285433316874, 11035.549188712108, 9746.389514252365, 8104.40267007582, 8717.18835488192, 9418.287672048556, 9390.08851382706, 9869.136222269193, 9531.78991831326, 10548.033943877843, 9735.504604358459, 8340.571862247507, 9724.888160373812, 9610.486231967647, 9857.63205537423, 9880.5905137344, 9149.772336612066, 10577.136072015448, 8880.394996192026, 9505.55057279323, 8842.39648701662, 8428.925575593557, 10465.381503691184, 9431.667516563066, 8934.79565506081, 9633.386955176606]
[9120.693357985334, 10301.397462332816, 9431.593709349403, 9254.558927539725, 8678.139105950746, 9382.97101293156, 8100.4355651466785, 10519.050083205066, 10625.669369809693, 7509.619129193588, 11288.217536781525, 9093.603206779724, 9158.649659357938, 10008.39769261809, 9964.703220029569, 8526.972485803615, 9412.608229114272, 9090.439133866104, 9099.024721735257, 7113.09501819502, 9136.100343187896, 9659.494447576648, 9876.99279143013, 9065.658752883242, 9315.285433316874, 11035.549188712108, 9723.454956564447, 8104.40267007582, 8717.18835488192, 9418.287672048556, 9390.08851382706, 9868.658943678674, 9531.78991831326, 10548.033943877843, 9735.504604358459, 8340.571862247507, 9708.153075089489, 9608.144357039962, 9857.503814326097, 9880.5905137344, 9144.996582272854, 10567.698843589227, 8880.394996192026, 9505.55057279323, 8842.39648701662, 8414.685470062304, 10465.022396986864, 9422.030589785032, 8913.423984658099, 9625.902115453378]
[9120.693357985334, 10301.397462332816, 9431.593709349403, 9227.33507286595, 8678.139105950746, 9367.107294005571, 8096.573132751529, 10519.050083205066, 10624.218855172958, 7509.619129193588, 11275.817855273555, 9093.322928449325, 9148.603460983966, 10008.39769261809, 9954.0821620325, 8526.972485803615, 9409.36988111924, 9083.221845907221, 9099.024721735257, 7103.377824583081, 9126.909640807455, 9654.57726571007, 9876.99279143013, 9052.2843294305, 9315.285433316874, 11027.288256180536, 9700.054654003503, 8087.2954642336, 8717.18835488192, 9418.287672048556, 9366.977366910225, 9868.658943678674, 9485.701283686623, 10548.033943877843, 9735.504604358459, 8340.571862247507, 9708.153075089489, 9572.469994179422, 9857.503814326097, 9880.5905137344, 9144.996582272854, 10567.698843589227, 8876.647177072198, 9448.535064530883, 8829.789970432186, 8395.915380198407, 10465.022396986864, 9422.030589785032, 8913.423984658099, 9625.902115453378]
[9072.053294924788, 10295.42033956554, 9431.593709349403, 9227.33507286595, 8678.139105950746, 9353.06258679273, 8096.573132751529, 10519.050083205066, 10616.762059299093, 7509.619129193588, 11275.817855273555, 9076.556549582265, 9148.603460983966, 9987.612741492067, 9954.0821620325, 8485.857541581943, 9409.183254166459, 9076.173911043075, 9099.024721735257, 7098.926847485001, 9126.909640807455, 9654.57726571007, 9850.646027891862, 9052.2843294305, 9315.285433316874, 11027.288256180536, 9700.054654003503, 8084.918084006097, 8717.18835488192, 9418.287672048556, 9349.273896054432, 9867.977680648868, 9485.701283686623, 10548.033943877843, 9735.504604358459, 8326.800192620607, 9708.153075089489, 9572.469994179422, 9811.612876315226, 9880.5905137344, 9144.996582272854, 10551.013645508394, 8876.647177072198, 9448.535064530883, 8829.789970432186, 8395.915380198407, 10465.022396986864, 9422.030589785032, 8913.423984658099, 9625.902115453378]
[9072.053294924788, 10261.792896469071, 9395.335322145573, 9227.33507286595, 8650.511669669877, 9345.946318264969, 8096.573132751529, 10519.050083205066, 10616.762059299093, 7485.204237813296, 11262.744795545497, 9076.556549582265, 9148.603460983966, 9987.612741492067, 9950.035427995545, 8472.636749071567, 9395.50026747463, 9076.173911043075, 9099.024721735257, 7088.469617454512, 9118.915037166336, 9654.57726571007, 9847.230807905262, 9052.2843294305, 9315.285433316874, 11027.288256180536, 9700.054654003503, 8084.918084006097, 8715.934047005445, 9418.287672048556, 9349.273896054432, 9858.981458845412, 9485.701283686623, 10548.033943877843, 9735.504604358459, 8315.595056492264, 9708.153075089489, 9572.469994179422, 9809.008246705533, 9880.5905137344, 9144.996582272854, 10551.013645508394, 8876.647177072198, 9448.535064530883, 8821.716118531695, 8351.170237240367, 10459.503516995763, 9422.030589785032, 8904.000599584973, 9625.902115453378]
[9063.056166258018, 10226.780759017003, 9395.335322145573, 9227.33507286595, 8650.511669669877, 9332.940440413275, 8094.335263964521, 10519.050083205066, 10616.762059299093, 7485.204237813296, 11262.744795545497, 9076.556549582265, 9148.603460983966, 9987.612741492067, 9950.035427995545, 8471.921866369314, 9395.50026747463, 9076.173911043075, 9099.024721735257, 7088.469617454512, 9118.915037166336, 9654.57726571007, 9844.592217189549, 9052.2843294305, 9315.285433316874, 11027.288256180536, 9700.054654003503, 8084.918084006097, 8696.031493165337, 9418.287672048556, 9341.153968812381, 9858.981458845412, 9485.701283686623, 10525.469407826151, 9717.324163587316, 8287.280158689975, 9708.153075089489, 9572.469994179422, 9789.660438198976, 9877.486924788187, 9144.996582272854, 10551.013645508394, 8876.647177072198, 9438.817239633554, 8821.716118531695, 8348.180271151792, 10459.503516995763, 9422.030589785032, 8902.74783465957, 9592.766485182032]
[9063.056166258018, 10226.780759017003, 9386.08950769583, 9227.33507286595, 8650.511669669877, 9281.979482912688, 8074.533034276317, 10519.050083205066, 10616.762059299093, 7459.922958783134, 11262.744795545497, 9076.556549582265, 9148.603460983966, 9948.673477985014, 9950.035427995545, 8463.120400119984, 9395.50026747463, 9076.173911043075, 9092.27112372241, 7088.469617454512, 9118.915037166336, 9654.57726571007, 9833.486243180334, 9052.2843294305, 9280.945049682763, 10977.90897960141, 9700.054654003503, 8084.918084006097, 8693.505213054586, 9418.287672048556, 9319.191325968288, 9858.981458845412, 9459.046382641816, 10525.469407826151, 9717.324163587316, 8287.280158689975, 9700.809141455476, 9572.469994179422, 9789.660438198976, 9844.388264896905, 9144.996582272854, 10551.013645508394, 8787.757196033384, 9438.817239633554, 8790.179662393512, 8348.180271151792, 10459.503516995763, 9418.724560650388, 8873.17644705812, 9592.766485182032]
[9063.056166258018, 10226.780759017003, 9386.08950769583, 9227.33507286595, 8650.511669669877, 9281.979482912688, 8074.533034276317, 10441.630580982544, 10613.448962754695, 7459.922958783134, 11262.744795545497, 9076.556549582265, 9139.230908858894, 9948.673477985014, 9950.035427995545, 8463.120400119984, 9381.317929636783, 9036.923725169396, 9092.27112372241, 7088.469617454512, 9118.915037166336, 9654.57726571007, 9833.486243180334, 9048.240644421754, 9280.945049682763, 10955.761436065, 9699.073616893005, 8084.023410789286, 8693.505213054586, 9418.287672048556, 9319.191325968288, 9858.981458845412, 9428.869046564385, 10525.469407826151, 9714.789912481763, 8287.280158689975, 9700.809141455476, 9572.469994179422, 9789.660438198976, 9844.388264896905, 9144.996582272854, 10551.013645508394, 8787.757196033384, 9433.378030746062, 8789.776282130812, 8328.961187312738, 10445.889300863257, 9418.724560650388, 8848.979181966626, 9592.766485182032]
[9063.056166258018, 10226.780759017003, 9366.39875023956, 9227.33507286595, 8650.511669669877, 9278.28238585423, 8074.533034276317, 10439.57102589925, 10613.448962754695, 7421.8308933676235, 11262.744795545497, 9028.759991998983, 9119.362031363908, 9948.673477985014, 9950.035427995545, 8455.468003782586, 9381.317929636783, 9036.923725169396, 9092.27112372241, 7073.051335952926, 9113.223982351159, 9597.853887449452, 9830.96063476825, 9048.240644421754, 9271.275209706237, 10955.761436065, 9696.182081530946, 8040.012503182743, 8693.26911901643, 9418.287672048556, 9318.23156276227, 9858.981458845412, 9428.869046564385, 10519.864389679793, 9714.789912481763, 8287.280158689975, 9700.809141455476, 9527.226839841509, 9789.660438198976, 9844.388264896905, 9144.996582272854, 10551.013645508394, 8781.223116811798, 9433.378030746062, 8789.776282130812, 8328.961187312738, 10445.889300863257, 9418.724560650388, 8848.979181966626, 9561.371930706224]
[9063.056166258018, 10226.780759017003, 9366.39875023956, 9227.33507286595, 8644.996985383268, 9264.368169087968, 8061.6754502639205, 10439.57102589925, 10613.448962754695, 7421.8308933676235, 11262.744795545497, 9016.51208255004, 9119.362031363908, 9929.60712280871, 9950.035427995545, 8455.468003782586, 9346.356368709286, 9007.503094594953, 9092.27112372241, 7058.958049410549, 9113.223982351159, 9597.853887449452, 9830.96063476825, 9048.240644421754, 9271.275209706237, 10955.761436065, 9696.182081530946, 8040.012503182743, 8693.26911901643, 9405.6425828615, 9304.175535949367, 9839.019073902879, 9419.701456342691, 10519.864389679793, 9714.789912481763, 8264.586807608195, 9670.7774768522, 9527.226839841509, 9775.507359334515, 9844.388264896905, 9140.416673136435, 10551.013645508394, 8776.073602722387, 9433.378030746062, 8758.211185683078, 8328.961187312738, 10445.889300863257, 9418.724560650388, 8848.979181966626, 9561.371930706224]
[9063.056166258018, 10215.163415662697, 9366.39875023956, 9227.33507286595, 8641.024146269865, 9248.116335292954, 8040.142734280655, 10422.104857967503, 10613.448962754695, 7421.8308933676235, 11262.744795545497, 9016.51208255004, 9119.362031363908, 9921.918176574787, 9950.035427995545, 8448.879706131747, 9346.356368709286, 9007.503094594953, 9092.27112372241, 7058.958049410549, 9113.223982351159, 9597.853887449452, 9830.96063476825, 9047.102376559715, 9259.420586014388, 10955.761436065, 9667.180788334079, 8040.005816481013, 8693.26911901643, 9405.6425828615, 9304.175535949367, 9839.019073902879, 9419.701456342691, 10519.864389679793, 9714.789912481763, 8264.586807608195, 9670.7774768522, 9525.007012999537, 9775.507359334515, 9844.388264896905, 9140.416673136435, 10551.013645508394, 8776.073602722387, 9414.027073705694, 8741.199297680663, 8320.75392946241, 10445.889300863257, 9390.70218136341, 8848.979181966626, 9561.371930706224]
[9063.056166258018, 10215.163415662697, 9366.39875023956, 9186.967197287835, 8641.024146269865, 9248.116335292954, 8040.142734280655, 10422.104857967503, 10613.448962754695, 7421.8308933676235, 11262.744795545497, 9014.357221278911, 9119.362031363908, 9890.219949700313, 9950.035427995545, 8448.879706131747, 9346.356368709286, 9007.503094594953, 9092.27112372241, 7000.5454166553245, 9084.175450931501, 9597.853887449452, 9830.96063476825, 9047.102376559715, 9259.420586014388, 10942.13274363589, 9667.180788334079, 8035.5907490914415, 8693.26911901643, 9405.6425828615, 9303.97838783992, 9839.019073902879, 9419.701456342691, 10519.864389679793, 9714.789912481763, 8244.548686537757, 9670.7774768522, 9525.007012999537, 9745.544260714729, 9844.388264896905, 9140.416673136435, 10551.013645508394, 8764.315249757028, 9414.027073705694, 8741.199297680663, 8320.75392946241, 10438.659507733111, 9390.70218136341, 8848.979181966626, 9544.846231978448]
[9063.056166258018, 10215.163415662697, 9366.39875023956, 9186.967197287835, 8641.024146269865, 9245.065708404101, 7979.355957957756, 10422.104857967503, 10551.121325686507, 7421.8308933676235, 11254.017953312159, 9014.357221278911, 9119.362031363908, 9890.219949700313, 9947.536190027746, 8448.879706131747, 9346.356368709286, 8969.559913224695, 9084.437195265265, 7000.5454166553245, 9070.004310721397, 9580.850636312814, 9794.38507699668, 9047.102376559715, 9259.420586014388, 10942.13274363589, 9651.69822220277, 8035.5907490914415, 8688.820297867951, 9400.960036947234, 9303.97838783992, 9810.951902117591, 9419.701456342691, 10506.232709048087, 9714.789912481763, 8233.646885950595, 9661.718149060722, 9508.438093452627, 9728.630729402677, 9844.388264896905, 9123.700946992056, 10551.013645508394, 8764.315249757028, 9393.95887910295, 8741.199297680663, 8320.75392946241, 10438.659507733111, 9378.861899403943, 8848.979181966626, 9544.846231978448]
[9054.471773621905, 10215.163415662697, 9358.918746422461, 9186.967197287835, 8623.754277447075, 9211.75552460396, 7979.355957957756, 10422.104857967503, 10551.121325686507, 7421.8308933676235, 11254.017953312159, 9014.357221278911, 9103.293228986266, 9890.219949700313, 9945.125242053498, 8448.879706131747, 9327.386549403416, 8969.559913224695, 9053.60048472715, 7000.5454166553245, 9053.652502788225, 9566.78735686733, 9776.24948491633, 9041.451019739528, 9238.772755307373, 10942.13274363589, 9622.641296261074, 8035.5907490914415, 8688.820297867951, 9400.960036947234, 9303.243336302203, 9810.951902117591, 9389.125258717268, 10504.43117038885, 9707.12300172995, 8197.37596377375, 9661.718149060722, 9508.438093452627, 9698.808370417286, 9844.388264896905, 9123.700946992056, 10526.493016093791, 8731.373019108582, 9393.95887910295, 8741.199297680663, 8320.75392946241, 10438.659507733111, 9353.665008738262, 8832.25253133362, 9544.846231978448]
[9054.471773621905, 10215.163415662697, 9358.918746422461, 9186.967197287835, 8623.754277447075, 9211.75552460396, 7944.786697677258, 10401.748070783935, 10551.121325686507, 7421.8308933676235, 11254.017953312159, 9014.357221278911, 9103.293228986266, 9890.219949700313, 9932.294469960134, 8448.879706131747, 9327.087371093323, 8952.678464617089, 9053.60048472715, 6991.72687859438, 9027.73613692824, 9566.139227929089, 9776.24948491633, 9023.434896342273, 9238.772755307373, 10942.13274363589, 9622.641296261074, 8035.5907490914415, 8688.820297867951, 9400.960036947234, 9293.641968413862, 9810.951902117591, 9389.125258717268, 10504.43117038885, 9703.653503703896, 8197.37596377375, 9661.718149060722, 9508.438093452627, 9691.432864283886, 9844.388264896905, 9030.064234043719, 10490.703527412257, 8719.179162827268, 9393.95887910295, 8727.80399053723, 8320.75392946241, 10438.659507733111, 9353.665008738262, 8808.465523453766, 9511.61397001916]
[9049.771931469943, 10207.022120122294, 9358.918746422461, 9186.967197287835, 8623.754277447075, 9211.75552460396, 7940.789399455616, 10401.748070783935, 10551.121325686507, 7410.084655296838, 11254.017953312159, 9014.357221278911, 9103.293228986266, 9851.674913356353, 9909.952992022181, 8448.879706131747, 9317.948888916912, 8952.678464617089, 9053.60048472715, 6991.72687859438, 8985.061992930347, 9566.139227929089, 9776.24948491633, 9023.434896342273, 9224.534855790405, 10942.13274363589, 9615.455835228084, 8022.516086403947, 8688.820297867951, 9387.524030245786, 9293.641968413862, 9810.951902117591, 9389.125258717268, 10504.43117038885, 9700.3691874443, 8191.410806147787, 9661.718149060722, 9508.438093452627, 9691.432864283886, 9844.388264896905, 8992.444530481935, 10463.633591147227, 8719.179162827268, 9345.30019545765, 8727.80399053723, 8320.75392946241, 10438.659507733111, 9353.665008738262, 8808.465523453766, 9511.61397001916]
[9037.966386050428, 10196.686266791989, 9358.918746422461, 9186.967197287835, 8623.754277447075, 9211.75552460396, 7940.789399455616, 10391.424711724612, 10551.121325686507, 7410.084655296838, 11229.87812894088, 9014.357221278911, 9103.293228986266, 9851.674913356353, 9909.952992022181, 8448.879706131747, 9295.991790094056, 8952.678464617089, 9053.60048472715, 6984.289637129962, 8979.691900351452, 9566.139227929089, 9754.401342224817, 9023.434896342273, 9224.534855790405, 10942.13274363589, 9615.455835228084, 8022.516086403947, 8682.700766838161, 9387.524030245786, 9277.15312635078, 9810.951902117591, 9372.608025177138, 10504.43117038885, 9647.17683047635, 8191.410806147787, 9644.956797652236, 9465.651323083466, 9691.432864283886, 9844.388264896905, 8992.444530481935, 10463.633591147227, 8719.179162827268, 9345.30019545765, 8727.80399053723, 8303.044473417433, 10414.32479869543, 9353.665008738262, 8808.465523453766, 9511.61397001916]
[9037.966386050428, 10182.205107950056, 9358.918746422461, 9186.967197287835, 8593.250971106198, 9211.75552460396, 7940.789399455616, 10391.424711724612, 10551.121325686507, 7410.084655296838, 11229.87812894088, 9014.357221278911, 9103.293228986266, 9851.674913356353, 9909.952992022181, 8448.670969070057, 9295.991790094056, 8935.750135225819, 9039.130969713666, 6984.289637129962, 8979.691900351452, 9557.921820338339, 9754.401342224817, 9023.434896342273, 9224.534855790405, 10942.13274363589, 9599.54439147512, 8003.26229964212, 8682.700766838161, 9387.524030245786, 9277.15312635078, 9810.951902117591, 9372.608025177138, 10482.840135271463, 9647.17683047635, 8160.95135879351, 9644.956797652236, 9465.651323083466, 9691.432864283886, 9844.388264896905, 8989.087060286374, 10463.633591147227, 8719.179162827268, 9336.271486406944, 8727.80399053723, 8290.166139154471, 10414.32479869543, 9349.975522038822, 8808.465523453766, 9511.61397001916]
[9035.049967779127, 10182.205107950056, 9358.918746422461, 9186.967197287835, 8593.250971106198, 9211.75552460396, 7902.603633964716, 10369.110882747165, 10551.121325686507, 7410.084655296838, 11229.87812894088, 9012.083592802352, 9102.96942533207, 9851.674913356353, 9892.675695235994, 8448.670969070057, 9287.990223397454, 8918.171782806383, 9039.130969713666, 6984.289637129962, 8979.691900351452, 9547.488189649825, 9754.401342224817, 9023.434896342273, 9224.534855790405, 10942.13274363589, 9599.54439147512, 8003.26229964212, 8682.700766838161, 9387.524030245786, 9269.060776016659, 9810.951902117591, 9345.952549126503, 10447.55789499448, 9647.17683047635, 8160.95135879351, 9644.956797652236, 9465.651323083466, 9691.432864283886, 9844.388264896905, 8989.087060286374, 10430.868316278193, 8714.111486709511, 9336.271486406944, 8724.496026643417, 8268.806785711899, 10378.415427263077, 9349.975522038822, 8808.465523453766, 9511.61397001916]
[9035.049967779127, 10173.818149287417, 9358.918746422461, 9182.8759158199, 8593.250971106198, 9211.75552460396, 7902.603633964716, 10369.110882747165, 10551.121325686507, 7410.084655296838, 11229.87812894088, 9003.755240067672, 9102.96942533207, 9851.674913356353, 9892.675695235994, 8448.670969070057, 9284.049914080071, 8905.849763428278, 9020.499599504219, 6974.249940748766, 8979.691900351452, 9542.468031316628, 9754.401342224817, 8986.860247930848, 9224.534855790405, 10942.13274363589, 9599.54439147512, 8003.26229964212, 8659.200739082418, 9387.524030245786, 9249.06339046193, 9804.949131501218, 9337.809245453083, 10447.55789499448, 9647.17683047635, 8160.95135879351, 9636.46811939629, 9465.651323083466, 9691.432864283886, 9844.388264896905, 8989.087060286374, 10430.868316278193, 8680.5809526362, 9331.078998320058, 8689.571051082368, 8268.806785711899, 10378.415427263077, 9347.295765925704, 8804.314021179249, 9511.61397001916]
[9035.049967779127, 10171.726122022763, 9358.918746422461, 9182.8759158199, 8559.179722051273, 9211.212142778382, 7872.3338615132, 10369.110882747165, 10551.121325686507, 7402.974865170727, 11202.885348271491, 8913.270531144532, 9102.96942533207, 9851.674913356353, 9892.675695235994, 8448.670969070057, 9284.049914080071, 8905.849763428278, 9020.499599504219, 6974.249940748766, 8979.691900351452, 9542.468031316628, 9754.401342224817, 8986.860247930848, 9224.534855790405, 10921.865474612758, 9599.54439147512, 7984.596684123232, 8630.750508538677, 9387.524030245786, 9249.06339046193, 9804.949131501218, 9337.809245453083, 10447.55789499448, 9647.17683047635, 8159.663699538706, 9636.46811939629, 9465.651323083466, 9677.280112072252, 9801.289029205303, 8984.077589999655, 10430.868316278193, 8680.5809526362, 9331.078998320058, 8652.166013404578, 8260.51282255567, 10378.415427263077, 9347.295765925704, 8804.314021179249, 9511.61397001916]
[9023.453101538156, 10169.673322775936, 9358.918746422461, 9168.8582942772, 8559.179722051273, 9211.212142778382, 7859.401168620326, 10369.110882747165, 10543.384521717442, 7402.974865170727, 11174.877790343264, 8913.270531144532, 9102.96942533207, 9844.338499638012, 9892.675695235994, 8448.670969070057, 9283.904817352752, 8905.849763428278, 9020.499599504219, 6961.031099954646, 8979.691900351452, 9542.468031316628, 9751.36536530653, 8986.860247930848, 9211.071570937525, 10883.251027328195, 9599.54439147512, 7974.302885644839, 8596.837116566623, 9387.524030245786, 9249.06339046193, 9804.949131501218, 9336.5820882989, 10439.325911979822, 9645.07616574565, 8152.51628324365, 9636.46811939629, 9450.701373390157, 9677.280112072252, 9795.183565321964, 8984.077589999655, 10430.868316278193, 8680.5809526362, 9331.078998320058, 8652.166013404578, 8260.51282255567, 10371.73980909367, 9347.295765925704, 8769.178505337424, 9511.61397001916]
[9023.453101538156, 10147.630025621407, 9355.381456604899, 9166.323756846297, 8559.179722051273, 9186.988296367457, 7859.401168620326, 10310.047907126036, 10539.618955436024, 7402.974865170727, 11174.877790343264, 8911.448142247773, 9102.96942533207, 9825.13089398609, 9889.288538779125, 8448.670969070057, 9283.904817352752, 8905.849763428278, 9020.499599504219, 6961.031099954646, 8979.691900351452, 9537.430324297151, 9751.36536530653, 8986.860247930848, 9167.576849975267, 10876.035151285989, 9575.374581370299, 7974.302885644839, 8586.083044244917, 9385.843304660306, 9249.06339046193, 9779.63970669127, 9336.5820882989, 10439.325911979822, 9637.737490913652, 8152.51628324365, 9636.46811939629, 9443.430196794674, 9677.280112072252, 9766.492292787085, 8983.518379297218, 10430.733852497573, 8659.061479563241, 9319.50706458823, 8652.166013404578, 8260.51282255567, 10368.30716594859, 9342.181869185297, 8733.593924120327, 9511.61397001916]
[9003.473507702189, 10131.60593600401, 9355.381456604899, 9166.323756846297, 8540.197399264423, 9186.988296367457, 7859.401168620326, 10293.834565664381, 10539.618955436024, 7402.974865170727, 11174.877790343264, 8911.448142247773, 9102.96942533207, 9825.13089398609, 9884.277816194146, 8447.262844535833, 9283.904817352752, 8905.849763428278, 8987.092959152611, 6913.073587414801, 8979.691900351452, 9537.430324297151, 9751.36536530653, 8986.860247930848, 9167.576849975267, 10876.035151285989, 9575.374581370299, 7947.845501141985, 8561.490796613993, 9385.843304660306, 9249.06339046193, 9779.63970669127, 9336.5820882989, 10439.325911979822, 9637.737490913652, 8137.562798104814, 9636.273836997863, 9443.430196794674, 9677.280112072252, 9766.492292787085, 8983.518379297218, 10430.733852497573, 8651.096706317836, 9287.213746227575, 8651.388201350808, 8260.51282255567, 10368.30716594859, 9307.364261629602, 8733.593924120327, 9502.286877039673]
[8993.114982532785, 10125.826697984576, 9355.381456604899, 9166.323756846297, 8540.142634643762, 9166.109641704012, 7842.376849057381, 10292.868011629387, 10474.46951925587, 7402.974865170727, 11174.877790343264, 8875.761919168843, 9102.96942533207, 9825.13089398609, 9884.277816194146, 8424.248998658291, 9275.553474439563, 8905.400539004522, 8949.407733004586, 6913.073587414801, 8979.691900351452, 9537.430324297151, 9733.717891907912, 8986.860247930848, 9167.576849975267, 10876.035151285989, 9534.768980096213, 7929.233969834105, 8550.763091386825, 9385.843304660306, 9249.06339046193, 9779.63970669127, 9270.084226448258, 10435.68767435753, 9637.737490913652, 8137.562798104814, 9622.260277689405, 9443.430196794674, 9677.280112072252, 9760.466654294723, 8983.518379297218, 10410.509251744506, 8651.096706317836, 9287.213746227575, 8651.388201350808, 8237.34673933221, 10365.481094127917, 9296.971823646405, 8733.593924120327, 9476.086523183334]
[8993.114982532785, 10125.826697984576, 9355.381456604899, 9166.323756846297, 8540.142634643762, 9166.109641704012, 7837.624000136691, 10292.868011629387, 10472.103421393516, 7402.974865170727, 11174.877790343264, 8875.761919168843, 9091.591594641417, 9825.13089398609, 9881.883224868676, 8424.248998658291, 9275.553474439563, 8897.798571081254, 8949.407733004586, 6913.073587414801, 8979.691900351452, 9537.430324297151, 9733.717891907912, 8970.324864631208, 9167.576849975267, 10876.035151285989, 9534.768980096213, 7925.457238367368, 8550.763091386825, 9376.34355550713, 9204.179383138713, 9779.63970669127, 9270.084226448258, 10435.68767435753, 9636.013795935598, 8137.562798104814, 9622.260277689405, 9443.430196794674, 9660.881782638835, 9746.428162913679, 8977.816955979253, 10410.509251744506, 8633.383717097498, 9260.395426187088, 8651.388201350808, 8237.34673933221, 10365.481094127917, 9260.166655210873, 8733.593924120327, 9465.899438032991]
[8993.114982532785, 10125.826697984576, 9355.381456604899, 9166.323756846297, 8527.800710017596, 9165.793875786883, 7837.624000136691, 10292.868011629387, 10441.491099891296, 7401.249267481238, 11155.286320700257, 8875.761919168843, 9080.34862935835, 9825.13089398609, 9881.883224868676, 8395.65120204236, 9275.553474439563, 8897.798571081254, 8949.407733004586, 6913.073587414801, 8979.691900351452, 9537.430324297151, 9731.73755950856, 8970.324864631208, 9146.018030986772, 10876.035151285989, 9509.204564428794, 7925.457238367368, 8550.763091386825, 9334.755298955497, 9204.179383138713, 9779.63970669127, 9270.084226448258, 10435.68767435753, 9636.013795935598, 8137.562798104814, 9622.260277689405, 9443.430196794674, 9660.881782638835, 9746.428162913679, 8977.816955979253, 10410.509251744506, 8633.383717097498, 9260.395426187088, 8651.388201350808, 8236.61919078421, 10365.481094127917, 9260.166655210873, 8733.593924120327, 9465.899438032991]
[8979.862196244985, 10124.909368680892, 9355.381456604899, 9164.490568722638, 8527.800710017596, 9165.793875786883, 7837.624000136691, 10292.868011629387, 10441.491099891296, 7401.249267481238, 11155.2833431954, 8874.33080301555, 9080.34862935835, 9818.024618822543, 9881.883224868676, 8392.131837308634, 9275.553474439563, 8893.862016438417, 8949.407733004586, 6913.073587414801, 8979.691900351452, 9537.430324297151, 9731.73755950856, 8944.424431365798, 9146.018030986772, 10876.035151285989, 9502.275974148031, 7925.457238367368, 8534.550494733534, 9334.755298955497, 9204.179383138713, 9779.63970669127, 9264.013748427604, 10435.68767435753, 9632.141514151328, 8134.612687603949, 9602.084021163439, 9431.399262655901, 9600.163570512921, 9746.428162913679, 8964.087207404598, 10410.509251744506, 8633.383717097498, 9225.977467725888, 8651.388201350808, 8236.61919078421, 10365.481094127917, 9244.337888331993, 8733.593924120327, 9460.840694243132]
[8969.6767074275, 10118.976550464873, 9355.381456604899, 9164.157448940026, 8527.800710017596, 9154.849156068169, 7837.624000136691, 10292.868011629387, 10435.429868558009, 7395.874841879397, 11145.329895146768, 8874.33080301555, 9080.34862935835, 9813.907699757108, 9881.883224868676, 8392.131837308634, 9275.553474439563, 8893.862016438417, 8945.770508561407, 6913.073587414801, 8965.908962355341, 9537.430324297151, 9731.73755950856, 8929.874339458376, 9146.018030986772, 10876.035151285989, 9502.275974148031, 7925.457238367368, 8528.24208862315, 9334.755298955497, 9187.534242378466, 9744.180170508214, 9243.76306849322, 10358.358377200091, 9621.427420470665, 8099.6625201469915, 9602.084021163439, 9431.399262655901, 9600.163570512921, 9746.428162913679, 8956.564132635875, 10409.56838801786, 8633.383717097498, 9206.979688210671, 8645.396495843099, 8236.61919078421, 10364.871750483591, 9244.337888331993, 8733.593924120327, 9441.62323493293]
[8969.6767074275, 10118.976550464873, 9355.381456604899, 9164.157448940026, 8498.092997085125, 9129.899380048857, 7837.624000136691, 10292.868011629387, 10435.429868558009, 7382.2212955523555, 11129.162171110767, 8874.33080301555, 9070.774636464206, 9813.907699757108, 9881.363331034361, 8392.131837308634, 9275.553474439563, 8874.185429042167, 8945.770508561407, 6903.451076796657, 8965.908962355341, 9537.430324297151, 9731.73755950856, 8929.874339458376, 9146.018030986772, 10865.929436552236, 9502.275974148031, 7920.8546011413255, 8528.24208862315, 9334.755298955497, 9187.534242378466, 9744.180170508214, 9243.76306849322, 10344.231909851724, 9621.427420470665, 8096.911180051594, 9602.084021163439, 9431.399262655901, 9600.163570512921, 9746.428162913679, 8956.564132635875, 10409.56838801786, 8629.929901308777, 9198.068369503695, 8645.396495843099, 8231.797602690363, 10364.871750483591, 9194.018021468055, 8733.593924120327, 9441.62323493293]
[8969.6767074275, 10113.050053264413, 9355.381456604899, 9164.157448940026, 8474.597378932047, 9127.204395957928, 7790.605237656297, 10292.868011629387, 10435.429868558009, 7382.2212955523555, 11129.162171110767, 8874.33080301555, 9070.774636464206, 9797.561676336838, 9881.363331034361, 8392.131837308634, 9272.296029434163, 8872.666868124075, 8945.770508561407, 6855.903859944502, 8965.908962355341, 9517.969610199887, 9731.73755950856, 8929.874339458376, 9146.018030986772, 10865.929436552236, 9502.275974148031, 7917.803687674959, 8528.24208862315, 9334.755298955497, 9187.534242378466, 9744.180170508214, 9243.76306849322, 10344.231909851724, 9611.95425429106, 8096.911180051594, 9602.084021163439, 9431.399262655901, 9600.163570512921, 9746.428162913679, 8956.564132635875, 10396.287128375323, 8579.681876497858, 9196.375550455163, 8645.396495843099, 8231.797602690363, 10364.871750483591, 9149.91178683665, 8733.593924120327, 9424.053318929406]
[8969.6767074275, 10111.956067259385, 9355.381456604899, 9164.157448940026, 8474.597378932047, 9127.204395957928, 7785.557334205681, 10292.868011629387, 10435.429868558009, 7382.2212955523555, 11129.162171110767, 8868.659892804688, 9070.774636464206, 9797.561676336838, 9881.363331034361, 8392.131837308634, 9262.804483236196, 8872.666868124075, 8937.23255151459, 6854.577995793037, 8960.032493107035, 9517.969610199887, 9720.144360920931, 8929.874339458376, 9138.579141080745, 10865.929436552236, 9502.275974148031, 7844.904544001188, 8513.77341842509, 9334.755298955497, 9187.534242378466, 9744.180170508214, 9241.263680348437, 10344.231909851724, 9579.948649835118, 8085.7181773301, 9602.084021163439, 9431.273096398822, 9600.163570512921, 9744.282117671497, 8956.564132635875, 10396.287128375323, 8579.681876497858, 9196.375550455163, 8630.826838119965, 8210.38526183453, 10353.93122923315, 9149.91178683665, 8733.593924120327, 9424.053318929406]
[8969.6767074275, 10099.975009305734, 9355.381456604899, 9164.157448940026, 8472.7210832091, 9123.933952480844, 7785.557334205681, 10292.868011629387, 10435.429868558009, 7382.2212955523555, 11129.162171110767, 8868.659892804688, 9070.774636464206, 9788.422435714148, 9881.363331034361, 8392.131837308634, 9262.804483236196, 8872.666868124075, 8931.182272950158, 6793.573422374982, 8958.613587880558, 9517.969610199887, 9720.144360920931, 8908.731612124999, 9138.579141080745, 10854.109860735893, 9502.275974148031, 7799.3738304714425, 8491.354006098596, 9334.755298955497, 9187.534242378466, 9741.268048706199, 9241.263680348437, 10297.707292995041, 9579.948649835118, 8076.756861158424, 9602.084021163439, 9409.03811340318, 9594.63271504461, 9733.41499424609, 8956.564132635875, 10393.510079409283, 8554.34732428161, 9181.642327007636, 8630.826838119965, 8210.124300660322, 10353.93122923315, 9149.91178683665, 8733.593924120327, 9424.053318929406]
[8969.6767074275, 10089.851699897545, 9329.453329770933, 9150.89834049329, 8463.274967770376, 9123.933952480844, 7785.557334205681, 10277.054171076179, 10435.429868558009, 7382.2212955523555, 11129.162171110767, 8858.17729759551, 9070.774636464206, 9788.422435714148, 9874.778712621497, 8352.328553131938, 9172.375710540628, 8872.568698688034, 8881.32983185594, 6793.573422374982, 8958.613587880558, 9517.969610199887, 9720.144360920931, 8901.135265997807, 9131.757383076725, 10854.109860735893, 9502.173387768971, 7799.3738304714425, 8481.320286381242, 9334.755298955497, 9187.534242378466, 9741.268048706199, 9241.263680348437, 10297.707292995041, 9574.47385128879, 8076.756861158424, 9602.084021163439, 9409.03811340318, 9583.109945931405, 9733.41499424609, 8956.564132635875, 10393.510079409283, 8554.34732428161, 9172.385905033638, 8630.826838119965, 8210.124300660322, 10353.93122923315, 9149.91178683665, 8721.55282292017, 9412.623188399873]
[8958.31122892587, 10089.851699897545, 9329.453329770933, 9130.080397682375, 8463.274967770376, 9123.933952480844, 7765.740956357971, 10266.250278690572, 10435.429868558009, 7382.2212955523555, 11129.162171110767, 8844.51042374835, 9070.774636464206, 9788.422435714148, 9848.729574508263, 8351.452990434389, 9136.895566331841, 8857.231867884086, 8865.375711790772, 6780.96729519373, 8958.613587880558, 9517.147893358431, 9680.984135744484, 8897.315406777352, 9118.21931445865, 10854.109860735893, 9502.173387768971, 7793.057445660847, 8466.01208799249, 9332.510373938223, 9187.534242378466, 9741.268048706199, 9226.359428373502, 10265.46093643474, 9574.47385128879, 8076.756861158424, 9602.084021163439, 9399.521991761507, 9583.109945931405, 9724.448728206373, 8956.564132635875, 10393.510079409283, 8554.34732428161, 9172.385905033638, 8613.607161587975, 8210.124300660322, 10329.487296491428, 9149.91178683665, 8721.55282292017, 9412.623188399873]
[8957.34196336043, 10089.851699897545, 9329.453329770933, 9130.080397682375, 8463.274967770376, 9123.933952480844, 7753.403856721768, 10266.250278690572, 10422.188877026874, 7374.52193679469, 11129.162171110767, 8839.880657277892, 9066.333511114317, 9788.422435714148, 9848.729574508263, 8351.452990434389, 9126.325954926946, 8820.027743105164, 8865.375711790772, 6780.96729519373, 8958.613587880558, 9517.147893358431, 9675.200825850541, 8897.315406777352, 9118.21931445865, 10854.109860735893, 9502.173387768971, 7793.057445660847, 8466.01208799249, 9332.510373938223, 9187.534242378466, 9741.268048706199, 9226.359428373502, 10265.46093643474, 9574.47385128879, 8068.965355960766, 9602.084021163439, 9383.479162138203, 9583.109945931405, 9720.913987461065, 8956.564132635875, 10393.510079409283, 8554.34732428161, 9131.603125064672, 8613.607161587975, 8210.124300660322, 10329.487296491428, 9137.05553928205, 8719.434931456517, 9412.623188399873]
[8946.518733504847, 10088.997977589663, 9325.05704684475, 9130.080397682375, 8463.274967770376, 9123.933952480844, 7753.403856721768, 10266.250278690572, 10422.188877026874, 7374.52193679469, 11129.162171110767, 8837.13223006282, 9066.333511114317, 9788.422435714148, 9848.729574508263, 8305.148743613323, 9126.325954926946, 8820.027743105164, 8838.663866062238, 6751.333086153374, 8958.613587880558, 9517.147893358431, 9675.200825850541, 8897.315406777352, 9094.733721446682, 10825.073849235283, 9502.173387768971, 7786.912248139731, 8466.01208799249, 9304.997267698745, 9187.534242378466, 9741.268048706199, 9226.359428373502, 10265.46093643474, 9533.238724994178, 8068.965355960766, 9602.084021163439, 9383.479162138203, 9574.797599069152, 9684.523918224802, 8943.808117852734, 10378.463354916905, 8532.534267572082, 9131.603125064672, 8588.571401942081, 8210.074640492507, 10329.487296491428, 9118.377482960463, 8719.434931456517, 9412.623188399873]
[8946.518733504847, 10088.33274960938, 9319.409720803345, 9130.080397682375, 8459.507560659576, 9123.933952480844, 7753.403856721768, 10266.250278690572, 10384.061868984783, 7374.52193679469, 11129.162171110767, 8824.564912459859, 9057.690361193418, 9788.422435714148, 9843.574331651778, 8305.148743613323, 9126.325954926946, 8803.74234335572, 8838.663866062238, 6751.333086153374, 8939.046261872894, 9517.147893358431, 9675.200825850541, 8886.474599362951, 9094.733721446682, 10825.073849235283, 9499.077726796686, 7786.912248139731, 8466.01208799249, 9304.997267698745, 9187.534242378466, 9730.65154402431, 9226.359428373502, 10265.46093643474, 9516.921312540144, 8068.965355960766, 9602.084021163439, 9383.479162138203, 9574.797599069152, 9684.523918224802, 8943.808117852734, 10378.463354916905, 8532.534267572082, 9131.603125064672, 8574.695915938992, 8205.979445325207, 10329.487296491428, 9099.557314566451, 8719.434931456517, 9412.623188399873]
[8946.518733504847, 10088.33274960938, 9313.398715514082, 9130.080397682375, 8435.442480332938, 9123.933952480844, 7753.403856721768, 10266.250278690572, 10384.061868984783, 7358.963217017527, 11129.162171110767, 8824.564912459859, 9057.084787431106, 9788.422435714148, 9843.574331651778, 8305.148743613323, 9120.545697608206, 8803.74234335572, 8745.046554309458, 6751.333086153374, 8898.475039738738, 9517.147893358431, 9667.27818432004, 8886.474599362951, 9094.733721446682, 10825.073849235283, 9499.077726796686, 7781.31668813329, 8466.01208799249, 9304.997267698745, 9181.140373099766, 9716.526368098293, 9226.359428373502, 10265.46093643474, 9516.921312540144, 8068.965355960766, 9602.084021163439, 9383.479162138203, 9574.797599069152, 9681.333839626535, 8943.808117852734, 10378.463354916905, 8515.092789776103, 9131.603125064672, 8574.695915938992, 8205.979445325207, 10329.487296491428, 9084.94083458783, 8719.434931456517, 9390.95212056713]
[8944.79224885931, 10088.33274960938, 9305.988094371449, 9099.88656604287, 8435.442480332938, 9083.458902743525, 7753.403856721768, 10266.250278690572, 10384.061868984783, 7358.963217017527, 11129.162171110767, 8793.011380063213, 9057.084787431106, 9788.422435714148, 9843.574331651778, 8299.022619794428, 9120.545697608206, 8803.74234335572, 8738.297899811134, 6751.333086153374, 8898.475039738738, 9512.37216040325, 9666.236928546763, 8886.474599362951, 9094.733721446682, 10825.073849235283, 9489.774309748876, 7701.2747952257705, 8466.01208799249, 9304.997267698745, 9181.140373099766, 9716.526368098293, 9197.534862066843, 10245.18002236102, 9495.017550112228, 8068.965355960766, 9591.894164401703, 9383.479162138203, 9574.797599069152, 9663.29173367141, 8943.808117852734, 10378.463354916905, 8515.092789776103, 9131.603125064672, 8572.981008780494, 8205.979445325207, 10329.487296491428, 9084.94083458783, 8710.961491506381, 9390.95212056713]
[8944.79224885931, 10077.529164624424, 9305.988094371449, 9079.610656245904, 8413.17481721114, 9083.458902743525, 7753.403856721768, 10248.998955769122, 10384.061868984783, 7356.077277453161, 11129.162171110767, 8793.011380063213, 9057.084787431106, 9787.942952232555, 9843.574331651778, 8293.89752773522, 9106.063614234492, 8794.747152104585, 8738.297899811134, 6751.333086153374, 8898.475039738738, 9508.158281440597, 9666.021389120036, 8886.474599362951, 9094.733721446682, 10825.073849235283, 9489.774309748876, 7693.576303963748, 8466.01208799249, 9275.472977399002, 9181.140373099766, 9716.526368098293, 9197.534862066843, 10245.18002236102, 9495.017550112228, 8054.745260516989, 9591.894164401703, 9369.533626753722, 9574.797599069152, 9663.29173367141, 8943.808117852734, 10378.463354916905, 8515.092789776103, 9129.8936018469, 8558.634610396239, 8195.590333864468, 10310.655966364724, 9031.87170464365, 8710.961491506381, 9390.95212056713]
[8944.79224885931, 10077.529164624424, 9298.194372483591, 9041.864974303988, 8389.1319628417, 9083.458902743525, 7753.403856721768, 10248.998955769122, 10381.218572177206, 7326.774626537785, 11129.162171110767, 8789.786133141499, 9057.084787431106, 9787.942952232555, 9843.574331651778, 8293.89752773522, 9105.632046975707, 8794.747152104585, 8717.612015286932, 6751.333086153374, 8893.349599728073, 9508.158281440597, 9666.021389120036, 8886.474599362951, 9094.733721446682, 10809.945478643995, 9489.774309748876, 7693.576303963748, 8466.01208799249, 9275.472977399002, 9181.140373099766, 9716.526368098293, 9197.534862066843, 10245.18002236102, 9473.968934286593, 8054.745260516989, 9574.493253023667, 9369.533626753722, 9574.577692598774, 9663.29173367141, 8943.808117852734, 10378.463354916905, 8515.092789776103, 9129.8936018469, 8524.531301248264, 8195.590333864468, 10285.148103792673, 9031.87170464365, 8710.961491506381, 9384.855284002344]
[8912.76033012479, 10077.529164624424, 9298.194372483591, 9039.766715073223, 8389.1319628417, 9083.458902743525, 7748.219324478036, 10241.907545258162, 10381.218572177206, 7310.092885192195, 11129.162171110767, 8789.786133141499, 9046.118802213425, 9787.942952232555, 9827.832044077473, 8293.89752773522, 9105.164195252037, 8794.747152104585, 8717.612015286932, 6743.815361827757, 8874.290121106078, 9504.559524463117, 9666.021389120036, 8841.73689911822, 9094.733721446682, 10809.945478643995, 9486.590627598587, 7693.576303963748, 8466.01208799249, 9272.215296920742, 9140.530696143316, 9705.37682583488, 9197.534862066843, 10245.18002236102, 9473.968934286593, 8054.745260516989, 9574.493253023667, 9369.533626753722, 9571.122184098484, 9652.963475025632, 8943.808117852734, 10378.463354916905, 8515.092789776103, 9129.8936018469, 8521.484088514251, 8188.839384490993, 10263.212473278654, 9031.87170464365, 8710.961491506381, 9378.751938875]
[8911.243336113668, 10059.263720221083, 9297.245171026943, 9039.766715073223, 8389.1319628417, 9060.484441868368, 7748.219324478036, 10241.907545258162, 10381.218572177206, 7292.725475621302, 11129.162171110767, 8789.786133141499, 9046.118802213425, 9760.773570441517, 9748.756024779199, 8289.370323083607, 9105.164195252037, 8794.747152104585, 8717.612015286932, 6725.5711287018985, 8874.290121106078, 9504.559524463117, 9666.021389120036, 8841.73689911822, 9094.733721446682, 10809.945478643995, 9486.590627598587, 7689.869066012319, 8466.01208799249, 9272.215296920742, 9140.530696143316, 9705.37682583488, 9197.534862066843, 10221.6594831313, 9463.696235801443, 8046.655853197805, 9574.493253023667, 9369.533626753722, 9571.122184098484, 9629.20124917688, 8943.808117852734, 10378.463354916905, 8501.999932502757, 9097.237726463085, 8521.484088514251, 8170.509606332242, 10261.515350107918, 9031.87170464365, 8707.009621667454, 9378.751938875]
[8911.243336113668, 10052.810934240933, 9297.245171026943, 9034.39477213447, 8380.11140963329, 9060.484441868368, 7734.026605376904, 10241.907545258162, 10381.218572177206, 7289.856789525353, 11129.162171110767, 8789.786133141499, 9012.074616664382, 9759.958496716446, 9744.725430283004, 8288.894402831134, 9087.404410875033, 8779.257247118248, 8716.263795131714, 6716.912788182672, 8847.02358020773, 9484.966153332396, 9666.021389120036, 8841.73689911822, 9094.733721446682, 10809.945478643995, 9483.305149510914, 7689.869066012319, 8444.875576400354, 9272.215296920742, 9135.40597558139, 9705.37682583488, 9197.534862066843, 10221.6594831313, 9437.56165837251, 8046.655853197805, 9574.493253023667, 9369.533626753722, 9571.122184098484, 9622.98438014403, 8943.808117852734, 10378.463354916905, 8498.124740807169, 9097.237726463085, 8521.484088514251, 8170.509606332242, 10261.515350107918, 9020.477548761935, 8707.009621667454, 9378.751938875]
[8911.243336113668, 10052.810934240933, 9297.245171026943, 9034.39477213447, 8380.11140963329, 9033.713326138362, 7734.026605376904, 10225.358733000197, 10381.218572177206, 7289.856789525353, 11129.162171110767, 8777.860645416233, 8978.280123967977, 9746.895642811383, 9744.725430283004, 8269.742408901273, 9087.404410875033, 8779.257247118248, 8716.263795131714, 6716.912788182672, 8847.02358020773, 9456.902096325173, 9666.021389120036, 8814.949949846845, 9082.097550336459, 10809.945478643995, 9480.229746771842, 7689.869066012319, 8444.875576400354, 9272.215296920742, 9135.40597558139, 9705.37682583488, 9197.534862066843, 10213.75715437978, 9437.56165837251, 8046.655853197805, 9574.493253023667, 9369.533626753722, 9571.122184098484, 9621.534997801513, 8943.808117852734, 10378.463354916905, 8498.124740807169, 9079.370772009028, 8493.615058392654, 8170.509606332242, 10261.515350107918, 9011.040055239584, 8679.548765255691, 9378.751938875]
[8911.243336113668, 10052.810934240933, 9297.245171026943, 9030.49664911453, 8351.257897917012, 9033.713326138362, 7733.604870115148, 10225.358733000197, 10381.218572177206, 7264.696203650254, 11129.162171110767, 8777.860645416233, 8953.502861458488, 9746.895642811383, 9744.725430283004, 8269.742408901273, 9087.404410875033, 8779.257247118248, 8678.749726644823, 6709.123677287163, 8847.02358020773, 9456.902096325173, 9666.021389120036, 8799.752497014357, 9082.097550336459, 10809.945478643995, 9463.607061548722, 7688.413780851433, 8444.875576400354, 9265.560565831034, 9135.40597558139, 9691.743034769075, 9197.534862066843, 10176.098358405121, 9437.56165837251, 8046.655853197805, 9573.87897555628, 9369.533626753722, 9565.344219923578, 9621.534997801513, 8943.808117852734, 10378.463354916905, 8498.124740807169, 9073.187713047291, 8493.615058392654, 8170.509606332242, 10261.515350107918, 9011.040055239584, 8679.548765255691, 9378.751938875]
[8905.734399806885, 10052.810934240933, 9297.245171026943, 9010.38125316283, 8304.674105724116, 9033.713326138362, 7733.604870115148, 10225.358733000197, 10381.218572177206, 7264.696203650254, 11106.654623774259, 8777.860645416233, 8953.502861458488, 9746.895642811383, 9744.725430283004, 8258.616565664717, 9065.24969979004, 8779.257247118248, 8678.749726644823, 6698.412552606993, 8814.501291636496, 9456.902096325173, 9666.021389120036, 8799.752497014357, 9082.097550336459, 10809.945478643995, 9463.607061548722, 7688.413780851433, 8418.714866377788, 9239.269989797609, 9135.40597558139, 9689.14179100304, 9197.534862066843, 10157.607689188937, 9426.721902653913, 8046.655853197805, 9573.87897555628, 9369.005908940018, 9561.598756553247, 9621.4660993727, 8943.808117852734, 10378.463354916905, 8498.124740807169, 9067.31669657792, 8493.615058392654, 8151.16424184401, 10240.535783769616, 9011.040055239584, 8654.544563191517, 9378.751938875]
[8868.363036945946, 10052.810934240933, 9263.933491444055, 9003.599399664085, 8304.674105724116, 9009.532608306276, 7733.288458572613, 10225.358733000197, 10366.835294474407, 7251.846076016668, 11106.654623774259, 8777.860645416233, 8953.502861458488, 9746.895642811383, 9744.725430283004, 8241.218793869508, 9065.24969979004, 8779.257247118248, 8678.749726644823, 6698.412552606993, 8814.501291636496, 9456.902096325173, 9666.021389120036, 8799.752497014357, 9082.097550336459, 10809.945478643995, 9463.607061548722, 7679.864192856791, 8384.894526324495, 9239.269989797609, 9120.979107216934, 9689.14179100304, 9197.534862066843, 10157.607689188937, 9420.487541238757, 8046.655853197805, 9564.40305609549, 9350.267859996182, 9540.437400808296, 9621.4660993727, 8943.808117852734, 10378.463354916905, 8498.124740807169, 9067.31669657792, 8493.615058392654, 8151.16424184401, 10240.535783769616, 8995.33494979393, 8654.544563191517, 9378.751938875]
[8868.363036945946, 10052.810934240933, 9263.933491444055, 9003.599399664085, 8276.849948326826, 9009.532608306276, 7730.943782120696, 10225.358733000197, 10366.835294474407, 7251.846076016668, 11106.654623774259, 8772.15152486668, 8953.502861458488, 9746.895642811383, 9744.725430283004, 8229.06330707315, 9065.24969979004, 8779.257247118248, 8678.749726644823, 6698.412552606993, 8814.501291636496, 9456.902096325173, 9666.021389120036, 8772.558390288192, 9075.060673005906, 10802.95442577611, 9463.607061548722, 7679.864192856791, 8372.921261131118, 9239.269989797609, 9120.681288194755, 9680.134012739261, 9197.534862066843, 10157.607689188937, 9420.487541238757, 8038.22685486414, 9564.40305609549, 9350.267859996182, 9538.688898124674, 9588.369496010993, 8934.771698185938, 10378.463354916905, 8498.124740807169, 9067.31669657792, 8473.982530524416, 8151.16424184401, 10231.672095900467, 8995.33494979393, 8634.311635846403, 9371.452691784169]
[8868.363036945946, 10052.810934240933, 9256.36270758632, 9003.599399664085, 8229.831922592155, 9009.532608306276, 7730.943782120696, 10224.923544736836, 10366.835294474407, 7242.288137408871, 11106.654623774259, 8753.060000552941, 8922.506960653696, 9744.075333155804, 9744.725430283004, 8229.06330707315, 9065.20278397192, 8779.257247118248, 8666.086047152166, 6698.412552606993, 8814.501291636496, 9440.967096299872, 9666.021389120036, 8758.620387166995, 9043.075620838954, 10802.95442577611, 9463.607061548722, 7674.318666601221, 8353.231263214522, 9194.700114217496, 9094.296176132, 9678.776859938374, 9197.534862066843, 10157.607689188937, 9420.487541238757, 8038.22685486414, 9564.40305609549, 9350.267859996182, 9538.688898124674, 9577.567142843252, 8905.901885909658, 10378.463354916905, 8498.124740807169, 9067.31669657792, 8473.982530524416, 8151.16424184401, 10231.672095900467, 8990.945356035741, 8634.311635846403, 9371.452691784169]
[8860.860783144035, 10049.232220627866, 9246.351385677353, 9003.599399664085, 8229.831922592155, 8979.67558742665, 7730.943782120696, 10224.923544736836, 10366.835294474407, 7235.995756168658, 11106.654623774259, 8753.060000552941, 8922.506960653696, 9744.075333155804, 9726.501434119516, 8216.849915094506, 9065.20278397192, 8765.89625996712, 8666.086047152166, 6698.412552606993, 8814.501291636496, 9440.967096299872, 9648.368653196609, 8752.042412421459, 9043.075620838954, 10802.95442577611, 9463.607061548722, 7674.318666601221, 8353.231263214522, 9182.28973482412, 9083.577782964483, 9638.65359731382, 9185.558075270108, 10157.607689188937, 9411.062015663896, 8019.9634683535, 9563.699674446862, 9350.267859996182, 9531.657771016036, 9577.567142843252, 8898.604888245633, 10378.463354916905, 8498.124740807169, 9067.31669657792, 8473.982530524416, 8146.768804104674, 10231.672095900467, 8982.535715003176, 8634.311635846403, 9371.452691784169]
[8860.860783144035, 10049.232220627866, 9246.351385677353, 8964.542863791441, 8223.082295651235, 8956.90569215943, 7730.943782120696, 10224.923544736836, 10366.835294474407, 7235.995756168658, 11106.654623774259, 8753.060000552941, 8887.648056191745, 9732.067014885253, 9726.501434119516, 8216.849915094506, 9065.20278397192, 8764.912118333079, 8664.075774927533, 6692.969515376988, 8814.501291636496, 9440.967096299872, 9648.368653196609, 8752.042412421459, 9043.075620838954, 10802.95442577611, 9463.607061548722, 7651.169209320091, 8353.231263214522, 9161.363252605115, 9083.577782964483, 9606.217382076711, 9185.558075270108, 10157.607689188937, 9405.482924207885, 8019.9634683535, 9563.699674446862, 9350.267859996182, 9531.657771016036, 9577.567142843252, 8898.604888245633, 10378.463354916905, 8498.124740807169, 9067.31669657792, 8473.982530524416, 8143.463438135756, 10224.439414033992, 8982.535715003176, 8630.006044310834, 9371.452691784169]
[8860.860783144035, 10049.232220627866, 9246.351385677353, 8964.542863791441, 8177.14931133465, 8956.90569215943, 7730.943782120696, 10224.923544736836, 10366.835294474407, 7229.075417691299, 11106.654623774259, 8753.060000552941, 8887.648056191745, 9732.067014885253, 9726.501434119516, 8208.9302390658, 9049.453741115756, 8740.230996161765, 8664.075774927533, 6692.969515376988, 8791.758337150593, 9440.967096299872, 9648.368653196609, 8752.042412421459, 9039.131246639645, 10802.95442577611, 9463.607061548722, 7651.169209320091, 8344.32532122119, 9161.363252605115, 9083.577782964483, 9606.217382076711, 9185.558075270108, 10157.607689188937, 9377.132057334999, 8019.9634683535, 9563.699674446862, 9350.267859996182, 9513.616408016213, 9577.567142843252, 8898.604888245633, 10367.355316056262, 8441.361131914473, 9067.31669657792, 8473.170807141, 8138.041206978906, 10224.439414033992, 8982.535715003176, 8624.996368015043, 9371.452691784169]
[8860.860783144035, 10045.410832569747, 9246.351385677353, 8964.542863791441, 8177.14931133465, 8956.90569215943, 7730.943782120696, 10214.098392460914, 10346.757026015104, 7224.323634079374, 11106.654623774259, 8737.823751307644, 8873.11511972823, 9732.067014885253, 9726.501434119516, 8208.9302390658, 9049.453741115756, 8740.230996161765, 8664.075774927533, 6689.149006199329, 8791.758337150593, 9440.967096299872, 9648.368653196609, 8752.042412421459, 9017.268581605891, 10778.976956612803, 9463.607061548722, 7651.169209320091, 8344.32532122119, 9161.363252605115, 9083.577782964483, 9606.217382076711, 9185.558075270108, 10157.607689188937, 9377.132057334999, 8019.9634683535, 9563.699674446862, 9350.267859996182, 9504.29139759828, 9577.567142843252, 8898.604888245633, 10367.355316056262, 8441.361131914473, 9067.31669657792, 8466.64506905789, 8138.041206978906, 10220.225392388564, 8982.535715003176, 8612.460218453389, 9371.452691784169]
[8844.740517095339, 9977.587108075411, 9246.351385677353, 8964.542863791441, 8177.14931133465, 8893.750629536768, 7691.937061235823, 10214.098392460914, 10346.757026015104, 7224.323634079374, 11106.654623774259, 8737.823751307644, 8867.028441520462, 9724.93785785737, 9726.501434119516, 8199.886854485538, 9026.93173238256, 8740.230996161765, 8664.075774927533, 6689.149006199329, 8791.758337150593, 9440.967096299872, 9648.368653196609, 8752.042412421459, 8988.42129211757, 10774.929975098847, 9443.776329194654, 7636.157091221379, 8344.32532122119, 9140.939300932276, 9058.55409324492, 9606.217382076711, 9185.558075270108, 10157.607689188937, 9342.963651681606, 8019.9634683535, 9555.465586097245, 9350.267859996182, 9504.29139759828, 9577.567142843252, 8898.604888245633, 10322.132466718107, 8441.361131914473, 9066.572702431708, 8466.64506905789, 8119.788099393052, 10220.225392388564, 8982.535715003176, 8612.460218453389, 9362.396003515812]
[8844.740517095339, 9977.587108075411, 9233.55525341474, 8964.542863791441, 8177.14931133465, 8893.750629536768, 7691.937061235823, 10214.098392460914, 10324.832667874656, 7224.323634079374, 11106.654623774259, 8690.141453852024, 8867.028441520462, 9682.019567772595, 9726.501434119516, 8199.886854485538, 9026.93173238256, 8738.668874436149, 8664.075774927533, 6674.71729718656, 8791.758337150593, 9420.123518351833, 9648.368653196609, 8752.042412421459, 8988.42129211757, 10774.929975098847, 9443.776329194654, 7636.157091221379, 8329.232496878336, 9140.939300932276, 9058.55409324492, 9606.217382076711, 9185.558075270108, 10157.607689188937, 9340.836601100858, 8019.9634683535, 9555.465586097245, 9350.267859996182, 9481.307096329107, 9559.588596843985, 8896.326651648811, 10322.132466718107, 8435.51045048302, 9066.572702431708, 8434.25377105315, 8115.8568892855565, 10220.225392388564, 8962.222600445884, 8602.311938508861, 9362.396003515812]
[8842.619049256904, 9973.663473785897, 9233.55525341474, 8958.165173703746, 8177.14931133465, 8893.750629536768, 7691.937061235823, 10214.098392460914, 10324.832667874656, 7224.323634079374, 11106.654623774259, 8682.580576265656, 8831.215530836422, 9682.019567772595, 9724.598984059072, 8194.952513875312, 8996.792418132392, 8738.668874436149, 8664.075774927533, 6664.584411366026, 8791.758337150593, 9420.123518351833, 9648.368653196609, 8752.042412421459, 8943.2308438691, 10774.929975098847, 9443.776329194654, 7636.157091221379, 8329.232496878336, 9140.939300932276, 9034.313941012797, 9606.217382076711, 9172.303384896204, 10157.607689188937, 9340.836601100858, 8019.9634683535, 9555.465586097245, 9350.267859996182, 9481.307096329107, 9547.139622176643, 8871.171283767613, 10322.132466718107, 8435.51045048302, 9042.753791773346, 8434.25377105315, 8102.3420247673885, 10220.225392388564, 8946.176779641932, 8602.311938508861, 9362.396003515812]
[8842.619049256904, 9973.663473785897, 9233.55525341474, 8958.165173703746, 8174.238339798499, 8893.750629536768, 7691.937061235823, 10214.098392460914, 10324.832667874656, 7211.440764902703, 11106.654623774259, 8682.580576265656, 8831.215530836422, 9682.019567772595, 9724.598984059072, 8153.915644619663, 8996.792418132392, 8738.668874436149, 8654.699935252427, 6664.584411366026, 8791.758337150593, 9392.012666843724, 9648.368653196609, 8739.836799579094, 8943.2308438691, 10774.929975098847, 9443.776329194654, 7608.921605999142, 8329.232496878336, 9140.939300932276, 9034.313941012797, 9606.217382076711, 9172.303384896204, 10157.607689188937, 9340.836601100858, 8019.9634683535, 9555.465586097245, 9350.267859996182, 9481.307096329107, 9547.139622176643, 8863.910325949415, 10298.574650446324, 8394.536235500454, 9042.753791773346, 8434.25377105315, 8076.316185273016, 10212.22551658751, 8946.176779641932, 8602.311938508861, 9362.396003515812]
[8810.100201246914, 9973.663473785897, 9229.481514519652, 8929.469484566642, 8174.238339798499, 8893.750629536768, 7691.937061235823, 10214.098392460914, 10324.832667874656, 7211.440764902703, 11106.654623774259, 8682.580576265656, 8826.429929337393, 9675.606668111712, 9724.598984059072, 8153.915644619663, 8996.792418132392, 8735.203069256962, 8654.699935252427, 6664.584411366026, 8782.091161973078, 9392.012666843724, 9648.368653196609, 8739.836799579094, 8936.656027493435, 10774.929975098847, 9412.519023511804, 7607.581240948728, 8315.795666752401, 9140.939300932276, 9022.754361256963, 9582.897197394645, 9172.303384896204, 10157.607689188937, 9306.013777758315, 8016.43069141532, 9555.465586097245, 9338.855233486502, 9478.749088525474, 9547.139622176643, 8840.654309994377, 10292.36999614092, 8388.51666601279, 9042.753791773346, 8434.25377105315, 8076.316185273016, 10194.733286666124, 8946.176779641932, 8598.373581072156, 9355.247429964405]
[8806.519469260113, 9973.663473785897, 9229.481514519652, 8929.469484566642, 8174.238339798499, 8878.844293054548, 7691.937061235823, 10214.098392460914, 10324.832667874656, 7211.440764902703, 11105.633968280763, 8682.580576265656, 8826.429929337393, 9675.606668111712, 9724.598984059072, 8153.915644619663, 8996.792418132392, 8732.965726763327, 8650.814966728361, 6664.584411366026, 8772.521480986014, 9392.012666843724, 9648.368653196609, 8739.836799579094, 8936.656027493435, 10774.929975098847, 9411.505323494068, 7607.581240948728, 8315.795666752401, 9140.939300932276, 8992.99815910353, 9582.897197394645, 9172.303384896204, 10157.607689188937, 9297.098466500256, 8016.43069141532, 9555.465586097245, 9338.855233486502, 9478.749088525474, 9547.139622176643, 8814.996467751425, 10292.36999614092, 8388.51666601279, 9029.977701334927, 8434.25377105315, 8076.1757014953055, 10178.83194185949, 8946.176779641932, 8598.373581072156, 9355.247429964405]
[8806.519469260113, 9973.663473785897, 9225.222513619918, 8929.469484566642, 8173.376087661088, 8878.844293054548, 7691.937061235823, 10214.098392460914, 10320.998552421654, 7173.8860800148295, 11105.633968280763, 8665.942425837899, 8826.429929337393, 9659.699097196204, 9702.988537561141, 8144.309839726887, 8996.792418132392, 8732.965726763327, 8650.814966728361, 6662.128335373478, 8763.073000724853, 9389.788646631556, 9630.418179264432, 8733.388300485585, 8917.145805480735, 10774.929975098847, 9406.587331720253, 7546.346786815203, 8315.795666752401, 9140.939300932276, 8992.99815910353, 9582.897197394645, 9172.303384896204, 10157.607689188937, 9297.098466500256, 7970.112061625783, 9535.518067240366, 9338.855233486502, 9464.674839968422, 9523.613253043677, 8814.996467751425, 10292.36999614092, 8388.51666601279, 9029.977701334927, 8434.25377105315, 8051.263534331466, 10160.617437906352, 8946.176779641932, 8598.373581072156, 9355.247429964405]
[8788.959287524176, 9973.663473785897, 9216.758127238472, 8929.469484566642, 8162.49554608825, 8878.844293054548, 7690.703557215822, 10192.925139052331, 10320.998552421654, 7173.8860800148295, 11081.790281226233, 8651.71771901685, 8826.429929337393, 9644.092772561888, 9698.544687790552, 8144.309839726887, 8996.792418132392, 8732.965726763327, 8650.814966728361, 6662.128335373478, 8763.073000724853, 9354.122768328809, 9630.418179264432, 8733.388300485585, 8917.145805480735, 10774.929975098847, 9406.587331720253, 7545.814779107175, 8315.795666752401, 9140.939300932276, 8992.99815910353, 9582.897197394645, 9164.407811992012, 10157.607689188937, 9297.098466500256, 7966.802677257183, 9535.518067240366, 9338.855233486502, 9418.296974951156, 9523.613253043677, 8805.518045087225, 10292.36999614092, 8382.205765886756, 9029.977701334927, 8434.25377105315, 8036.23942456286, 10160.617437906352, 8946.176779641932, 8591.63726252758, 9355.247429964405]
[8785.306852419317, 9947.22932095568, 9216.758127238472, 8922.147343353865, 8116.674087625765, 8878.844293054548, 7690.106349854583, 10192.925139052331, 10300.048326789542, 7173.8860800148295, 11081.790281226233, 8644.588744219664, 8826.429929337393, 9625.720115267823, 9698.544687790552, 8142.744359106311, 8990.798346833524, 8732.965726763327, 8650.814966728361, 6662.128335373478, 8763.073000724853, 9319.35886989141, 9630.418179264432, 8733.388300485585, 8917.145805480735, 10735.023591980931, 9406.587331720253, 7545.814779107175, 8315.795666752401, 9140.939300932276, 8992.99815910353, 9577.663233502679, 9164.407811992012, 10157.607689188937, 9297.098466500256, 7966.802677257183, 9535.518067240366, 9338.855233486502, 9418.296974951156, 9523.613253043677, 8795.3802081006, 10272.272676112703, 8382.205765886756, 9029.977701334927, 8405.408044280566, 8036.23942456286, 10160.617437906352, 8898.647326256909, 8566.01505889012, 9355.247429964405]
[8776.044862745111, 9947.22932095568, 9216.758127238472, 8912.256909577869, 8116.674087625765, 8878.844293054548, 7689.6094115109645, 10192.925139052331, 10282.554973425507, 7173.8860800148295, 11081.790281226233, 8609.636065866049, 8826.429929337393, 9587.941021525829, 9698.544687790552, 8142.744359106311, 8990.798346833524, 8732.965726763327, 8650.814966728361, 6662.128335373478, 8696.338064422844, 9319.35886989141, 9630.418179264432, 8733.388300485585, 8917.145805480735, 10731.99767400712, 9378.076413739516, 7545.814779107175, 8315.795666752401, 9132.009356916433, 8989.827404105763, 9577.663233502679, 9164.407811992012, 10157.607689188937, 9297.098466500256, 7966.802677257183, 9531.981852120854, 9330.1736084357, 9418.296974951156, 9510.97736851039, 8795.3802081006, 10272.272676112703, 8369.622752413215, 9029.977701334927, 8389.503930083763, 8030.681194165123, 10160.11409582451, 8898.647326256909, 8565.572926813047, 9355.247429964405]
[8761.365166621985, 9922.696527875598, 9216.758127238472, 8897.248446814108, 8103.249429674184, 8878.844293054548, 7689.6094115109645, 10192.644763136956, 10282.554973425507, 7173.8860800148295, 11081.790281226233, 8609.636065866049, 8826.429929337393, 9587.941021525829, 9691.661994113974, 8142.744359106311, 8990.798346833524, 8732.965726763327, 8650.814966728361, 6662.128335373478, 8696.338064422844, 9319.35886989141, 9625.84609992879, 8733.388300485585, 8917.145805480735, 10731.99767400712, 9362.278490294386, 7545.052117596542, 8315.795666752401, 9129.354562069293, 8989.827404105763, 9577.663233502679, 9160.233656254057, 10157.607689188937, 9293.743038514964, 7941.687492580024, 9513.376639283564, 9330.1736084357, 9418.296974951156, 9510.97736851039, 8779.552976770638, 10260.01403130621, 8360.374471834648, 9029.977701334927, 8389.503930083763, 8003.288640895359, 10160.11409582451, 8898.647326256909, 8565.572926813047, 9326.536000244741]
[8761.365166621985, 9922.696527875598, 9216.758127238472, 8891.936198359614, 8074.541885582381, 8878.844293054548, 7664.587256038707, 10192.644763136956, 10281.165469305157, 7173.8860800148295, 11081.790281226233, 8609.636065866049, 8816.877152936946, 9587.941021525829, 9691.661994113974, 8142.744359106311, 8990.798346833524, 8705.025325444034, 8649.101672227516, 6659.466918713464, 8683.12801216745, 9307.286973456776, 9625.84609992879, 8730.410158258384, 8917.145805480735, 10731.99767400712, 9362.278490294386, 7545.052117596542, 8315.795666752401, 9129.354562069293, 8989.827404105763, 9576.782110613436, 9160.233656254057, 10107.08960731436, 9255.587436251066, 7941.687492580024, 9513.376639283564, 9330.1736084357, 9418.296974951156, 9510.97736851039, 8755.18696113227, 10260.01403130621, 8360.374471834648, 9012.987939358827, 8389.503930083763, 8000.1372640391855, 10160.11409582451, 8898.647326256909, 8560.94225802318, 9326.536000244741]
[8761.365166621985, 9922.696527875598, 9216.758127238472, 8891.936198359614, 8074.541885582381, 8878.844293054548, 7638.648665428436, 10192.644763136956, 10281.165469305157, 7173.8860800148295, 11079.918234353885, 8609.636065866049, 8816.877152936946, 9556.652612433802, 9691.661994113974, 8142.744359106311, 8990.798346833524, 8705.025325444034, 8646.342054443357, 6659.466918713464, 8683.12801216745, 9307.286973456776, 9625.84609992879, 8730.410158258384, 8917.145805480735, 10731.99767400712, 9362.278490294386, 7545.052117596542, 8315.795666752401, 9129.354562069293, 8989.827404105763, 9576.782110613436, 9160.233656254057, 10107.08960731436, 9255.587436251066, 7936.5324170907115, 9513.376639283564, 9330.1736084357, 9410.060771007413, 9479.785366404207, 8734.850929414843, 10260.01403130621, 8360.374471834648, 9012.987939358827, 8368.077134893127, 8000.1372640391855, 10160.11409582451, 8898.647326256909, 8560.32675481139, 9326.536000244741]
[8761.365166621985, 9869.746284409155, 9216.758127238472, 8885.812120021266, 8074.541885582381, 8823.52602964012, 7627.79484560896, 10192.644763136956, 10281.165469305157, 7133.578221332764, 11079.918234353885, 8609.636065866049, 8816.877152936946, 9556.652612433802, 9691.661994113974, 8128.462243506243, 8990.798346833524, 8656.639218438695, 8646.342054443357, 6659.466918713464, 8683.12801216745, 9307.286973456776, 9625.84609992879, 8730.410158258384, 8917.145805480735, 10698.095605949831, 9345.89598078489, 7545.052117596542, 8315.795666752401, 9129.354562069293, 8989.827404105763, 9576.782110613436, 9160.233656254057, 10107.08960731436, 9255.587436251066, 7892.058366700391, 9513.376639283564, 9330.1736084357, 9410.060771007413, 9479.785366404207, 8734.850929414843, 10254.51312323742, 8359.790343486626, 9012.987939358827, 8368.077134893127, 7987.676207131588, 10160.11409582451, 8898.647326256909, 8559.714175992936, 9326.536000244741]
[8761.365166621985, 9869.746284409155, 9216.758127238472, 8862.818137596289, 8074.541885582381, 8823.52602964012, 7621.255513305536, 10192.644763136956, 10281.165469305157, 7127.603425037547, 11079.918234353885, 8605.888828483488, 8816.877152936946, 9553.67721615466, 9690.779034128003, 8117.680340436093, 8990.798346833524, 8645.660414351702, 8608.486404834464, 6649.1255021956795, 8648.867590510643, 9302.806906663121, 9606.351381203245, 8730.410158258384, 8903.33914451818, 10698.095605949831, 9345.89598078489, 7545.052117596542, 8315.795666752401, 9116.069353269648, 8984.950246558225, 9552.821668474444, 9160.233656254057, 10107.08960731436, 9255.587436251066, 7819.650454961387, 9513.376639283564, 9330.1736084357, 9410.060771007413, 9479.785366404207, 8734.850929414843, 10254.51312323742, 8359.790343486626, 9012.987939358827, 8368.077134893127, 7987.676207131588, 10160.11409582451, 8898.647326256909, 8559.714175992936, 9326.536000244741]
[8761.365166621985, 9811.8047677397, 9216.758127238472, 8862.818137596289, 8074.541885582381, 8806.620146782603, 7612.99622406346, 10192.644763136956, 10281.165469305157, 7109.294885385719, 11044.013253008536, 8594.437684724271, 8815.695499691665, 9553.67721615466, 9690.779034128003, 8099.144124685331, 8990.798346833524, 8611.744479266852, 8608.486404834464, 6647.996735638667, 8648.867590510643, 9302.806906663121, 9559.739193555211, 8730.410158258384, 8873.904851001895, 10685.424675580682, 9345.89598078489, 7545.052117596542, 8297.148400394519, 9113.027779991315, 8984.950246558225, 9552.821668474444, 9160.233656254057, 10107.08960731436, 9255.587436251066, 7819.650454961387, 9513.376639283564, 9326.240081096681, 9390.333631620499, 9479.785366404207, 8730.58764267756, 10229.729934542725, 8359.790343486626, 9012.987939358827, 8368.077134893127, 7987.676207131588, 10144.985159231652, 8898.38734399321, 8559.714175992936, 9326.536000244741]
[8749.058984131634, 9794.827989013036, 9214.613683283918, 8862.818137596289, 8061.6649175003495, 8806.620146782603, 7612.99622406346, 10192.644763136956, 10275.363458429594, 7109.294885385719, 11003.208907843382, 8583.514265835709, 8800.454338269787, 9553.67721615466, 9690.779034128003, 8084.448182867922, 8990.798346833524, 8596.023996390093, 8608.486404834464, 6614.586408556155, 8648.867590510643, 9287.044985938779, 9559.739193555211, 8730.410158258384, 8873.904851001895, 10685.424675580682, 9345.89598078489, 7545.052117596542, 8297.148400394519, 9097.713324637647, 8984.950246558225, 9532.279947346306, 9112.88458904518, 10107.08960731436, 9243.63337482076, 7815.278160351487, 9513.376639283564, 9326.240081096681, 9390.333631620499, 9467.602551152666, 8730.58764267756, 10229.729934542725, 8359.790343486626, 8975.55289641047, 8368.077134893127, 7971.167325429442, 10144.985159231652, 8898.38734399321, 8501.701743454629, 9326.536000244741]
[8749.058984131634, 9794.827989013036, 9214.613683283918, 8862.145072341318, 8046.079881216223, 8776.433868369153, 7612.99622406346, 10192.644763136956, 10212.02533520391, 7109.294885385719, 11003.208907843382, 8583.514265835709, 8765.728388759146, 9553.67721615466, 9690.779034128003, 8084.448182867922, 8990.126097213888, 8596.023996390093, 8608.486404834464, 6614.586408556155, 8648.867590510643, 9287.044985938779, 9559.739193555211, 8730.410158258384, 8873.904851001895, 10678.084742232997, 9345.495561376523, 7545.052117596542, 8297.148400394519, 9041.27050049928, 8972.31976737328, 9507.589992978468, 9112.88458904518, 10107.08960731436, 9242.076035743521, 7795.292074831696, 9508.904256339467, 9295.083925484534, 9365.198036764195, 9382.902305884138, 8730.58764267756, 10229.729934542725, 8338.747508363993, 8975.55289641047, 8368.077134893127, 7971.167325429442, 10137.682397572342, 8898.38734399321, 8501.701743454629, 9326.536000244741]
[8749.058984131634, 9794.827989013036, 9196.043142289132, 8862.145072341318, 8046.079881216223, 8764.347408026693, 7612.99622406346, 10192.644763136956, 10212.02533520391, 7109.294885385719, 11002.722309726785, 8583.514265835709, 8765.728388759146, 9534.968198691704, 9690.779034128003, 8058.495434134873, 8968.861770591062, 8596.023996390093, 8608.486404834464, 6587.224417321229, 8648.867590510643, 9284.363106500317, 9559.739193555211, 8730.410158258384, 8873.904851001895, 10678.084742232997, 9343.982668914385, 7545.052117596542, 8297.148400394519, 9041.27050049928, 8972.31976737328, 9507.589992978468, 9112.88458904518, 10107.08960731436, 9242.076035743521, 7795.292074831696, 9508.904256339467, 9295.083925484534, 9365.198036764195, 9350.575882627276, 8730.58764267756, 10229.729934542725, 8310.567174414606, 8927.335581291307, 8368.077134893127, 7971.167325429442, 10118.977178921972, 8898.38734399321, 8487.222941851964, 9326.536000244741]
[8749.058984131634, 9793.227548180996, 9196.043142289132, 8834.663847740641, 8046.079881216223, 8730.460751321985, 7579.016939230047, 10192.644763136956, 10200.52379254476, 7109.294885385719, 11002.722309726785, 8583.514265835709, 8765.728388759146, 9534.968198691704, 9677.604880678746, 8057.176776832658, 8966.690247226183, 8584.861607742887, 8608.486404834464, 6567.5060700049235, 8635.35333588926, 9284.363106500317, 9550.403576335439, 8730.410158258384, 8873.904851001895, 10678.084742232997, 9343.982668914385, 7483.9333467161905, 8297.148400394519, 9041.27050049928, 8956.370278497478, 9507.589992978468, 9076.860033127017, 10107.08960731436, 9239.568813075788, 7795.292074831696, 9508.904256339467, 9291.15993926099, 9365.198036764195, 9350.575882627276, 8730.58764267756, 10229.729934542725, 8310.567174414606, 8927.335581291307, 8368.077134893127, 7964.82019712162, 10118.977178921972, 8898.38734399321, 8454.639123367511, 9326.536000244741]
[8749.058984131634, 9792.638128179806, 9165.499102758255, 8815.872642518792, 8046.079881216223, 8730.460751321985, 7579.016939230047, 10159.348268956623, 10200.52379254476, 7108.99290633276, 10979.950784077377, 8583.514265835709, 8758.955386979538, 9534.968198691704, 9677.604880678746, 8051.166193823514, 8966.690247226183, 8584.861607742887, 8608.486404834464, 6564.032134381622, 8635.35333588926, 9284.363106500317, 9505.415255715567, 8730.410158258384, 8873.904851001895, 10678.084742232997, 9343.982668914385, 7468.383739890209, 8297.148400394519, 9033.757923742096, 8956.370278497478, 9507.589992978468, 9065.96584546955, 10107.08960731436, 9239.568813075788, 7795.292074831696, 9508.904256339467, 9276.597283020601, 9357.699644145407, 9350.575882627276, 8730.58764267756, 10229.729934542725, 8309.306505879136, 8883.477298480107, 8368.077134893127, 7964.82019712162, 10118.977178921972, 8898.38734399321, 8454.639123367511, 9326.536000244741]
[8749.058984131634, 9792.638128179806, 9165.499102758255, 8815.872642518792, 8042.344700683408, 8730.460751321985, 7579.016939230047, 10130.572321595359, 10200.52379254476, 7108.99290633276, 10979.950784077377, 8565.211380489925, 8758.955386979538, 9534.968198691704, 9677.604880678746, 8051.166193823514, 8966.690247226183, 8557.831291146831, 8608.486404834464, 6564.032134381622, 8627.365090342133, 9284.363106500317, 9505.415255715567, 8730.410158258384, 8861.471131552411, 10678.084742232997, 9331.860108552844, 7468.383739890209, 8287.979313954027, 9033.757923742096, 8956.370278497478, 9506.479014537825, 9050.913050258858, 10107.08960731436, 9222.07103415127, 7795.292074831696, 9508.904256339467, 9245.350265801284, 9344.330194311557, 9350.575882627276, 8705.75820702328, 10229.729934542725, 8305.846085487472, 8880.818963271095, 8368.077134893127, 7952.584064317499, 10118.977178921972, 8898.38734399321, 8454.639123367511, 9326.536000244741]
[8749.058984131634, 9791.09593551495, 9165.499102758255, 8815.872642518792, 8042.344700683408, 8730.460751321985, 7579.016939230047, 10118.72580868248, 10200.52379254476, 7101.101978170918, 10963.105922403638, 8556.10519609952, 8758.955386979538, 9534.968198691704, 9677.604880678746, 8043.596057929889, 8966.690247226183, 8557.831291146831, 8608.486404834464, 6545.862436885239, 8627.365090342133, 9284.363106500317, 9495.36977037876, 8730.410158258384, 8855.95179162724, 10678.084742232997, 9319.780469024317, 7461.122493486115, 8287.979313954027, 9033.757923742096, 8946.67515208077, 9506.479014537825, 9050.913050258858, 10104.22268962595, 9222.07103415127, 7783.892380783053, 9434.305243281493, 9245.350265801284, 9343.174793530297, 9337.297391031756, 8705.75820702328, 10226.881517621598, 8305.846085487472, 8880.818963271095, 8361.147019330743, 7950.370459928959, 10118.977178921972, 8898.38734399321, 8454.639123367511, 9326.536000244741]
[8749.058984131634, 9791.09593551495, 9165.499102758255, 8789.161778984695, 8042.344700683408, 8730.460751321985, 7575.577754662429, 10118.72580868248, 10200.52379254476, 7086.457080707577, 10934.313010125898, 8534.971249264685, 8714.914628458542, 9523.809328186793, 9677.604880678746, 8043.596057929889, 8955.362715589034, 8557.831291146831, 8608.486404834464, 6545.862436885239, 8627.365090342133, 9284.363106500317, 9495.36977037876, 8730.410158258384, 8855.95179162724, 10678.084742232997, 9319.780469024317, 7461.122493486115, 8282.235926003108, 9033.757923742096, 8946.67515208077, 9506.479014537825, 9049.47071555916, 10104.22268962595, 9222.07103415127, 7768.765634865498, 9416.872365756702, 9245.350265801284, 9343.174793530297, 9337.297391031756, 8698.872457234858, 10220.043776365166, 8303.430844870263, 8880.517868352257, 8329.347077920429, 7950.370459928959, 10118.977178921972, 8898.38734399321, 8423.946116163494, 9326.536000244741]
[8749.058984131634, 9791.09593551495, 9165.499102758255, 8789.161778984695, 8042.344700683408, 8708.461446031624, 7562.899997458966, 10118.72580868248, 10200.52379254476, 7081.632912420423, 10934.313010125898, 8534.971249264685, 8676.85731824487, 9523.809328186793, 9677.604880678746, 8043.596057929889, 8924.378719267124, 8537.553547187046, 8608.486404834464, 6545.862436885239, 8617.638728872558, 9284.363106500317, 9439.706929078759, 8730.410158258384, 8853.766104250799, 10678.084742232997, 9319.780469024317, 7461.122493486115, 8282.235926003108, 9033.757923742096, 8946.67515208077, 9493.594096510178, 9025.362919470102, 10104.121096236866, 9222.07103415127, 7768.765634865498, 9408.652165893222, 9239.73246044873, 9343.174793530297, 9337.297391031756, 8688.511684371062, 10213.57229270133, 8303.430844870263, 8880.517868352257, 8321.632242513482, 7950.370459928959, 10118.977178921972, 8898.38734399321, 8423.946116163494, 9326.536000244741]
[8741.276131538112, 9742.624970932946, 9165.499102758255, 8789.161778984695, 8042.344700683408, 8708.461446031624, 7562.899997458966, 10118.72580868248, 10194.369993719769, 7079.700960615899, 10931.693547088234, 8534.971249264685, 8663.702917634222, 9523.809328186793, 9677.604880678746, 8029.365902355438, 8924.378719267124, 8537.553547187046, 8570.271789437575, 6545.862436885239, 8603.563751696862, 9282.300969045169, 9439.706929078759, 8714.694345040783, 8853.766104250799, 10675.365401576855, 9319.780469024317, 7456.136132389911, 8282.235926003108, 9033.757923742096, 8946.67515208077, 9489.891351938808, 9025.362919470102, 10092.95066714925, 9222.07103415127, 7768.765634865498, 9390.38073407119, 9239.73246044873, 9343.174793530297, 9291.578376756273, 8683.082690049827, 10213.57229270133, 8303.430844870263, 8835.126546539499, 8312.32392858517, 7936.194619363819, 10118.977178921972, 8887.60955521218, 8423.946116163494, 9326.536000244741]
[8741.276131538112, 9742.624970932946, 9165.499102758255, 8785.460309322087, 8042.344700683408, 8708.461446031624, 7562.899997458966, 10118.72580868248, 10194.369993719769, 7079.700960615899, 10931.693547088234, 8534.971249264685, 8663.702917634222, 9523.809328186793, 9677.604880678746, 8029.365902355438, 8924.378719267124, 8532.67045091531, 8570.271789437575, 6544.145378446899, 8603.563751696862, 9274.897572276415, 9439.706929078759, 8700.582785005592, 8853.766104250799, 10675.365401576855, 9319.780469024317, 7456.136132389911, 8281.296885026644, 9033.757923742096, 8944.200332316383, 9486.489489396597, 9025.362919470102, 10067.142443741845, 9222.07103415127, 7764.395591477181, 9390.38073407119, 9239.73246044873, 9287.425573065078, 9291.578376756273, 8678.18154939487, 10198.420691710253, 8303.430844870263, 8835.126546539499, 8312.32392858517, 7922.600197433932, 10118.977178921972, 8887.60955521218, 8423.946116163494, 9326.536000244741]
[8741.276131538112, 9742.624970932946, 9154.14467091898, 8755.6949711715, 8018.737877710538, 8708.461446031624, 7551.875189115664, 10118.72580868248, 10194.369993719769, 7066.946657716176, 10928.47025733086, 8534.971249264685, 8615.14310662814, 9523.809328186793, 9677.604880678746, 8027.096703149966, 8924.378719267124, 8532.67045091531, 8570.271789437575, 6526.279267717295, 8603.563751696862, 9274.897572276415, 9439.706929078759, 8700.582785005592, 8853.766104250799, 10675.365401576855, 9292.825503834225, 7453.088386006882, 8281.296885026644, 9024.852611793202, 8931.793246642284, 9486.489489396597, 9025.362919470102, 10067.142443741845, 9222.07103415127, 7764.395591477181, 9390.38073407119, 9239.73246044873, 9287.425573065078, 9291.578376756273, 8664.358666173439, 10198.420691710253, 8303.430844870263, 8835.126546539499, 8310.239741612479, 7902.659644297526, 10118.977178921972, 8887.60955521218, 8423.946116163494, 9326.536000244741]
[8730.766901556426, 9742.624970932946, 9154.14467091898, 8755.049390384818, 8018.737877710538, 8692.551437886252, 7551.875189115664, 10118.72580868248, 10194.369993719769, 7066.946657716176, 10926.649806644786, 8534.971249264685, 8615.14310662814, 9523.809328186793, 9673.15700533547, 8009.864372482967, 8917.549843064335, 8532.67045091531, 8570.271789437575, 6522.148077333428, 8584.6904904264, 9266.227562331242, 9427.753613001758, 8683.692128560007, 8853.766104250799, 10675.365401576855, 9292.825503834225, 7453.088386006882, 8281.296885026644, 8987.348225454241, 8875.570705183336, 9486.489489396597, 9025.362919470102, 10067.142443741845, 9221.047043438102, 7764.395591477181, 9390.38073407119, 9239.73246044873, 9287.425573065078, 9291.391547949584, 8661.354245422131, 10198.420691710253, 8303.430844870263, 8835.126546539499, 8310.239741612479, 7901.537338927267, 10118.977178921972, 8873.972101113404, 8423.946116163494, 9326.536000244741]
[8716.916931032785, 9742.624970932946, 9131.550075267025, 8755.049390384818, 8018.737877710538, 8692.551437886252, 7551.875189115664, 10115.77676838372, 10194.369993719769, 7066.946657716176, 10926.649806644786, 8530.164920256255, 8615.14310662814, 9523.809328186793, 9668.095681701345, 8009.864372482967, 8917.549843064335, 8517.318300310766, 8570.271789437575, 6522.148077333428, 8584.6904904264, 9255.730966086112, 9427.753613001758, 8649.356280137818, 8853.766104250799, 10613.477987256669, 9223.419814212277, 7453.088386006882, 8277.35570594921, 8987.348225454241, 8875.570705183336, 9486.489489396597, 9025.362919470102, 10067.142443741845, 9208.832079107495, 7764.395591477181, 9390.38073407119, 9237.322290587974, 9249.132014872688, 9276.86044986574, 8661.354245422131, 10198.420691710253, 8287.164677883298, 8835.126546539499, 8310.239741612479, 7901.537338927267, 10118.977178921972, 8873.972101113404, 8423.946116163494, 9326.536000244741]
[8707.66433444719, 9742.624970932946, 9131.550075267025, 8755.049390384818, 8015.920435235688, 8692.551437886252, 7549.051864096097, 10101.669881718626, 10177.933786065583, 7060.296474105147, 10926.649806644786, 8520.669271504466, 8600.96372609448, 9523.177896998413, 9668.095681701345, 7994.937540442634, 8917.549843064335, 8497.882759190255, 8540.984899877618, 6506.4973134451375, 8584.6904904264, 9255.730966086112, 9427.753613001758, 8622.724765595183, 8842.30100614576, 10613.477987256669, 9223.419814212277, 7453.088386006882, 8277.35570594921, 8987.348225454241, 8873.99261862081, 9472.30551967158, 9024.060115224538, 10055.107196386492, 9208.832079107495, 7764.395591477181, 9390.38073407119, 9237.322290587974, 9249.132014872688, 9276.86044986574, 8661.354245422131, 10191.120015422925, 8259.035873197849, 8835.126546539499, 8283.341588218394, 7901.537338927267, 10118.977178921972, 8873.972101113404, 8415.10307055157, 9326.247099727243]
[8700.365068767762, 9742.624970932946, 9109.01810688738, 8752.300912048093, 8015.920435235688, 8692.551437886252, 7549.051864096097, 10101.669881718626, 10160.980997076655, 7060.296474105147, 10926.649806644786, 8492.512373249032, 8600.96372609448, 9523.177896998413, 9663.15617290135, 7974.952399746631, 8917.549843064335, 8497.882759190255, 8540.984899877618, 6506.4973134451375, 8571.426245885199, 9255.730966086112, 9408.938384075975, 8622.724765595183, 8815.109631656245, 10613.477987256669, 9223.419814212277, 7453.088386006882, 8277.35570594921, 8987.348225454241, 8873.99261862081, 9472.30551967158, 9021.045555305103, 10055.107196386492, 9190.987411422679, 7750.536125188371, 9390.38073407119, 9237.322290587974, 9249.132014872688, 9276.86044986574, 8639.347927232742, 10191.120015422925, 8259.035873197849, 8835.126546539499, 8283.341588218394, 7901.158531907796, 10118.977178921972, 8873.972101113404, 8415.10307055157, 9326.247099727243]
[8700.365068767762, 9742.624970932946, 9109.01810688738, 8706.66867884642, 8015.920435235688, 8692.551437886252, 7483.378442185023, 10101.669881718626, 10160.980997076655, 7053.088786933717, 10926.649806644786, 8492.512373249032, 8599.92627936789, 9523.177896998413, 9644.92232808554, 7974.952399746631, 8916.912954764375, 8475.657202441089, 8540.984899877618, 6506.4973134451375, 8571.426245885199, 9255.451600343571, 9389.493003443475, 8608.284631977624, 8782.761331532089, 10593.663775961048, 9223.419814212277, 7450.906872369551, 8257.768738511659, 8987.348225454241, 8828.012555890213, 9472.30551967158, 9011.803360010319, 10055.107196386492, 9190.987411422679, 7750.536125188371, 9388.559235551113, 9237.322290587974, 9249.132014872688, 9276.86044986574, 8611.551416232478, 10191.120015422925, 8252.68438490015, 8835.126546539499, 8283.341588218394, 7901.158531907796, 10118.977178921972, 8873.972101113404, 8415.10307055157, 9301.367581667311]
[8694.325176553586, 9742.624970932946, 9103.308637560882, 8701.198318163533, 8012.491008761515, 8692.551437886252, 7483.378442185023, 10101.669881718626, 10160.980997076655, 7053.088786933717, 10926.649806644786, 8474.016054449783, 8599.92627936789, 9523.177896998413, 9644.92232808554, 7974.952399746631, 8916.912954764375, 8475.657202441089, 8523.600538726289, 6506.4973134451375, 8571.426245885199, 9255.451600343571, 9383.568215069547, 8579.4759056062, 8748.366705413417, 10593.663775961048, 9223.419814212277, 7450.906872369551, 8257.768738511659, 8987.348225454241, 8817.083026083736, 9472.30551967158, 8992.771469336045, 10055.107196386492, 9190.987411422679, 7750.536125188371, 9388.559235551113, 9235.422928999373, 9249.132014872688, 9276.86044986574, 8611.551416232478, 10191.120015422925, 8252.68438490015, 8819.025403940508, 8283.341588218394, 7901.158531907796, 10071.64420966138, 8850.875235955664, 8405.441467545043, 9301.367581667311]
[8694.325176553586, 9742.624970932946, 9103.308637560882, 8701.198318163533, 7981.605622264995, 8692.551437886252, 7449.831366207077, 10101.669881718626, 10160.980997076655, 7053.088786933717, 10926.649806644786, 8474.016054449783, 8599.92627936789, 9523.177896998413, 9622.796636754147, 7974.952399746631, 8916.912954764375, 8475.657202441089, 8523.600538726289, 6498.425529125578, 8571.426245885199, 9255.451600343571, 9368.304200869612, 8555.996908718216, 8740.096025478015, 10593.663775961048, 9223.419814212277, 7450.906872369551, 8257.768738511659, 8987.348225454241, 8808.126443296707, 9472.30551967158, 8992.771469336045, 10055.107196386492, 9165.276655923884, 7728.679816119858, 9369.537827328166, 9225.560282052384, 9249.132014872688, 9247.249444704725, 8611.551416232478, 10191.120015422925, 8228.891373632847, 8819.025403940508, 8248.14831875554, 7885.89024039465, 10071.64420966138, 8850.875235955664, 8405.441467545043, 9301.367581667311]
[8694.325176553586, 9738.707667622355, 9062.542984354954, 8701.198318163533, 7966.854329727726, 8692.551437886252, 7449.831366207077, 10089.349964056519, 10151.602221764604, 7053.088786933717, 10926.649806644786, 8472.891365233152, 8595.518214932183, 9523.177896998413, 9557.365276847351, 7933.862800756186, 8916.912954764375, 8475.657202441089, 8523.600538726289, 6485.0147164766495, 8571.426245885199, 9247.889573524571, 9368.304200869612, 8555.996908718216, 8740.096025478015, 10593.663775961048, 9213.320540975623, 7446.104662555796, 8232.650174085917, 8957.461755441895, 8788.90721610421, 9472.30551967158, 8992.771469336045, 10055.107196386492, 9165.276655923884, 7728.679816119858, 9369.537827328166, 9225.560282052384, 9249.132014872688, 9247.249444704725, 8611.551416232478, 10180.671989587852, 8228.891373632847, 8808.94217889659, 8234.475259065408, 7867.479162852341, 10055.755809664479, 8836.47461834119, 8386.650552729528, 9301.367581667311]
[8694.325176553586, 9738.707667622355, 9062.542984354954, 8681.24738181564, 7966.854329727726, 8683.190240544856, 7449.831366207077, 10089.349964056519, 10151.602221764604, 7046.315000618642, 10926.649806644786, 8472.891365233152, 8583.143019364874, 9517.80017141133, 9557.365276847351, 7909.6694665261775, 8916.912954764375, 8475.657202441089, 8523.600538726289, 6484.981814247852, 8571.426245885199, 9247.889573524571, 9345.63734087903, 8554.613761349196, 8723.406788443808, 10593.663775961048, 9211.724642125937, 7446.104662555796, 8232.650174085917, 8957.461755441895, 8788.90721610421, 9472.30551967158, 8972.958783631202, 10055.107196386492, 9165.276655923884, 7728.679816119858, 9369.537827328166, 9220.00988120769, 9249.132014872688, 9246.086728106276, 8611.551416232478, 10180.671989587852, 8228.891373632847, 8808.94217889659, 8234.475259065408, 7867.479162852341, 10055.755809664479, 8836.47461834119, 8383.999449894702, 9301.367581667311]
[8694.325176553586, 9738.707667622355, 9062.542984354954, 8672.545289168758, 7966.854329727726, 8683.190240544856, 7449.831366207077, 10089.349964056519, 10130.625054275035, 7046.315000618642, 10903.356702340467, 8472.891365233152, 8583.143019364874, 9517.80017141133, 9536.254965515189, 7909.6694665261775, 8916.912954764375, 8475.657202441089, 8523.600538726289, 6484.981814247852, 8571.426245885199, 9247.889573524571, 9345.63734087903, 8554.613761349196, 8671.41161160578, 10593.663775961048, 9211.724642125937, 7437.133695563929, 8232.650174085917, 8957.461755441895, 8785.896023848145, 9468.38709732815, 8972.958783631202, 9997.576385273898, 9159.176859614798, 7728.679816119858, 9330.06419969844, 9193.57058959475, 9249.132014872688, 9246.086728106276, 8611.551416232478, 10180.671989587852, 8226.689460470532, 8808.94217889659, 8234.475259065408, 7816.7852852732885, 10013.66450396984, 8830.421128079879, 8383.999449894702, 9301.367581667311]
[8694.325176553586, 9738.707667622355, 9062.542984354954, 8672.545289168758, 7924.701372738976, 8683.190240544856, 7449.831366207077, 10089.349964056519, 10130.625054275035, 7046.315000618642, 10903.356702340467, 8472.891365233152, 8583.143019364874, 9517.375614420758, 9536.254965515189, 7909.6694665261775, 8903.557419043336, 8475.657202441089, 8522.172717259074, 6471.673679307464, 8571.426245885199, 9240.107272943282, 9345.63734087903, 8554.613761349196, 8671.41161160578, 10589.096094266317, 9211.724642125937, 7437.133695563929, 8232.650174085917, 8957.461755441895, 8785.896023848145, 9465.850564897253, 8937.9507435152, 9997.576385273898, 9159.176859614798, 7728.679816119858, 9330.06419969844, 9189.445338804497, 9249.132014872688, 9246.086728106276, 8611.551416232478, 10177.21673492157, 8223.749615991748, 8775.838914280528, 8223.890924560803, 7816.7852852732885, 10013.66450396984, 8830.421128079879, 8383.999449894702, 9301.367581667311]
[8676.244218339443, 9738.707667622355, 9062.542984354954, 8672.545289168758, 7924.701372738976, 8683.190240544856, 7449.831366207077, 10089.349964056519, 10130.625054275035, 7046.315000618642, 10903.356702340467, 8462.98972751338, 8562.848743324252, 9517.375614420758, 9536.254965515189, 7909.6694665261775, 8903.557419043336, 8475.657202441089, 8515.79724715307, 6470.415119130192, 8571.426245885199, 9216.665435080049, 9345.63734087903, 8554.613761349196, 8671.270180195808, 10589.096094266317, 9202.864559753116, 7437.133695563929, 8232.650174085917, 8947.64912470776, 8785.896023848145, 9465.850564897253, 8930.660931277362, 9997.576385273898, 9159.176859614798, 7728.679816119858, 9320.651125677956, 9171.01040031186, 9218.273694399435, 9246.086728106276, 8586.298149542179, 10177.21673492157, 8223.749615991748, 8775.838914280528, 8223.890924560803, 7816.7852852732885, 10013.66450396984, 8830.421128079879, 8383.999449894702, 9301.367581667311]
[8676.244218339443, 9706.74383222641, 9062.542984354954, 8672.545289168758, 7924.701372738976, 8683.190240544856, 7449.831366207077, 10089.349964056519, 10127.167858497734, 7046.315000618642, 10903.356702340467, 8462.98972751338, 8562.848743324252, 9517.375614420758, 9488.409766946505, 7909.6694665261775, 8903.557419043336, 8469.119626425232, 8515.79724715307, 6470.415119130192, 8560.684128300618, 9200.118811109816, 9327.555752022046, 8537.266551763347, 8671.270180195808, 10589.096094266317, 9199.903236236763, 7437.133695563929, 8219.037729751171, 8947.64912470776, 8785.896023848145, 9465.850564897253, 8930.660931277362, 9997.576385273898, 9128.486988250257, 7728.679816119858, 9305.301806287534, 9170.38158125083, 9212.707143191217, 9246.086728106276, 8586.298149542179, 10177.21673492157, 8223.749615991748, 8775.838914280528, 8223.890924560803, 7816.7852852732885, 10013.66450396984, 8830.421128079879, 8360.636227436222, 9267.728587222378]
[8676.244218339443, 9706.74383222641, 9062.542984354954, 8672.545289168758, 7924.701372738976, 8656.736267106899, 7449.831366207077, 10089.349964056519, 10127.167858497734, 7046.315000618642, 10903.356702340467, 8454.278905943296, 8562.848743324252, 9517.375614420758, 9488.409766946505, 7909.6694665261775, 8896.504450702725, 8469.119626425232, 8515.79724715307, 6470.415119130192, 8555.40836114647, 9200.118811109816, 9327.555752022046, 8537.266551763347, 8667.765666026142, 10589.096094266317, 9199.903236236763, 7437.133695563929, 8198.04529145855, 8947.64912470776, 8765.640345394017, 9465.850564897253, 8930.660931277362, 9997.576385273898, 9128.486988250257, 7728.679816119858, 9305.301806287534, 9170.38158125083, 9212.707143191217, 9245.315132406515, 8586.298149542179, 10166.149233230131, 8223.178205018998, 8775.838914280528, 8223.890924560803, 7793.974137612902, 9994.87807546595, 8830.421128079879, 8360.636227436222, 9267.728587222378]
[8670.366575848073, 9706.74383222641, 9062.542984354954, 8672.545289168758, 7909.536196386437, 8656.736267106899, 7449.831366207077, 10060.664512137062, 10125.520686173102, 7046.315000618642, 10903.356702340467, 8454.278905943296, 8557.490513557472, 9517.375614420758, 9488.409766946505, 7897.772042716785, 8896.504450702725, 8420.599834113995, 8515.79724715307, 6470.415119130192, 8538.19706511756, 9177.893211365634, 9327.555752022046, 8537.266551763347, 8667.765666026142, 10589.096094266317, 9199.903236236763, 7433.512284114469, 8187.4282503509585, 8921.740381965259, 8765.640345394017, 9465.850564897253, 8930.660931277362, 9997.576385273898, 9128.486988250257, 7728.679816119858, 9305.301806287534, 9103.877832509392, 9190.602098221183, 9233.563287674298, 8551.932944052203, 10164.201348536382, 8223.178205018998, 8770.328820967708, 8223.890924560803, 7793.974137612902, 9972.975826602957, 8830.421128079879, 8360.636227436222, 9267.728587222378]
[8667.69486409656, 9704.716341321853, 9062.542984354954, 8672.545289168758, 7909.536196386437, 8656.736267106899, 7449.831366207077, 10046.261551387104, 10125.024117467337, 7031.187215971322, 10903.356702340467, 8449.757720030017, 8539.967174126778, 9517.375614420758, 9488.409766946505, 7897.772042716785, 8896.504450702725, 8420.599834113995, 8515.79724715307, 6429.721383188505, 8538.19706511756, 9177.893211365634, 9327.555752022046, 8537.266551763347, 8667.765666026142, 10589.096094266317, 9199.903236236763, 7433.512284114469, 8187.4282503509585, 8921.740381965259, 8765.640345394017, 9429.358797373894, 8930.660931277362, 9997.576385273898, 9128.486988250257, 7703.971026325035, 9305.301806287534, 9103.877832509392, 9190.602098221183, 9226.476603662908, 8539.077855361627, 10164.201348536382, 8223.178205018998, 8770.328820967708, 8223.890924560803, 7793.974137612902, 9972.975826602957, 8830.421128079879, 8310.59274679037, 9265.619485771364]
[8667.69486409656, 9704.716341321853, 9062.542984354954, 8672.545289168758, 7909.536196386437, 8656.736267106899, 7449.831366207077, 10046.261551387104, 10074.848967071313, 7031.187215971322, 10897.697040533372, 8442.814928756747, 8539.967174126778, 9517.375614420758, 9488.409766946505, 7892.027932719071, 8896.504450702725, 8420.599834113995, 8515.79724715307, 6411.663945130628, 8532.799330693166, 9177.893211365634, 9327.555752022046, 8537.266551763347, 8667.765666026142, 10589.096094266317, 9199.903236236763, 7416.898037573395, 8187.4282503509585, 8921.740381965259, 8757.471479953012, 9429.358797373894, 8930.660931277362, 9997.576385273898, 9116.414632760247, 7703.971026325035, 9282.537216628738, 9081.526383792258, 9190.602098221183, 9226.476603662908, 8539.077855361627, 10150.509535091685, 8223.178205018998, 8770.328820967708, 8223.890924560803, 7793.974137612902, 9942.943096937259, 8830.421128079879, 8293.602043325598, 9246.867166869097]
[8667.69486409656, 9700.847405033704, 9055.568418127721, 8672.545289168758, 7895.459288663526, 8654.438154473732, 7449.831366207077, 10046.261551387104, 10074.848967071313, 7010.542163640441, 10897.697040533372, 8442.814928756747, 8539.967174126778, 9517.375614420758, 9488.409766946505, 7892.027932719071, 8896.504450702725, 8420.599834113995, 8515.79724715307, 6411.663945130628, 8524.028392446693, 9177.893211365634, 9327.555752022046, 8537.266551763347, 8667.765666026142, 10589.096094266317, 9180.280964771604, 7416.898037573395, 8162.482299089502, 8914.24968806107, 8757.471479953012, 9429.358797373894, 8930.660931277362, 9997.576385273898, 9115.884460002271, 7703.971026325035, 9267.370294629662, 9081.526383792258, 9190.602098221183, 9226.476603662908, 8539.077855361627, 10137.484320723768, 8220.281140553805, 8738.887832269691, 8222.568154419465, 7780.044777468065, 9942.943096937259, 8830.421128079879, 8254.180575120909, 9246.867166869097]
[8667.69486409656, 9700.847405033704, 9055.568418127721, 8672.545289168758, 7895.459288663526, 8654.438154473732, 7449.831366207077, 10022.731629284735, 10068.326540303247, 7006.018453937194, 10874.255835603866, 8442.814928756747, 8539.44087021774, 9517.375614420758, 9485.050636013682, 7888.4799943743665, 8896.504450702725, 8420.599834113995, 8515.79724715307, 6383.691940497, 8524.028392446693, 9177.893211365634, 9327.555752022046, 8537.266551763347, 8667.765666026142, 10589.096094266317, 9172.106186130133, 7411.1383077440405, 8147.971100284111, 8914.24968806107, 8757.471479953012, 9429.358797373894, 8930.660931277362, 9997.576385273898, 9109.342276895162, 7673.44759179472, 9245.168501554208, 9081.526383792258, 9189.251690034167, 9219.692574102139, 8539.077855361627, 10132.244972958371, 8220.281140553805, 8714.097950919151, 8222.568154419465, 7780.044777468065, 9942.943096937259, 8830.421128079879, 8254.180575120909, 9246.867166869097]
[8634.372365526466, 9700.535354704241, 9055.568418127721, 8630.673051088088, 7892.339727272735, 8654.438154473732, 7449.831366207077, 10022.731629284735, 10030.360365448232, 7006.018453937194, 10874.255835603866, 8441.19635083466, 8539.44087021774, 9517.375614420758, 9485.050636013682, 7888.4799943743665, 8896.504450702725, 8412.020035433698, 8515.79724715307, 6383.691940497, 8524.028392446693, 9154.297931749019, 9327.555752022046, 8537.266551763347, 8667.382873054958, 10589.096094266317, 9172.106186130133, 7411.1383077440405, 8142.076678738941, 8914.24968806107, 8747.11634138394, 9429.358797373894, 8897.125664072217, 9997.576385273898, 9109.04647956038, 7673.44759179472, 9231.90526824481, 9081.526383792258, 9189.251690034167, 9217.696852837531, 8539.077855361627, 10129.232533205251, 8220.281140553805, 8714.097950919151, 8217.32298194126, 7777.781351258911, 9942.943096937259, 8812.992949713267, 8254.180575120909, 9246.867166869097]
[8634.372365526466, 9655.877125425182, 9055.568418127721, 8630.673051088088, 7874.786530291602, 8644.695080493566, 7417.226705049048, 10014.407695229738, 10030.360365448232, 7006.018453937194, 10874.255835603866, 8436.790947799152, 8539.44087021774, 9517.375614420758, 9485.050636013682, 7888.4799943743665, 8895.987255831791, 8412.020035433698, 8515.79724715307, 6383.691940497, 8524.028392446693, 9154.297931749019, 9327.555752022046, 8537.266551763347, 8667.382873054958, 10588.657818538617, 9130.787109363051, 7382.856349506789, 8142.076678738941, 8909.211908562898, 8720.446792395222, 9429.358797373894, 8882.742651410626, 9997.576385273898, 9109.04647956038, 7673.44759179472, 9229.548779338584, 9081.526383792258, 9189.251690034167, 9189.515500932412, 8539.077855361627, 10129.232533205251, 8196.627116680122, 8684.234550608886, 8217.32298194126, 7768.528967422508, 9929.466962120216, 8812.992949713267, 8254.180575120909, 9246.867166869097]
[8634.372365526466, 9655.877125425182, 9055.568418127721, 8630.673051088088, 7874.786530291602, 8644.695080493566, 7417.226705049048, 9963.562567564526, 10025.393905188088, 7006.018453937194, 10874.255835603866, 8433.754589538928, 8539.44087021774, 9517.375614420758, 9485.050636013682, 7888.4799943743665, 8895.987255831791, 8412.020035433698, 8506.832370260832, 6383.691940497, 8491.79195789617, 9153.893408126252, 9279.447724369695, 8537.266551763347, 8667.382873054958, 10588.657818538617, 9130.787109363051, 7350.243151324268, 8137.588115813179, 8909.211908562898, 8720.446792395222, 9429.358797373894, 8882.742651410626, 9997.576385273898, 9109.04647956038, 7664.15834435571, 9215.254291850191, 9081.526383792258, 9189.251690034167, 9183.174720702926, 8539.077855361627, 10127.975048818498, 8196.627116680122, 8684.234550608886, 8217.32298194126, 7768.528967422508, 9929.466962120216, 8812.992949713267, 8254.180575120909, 9246.867166869097]
[8618.425355657888, 9655.877125425182, 9055.568418127721, 8630.673051088088, 7874.786530291602, 8635.971233781169, 7409.140331049071, 9963.562567564526, 10016.753939255703, 6977.096076526885, 10874.255835603866, 8433.754589538928, 8528.345432138236, 9517.375614420758, 9479.908168951495, 7885.621895982775, 8895.987255831791, 8378.485791647192, 8506.832370260832, 6368.088471016706, 8491.79195789617, 9141.243724990349, 9256.297178997778, 8537.266551763347, 8667.382873054958, 10588.657818538617, 9120.307309796783, 7350.243151324268, 8137.588115813179, 8897.479362021677, 8720.446792395222, 9429.358797373894, 8882.742651410626, 9997.576385273898, 9109.04647956038, 7658.970345493564, 9213.525692789879, 9081.526383792258, 9164.564358344705, 9183.174720702926, 8525.135444677448, 10127.975048818498, 8174.022945675957, 8684.234550608886, 8217.32298194126, 7768.528967422508, 9926.260073253245, 8812.992949713267, 8254.180575120909, 9209.157760963]
[8618.389054391433, 9655.877125425182, 9055.568418127721, 8586.86242010021, 7846.631218063242, 8635.971233781169, 7394.026589200637, 9963.562567564526, 10008.171330503716, 6975.068494886492, 10874.255835603866, 8427.07977088289, 8528.345432138236, 9517.375614420758, 9479.908168951495, 7885.621895982775, 8895.987255831791, 8378.485791647192, 8506.832370260832, 6368.088471016706, 8491.79195789617, 9141.243724990349, 9256.297178997778, 8537.266551763347, 8665.150550785494, 10585.77781457544, 9120.307309796783, 7350.243151324268, 8127.502402112475, 8894.378575876359, 8701.02412689588, 9429.358797373894, 8882.742651410626, 9997.576385273898, 9109.04647956038, 7658.970345493564, 9213.525692789879, 9081.526383792258, 9164.564358344705, 9183.174720702926, 8525.135444677448, 10127.975048818498, 8174.022945675957, 8684.234550608886, 8217.32298194126, 7768.528967422508, 9926.260073253245, 8812.992949713267, 8254.180575120909, 9209.157760963]
[8615.06704229219, 9651.798780266166, 9027.956279088616, 8586.86242010021, 7846.631218063242, 8614.577016993566, 7376.926933601205, 9963.562567564526, 10008.171330503716, 6975.068494886492, 10874.255835603866, 8365.739679956456, 8515.122055368965, 9517.375614420758, 9479.908168951495, 7885.621895982775, 8895.987255831791, 8378.485791647192, 8506.832370260832, 6368.088471016706, 8491.79195789617, 9135.423189471225, 9245.651287367626, 8531.83191410056, 8656.58840810187, 10585.77781457544, 9088.681265038638, 7350.196065194378, 8114.9205054138365, 8857.348723748995, 8701.02412689588, 9382.516005542568, 8879.466799677264, 9997.576385273898, 9109.04647956038, 7658.970345493564, 9213.525692789879, 9081.526383792258, 9164.564358344705, 9127.356396175981, 8525.135444677448, 10127.975048818498, 8174.022945675957, 8684.234550608886, 8217.32298194126, 7768.528967422508, 9926.260073253245, 8806.369453167488, 8248.954820768939, 9209.157760963]
[8615.06704229219, 9651.798780266166, 9011.801713323697, 8586.338503221084, 7844.835750631102, 8614.577016993566, 7374.515647715618, 9963.562567564526, 10008.171330503716, 6975.068494886492, 10874.255835603866, 8312.057595370508, 8515.122055368965, 9517.375614420758, 9479.908168951495, 7880.020914694107, 8891.447038129098, 8378.485791647192, 8506.832370260832, 6368.088471016706, 8463.300995852007, 9135.423189471225, 9245.651287367626, 8531.83191410056, 8656.58840810187, 10585.77781457544, 9088.681265038638, 7338.816358304034, 8114.9205054138365, 8856.907677429457, 8682.198859787954, 9382.516005542568, 8879.466799677264, 9987.110278060705, 9106.03267367947, 7658.970345493564, 9195.683867304711, 9068.882201403616, 9117.371609122436, 9114.541137924785, 8525.135444677448, 10127.975048818498, 8173.1761067463685, 8684.234550608886, 8217.32298194126, 7766.269564124763, 9926.260073253245, 8806.369453167488, 8248.954820768939, 9209.157760963]
[8615.06704229219, 9645.541981332877, 8978.14782334246, 8586.338503221084, 7844.835750631102, 8610.055536491733, 7374.515647715618, 9913.689575509758, 9986.978825870034, 6946.236984511818, 10874.255835603866, 8291.92863460654, 8515.122055368965, 9475.748900945473, 9479.908168951495, 7880.020914694107, 8891.447038129098, 8366.814904505482, 8506.832370260832, 6368.088471016706, 8410.814428483582, 9098.632870776399, 9245.651287367626, 8531.83191410056, 8656.58840810187, 10585.77781457544, 9088.681265038638, 7336.861206745899, 8114.9205054138365, 8856.907677429457, 8682.198859787954, 9382.516005542568, 8879.466799677264, 9987.110278060705, 9104.319047306466, 7648.131677911147, 9195.683867304711, 9064.886653483987, 9117.371609122436, 9114.541137924785, 8519.271835053585, 10119.684997740027, 8169.274919257189, 8684.234550608886, 8217.32298194126, 7766.269564124763, 9926.260073253245, 8797.412147886153, 8248.954820768939, 9184.527353241338]
[8615.06704229219, 9645.541981332877, 8978.14782334246, 8586.338503221084, 7844.835750631102, 8610.055536491733, 7374.515647715618, 9900.213968028573, 9986.978825870034, 6946.236984511818, 10874.255835603866, 8291.92863460654, 8515.122055368965, 9452.670065137156, 9479.908168951495, 7880.020914694107, 8871.22255757792, 8335.156346856254, 8506.832370260832, 6368.088471016706, 8405.433777341319, 9098.632870776399, 9245.651287367626, 8531.83191410056, 8656.58840810187, 10585.77781457544, 9071.880560302996, 7336.861206745899, 8098.952256628155, 8856.907677429457, 8645.441549475407, 9382.516005542568, 8879.466799677264, 9987.110278060705, 9104.319047306466, 7619.42388189455, 9195.683867304711, 9064.886653483987, 9117.371609122436, 9114.541137924785, 8519.271835053585, 10119.684997740027, 8169.274919257189, 8684.234550608886, 8202.587292765902, 7766.269564124763, 9926.260073253245, 8793.188304936759, 8248.954820768939, 9184.527353241338]
[8615.06704229219, 9615.356061649127, 8978.14782334246, 8555.638709880548, 7844.835750631102, 8610.055536491733, 7374.515647715618, 9900.213968028573, 9986.978825870034, 6946.236984511818, 10874.255835603866, 8291.92863460654, 8515.122055368965, 9452.670065137156, 9456.375604371304, 7880.020914694107, 8860.124829016382, 8321.80753851447, 8506.832370260832, 6368.088471016706, 8405.433777341319, 9098.632870776399, 9245.651287367626, 8531.83191410056, 8656.58840810187, 10585.77781457544, 9071.880560302996, 7316.540827999068, 8092.175155381262, 8844.362536652896, 8639.224140837463, 9382.516005542568, 8879.466799677264, 9987.110278060705, 9091.300408263112, 7616.953970507519, 9195.683867304711, 9053.746427527556, 9106.84595306015, 9105.107509198813, 8519.271835053585, 10119.684997740027, 8169.274919257189, 8684.234550608886, 8202.587292765902, 7766.269564124763, 9926.260073253245, 8793.188304936759, 8237.630138153994, 9164.503615294781]
[8615.06704229219, 9615.356061649127, 8978.14782334246, 8530.350847182268, 7840.633223969884, 8610.055536491733, 7374.515647715618, 9900.213968028573, 9985.317080358884, 6943.113478646737, 10874.255835603866, 8284.856661849093, 8515.122055368965, 9452.670065137156, 9456.375604371304, 7867.144437806261, 8852.06349081617, 8315.572117112835, 8506.832370260832, 6359.628268745132, 8405.433777341319, 9091.619472338032, 9245.651287367626, 8531.83191410056, 8656.58840810187, 10585.77781457544, 9071.880560302996, 7316.540827999068, 8092.175155381262, 8844.362536652896, 8600.813315590753, 9371.361882866002, 8879.466799677264, 9956.585449042623, 9091.300408263112, 7616.953970507519, 9192.060938253935, 9053.746427527556, 9106.84595306015, 9105.107509198813, 8519.271835053585, 10119.684997740027, 8169.274919257189, 8684.234550608886, 8200.169401648433, 7752.504952064094, 9926.260073253245, 8793.188304936759, 8237.630138153994, 9164.503615294781]
[8591.294627069943, 9615.356061649127, 8946.065145139288, 8530.350847182268, 7840.633223969884, 8610.055536491733, 7374.515647715618, 9900.213968028573, 9985.317080358884, 6928.297228039298, 10869.799991859218, 8284.856661849093, 8515.122055368965, 9449.244312978797, 9456.375604371304, 7867.144437806261, 8852.06349081617, 8315.572117112835, 8502.606418716323, 6337.004277650617, 8398.39017745662, 9091.619472338032, 9241.17067579451, 8531.83191410056, 8656.58840810187, 10585.77781457544, 9071.880560302996, 7316.540827999068, 8092.175155381262, 8843.269186825, 8600.813315590753, 9371.361882866002, 8872.694500171967, 9946.083513188123, 9091.300408263112, 7584.331696102973, 9159.554830475734, 9053.746427527556, 9106.84595306015, 9105.107509198813, 8519.271835053585, 10119.684997740027, 8169.274919257189, 8684.234550608886, 8200.169401648433, 7752.504952064094, 9906.665968371692, 8793.188304936759, 8206.5489055766, 9164.503615294781]
[8591.294627069943, 9615.356061649127, 8946.065145139288, 8528.525360741212, 7840.633223969884, 8610.055536491733, 7374.515647715618, 9900.213968028573, 9985.317080358884, 6928.297228039298, 10869.799991859218, 8284.856661849093, 8513.967633439965, 9449.244312978797, 9453.379046666145, 7850.901703592965, 8852.06349081617, 8280.924525150022, 8502.606418716323, 6330.967317579888, 8398.39017745662, 9091.619472338032, 9217.452063950554, 8531.83191410056, 8656.58840810187, 10585.37381407696, 9060.192366001605, 7300.298822627187, 8092.175155381262, 8796.857194639157, 8600.813315590753, 9371.361882866002, 8869.584170142953, 9946.083513188123, 9091.300408263112, 7584.331696102973, 9159.554830475734, 9053.746427527556, 9106.84595306015, 9105.107509198813, 8494.81789658875, 10119.684997740027, 8169.274919257189, 8684.234550608886, 8200.169401648433, 7752.504952064094, 9896.423478462262, 8793.188304936759, 8201.230328598855, 9162.3139863527]
[8591.294627069943, 9615.356061649127, 8946.065145139288, 8492.571296298946, 7840.633223969884, 8610.055536491733, 7374.515647715618, 9880.026145930548, 9985.317080358884, 6919.04437135936, 10869.799991859218, 8284.856661849093, 8513.765441970456, 9449.244312978797, 9453.379046666145, 7850.901703592965, 8843.111592938578, 8280.708040253126, 8502.606418716323, 6327.587784765988, 8398.39017745662, 9091.619472338032, 9217.452063950554, 8511.83404055816, 8656.040819453425, 10585.37381407696, 9060.192366001605, 7270.390984562165, 8092.175155381262, 8796.857194639157, 8576.171644809696, 9371.361882866002, 8869.584170142953, 9946.083513188123, 9091.300408263112, 7584.331696102973, 9159.554830475734, 9030.997902420431, 9106.84595306015, 9105.107509198813, 8494.81789658875, 10119.684997740027, 8169.274919257189, 8684.234550608886, 8200.169401648433, 7744.015534774733, 9896.423478462262, 8769.267679967485, 8165.7852491369895, 9162.3139863527]
[8576.669972884141, 9607.922732567758, 8932.953912834844, 8492.571296298946, 7824.6241784985805, 8610.055536491733, 7374.515647715618, 9880.026145930548, 9886.780221395544, 6910.772577447671, 10868.336333565545, 8284.856661849093, 8513.765441970456, 9449.244312978797, 9453.379046666145, 7841.623773820004, 8809.354259604816, 8280.708040253126, 8502.606418716323, 6327.587784765988, 8398.39017745662, 9091.619472338032, 9217.452063950554, 8503.500698107262, 8656.040819453425, 10585.37381407696, 9054.267052436397, 7253.965850064521, 8092.175155381262, 8796.857194639157, 8576.171644809696, 9371.361882866002, 8861.119025670976, 9915.10976640006, 9091.300408263112, 7584.331696102973, 9159.554830475734, 9030.997902420431, 9091.088544164993, 9071.40718113714, 8486.21914262459, 10099.420798691815, 8169.274919257189, 8684.234550608886, 8194.129766379425, 7744.015534774733, 9781.708808809593, 8769.267679967485, 8165.7852491369895, 9151.090392154507]
[8576.669972884141, 9592.279132960462, 8919.441883250602, 8492.571296298946, 7824.6241784985805, 8590.296139297197, 7374.515647715618, 9880.026145930548, 9886.780221395544, 6910.772577447671, 10868.336333565545, 8276.766066576873, 8513.765441970456, 9449.244312978797, 9445.546778418473, 7841.623773820004, 8809.354259604816, 8280.708040253126, 8502.606418716323, 6327.587784765988, 8398.39017745662, 9071.429691257517, 9217.452063950554, 8503.500698107262, 8656.040819453425, 10582.062810243104, 9054.267052436397, 7253.965850064521, 8078.338674520133, 8796.857194639157, 8576.171644809696, 9371.361882866002, 8861.119025670976, 9915.10976640006, 9091.300408263112, 7584.331696102973, 9159.554830475734, 9030.997902420431, 9091.088544164993, 9071.40718113714, 8486.21914262459, 10066.013842907192, 8169.274919257189, 8684.234550608886, 8189.456654144521, 7744.015534774733, 9781.708808809593, 8769.267679967485, 8156.220590932033, 9151.090392154507]
[8576.669972884141, 9592.279132960462, 8919.441883250602, 8492.571296298946, 7824.6241784985805, 8590.296139297197, 7374.515647715618, 9880.026145930548, 9886.780221395544, 6910.772577447671, 10868.336333565545, 8276.766066576873, 8513.765441970456, 9448.748708899948, 9445.546778418473, 7840.499753898779, 8809.354259604816, 8280.100379783633, 8502.606418716323, 6323.339729770064, 8398.39017745662, 9071.429691257517, 9217.452063950554, 8462.765011214624, 8647.341754558167, 10582.062810243104, 9054.267052436397, 7253.525578661845, 8078.338674520133, 8796.857194639157, 8576.171644809696, 9371.361882866002, 8861.119025670976, 9915.10976640006, 9091.300408263112, 7565.818352185144, 9159.554830475734, 9030.997902420431, 9091.088544164993, 9071.40718113714, 8486.21914262459, 10055.76973816558, 8169.274919257189, 8684.234550608886, 8163.288716713049, 7741.91234915298, 9781.708808809593, 8769.267679967485, 8156.220590932033, 9151.090392154507]
[8563.414498188888, 9592.279132960462, 8919.441883250602, 8492.571296298946, 7824.6241784985805, 8590.296139297197, 7374.515647715618, 9880.026145930548, 9886.780221395544, 6881.109374065741, 10868.336333565545, 8276.766066576873, 8480.04605805937, 9448.748708899948, 9445.546778418473, 7836.878859929457, 8809.354259604816, 8253.67102264655, 8502.606418716323, 6281.854780337302, 8398.39017745662, 9059.505070693296, 9217.435009546838, 8462.765011214624, 8644.935413243356, 10582.062810243104, 9054.267052436397, 7253.525578661845, 8078.338674520133, 8796.857194639157, 8572.030940734685, 9371.361882866002, 8858.06256988341, 9914.948548580473, 9047.213166195364, 7561.142865420248, 9158.494035374839, 9030.997902420431, 9091.088544164993, 9071.40718113714, 8486.21914262459, 10055.76973816558, 8138.443749904873, 8684.234550608886, 8163.288716713049, 7741.91234915298, 9781.708808809593, 8769.267679967485, 8151.842010842191, 9151.090392154507]
[8563.414498188888, 9592.279132960462, 8890.94323210732, 8492.571296298946, 7824.6241784985805, 8590.296139297197, 7374.515647715618, 9880.026145930548, 9886.780221395544, 6840.346364167943, 10849.794130356066, 8276.766066576873, 8480.04605805937, 9448.748708899948, 9445.546778418473, 7815.571280453582, 8809.354259604816, 8253.67102264655, 8502.606418716323, 6257.899607758351, 8379.394713340931, 9059.505070693296, 9215.268992902436, 8462.765011214624, 8644.935413243356, 10582.062810243104, 9054.267052436397, 7236.640551688406, 8076.124639151649, 8770.996694075971, 8572.030940734685, 9371.361882866002, 8858.06256988341, 9914.948548580473, 9038.596764839418, 7561.142865420248, 9128.216878240608, 9030.997902420431, 9091.088544164993, 9071.40718113714, 8486.21914262459, 10055.76973816558, 8138.443749904873, 8684.234550608886, 8163.288716713049, 7734.234549344159, 9781.708808809593, 8769.267679967485, 8147.411063354858, 9151.090392154507]
[8563.414498188888, 9592.279132960462, 8890.94323210732, 8481.064407658767, 7820.484756854271, 8565.44115228827, 7374.515647715618, 9880.026145930548, 9868.891862837441, 6813.916817875701, 10849.794130356066, 8276.766066576873, 8480.04605805937, 9448.748708899948, 9445.546778418473, 7815.571280453582, 8809.354259604816, 8253.67102264655, 8502.606418716323, 6257.899607758351, 8379.394713340931, 9055.4898482284, 9200.792283808678, 8462.765011214624, 8644.935413243356, 10582.062810243104, 9054.267052436397, 7195.632739608863, 8061.205383448061, 8770.996694075971, 8560.001913039097, 9371.361882866002, 8858.06256988341, 9914.948548580473, 9031.370357666694, 7547.004426127665, 9128.216878240608, 9030.997902420431, 9091.088544164993, 9041.170349649536, 8486.21914262459, 10055.76973816558, 8138.443749904873, 8679.22785055126, 8104.949202749779, 7723.2814759507655, 9771.155314533084, 8769.267679967485, 8147.411063354858, 9151.090392154507]
[8561.033199190399, 9592.279132960462, 8887.664912027121, 8476.864666605068, 7817.314651490604, 8565.44115228827, 7373.528770412317, 9879.58311247937, 9868.891862837441, 6813.916817875701, 10849.794130356066, 8270.099633161819, 8480.04605805937, 9448.748708899948, 9445.546778418473, 7815.571280453582, 8809.354259604816, 8253.67102264655, 8502.606418716323, 6257.899607758351, 8379.394713340931, 9055.4898482284, 9200.792283808678, 8432.873700996275, 8644.935413243356, 10582.062810243104, 9008.922253818582, 7195.632739608863, 8052.466355546623, 8770.996694075971, 8560.001913039097, 9368.977865855091, 8858.06256988341, 9914.948548580473, 9031.370357666694, 7527.024578485843, 9125.826961706212, 8957.938860590079, 9091.088544164993, 9028.675788856914, 8486.21914262459, 10055.76973816558, 8138.041300376809, 8679.22785055126, 8104.949202749779, 7681.1160114736285, 9771.155314533084, 8769.267679967485, 8147.411063354858, 9151.090392154507]
[8561.033199190399, 9592.279132960462, 8887.664912027121, 8476.864666605068, 7817.314651490604, 8565.44115228827, 7372.060903629448, 9879.58311247937, 9868.891862837441, 6811.446101133976, 10831.618657371317, 8264.599130941815, 8480.04605805937, 9448.748708899948, 9445.546778418473, 7782.701089552591, 8803.450292970967, 8253.67102264655, 8498.456379589896, 6240.150548857096, 8363.154727309877, 9055.4898482284, 9200.792283808678, 8432.873700996275, 8644.935413243356, 10582.062810243104, 9005.020693120972, 7190.342410723094, 8052.466355546623, 8770.996694075971, 8560.001913039097, 9368.977865855091, 8858.06256988341, 9914.948548580473, 9031.370357666694, 7502.037774965158, 9125.826961706212, 8957.938860590079, 9091.088544164993, 9028.675788856914, 8486.21914262459, 10009.195393502363, 8138.041300376809, 8677.075050948219, 8101.961651287449, 7681.1160114736285, 9771.155314533084, 8763.812641799243, 8118.589317392069, 9151.090392154507]
[8561.033199190399, 9592.279132960462, 8885.821201814437, 8476.864666605068, 7806.838398329458, 8565.44115228827, 7364.453864159537, 9867.336704186599, 9868.891862837441, 6797.847886007308, 10831.618657371317, 8263.968623200202, 8480.04605805937, 9448.748708899948, 9440.21556894987, 7769.15307392243, 8803.450292970967, 8253.67102264655, 8498.456379589896, 6240.150548857096, 8363.154727309877, 9055.4898482284, 9186.532940256628, 8432.873700996275, 8640.586964074217, 10582.062810243104, 8991.92326949642, 7190.342410723094, 8042.709831801205, 8770.996694075971, 8552.43747748566, 9368.977865855091, 8858.06256988341, 9914.948548580473, 9031.370357666694, 7502.037774965158, 9125.826961706212, 8957.53792618313, 9076.898268390669, 9028.675788856914, 8461.857370800897, 10009.195393502363, 8138.041300376809, 8677.075050948219, 8093.357586551452, 7681.1160114736285, 9756.439030551108, 8763.812641799243, 8118.589317392069, 9151.090392154507]
[8561.033199190399, 9591.305642485484, 8884.187059776707, 8476.864666605068, 7806.838398329458, 8565.44115228827, 7364.453864159537, 9867.336704186599, 9868.891862837441, 6797.847886007308, 10822.383995137901, 8263.968623200202, 8480.04605805937, 9448.748708899948, 9440.21556894987, 7769.15307392243, 8803.450292970967, 8253.67102264655, 8498.456379589896, 6229.307950653907, 8356.478001606189, 9055.4898482284, 9142.970471290473, 8399.929715672724, 8638.632524657132, 10582.062810243104, 8991.92326949642, 7190.342410723094, 8042.709831801205, 8770.996694075971, 8552.43747748566, 9367.99435577086, 8858.06256988341, 9914.948548580473, 9031.370357666694, 7489.218918564022, 9090.089450675796, 8951.075989981333, 9076.898268390669, 9028.675788856914, 8460.303435520593, 10009.195393502363, 8138.041300376809, 8677.075050948219, 8093.357586551452, 7674.213326902805, 9754.621582481748, 8763.812641799243, 8118.589317392069, 9151.090392154507]
[8561.033199190399, 9591.305642485484, 8884.187059776707, 8476.864666605068, 7791.64255264488, 8565.44115228827, 7364.453864159537, 9866.309433756182, 9868.891862837441, 6797.847886007308, 10822.383995137901, 8263.968623200202, 8477.714892662292, 9448.748708899948, 9440.21556894987, 7766.794364179917, 8803.450292970967, 8239.237224402408, 8498.456379589896, 6229.307950653907, 8356.478001606189, 9055.4898482284, 9142.970471290473, 8399.929715672724, 8638.632524657132, 10582.062810243104, 8991.92326949642, 7190.342410723094, 8042.709831801205, 8762.178785716595, 8552.43747748566, 9367.99435577086, 8858.06256988341, 9914.948548580473, 9031.370357666694, 7489.218918564022, 9090.089450675796, 8951.075989981333, 9076.898268390669, 9028.675788856914, 8460.303435520593, 10009.195393502363, 8138.041300376809, 8648.419442169648, 8068.134750096334, 7674.213326902805, 9754.621582481748, 8754.394970731166, 8118.589317392069, 9151.090392154507]
[8549.540786846113, 9586.990357539053, 8847.012895367987, 8476.864666605068, 7791.64255264488, 8539.970370321334, 7358.850085926623, 9866.309433756182, 9861.911080709144, 6762.941398465029, 10809.733471477526, 8263.968623200202, 8477.714892662292, 9447.642081555683, 9380.990819329934, 7749.0814090848335, 8803.450292970967, 8239.237224402408, 8498.456379589896, 6213.723068743315, 8356.478001606189, 9055.4898482284, 9142.970471290473, 8398.131858322564, 8623.974288945836, 10582.062810243104, 8991.92326949642, 7190.342410723094, 8039.175571287495, 8749.478051474063, 8552.43747748566, 9367.99435577086, 8858.06256988341, 9892.727599796073, 9031.370357666694, 7489.218918564022, 9090.089450675796, 8951.075989981333, 9049.23531032573, 9027.131082994354, 8432.18897399369, 10009.195393502363, 8112.99011301009, 8648.419442169648, 8064.646371208097, 7674.213326902805, 9754.621582481748, 8754.394970731166, 8118.589317392069, 9151.090392154507]
[8549.540786846113, 9586.990357539053, 8847.012895367987, 8476.864666605068, 7791.64255264488, 8539.970370321334, 7358.850085926623, 9866.309433756182, 9861.911080709144, 6762.941398465029, 10809.733471477526, 8263.968623200202, 8477.714892662292, 9443.114966831068, 9380.990819329934, 7739.609871432114, 8798.161337402675, 8239.237224402408, 8498.456379589896, 6213.723068743315, 8356.478001606189, 9055.4898482284, 9142.970471290473, 8398.131858322564, 8623.974288945836, 10582.062810243104, 8991.92326949642, 7190.342410723094, 8039.112329708264, 8725.938609237692, 8552.43747748566, 9367.99435577086, 8795.143606904161, 9892.727599796073, 9031.370357666694, 7489.218918564022, 9090.089450675796, 8939.910672558308, 9049.23531032573, 9027.131082994354, 8432.18897399369, 10009.195393502363, 8111.625033542556, 8645.678315952773, 8059.4151744463425, 7667.778400412794, 9754.621582481748, 8754.394970731166, 8118.589317392069, 9151.090392154507]
[8537.89914127938, 9586.990357539053, 8847.012895367987, 8476.864666605068, 7791.64255264488, 8539.970370321334, 7358.850085926623, 9866.309433756182, 9861.911080709144, 6750.855812708714, 10809.733471477526, 8246.121271668668, 8477.714892662292, 9443.114966831068, 9380.990819329934, 7739.609871432114, 8788.497117347204, 8236.1737212552, 8495.941654382774, 6202.363362330072, 8356.478001606189, 9055.4898482284, 9142.970471290473, 8398.131858322564, 8623.974288945836, 10557.1665001095, 8991.92326949642, 7190.342410723094, 8034.935712699206, 8725.938609237692, 8551.100157115268, 9367.99435577086, 8771.94034011354, 9892.727599796073, 9020.755483140008, 7489.218918564022, 9090.089450675796, 8939.910672558308, 9049.23531032573, 9027.131082994354, 8432.18897399369, 9987.358311606127, 8111.625033542556, 8645.678315952773, 8058.677437110618, 7661.881685585313, 9754.621582481748, 8745.033542216242, 8093.922114985381, 9151.090392154507]
[8537.89914127938, 9586.990357539053, 8847.012895367987, 8476.864666605068, 7784.36330932734, 8516.403195210563, 7358.850085926623, 9866.309433756182, 9861.911080709144, 6750.855812708714, 10797.958622971477, 8239.454415868873, 8433.052841927267, 9443.114966831068, 9380.990819329934, 7739.609871432114, 8788.497117347204, 8232.094156705312, 8469.6950811705, 6202.363362330072, 8356.478001606189, 9055.4898482284, 9134.197138588503, 8398.131858322564, 8597.740838343785, 10479.77764337518, 8991.92326949642, 7190.342410723094, 7968.915737338927, 8725.938609237692, 8551.100157115268, 9367.99435577086, 8771.94034011354, 9892.727599796073, 9010.889111943794, 7489.218918564022, 9090.089450675796, 8939.910672558308, 9049.23531032573, 9027.131082994354, 8432.18897399369, 9987.358311606127, 8111.625033542556, 8645.678315952773, 8058.677437110618, 7661.881685585313, 9724.830734414627, 8745.033542216242, 8093.922114985381, 9151.090392154507]
[8537.89914127938, 9586.990357539053, 8841.26423345046, 8457.51635460073, 7784.36330932734, 8502.644575491113, 7357.673148541185, 9860.186705232736, 9860.906621956756, 6738.584939155116, 10796.038746920778, 8226.320162887772, 8433.052841927267, 9443.114966831068, 9375.576644839295, 7739.609871432114, 8771.30380306316, 8232.094156705312, 8416.994191820593, 6202.363362330072, 8356.478001606189, 9023.560584626948, 9134.197138588503, 8394.089014393063, 8597.740838343785, 10442.616578712059, 8991.92326949642, 7155.808402132563, 7968.915737338927, 8723.946600892497, 8549.096622194857, 9367.99435577086, 8770.200514319948, 9820.014628931694, 9010.889111943794, 7482.4041318229165, 9090.089450675796, 8939.910672558308, 9049.23531032573, 9027.131082994354, 8429.216823971803, 9982.027933257383, 8105.417605851375, 8645.678315952773, 8058.677437110618, 7661.881685585313, 9724.830734414627, 8745.033542216242, 8093.922114985381, 9127.228495040572]
[8524.100911790807, 9572.4849098295, 8841.26423345046, 8457.51635460073, 7760.870422568992, 8502.644575491113, 7354.873707986046, 9860.186705232736, 9860.906621956756, 6738.584939155116, 10796.038746920778, 8226.320162887772, 8433.052841927267, 9416.125408036547, 9362.451649775596, 7722.452946286318, 8771.30380306316, 8206.598021653508, 8416.994191820593, 6202.363362330072, 8356.478001606189, 9023.560584626948, 9132.421184286277, 8386.507184583083, 8590.10542944494, 10442.616578712059, 8991.92326949642, 7115.535850311145, 7928.5489790663605, 8723.946600892497, 8549.096622194857, 9367.99435577086, 8770.200514319948, 9820.014628931694, 9003.829013982144, 7482.4041318229165, 9090.089450675796, 8939.910672558308, 9049.23531032573, 9027.131082994354, 8429.216823971803, 9982.027933257383, 8105.417605851375, 8620.341966259628, 8051.9281168511025, 7661.881685585313, 9724.830734414627, 8745.033542216242, 8093.922114985381, 9114.88883654184]
[8524.100911790807, 9572.4849098295, 8829.384506468408, 8457.51635460073, 7760.870422568992, 8502.644575491113, 7354.873707986046, 9860.186705232736, 9860.906621956756, 6689.9935378774335, 10796.038746920778, 8226.320162887772, 8433.052841927267, 9412.775027716601, 9362.451649775596, 7722.452946286318, 8760.508207777175, 8206.598021653508, 8416.994191820593, 6202.363362330072, 8356.478001606189, 9023.560584626948, 9132.421184286277, 8386.507184583083, 8590.10542944494, 10442.616578712059, 8964.120146918041, 7115.535850311145, 7878.501936675848, 8723.946600892497, 8549.096622194857, 9364.79200865522, 8770.200514319948, 9820.014628931694, 9003.829013982144, 7482.4041318229165, 9090.089450675796, 8939.910672558308, 9049.23531032573, 9027.131082994354, 8429.216823971803, 9982.027933257383, 8105.417605851375, 8620.341966259628, 8051.9281168511025, 7659.03251236339, 9714.611690785005, 8745.033542216242, 8093.922114985381, 9099.776760463534]
[8511.890353022452, 9567.12981812248, 8829.384506468408, 8457.379545192383, 7760.870422568992, 8502.644575491113, 7347.261812943545, 9820.310434873572, 9860.906621956756, 6674.822502280664, 10796.038746920778, 8211.535321757396, 8433.052841927267, 9411.646074645227, 9362.451649775596, 7722.452946286318, 8760.508207777175, 8192.141393449761, 8392.32179484838, 6202.363362330072, 8356.478001606189, 9023.560584626948, 9132.421184286277, 8386.507184583083, 8590.10542944494, 10442.616578712059, 8964.120146918041, 7115.535850311145, 7850.483314689908, 8723.946600892497, 8549.096622194857, 9364.79200865522, 8765.87017298348, 9819.916252359293, 9003.829013982144, 7445.206680833481, 9090.089450675796, 8939.910672558308, 9046.723756496012, 9025.318783850522, 8422.056253389916, 9906.371224619781, 8098.114573028963, 8620.341966259628, 8051.9281168511025, 7606.965689206712, 9689.286702408657, 8734.227066238378, 8065.251779349931, 9099.776760463534]
[8511.890353022452, 9567.12981812248, 8829.384506468408, 8457.379545192383, 7760.870422568992, 8502.644575491113, 7341.88866613867, 9820.310434873572, 9854.3023485899, 6674.822502280664, 10796.038746920778, 8211.535321757396, 8433.052841927267, 9411.468626751666, 9336.61509351861, 7722.452946286318, 8760.508207777175, 8192.141393449761, 8388.729754936776, 6202.363362330072, 8356.478001606189, 9003.523131160164, 9118.745446963512, 8386.507184583083, 8590.10542944494, 10442.616578712059, 8964.120146918041, 7115.535850311145, 7850.483314689908, 8723.946600892497, 8549.096622194857, 9364.79200865522, 8765.87017298348, 9795.76044956731, 9003.829013982144, 7445.206680833481, 9072.734050072377, 8939.910672558308, 9036.509862782685, 9007.000160593836, 8422.056253389916, 9906.371224619781, 8098.114573028963, 8593.38435057527, 8024.025573128226, 7606.965689206712, 9686.44767248289, 8723.088771955674, 8061.838387191552, 9056.623677593572]
[8511.890353022452, 9567.12981812248, 8829.384506468408, 8450.009686123794, 7749.850335855472, 8502.644575491113, 7310.454136659052, 9820.310434873572, 9842.257912962934, 6668.291767874243, 10787.567266619264, 8211.535321757396, 8431.997419566596, 9411.468626751666, 9332.59604977979, 7722.452946286318, 8753.898352365723, 8192.141393449761, 8388.729754936776, 6202.363362330072, 8356.478001606189, 9003.523131160164, 9118.745446963512, 8386.507184583083, 8590.10542944494, 10442.616578712059, 8964.120146918041, 7115.535850311145, 7850.483314689908, 8723.946600892497, 8544.391263115893, 9364.79200865522, 8749.455165466708, 9795.76044956731, 9003.829013982144, 7445.206680833481, 9070.272469762556, 8939.910672558308, 9036.509862782685, 9007.000160593836, 8410.862467090777, 9905.265066209175, 8098.114573028963, 8593.38435057527, 8024.025573128226, 7575.49028492976, 9686.44767248289, 8723.088771955674, 8061.838387191552, 9031.5277819481]
[8498.25759694132, 9567.12981812248, 8829.384506468408, 8450.009686123794, 7733.908932743982, 8495.976028528687, 7310.454136659052, 9820.310434873572, 9832.895956886172, 6647.028884389003, 10778.393121937484, 8199.41057812029, 8417.640618998037, 9361.894101178685, 9332.59604977979, 7722.452946286318, 8753.898352365723, 8192.141393449761, 8388.729754936776, 6196.974062670846, 8347.795596448543, 9003.523131160164, 9118.745446963512, 8365.689228124447, 8579.4615863595, 10431.910157058106, 8964.120146918041, 7097.332383419343, 7850.483314689908, 8723.946600892497, 8543.384154084979, 9358.473124570963, 8749.455165466708, 9795.76044956731, 9003.829013982144, 7445.206680833481, 9070.272469762556, 8939.910672558308, 9036.509862782685, 9007.000160593836, 8410.862467090777, 9903.177732213091, 8082.169519756555, 8593.38435057527, 8024.025573128226, 7575.49028492976, 9667.85558952967, 8723.088771955674, 8051.426283934661, 9031.5277819481]
[8498.25759694132, 9567.12981812248, 8829.384506468408, 8450.009686123794, 7733.908932743982, 8495.976028528687, 7295.978466708764, 9820.310434873572, 9832.895956886172, 6647.028884389003, 10778.393121937484, 8199.41057812029, 8417.640618998037, 9361.894101178685, 9332.59604977979, 7722.452946286318, 8727.255416699114, 8190.906806514034, 8388.729754936776, 6196.974062670846, 8347.795596448543, 9003.523131160164, 9116.786535685522, 8352.277285267293, 8579.4615863595, 10431.910157058106, 8964.120146918041, 7097.332383419343, 7850.483314689908, 8720.586017523412, 8491.628046845412, 9358.473124570963, 8749.455165466708, 9795.76044956731, 9003.829013982144, 7445.206680833481, 9070.272469762556, 8939.910672558308, 9036.509862782685, 9007.000160593836, 8410.862467090777, 9903.177732213091, 8082.169519756555, 8593.38435057527, 8024.025573128226, 7575.49028492976, 9667.85558952967, 8723.088771955674, 8051.426283934661, 9030.222549632525]
[8498.25759694132, 9567.12981812248, 8829.384506468408, 8450.009686123794, 7724.69143638063, 8492.121406333757, 7281.4180225266955, 9820.310434873572, 9832.895956886172, 6646.643774355932, 10778.393121937484, 8199.41057812029, 8404.092457130993, 9361.894101178685, 9299.955950172767, 7722.452946286318, 8727.255416699114, 8190.906806514034, 8388.729754936776, 6196.974062670846, 8347.795596448543, 9003.523131160164, 9116.786535685522, 8352.277285267293, 8579.4615863595, 10431.910157058106, 8964.120146918041, 7047.94333413968, 7850.483314689908, 8720.586017523412, 8479.631754952428, 9358.473124570963, 8744.146431496414, 9761.888776601314, 8988.15877338644, 7437.122478934366, 9070.272469762556, 8939.910672558308, 9020.27268174431, 9007.000160593836, 8409.923033873409, 9880.855465294004, 8082.169519756555, 8589.186940316635, 8024.025573128226, 7575.49028492976, 9663.511380867549, 8723.088771955674, 8037.621803828496, 9030.222549632525]
[8498.25759694132, 9567.12981812248, 8829.384506468408, 8450.009686123794, 7724.69143638063, 8461.52985079436, 7281.4180225266955, 9820.310434873572, 9805.894020279366, 6646.643774355932, 10771.167094658153, 8199.41057812029, 8404.092457130993, 9361.894101178685, 9298.867158802977, 7716.558088617088, 8721.708460702957, 8190.906806514034, 8388.729754936776, 6173.8275928383655, 8347.795596448543, 9003.523131160164, 9116.786535685522, 8330.63877163308, 8579.4615863595, 10404.954142388786, 8964.120146918041, 7047.94333413968, 7850.483314689908, 8720.586017523412, 8479.631754952428, 9358.473124570963, 8744.146431496414, 9761.888776601314, 8988.15877338644, 7437.122478934366, 9070.272469762556, 8937.418397716145, 9020.27268174431, 8989.543118849218, 8409.923033873409, 9880.855465294004, 8082.169519756555, 8589.186940316635, 8024.025573128226, 7575.49028492976, 9663.511380867549, 8723.088771955674, 8037.621803828496, 9030.222549632525]
[8444.58238445045, 9567.12981812248, 8829.384506468408, 8450.009686123794, 7724.69143638063, 8450.540612071558, 7281.4180225266955, 9820.310434873572, 9805.894020279366, 6646.643774355932, 10771.167094658153, 8199.41057812029, 8396.424787116199, 9361.894101178685, 9288.97274102471, 7716.558088617088, 8703.368075980148, 8150.826799142257, 8388.729754936776, 6156.7642094136445, 8347.795596448543, 8994.618674088224, 9087.125551324945, 8319.718901207176, 8554.386336153717, 10388.380581554758, 8964.120146918041, 7047.94333413968, 7844.451338161455, 8720.586017523412, 8479.631754952428, 9358.473124570963, 8744.146431496414, 9761.888776601314, 8988.15877338644, 7437.122478934366, 9070.272469762556, 8930.001866141407, 9020.27268174431, 8989.543118849218, 8409.923033873409, 9880.855465294004, 8082.169519756555, 8589.186940316635, 8024.025573128226, 7552.916239133694, 9663.511380867549, 8723.088771955674, 8037.621803828496, 9030.222549632525]
[8444.58238445045, 9567.12981812248, 8829.384506468408, 8435.398423733139, 7721.542173172253, 8450.540612071558, 7281.4180225266955, 9820.310434873572, 9805.894020279366, 6646.643774355932, 10771.167094658153, 8199.41057812029, 8396.424787116199, 9361.894101178685, 9288.97274102471, 7714.268239395484, 8703.368075980148, 8150.826799142257, 8388.729754936776, 6153.148269739258, 8347.795596448543, 8971.272808375248, 9082.514770582633, 8319.718901207176, 8551.3902937683, 10388.380581554758, 8964.120146918041, 7042.694257846281, 7844.451338161455, 8717.970871773423, 8479.631754952428, 9358.473124570963, 8744.146431496414, 9761.888776601314, 8988.15877338644, 7428.242910022222, 9070.272469762556, 8930.001866141407, 9020.27268174431, 8975.32070567547, 8365.112705558513, 9880.855465294004, 8082.169519756555, 8558.148310388613, 8024.025573128226, 7552.916239133694, 9651.28220155792, 8721.996273718589, 8030.995385631354, 9024.438735538399]
[8441.414169425156, 9550.60115121553, 8811.131818480584, 8435.398423733139, 7711.163102730281, 8450.540612071558, 7281.4180225266955, 9820.310434873572, 9805.894020279366, 6646.643774355932, 10771.167094658153, 8199.41057812029, 8396.424787116199, 9312.225835708585, 9288.97274102471, 7697.657711862563, 8703.368075980148, 8150.826799142257, 8367.190063134902, 6150.6091564074395, 8347.795596448543, 8964.1658362669, 9082.514770582633, 8319.718901207176, 8551.3902937683, 10388.380581554758, 8964.120146918041, 7042.694257846281, 7828.968102620503, 8687.074722831952, 8479.631754952428, 9343.64325097565, 8722.703828466478, 9761.888776601314, 8988.15877338644, 7428.242910022222, 9070.272469762556, 8909.893456075884, 9020.27268174431, 8907.37187814509, 8358.10717539435, 9847.391167847645, 8082.169519756555, 8558.148310388613, 8017.8213402145775, 7552.916239133694, 9651.28220155792, 8721.996273718589, 8030.995385631354, 9024.438735538399]
[8397.890276700473, 9533.811961375888, 8809.650416990367, 8435.398423733139, 7711.163102730281, 8450.540612071558, 7281.4180225266955, 9820.310434873572, 9795.815935092798, 6646.643774355932, 10771.167094658153, 8199.41057812029, 8396.424787116199, 9312.225835708585, 9288.97274102471, 7697.657711862563, 8702.572245391279, 8150.826799142257, 8367.190063134902, 6140.513283668027, 8319.23701873564, 8964.1658362669, 9082.514770582633, 8319.718901207176, 8551.3902937683, 10388.380581554758, 8964.120146918041, 7042.694257846281, 7828.174101473063, 8687.074722831952, 8479.631754952428, 9343.64325097565, 8722.703828466478, 9761.888776601314, 8988.15877338644, 7412.839838356883, 9070.272469762556, 8900.55584451706, 9020.27268174431, 8907.37187814509, 8355.991169635667, 9847.391167847645, 8066.036341144191, 8558.148310388613, 8017.101088585568, 7552.916239133694, 9651.28220155792, 8721.996273718589, 8030.995385631354, 9010.297003402353]
[8391.182810354985, 9533.811961375888, 8798.940182817902, 8403.474027297849, 7711.163102730281, 8444.362793139891, 7281.4180225266955, 9800.678796401236, 9795.815935092798, 6614.373401045537, 10771.167094658153, 8199.41057812029, 8396.414058363207, 9296.80033791168, 9288.97274102471, 7692.420754631268, 8666.688664550134, 8150.826799142257, 8367.190063134902, 6134.236944187265, 8319.23701873564, 8964.1658362669, 9082.514770582633, 8300.502763496386, 8548.980811867, 10388.380581554758, 8964.120146918041, 7042.694257846281, 7828.174101473063, 8629.985368081258, 8453.255991519074, 9343.64325097565, 8712.085890231892, 9760.352333719151, 8988.15877338644, 7412.839838356883, 9070.272469762556, 8900.55584451706, 9020.27268174431, 8907.37187814509, 8355.991169635667, 9847.391167847645, 8057.291894810184, 8558.148310388613, 8008.312860936863, 7552.916239133694, 9651.28220155792, 8703.479217147837, 8027.7154530384405, 9010.297003402353]
[8391.182810354985, 9533.811961375888, 8798.940182817902, 8403.474027297849, 7709.847324561602, 8444.362793139891, 7281.4180225266955, 9800.678796401236, 9795.815935092798, 6614.373401045537, 10758.046244350478, 8199.41057812029, 8396.414058363207, 9296.80033791168, 9281.03109641485, 7653.659008108213, 8666.688664550134, 8143.570932243632, 8367.190063134902, 6134.236944187265, 8316.493205162713, 8964.1658362669, 9082.514770582633, 8300.502763496386, 8534.427156684398, 10388.380581554758, 8964.120146918041, 7042.694257846281, 7828.174101473063, 8595.20180429043, 8447.934172642848, 9343.64325097565, 8712.085890231892, 9760.352333719151, 8988.15877338644, 7412.839838356883, 9048.092800090695, 8900.55584451706, 9020.27268174431, 8907.37187814509, 8343.436588248263, 9847.391167847645, 8057.291894810184, 8558.148310388613, 7964.935997656046, 7552.916239133694, 9579.454224667568, 8703.479217147837, 8008.323975428748, 9010.297003402353]
[8391.182810354985, 9533.811961375888, 8798.940182817902, 8400.0785816367, 7709.847324561602, 8444.362793139891, 7281.4180225266955, 9800.678796401236, 9795.815935092798, 6614.373401045537, 10747.848814319761, 8199.41057812029, 8396.414058363207, 9296.80033791168, 9281.03109641485, 7653.659008108213, 8666.688664550134, 8135.350407292722, 8367.190063134902, 6134.236944187265, 8291.038719300941, 8964.1658362669, 9082.514770582633, 8288.979032951576, 8534.427156684398, 10388.380581554758, 8941.700274964987, 7042.694257846281, 7828.174101473063, 8595.20180429043, 8447.934172642848, 9313.64077090767, 8682.276960469395, 9760.352333719151, 8981.953422935761, 7406.735418732744, 9048.092800090695, 8900.55584451706, 9001.369312663783, 8907.37187814509, 8287.901702964871, 9847.391167847645, 8039.626507311552, 8558.148310388613, 7959.921931850258, 7552.916239133694, 9579.454224667568, 8703.479217147837, 7996.595490227584, 9010.297003402353]
[8381.410233419661, 9533.811961375888, 8795.430995279505, 8400.0785816367, 7709.847324561602, 8444.362793139891, 7281.4180225266955, 9800.678796401236, 9795.815935092798, 6614.373401045537, 10708.109959214364, 8199.41057812029, 8390.333521551385, 9296.80033791168, 9253.802476763252, 7653.659008108213, 8666.688664550134, 8135.350407292722, 8367.190063134902, 6122.662346250547, 8291.038719300941, 8964.1658362669, 9043.965062706173, 8288.979032951576, 8534.427156684398, 10388.380581554758, 8941.700274964987, 7007.34860025574, 7828.174101473063, 8595.20180429043, 8447.934172642848, 9313.64077090767, 8682.276960469395, 9760.352333719151, 8981.953422935761, 7388.75297778093, 9048.092800090695, 8888.026202373838, 9001.369312663783, 8907.37187814509, 8287.901702964871, 9847.391167847645, 8021.852288856569, 8558.148310388613, 7959.921931850258, 7552.916239133694, 9579.454224667568, 8703.479217147837, 7989.665429539427, 9010.297003402353]
[8381.410233419661, 9499.075680479511, 8795.430995279505, 8400.0785816367, 7709.847324561602, 8444.362793139891, 7277.808412744166, 9800.678796401236, 9795.815935092798, 6614.373401045537, 10664.444604181883, 8199.41057812029, 8382.415098736154, 9296.80033791168, 9253.802476763252, 7653.659008108213, 8666.688664550134, 8113.151607012152, 8367.190063134902, 6117.3717405043935, 8291.038719300941, 8964.1658362669, 9039.782804515047, 8275.80758563193, 8534.427156684398, 10388.380581554758, 8941.700274964987, 7007.34860025574, 7828.174101473063, 8595.20180429043, 8447.934172642848, 9283.167319882119, 8682.276960469395, 9760.352333719151, 8981.953422935761, 7388.75297778093, 9048.092800090695, 8888.026202373838, 9001.369312663783, 8907.37187814509, 8287.901702964871, 9847.391167847645, 8020.259091241338, 8558.148310388613, 7958.676291691052, 7552.916239133694, 9554.60610182209, 8702.690776763644, 7989.665429539427, 9010.297003402353]
[8381.410233419661, 9499.075680479511, 8795.430995279505, 8400.0785816367, 7705.218518353644, 8444.362793139891, 7274.145776984327, 9794.157911519182, 9795.815935092798, 6614.373401045537, 10664.444604181883, 8190.279580939311, 8362.947347566196, 9296.80033791168, 9253.802476763252, 7653.659008108213, 8666.688664550134, 8112.743991466904, 8350.757383558617, 6109.784778106517, 8291.038719300941, 8964.1658362669, 9023.670322058271, 8275.80758563193, 8534.427156684398, 10388.380581554758, 8941.700274964987, 7007.34860025574, 7828.174101473063, 8595.20180429043, 8447.934172642848, 9283.167319882119, 8656.174633851264, 9760.352333719151, 8981.953422935761, 7388.75297778093, 9048.092800090695, 8888.026202373838, 9001.369312663783, 8907.37187814509, 8287.901702964871, 9847.391167847645, 7987.332550348959, 8558.148310388613, 7958.676291691052, 7552.916239133694, 9554.60610182209, 8702.690776763644, 7989.665429539427, 9010.297003402353]
[8381.410233419661, 9495.27599513843, 8795.430995279505, 8364.37629443983, 7669.835919634451, 8444.362793139891, 7222.291441314859, 9794.157911519182, 9795.815935092798, 6613.1444111887195, 10664.444604181883, 8190.279580939311, 8320.297089372125, 9296.80033791168, 9253.802476763252, 7653.659008108213, 8666.688664550134, 8102.0014035409795, 8350.757383558617, 6109.784778106517, 8291.038719300941, 8956.595303836431, 9023.670322058271, 8275.80758563193, 8531.050609950591, 10386.772737776579, 8941.700274964987, 7007.34860025574, 7828.174101473063, 8595.20180429043, 8447.934172642848, 9283.167319882119, 8656.174633851264, 9760.352333719151, 8981.953422935761, 7388.75297778093, 9048.092800090695, 8872.023103980468, 9001.369312663783, 8907.37187814509, 8287.901702964871, 9847.391167847645, 7987.332550348959, 8544.281361620215, 7953.1575499402215, 7552.916239133694, 9554.60610182209, 8662.764934333913, 7970.862626463776, 9008.285812796112]
[8381.410233419661, 9495.27599513843, 8795.430995279505, 8359.896163613785, 7669.835919634451, 8405.74119203289, 7222.291441314859, 9794.157911519182, 9795.815935092798, 6613.1444111887195, 10664.444604181883, 8169.4818708666135, 8320.297089372125, 9276.45076422421, 9253.802476763252, 7653.659008108213, 8666.688664550134, 8102.0014035409795, 8350.757383558617, 6105.888249131691, 8282.419566701315, 8956.595303836431, 9023.670322058271, 8275.80758563193, 8531.050609950591, 10386.772737776579, 8941.700274964987, 6970.176194469476, 7818.062645106543, 8595.20180429043, 8447.934172642848, 9283.167319882119, 8656.174633851264, 9748.440822384358, 8956.342830922007, 7388.75297778093, 9048.092800090695, 8872.023103980468, 9001.369312663783, 8907.37187814509, 8261.119283904347, 9847.391167847645, 7970.933570855284, 8544.281361620215, 7953.1575499402215, 7552.916239133694, 9554.60610182209, 8662.764934333913, 7970.862626463776, 9008.285812796112]
[8381.410233419661, 9495.27599513843, 8795.430995279505, 8354.922522278606, 7657.285940623789, 8399.472066617254, 7222.291441314859, 9794.157911519182, 9795.815935092798, 6613.1444111887195, 10664.444604181883, 8169.4818708666135, 8320.297089372125, 9276.45076422421, 9253.802476763252, 7653.659008108213, 8630.635226890296, 8088.919718052479, 8350.419970807863, 6094.138822557749, 8278.880897315197, 8956.595303836431, 9023.339378571936, 8275.80758563193, 8531.050609950591, 10386.772737776579, 8932.197201981575, 6970.176194469476, 7818.062645106543, 8595.20180429043, 8447.934172642848, 9283.167319882119, 8656.174633851264, 9748.440822384358, 8956.342830922007, 7356.6879969693455, 9048.092800090695, 8872.023103980468, 9001.369312663783, 8907.37187814509, 8261.119283904347, 9841.40306416903, 7970.933570855284, 8544.281361620215, 7953.1575499402215, 7551.554880743306, 9554.60610182209, 8662.764934333913, 7970.862626463776, 9007.812759438419]
[8362.55518060375, 9495.27599513843, 8795.430995279505, 8344.790379199583, 7657.285940623789, 8399.472066617254, 7222.291441314859, 9762.842268945098, 9795.815935092798, 6612.967076301077, 10664.444604181883, 8169.4818708666135, 8320.297089372125, 9273.362986474449, 9253.802476763252, 7653.659008108213, 8630.635226890296, 8088.919718052479, 8309.487750745597, 6094.138822557749, 8270.823908858947, 8907.95910862323, 9023.339378571936, 8275.80758563193, 8531.050609950591, 10386.772737776579, 8932.197201981575, 6970.176194469476, 7811.610192455295, 8595.20180429043, 8447.934172642848, 9259.315556424042, 8656.174633851264, 9748.440822384358, 8956.342830922007, 7352.416327077992, 9048.092800090695, 8872.023103980468, 8986.150299440837, 8907.37187814509, 8261.119283904347, 9841.40306416903, 7962.18407135817, 8544.281361620215, 7953.1575499402215, 7551.554880743306, 9554.60610182209, 8662.764934333913, 7970.862626463776, 9007.812759438419]
[8362.55518060375, 9487.991488617965, 8795.430995279505, 8341.843231481564, 7657.285940623789, 8389.796330438108, 7222.291441314859, 9731.442736549707, 9795.815935092798, 6612.967076301077, 10664.444604181883, 8169.4818708666135, 8315.562385596651, 9273.362986474449, 9253.802476763252, 7631.389997305329, 8630.635226890296, 8085.956277339535, 8292.09042417713, 6094.138822557749, 8270.823908858947, 8898.112243659221, 9023.339378571936, 8275.80758563193, 8526.127970173195, 10386.772737776579, 8931.502680475147, 6970.176194469476, 7811.610192455295, 8595.20180429043, 8447.934172642848, 9245.179689121285, 8656.174633851264, 9736.053332051411, 8953.084447250501, 7352.416327077992, 9048.092800090695, 8872.023103980468, 8942.106770458366, 8907.37187814509, 8261.119283904347, 9841.40306416903, 7962.18407135817, 8544.281361620215, 7927.302127783003, 7551.554880743306, 9551.961378202412, 8662.764934333913, 7968.94129362537, 9007.812759438419]
[8337.602881713276, 9487.991488617965, 8794.012073835707, 8341.843231481564, 7657.285940623789, 8389.796330438108, 7192.966488766828, 9731.442736549707, 9795.815935092798, 6612.967076301077, 10664.444604181883, 8169.4818708666135, 8315.562385596651, 9263.9607138522, 9253.802476763252, 7631.389997305329, 8630.635226890296, 8077.68608084086, 8292.09042417713, 6088.084528967594, 8270.823908858947, 8898.112243659221, 9023.339378571936, 8208.299678451009, 8524.153146513625, 10386.772737776579, 8928.007971114217, 6970.176194469476, 7811.610192455295, 8595.20180429043, 8447.934172642848, 9231.49385582186, 8629.247753572328, 9716.443808357584, 8953.084447250501, 7345.893270020065, 9048.092800090695, 8872.023103980468, 8942.106770458366, 8907.37187814509, 8237.404254363955, 9826.826891512967, 7962.18407135817, 8544.281361620215, 7890.294162103013, 7520.930266583481, 9551.961378202412, 8630.008016891848, 7968.94129362537, 9007.812759438419]
[8337.602881713276, 9453.29557554956, 8782.503777516626, 8335.432669853119, 7645.730985895585, 8389.796330438108, 7177.986266028462, 9714.8572241959, 9795.815935092798, 6612.967076301077, 10641.274748371965, 8135.72296737133, 8315.562385596651, 9263.9607138522, 9253.802476763252, 7617.505001919094, 8630.635226890296, 8077.68608084086, 8292.09042417713, 6088.084528967594, 8270.823908858947, 8896.102713909584, 9023.339378571936, 8208.299678451009, 8499.861299568487, 10386.772737776579, 8900.777630523982, 6970.056597351836, 7795.754900549242, 8595.20180429043, 8447.934172642848, 9213.008970428844, 8629.247753572328, 9716.443808357584, 8953.084447250501, 7345.893270020065, 9048.092800090695, 8872.023103980468, 8942.106770458366, 8907.37187814509, 8237.404254363955, 9826.826891512967, 7962.18407135817, 8544.281361620215, 7890.294162103013, 7520.930266583481, 9551.961378202412, 8627.959279279394, 7963.1927144903475, 8982.850729449074]
[8337.602881713276, 9453.29557554956, 8782.503777516626, 8335.432669853119, 7645.730985895585, 8389.796330438108, 7177.986266028462, 9714.8572241959, 9795.815935092798, 6612.967076301077, 10641.274748371965, 8135.72296737133, 8300.594531913866, 9263.9607138522, 9253.802476763252, 7617.505001919094, 8630.635226890296, 8077.68608084086, 8292.09042417713, 6088.084528967594, 8270.823908858947, 8896.102713909584, 9023.339378571936, 8208.299678451009, 8499.861299568487, 10351.11839092265, 8900.777630523982, 6970.056597351836, 7792.573345177387, 8595.20180429043, 8447.934172642848, 9213.008970428844, 8588.530547099976, 9716.443808357584, 8953.084447250501, 7345.893270020065, 9048.092800090695, 8872.023103980468, 8942.106770458366, 8907.37187814509, 8237.404254363955, 9826.826891512967, 7962.18407135817, 8544.281361620215, 7890.294162103013, 7518.125613955788, 9551.961378202412, 8627.959279279394, 7963.1927144903475, 8982.850729449074]
[8337.602881713276, 9453.29557554956, 8713.107116717783, 8326.875901327667, 7645.730985895585, 8389.796330438108, 7177.986266028462, 9714.8572241959, 9795.815935092798, 6588.402519176782, 10641.274748371965, 8116.994275765947, 8289.108911517273, 9217.45817827485, 9253.802476763252, 7583.883804254078, 8630.635226890296, 8072.684638355988, 8292.09042417713, 6082.068392320547, 8270.823908858947, 8896.102713909584, 9023.339378571936, 8208.299678451009, 8499.861299568487, 10348.670498921012, 8892.616532151314, 6970.056597351836, 7792.573345177387, 8588.272543446676, 8447.934172642848, 9213.008970428844, 8588.530547099976, 9716.443808357584, 8932.362466634348, 7339.282161598932, 9048.092800090695, 8872.023103980468, 8942.106770458366, 8872.653488671003, 8237.404254363955, 9818.930335556703, 7962.18407135817, 8542.673198427026, 7890.294162103013, 7518.125613955788, 9518.095279923993, 8603.91045772863, 7957.196318573384, 8982.850729449074]
[8337.602881713276, 9453.29557554956, 8706.306751554783, 8312.49839023624, 7645.730985895585, 8388.023895774952, 7177.986266028462, 9714.8572241959, 9795.815935092798, 6582.228249956289, 10576.451427053476, 8116.994275765947, 8289.108911517273, 9217.45817827485, 9253.802476763252, 7578.867520513745, 8630.635226890296, 8072.684638355988, 8292.09042417713, 6055.3110815845075, 8253.58516576496, 8856.123066148171, 8998.507312590511, 8208.299678451009, 8499.861299568487, 10348.670498921012, 8890.81218155687, 6970.056597351836, 7792.573345177387, 8588.272543446676, 8447.934172642848, 9213.008970428844, 8588.530547099976, 9716.443808357584, 8932.362466634348, 7339.282161598932, 9021.08569201832, 8872.023103980468, 8942.106770458366, 8872.653488671003, 8237.404254363955, 9818.930335556703, 7962.18407135817, 8542.673198427026, 7870.171933629931, 7518.125613955788, 9518.095279923993, 8603.91045772863, 7952.137951736726, 8964.208333587245]
[8337.602881713276, 9442.830576838936, 8672.354072704575, 8312.49839023624, 7645.730985895585, 8372.103540755093, 7157.258838908978, 9714.8572241959, 9795.815935092798, 6560.782529777612, 10576.451427053476, 8100.7478705355115, 8289.108911517273, 9217.45817827485, 9253.802476763252, 7564.925009967368, 8601.823584901897, 8072.684638355988, 8292.09042417713, 6022.39421621068, 8253.58516576496, 8856.123066148171, 8998.507312590511, 8200.386708987216, 8499.861299568487, 10348.670498921012, 8867.175370194851, 6970.056597351836, 7792.573345177387, 8588.272543446676, 8438.05989094744, 9213.008970428844, 8588.530547099976, 9716.443808357584, 8916.465245681253, 7339.282161598932, 9021.08569201832, 8830.97019580736, 8940.135712476424, 8872.653488671003, 8237.404254363955, 9814.846161640684, 7922.282780701942, 8542.673198427026, 7849.23123640822, 7518.125613955788, 9518.095279923993, 8589.960167818543, 7952.137951736726, 8948.624092691327]
[8337.602881713276, 9442.830576838936, 8672.354072704575, 8312.49839023624, 7645.730985895585, 8372.103540755093, 7157.258838908978, 9714.8572241959, 9795.815935092798, 6560.782529777612, 10576.451427053476, 8075.054574597937, 8281.966878925836, 9217.45817827485, 9253.802476763252, 7564.925009967368, 8601.823584901897, 8072.684638355988, 8292.09042417713, 6015.413824132496, 8253.58516576496, 8821.799006443132, 8998.507312590511, 8200.386708987216, 8494.561318268985, 10339.082090990536, 8828.815160027889, 6970.056597351836, 7791.183160526782, 8541.415617703731, 8431.74211931026, 9213.008970428844, 8588.530547099976, 9707.847617273545, 8916.465245681253, 7339.282161598932, 9021.08569201832, 8830.97019580736, 8940.135712476424, 8872.653488671003, 8237.404254363955, 9795.279347386702, 7922.282780701942, 8542.673198427026, 7849.23123640822, 7518.125613955788, 9518.095279923993, 8589.960167818543, 7943.5178475176845, 8948.624092691327]
[8332.465578194187, 9442.830576838936, 8672.354072704575, 8286.124625765153, 7641.44045782351, 8369.801874958563, 7157.258838908978, 9714.8572241959, 9784.937947812612, 6560.782529777612, 10575.819306614294, 8075.054574597937, 8253.171996880705, 9206.17123597501, 9253.802476763252, 7564.925009967368, 8590.070389990793, 8072.684638355988, 8292.09042417713, 6015.413824132496, 8225.031200540125, 8821.799006443132, 8998.507312590511, 8200.386708987216, 8494.561318268985, 10339.082090990536, 8828.815160027889, 6970.056597351836, 7791.183160526782, 8541.415617703731, 8418.865795817499, 9213.008970428844, 8588.530547099976, 9707.847617273545, 8916.465245681253, 7339.282161598932, 9016.873557366653, 8830.97019580736, 8940.135712476424, 8872.653488671003, 8237.404254363955, 9786.609340085874, 7922.282780701942, 8542.673198427026, 7820.025346076513, 7514.123488228947, 9518.095279923993, 8589.960167818543, 7912.860609642297, 8917.284311990661]
[8332.465578194187, 9427.822500275675, 8655.962555487511, 8286.124625765153, 7641.44045782351, 8369.801874958563, 7157.258838908978, 9714.8572241959, 9784.937947812612, 6560.782529777612, 10551.199199604725, 8069.557050394326, 8198.461862252876, 9206.17123597501, 9250.490959228664, 7549.656887522804, 8590.070389990793, 8072.684638355988, 8292.09042417713, 6015.413824132496, 8225.031200540125, 8821.799006443132, 8998.507312590511, 8200.386708987216, 8494.561318268985, 10308.29438726716, 8828.815160027889, 6970.056597351836, 7791.183160526782, 8541.415617703731, 8418.865795817499, 9213.008970428844, 8588.530547099976, 9707.847617273545, 8916.465245681253, 7338.499135201183, 9016.873557366653, 8829.339662341683, 8940.135712476424, 8872.653488671003, 8235.881144628886, 9786.609340085874, 7916.37902165836, 8542.673198427026, 7820.025346076513, 7514.123488228947, 9518.095279923993, 8589.960167818543, 7912.860609642297, 8917.284311990661]
[8332.465578194187, 9427.822500275675, 8655.962555487511, 8286.124625765153, 7600.574524790058, 8369.801874958563, 7157.258838908978, 9701.296313061772, 9784.937947812612, 6560.782529777612, 10540.479928031693, 8056.581977243755, 8198.461862252876, 9206.17123597501, 9250.490959228664, 7549.656887522804, 8576.880067601658, 8043.52935042776, 8292.09042417713, 6012.235350887467, 8201.861975694712, 8807.116778863272, 8998.507312590511, 8200.386708987216, 8487.553562990974, 10294.858452504739, 8812.538236763488, 6960.60530874089, 7791.183160526782, 8541.415617703731, 8418.865795817499, 9213.008970428844, 8588.530547099976, 9696.348463122791, 8913.243970264433, 7335.227219645746, 9016.873557366653, 8821.53375407916, 8937.731026515796, 8869.796808443049, 8235.881144628886, 9786.609340085874, 7916.37902165836, 8542.673198427026, 7820.025346076513, 7491.1761767205735, 9514.945519307865, 8589.960167818543, 7910.837963917671, 8916.44538585624]
[8332.465578194187, 9427.822500275675, 8651.499919509472, 8286.124625765153, 7600.574524790058, 8369.801874958563, 7157.258838908978, 9701.296313061772, 9784.937947812612, 6560.782529777612, 10504.915887606645, 8056.581977243755, 8198.461862252876, 9206.17123597501, 9234.007465985238, 7549.656887522804, 8576.880067601658, 8014.596304779433, 8292.09042417713, 5973.681795795531, 8198.760713661219, 8807.116778863272, 8998.507312590511, 8200.386708987216, 8428.892927100907, 10294.858452504739, 8811.860038992423, 6960.60530874089, 7774.064678096256, 8532.027223990544, 8376.43798146508, 9213.008970428844, 8588.530547099976, 9696.348463122791, 8913.243970264433, 7335.227219645746, 9016.873557366653, 8821.53375407916, 8937.731026515796, 8869.796808443049, 8235.881144628886, 9756.798635630406, 7891.72831793365, 8542.673198427026, 7814.222401930946, 7473.329180467644, 9514.0021760765, 8572.345906570748, 7910.837963917671, 8911.968298945138]
[8328.640836430146, 9427.822500275675, 8647.969292268474, 8284.788523966736, 7600.574524790058, 8364.239712302278, 7157.258838908978, 9688.219198858833, 9784.937947812612, 6560.782529777612, 10504.915887606645, 8056.581977243755, 8198.20701151242, 9206.17123597501, 9234.007465985238, 7549.656887522804, 8576.880067601658, 8010.272971222557, 8282.99537175296, 5973.681795795531, 8198.760713661219, 8807.116778863272, 8998.507312590511, 8200.386708987216, 8417.625360726623, 10294.858452504739, 8811.860038992423, 6940.028605970157, 7774.064678096256, 8532.027223990544, 8376.43798146508, 9209.56274658438, 8588.530547099976, 9696.348463122791, 8913.243970264433, 7335.227219645746, 9016.873557366653, 8821.53375407916, 8937.321359463534, 8869.796808443049, 8235.881144628886, 9756.798635630406, 7891.72831793365, 8535.708669105075, 7814.222401930946, 7473.329180467644, 9514.0021760765, 8572.345906570748, 7872.734667727653, 8898.069675678886]
[8313.997735548886, 9427.822500275675, 8647.969292268474, 8284.363920298956, 7600.574524790058, 8363.303519161025, 7157.258838908978, 9688.219198858833, 9784.937947812612, 6560.782529777612, 10504.915887606645, 8056.581977243755, 8197.90265392373, 9163.557207616706, 9234.007465985238, 7549.656887522804, 8565.02843305517, 8010.272971222557, 8282.99537175296, 5973.681795795531, 8198.760713661219, 8807.116778863272, 8998.507312590511, 8200.386708987216, 8417.625360726623, 10294.858452504739, 8811.860038992423, 6940.028605970157, 7764.488940622154, 8514.206908963883, 8376.43798146508, 9209.56274658438, 8588.530547099976, 9696.348463122791, 8913.243970264433, 7335.227219645746, 9016.873557366653, 8821.53375407916, 8905.925264931959, 8869.796808443049, 8235.881144628886, 9756.798635630406, 7891.72831793365, 8535.708669105075, 7797.56093962945, 7467.48781196011, 9514.0021760765, 8572.345906570748, 7865.081113020062, 8882.149370714471]
[8304.453021168225, 9427.822500275675, 8647.969292268474, 8284.363920298956, 7600.574524790058, 8363.303519161025, 7157.258838908978, 9659.570531368916, 9774.007559159752, 6534.2345977051855, 10500.897450643453, 8037.235906246972, 8188.271297704938, 9152.73911486941, 9234.007465985238, 7549.656887522804, 8565.02843305517, 8010.272971222557, 8282.99537175296, 5952.338615526989, 8182.592690568679, 8807.116778863272, 8989.535757172998, 8110.80598805343, 8373.898071450447, 10294.858452504739, 8794.092004063095, 6929.312907116041, 7764.488940622154, 8514.206908963883, 8374.65623897659, 9209.56274658438, 8588.530547099976, 9679.647090041803, 8887.079267948171, 7333.458067516016, 9016.873557366653, 8821.53375407916, 8905.925264931959, 8869.796808443049, 8235.881144628886, 9756.798635630406, 7891.72831793365, 8535.708669105075, 7797.56093962945, 7467.48781196011, 9514.0021760765, 8565.785819718114, 7858.78877839228, 8882.149370714471]
[8284.026082911532, 9427.822500275675, 8587.763891019289, 8284.363920298956, 7600.574524790058, 8357.78527254534, 7141.973525409985, 9659.570531368916, 9774.007559159752, 6511.234022661003, 10500.897450643453, 8037.235906246972, 8188.271297704938, 9152.73911486941, 9234.007465985238, 7549.656887522804, 8565.02843305517, 8010.272971222557, 8280.998911970275, 5952.338615526989, 8182.592690568679, 8807.116778863272, 8989.535757172998, 8110.80598805343, 8373.898071450447, 10294.858452504739, 8794.092004063095, 6913.994492382995, 7764.488940622154, 8514.06921951274, 8374.65623897659, 9209.56274658438, 8588.530547099976, 9679.647090041803, 8887.079267948171, 7328.968323620819, 9016.873557366653, 8816.551547982966, 8905.925264931959, 8869.796808443049, 8227.079880925083, 9756.798635630406, 7891.72831793365, 8535.708669105075, 7792.329683178374, 7467.48781196011, 9500.485312524506, 8560.258917448602, 7853.477490672811, 8882.149370714471]
[8284.026082911532, 9405.03682337517, 8587.763891019289, 8284.363920298956, 7600.574524790058, 8345.229938229135, 7141.973525409985, 9659.570531368916, 9774.007559159752, 6511.234022661003, 10500.897450643453, 8037.235906246972, 8181.4208273908225, 9152.73911486941, 9234.007465985238, 7549.656887522804, 8555.862973073792, 8010.272971222557, 8272.371519518454, 5952.338615526989, 8182.592690568679, 8778.476819336718, 8989.535757172998, 8110.80598805343, 8373.898071450447, 10294.858452504739, 8763.016723462493, 6913.994492382995, 7752.113250532081, 8514.06921951274, 8374.65623897659, 9209.56274658438, 8588.530547099976, 9679.647090041803, 8867.336912275476, 7328.968323620819, 9016.873557366653, 8816.551547982966, 8905.925264931959, 8847.721263282334, 8227.079880925083, 9756.798635630406, 7849.823363611965, 8517.85364055193, 7792.329683178374, 7461.077975432869, 9500.485312524506, 8560.258917448602, 7853.477490672811, 8880.258206305012]
[8284.026082911532, 9405.03682337517, 8587.763891019289, 8284.363920298956, 7565.599428567449, 8345.229938229135, 7140.4577923439665, 9659.570531368916, 9774.007559159752, 6511.234022661003, 10500.897450643453, 8037.235906246972, 8151.787703158894, 9152.73911486941, 9200.059917655275, 7549.656887522804, 8543.741353119596, 8010.272971222557, 8272.371519518454, 5952.338615526989, 8123.887518836767, 8778.476819336718, 8989.535757172998, 8108.947737295815, 8373.898071450447, 10275.055917583231, 8763.016723462493, 6913.994492382995, 7698.226122996001, 8514.06921951274, 8358.183086085517, 9205.856243095153, 8584.010652002045, 9679.647090041803, 8867.336912275476, 7304.782376495388, 8990.122771467108, 8816.551547982966, 8905.925264931959, 8847.721263282334, 8227.079880925083, 9756.798635630406, 7849.823363611965, 8517.85364055193, 7785.011623567955, 7441.2007268877005, 9500.485312524506, 8560.258917448602, 7836.367009388525, 8867.878263262788]
[8185.29050722832, 9405.03682337517, 8587.763891019289, 8284.363920298956, 7563.801964917165, 8345.229938229135, 7140.4577923439665, 9636.901820336057, 9774.007559159752, 6490.02509561154, 10500.897450643453, 8032.66713573423, 8146.55486610831, 9128.766676298255, 9200.059917655275, 7548.74056101694, 8530.871078863282, 8010.272971222557, 8259.605468894768, 5903.6439331384945, 8118.859972433774, 8778.476819336718, 8975.927140000076, 8105.997608304552, 8351.809882211846, 10275.055917583231, 8763.016723462493, 6913.994492382995, 7698.226122996001, 8508.756384325687, 8358.183086085517, 9205.856243095153, 8584.010652002045, 9679.647090041803, 8867.336912275476, 7304.782376495388, 8990.02528589292, 8816.551547982966, 8905.925264931959, 8847.721263282334, 8227.079880925083, 9755.161921144349, 7802.04447360931, 8517.85364055193, 7785.011623567955, 7441.2007268877005, 9479.234734635875, 8560.258917448602, 7832.2577550532205, 8860.2083312509]
[8185.29050722832, 9405.03682337517, 8587.442410201638, 8281.261797211699, 7516.975546376637, 8345.229938229135, 7140.4577923439665, 9636.901820336057, 9753.527556640114, 6490.02509561154, 10500.897450643453, 8009.220018518909, 8146.55486610831, 9128.766676298255, 9200.059917655275, 7542.474261142668, 8528.629525126782, 8010.272971222557, 8259.605468894768, 5903.6439331384945, 8118.859972433774, 8778.476819336718, 8975.927140000076, 8105.997608304552, 8351.809882211846, 10275.055917583231, 8758.108461433632, 6904.707473147902, 7698.226122996001, 8508.756384325687, 8357.631846672191, 9205.856243095153, 8584.010652002045, 9679.647090041803, 8867.336912275476, 7304.782376495388, 8990.02528589292, 8816.551547982966, 8905.925264931959, 8839.04379419637, 8221.994732645382, 9751.685481557815, 7800.530087791175, 8517.85364055193, 7785.011623567955, 7441.2007268877005, 9479.234734635875, 8560.058884495733, 7832.2577550532205, 8840.044952215225]
[8185.29050722832, 9405.03682337517, 8587.442410201638, 8280.58104849672, 7516.975546376637, 8345.229938229135, 7124.703410775542, 9636.901820336057, 9753.527556640114, 6490.02509561154, 10491.336345121837, 8005.2708114366615, 8146.55486610831, 9128.766676298255, 9200.059917655275, 7533.567197856608, 8528.629525126782, 8010.272971222557, 8259.605468894768, 5903.6439331384945, 8118.859972433774, 8778.476819336718, 8975.927140000076, 8105.997608304552, 8351.809882211846, 10275.055917583231, 8758.108461433632, 6894.147570856966, 7677.54732255938, 8508.756384325687, 8357.631846672191, 9205.856243095153, 8584.010652002045, 9679.647090041803, 8867.336912275476, 7304.782376495388, 8982.517565240127, 8816.551547982966, 8905.925264931959, 8806.993602028895, 8217.29224079901, 9741.668523102753, 7800.530087791175, 8517.85364055193, 7755.524562238284, 7441.2007268877005, 9479.234734635875, 8560.058884495733, 7832.2577550532205, 8840.044952215225]
[8157.950639474651, 9405.03682337517, 8584.4859579862, 8280.58104849672, 7516.975546376637, 8345.229938229135, 7120.263700259839, 9622.594913186416, 9716.730321690837, 6490.02509561154, 10491.336345121837, 8005.2708114366615, 8146.55486610831, 9128.766676298255, 9186.105813135731, 7533.567197856608, 8528.629525126782, 7999.018197245312, 8259.605468894768, 5903.6439331384945, 8097.047717300295, 8778.476819336718, 8975.927140000076, 8065.317222807699, 8351.809882211846, 10275.055917583231, 8745.380754585874, 6894.147570856966, 7677.54732255938, 8503.35268985788, 8357.631846672191, 9205.856243095153, 8584.010652002045, 9679.647090041803, 8867.336912275476, 7304.118389062028, 8930.802131230168, 8812.638116750672, 8864.603602441537, 8806.993602028895, 8217.29224079901, 9741.668523102753, 7800.530087791175, 8517.85364055193, 7755.524562238284, 7441.2007268877005, 9479.234734635875, 8560.058884495733, 7832.2577550532205, 8839.598279654945]
[8139.563815511404, 9394.967274829867, 8584.4859579862, 8280.58104849672, 7498.1886774982295, 8345.229938229135, 7120.263700259839, 9622.594913186416, 9716.730321690837, 6490.02509561154, 10491.336345121837, 7995.802512077427, 8133.842419903759, 9125.253220246319, 9186.105813135731, 7533.567197856608, 8522.131183617152, 7999.018197245312, 8259.605468894768, 5903.6439331384945, 8097.047717300295, 8778.476819336718, 8975.927140000076, 8065.317222807699, 8351.809882211846, 10242.87963819305, 8745.380754585874, 6894.147570856966, 7677.54732255938, 8503.35268985788, 8357.631846672191, 9205.856243095153, 8582.411370418435, 9679.647090041803, 8843.86288493704, 7263.568748426003, 8912.37876202508, 8812.638116750672, 8864.603602441537, 8806.993602028895, 8217.29224079901, 9741.668523102753, 7800.530087791175, 8498.39952328259, 7755.524562238284, 7433.086460998798, 9479.234734635875, 8560.058884495733, 7832.2577550532205, 8839.598279654945]
[8139.563815511404, 9394.967274829867, 8584.4859579862, 8280.58104849672, 7498.1886774982295, 8342.31746771649, 7103.846663031158, 9622.594913186416, 9716.730321690837, 6454.16988433442, 10491.336345121837, 7995.802512077427, 8133.842419903759, 9125.253220246319, 9186.105813135731, 7533.567197856608, 8522.131183617152, 7999.018197245312, 8259.605468894768, 5903.6439331384945, 8097.047717300295, 8778.476819336718, 8975.927140000076, 8065.317222807699, 8338.106927803055, 10242.87963819305, 8745.380754585874, 6894.147570856966, 7677.54732255938, 8503.35268985788, 8357.631846672191, 9205.856243095153, 8564.9444197872, 9679.647090041803, 8843.86288493704, 7263.568748426003, 8897.422594369735, 8801.997494283205, 8864.603602441537, 8803.747706976956, 8217.29224079901, 9741.156603514779, 7800.530087791175, 8498.39952328259, 7738.558347143831, 7412.887498028713, 9479.234734635875, 8553.576840227206, 7824.160682475893, 8801.431442634539]
[8139.563815511404, 9394.967274829867, 8584.4859579862, 8261.245524564063, 7490.16208856187, 8341.41507363146, 7102.039428441099, 9590.255887213829, 9716.730321690837, 6442.585799014169, 10491.336345121837, 7995.802512077427, 8133.842419903759, 9125.253220246319, 9165.631543110137, 7517.870300592776, 8522.131183617152, 7999.018197245312, 8259.605468894768, 5901.145156119234, 8097.047717300295, 8778.476819336718, 8913.136786167917, 8065.317222807699, 8338.106927803055, 10242.87963819305, 8745.380754585874, 6894.147570856966, 7677.54732255938, 8479.176882555093, 8357.631846672191, 9196.721926442504, 8564.9444197872, 9679.647090041803, 8807.991467827847, 7263.568748426003, 8897.094788272425, 8801.997494283205, 8864.603602441537, 8772.853901534203, 8217.29224079901, 9741.156603514779, 7800.530087791175, 8498.39952328259, 7718.350159907345, 7373.824303455241, 9435.891134838039, 8546.362650701147, 7819.176535384686, 8798.897024975693]
[8139.563815511404, 9394.967274829867, 8584.4859579862, 8261.245524564063, 7490.16208856187, 8333.675639083218, 7102.039428441099, 9590.255887213829, 9716.730321690837, 6429.782975980221, 10491.336345121837, 7995.802512077427, 8133.842419903759, 9125.253220246319, 9165.631543110137, 7517.870300592776, 8522.131183617152, 7999.018197245312, 8259.605468894768, 5896.226025179009, 8097.047717300295, 8778.476819336718, 8913.136786167917, 8065.317222807699, 8338.106927803055, 10242.87963819305, 8745.380754585874, 6880.148667144725, 7677.54732255938, 8479.176882555093, 8357.631846672191, 9193.643610755182, 8564.9444197872, 9679.647090041803, 8807.991467827847, 7263.568748426003, 8897.094788272425, 8801.997494283205, 8859.843657855188, 8772.853901534203, 8217.29224079901, 9729.778116930993, 7800.530087791175, 8498.39952328259, 7716.970820211243, 7363.110808910988, 9435.891134838039, 8526.899757899817, 7819.176535384686, 8798.897024975693]
[8127.67369567727, 9394.967274829867, 8584.4859579862, 8261.135936627341, 7490.16208856187, 8333.675639083218, 7102.039428441099, 9590.255887213829, 9716.730321690837, 6372.793375040688, 10470.51990203455, 7995.802512077427, 8132.185594770157, 9121.457305665392, 9165.631543110137, 7511.3899253771115, 8522.131183617152, 7999.018197245312, 8259.605468894768, 5889.980399726005, 8097.047717300295, 8777.033799618239, 8913.136786167917, 8055.593961154363, 8338.106927803055, 10241.972837205001, 8745.380754585874, 6880.148667144725, 7659.736737355022, 8476.518762722375, 8346.915145903524, 9187.03733298703, 8564.9444197872, 9679.647090041803, 8807.991467827847, 7241.690035276554, 8897.094788272425, 8801.997494283205, 8828.000052996636, 8772.853901534203, 8217.29224079901, 9729.778116930993, 7786.131652829336, 8494.462762649773, 7707.262578423621, 7345.60198626058, 9435.891134838039, 8526.899757899817, 7819.176535384686, 8798.007514234483]
[8127.67369567727, 9377.958786713114, 8584.4859579862, 8261.135936627341, 7478.747095165655, 8333.675639083218, 7096.690723128771, 9590.255887213829, 9716.730321690837, 6372.793375040688, 10470.51990203455, 7969.4346527912185, 8132.185594770157, 9106.768403337997, 9165.631543110137, 7504.831368436749, 8522.131183617152, 7977.394252877326, 8256.819857365801, 5862.89074044657, 8097.047717300295, 8777.033799618239, 8907.04873571441, 8055.593961154363, 8338.106927803055, 10241.972837205001, 8716.643682456724, 6880.148667144725, 7659.736737355022, 8476.518762722375, 8331.0588279228, 9184.174925875408, 8506.213849846874, 9679.647090041803, 8807.991467827847, 7241.690035276554, 8879.691641318172, 8770.610436405352, 8828.000052996636, 8772.853901534203, 8217.29224079901, 9729.778116930993, 7782.673186837705, 8494.462762649773, 7707.262578423621, 7338.35943283007, 9426.27362835716, 8526.899757899817, 7817.725505274614, 8798.007514234483]
[8127.67369567727, 9377.958786713114, 8584.4859579862, 8261.135936627341, 7478.747095165655, 8333.675639083218, 7039.930545446703, 9590.255887213829, 9716.730321690837, 6372.793375040688, 10470.51990203455, 7969.4346527912185, 8112.117947450597, 9106.768403337997, 9164.626069711394, 7504.831368436749, 8522.131183617152, 7977.394252877326, 8256.819857365801, 5861.752247354892, 8097.047717300295, 8772.450259668938, 8907.04873571441, 8032.450106281144, 8334.553118821505, 10241.972837205001, 8716.643682456724, 6880.148667144725, 7619.927309135749, 8476.518762722375, 8331.0588279228, 9184.174925875408, 8506.213849846874, 9679.647090041803, 8807.991467827847, 7229.415985749004, 8876.122294895124, 8770.610436405352, 8828.000052996636, 8772.853901534203, 8217.29224079901, 9729.778116930993, 7782.673186837705, 8494.462762649773, 7707.262578423621, 7338.35943283007, 9426.27362835716, 8513.317316821072, 7815.580406388576, 8798.007514234483]
[8127.67369567727, 9377.958786713114, 8551.375116398876, 8261.135936627341, 7478.747095165655, 8333.675639083218, 7039.930545446703, 9588.354987673118, 9716.730321690837, 6372.793375040688, 10470.51990203455, 7964.603064042158, 8109.992406143475, 9106.768403337997, 9164.626069711394, 7502.753896558077, 8522.131183617152, 7977.394252877326, 8256.819857365801, 5847.620528456338, 8097.047717300295, 8772.450259668938, 8888.599593988858, 8032.450106281144, 8334.553118821505, 10241.972837205001, 8716.643682456724, 6880.148667144725, 7619.927309135749, 8476.518762722375, 8331.0588279228, 9175.787161614538, 8506.213849846874, 9679.647090041803, 8789.637489111756, 7194.29735922572, 8876.122294895124, 8770.610436405352, 8828.000052996636, 8772.853901534203, 8207.9297675925, 9729.35806414414, 7782.673186837705, 8494.462762649773, 7707.262578423621, 7338.35943283007, 9426.27362835716, 8497.733940685972, 7789.50244030743, 8798.007514234483]
[8127.67369567727, 9377.958786713114, 8551.375116398876, 8261.135936627341, 7478.747095165655, 8333.675639083218, 7039.930545446703, 9588.354987673118, 9716.730321690837, 6351.207389790985, 10470.51990203455, 7951.982376163769, 8093.3730760837525, 9106.768403337997, 9155.372223799104, 7498.894326692272, 8522.131183617152, 7977.394252877326, 8256.819857365801, 5847.620528456338, 8097.047717300295, 8762.189481064986, 8888.599593988858, 8032.450106281144, 8334.553118821505, 10241.972837205001, 8712.035641043018, 6880.148667144725, 7619.927309135749, 8476.518762722375, 8312.051839722717, 9175.787161614538, 8447.48580931978, 9679.647090041803, 8786.541460290524, 7190.654761401874, 8876.122294895124, 8770.610436405352, 8828.000052996636, 8772.853901534203, 8207.9297675925, 9716.048364977401, 7782.673186837705, 8494.462762649773, 7707.103780081403, 7338.35943283007, 9426.27362835716, 8497.733940685972, 7789.50244030743, 8798.007514234483]
[8121.4486289033575, 9367.848739677973, 8546.230423550562, 8261.135936627341, 7477.460223392784, 8333.675639083218, 7030.72258230914, 9529.038943342892, 9716.730321690837, 6351.051461269458, 10465.00469244098, 7941.365849751317, 8093.3730760837525, 9106.768403337997, 9155.372223799104, 7498.894326692272, 8522.131183617152, 7977.394252877326, 8256.819857365801, 5847.620528456338, 8088.672051480651, 8760.292067892591, 8888.599593988858, 8026.24972373131, 8334.553118821505, 10241.972837205001, 8694.097831857262, 6871.180079177592, 7597.3682087091875, 8476.518762722375, 8311.070844297916, 9175.787161614538, 8398.583633331042, 9679.647090041803, 8768.174739897866, 7190.654761401874, 8876.122294895124, 8770.610436405352, 8828.000052996636, 8772.853901534203, 8207.9297675925, 9716.048364977401, 7782.673186837705, 8494.462762649773, 7695.505816204162, 7338.35943283007, 9426.27362835716, 8497.733940685972, 7789.50244030743, 8798.007514234483]
[8121.4486289033575, 9367.848739677973, 8546.230423550562, 8261.135936627341, 7477.460223392784, 8333.675639083218, 7030.72258230914, 9517.62253787917, 9716.730321690837, 6351.051461269458, 10465.00469244098, 7941.365849751317, 8093.3730760837525, 9106.768403337997, 9155.372223799104, 7498.894326692272, 8522.131183617152, 7959.696035394083, 8256.819857365801, 5847.620528456338, 8085.474381677758, 8760.292067892591, 8888.599593988858, 8018.683410593917, 8334.553118821505, 10235.0706245396, 8694.097831857262, 6871.180079177592, 7597.3682087091875, 8476.518762722375, 8311.070844297916, 9175.787161614538, 8398.583633331042, 9679.647090041803, 8768.174739897866, 7190.654761401874, 8876.122294895124, 8770.610436405352, 8828.000052996636, 8758.459329954376, 8207.9297675925, 9716.048364977401, 7782.673186837705, 8494.462762649773, 7695.505816204162, 7338.35943283007, 9426.27362835716, 8497.733940685972, 7789.50244030743, 8798.007514234483]
[8121.4486289033575, 9367.848739677973, 8540.156642877755, 8261.135936627341, 7477.057443553056, 8333.675639083218, 7030.574664369755, 9517.62253787917, 9716.730321690837, 6351.051461269458, 10433.31083382529, 7941.365849751317, 8084.826949209516, 9097.976811952667, 9155.372223799104, 7498.894326692272, 8522.131183617152, 7958.217982590429, 8256.819857365801, 5844.236528381856, 8085.474381677758, 8760.292067892591, 8857.08281195993, 8018.683410593917, 8334.553118821505, 10235.0706245396, 8694.097831857262, 6871.180079177592, 7597.3682087091875, 8476.518762722375, 8311.070844297916, 9175.787161614538, 8386.423028187268, 9679.647090041803, 8768.174739897866, 7190.654761401874, 8876.122294895124, 8739.193436112406, 8828.000052996636, 8758.459329954376, 8171.627903895994, 9702.215772800319, 7782.673186837705, 8494.462762649773, 7674.364234136432, 7338.218531381438, 9426.27362835716, 8493.143396447278, 7789.50244030743, 8775.533145871828]
[8106.2467580092925, 9367.848739677973, 8540.156642877755, 8216.246082852904, 7463.296100334895, 8331.671585069666, 7014.002269801496, 9517.62253787917, 9716.730321690837, 6351.051461269458, 10433.31083382529, 7896.536264776175, 8084.826949209516, 9097.976811952667, 9155.372223799104, 7498.894326692272, 8522.131183617152, 7935.661969105457, 8256.819857365801, 5821.528628143542, 8085.474381677758, 8760.292067892591, 8857.08281195993, 8018.683410593917, 8334.553118821505, 10198.104938812388, 8694.097831857262, 6871.180079177592, 7597.3682087091875, 8476.518762722375, 8311.070844297916, 9173.539288494987, 8386.423028187268, 9679.647090041803, 8768.174739897866, 7190.654761401874, 8876.122294895124, 8728.463378073979, 8816.65138316779, 8758.459329954376, 8142.3055252142685, 9702.215772800319, 7782.673186837705, 8494.462762649773, 7661.325599676982, 7332.889163240528, 9426.27362835716, 8493.143396447278, 7789.50244030743, 8742.460474429923]
[8075.894741878302, 9367.848739677973, 8540.156642877755, 8211.969785508853, 7457.417506931966, 8324.288175710843, 6990.509676467572, 9517.62253787917, 9712.15147650222, 6338.595267990068, 10429.874463046279, 7896.536264776175, 8084.826949209516, 9097.976811952667, 9155.372223799104, 7498.894326692272, 8522.131183617152, 7935.661969105457, 8245.749999817961, 5821.528628143542, 8085.474381677758, 8759.630992825818, 8857.08281195993, 8018.683410593917, 8334.553118821505, 10198.104938812388, 8694.097831857262, 6871.180079177592, 7597.3682087091875, 8453.402226045207, 8301.294382185124, 9165.25376020837, 8386.423028187268, 9669.772752369505, 8768.174739897866, 7190.654761401874, 8874.635587472125, 8728.463378073979, 8816.65138316779, 8749.70379807435, 8142.3055252142685, 9702.215772800319, 7772.036804594973, 8472.177613463771, 7661.325599676982, 7319.380695213312, 9426.27362835716, 8493.143396447278, 7787.714295137366, 8742.460474429923]
[8070.28231188498, 9367.848739677973, 8540.156642877755, 8211.969785508853, 7457.417506931966, 8324.288175710843, 6990.509676467572, 9517.62253787917, 9712.15147650222, 6338.595267990068, 10414.502683578155, 7896.536264776175, 8084.826949209516, 9097.976811952667, 9155.372223799104, 7498.894326692272, 8522.131183617152, 7935.661969105457, 8245.749999817961, 5821.528628143542, 8071.1158954537605, 8726.814161848251, 8857.08281195993, 8018.683410593917, 8319.45057711861, 10198.104938812388, 8694.097831857262, 6871.180079177592, 7597.3682087091875, 8453.402226045207, 8301.294382185124, 9165.25376020837, 8386.423028187268, 9669.772752369505, 8768.174739897866, 7190.654761401874, 8874.635587472125, 8728.463378073979, 8816.65138316779, 8749.70379807435, 8142.3055252142685, 9702.215772800319, 7721.466515120161, 8470.668602459476, 7651.0759792577055, 7319.380695213312, 9422.544243822957, 8493.143396447278, 7787.714295137366, 8742.460474429923]
[8070.28231188498, 9367.848739677973, 8540.156642877755, 8211.969785508853, 7413.574679979907, 8324.288175710843, 6990.509676467572, 9517.62253787917, 9712.15147650222, 6338.595267990068, 10414.502683578155, 7896.536264776175, 8084.826949209516, 9097.976811952667, 9155.372223799104, 7498.894326692272, 8508.966436813667, 7935.661969105457, 8235.745663408034, 5814.300337679834, 8068.054619327502, 8726.814161848251, 8857.08281195993, 8018.683410593917, 8319.45057711861, 10181.754666034049, 8683.560056619248, 6865.348930714494, 7597.3682087091875, 8453.402226045207, 8301.294382185124, 9149.372635503989, 8377.6464578839, 9669.772752369505, 8768.174739897866, 7190.654761401874, 8874.635587472125, 8709.262330091855, 8816.65138316779, 8749.70379807435, 8142.3055252142685, 9702.215772800319, 7707.187393506256, 8470.668602459476, 7651.0759792577055, 7317.506333906689, 9422.544243822957, 8493.143396447278, 7757.585349446675, 8742.460474429923]
[8070.28231188498, 9367.848739677973, 8540.156642877755, 8211.969785508853, 7404.2234330773745, 8293.911986013049, 6954.904265638994, 9517.62253787917, 9712.15147650222, 6338.595267990068, 10414.502683578155, 7896.536264776175, 8084.826949209516, 9067.064581023758, 9155.372223799104, 7488.887151929123, 8508.966436813667, 7935.661969105457, 8235.745663408034, 5799.0152772309475, 8023.780756797268, 8714.74116104451, 8857.08281195993, 8018.683410593917, 8319.45057711861, 10181.754666034049, 8683.560056619248, 6865.348930714494, 7596.701149231895, 8453.402226045207, 8301.294382185124, 9144.783237349737, 8377.6464578839, 9669.772752369505, 8734.741134452059, 7190.654761401874, 8859.621712503236, 8709.262330091855, 8816.65138316779, 8749.70379807435, 8137.3832339807195, 9700.695526817648, 7707.187393506256, 8468.411581912665, 7651.0759792577055, 7317.506333906689, 9404.19087861505, 8493.143396447278, 7757.585349446675, 8742.460474429923]
[8050.537357995228, 9367.848739677973, 8540.156642877755, 8211.969785508853, 7400.8836210811805, 8247.857850043105, 6954.904265638994, 9517.62253787917, 9712.15147650222, 6331.5698190803505, 10414.502683578155, 7896.536264776175, 8084.826949209516, 9064.062455848345, 9155.372223799104, 7488.887151929123, 8508.966436813667, 7935.661969105457, 8235.745663408034, 5799.0152772309475, 8020.444337698183, 8706.18944603633, 8857.08281195993, 8018.683410593917, 8290.992844696291, 10181.754666034049, 8682.25520132474, 6865.348930714494, 7596.701149231895, 8453.402226045207, 8300.143722515304, 9144.783237349737, 8358.399436118798, 9669.772752369505, 8734.741134452059, 7190.654761401874, 8810.025369219797, 8709.262330091855, 8816.65138316779, 8749.685186904404, 8137.3832339807195, 9700.695526817648, 7665.514085392521, 8448.701206163993, 7651.0759792577055, 7309.267911567162, 9404.19087861505, 8493.143396447278, 7740.389834884762, 8742.460474429923]
[8035.968641366005, 9367.848739677973, 8540.156642877755, 8211.969785508853, 7397.5587184511605, 8247.857850043105, 6942.951297736923, 9460.374635041044, 9712.15147650222, 6331.5698190803505, 10391.532506275775, 7896.536264776175, 8084.826949209516, 9064.062455848345, 9155.372223799104, 7473.759741263483, 8508.966436813667, 7935.661969105457, 8235.745663408034, 5799.0152772309475, 8020.444337698183, 8706.18944603633, 8857.08281195993, 8018.352931004857, 8286.75316283575, 10181.754666034049, 8682.25520132474, 6865.348930714494, 7589.812885185634, 8452.312254531651, 8300.143722515304, 9144.783237349737, 8351.322750403076, 9669.772752369505, 8734.741134452059, 7190.654761401874, 8810.025369219797, 8703.561849377107, 8816.65138316779, 8749.685186904404, 8137.3832339807195, 9700.695526817648, 7661.020894461433, 8407.356961614601, 7631.614282982536, 7309.267911567162, 9404.19087861505, 8493.143396447278, 7740.389834884762, 8696.946963490902]
[8009.191249733556, 9356.81521984424, 8540.156642877755, 8211.969785508853, 7397.5587184511605, 8233.218698908564, 6942.951297736923, 9439.007879519939, 9712.15147650222, 6331.5698190803505, 10391.532506275775, 7896.536264776175, 8084.826949209516, 9064.062455848345, 9155.372223799104, 7464.585919451233, 8508.966436813667, 7935.661969105457, 8222.688151763772, 5799.0152772309475, 8020.444337698183, 8706.18944603633, 8824.836459010434, 8018.352931004857, 8286.75316283575, 10181.754666034049, 8682.25520132474, 6857.6590088664325, 7589.812885185634, 8452.312254531651, 8300.143722515304, 9144.783237349737, 8351.322750403076, 9669.772752369505, 8734.741134452059, 7190.654761401874, 8810.025369219797, 8641.355559060738, 8816.65138316779, 8749.685186904404, 8137.3832339807195, 9700.695526817648, 7661.020894461433, 8407.356961614601, 7631.614282982536, 7295.432893192041, 9404.19087861505, 8493.143396447278, 7707.84061971841, 8696.946963490902]
[8009.191249733556, 9356.81521984424, 8540.156642877755, 8204.011974355262, 7397.5587184511605, 8233.218698908564, 6942.951297736923, 9439.007879519939, 9712.15147650222, 6327.117864953242, 10381.085168904117, 7878.767086564835, 8076.311960509444, 9062.567406450915, 9155.372223799104, 7444.443879581953, 8484.161957616863, 7935.661969105457, 8222.688151763772, 5795.558891514974, 8020.444337698183, 8706.18944603633, 8824.836459010434, 8018.352931004857, 8286.75316283575, 10181.754666034049, 8672.709904154213, 6857.6590088664325, 7571.898493517702, 8452.312254531651, 8266.618706139572, 9144.783237349737, 8351.322750403076, 9664.335559092942, 8723.943274943307, 7187.130703760459, 8810.025369219797, 8641.355559060738, 8816.65138316779, 8748.184297438811, 8137.3832339807195, 9665.20148107585, 7661.020894461433, 8407.356961614601, 7631.614282982536, 7295.432893192041, 9404.19087861505, 8464.186618325955, 7707.84061971841, 8674.723892165308]
[8009.191249733556, 9356.81521984424, 8540.156642877755, 8191.142493699428, 7394.529240538068, 8233.218698908564, 6942.951297736923, 9439.007879519939, 9712.15147650222, 6327.117864953242, 10381.085168904117, 7878.767086564835, 8076.311960509444, 9062.567406450915, 9155.372223799104, 7444.443879581953, 8484.161957616863, 7935.661969105457, 8207.117633760248, 5780.657448540398, 8020.444337698183, 8706.18944603633, 8824.836459010434, 8018.352931004857, 8286.75316283575, 10181.754666034049, 8672.709904154213, 6857.6590088664325, 7563.734093469939, 8452.312254531651, 8266.618706139572, 9144.783237349737, 8351.322750403076, 9664.335559092942, 8723.943274943307, 7187.130703760459, 8810.025369219797, 8640.33778009132, 8796.34700184692, 8748.184297438811, 8137.3832339807195, 9661.058201092635, 7661.020894461433, 8407.356961614601, 7631.614282982536, 7289.123731546318, 9404.19087861505, 8464.186618325955, 7707.84061971841, 8646.917339902659]
[8003.204971041172, 9333.736904799007, 8540.156642877755, 8191.142493699428, 7394.529240538068, 8233.218698908564, 6942.951297736923, 9439.007879519939, 9712.15147650222, 6327.117864953242, 10369.982560706996, 7878.767086564835, 8076.311960509444, 9062.567406450915, 9155.372223799104, 7407.909160188387, 8484.161957616863, 7935.661969105457, 8207.117633760248, 5780.657448540398, 8015.850899245469, 8706.18944603633, 8824.836459010434, 8018.352931004857, 8286.75316283575, 10181.754666034049, 8667.61967936013, 6857.6590088664325, 7563.734093469939, 8450.215462485674, 8266.618706139572, 9144.783237349737, 8351.322750403076, 9664.335559092942, 8723.943274943307, 7187.130703760459, 8810.025369219797, 8640.33778009132, 8796.34700184692, 8734.894914938639, 8137.3832339807195, 9646.943443914835, 7661.020894461433, 8376.983893537863, 7614.50969084239, 7289.123731546318, 9404.19087861505, 8464.186618325955, 7707.84061971841, 8638.571397676798]
[8003.204971041172, 9333.736904799007, 8540.156642877755, 8171.328897346287, 7394.529240538068, 8233.218698908564, 6942.951297736923, 9420.89242419183, 9707.835715199573, 6327.117864953242, 10369.982560706996, 7875.625227015962, 8076.311960509444, 9062.567406450915, 9155.372223799104, 7381.480054970244, 8484.161957616863, 7935.661969105457, 8187.525963562471, 5777.310170077215, 8015.850899245469, 8706.18944603633, 8820.748390830375, 8004.673392670726, 8286.75316283575, 10181.754666034049, 8642.875471487183, 6857.6590088664325, 7551.182688202485, 8450.215462485674, 8266.618706139572, 9144.783237349737, 8351.322750403076, 9664.335559092942, 8722.684013472379, 7187.130703760459, 8810.025369219797, 8640.33778009132, 8796.34700184692, 8734.894914938639, 8137.3832339807195, 9646.943443914835, 7654.9133979154385, 8376.983893537863, 7614.50969084239, 7263.382463749826, 9403.155728610662, 8452.381087749282, 7707.84061971841, 8638.571397676798]
[8003.204971041172, 9333.736904799007, 8521.184754425536, 8171.328897346287, 7394.529240538068, 8231.868798559457, 6942.951297736923, 9407.98336008646, 9687.968905821937, 6313.196115428253, 10369.982560706996, 7875.625227015962, 8076.311960509444, 9062.567406450915, 9155.372223799104, 7375.990228510787, 8452.11956371719, 7935.661969105457, 8187.525963562471, 5775.711809046888, 8015.850899245469, 8706.18944603633, 8820.748390830375, 7994.23779645089, 8286.75316283575, 10181.754666034049, 8642.875471487183, 6856.87513701242, 7549.870640727367, 8450.215462485674, 8266.618706139572, 9144.783237349737, 8351.322750403076, 9664.335559092942, 8722.684013472379, 7187.130703760459, 8785.213390579116, 8636.68035186943, 8792.472938835659, 8715.161433112813, 8137.3832339807195, 9646.943443914835, 7653.839022471492, 8369.947168778377, 7614.50969084239, 7263.382463749826, 9398.344268655757, 8421.29456642835, 7707.84061971841, 8638.571397676798]
[8003.204971041172, 9333.736904799007, 8521.184754425536, 8171.328897346287, 7394.529240538068, 8231.868798559457, 6942.951297736923, 9407.98336008646, 9687.968905821937, 6307.36312212471, 10369.982560706996, 7875.625227015962, 8062.249788161427, 9062.567406450915, 9151.293497317782, 7375.990228510787, 8438.71522613062, 7935.661969105457, 8187.525963562471, 5775.711809046888, 8015.850899245469, 8706.18944603633, 8820.748390830375, 7994.23779645089, 8286.75316283575, 10181.754666034049, 8642.875471487183, 6856.87513701242, 7549.870640727367, 8450.215462485674, 8266.618706139572, 9144.783237349737, 8344.91728613724, 9658.561131479195, 8722.684013472379, 7180.1583674563535, 8771.151464733193, 8628.738251150071, 8779.882924947746, 8703.356528976938, 8131.240084090221, 9646.943443914835, 7642.819318581487, 8360.597947891281, 7608.066692061749, 7243.251497511827, 9371.093812644822, 8396.558221216581, 7707.84061971841, 8638.571397676798]
[8003.204971041172, 9295.684012307365, 8509.286746275327, 8171.328897346287, 7394.529240538068, 8231.868798559457, 6932.06306041942, 9407.98336008646, 9687.968905821937, 6307.36312212471, 10369.982560706996, 7854.110510536605, 8062.249788161427, 9056.288003132904, 9151.293497317782, 7342.96508665646, 8438.71522613062, 7909.164173686984, 8187.525963562471, 5775.711809046888, 8015.850899245469, 8706.18944603633, 8820.748390830375, 7994.23779645089, 8271.658958897124, 10181.754666034049, 8642.875471487183, 6856.87513701242, 7519.27444593482, 8450.215462485674, 8265.165908742203, 9144.783237349737, 8344.306497493697, 9658.561131479195, 8722.684013472379, 7179.02610505888, 8771.151464733193, 8628.738251150071, 8779.882924947746, 8703.356528976938, 8131.240084090221, 9646.943443914835, 7642.819318581487, 8360.597947891281, 7608.066692061749, 7233.505157255822, 9371.093812644822, 8396.558221216581, 7707.84061971841, 8638.571397676798]
[8003.204971041172, 9291.85697493298, 8508.097185200244, 8171.328897346287, 7392.521510205115, 8222.722004311941, 6931.052456822981, 9396.412054335493, 9687.968905821937, 6307.36312212471, 10369.982560706996, 7849.249750993661, 8038.306216640121, 9056.288003132904, 9151.293497317782, 7342.96508665646, 8438.71522613062, 7909.164173686984, 8187.525963562471, 5769.7203895302755, 8008.26553123607, 8706.18944603633, 8820.748390830375, 7994.23779645089, 8271.658958897124, 10181.754666034049, 8622.271799079455, 6856.87513701242, 7489.875708636298, 8450.215462485674, 8262.210292692107, 9144.783237349737, 8320.29389511809, 9646.371567934822, 8717.703459683456, 7172.222819721227, 8738.447051161322, 8621.883490918253, 8775.508903268106, 8703.356528976938, 8128.357111323123, 9646.943443914835, 7642.819318581487, 8360.597947891281, 7605.372271117458, 7233.505157255822, 9365.883320401776, 8369.998792003036, 7707.84061971841, 8633.374027435379]
[8003.204971041172, 9291.85697493298, 8508.097185200244, 8171.328897346287, 7392.521510205115, 8214.688197637546, 6912.111253884237, 9396.412054335493, 9687.968905821937, 6307.36312212471, 10369.982560706996, 7849.249750993661, 8038.306216640121, 9053.959043681494, 9151.293497317782, 7326.537513187531, 8438.71522613062, 7909.164173686984, 8175.863713915911, 5726.059098629625, 8008.26553123607, 8706.18944603633, 8811.873646748738, 7994.23779645089, 8271.658958897124, 10155.544650044298, 8622.271799079455, 6856.87513701242, 7489.875708636298, 8450.215462485674, 8262.210292692107, 9144.783237349737, 8312.931513759682, 9620.957548820103, 8714.516323697606, 7147.1923142485175, 8738.447051161322, 8621.883490918253, 8775.508903268106, 8676.52188824245, 8119.023033315333, 9627.814739105188, 7639.606179749317, 8342.310347191733, 7605.372271117458, 7233.505157255822, 9365.883320401776, 8369.998792003036, 7707.84061971841, 8633.374027435379]
[7980.191714932496, 9291.85697493298, 8451.035470511313, 8171.328897346287, 7392.521510205115, 8199.565537505834, 6907.647382733789, 9396.412054335493, 9687.968905821937, 6305.7829584981355, 10369.982560706996, 7849.249750993661, 8038.306216640121, 9053.959043681494, 9151.293497317782, 7307.582999558639, 8438.71522613062, 7909.164173686984, 8175.863713915911, 5721.297137296754, 7990.933525752193, 8706.18944603633, 8811.873646748738, 7994.23779645089, 8245.553564178032, 10155.544650044298, 8605.06811434288, 6856.87513701242, 7489.875708636298, 8450.215462485674, 8252.700131109854, 9144.783237349737, 8312.931513759682, 9580.827723549117, 8714.516323697606, 7147.1923142485175, 8738.447051161322, 8621.883490918253, 8775.508903268106, 8676.52188824245, 8114.1267735176125, 9627.814739105188, 7634.448534022366, 8342.310347191733, 7605.372271117458, 7233.505157255822, 9309.310975734747, 8369.998792003036, 7707.84061971841, 8633.374027435379]
[7980.191714932496, 9288.94842311426, 8451.035470511313, 8160.739346115377, 7373.108072152458, 8199.565537505834, 6882.250689184892, 9394.116747317012, 9687.968905821937, 6305.7829584981355, 10369.982560706996, 7819.795974918634, 8038.306216640121, 9053.959043681494, 9151.293497317782, 7307.582999558639, 8435.107255879351, 7909.164173686984, 8175.863713915911, 5715.731242514645, 7990.933525752193, 8706.18944603633, 8803.421921461637, 7994.23779645089, 8245.553564178032, 10155.544650044298, 8605.06811434288, 6850.496268614979, 7489.875708636298, 8443.638605538026, 8252.700131109854, 9144.783237349737, 8304.316664622524, 9580.827723549117, 8714.516323697606, 7147.1923142485175, 8738.447051161322, 8604.42852284246, 8771.74752849572, 8667.22256048021, 8114.1267735176125, 9627.814739105188, 7634.448534022366, 8342.310347191733, 7605.372271117458, 7233.505157255822, 9309.310975734747, 8369.998792003036, 7707.84061971841, 8631.332776406887]
[7980.191714932496, 9288.94842311426, 8451.035470511313, 8146.697903187391, 7373.108072152458, 8199.565537505834, 6881.010496693152, 9394.116747317012, 9687.968905821937, 6299.179631751906, 10369.982560706996, 7819.795974918634, 8038.306216640121, 9053.959043681494, 9151.293497317782, 7307.582999558639, 8435.107255879351, 7884.993201181916, 8175.863713915911, 5715.731242514645, 7990.933525752193, 8706.18944603633, 8803.421921461637, 7994.23779645089, 8245.553564178032, 10155.544650044298, 8605.06811434288, 6818.979283856129, 7486.488206866439, 8443.638605538026, 8246.537778945023, 9144.783237349737, 8304.316664622524, 9580.827723549117, 8714.516323697606, 7147.1923142485175, 8735.361318401974, 8604.42852284246, 8771.02507078881, 8667.22256048021, 8114.1267735176125, 9623.987672936297, 7609.550352976667, 8334.30772551832, 7605.372271117458, 7233.505157255822, 9309.310975734747, 8369.998792003036, 7707.84061971841, 8631.332776406887]
[7974.344422904675, 9288.94842311426, 8451.035470511313, 8144.0928269570995, 7355.9147448151225, 8197.299286240039, 6881.010496693152, 9394.116747317012, 9687.968905821937, 6287.767058983714, 10369.982560706996, 7819.795974918634, 8001.118236451049, 9053.959043681494, 9146.430300164162, 7276.891426012413, 8379.553573906534, 7873.74115922279, 8172.111417671462, 5693.708544245681, 7990.933525752193, 8706.18944603633, 8803.421921461637, 7994.23779645089, 8245.553564178032, 10155.544650044298, 8605.06811434288, 6818.979283856129, 7478.602484629152, 8443.638605538026, 8243.520483734183, 9144.783237349737, 8304.316664622524, 9580.827723549117, 8714.516323697606, 7145.78737167928, 8719.725390750158, 8604.42852284246, 8768.617321539832, 8667.22256048021, 8114.1267735176125, 9623.987672936297, 7595.241028744305, 8334.30772551832, 7605.372271117458, 7226.330919841026, 9309.310975734747, 8369.998792003036, 7707.84061971841, 8631.332776406887]
[7974.344422904675, 9288.94842311426, 8451.035470511313, 8144.0928269570995, 7355.9147448151225, 8188.9170354525895, 6864.763699762548, 9394.116747317012, 9687.968905821937, 6287.767058983714, 10337.230601344081, 7819.795974918634, 8001.118236451049, 9053.959043681494, 9146.430300164162, 7276.891426012413, 8379.553573906534, 7868.156217787293, 8147.161639137625, 5662.210059430839, 7990.933525752193, 8706.18944603633, 8803.421921461637, 7994.23779645089, 8216.406167873469, 10155.544650044298, 8605.06811434288, 6818.979283856129, 7478.602484629152, 8411.935927552211, 8243.520483734183, 9144.608732358989, 8304.316664622524, 9580.827723549117, 8700.801875346995, 7145.78737167928, 8719.725390750158, 8602.289386294633, 8768.617321539832, 8667.22256048021, 8114.1267735176125, 9621.828339629621, 7595.241028744305, 8334.30772551832, 7605.372271117458, 7196.75843479291, 9309.310975734747, 8369.998792003036, 7687.8284439012905, 8631.332776406887]
[7970.286665977592, 9288.947345787883, 8437.302706036231, 8136.741394506015, 7340.464060313299, 8188.9170354525895, 6864.763699762548, 9394.116747317012, 9687.968905821937, 6287.767058983714, 10309.385817870012, 7819.795974918634, 7972.446636005542, 9053.959043681494, 9142.111625701642, 7249.639005795361, 8379.553573906534, 7852.407283258081, 8147.161639137625, 5657.441050349632, 7990.933525752193, 8706.18944603633, 8803.421921461637, 7994.23779645089, 8216.406167873469, 10155.544650044298, 8605.06811434288, 6818.979283856129, 7478.602484629152, 8411.935927552211, 8226.42799597541, 9144.608732358989, 8304.316664622524, 9570.07138753049, 8700.801875346995, 7129.5841332687805, 8706.08045504819, 8590.656826264434, 8768.617321539832, 8667.22256048021, 8114.1267735176125, 9606.510113922666, 7595.241028744305, 8321.136331656042, 7573.363900080241, 7196.75843479291, 9309.310975734747, 8369.998792003036, 7687.8284439012905, 8631.332776406887]
[7970.286665977592, 9288.947345787883, 8437.302706036231, 8136.741394506015, 7340.464060313299, 8185.164420596167, 6863.797662167391, 9394.116747317012, 9687.968905821937, 6275.175062282133, 10309.385817870012, 7819.795974918634, 7972.446636005542, 9053.959043681494, 9142.111625701642, 7249.639005795361, 8379.553573906534, 7848.6152851605275, 8147.161639137625, 5653.995899736295, 7990.933525752193, 8706.18944603633, 8803.421921461637, 7994.23779645089, 8216.406167873469, 10155.544650044298, 8605.06811434288, 6818.979283856129, 7478.602484629152, 8411.935927552211, 8226.42799597541, 9144.608732358989, 8294.634711425151, 9570.07138753049, 8694.513693600613, 7129.5841332687805, 8703.901102719083, 8590.656826264434, 8768.617321539832, 8665.868574111486, 8106.633767373305, 9587.220959551605, 7595.241028744305, 8308.701856190124, 7573.363900080241, 7196.75843479291, 9309.310975734747, 8369.998792003036, 7687.8284439012905, 8631.332776406887]
[7970.286665977592, 9263.520773810338, 8437.302706036231, 8136.741394506015, 7340.464060313299, 8185.164420596167, 6825.739114953642, 9394.116747317012, 9687.968905821937, 6243.45492547553, 10309.385817870012, 7819.795974918634, 7970.650683369073, 9053.959043681494, 9128.824166002185, 7240.582299340659, 8379.553573906534, 7848.6152851605275, 8147.161639137625, 5653.995899736295, 7990.933525752193, 8699.386495107614, 8791.174985464528, 7994.23779645089, 8216.406167873469, 10155.544650044298, 8605.06811434288, 6818.979283856129, 7471.54292401476, 8411.935927552211, 8226.42799597541, 9134.857525488755, 8294.634711425151, 9570.07138753049, 8694.513693600613, 7073.775946391301, 8703.901102719083, 8584.313606256334, 8768.617321539832, 8665.868574111486, 8106.633767373305, 9587.220959551605, 7595.241028744305, 8308.701856190124, 7573.363900080241, 7196.75843479291, 9309.310975734747, 8369.998792003036, 7687.8284439012905, 8631.332776406887]
[7954.35465518999, 9263.520773810338, 8428.038754792724, 8121.239802279741, 7340.464060313299, 8154.71734925036, 6825.739114953642, 9394.116747317012, 9669.423996701855, 6229.87983316787, 10250.860697271295, 7819.795974918634, 7970.650683369073, 9053.959043681494, 9123.105680924053, 7214.213826228096, 8327.528328469463, 7848.6152851605275, 8147.161639137625, 5653.995899736295, 7990.933525752193, 8699.386495107614, 8791.174985464528, 7982.3717158557265, 8216.406167873469, 10122.011137957961, 8605.06811434288, 6818.979283856129, 7470.411702926252, 8408.829165345403, 8219.445026213056, 9133.309092364521, 8294.634711425151, 9551.815323403473, 8692.151503068062, 7073.775946391301, 8703.901102719083, 8570.442458211304, 8768.617321539832, 8665.868574111486, 8106.633767373305, 9583.7328842481, 7595.241028744305, 8308.701856190124, 7564.79270292696, 7196.75843479291, 9309.310975734747, 8369.998792003036, 7680.806437079006, 8631.332776406887]
[7954.35465518999, 9263.520773810338, 8421.342447002626, 8121.239802279741, 7340.464060313299, 8115.8178528259505, 6825.739114953642, 9394.116747317012, 9658.692995694108, 6229.87983316787, 10250.860697271295, 7819.795974918634, 7970.650683369073, 9053.959043681494, 9110.828355040223, 7214.213826228096, 8323.572155487016, 7848.1717700280105, 8147.161639137625, 5652.293711119271, 7990.933525752193, 8699.386495107614, 8791.174985464528, 7982.3717158557265, 8208.90669799739, 10092.995628740426, 8605.06811434288, 6813.05831896483, 7470.411702926252, 8408.829165345403, 8213.887751433911, 9133.309092364521, 8274.12228565206, 9541.712300306466, 8692.151503068062, 7073.775946391301, 8703.901102719083, 8557.663873885682, 8757.39383278928, 8665.868574111486, 8106.633767373305, 9583.7328842481, 7595.241028744305, 8308.701856190124, 7564.79270292696, 7196.75843479291, 9309.310975734747, 8369.998792003036, 7680.806437079006, 8631.332776406887]
[7954.35465518999, 9263.520773810338, 8418.46089519167, 8121.239802279741, 7340.464060313299, 8115.441414538191, 6825.739114953642, 9394.116747317012, 9658.692995694108, 6229.87983316787, 10250.860697271295, 7819.795974918634, 7970.650683369073, 9053.714676932197, 9110.828355040223, 7214.213826228096, 8323.572155487016, 7848.1717700280105, 8147.161639137625, 5642.674928546361, 7990.933525752193, 8688.367738702054, 8791.174985464528, 7982.3717158557265, 8199.148642227654, 10092.995628740426, 8605.06811434288, 6813.05831896483, 7445.863997817316, 8408.829165345403, 8194.528211464993, 9133.309092364521, 8256.849294852418, 9541.712300306466, 8692.151503068062, 7073.775946391301, 8701.067274930954, 8557.663873885682, 8757.39383278928, 8665.868574111486, 8106.633767373305, 9536.528215951788, 7595.241028744305, 8307.255259827118, 7564.79270292696, 7196.75843479291, 9295.257274564641, 8369.998792003036, 7645.956715754946, 8628.931357056006]
[7954.35465518999, 9233.1255729446, 8418.46089519167, 8121.239802279741, 7340.464060313299, 8099.298169160192, 6825.739114953642, 9394.116747317012, 9658.692995694108, 6224.116611731946, 10250.860697271295, 7819.795974918634, 7968.022758267116, 9051.265893006374, 9100.495955630651, 7194.926963160884, 8323.572155487016, 7831.815812285886, 8146.961399818288, 5642.674928546361, 7990.933525752193, 8688.367738702054, 8791.174985464528, 7982.3717158557265, 8192.188564789827, 10092.995628740426, 8587.573062684733, 6813.05831896483, 7445.863997817316, 8408.829165345403, 8194.528211464993, 9133.309092364521, 8256.849294852418, 9541.712300306466, 8692.151503068062, 7061.182503563226, 8700.366081350148, 8557.663873885682, 8753.470951386173, 8650.401358397416, 8106.633767373305, 9536.528215951788, 7567.861991220397, 8307.255259827118, 7564.79270292696, 7196.75843479291, 9295.257274564641, 8369.998792003036, 7645.956715754946, 8628.931357056006]
[7950.014680445282, 9233.1255729446, 8418.46089519167, 8121.239802279741, 7334.55098412348, 8099.298169160192, 6819.684100835951, 9394.116747317012, 9633.601113442102, 6224.116611731946, 10250.860697271295, 7819.795974918634, 7968.022758267116, 9051.265893006374, 9100.495955630651, 7194.926963160884, 8323.572155487016, 7831.815812285886, 8146.961399818288, 5637.325154261324, 7990.933525752193, 8688.367738702054, 8791.174985464528, 7978.47382864019, 8192.188564789827, 10092.995628740426, 8587.573062684733, 6799.8186122191455, 7445.863997817316, 8408.829165345403, 8194.528211464993, 9133.309092364521, 8256.849294852418, 9541.712300306466, 8692.151503068062, 7052.269293298297, 8700.366081350148, 8557.663873885682, 8750.160904393912, 8650.401358397416, 8075.745459260086, 9536.528215951788, 7567.861991220397, 8307.255259827118, 7564.79270292696, 7181.492158380116, 9295.257274564641, 8369.998792003036, 7623.647338967001, 8628.931357056006]
[7950.014680445282, 9233.1255729446, 8418.46089519167, 8121.239802279741, 7320.985813205836, 8099.298169160192, 6790.62724736738, 9394.116747317012, 9633.601113442102, 6216.542320187041, 10238.561057169085, 7814.3606703665255, 7968.022758267116, 9051.265893006374, 9099.010203127105, 7189.969545297454, 8323.572155487016, 7828.897900003048, 8102.68504321338, 5637.325154261324, 7990.933525752193, 8679.413571418881, 8791.174985464528, 7978.47382864019, 8192.188564789827, 10089.569314488861, 8587.573062684733, 6799.8186122191455, 7444.508036775461, 8408.829165345403, 8193.310727992319, 9133.309092364521, 8256.849294852418, 9541.712300306466, 8687.43861223069, 7048.019354519973, 8693.813759105371, 8557.663873885682, 8750.160904393912, 8650.401358397416, 8075.745459260086, 9536.528215951788, 7553.632547331175, 8307.255259827118, 7562.3177086552, 7181.492158380116, 9295.257274564641, 8369.998792003036, 7605.617602743421, 8619.075371863288]
[7950.014680445282, 9233.1255729446, 8339.284138014893, 8121.239802279741, 7320.985813205836, 8099.298169160192, 6790.62724736738, 9394.116747317012, 9633.601113442102, 6215.352419931123, 10238.561057169085, 7814.3606703665255, 7968.022758267116, 9051.265893006374, 9079.782302352418, 7188.655952614147, 8303.481448351868, 7828.897900003048, 8102.68504321338, 5630.636478839146, 7957.776203093005, 8679.413571418881, 8791.174985464528, 7978.47382864019, 8192.188564789827, 10084.164956242239, 8587.573062684733, 6799.8186122191455, 7444.508036775461, 8396.72797070078, 8193.310727992319, 9133.309092364521, 8256.849294852418, 9528.841988802882, 8687.43861223069, 7048.019354519973, 8629.254371191968, 8557.663873885682, 8750.160904393912, 8650.401358397416, 8075.745459260086, 9536.528215951788, 7552.1537435764885, 8307.255259827118, 7550.748607002754, 7168.059314468956, 9295.257274564641, 8369.998792003036, 7605.617602743421, 8572.47870838777]
[7950.014680445282, 9233.1255729446, 8339.284138014893, 8121.239802279741, 7320.985813205836, 8099.298169160192, 6790.62724736738, 9394.116747317012, 9633.601113442102, 6215.352419931123, 10238.561057169085, 7814.3606703665255, 7968.022758267116, 9051.265893006374, 9073.93944278156, 7188.655952614147, 8303.481448351868, 7828.897900003048, 8099.397137369806, 5630.636478839146, 7957.776203093005, 8679.413571418881, 8791.174985464528, 7978.47382864019, 8179.3305585740645, 10084.164956242239, 8587.573062684733, 6799.8186122191455, 7444.508036775461, 8396.72797070078, 8193.310727992319, 9133.309092364521, 8256.22970971426, 9512.6109538623, 8687.43861223069, 7048.019354519973, 8629.254371191968, 8557.663873885682, 8743.403492578967, 8628.813662569084, 8067.8896355916095, 9536.528215951788, 7552.1537435764885, 8306.479200549065, 7550.748607002754, 7161.015552722871, 9295.257274564641, 8331.537559255125, 7605.617602743421, 8565.525561301847]
[7950.014680445282, 9233.1255729446, 8339.284138014893, 8121.239802279741, 7320.985813205836, 8088.437628655241, 6790.62724736738, 9394.116747317012, 9633.601113442102, 6205.466686264686, 10238.561057169085, 7812.470482989333, 7965.992219547433, 9033.486353504699, 9064.585085659019, 7188.655952614147, 8303.481448351868, 7828.897900003048, 8095.583789981427, 5630.636478839146, 7957.776203093005, 8679.413571418881, 8791.174985464528, 7978.47382864019, 8152.39393372608, 10084.164956242239, 8587.573062684733, 6784.655446365015, 7444.508036775461, 8389.016476415029, 8193.310727992319, 9099.78374022611, 8256.22970971426, 9511.054034929515, 8655.525848799727, 7048.019354519973, 8629.254371191968, 8557.663873885682, 8735.358444201645, 8628.813662569084, 8067.8896355916095, 9520.043273763149, 7552.1537435764885, 8306.479200549065, 7550.748607002754, 7161.015552722871, 9295.257274564641, 8323.143189236867, 7605.617602743421, 8565.525561301847]
[7950.014680445282, 9233.1255729446, 8339.284138014893, 8096.6841037898685, 7320.985813205836, 8070.661061057217, 6790.62724736738, 9394.116747317012, 9633.601113442102, 6205.466686264686, 10238.561057169085, 7784.026947902807, 7954.923609319875, 9022.020485384137, 9060.433069168852, 7183.155525032916, 8303.481448351868, 7770.349760055891, 8077.304148241958, 5626.822616806671, 7957.776203093005, 8679.413571418881, 8791.174985464528, 7978.47382864019, 8152.39393372608, 10084.164956242239, 8587.573062684733, 6771.507743265536, 7444.508036775461, 8389.016476415029, 8181.286719101129, 9099.78374022611, 8251.551848692323, 9511.054034929515, 8655.525848799727, 7048.019354519973, 8629.254371191968, 8557.663873885682, 8735.358444201645, 8606.232040880453, 8037.735306018674, 9520.043273763149, 7552.1537435764885, 8306.479200549065, 7538.08773567284, 7161.015552722871, 9295.257274564641, 8323.143189236867, 7605.617602743421, 8565.525561301847]
[7950.014680445282, 9207.142167863853, 8339.284138014893, 8085.921858403281, 7320.985813205836, 8070.661061057217, 6780.419163000348, 9394.116747317012, 9633.601113442102, 6186.758294989578, 10238.561057169085, 7784.026947902807, 7954.923609319875, 9022.020485384137, 9060.433069168852, 7183.155525032916, 8297.34894566903, 7763.261122696026, 8077.304148241958, 5622.043738566217, 7945.51915604756, 8679.413571418881, 8791.174985464528, 7978.47382864019, 8152.39393372608, 10058.036656492186, 8587.573062684733, 6771.507743265536, 7444.508036775461, 8389.016476415029, 8181.286719101129, 9099.78374022611, 8249.912063736254, 9511.054034929515, 8632.95868684773, 7048.019354519973, 8629.254371191968, 8544.713498737783, 8730.95791973359, 8606.232040880453, 8037.735306018674, 9520.043273763149, 7543.393102089593, 8306.479200549065, 7532.773619066109, 7161.015552722871, 9295.257274564641, 8323.143189236867, 7605.617602743421, 8565.525561301847]
[7949.295278508807, 9207.142167863853, 8339.284138014893, 8085.921858403281, 7320.985813205836, 8070.661061057217, 6780.419163000348, 9361.739005094838, 9633.601113442102, 6182.528762695896, 10238.561057169085, 7784.026947902807, 7954.923609319875, 9008.694163336646, 9060.433069168852, 7169.068086161276, 8297.34894566903, 7763.261122696026, 8077.304148241958, 5612.054967468719, 7945.51915604756, 8674.347758331458, 8791.174985464528, 7941.6440551928445, 8152.39393372608, 10058.036656492186, 8587.573062684733, 6755.734129319631, 7444.508036775461, 8389.016476415029, 8181.286719101129, 9099.78374022611, 8249.912063736254, 9511.054034929515, 8632.95868684773, 7048.019354519973, 8629.254371191968, 8544.713498737783, 8730.95791973359, 8599.810508642258, 8037.735306018674, 9519.068359536665, 7543.393102089593, 8298.135233927927, 7523.24411004966, 7141.294176081154, 9295.257274564641, 8323.143189236867, 7605.617602743421, 8541.32513066604]
[7906.490420227716, 9207.142167863853, 8339.284138014893, 8084.830807493832, 7320.985813205836, 8059.2343577458405, 6775.207549595652, 9361.739005094838, 9633.601113442102, 6182.528762695896, 10238.561057169085, 7784.026947902807, 7930.4608984620645, 9008.694163336646, 9060.433069168852, 7169.068086161276, 8297.34894566903, 7739.001666386292, 8077.304148241958, 5598.505885070916, 7941.604151083334, 8670.461957168167, 8782.94728646486, 7893.764847853892, 8152.39393372608, 10058.036656492186, 8587.573062684733, 6755.734129319631, 7444.508036775461, 8379.157940899497, 8181.286719101129, 9099.78374022611, 8249.912063736254, 9511.054034929515, 8632.95868684773, 7048.019354519973, 8629.254371191968, 8544.713498737783, 8730.95791973359, 8569.064718404446, 8008.362853004514, 9510.321512751627, 7542.75688549695, 8298.135233927927, 7523.24411004966, 7141.294176081154, 9295.257274564641, 8283.105626245511, 7605.617602743421, 8541.32513066604]
[7906.490420227716, 9207.13857923503, 8339.284138014893, 8084.830807493832, 7320.985813205836, 8059.2343577458405, 6775.207549595652, 9361.739005094838, 9619.592527087216, 6178.305519121274, 10218.39557396695, 7780.337638209325, 7930.4608984620645, 9008.694163336646, 9054.114109118002, 7169.068086161276, 8297.34894566903, 7739.001666386292, 8077.304148241958, 5581.016251420881, 7941.604151083334, 8670.461957168167, 8782.94728646486, 7893.764847853892, 8152.39393372608, 10057.239751446537, 8587.573062684733, 6720.019434003038, 7444.508036775461, 8377.690453484549, 8181.286719101129, 9099.78374022611, 8249.912063736254, 9489.107366765953, 8632.95868684773, 7042.417564965947, 8629.254371191968, 8544.713498737783, 8730.95791973359, 8569.064718404446, 8008.362853004514, 9478.491328609623, 7542.75688549695, 8298.135233927927, 7509.18151024527, 7141.294176081154, 9295.257274564641, 8283.105626245511, 7594.16156495029, 8541.32513066604]
[7906.490420227716, 9207.13857923503, 8339.284138014893, 8084.830807493832, 7316.285543958978, 8046.875809405419, 6775.207549595652, 9361.739005094838, 9619.592527087216, 6169.543878624009, 10218.39557396695, 7780.337638209325, 7930.4608984620645, 8999.326563864539, 9054.114109118002, 7169.068086161276, 8297.34894566903, 7739.001666386292, 8077.304148241958, 5581.016251420881, 7941.604151083334, 8670.461957168167, 8782.94728646486, 7893.764847853892, 8152.39393372608, 10049.230273238994, 8587.573062684733, 6715.655845402069, 7433.525933781403, 8377.690453484549, 8171.172274427241, 9099.78374022611, 8232.573550546535, 9489.107366765953, 8632.95868684773, 7042.417564965947, 8629.254371191968, 8544.713498737783, 8730.95791973359, 8569.064718404446, 8008.362853004514, 9478.491328609623, 7542.75688549695, 8298.135233927927, 7507.055196160762, 7109.863866881836, 9287.697461994405, 8248.5214897054, 7585.824731391786, 8530.290617415052]
[7906.490420227716, 9207.13857923503, 8339.284138014893, 8084.830807493832, 7316.285543958978, 8023.492450864857, 6757.683766071389, 9361.739005094838, 9619.592527087216, 6166.475383364549, 10214.097230999336, 7780.337638209325, 7930.4608984620645, 8993.353740507406, 9054.114109118002, 7169.068086161276, 8297.34894566903, 7737.844560525382, 8077.304148241958, 5581.016251420881, 7928.73824216689, 8670.461957168167, 8782.94728646486, 7893.764847853892, 8152.39393372608, 10049.230273238994, 8587.573062684733, 6709.493582179382, 7433.525933781403, 8377.690453484549, 8155.60555551952, 9099.78374022611, 8232.573550546535, 9489.107366765953, 8632.95868684773, 7031.990256041533, 8629.254371191968, 8544.713498737783, 8724.931062389947, 8539.448856976709, 7990.114425760934, 9478.491328609623, 7540.369699971952, 8298.135233927927, 7507.055196160762, 7098.760295576768, 9287.697461994405, 8248.5214897054, 7572.605005838345, 8530.290617415052]
[7906.490420227716, 9188.273889862612, 8311.738651615728, 8032.060817148803, 7316.285543958978, 8023.492450864857, 6755.292582554827, 9361.739005094838, 9619.592527087216, 6166.475383364549, 10214.097230999336, 7780.337638209325, 7930.4608984620645, 8993.353740507406, 9054.114109118002, 7169.068086161276, 8292.532624114287, 7737.844560525382, 8062.872239311102, 5581.016251420881, 7928.73824216689, 8670.461957168167, 8768.092184778825, 7893.764847853892, 8140.478991861058, 10049.230273238994, 8587.573062684733, 6709.493582179382, 7433.525933781403, 8377.690453484549, 8076.622012570899, 9099.78374022611, 8232.573550546535, 9489.107366765953, 8632.95868684773, 7031.990256041533, 8624.990947835973, 8544.713498737783, 8707.16744352723, 8539.448856976709, 7990.114425760934, 9478.491328609623, 7534.346433725014, 8298.135233927927, 7507.055196160762, 7098.760295576768, 9287.697461994405, 8248.5214897054, 7572.122475656154, 8529.583223324898]
[7906.490420227716, 9186.335597001324, 8311.738651615728, 8032.060817148803, 7316.285543958978, 8023.492450864857, 6755.292582554827, 9361.739005094838, 9616.813085452635, 6160.951757014317, 10214.097230999336, 7777.673543305163, 7930.4608984620645, 8993.353740507406, 9048.374141329805, 7169.068086161276, 8292.532624114287, 7737.844560525382, 8062.872239311102, 5577.883104628074, 7928.73824216689, 8670.461957168167, 8759.232727075516, 7893.764847853892, 8140.478991861058, 10049.230273238994, 8587.573062684733, 6709.493582179382, 7433.525933781403, 8377.690453484549, 8076.622012570899, 9099.78374022611, 8232.573550546535, 9456.813598695302, 8632.95868684773, 7030.114338261852, 8624.990947835973, 8544.713498737783, 8707.16744352723, 8539.448856976709, 7990.114425760934, 9478.491328609623, 7534.346433725014, 8282.605665734754, 7507.055196160762, 7098.760295576768, 9269.876307488246, 8248.5214897054, 7570.762555515052, 8525.980228882663]
[7906.490420227716, 9180.194169963126, 8311.738651615728, 8032.060817148803, 7312.566432109417, 8023.492450864857, 6755.292582554827, 9361.739005094838, 9616.813085452635, 6158.145056701574, 10214.097230999336, 7777.673543305163, 7930.4608984620645, 8987.907783477332, 9048.374141329805, 7169.068086161276, 8292.532624114287, 7737.844560525382, 8062.872239311102, 5563.4575367887255, 7928.73824216689, 8670.461957168167, 8759.232727075516, 7883.521551531373, 8138.398227132777, 10032.342121200196, 8566.068942414857, 6691.810205026221, 7433.525933781403, 8377.690453484549, 8076.622012570899, 9099.78374022611, 8232.573550546535, 9456.813598695302, 8616.749120336259, 7030.114338261852, 8624.990947835973, 8544.713498737783, 8707.16744352723, 8539.448856976709, 7990.114425760934, 9478.491328609623, 7534.346433725014, 8282.605665734754, 7505.695159614837, 7098.760295576768, 9266.074136719913, 8248.5214897054, 7570.762555515052, 8525.980228882663]
[7906.490420227716, 9180.194169963126, 8311.738651615728, 8021.546663621981, 7310.371793619437, 8020.436262264421, 6755.292582554827, 9361.44671442002, 9611.003773051349, 6146.214408909941, 10214.097230999336, 7766.884304489137, 7910.2498297722195, 8987.907783477332, 9048.374141329805, 7151.3201272936085, 8292.532624114287, 7737.844560525382, 8062.872239311102, 5563.4575367887255, 7880.709050087043, 8646.62730516773, 8759.232727075516, 7883.521551531373, 8138.398227132777, 10032.342121200196, 8566.068942414857, 6691.810205026221, 7414.196950168002, 8377.690453484549, 8076.622012570899, 9099.78374022611, 8232.573550546535, 9444.85462210397, 8616.749120336259, 7030.114338261852, 8624.990947835973, 8544.713498737783, 8683.811285705224, 8539.448856976709, 7990.114425760934, 9478.491328609623, 7513.580589256539, 8282.605665734754, 7505.695159614837, 7098.760295576768, 9266.074136719913, 8248.5214897054, 7547.352243365764, 8525.980228882663]
[7906.490420227716, 9180.194169963126, 8311.738651615728, 8021.546663621981, 7306.574174435814, 8020.436262264421, 6755.292582554827, 9356.448692084998, 9611.003773051349, 6146.214408909941, 10214.097230999336, 7744.630834842615, 7910.2498297722195, 8987.907783477332, 9017.9681293089, 7151.3201272936085, 8292.532624114287, 7737.844560525382, 8034.1044178023, 5563.4575367887255, 7880.709050087043, 8646.62730516773, 8759.232727075516, 7880.4342665574295, 8138.398227132777, 10026.256919383677, 8521.826388388534, 6682.247146984056, 7414.196950168002, 8342.620845374871, 8076.622012570899, 9097.014597168756, 8232.268187046728, 9437.912722211087, 8616.749120336259, 7030.114338261852, 8624.990947835973, 8517.113449975634, 8667.206975782348, 8539.448856976709, 7990.114425760934, 9478.491328609623, 7513.580589256539, 8282.605665734754, 7477.924913853727, 7098.760295576768, 9248.12096083079, 8239.064006186627, 7544.086312641448, 8525.980228882663]
[7906.490420227716, 9174.06746944466, 8311.738651615728, 8020.429488619596, 7305.932991145387, 8020.436262264421, 6726.260323745695, 9356.448692084998, 9581.541540194987, 6146.214408909941, 10214.097230999336, 7744.630834842615, 7910.2498297722195, 8987.907783477332, 9017.9681293089, 7151.3201272936085, 8272.165345288784, 7734.249403923326, 8021.694303349263, 5562.607300299506, 7880.709050087043, 8646.62730516773, 8759.232727075516, 7880.4342665574295, 8138.398227132777, 10026.256919383677, 8521.826388388534, 6682.247146984056, 7414.196950168002, 8342.489551392679, 8049.487191713272, 9097.014597168756, 8232.268187046728, 9423.350578817763, 8616.749120336259, 7030.114338261852, 8590.709894847143, 8517.113449975634, 8667.206975782348, 8539.448856976709, 7990.114425760934, 9478.491328609623, 7512.6595038556, 8282.605665734754, 7477.924913853727, 7091.816552833389, 9248.12096083079, 8239.064006186627, 7544.086312641448, 8500.401982434621]
[7906.490420227716, 9174.06746944466, 8311.738651615728, 8020.429488619596, 7305.932991145387, 8020.436262264421, 6726.260323745695, 9356.448692084998, 9581.541540194987, 6136.942612817127, 10200.039399149588, 7744.630834842615, 7904.927057307306, 8987.907783477332, 9017.9681293089, 7143.954583733945, 8272.165345288784, 7734.249403923326, 8009.566697821794, 5502.565956762715, 7880.709050087043, 8646.62730516773, 8759.232727075516, 7880.4342665574295, 8138.398227132777, 10026.256919383677, 8510.209703016879, 6663.17856252825, 7414.196950168002, 8325.824700773665, 8049.487191713272, 9097.014597168756, 8232.268187046728, 9423.350578817763, 8616.749120336259, 7011.556196063204, 8590.709894847143, 8511.169731392254, 8655.214039374752, 8528.706457586279, 7987.412890924497, 9478.491328609623, 7512.6595038556, 8282.605665734754, 7477.924913853727, 7091.816552833389, 9242.556286829622, 8204.004665762604, 7544.086312641448, 8500.401982434621]
[7906.490420227716, 9161.998816187757, 8311.738651615728, 8020.429488619596, 7299.848612141008, 8020.436262264421, 6709.271562988004, 9356.448692084998, 9581.541540194987, 6126.85564050329, 10196.212228188237, 7744.630834842615, 7877.936840929351, 8986.465025040246, 9017.319273688609, 7139.489316355801, 8272.165345288784, 7734.249403923326, 8009.566697821794, 5481.049993601962, 7880.709050087043, 8646.62730516773, 8756.638910912878, 7880.4342665574295, 8138.398227132777, 10026.256919383677, 8510.209703016879, 6663.17856252825, 7387.265905475014, 8325.824700773665, 8013.043353198879, 9097.014597168756, 8220.202050867758, 9423.350578817763, 8616.749120336259, 7011.556196063204, 8590.709894847143, 8476.163668469355, 8655.214039374752, 8528.706457586279, 7987.412890924497, 9478.491328609623, 7512.6595038556, 8282.605665734754, 7477.924913853727, 7057.557523347267, 9242.556286829622, 8204.004665762604, 7544.086312641448, 8500.401982434621]
[7906.490420227716, 9161.998816187757, 8310.494228348263, 8014.1564319193585, 7273.256284205861, 8020.436262264421, 6709.271562988004, 9344.73096149096, 9557.72821057763, 6123.740108575648, 10196.212228188237, 7744.630834842615, 7877.936840929351, 8976.125404534987, 9017.319273688609, 7124.5472550612785, 8238.891775102607, 7734.249403923326, 8009.566697821794, 5481.049993601962, 7880.709050087043, 8646.62730516773, 8756.638910912878, 7880.4342665574295, 8136.985122870817, 10026.256919383677, 8510.209703016879, 6663.17856252825, 7387.265905475014, 8325.824700773665, 8013.043353198879, 9080.272928956023, 8220.202050867758, 9423.350578817763, 8616.749120336259, 7011.556196063204, 8574.301317240654, 8476.163668469355, 8654.612272402674, 8528.706457586279, 7987.412890924497, 9478.491328609623, 7512.6595038556, 8282.605665734754, 7477.924913853727, 7057.557523347267, 9233.307154550963, 8202.496372387242, 7544.086312641448, 8500.401982434621]
[7906.490420227716, 9161.998816187757, 8310.494228348263, 8014.1564319193585, 7273.256284205861, 7971.995179674936, 6683.38421683116, 9344.73096149096, 9557.72821057763, 6123.740108575648, 10196.212228188237, 7734.958224509853, 7877.936840929351, 8976.125404534987, 9017.319273688609, 7109.760977052632, 8227.519936198642, 7734.249403923326, 8009.566697821794, 5475.024731456024, 7876.491220215294, 8646.62730516773, 8756.638910912878, 7872.901217680958, 8136.985122870817, 10026.256919383677, 8508.169187676518, 6663.17856252825, 7387.265905475014, 8325.824700773665, 8013.043353198879, 9073.787290975219, 8220.202050867758, 9407.98354907236, 8616.749120336259, 7011.556196063204, 8574.301317240654, 8476.163668469355, 8654.612272402674, 8506.493250974752, 7987.412890924497, 9478.491328609623, 7512.6595038556, 8282.605665734754, 7477.924913853727, 7057.557523347267, 9233.307154550963, 8202.496372387242, 7524.977202911292, 8500.401982434621]
[7906.490420227716, 9156.106428939751, 8310.494228348263, 8014.1564319193585, 7267.224221509225, 7971.995179674936, 6675.698686484257, 9344.73096149096, 9557.72821057763, 6123.740108575648, 10196.212228188237, 7734.958224509853, 7877.936840929351, 8976.125404534987, 9017.319273688609, 7072.948546611884, 8227.519936198642, 7708.977068544283, 8009.566697821794, 5475.024731456024, 7858.164795652597, 8640.482337193203, 8756.638910912878, 7872.901217680958, 8136.985122870817, 10026.256919383677, 8508.169187676518, 6663.17856252825, 7387.265905475014, 8325.824700773665, 8013.043353198879, 9073.787290975219, 8220.202050867758, 9407.98354907236, 8616.749120336259, 6984.697931166977, 8550.142389620178, 8476.163668469355, 8654.612272402674, 8503.754534265794, 7987.412890924497, 9478.491328609623, 7498.33970031833, 8273.670591546688, 7477.924913853727, 7057.557523347267, 9233.307154550963, 8202.496372387242, 7524.977202911292, 8500.401982434621]
[7862.45259919457, 9150.82814366362, 8310.494228348263, 8014.1564319193585, 7252.316894573266, 7971.995179674936, 6675.698686484257, 9344.73096149096, 9557.72821057763, 6123.740108575648, 10196.212228188237, 7734.958224509853, 7876.166165828273, 8974.983206786801, 9017.319273688609, 7072.007082756891, 8227.485980281479, 7707.049861220496, 8009.566697821794, 5460.414385316312, 7844.63891256168, 8640.482337193203, 8715.590031615893, 7872.901217680958, 8136.985122870817, 10026.256919383677, 8507.330349252607, 6663.17856252825, 7387.265905475014, 8325.824700773665, 8013.043353198879, 9073.787290975219, 8219.42648937204, 9407.98354907236, 8598.179152911376, 6984.697931166977, 8550.142389620178, 8476.163668469355, 8622.567498011424, 8503.754534265794, 7934.421985652637, 9478.491328609623, 7493.439394604083, 8273.670591546688, 7428.907947307131, 7057.557523347267, 9233.307154550963, 8202.496372387242, 7517.04980387156, 8500.401982434621]
[7862.45259919457, 9150.82814366362, 8310.494228348263, 8014.1564319193585, 7252.316894573266, 7956.193138187892, 6675.698686484257, 9344.73096149096, 9557.72821057763, 6123.740108575648, 10196.212228188237, 7734.958224509853, 7876.166165828273, 8974.983206786801, 9017.319273688609, 7072.007082756891, 8183.088809179108, 7705.953583553212, 8009.566697821794, 5439.904971299675, 7843.864892703199, 8640.482337193203, 8715.590031615893, 7872.901217680958, 8128.064803477978, 10026.256919383677, 8507.330349252607, 6663.17856252825, 7387.265905475014, 8325.760867771316, 7999.391519076776, 9039.542753496953, 8219.42648937204, 9396.598695489114, 8598.179152911376, 6972.78194554025, 8550.142389620178, 8476.163668469355, 8622.567498011424, 8474.800474781441, 7918.235619782556, 9478.491328609623, 7493.439394604083, 8273.670591546688, 7428.907947307131, 7057.557523347267, 9233.307154550963, 8202.496372387242, 7517.04980387156, 8496.887227799567]
[7859.639300424838, 9150.82814366362, 8310.494228348263, 8014.1564319193585, 7245.95610007399, 7956.193138187892, 6667.668337258272, 9344.73096149096, 9540.376099198427, 6122.846866856235, 10196.212228188237, 7725.338551088852, 7876.166165828273, 8974.983206786801, 9007.829222154232, 7072.007082756891, 8181.735340054967, 7704.698836957, 8009.566697821794, 5425.928855462006, 7842.4990832756275, 8640.482337193203, 8715.590031615893, 7835.140140873962, 8128.064803477978, 10026.256919383677, 8507.330349252607, 6663.17856252825, 7387.265905475014, 8318.798610472528, 7998.45372613777, 9039.542753496953, 8219.42648937204, 9396.598695489114, 8598.179152911376, 6967.727137714786, 8550.142389620178, 8476.163668469355, 8622.567498011424, 8474.800474781441, 7918.235619782556, 9478.491328609623, 7483.6736215767105, 8273.670591546688, 7428.907947307131, 7057.557523347267, 9233.307154550963, 8202.496372387242, 7517.04980387156, 8496.887227799567]
[7859.639300424838, 9150.82814366362, 8310.494228348263, 8005.6728796177995, 7222.721218163764, 7909.532615498707, 6667.668337258272, 9344.73096149096, 9540.376099198427, 6122.846866856235, 10196.212228188237, 7725.338551088852, 7876.166165828273, 8958.414588933163, 8997.925604655853, 7072.007082756891, 8181.735340054967, 7704.698836957, 8009.566697821794, 5425.928855462006, 7826.951193955315, 8640.482337193203, 8715.590031615893, 7815.378719381081, 8123.805863802554, 10026.256919383677, 8468.374963532302, 6656.923893309567, 7387.265905475014, 8318.798610472528, 7998.45372613777, 9039.542753496953, 8219.42648937204, 9396.598695489114, 8591.806260903899, 6939.823601452676, 8547.599452779454, 8476.163668469355, 8597.209635492614, 8474.800474781441, 7918.235619782556, 9478.491328609623, 7483.6736215767105, 8273.670591546688, 7428.907947307131, 7057.557523347267, 9233.307154550963, 8175.486404544182, 7517.04980387156, 8496.887227799567]
[7859.639300424838, 9146.683268982772, 8253.427446710408, 8005.6728796177995, 7222.721218163764, 7909.532615498707, 6667.668337258272, 9344.73096149096, 9540.376099198427, 6121.040789340038, 10196.212228188237, 7713.108650787825, 7875.291710745294, 8958.414588933163, 8997.925604655853, 7072.007082756891, 8169.164846456028, 7704.265664856753, 8009.399179740899, 5391.861657717143, 7826.951193955315, 8640.482337193203, 8715.590031615893, 7815.378719381081, 8123.805863802554, 10026.256919383677, 8468.374963532302, 6656.923893309567, 7376.6197862216195, 8318.798610472528, 7998.45372613777, 9039.542753496953, 8219.42648937204, 9396.598695489114, 8591.806260903899, 6939.823601452676, 8547.599452779454, 8476.163668469355, 8597.209635492614, 8474.800474781441, 7918.235619782556, 9461.27359337818, 7465.354851953057, 8273.670591546688, 7411.459242625382, 7057.557523347267, 9233.307154550963, 8175.486404544182, 7517.04980387156, 8496.887227799567]
[7859.639300424838, 9122.47034489124, 8253.427446710408, 8005.6728796177995, 7201.268819381001, 7893.793013357252, 6667.384982593934, 9336.52378451792, 9540.376099198427, 6121.040789340038, 10196.212228188237, 7695.083048139968, 7869.882177660224, 8958.414588933163, 8997.925604655853, 7072.007082756891, 8169.164846456028, 7704.265664856753, 8009.399179740899, 5391.861657717143, 7826.951193955315, 8640.482337193203, 8715.590031615893, 7815.378719381081, 8123.805863802554, 10026.256919383677, 8468.374963532302, 6656.923893309567, 7364.285566081753, 8311.706595901425, 7998.45372613777, 9038.103524094728, 8219.42648937204, 9396.598695489114, 8591.57953136456, 6939.823601452676, 8547.599452779454, 8476.163668469355, 8597.209635492614, 8474.800474781441, 7918.235619782556, 9460.4853718407, 7465.354851953057, 8273.670591546688, 7411.459242625382, 7042.859598505151, 9233.307154550963, 8164.031017607376, 7517.04980387156, 8496.887227799567]
[7859.639300424838, 9122.47034489124, 8253.427446710408, 8005.6728796177995, 7201.268819381001, 7893.793013357252, 6655.180889662741, 9336.52378451792, 9540.376099198427, 6114.497734942628, 10196.212228188237, 7691.065999953561, 7869.882177660224, 8937.733424717426, 8992.233494725038, 7072.007082756891, 8159.275505992826, 7704.265664856753, 8009.399179740899, 5391.861657717143, 7826.951193955315, 8623.965848081463, 8698.595090296747, 7790.52413748708, 8113.827974234528, 10016.83781039358, 8468.374963532302, 6656.923893309567, 7364.285566081753, 8292.08807869268, 7998.45372613777, 9036.468910382533, 8205.25629770736, 9396.598695489114, 8568.367646202183, 6911.102501246544, 8547.599452779454, 8476.163668469355, 8597.209635492614, 8474.800474781441, 7918.235619782556, 9431.518176433909, 7448.461913869547, 8273.670591546688, 7411.459242625382, 7028.970457201207, 9233.307154550963, 8164.031017607376, 7517.04980387156, 8496.887227799567]
[7849.431647142311, 9122.47034489124, 8253.427446710408, 8005.6728796177995, 7169.183388863949, 7893.793013357252, 6655.180889662741, 9336.52378451792, 9540.376099198427, 6109.571739593364, 10196.212228188237, 7691.065999953561, 7869.882177660224, 8937.733424717426, 8992.233494725038, 7072.007082756891, 8159.275505992826, 7700.300487932155, 8009.399179740899, 5391.861657717143, 7826.951193955315, 8623.965848081463, 8698.595090296747, 7790.52413748708, 8113.827974234528, 10016.83781039358, 8468.374963532302, 6656.923893309567, 7364.285566081753, 8292.08807869268, 7950.021959006804, 9036.468910382533, 8205.25629770736, 9371.42364130083, 8568.367646202183, 6911.102501246544, 8547.599452779454, 8476.163668469355, 8597.209635492614, 8474.800474781441, 7918.235619782556, 9431.518176433909, 7448.260031392718, 8273.670591546688, 7411.459242625382, 6995.5667362045015, 9222.798793569256, 8164.031017607376, 7517.04980387156, 8486.712910448854]
[7841.429492926301, 9122.47034489124, 8253.427446710408, 8005.6728796177995, 7148.576385617543, 7893.793013357252, 6655.180889662741, 9336.52378451792, 9540.376099198427, 6102.7565312534925, 10196.212228188237, 7643.371028492389, 7858.171673598821, 8923.384615522828, 8992.233494725038, 7072.007082756891, 8145.6031809340875, 7687.490999470024, 8009.399179740899, 5353.0038259098565, 7821.502844939447, 8623.965848081463, 8698.595090296747, 7773.163508089559, 8113.827974234528, 10016.83781039358, 8459.805908514576, 6656.923893309567, 7364.285566081753, 8276.748043258034, 7950.021959006804, 9036.468910382533, 8205.25629770736, 9371.42364130083, 8568.367646202183, 6907.130023190487, 8543.24734035859, 8446.170226089578, 8592.992080024293, 8474.800474781441, 7918.235619782556, 9429.312343666783, 7448.260031392718, 8273.670591546688, 7411.459242625382, 6995.5667362045015, 9222.798793569256, 8152.3573782115145, 7517.04980387156, 8486.712910448854]
[7809.374461482346, 9122.47034489124, 8251.0006533935, 8004.256152162682, 7136.285480515658, 7893.793013357252, 6655.180889662741, 9336.52378451792, 9540.376099198427, 6102.7565312534925, 10190.912470674823, 7643.371028492389, 7858.171673598821, 8923.384615522828, 8992.233494725038, 7052.169887435864, 8145.6031809340875, 7676.034231511541, 8009.399179740899, 5353.0038259098565, 7820.40556385015, 8623.965848081463, 8698.595090296747, 7773.163508089559, 8113.827974234528, 10010.78378918037, 8459.805908514576, 6633.330898845918, 7364.285566081753, 8276.748043258034, 7936.586772207488, 9036.468910382533, 8164.582912764786, 9371.42364130083, 8568.367646202183, 6904.6212154183695, 8543.24734035859, 8445.368953364517, 8592.992080024293, 8474.800474781441, 7916.163854358716, 9429.312343666783, 7448.260031392718, 8262.63257898505, 7344.601498167396, 6995.168718010233, 9222.798793569256, 8152.3573782115145, 7505.184973025255, 8486.712910448854]
[7809.374461482346, 9122.47034489124, 8251.0006533935, 8004.256152162682, 7130.838617581547, 7893.793013357252, 6655.180889662741, 9336.52378451792, 9533.040117543083, 6070.864676171997, 10169.634758638134, 7636.434652085411, 7858.171673598821, 8923.384615522828, 8992.233494725038, 7041.94095259443, 8145.6031809340875, 7676.034231511541, 7983.618714134916, 5350.516112776032, 7820.40556385015, 8623.965848081463, 8678.527601513271, 7772.468739581139, 8111.592642864055, 10010.78378918037, 8459.805908514576, 6633.330898845918, 7359.3600085280295, 8263.165602194566, 7936.586772207488, 9036.468910382533, 8159.3281346741105, 9366.46820599325, 8568.367646202183, 6904.6212154183695, 8543.24734035859, 8445.368953364517, 8592.992080024293, 8473.488271517512, 7904.0631025173625, 9408.717667098153, 7448.260031392718, 8262.63257898505, 7344.601498167396, 6992.232763951686, 9203.152204822882, 8152.3573782115145, 7505.184973025255, 8466.65423170592]
[7809.374461482346, 9122.47034489124, 8248.918562536619, 7992.901131596802, 7130.838617581547, 7893.793013357252, 6655.180889662741, 9336.52378451792, 9526.76138978051, 6070.864676171997, 10168.657716576603, 7636.434652085411, 7858.171673598821, 8923.384615522828, 8992.233494725038, 7041.94095259443, 8145.6031809340875, 7676.034231511541, 7971.0500554739, 5350.516112776032, 7820.40556385015, 8623.965848081463, 8678.527601513271, 7772.468739581139, 8111.592642864055, 10010.78378918037, 8459.805908514576, 6627.379132048591, 7359.3600085280295, 8263.165602194566, 7933.719249164889, 9032.443188653355, 8151.302464406462, 9366.46820599325, 8568.367646202183, 6904.6212154183695, 8543.24734035859, 8445.368953364517, 8592.992080024293, 8473.488271517512, 7904.0631025173625, 9408.717667098153, 7433.318848135478, 8262.63257898505, 7333.809554239827, 6983.171072998446, 9203.152204822882, 8151.4103012646865, 7505.184973025255, 8466.65423170592]
[7809.374461482346, 9122.47034489124, 8244.352030701333, 7992.901131596802, 7130.838617581547, 7893.793013357252, 6655.180889662741, 9336.52378451792, 9518.245327362622, 6070.864676171997, 10168.657716576603, 7636.434652085411, 7827.032197595249, 8923.384615522828, 8992.233494725038, 7041.94095259443, 8145.6031809340875, 7676.034231511541, 7971.0500554739, 5350.062483785955, 7820.40556385015, 8623.965848081463, 8678.527601513271, 7772.468739581139, 8111.592642864055, 9997.053162283535, 8456.708138494876, 6627.379132048591, 7358.635481068835, 8263.165602194566, 7933.719249164889, 9021.879523972639, 8147.161307719194, 9366.46820599325, 8567.229695899568, 6880.713850539517, 8543.24734035859, 8445.368953364517, 8592.992080024293, 8473.488271517512, 7879.055901501388, 9360.909795435815, 7433.318848135478, 8255.27834998395, 7333.809554239827, 6953.5016600200715, 9203.152204822882, 8151.4103012646865, 7505.184973025255, 8466.65423170592]
[7809.374461482346, 9069.779857752412, 8244.352030701333, 7992.901131596802, 7130.838617581547, 7893.793013357252, 6655.180889662741, 9336.52378451792, 9518.245327362622, 6057.4634495189175, 10168.657716576603, 7636.434652085411, 7827.032197595249, 8923.384615522828, 8992.233494725038, 7025.353426526317, 8145.6031809340875, 7676.034231511541, 7966.569886155124, 5350.062483785955, 7820.40556385015, 8623.965848081463, 8678.527601513271, 7772.468739581139, 8111.592642864055, 9997.053162283535, 8456.708138494876, 6605.166195786692, 7358.635481068835, 8263.165602194566, 7923.035062527473, 9021.879523972639, 8147.161307719194, 9366.46820599325, 8567.229695899568, 6880.713850539517, 8514.075943840162, 8424.402799111971, 8592.992080024293, 8473.488271517512, 7847.248677712535, 9332.762827926399, 7413.45011781522, 8241.084411280777, 7333.809554239827, 6953.5016600200715, 9203.152204822882, 8151.4103012646865, 7505.184973025255, 8466.65423170592]
[7809.374461482346, 9069.779857752412, 8244.352030701333, 7992.901131596802, 7115.005135430585, 7893.793013357252, 6651.153455606388, 9315.340124138802, 9499.577545949873, 6057.4634495189175, 10168.657716576603, 7634.0389781021195, 7806.771560887764, 8921.3469917656, 8992.233494725038, 7025.353426526317, 8145.6031809340875, 7674.380977206044, 7966.569886155124, 5348.0675809607155, 7820.40556385015, 8623.965848081463, 8678.527601513271, 7772.468739581139, 8111.592642864055, 9997.053162283535, 8456.708138494876, 6605.166195786692, 7358.635481068835, 8263.165602194566, 7915.938656669503, 9021.879523972639, 8140.974041801661, 9366.46820599325, 8567.229695899568, 6878.266262285348, 8514.075943840162, 8424.402799111971, 8592.992080024293, 8469.182680727376, 7847.248677712535, 9328.31613327418, 7413.45011781522, 8233.78668189291, 7333.809554239827, 6953.5016600200715, 9203.152204822882, 8124.897910326705, 7478.357424634732, 8464.94252240955]
[7809.374461482346, 9069.779857752412, 8215.384261378656, 7992.901131596802, 7115.005135430585, 7893.793013357252, 6644.78653348613, 9315.340124138802, 9499.577545949873, 6055.411620026267, 10083.046649655482, 7634.0389781021195, 7806.771560887764, 8921.3469917656, 8988.700819399046, 7025.353426526317, 8133.1990901544605, 7654.253760944685, 7966.569886155124, 5344.8029291694165, 7820.40556385015, 8623.965848081463, 8674.217743216803, 7754.710832916529, 8111.592642864055, 9997.053162283535, 8456.708138494876, 6605.166195786692, 7358.635481068835, 8262.228406650396, 7902.708106498573, 9021.879523972639, 8086.391718501994, 9366.46820599325, 8567.229695899568, 6865.057909354713, 8514.075943840162, 8424.402799111971, 8592.992080024293, 8469.182680727376, 7847.248677712535, 9328.31613327418, 7413.45011781522, 8214.852378998734, 7308.785273419455, 6953.5016600200715, 9203.152204822882, 8124.897910326705, 7478.357424634732, 8464.94252240955]
[7809.374461482346, 9056.026782990037, 8210.36827244412, 7992.901131596802, 7115.005135430585, 7893.793013357252, 6644.78653348613, 9315.340124138802, 9499.577545949873, 6038.799908087277, 10083.046649655482, 7634.0389781021195, 7779.519579993066, 8890.677250521956, 8988.700819399046, 7025.353426526317, 8090.947834859611, 7646.9483738427825, 7966.569886155124, 5344.09724379682, 7820.40556385015, 8623.965848081463, 8674.217743216803, 7754.710832916529, 8107.582870532991, 9997.053162283535, 8443.531315206412, 6602.417132936762, 7358.635481068835, 8225.217551913267, 7902.708106498573, 9021.879523972639, 8083.732881126666, 9366.46820599325, 8567.229695899568, 6865.057909354713, 8508.13071101107, 8424.402799111971, 8583.123102848704, 8469.182680727376, 7847.248677712535, 9328.31613327418, 7413.45011781522, 8205.975957677114, 7308.785273419455, 6953.5016600200715, 9203.152204822882, 8124.897910326705, 7470.552838527379, 8453.282976842656]
[7803.616528709934, 9056.026782990037, 8210.36827244412, 7984.886891502909, 7115.005135430585, 7893.793013357252, 6639.383357277751, 9311.070285741775, 9486.335292375114, 6020.43618388316, 10083.046649655482, 7634.0389781021195, 7718.86995107805, 8890.677250521956, 8988.700819399046, 7025.353426526317, 8090.947834859611, 7646.9483738427825, 7966.569886155124, 5344.09724379682, 7820.40556385015, 8623.965848081463, 8674.217743216803, 7742.915513245129, 8107.582870532991, 9993.493529590865, 8443.531315206412, 6602.417132936762, 7311.002826788327, 8225.217551913267, 7902.708106498573, 9021.879523972639, 8079.79832400977, 9366.46820599325, 8550.648504068431, 6836.945956840185, 8508.13071101107, 8424.402799111971, 8583.123102848704, 8469.182680727376, 7847.248677712535, 9320.504138095894, 7413.45011781522, 8203.377396219903, 7308.785273419455, 6953.5016600200715, 9203.152204822882, 8124.897910326705, 7464.178082615855, 8453.282976842656]
[7803.616528709934, 9056.026782990037, 8210.36827244412, 7983.960858280194, 7115.005135430585, 7893.793013357252, 6618.681124304526, 9311.070285741775, 9486.335292375114, 6017.322996674544, 10083.046649655482, 7634.0389781021195, 7708.038234909812, 8871.372081227357, 8973.824684008026, 7025.353426526317, 8074.389194308833, 7646.9483738427825, 7966.569886155124, 5332.235834542169, 7807.081450696898, 8623.965848081463, 8674.217743216803, 7736.8340414445875, 8107.582870532991, 9990.149445197898, 8407.294633813575, 6600.252146371755, 7307.552971882311, 8225.217551913267, 7902.708106498573, 9021.879523972639, 8079.79832400977, 9366.46820599325, 8543.989396791694, 6833.068894009232, 8493.02500576991, 8424.402799111971, 8567.162197337535, 8441.554955468691, 7847.248677712535, 9320.504138095894, 7413.45011781522, 8203.377396219903, 7308.785273419455, 6953.5016600200715, 9183.107001926375, 8124.897910326705, 7464.178082615855, 8447.712868431241]
[7803.616528709934, 9056.026782990037, 8203.374186225474, 7983.960858280194, 7115.005135430585, 7872.853262703726, 6600.329781313572, 9311.070285741775, 9466.953319117112, 6006.084364495173, 10083.046649655482, 7634.0389781021195, 7708.038234909812, 8871.372081227357, 8973.824684008026, 7025.353426526317, 8073.164054318118, 7635.778354900057, 7966.569886155124, 5332.235834542169, 7807.081450696898, 8623.965848081463, 8656.547798346692, 7736.8340414445875, 8089.885744753924, 9990.149445197898, 8406.038937523035, 6600.252146371755, 7256.5378788933685, 8213.79244296839, 7902.708106498573, 9002.14628977029, 8062.5216568042115, 9339.99268939679, 8519.565491819445, 6819.7491818092385, 8485.143947576431, 8424.402799111971, 8567.162197337535, 8427.64878678514, 7820.880912794704, 9317.82184637857, 7413.45011781522, 8203.377396219903, 7308.785273419455, 6953.5016600200715, 9183.107001926375, 8124.897910326705, 7458.973081839295, 8447.450787421101]
[7787.308568604849, 9056.026782990037, 8203.374186225474, 7983.960858280194, 7115.005135430585, 7872.853262703726, 6600.329781313572, 9311.070285741775, 9466.953319117112, 6006.084364495173, 10056.160060716284, 7634.0389781021195, 7708.038234909812, 8871.372081227357, 8943.487782305603, 7016.778026601077, 8073.164054318118, 7635.778354900057, 7966.569886155124, 5332.235834542169, 7805.839762227, 8623.965848081463, 8656.547798346692, 7736.8340414445875, 8074.185283104588, 9990.149445197898, 8406.038937523035, 6600.252146371755, 7256.5378788933685, 8161.021772475137, 7902.708106498573, 8986.876476551413, 8034.981805735061, 9339.99268939679, 8519.418764913298, 6803.995029195221, 8485.143947576431, 8424.402799111971, 8562.257509478324, 8427.64878678514, 7820.880912794704, 9317.82184637857, 7413.45011781522, 8203.377396219903, 7308.785273419455, 6953.5016600200715, 9183.107001926375, 8124.897910326705, 7455.336504775509, 8447.450787421101]
[7787.308568604849, 9056.026782990037, 8203.374186225474, 7982.3966907706, 7075.195677941432, 7872.853262703726, 6600.329781313572, 9296.625001923032, 9466.953319117112, 6006.084364495173, 10056.160060716284, 7620.284859846119, 7708.038234909812, 8787.52569054639, 8943.487782305603, 7016.778026601077, 8073.164054318118, 7629.125011337148, 7966.569886155124, 5332.235834542169, 7805.839762227, 8623.965848081463, 8656.220218975079, 7736.8340414445875, 8074.185283104588, 9990.149445197898, 8406.038937523035, 6570.47330038589, 7256.5378788933685, 8160.2074364019745, 7902.708106498573, 8986.876476551413, 8003.529188923417, 9339.99268939679, 8519.418764913298, 6803.995029195221, 8485.143947576431, 8424.402799111971, 8558.920160531641, 8383.981304687199, 7814.929205960482, 9317.82184637857, 7408.509806365097, 8203.377396219903, 7308.785273419455, 6936.1236521907795, 9183.107001926375, 8124.897910326705, 7455.336504775509, 8447.450787421101]
[7787.308568604849, 9009.693908458505, 8203.374186225474, 7974.071171669702, 7075.195677941432, 7872.853262703726, 6594.008463321373, 9296.625001923032, 9466.953319117112, 5996.139572749327, 10056.160060716284, 7620.284859846119, 7708.038234909812, 8787.52569054639, 8943.487782305603, 7016.778026601077, 8073.164054318118, 7588.966645248732, 7951.7566205335215, 5329.617294164714, 7805.839762227, 8623.965848081463, 8656.220218975079, 7736.8340414445875, 8074.185283104588, 9990.149445197898, 8406.038937523035, 6570.47330038589, 7256.5378788933685, 8160.2074364019745, 7902.708106498573, 8986.876476551413, 7997.991796269882, 9339.337208727036, 8498.412903794528, 6803.995029195221, 8485.143947576431, 8424.204008084786, 8558.920160531641, 8383.981304687199, 7814.929205960482, 9317.82184637857, 7400.855663647805, 8203.377396219903, 7308.785273419455, 6922.7089510657115, 9183.107001926375, 8083.659058542669, 7455.336504775509, 8447.450787421101]
[7787.308568604849, 9009.693908458505, 8203.374186225474, 7974.071171669702, 7055.154204635541, 7872.307167084216, 6586.399039444123, 9296.625001923032, 9466.953319117112, 5996.139572749327, 10056.160060716284, 7620.284859846119, 7708.038234909812, 8787.52569054639, 8943.487782305603, 7016.778026601077, 8073.164054318118, 7588.966645248732, 7951.7566205335215, 5329.617294164714, 7805.839762227, 8623.965848081463, 8656.220218975079, 7736.8340414445875, 8074.185283104588, 9990.149445197898, 8383.018894542769, 6566.753361223225, 7254.553362117267, 8160.2074364019745, 7902.708106498573, 8986.876476551413, 7980.258064410419, 9339.337208727036, 8476.654695846248, 6803.995029195221, 8470.53684904619, 8411.98471693775, 8558.920160531641, 8383.981304687199, 7791.798339993156, 9317.82184637857, 7400.855663647805, 8203.377396219903, 7308.785273419455, 6922.7089510657115, 9183.107001926375, 8083.659058542669, 7455.336504775509, 8443.742962911103]
[7787.308568604849, 9009.693908458505, 8203.374186225474, 7974.071171669702, 7033.873622100987, 7872.27651035539, 6585.640977512649, 9296.625001923032, 9462.019322652908, 5996.139572749327, 10056.160060716284, 7599.318306732268, 7708.038234909812, 8787.52569054639, 8930.88824355538, 7000.412676054567, 8073.164054318118, 7568.742718441577, 7951.7566205335215, 5308.85169491526, 7769.109541334763, 8622.068646030475, 8656.220218975079, 7736.8340414445875, 8074.185283104588, 9980.357074308917, 8383.018894542769, 6566.753361223225, 7254.553362117267, 8160.2074364019745, 7876.912605998099, 8986.876476551413, 7980.258064410419, 9339.337208727036, 8476.654695846248, 6803.995029195221, 8470.53684904619, 8411.98471693775, 8558.920160531641, 8383.981304687199, 7791.798339993156, 9316.35942366014, 7400.855663647805, 8203.377396219903, 7308.785273419455, 6922.7089510657115, 9163.251284463786, 8083.659058542669, 7455.336504775509, 8443.164607398956]
[7767.963380830488, 9009.693908458505, 8199.381181836487, 7974.071171669702, 7033.873622100987, 7872.27651035539, 6583.576480173647, 9296.625001923032, 9462.019322652908, 5994.220966799375, 10017.378074253204, 7599.318306732268, 7708.038234909812, 8770.764440200677, 8930.88824355538, 7000.412676054567, 8073.164054318118, 7568.742718441577, 7945.933301087767, 5308.85169491526, 7769.109541334763, 8598.66972596453, 8656.220218975079, 7736.8340414445875, 8066.2157147072285, 9980.357074308917, 8383.018894542769, 6559.159965614019, 7207.07049237361, 8160.2074364019745, 7876.912605998099, 8949.837787840392, 7980.258064410419, 9339.337208727036, 8476.654695846248, 6803.995029195221, 8470.53684904619, 8411.98471693775, 8558.920160531641, 8380.65768779562, 7745.458495379569, 9310.930107231388, 7400.855663647805, 8203.377396219903, 7308.785273419455, 6922.7089510657115, 9163.251284463786, 8083.659058542669, 7455.336504775509, 8438.955156710585]
[7763.180610402897, 9009.693908458505, 8196.792252343826, 7974.071171669702, 7033.873622100987, 7872.27651035539, 6583.576480173647, 9296.625001923032, 9462.019322652908, 5987.377538381294, 10017.378074253204, 7593.086171554636, 7703.18033570104, 8751.124230529505, 8930.88824355538, 7000.412676054567, 8073.164054318118, 7568.742718441577, 7945.933301087767, 5308.85169491526, 7769.109541334763, 8569.880223696075, 8644.423935044, 7736.8340414445875, 8038.9701324087655, 9980.357074308917, 8370.180962441516, 6531.268099254567, 7187.803679746741, 8158.752188312188, 7876.912605998099, 8949.837787840392, 7980.258064410419, 9336.525737239504, 8454.523229504313, 6803.995029195221, 8470.53684904619, 8400.550445315606, 8558.920160531641, 8372.144090207701, 7745.458495379569, 9310.930107231388, 7400.855663647805, 8203.377396219903, 7308.785273419455, 6922.7089510657115, 9163.251284463786, 8070.714012968374, 7455.336504775509, 8438.955156710585]
[7763.180610402897, 9009.693908458505, 8196.792252343826, 7974.071171669702, 7033.873622100987, 7872.27651035539, 6583.576480173647, 9296.625001923032, 9462.019322652908, 5987.377538381294, 10017.378074253204, 7593.086171554636, 7703.18033570104, 8751.124230529505, 8910.054796660917, 7000.412676054567, 8073.164054318118, 7567.638240088, 7945.933301087767, 5297.292934483621, 7769.109541334763, 8569.880223696075, 8644.423935044, 7736.8340414445875, 8038.9701324087655, 9980.357074308917, 8370.180962441516, 6522.993770134878, 7178.225504775442, 8153.895272369829, 7876.912605998099, 8949.837787840392, 7980.258064410419, 9336.525737239504, 8454.523229504313, 6803.995029195221, 8470.53684904619, 8400.550445315606, 8558.920160531641, 8372.144090207701, 7745.458495379569, 9310.930107231388, 7399.523049707782, 8203.377396219903, 7308.785273419455, 6922.7089510657115, 9163.251284463786, 8070.714012968374, 7455.336504775509, 8438.955156710585]
[7763.180610402897, 9009.693908458505, 8196.792252343826, 7961.838198778935, 7033.873622100987, 7872.27651035539, 6582.543247646934, 9296.625001923032, 9462.019322652908, 5981.800543629524, 10017.378074253204, 7593.086171554636, 7703.18033570104, 8751.124230529505, 8894.412426920959, 6976.567632067376, 8073.164054318118, 7567.638240088, 7945.933301087767, 5286.755703723863, 7769.109541334763, 8561.070156509788, 8644.423935044, 7736.8340414445875, 8015.1147400641585, 9980.357074308917, 8370.180962441516, 6522.993770134878, 7178.225504775442, 8142.905072461583, 7876.912605998099, 8949.837787840392, 7980.258064410419, 9336.525737239504, 8454.293516257438, 6803.153864311081, 8470.53684904619, 8357.936534995557, 8548.519333274524, 8372.144090207701, 7723.290812164404, 9310.930107231388, 7399.523049707782, 8164.9897774175715, 7308.785273419455, 6922.7089510657115, 9133.56617836867, 8070.714012968374, 7450.6556590757, 8438.955156710585]
[7736.445712175756, 9004.86368589677, 8181.4317270983765, 7938.340841681614, 7020.050263480212, 7872.27651035539, 6582.543247646934, 9295.796416698013, 9445.580554478482, 5981.800543629524, 10017.378074253204, 7581.233371075895, 7703.18033570104, 8751.124230529505, 8894.412426920959, 6976.567632067376, 8073.164054318118, 7567.638240088, 7945.933301087767, 5258.691606987214, 7769.109541334763, 8561.070156509788, 8642.15735989545, 7736.8340414445875, 8015.1147400641585, 9980.357074308917, 8346.488295723064, 6517.002991658845, 7177.193297207149, 8142.905072461583, 7876.912605998099, 8949.837787840392, 7980.258064410419, 9336.525737239504, 8454.293516257438, 6774.703542440815, 8470.53684904619, 8357.936534995557, 8548.519333274524, 8351.761349695134, 7723.290812164404, 9310.930107231388, 7399.523049707782, 8164.9897774175715, 7308.785273419455, 6922.7089510657115, 9133.56617836867, 8070.714012968374, 7450.6556590757, 8438.955156710585]
[7736.445712175756, 9004.86368589677, 8181.4317270983765, 7938.340841681614, 7020.050263480212, 7851.54515346391, 6582.543247646934, 9295.796416698013, 9443.365371427402, 5960.304217779174, 10017.378074253204, 7563.331347008399, 7698.873057194163, 8751.124230529505, 8885.037837259752, 6976.567632067376, 8071.762475547325, 7567.638240088, 7945.933301087767, 5258.691606987214, 7769.109541334763, 8561.070156509788, 8642.15735989545, 7736.8340414445875, 8015.1147400641585, 9933.24716212337, 8319.758210074053, 6517.002991658845, 7174.239497910372, 8142.905072461583, 7876.912605998099, 8918.621482358802, 7980.258064410419, 9336.525737239504, 8451.210435630397, 6774.703542440815, 8470.53684904619, 8355.73900885506, 8548.519333274524, 8351.761349695134, 7722.288332997814, 9310.930107231388, 7396.094405413732, 8164.9897774175715, 7305.804182110313, 6922.7089510657115, 9133.56617836867, 8070.714012968374, 7450.6556590757, 8438.955156710585]
[7730.645181106464, 9004.86368589677, 8171.780971868284, 7938.340841681614, 7020.050263480212, 7851.54515346391, 6582.543247646934, 9295.796416698013, 9443.365371427402, 5960.304217779174, 10017.378074253204, 7563.331347008399, 7691.725253861213, 8751.124230529505, 8885.037837259752, 6976.567632067376, 8071.762475547325, 7560.850856351257, 7945.933301087767, 5258.691606987214, 7769.109541334763, 8561.070156509788, 8642.15735989545, 7736.8340414445875, 7999.874587031487, 9933.24716212337, 8319.758210074053, 6517.002991658845, 7174.239497910372, 8142.905072461583, 7876.912605998099, 8904.961295007543, 7980.258064410419, 9336.525737239504, 8451.210435630397, 6739.099323096855, 8462.645066015064, 8334.397234968686, 8548.519333274524, 8343.803205423077, 7692.155258553406, 9310.930107231388, 7382.012037726565, 8164.9897774175715, 7305.804182110313, 6919.003114420489, 9133.56617836867, 8070.714012968374, 7440.99805103338, 8438.955156710585]
[7730.645181106464, 9004.86368589677, 8171.780971868284, 7938.340841681614, 7020.050263480212, 7851.54515346391, 6582.543247646934, 9280.172036241665, 9443.365371427402, 5960.304217779174, 10017.378074253204, 7555.026656459173, 7691.725253861213, 8751.124230529505, 8885.037837259752, 6976.567632067376, 8071.762475547325, 7560.850856351257, 7940.161405417984, 5229.975302194663, 7769.109541334763, 8561.070156509788, 8642.15735989545, 7736.8340414445875, 7999.874587031487, 9933.24716212337, 8319.758210074053, 6517.002991658845, 7174.239497910372, 8086.273620777409, 7876.912605998099, 8900.770044102861, 7976.073482360931, 9336.525737239504, 8451.210435630397, 6734.238862749499, 8460.349300753898, 8334.397234968686, 8548.519333274524, 8343.803205423077, 7692.155258553406, 9310.930107231388, 7360.132487008447, 8164.9897774175715, 7305.804182110313, 6919.003114420489, 9133.56617836867, 8070.714012968374, 7440.99805103338, 8367.921272456493]
[7730.645181106464, 8998.664075802499, 8171.780971868284, 7926.258453510729, 7020.050263480212, 7842.144841015045, 6575.047461812607, 9280.172036241665, 9438.362564197285, 5957.101837439738, 10017.378074253204, 7555.026656459173, 7691.725253861213, 8751.124230529505, 8870.42544429918, 6976.567632067376, 8071.762475547325, 7560.850856351257, 7936.523013421598, 5229.244354616439, 7769.109541334763, 8546.839830595072, 8633.330052294741, 7736.8340414445875, 7979.903869717217, 9893.497264233078, 8319.758210074053, 6517.002991658845, 7160.0235726163355, 8086.273620777409, 7876.912605998099, 8899.981120183893, 7976.073482360931, 9317.987450131177, 8430.725824190904, 6734.238862749499, 8460.349300753898, 8321.92843233222, 8548.519333274524, 8343.803205423077, 7692.155258553406, 9310.930107231388, 7360.132487008447, 8164.9897774175715, 7305.804182110313, 6919.003114420489, 9133.56617836867, 8051.889945235234, 7429.379708683589, 8344.918883440823]
[7730.645181106464, 8998.664075802499, 8165.73268352063, 7926.258453510729, 7020.050263480212, 7842.144841015045, 6575.047461812607, 9280.172036241665, 9438.362564197285, 5940.286810889669, 10017.378074253204, 7555.026656459173, 7691.725253861213, 8751.124230529505, 8849.047152333034, 6949.326935056602, 8045.258810283383, 7560.850856351257, 7936.523013421598, 5229.244354616439, 7765.486745782022, 8546.839830595072, 8633.330052294741, 7736.8340414445875, 7979.903869717217, 9893.497264233078, 8319.758210074053, 6517.002991658845, 7160.0235726163355, 8086.273620777409, 7859.092957165469, 8868.88930955952, 7976.073482360931, 9317.987450131177, 8430.725824190904, 6734.238862749499, 8452.709480686757, 8321.92843233222, 8548.519333274524, 8343.803205423077, 7670.744667113681, 9310.930107231388, 7338.412240067353, 8164.9897774175715, 7305.804182110313, 6914.868129290311, 9133.56617836867, 8051.889945235234, 7429.379708683589, 8340.26142173286]
[7691.202915210408, 8998.664075802499, 8165.73268352063, 7926.258453510729, 7020.050263480212, 7842.144841015045, 6575.047461812607, 9280.172036241665, 9413.292976681467, 5934.418328717874, 10017.378074253204, 7555.026656459173, 7691.725253861213, 8744.590666619615, 8849.047152333034, 6949.326935056602, 8045.258810283383, 7560.850856351257, 7936.523013421598, 5229.244354616439, 7745.526181184077, 8546.839830595072, 8610.078389581335, 7727.914402914126, 7964.142015987245, 9893.497264233078, 8319.758210074053, 6517.002991658845, 7147.256475713421, 8086.089950586311, 7859.092957165469, 8851.851120541165, 7958.6693449542, 9317.987450131177, 8430.725824190904, 6734.238862749499, 8452.709480686757, 8321.92843233222, 8548.519333274524, 8343.803205423077, 7670.339533401608, 9310.930107231388, 7336.874818564441, 8164.9897774175715, 7305.804182110313, 6914.868129290311, 9133.56617836867, 8051.889945235234, 7429.379708683589, 8340.26142173286]
[7660.788429461225, 8985.823938157879, 8165.73268352063, 7919.407446068233, 7020.050263480212, 7842.144841015045, 6527.507917869138, 9276.033233880451, 9413.292976681467, 5934.418328717874, 10017.378074253204, 7555.026656459173, 7691.725253861213, 8743.536168437073, 8849.047152333034, 6949.326935056602, 8045.258810283383, 7560.850856351257, 7936.523013421598, 5226.037856270252, 7745.526181184077, 8546.839830595072, 8610.078389581335, 7711.513824816977, 7964.142015987245, 9893.497264233078, 8319.758210074053, 6503.94153545652, 7147.256475713421, 8086.089950586311, 7859.092957165469, 8851.851120541165, 7958.6693449542, 9290.371075343919, 8430.725824190904, 6734.238862749499, 8452.709480686757, 8314.725734456253, 8548.519333274524, 8343.803205423077, 7670.339533401608, 9310.930107231388, 7336.874818564441, 8164.9897774175715, 7300.369642591344, 6914.868129290311, 9133.56617836867, 8051.889945235234, 7429.379708683589, 8314.825491493875]
[7660.788429461225, 8985.823938157879, 8165.73268352063, 7903.880288131004, 7020.050263480212, 7842.144841015045, 6527.507917869138, 9240.788700829062, 9413.292976681467, 5934.418328717874, 10017.378074253204, 7555.026656459173, 7691.725253861213, 8743.536168437073, 8849.047152333034, 6949.326935056602, 8045.258810283383, 7544.371189631206, 7936.523013421598, 5191.683942650971, 7745.526181184077, 8546.839830595072, 8610.078389581335, 7711.513824816977, 7964.142015987245, 9893.497264233078, 8319.758210074053, 6503.94153545652, 7147.256475713421, 8050.175435005197, 7849.422672097792, 8851.851120541165, 7958.6693449542, 9290.371075343919, 8430.725824190904, 6734.238862749499, 8452.709480686757, 8314.193746361187, 8548.519333274524, 8343.803205423077, 7670.339533401608, 9310.930107231388, 7315.497710533385, 8164.9897774175715, 7300.369642591344, 6914.868129290311, 9133.56617836867, 8038.06847311154, 7429.379708683589, 8303.45093652903]
[7660.788429461225, 8985.823938157879, 8165.73268352063, 7888.621720835678, 7020.050263480212, 7842.144841015045, 6527.507917869138, 9225.867599640816, 9413.292976681467, 5934.418328717874, 10017.378074253204, 7523.174197722974, 7691.725253861213, 8743.536168437073, 8847.935402467692, 6949.326935056602, 8045.258810283383, 7532.835145561116, 7915.502225791696, 5171.002085734385, 7739.15421723231, 8546.839830595072, 8600.830785904393, 7711.513824816977, 7964.142015987245, 9893.497264233078, 8319.758210074053, 6503.94153545652, 7147.256475713421, 8050.175435005197, 7848.378367512969, 8851.851120541165, 7954.813963758394, 9290.371075343919, 8430.725824190904, 6734.238862749499, 8452.709480686757, 8314.193746361187, 8548.519333274524, 8343.803205423077, 7670.339533401608, 9310.930107231388, 7315.497710533385, 8164.9897774175715, 7286.030428872733, 6911.446440981774, 9133.56617836867, 8038.06847311154, 7429.379708683589, 8281.507384075696]
[7639.0114627987905, 8985.823938157879, 8165.73268352063, 7888.621720835678, 7020.050263480212, 7842.144841015045, 6527.507917869138, 9225.867599640816, 9413.292976681467, 5934.418328717874, 10017.378074253204, 7523.174197722974, 7691.725253861213, 8737.402389782814, 8847.935402467692, 6949.326935056602, 8039.05601576051, 7532.835145561116, 7892.5064076882945, 5171.002085734385, 7739.15421723231, 8546.839830595072, 8600.830785904393, 7711.513824816977, 7959.051948528545, 9893.497264233078, 8319.758210074053, 6503.94153545652, 7147.256475713421, 8034.609184419304, 7830.501849362581, 8851.851120541165, 7954.813963758394, 9290.371075343919, 8430.725824190904, 6718.549406941403, 8428.111071722491, 8314.193746361187, 8548.519333274524, 8343.803205423077, 7670.339533401608, 9310.930107231388, 7314.853048122932, 8157.355484975074, 7286.030428872733, 6911.446440981774, 9133.56617836867, 8038.06847311154, 7429.379708683589, 8281.507384075696]
[7639.0114627987905, 8985.823938157879, 8159.536049393241, 7888.621720835678, 7020.050263480212, 7832.022278016295, 6527.507917869138, 9225.867599640816, 9371.512491317782, 5934.418328717874, 10017.378074253204, 7523.174197722974, 7691.725253861213, 8734.618615795258, 8847.935402467692, 6949.326935056602, 8039.05601576051, 7532.835145561116, 7851.122882128575, 5170.463474703403, 7718.680444535353, 8546.839830595072, 8600.830785904393, 7711.513824816977, 7938.834088236012, 9893.497264233078, 8319.758210074053, 6499.058801956604, 7147.256475713421, 8034.609184419304, 7830.501849362581, 8850.046466719448, 7952.509331312411, 9282.434727928954, 8430.725824190904, 6701.03743231072, 8428.111071722491, 8309.922672055545, 8548.519333274524, 8335.958443846477, 7670.339533401608, 9310.930107231388, 7314.853048122932, 8148.765063247588, 7286.030428872733, 6911.446440981774, 9133.56617836867, 8038.06847311154, 7429.379708683589, 8253.499529301047]
[7633.496177332587, 8985.823938157879, 8159.536049393241, 7888.621720835678, 7012.690216508988, 7832.022278016295, 6527.507917869138, 9225.867599640816, 9371.512491317782, 5921.528081228269, 10017.378074253204, 7523.174197722974, 7674.787545228972, 8728.279881344726, 8847.935402467692, 6949.326935056602, 8039.05601576051, 7529.982709734106, 7848.683502758215, 5162.333373533257, 7718.680444535353, 8528.193099377779, 8600.830785904393, 7708.072066528231, 7938.834088236012, 9893.497264233078, 8319.758210074053, 6499.058801956604, 7147.256475713421, 8014.574081222699, 7830.501849362581, 8850.046466719448, 7952.509331312411, 9282.434727928954, 8402.549612883526, 6701.03743231072, 8428.111071722491, 8309.922672055545, 8548.519333274524, 8335.958443846477, 7670.339533401608, 9296.634832384854, 7293.316451815571, 8148.765063247588, 7286.030428872733, 6911.446440981774, 9133.56617836867, 8038.06847311154, 7429.379708683589, 8253.499529301047]
[7633.496177332587, 8976.471942518157, 8134.906655766199, 7869.377514490041, 6999.441109386193, 7832.022278016295, 6527.507917869138, 9225.867599640816, 9371.512491317782, 5906.720590509463, 10015.295418616783, 7499.221261351025, 7674.787545228972, 8728.279881344726, 8842.52054478136, 6947.727105498334, 8039.05601576051, 7529.279887596122, 7848.683502758215, 5162.333373533257, 7718.680444535353, 8495.068887907106, 8600.830785904393, 7708.072066528231, 7938.834088236012, 9893.497264233078, 8314.41199072635, 6497.561498758429, 7147.256475713421, 8014.574081222699, 7830.501849362581, 8850.046466719448, 7952.509331312411, 9279.224025913629, 8402.549612883526, 6684.905501523867, 8428.111071722491, 8309.922672055545, 8548.519333274524, 8295.382583888582, 7670.339533401608, 9296.634832384854, 7293.316451815571, 8148.765063247588, 7271.755299147431, 6863.269655283999, 9121.702534522163, 8038.06847311154, 7429.379708683589, 8253.499529301047]
[7633.496177332587, 8930.381568347238, 8134.906655766199, 7859.539526548625, 6991.401021229394, 7832.022278016295, 6512.73880758717, 9225.867599640816, 9328.634106439215, 5883.713698426042, 9998.578871315776, 7499.221261351025, 7674.787545228972, 8728.279881344726, 8842.52054478136, 6944.5892022324715, 8039.05601576051, 7529.279887596122, 7816.742814341461, 5149.936381346232, 7718.680444535353, 8495.068887907106, 8592.961227802998, 7708.072066528231, 7931.455702700437, 9893.497264233078, 8312.683144927545, 6497.561498758429, 7147.256475713421, 8014.574081222699, 7829.352928586588, 8850.046466719448, 7952.509331312411, 9279.224025913629, 8370.387154628408, 6684.905501523867, 8428.111071722491, 8309.922672055545, 8548.519333274524, 8295.382583888582, 7670.339533401608, 9296.634832384854, 7293.316451815571, 8148.765063247588, 7271.755299147431, 6858.941194837154, 9121.702534522163, 8017.512010882495, 7375.069111577907, 8253.499529301047]
[7633.496177332587, 8930.381568347238, 8134.906655766199, 7859.539526548625, 6991.401021229394, 7831.248064284446, 6512.4707952136905, 9225.867599640816, 9328.634106439215, 5879.177666898158, 9998.578871315776, 7489.718978112318, 7674.787545228972, 8728.279881344726, 8842.52054478136, 6923.072306399922, 8039.05601576051, 7529.279887596122, 7816.742814341461, 5147.169123633285, 7718.680444535353, 8495.068887907106, 8592.961227802998, 7691.381504618218, 7931.455702700437, 9878.168039303908, 8312.683144927545, 6490.970430664138, 7147.256475713421, 8014.574081222699, 7829.352928586588, 8850.046466719448, 7952.509331312411, 9279.224025913629, 8370.387154628408, 6684.905501523867, 8428.111071722491, 8309.922672055545, 8548.519333274524, 8291.717663584997, 7660.456552297012, 9286.512628911536, 7270.321966793676, 8148.765063247588, 7271.755299147431, 6858.031264908757, 9121.702534522163, 8017.512010882495, 7375.069111577907, 8253.499529301047]
[7633.496177332587, 8930.381568347238, 8134.906655766199, 7859.539526548625, 6991.401021229394, 7828.550876860632, 6512.4707952136905, 9225.867599640816, 9328.634106439215, 5879.177666898158, 9998.578871315776, 7489.718978112318, 7666.4886264350835, 8728.279881344726, 8842.52054478136, 6923.072306399922, 8039.05601576051, 7529.279887596122, 7816.742814341461, 5146.05675935591, 7718.680444535353, 8495.068887907106, 8592.961227802998, 7691.381504618218, 7931.455702700437, 9878.168039303908, 8312.683144927545, 6490.970430664138, 7147.256475713421, 8014.574081222699, 7829.352928586588, 8850.046466719448, 7951.6506279283885, 9279.224025913629, 8370.387154628408, 6684.905501523867, 8421.455457672435, 8294.369358417209, 8548.519333274524, 8255.215973638109, 7660.456552297012, 9286.512628911536, 7270.321966793676, 8148.765063247588, 7271.755299147431, 6858.031264908757, 9119.900179030488, 8017.512010882495, 7375.069111577907, 8220.170647129222]
[7626.059648278926, 8930.381568347238, 8134.906655766199, 7859.539526548625, 6966.341248550639, 7828.550876860632, 6512.4707952136905, 9212.625747506154, 9328.634106439215, 5879.177666898158, 9983.470429429948, 7486.608431204884, 7666.4886264350835, 8728.279881344726, 8830.625213666211, 6923.072306399922, 8039.05601576051, 7526.448671072123, 7816.742814341461, 5145.121489511001, 7718.680444535353, 8495.068887907106, 8568.022642068641, 7691.381504618218, 7931.455702700437, 9878.168039303908, 8312.683144927545, 6485.339920982306, 7147.256475713421, 8014.574081222699, 7829.352928586588, 8850.046466719448, 7951.6506279283885, 9279.224025913629, 8370.387154628408, 6684.79073148569, 8401.810420355207, 8294.369358417209, 8548.519333274524, 8255.215973638109, 7660.456552297012, 9286.512628911536, 7270.321966793676, 8148.765063247588, 7271.755299147431, 6858.031264908757, 9119.900179030488, 8017.512010882495, 7375.069111577907, 8220.170647129222]
[7622.298738908459, 8922.322368845127, 8134.906655766199, 7859.539526548625, 6966.341248550639, 7828.550876860632, 6506.786546102612, 9212.625747506154, 9328.634106439215, 5879.177666898158, 9983.470429429948, 7486.608431204884, 7666.4886264350835, 8728.279881344726, 8830.625213666211, 6901.345170002455, 8039.05601576051, 7513.100372782088, 7816.742814341461, 5145.121489511001, 7716.406794474862, 8495.068887907106, 8568.022642068641, 7691.381504618218, 7931.455702700437, 9878.168039303908, 8312.683144927545, 6485.339920982306, 7147.256475713421, 8014.574081222699, 7821.285093750179, 8850.046466719448, 7920.431454662379, 9279.224025913629, 8370.387154628408, 6684.79073148569, 8401.810420355207, 8294.369358417209, 8544.736610405422, 8255.215973638109, 7660.456552297012, 9286.512628911536, 7269.312099955644, 8133.011484761135, 7271.755299147431, 6858.031264908757, 9119.900179030488, 7971.342077373505, 7375.069111577907, 8220.170647129222]
[7622.298738908459, 8912.939424798036, 8122.042464188026, 7851.962397815323, 6966.341248550639, 7828.550876860632, 6506.786546102612, 9209.98082154622, 9301.376170798243, 5878.599788083162, 9951.185021648897, 7483.9527984538045, 7642.541472476276, 8728.279881344726, 8830.625213666211, 6901.345170002455, 8039.05601576051, 7513.100372782088, 7816.742814341461, 5145.121489511001, 7670.821724985837, 8495.068887907106, 8568.022642068641, 7680.601705058757, 7930.870694159913, 9878.168039303908, 8312.683144927545, 6470.2026119629845, 7113.859561348104, 8014.574081222699, 7821.285093750179, 8827.17010419042, 7896.420788140323, 9279.224025913629, 8370.387154628408, 6678.632157921461, 8382.891475589026, 8294.369358417209, 8544.736610405422, 8255.215973638109, 7660.456552297012, 9286.512628911536, 7269.312099955644, 8133.011484761135, 7271.755299147431, 6846.955548034694, 9119.900179030488, 7971.342077373505, 7375.069111577907, 8214.433528485613]
[7622.298738908459, 8912.939424798036, 8122.042464188026, 7841.999779875543, 6966.341248550639, 7828.550876860632, 6505.6196881021015, 9198.382586259171, 9301.376170798243, 5860.9765244332, 9951.185021648897, 7464.715351263248, 7642.541472476276, 8702.152138243731, 8830.625213666211, 6874.197068475715, 8036.757484157625, 7484.9352675296295, 7816.742814341461, 5112.94208471514, 7633.3111011275905, 8495.068887907106, 8567.974797985344, 7680.601705058757, 7928.070012181908, 9878.168039303908, 8312.683144927545, 6470.2026119629845, 7113.859561348104, 8014.574081222699, 7774.101108993338, 8724.061160261801, 7895.972717925732, 9273.735657108704, 8370.387154628408, 6678.632157921461, 8372.422692462114, 8294.369358417209, 8541.587911536913, 8233.657264173875, 7660.456552297012, 9286.512628911536, 7269.312099955644, 8126.3941157270965, 7258.12363558802, 6846.955548034694, 9119.900179030488, 7971.342077373505, 7353.907400702528, 8214.433528485613]
[7607.734901071017, 8912.939424798036, 8122.042464188026, 7841.999779875543, 6966.341248550639, 7828.550876860632, 6470.50933830513, 9191.224335996163, 9293.449286770448, 5860.417659931361, 9951.185021648897, 7464.715351263248, 7642.541472476276, 8702.152138243731, 8819.845271588576, 6874.197068475715, 8036.757484157625, 7484.9352675296295, 7816.742814341461, 5112.94208471514, 7614.993106034903, 8495.068887907106, 8567.974797985344, 7680.601705058757, 7928.070012181908, 9878.168039303908, 8309.657442258655, 6467.455428267478, 7113.859561348104, 8007.785667901447, 7774.101108993338, 8724.061160261801, 7895.972717925732, 9273.735657108704, 8370.387154628408, 6674.4309897789335, 8329.687559301177, 8285.693704848187, 8541.587911536913, 8233.657264173875, 7660.456552297012, 9286.512628911536, 7269.312099955644, 8126.3941157270965, 7258.12363558802, 6846.955548034694, 9119.900179030488, 7971.342077373505, 7353.907400702528, 8214.433528485613]
[7586.105045971339, 8912.939424798036, 8091.932788433539, 7841.999779875543, 6966.341248550639, 7805.925827489185, 6428.318890797985, 9191.224335996163, 9293.449286770448, 5860.417659931361, 9951.185021648897, 7464.715351263248, 7642.541472476276, 8702.152138243731, 8819.845271588576, 6874.197068475715, 8036.757484157625, 7484.9352675296295, 7816.742814341461, 5088.68880454436, 7614.993106034903, 8495.068887907106, 8531.854751679482, 7680.601705058757, 7928.070012181908, 9878.168039303908, 8305.548237687199, 6467.455428267478, 7112.842519673434, 8007.785667901447, 7774.101108993338, 8644.072570733864, 7895.972717925732, 9266.5624478704, 8370.387154628408, 6663.0018363439185, 8329.687559301177, 8280.148919812298, 8541.587911536913, 8233.657264173875, 7660.456552297012, 9286.512628911536, 7269.312099955644, 8114.740520317461, 7248.2106470710105, 6846.955548034694, 9119.900179030488, 7971.342077373505, 7353.907400702528, 8214.433528485613]
[7586.105045971339, 8912.939424798036, 8055.167011356452, 7841.6886208479045, 6966.341248550639, 7791.942565885899, 6428.318890797985, 9188.782095617255, 9247.250022900824, 5842.423651052567, 9951.185021648897, 7463.683685197114, 7642.541472476276, 8702.152138243731, 8799.88621942297, 6874.197068475715, 8036.757484157625, 7484.9352675296295, 7816.742814341461, 5088.68880454436, 7614.993106034903, 8486.02295241033, 8531.854751679482, 7650.495233048596, 7928.070012181908, 9878.168039303908, 8305.548237687199, 6467.455428267478, 7112.842519673434, 8007.785667901447, 7774.101108993338, 8610.717004274007, 7895.972717925732, 9266.5624478704, 8370.387154628408, 6663.0018363439185, 8329.687559301177, 8280.148919812298, 8541.587911536913, 8232.608029908291, 7660.456552297012, 9286.512628911536, 7269.312099955644, 8102.868507362614, 7248.2106470710105, 6841.77045549309, 9119.900179030488, 7971.342077373505, 7353.907400702528, 8214.433528485613]
[7586.105045971339, 8912.939424798036, 8055.167011356452, 7841.6886208479045, 6947.075368659433, 7791.942565885899, 6428.318890797985, 9188.782095617255, 9247.250022900824, 5830.52614568579, 9951.185021648897, 7463.683685197114, 7642.541472476276, 8702.152138243731, 8792.883151553338, 6874.197068475715, 8036.757484157625, 7476.40935169367, 7816.742814341461, 5088.68880454436, 7596.3452413415625, 8482.315802562209, 8531.854751679482, 7650.495233048596, 7928.070012181908, 9878.168039303908, 8305.548237687199, 6461.421151748492, 7110.220179613767, 8007.785667901447, 7774.101108993338, 8609.758062664023, 7884.401591015451, 9266.5624478704, 8359.667804862807, 6663.0018363439185, 8326.36445571401, 8258.18509444051, 8541.587911536913, 8232.608029908291, 7660.456552297012, 9286.512628911536, 7269.312099955644, 8102.868507362614, 7248.2106470710105, 6841.77045549309, 9119.900179030488, 7971.342077373505, 7353.907400702528, 8207.853675579452]
[7586.105045971339, 8880.689240630601, 8055.167011356452, 7841.6886208479045, 6947.075368659433, 7791.942565885899, 6428.318890797985, 9188.782095617255, 9247.250022900824, 5812.179775366191, 9951.185021648897, 7462.667696296994, 7642.541472476276, 8702.152138243731, 8792.883151553338, 6866.277490414245, 8036.757484157625, 7476.40935169367, 7816.742814341461, 5086.350717203351, 7596.3452413415625, 8473.125717459281, 8531.854751679482, 7635.054004194246, 7928.070012181908, 9878.168039303908, 8305.548237687199, 6460.108501900787, 7110.220179613767, 8007.785667901447, 7755.579853336206, 8607.920590422298, 7883.648597061749, 9219.67751279549, 8359.667804862807, 6610.9328219063345, 8323.5718934972, 8258.18509444051, 8541.587911536913, 8232.608029908291, 7660.456552297012, 9280.710575674473, 7269.312099955644, 8100.5559184531085, 7225.674849016743, 6839.712795933333, 9110.50327636865, 7971.342077373505, 7338.216689385388, 8202.591112536957]
[7534.029355614723, 8865.610269762534, 8050.855508299467, 7830.808007897698, 6947.075368659433, 7791.942565885899, 6419.549605872862, 9185.868509906435, 9247.250022900824, 5812.179775366191, 9951.185021648897, 7462.667696296994, 7642.541472476276, 8701.764859795921, 8792.883151553338, 6866.277490414245, 8036.757484157625, 7476.40935169367, 7816.742814341461, 5086.277854233982, 7595.194978304435, 8436.303362279928, 8529.205043317383, 7635.054004194246, 7928.070012181908, 9878.168039303908, 8305.548237687199, 6458.410887006479, 7110.220179613767, 8007.785667901447, 7755.579853336206, 8566.039308685544, 7869.2620184646785, 9219.67751279549, 8359.667804862807, 6577.803179494527, 8323.5718934972, 8258.18509444051, 8541.587911536913, 8199.45820017588, 7631.080156522099, 9280.710575674473, 7269.312099955644, 8100.5559184531085, 7225.674849016743, 6832.733129073725, 9110.50327636865, 7971.342077373505, 7337.982360173967, 8202.591112536957]
[7534.029355614723, 8865.610269762534, 8050.855508299467, 7830.808007897698, 6889.397078796144, 7781.2225127261945, 6419.549605872862, 9185.868509906435, 9218.762251742888, 5812.179775366191, 9943.762905153877, 7462.667696296994, 7642.541472476276, 8688.688072340123, 8792.883151553338, 6866.277490414245, 8036.757484157625, 7465.092474795922, 7816.742814341461, 5083.65584731417, 7595.194978304435, 8414.783063217172, 8513.118330329646, 7625.17524380097, 7928.070012181908, 9878.168039303908, 8305.548237687199, 6400.603449753689, 7110.220179613767, 8007.785667901447, 7737.103636958616, 8566.039308685544, 7869.2620184646785, 9219.67751279549, 8348.59388350407, 6577.803179494527, 8323.5718934972, 8257.291421144531, 8541.587911536913, 8199.45820017588, 7631.080156522099, 9272.243531985914, 7240.509388815612, 8100.5559184531085, 7225.674849016743, 6775.4016917813515, 9110.50327636865, 7963.985583754518, 7337.982360173967, 8176.63349004981]
[7534.029355614723, 8865.610269762534, 8050.855508299467, 7830.808007897698, 6889.397078796144, 7781.2225127261945, 6419.549605872862, 9185.868509906435, 9218.762251742888, 5812.179775366191, 9943.762905153877, 7452.98130208672, 7642.541472476276, 8688.688072340123, 8792.883151553338, 6864.65338124546, 8036.757484157625, 7465.092474795922, 7816.742814341461, 5082.58916227133, 7595.194978304435, 8414.783063217172, 8496.59363263654, 7593.101203149396, 7928.070012181908, 9878.168039303908, 8305.548237687199, 6400.603449753689, 7110.220179613767, 8007.785667901447, 7733.986348702123, 8566.039308685544, 7869.2620184646785, 9219.67751279549, 8348.59388350407, 6577.803179494527, 8323.5718934972, 8257.291421144531, 8541.587911536913, 8187.434239357595, 7631.080156522099, 9272.243531985914, 7240.509388815612, 8100.5559184531085, 7202.953444635043, 6725.601432362646, 9110.50327636865, 7963.985583754518, 7336.264179572802, 8176.63349004981]
[7529.336327807838, 8865.610269762534, 8050.855508299467, 7830.808007897698, 6863.954949078818, 7781.2225127261945, 6419.549605872862, 9185.868509906435, 9218.762251742888, 5812.179775366191, 9943.762905153877, 7452.98130208672, 7629.853366175508, 8688.688072340123, 8792.883151553338, 6864.65338124546, 8036.757484157625, 7465.092474795922, 7802.088545335077, 5082.58916227133, 7595.194978304435, 8411.26474621445, 8496.59363263654, 7568.04374218491, 7928.070012181908, 9878.168039303908, 8233.60915336119, 6389.095062893613, 7110.220179613767, 8007.785667901447, 7733.986348702123, 8566.039308685544, 7869.2620184646785, 9219.67751279549, 8348.59388350407, 6577.803179494527, 8323.5718934972, 8254.402552003987, 8529.592734357273, 8187.434239357595, 7631.080156522099, 9262.322031288028, 7236.7038085519725, 8100.5559184531085, 7196.149279406229, 6720.592911139177, 9110.50327636865, 7963.985583754518, 7336.264179572802, 8176.63349004981]
[7511.750919799388, 8865.610269762534, 8050.855508299467, 7808.634466340346, 6863.954949078818, 7781.2225127261945, 6414.787776149036, 9185.868509906435, 9218.762251742888, 5810.83129743231, 9943.762905153877, 7416.120192601705, 7626.800769546835, 8688.688072340123, 8792.883151553338, 6864.65338124546, 8011.7051336434, 7465.092474795922, 7798.145570989198, 5076.057790367476, 7594.182626611788, 8411.26474621445, 8496.59363263654, 7568.04374218491, 7928.070012181908, 9813.805070742503, 8222.311831498504, 6388.046372337146, 7110.220179613767, 8007.785667901447, 7733.986348702123, 8566.039308685544, 7869.2620184646785, 9219.67751279549, 8348.59388350407, 6573.485798112257, 8323.5718934972, 8253.64069661472, 8526.198984508219, 8187.434239357595, 7631.080156522099, 9262.322031288028, 7236.7038085519725, 8100.5559184531085, 7196.149279406229, 6714.963224516412, 9110.50327636865, 7957.474628158112, 7336.264179572802, 8176.63349004981]
[7511.750919799388, 8865.610269762534, 8050.855508299467, 7808.634466340346, 6863.954949078818, 7781.2225127261945, 6388.395302324761, 9185.868509906435, 9216.714499119018, 5807.82910768275, 9943.762905153877, 7396.729534386264, 7625.234196112319, 8686.1795793413, 8775.438997592144, 6851.528378440329, 8011.7051336434, 7429.668147459246, 7798.145570989198, 5068.238865878906, 7594.182626611788, 8411.26474621445, 8456.182848784538, 7564.502819409825, 7924.321763927782, 9813.805070742503, 8222.311831498504, 6388.046372337146, 7102.766555240372, 7993.339186976036, 7712.386191055326, 8566.039308685544, 7869.2620184646785, 9219.67751279549, 8348.59388350407, 6572.977865167962, 8323.5718934972, 8253.64069661472, 8526.198984508219, 8187.434239357595, 7631.080156522099, 9241.31157961118, 7236.7038085519725, 8100.5559184531085, 7196.149279406229, 6708.891086600983, 9110.50327636865, 7957.474628158112, 7312.44777635614, 8157.440298550895]
[7502.941002799812, 8865.610269762534, 8050.855508299467, 7808.634466340346, 6863.954949078818, 7781.2225127261945, 6368.442572152949, 9179.40810922394, 9216.714499119018, 5794.4384110540095, 9943.762905153877, 7396.729534386264, 7625.234196112319, 8686.1795793413, 8775.438997592144, 6851.528378440329, 8011.7051336434, 7429.668147459246, 7798.145570989198, 5068.238865878906, 7594.182626611788, 8411.26474621445, 8456.182848784538, 7546.610837867593, 7924.321763927782, 9806.712393980119, 8222.311831498504, 6375.949745946737, 7102.766555240372, 7993.339186976036, 7712.386191055326, 8564.170237381557, 7869.2620184646785, 9219.67751279549, 8326.132532306354, 6570.072932722016, 8323.5718934972, 8245.654162476469, 8526.198984508219, 8182.998340665184, 7631.080156522099, 9241.31157961118, 7233.587538079924, 8100.5559184531085, 7190.469849379255, 6685.824466070447, 9110.50327636865, 7957.474628158112, 7312.44777635614, 8157.440298550895]
[7502.941002799812, 8858.313268943906, 8050.855508299467, 7808.634466340346, 6863.954949078818, 7781.2225127261945, 6366.546439809148, 9169.486520509312, 9216.714499119018, 5762.852983401291, 9932.583635492687, 7396.729534386264, 7613.066693591791, 8686.1795793413, 8775.438997592144, 6851.528378440329, 7995.891249455916, 7420.846621958757, 7789.104283826932, 5068.0208331743825, 7594.182626611788, 8411.26474621445, 8456.182848784538, 7546.610837867593, 7924.321763927782, 9806.712393980119, 8222.311831498504, 6375.949745946737, 7088.24836995097, 7993.339186976036, 7712.386191055326, 8564.170237381557, 7869.2620184646785, 9219.67751279549, 8290.112695326527, 6570.072932722016, 8289.50597321642, 8227.312414306207, 8526.198984508219, 8178.967352184889, 7631.080156522099, 9241.31157961118, 7230.737493300376, 8100.5559184531085, 7189.642823891135, 6685.685852660155, 9110.50327636865, 7957.474628158112, 7312.44777635614, 8157.440298550895]
[7502.941002799812, 8858.313268943906, 8050.855508299467, 7808.634466340346, 6863.954949078818, 7781.2225127261945, 6366.546439809148, 9159.834871992392, 9216.714499119018, 5746.566765077809, 9932.583635492687, 7376.509350579644, 7607.2953161244395, 8645.23045960652, 8769.817944763461, 6846.115278402121, 7995.891249455916, 7420.003908260898, 7789.104283826932, 5066.338055703753, 7594.182626611788, 8404.80586854735, 8456.182848784538, 7546.610837867593, 7906.904894171632, 9806.712393980119, 8209.7101596603, 6375.949745946737, 7088.24836995097, 7993.339186976036, 7712.386191055326, 8564.170237381557, 7869.2620184646785, 9219.67751279549, 8290.112695326527, 6554.996397565553, 8289.50597321642, 8227.312414306207, 8526.198984508219, 8178.967352184889, 7631.080156522099, 9241.31157961118, 7230.737493300376, 8100.5559184531085, 7189.642823891135, 6679.46310245713, 9102.978205926984, 7957.440225257924, 7293.016577317879, 8146.208421004715]
[7502.941002799812, 8858.313268943906, 8050.855508299467, 7732.285211224455, 6863.954949078818, 7739.046796331849, 6347.330041161672, 9159.834871992392, 9216.714499119018, 5746.566765077809, 9932.583635492687, 7376.509350579644, 7607.2953161244395, 8645.23045960652, 8769.817944763461, 6846.115278402121, 7974.244167583143, 7420.003908260898, 7789.104283826932, 5066.338055703753, 7594.182626611788, 8341.252125665398, 8456.182848784538, 7536.430868197729, 7906.904894171632, 9804.190415476933, 8209.7101596603, 6373.19925364366, 7074.641227731439, 7993.339186976036, 7711.374684030685, 8564.170237381557, 7869.2620184646785, 9219.67751279549, 8264.7288530047, 6554.996397565553, 8280.25633337149, 8227.312414306207, 8518.010009228137, 8178.967352184889, 7589.659287891409, 9241.31157961118, 7230.737493300376, 8100.5559184531085, 7171.190662140316, 6671.490333999364, 9102.978205926984, 7953.804018785231, 7273.107338911881, 8135.300163125825]
[7502.941002799812, 8858.313268943906, 8050.855508299467, 7732.285211224455, 6863.954949078818, 7739.046796331849, 6347.330041161672, 9159.834871992392, 9216.714499119018, 5746.566765077809, 9932.583635492687, 7376.509350579644, 7607.2953161244395, 8645.23045960652, 8769.817944763461, 6846.115278402121, 7970.129026666609, 7414.606378769157, 7789.104283826932, 5049.982863587196, 7574.1606566464925, 8341.252125665398, 8456.182848784538, 7477.878012525524, 7906.904894171632, 9804.190415476933, 8197.357895893507, 6362.776616765075, 7042.9257699482405, 7993.339186976036, 7711.374684030685, 8564.170237381557, 7869.2620184646785, 9176.98049493085, 8264.7288530047, 6535.43738498736, 8256.7470337989, 8222.878894235744, 8518.010009228137, 8178.967352184889, 7588.886488129458, 9241.31157961118, 7230.737493300376, 8100.5559184531085, 7159.746504131416, 6671.490333999364, 9102.978205926984, 7953.804018785231, 7273.107338911881, 8111.5758403179625]
[7502.941002799812, 8858.313268943906, 8016.552876104101, 7716.468095304471, 6853.135153230501, 7739.046796331849, 6347.330041161672, 9159.834871992392, 9216.714499119018, 5746.566765077809, 9932.583635492687, 7376.509350579644, 7607.2953161244395, 8625.564415624865, 8736.378608643692, 6814.853967161835, 7970.129026666609, 7402.743925468846, 7783.799871517479, 5046.90911043043, 7574.1606566464925, 8339.88269712981, 8456.182848784538, 7477.878012525524, 7906.904894171632, 9804.190415476933, 8195.128760492804, 6346.580938897425, 7042.9257699482405, 7993.339186976036, 7711.374684030685, 8528.413984508896, 7869.2620184646785, 9176.98049493085, 8264.7288530047, 6527.664151800691, 8256.7470337989, 8208.582909399307, 8518.010009228137, 8178.967352184889, 7583.788622671377, 9241.31157961118, 7224.223834721039, 8100.5559184531085, 7159.746504131416, 6671.490333999364, 9102.978205926984, 7953.804018785231, 7273.107338911881, 8111.5758403179625]
[7485.387565818581, 8833.38478030443, 8016.552876104101, 7707.811572662069, 6853.135153230501, 7739.046796331849, 6347.330041161672, 9159.834871992392, 9216.714499119018, 5746.3451790748495, 9932.583635492687, 7376.509350579644, 7607.2953161244395, 8625.564415624865, 8729.701794904544, 6807.94744997368, 7970.129026666609, 7402.743925468846, 7783.799871517479, 5041.746516466546, 7574.1606566464925, 8330.196600352443, 8456.182848784538, 7477.878012525524, 7889.027273799375, 9804.190415476933, 8195.128760492804, 6346.580938897425, 7042.9257699482405, 7993.339186976036, 7700.600627255041, 8528.413984508896, 7848.595915713828, 9176.98049493085, 8264.7288530047, 6523.51522449261, 8256.7470337989, 8208.582909399307, 8518.010009228137, 8178.967352184889, 7583.788622671377, 9241.31157961118, 7221.254473595169, 8100.5559184531085, 7153.691011603913, 6671.490333999364, 9102.978205926984, 7926.8162291946455, 7273.107338911881, 8111.5758403179625]
[7485.387565818581, 8824.542825133318, 8012.070478544365, 7695.529121427809, 6823.901568554333, 7739.046796331849, 6347.330041161672, 9159.834871992392, 9216.714499119018, 5746.3451790748495, 9932.583635492687, 7372.2162956754255, 7596.95076552551, 8625.564415624865, 8729.701794904544, 6804.357917215525, 7960.499026125975, 7402.743925468846, 7783.799871517479, 5041.746516466546, 7574.1606566464925, 8330.196600352443, 8456.182848784538, 7477.878012525524, 7880.915658458269, 9788.696101804844, 8195.128760492804, 6345.770636442839, 7042.9257699482405, 7993.339186976036, 7697.366802540373, 8491.381075251997, 7848.595915713828, 9176.98049493085, 8264.7288530047, 6523.51522449261, 8256.7470337989, 8208.582909399307, 8518.010009228137, 8178.967352184889, 7583.788622671377, 9241.31157961118, 7208.762508488978, 8100.5559184531085, 7153.691011603913, 6665.599913947505, 9102.978205926984, 7926.8162291946455, 7273.107338911881, 8111.5758403179625]
[7485.387565818581, 8824.542825133318, 8012.070478544365, 7695.529121427809, 6823.901568554333, 7739.046796331849, 6302.481019559945, 9159.834871992392, 9216.714499119018, 5712.132995974007, 9932.583635492687, 7356.4506503708735, 7581.302290054361, 8613.735523182517, 8729.701794904544, 6804.357917215525, 7960.499026125975, 7402.743925468846, 7783.799871517479, 5035.84928512302, 7574.1606566464925, 8327.541942832653, 8456.182848784538, 7477.878012525524, 7880.915658458269, 9788.696101804844, 8195.128760492804, 6345.770636442839, 6987.433541648647, 7977.00965047433, 7697.366802540373, 8491.381075251997, 7835.128764084463, 9176.98049493085, 8261.592177932142, 6482.862349282646, 8256.7470337989, 8208.582909399307, 8515.892422095254, 8178.967352184889, 7574.29421646946, 9215.588569273194, 7208.762508488978, 8100.5559184531085, 7153.691011603913, 6665.599913947505, 9102.978205926984, 7926.8162291946455, 7271.566047023592, 8111.5758403179625]
[7485.387565818581, 8797.226412373187, 8012.070478544365, 7695.529121427809, 6823.901568554333, 7739.046796331849, 6302.481019559945, 9141.502744531183, 9216.714499119018, 5705.22790305059, 9932.583635492687, 7356.4506503708735, 7569.937949693971, 8613.735523182517, 8729.701794904544, 6804.357917215525, 7960.499026125975, 7402.743925468846, 7771.735953927588, 5033.931326960778, 7574.1606566464925, 8327.541942832653, 8456.182848784538, 7477.878012525524, 7880.915658458269, 9788.696101804844, 8195.128760492804, 6345.229568851106, 6967.872210160419, 7963.880329185847, 7697.366802540373, 8491.381075251997, 7832.597435789712, 9169.452130352616, 8261.592177932142, 6482.862349282646, 8241.87013615351, 8208.582909399307, 8515.892422095254, 8178.967352184889, 7574.251770160723, 9213.098124815526, 7207.617647096937, 8086.19757540434, 7153.691011603913, 6660.211391889478, 9102.978205926984, 7926.8162291946455, 7271.566047023592, 8111.5758403179625]
[7485.387565818581, 8797.226412373187, 8002.853059082554, 7693.674370174823, 6823.901568554333, 7739.046796331849, 6302.481019559945, 9141.502744531183, 9216.714499119018, 5705.22790305059, 9932.583635492687, 7356.4506503708735, 7569.937949693971, 8613.735523182517, 8699.078408768753, 6804.357917215525, 7944.118565719493, 7402.743925468846, 7750.354041165941, 5033.931326960778, 7574.1606566464925, 8327.541942832653, 8456.182848784538, 7477.878012525524, 7880.915658458269, 9788.696101804844, 8195.128760492804, 6341.761340896903, 6967.872210160419, 7944.870056734707, 7697.366802540373, 8491.381075251997, 7832.597435789712, 9159.580561243529, 8261.592177932142, 6482.862349282646, 8212.22473166552, 8181.69351522187, 8515.892422095254, 8164.864678225366, 7574.251770160723, 9213.098124815526, 7207.617647096937, 8086.19757540434, 7153.691011603913, 6660.211391889478, 9102.978205926984, 7926.8162291946455, 7258.363025574385, 8111.5758403179625]
[7485.387565818581, 8797.226412373187, 8002.853059082554, 7648.540436811289, 6823.901568554333, 7739.046796331849, 6302.481019559945, 9141.502744531183, 9216.714499119018, 5702.973345896224, 9932.583635492687, 7356.4506503708735, 7569.937949693971, 8607.849298178395, 8699.078408768753, 6804.357917215525, 7926.999640566137, 7395.253812461931, 7750.354041165941, 5033.376574319273, 7574.1606566464925, 8327.541942832653, 8456.182848784538, 7477.878012525524, 7880.915658458269, 9779.8638437365, 8178.788241945898, 6341.761340896903, 6967.872210160419, 7942.865227526444, 7697.366802540373, 8491.381075251997, 7832.597435789712, 9148.357695419802, 8250.513851480218, 6482.862349282646, 8209.256704212255, 8163.035240418297, 8515.892422095254, 8154.145335629803, 7574.251770160723, 9213.098124815526, 7207.617647096937, 8078.907805079817, 7153.691011603913, 6660.211391889478, 9102.978205926984, 7926.8162291946455, 7258.363025574385, 8111.5758403179625]
[7482.528923505555, 8797.226412373187, 8002.853059082554, 7645.269432500887, 6811.607354426849, 7739.046796331849, 6302.481019559945, 9141.502744531183, 9216.714499119018, 5699.073367703566, 9932.583635492687, 7356.4506503708735, 7550.862910172107, 8607.849298178395, 8699.078408768753, 6800.641754460406, 7926.999640566137, 7395.253812461931, 7731.602532045041, 5033.376574319273, 7566.295602142985, 8327.541942832653, 8456.182848784538, 7477.878012525524, 7880.915658458269, 9776.05973465699, 8171.090965366753, 6328.907418601381, 6958.918717993496, 7942.865227526444, 7697.366802540373, 8491.381075251997, 7832.597435789712, 9144.613297756161, 8250.513851480218, 6480.65042644112, 8203.858381923725, 8148.098081212462, 8515.892422095254, 8154.145335629803, 7574.251770160723, 9203.321630460485, 7207.617647096937, 8075.993330204413, 7149.845312766578, 6646.814573767026, 9102.978205926984, 7926.8162291946455, 7258.363025574385, 8111.5758403179625]
[7482.528923505555, 8797.226412373187, 8002.853059082554, 7645.269432500887, 6795.5526472458705, 7739.046796331849, 6302.481019559945, 9141.502744531183, 9216.714499119018, 5698.173271291005, 9931.322094048805, 7356.4506503708735, 7550.862910172107, 8607.47852139179, 8699.078408768753, 6800.641754460406, 7926.999640566137, 7395.253812461931, 7731.602532045041, 5013.475961099554, 7566.295602142985, 8327.541942832653, 8437.616826685482, 7465.99627510394, 7880.915658458269, 9746.704609290191, 8171.090965366753, 6293.18498017215, 6958.918717993496, 7902.596689476974, 7692.9935242172705, 8491.381075251997, 7829.204160893377, 9144.613297756161, 8250.513851480218, 6476.723478793424, 8203.858381923725, 8148.098081212462, 8494.299091523933, 8154.145335629803, 7564.809123817249, 9185.855533817348, 7207.617647096937, 8054.5224830106845, 7149.845312766578, 6637.03980781176, 9086.25973688245, 7926.8162291946455, 7227.2748281520835, 8110.5081564642915]
[7482.528923505555, 8797.226412373187, 8002.853059082554, 7642.251266139358, 6795.5526472458705, 7739.046796331849, 6271.602699075374, 9139.168818939173, 9152.97199617514, 5698.173271291005, 9931.322094048805, 7349.430059251565, 7542.604704291863, 8607.31762361229, 8699.078408768753, 6787.270590093678, 7926.999640566137, 7395.253812461931, 7731.602532045041, 5004.061343621723, 7566.295602142985, 8313.057045895172, 8437.616826685482, 7465.99627510394, 7875.400158878195, 9746.704609290191, 8171.090965366753, 6293.18498017215, 6958.918717993496, 7902.596689476974, 7692.9935242172705, 8491.381075251997, 7818.2032909627615, 9144.613297756161, 8250.513851480218, 6476.723478793424, 8202.935120854047, 8127.752407005768, 8482.802134714033, 8154.145335629803, 7564.809123817249, 9185.855533817348, 7197.891139337889, 8054.5224830106845, 7117.992679441582, 6637.03980781176, 9086.25973688245, 7926.8162291946455, 7227.2748281520835, 8110.5081564642915]
[7476.484615088448, 8794.242764875064, 8002.853059082554, 7642.251266139358, 6795.5526472458705, 7704.95179315655, 6271.602699075374, 9138.122955261597, 9152.97199617514, 5698.173271291005, 9931.322094048805, 7315.526338596457, 7534.959922810299, 8607.31762361229, 8699.078408768753, 6787.270590093678, 7925.815742674317, 7365.847072683826, 7731.602532045041, 4972.46802629701, 7566.295602142985, 8298.407325643804, 8436.431939572132, 7465.99627510394, 7875.400158878195, 9746.704609290191, 8171.090965366753, 6274.42035920825, 6958.918717993496, 7902.596689476974, 7692.9935242172705, 8491.381075251997, 7818.2032909627615, 9144.613297756161, 8250.513851480218, 6476.723478793424, 8202.935120854047, 8089.445173829359, 8468.980954638642, 8154.145335629803, 7549.196494491713, 9185.855533817348, 7197.891139337889, 8054.5224830106845, 7117.992679441582, 6593.073667880786, 9081.664367243853, 7926.8162291946455, 7204.343423592904, 8110.5081564642915]
[7476.484615088448, 8784.57519005323, 8002.853059082554, 7642.251266139358, 6795.5526472458705, 7694.236000901452, 6271.602699075374, 9138.122955261597, 9152.97199617514, 5693.929585537074, 9931.322094048805, 7315.526338596457, 7529.2828432358265, 8607.31762361229, 8699.078408768753, 6784.701297760813, 7904.473769463497, 7364.308585542412, 7731.602532045041, 4957.760208818137, 7566.295602142985, 8298.407325643804, 8436.431939572132, 7465.99627510394, 7840.8479002686, 9737.26014498007, 8171.090965366753, 6274.42035920825, 6958.918717993496, 7902.596689476974, 7692.9935242172705, 8491.381075251997, 7818.2032909627615, 9144.613297756161, 8250.513851480218, 6476.723478793424, 8202.935120854047, 8089.445173829359, 8468.54285983447, 8154.145335629803, 7532.869481122185, 9183.082465625648, 7197.891139337889, 8053.4068758947515, 7106.2898783663095, 6593.073667880786, 9081.664367243853, 7926.8162291946455, 7204.343423592904, 8110.5081564642915]
[7476.484615088448, 8776.548075784338, 8002.853059082554, 7631.375089264593, 6792.344581021214, 7682.484010600199, 6271.602699075374, 9138.122955261597, 9152.97199617514, 5693.929585537074, 9931.322094048805, 7315.526338596457, 7529.2828432358265, 8594.83211956247, 8699.078408768753, 6784.701297760813, 7904.473769463497, 7364.308585542412, 7731.602532045041, 4957.760208818137, 7566.295602142985, 8298.407325643804, 8436.431939572132, 7465.99627510394, 7840.8479002686, 9712.285851928958, 8158.528746819868, 6266.771139691942, 6958.918717993496, 7902.596689476974, 7678.547788745219, 8491.381075251997, 7818.2032909627615, 9125.00657596038, 8250.513851480218, 6476.723478793424, 8202.935120854047, 8089.445173829359, 8468.54285983447, 8148.970483879714, 7532.869481122185, 9183.082465625648, 7197.891139337889, 8041.64036590319, 7091.660765267776, 6593.073667880786, 9071.266269888594, 7891.12772102529, 7186.554499811347, 8110.5081564642915]
[7476.484615088448, 8776.548075784338, 8002.853059082554, 7613.494686384472, 6792.344581021214, 7682.484010600199, 6246.460673168406, 9136.218080826784, 9152.97199617514, 5693.929585537074, 9931.322094048805, 7315.526338596457, 7529.2828432358265, 8594.83211956247, 8699.078408768753, 6784.701297760813, 7888.523401100398, 7347.604299579939, 7731.602532045041, 4955.87913492859, 7564.563551561184, 8297.055427275704, 8436.431939572132, 7465.99627510394, 7840.8479002686, 9712.285851928958, 8158.528746819868, 6240.03430083541, 6956.991557980934, 7890.507721805884, 7674.627049972631, 8469.661051026089, 7815.346712897403, 9106.144684531417, 8250.513851480218, 6476.723478793424, 8202.935120854047, 8089.445173829359, 8468.54285983447, 8148.970483879714, 7532.869481122185, 9183.082465625648, 7197.891139337889, 8041.64036590319, 7091.660765267776, 6593.073667880786, 9071.266269888594, 7891.12772102529, 7148.271229704854, 8110.5081564642915]
[7476.484615088448, 8776.548075784338, 8002.853059082554, 7613.494686384472, 6782.6118288193375, 7682.484010600199, 6246.460673168406, 9083.408362102018, 9152.97199617514, 5690.766130226127, 9931.322094048805, 7315.526338596457, 7529.2828432358265, 8594.83211956247, 8699.078408768753, 6781.308076651598, 7888.523401100398, 7347.604299579939, 7731.602532045041, 4952.805858038497, 7564.563551561184, 8297.055427275704, 8419.423813032614, 7465.99627510394, 7840.657016487258, 9712.285851928958, 8158.528746819868, 6240.03430083541, 6956.991557980934, 7890.507721805884, 7674.627049972631, 8469.661051026089, 7815.346712897403, 9106.144684531417, 8250.513851480218, 6471.597447495793, 8180.6492066866, 8089.445173829359, 8468.54285983447, 8148.767978063719, 7532.869481122185, 9168.919443454903, 7197.891139337889, 8041.64036590319, 7091.660765267776, 6577.113107054565, 9066.120783584072, 7891.12772102529, 7120.203055030854, 8103.636246747379]
[7451.132977113169, 8776.548075784338, 8002.853059082554, 7613.494686384472, 6782.6118288193375, 7682.484010600199, 6246.460673168406, 9069.546025542586, 9152.97199617514, 5680.30842945654, 9931.322094048805, 7315.526338596457, 7529.2828432358265, 8585.607694188959, 8699.078408768753, 6774.7658443211085, 7888.523401100398, 7324.342928283641, 7731.602532045041, 4938.332205470337, 7531.9339905575325, 8297.055427275704, 8419.423813032614, 7459.891722290243, 7840.657016487258, 9712.285851928958, 8158.528746819868, 6240.03430083541, 6945.7852592417385, 7890.507721805884, 7674.627049972631, 8463.565631539997, 7782.390448390487, 9102.449009925676, 8250.513851480218, 6471.597447495793, 8180.6492066866, 8059.413672269165, 8468.54285983447, 8148.767978063719, 7532.869481122185, 9168.919443454903, 7171.682578637087, 8041.64036590319, 7091.660765267776, 6577.113107054565, 9060.137003384001, 7891.12772102529, 7120.203055030854, 8055.823837319591]
[7451.132977113169, 8776.548075784338, 8002.853059082554, 7613.494686384472, 6782.6118288193375, 7682.484010600199, 6235.478319545311, 9069.546025542586, 9152.97199617514, 5675.220473850925, 9931.322094048805, 7315.526338596457, 7529.2828432358265, 8585.607694188959, 8697.767651608421, 6770.98889857637, 7888.523401100398, 7324.342928283641, 7717.897805417556, 4928.775930312931, 7531.9339905575325, 8297.055427275704, 8419.423813032614, 7459.891722290243, 7786.6778280265735, 9712.285851928958, 8158.528746819868, 6240.03430083541, 6945.7852592417385, 7890.507721805884, 7674.627049972631, 8428.489677259771, 7773.739485391066, 9079.991364306898, 8250.513851480218, 6469.759952398135, 8180.6492066866, 8059.413672269165, 8441.420281005161, 8148.767978063719, 7532.869481122185, 9168.919443454903, 7146.07014330018, 8041.64036590319, 7091.660765267776, 6577.113107054565, 9039.888067318181, 7871.7718682270915, 7117.662051680234, 8055.823837319591]
[7429.157905394202, 8776.548075784338, 8002.853059082554, 7613.494686384472, 6782.6118288193375, 7682.484010600199, 6234.254917514556, 9048.421081175406, 9139.669019751722, 5669.642586562988, 9914.82431027322, 7315.526338596457, 7514.299190384378, 8585.607694188959, 8679.087313654021, 6766.939261031946, 7888.523401100398, 7322.067950565137, 7717.897805417556, 4928.337312323266, 7530.896140175059, 8297.055427275704, 8419.423813032614, 7442.398191258927, 7773.138008022686, 9712.285851928958, 8158.528746819868, 6237.668264989419, 6933.927591581445, 7890.507721805884, 7674.627049972631, 8428.489677259771, 7758.193946699686, 9079.991364306898, 8250.513851480218, 6469.759952398135, 8180.6492066866, 8059.413672269165, 8441.420281005161, 8140.3480208006995, 7528.229703248112, 9168.919443454903, 7132.720693563342, 8041.64036590319, 7091.660765267776, 6577.113107054565, 9039.888067318181, 7871.7718682270915, 7097.691840772156, 8055.823837319591]
[7408.496013337928, 8776.548075784338, 8002.853059082554, 7580.164923197258, 6782.6118288193375, 7682.484010600199, 6234.254917514556, 9048.421081175406, 9139.669019751722, 5662.989570875346, 9911.835820591292, 7315.526338596457, 7514.299190384378, 8537.608653518018, 8679.087313654021, 6766.939261031946, 7888.523401100398, 7322.067950565137, 7682.573273462616, 4926.1650955751675, 7530.896140175059, 8297.055427275704, 8419.423813032614, 7442.398191258927, 7773.138008022686, 9692.948898719678, 8158.528746819868, 6237.668264989419, 6933.927591581445, 7890.507721805884, 7674.627049972631, 8428.489677259771, 7758.193946699686, 9079.991364306898, 8250.513851480218, 6469.759952398135, 8180.6492066866, 8059.413672269165, 8441.420281005161, 8140.3480208006995, 7528.229703248112, 9168.919443454903, 7132.720693563342, 8041.64036590319, 7091.660765267776, 6557.223012282375, 9039.888067318181, 7871.7718682270915, 7097.691840772156, 8051.992450439541]
[7408.496013337928, 8776.548075784338, 8002.853059082554, 7562.425545633561, 6769.845634008778, 7682.484010600199, 6234.254917514556, 9048.421081175406, 9135.392050705777, 5662.989570875346, 9911.835820591292, 7315.526338596457, 7514.299190384378, 8514.823290152102, 8679.087313654021, 6756.457832431947, 7888.523401100398, 7308.3899994622425, 7647.458675720959, 4926.1650955751675, 7530.896140175059, 8297.055427275704, 8405.410554958897, 7442.398191258927, 7773.138008022686, 9692.948898719678, 8158.528746819868, 6237.668264989419, 6933.927591581445, 7890.507721805884, 7673.281561252175, 8428.489677259771, 7758.193946699686, 9066.846698935207, 8250.513851480218, 6469.759952398135, 8180.6492066866, 8059.413672269165, 8437.141985294269, 8140.3480208006995, 7528.229703248112, 9168.919443454903, 7129.856044951839, 8041.64036590319, 7091.660765267776, 6550.977720601581, 9007.230291352058, 7844.396264395933, 7097.691840772156, 8051.992450439541]
[7408.496013337928, 8776.548075784338, 7964.966202782714, 7560.842803968671, 6754.878777439802, 7675.36064242641, 6234.254917514556, 9048.421081175406, 9135.392050705777, 5649.405112118515, 9911.835820591292, 7314.653664915599, 7514.299190384378, 8514.823290152102, 8678.257309106864, 6756.457832431947, 7869.790439284983, 7308.3899994622425, 7647.458675720959, 4908.388798008381, 7530.896140175059, 8297.055427275704, 8405.410554958897, 7442.398191258927, 7773.138008022686, 9684.799672962161, 8158.528746819868, 6233.668275315875, 6933.927591581445, 7883.366615750341, 7673.281561252175, 8428.489677259771, 7726.724527382318, 9066.846698935207, 8250.513851480218, 6449.582701377328, 8175.549145430338, 8059.413672269165, 8409.558961592247, 8140.3480208006995, 7508.737628891502, 9131.047062862019, 7129.856044951839, 8041.64036590319, 7091.660765267776, 6550.977720601581, 9007.230291352058, 7837.998084259288, 7097.691840772156, 8051.992450439541]
[7408.496013337928, 8776.548075784338, 7964.966202782714, 7560.842803968671, 6750.500398452661, 7675.36064242641, 6225.591315641759, 9048.421081175406, 9135.392050705777, 5629.40353202091, 9911.835820591292, 7314.653664915599, 7514.299190384378, 8496.878330020729, 8678.257309106864, 6756.457832431947, 7869.790439284983, 7308.3899994622425, 7647.458675720959, 4905.5007120289265, 7530.896140175059, 8297.055427275704, 8405.410554958897, 7433.756172635335, 7773.138008022686, 9684.799672962161, 8158.528746819868, 6233.668275315875, 6933.927591581445, 7883.366615750341, 7673.281561252175, 8428.489677259771, 7726.724527382318, 9066.846698935207, 8250.513851480218, 6449.582701377328, 8175.549145430338, 8059.413672269165, 8409.558961592247, 8140.3480208006995, 7487.664014797856, 9131.047062862019, 7129.856044951839, 8041.64036590319, 7070.189036052747, 6550.977720601581, 9007.230291352058, 7827.493386737458, 7097.691840772156, 8051.992450439541]
[7408.496013337928, 8776.548075784338, 7964.966202782714, 7560.842803968671, 6750.500398452661, 7666.077638841802, 6217.401552223155, 9048.421081175406, 9121.555041317184, 5629.40353202091, 9911.835820591292, 7310.594734895509, 7514.299190384378, 8496.878330020729, 8678.257309106864, 6730.14780466066, 7869.790439284983, 7255.371841694536, 7647.458675720959, 4905.372142923209, 7530.896140175059, 8297.055427275704, 8405.410554958897, 7408.161581729293, 7773.138008022686, 9684.799672962161, 8158.528746819868, 6233.668275315875, 6933.927591581445, 7883.366615750341, 7673.281561252175, 8428.489677259771, 7726.724527382318, 9066.846698935207, 8250.513851480218, 6442.917299608989, 8175.549145430338, 8059.413672269165, 8409.558961592247, 8130.0502553897695, 7486.623332535298, 9131.047062862019, 7129.856044951839, 8041.64036590319, 7070.189036052747, 6550.977720601581, 9007.230291352058, 7827.493386737458, 7097.691840772156, 8047.9159108778795]
[7398.953020803849, 8774.501236901511, 7964.966202782714, 7541.198753715747, 6750.500398452661, 7666.077638841802, 6217.401552223155, 9048.421081175406, 9121.555041317184, 5629.40353202091, 9911.835820591292, 7310.594734895509, 7470.054395601401, 8485.789554686302, 8678.257309106864, 6730.14780466066, 7847.92871140232, 7254.450370901208, 7647.458675720959, 4891.116561566197, 7530.896140175059, 8297.055427275704, 8405.410554958897, 7396.016980934808, 7768.966373331587, 9677.662430974013, 8158.528746819868, 6233.668275315875, 6890.867761202334, 7883.366615750341, 7673.281561252175, 8428.489677259771, 7723.07112164181, 9066.846698935207, 8250.513851480218, 6442.917299608989, 8175.549145430338, 8059.413672269165, 8409.558961592247, 8130.0502553897695, 7483.857719039489, 9131.047062862019, 7129.856044951839, 8041.64036590319, 7070.189036052747, 6550.977720601581, 8988.338940241936, 7827.493386737458, 7097.691840772156, 8042.868375989339]
[7398.953020803849, 8774.501236901511, 7964.966202782714, 7531.268750782979, 6750.500398452661, 7666.077638841802, 6217.401552223155, 9048.421081175406, 9121.555041317184, 5629.40353202091, 9911.835820591292, 7310.594734895509, 7464.8106717194, 8482.563415536159, 8678.257309106864, 6730.14780466066, 7847.92871140232, 7245.562226915337, 7639.969458929595, 4890.484001278373, 7525.337147987071, 8295.728508556815, 8405.410554958897, 7383.7864952496675, 7768.966373331587, 9677.662430974013, 8155.384754613588, 6199.986825909383, 6890.867761202334, 7883.366615750341, 7673.281561252175, 8428.489677259771, 7723.07112164181, 9066.846698935207, 8250.513851480218, 6442.917299608989, 8175.549145430338, 8059.413672269165, 8409.558961592247, 8130.0502553897695, 7469.280835006857, 9131.047062862019, 7108.180812051517, 8041.64036590319, 7068.95833564516, 6543.214414891208, 8988.338940241936, 7827.493386737458, 7097.691840772156, 8042.868375989339]
[7398.953020803849, 8774.501236901511, 7964.966202782714, 7515.964439278885, 6745.082716221109, 7666.077638841802, 6217.401552223155, 9048.421081175406, 9110.869878680498, 5628.102701129868, 9911.835820591292, 7310.594734895509, 7464.8106717194, 8464.291649928939, 8667.588528086526, 6730.14780466066, 7815.158591667183, 7245.562226915337, 7632.397082721132, 4887.6135303514975, 7525.337147987071, 8295.422498485892, 8405.410554958897, 7383.7864952496675, 7734.770809896969, 9677.662430974013, 8155.384754613588, 6199.986825909383, 6890.867761202334, 7883.366615750341, 7673.281561252175, 8405.971795802354, 7723.07112164181, 9066.846698935207, 8250.513851480218, 6414.2046256431, 8167.439724746992, 8059.413672269165, 8409.558961592247, 8130.0502553897695, 7469.280835006857, 9124.608700805838, 7089.500623116937, 8041.64036590319, 7065.382200658586, 6543.214414891208, 8988.338940241936, 7827.493386737458, 7097.691840772156, 8042.868375989339]
[7395.654221488374, 8721.413527573215, 7923.158541601972, 7515.964439278885, 6743.027464436673, 7663.321732443391, 6217.401552223155, 9048.421081175406, 9110.869878680498, 5628.102701129868, 9911.835820591292, 7305.080316242634, 7464.8106717194, 8464.291649928939, 8667.588528086526, 6730.14780466066, 7815.158591667183, 7245.562226915337, 7632.397082721132, 4887.6135303514975, 7525.337147987071, 8295.422498485892, 8405.410554958897, 7383.7864952496675, 7732.222670298215, 9677.662430974013, 8155.384754613588, 6182.1551535267845, 6890.867761202334, 7877.423110367663, 7673.281561252175, 8405.971795802354, 7715.079365170951, 9066.846698935207, 8221.599994926506, 6414.2046256431, 8167.439724746992, 8045.844358863724, 8409.558961592247, 8130.0502553897695, 7469.280835006857, 9116.265873270047, 7089.500623116937, 8041.64036590319, 7065.382200658586, 6543.214414891208, 8988.338940241936, 7827.493386737458, 7082.190316428559, 8042.868375989339]
[7395.654221488374, 8721.413527573215, 7923.158541601972, 7515.964439278885, 6743.027464436673, 7663.321732443391, 6217.401552223155, 9048.421081175406, 9110.869878680498, 5628.102701129868, 9911.835820591292, 7282.495532212549, 7464.8106717194, 8464.291649928939, 8667.588528086526, 6730.14780466066, 7815.158591667183, 7245.562226915337, 7632.397082721132, 4886.446578999157, 7513.617774839084, 8274.746607113431, 8405.410554958897, 7383.7864952496675, 7732.222670298215, 9661.895137791085, 8155.384754613588, 6182.1551535267845, 6890.867761202334, 7877.423110367663, 7673.281561252175, 8405.971795802354, 7715.079365170951, 9066.846698935207, 8186.849016339009, 6397.123326868865, 8167.439724746992, 8045.844358863724, 8409.558961592247, 8120.915343661576, 7469.280835006857, 9116.265873270047, 7080.672128875983, 8009.695574586192, 7065.382200658586, 6541.360884350531, 8988.338940241936, 7825.854196151618, 7082.190316428559, 8035.27841507734]
[7395.654221488374, 8721.413527573215, 7923.158541601972, 7515.964439278885, 6743.027464436673, 7663.321732443391, 6217.401552223155, 9048.421081175406, 9110.869878680498, 5628.102701129868, 9911.835820591292, 7282.495532212549, 7464.8106717194, 8464.291649928939, 8667.588528086526, 6716.23605671702, 7815.158591667183, 7245.562226915337, 7632.397082721132, 4873.533874879837, 7513.617774839084, 8274.746607113431, 8403.031589994878, 7383.7864952496675, 7723.82021357764, 9651.216001638806, 8127.203747493839, 6182.1551535267845, 6890.867761202334, 7877.423110367663, 7673.281561252175, 8382.472698754664, 7715.079365170951, 9066.846698935207, 8186.849016339009, 6388.385503833769, 8167.439724746992, 8045.844358863724, 8373.672315671463, 8120.915343661576, 7469.280835006857, 9063.784681598841, 7080.672128875983, 7972.17569547483, 7065.382200658586, 6523.216952299006, 8988.338940241936, 7823.885912165834, 7082.190316428559, 8035.27841507734]
[7395.654221488374, 8721.413527573215, 7923.158541601972, 7515.964439278885, 6741.33379470606, 7625.364614840652, 6217.401552223155, 9048.421081175406, 9110.869878680498, 5613.663649739186, 9911.835820591292, 7282.495532212549, 7461.82914020676, 8464.291649928939, 8667.588528086526, 6716.23605671702, 7815.158591667183, 7245.562226915337, 7632.397082721132, 4844.347177664329, 7513.617774839084, 8274.746607113431, 8394.480227984608, 7383.7864952496675, 7723.82021357764, 9651.216001638806, 8127.203747493839, 6182.1551535267845, 6890.867761202334, 7870.390194717914, 7673.281561252175, 8382.472698754664, 7715.079365170951, 9066.846698935207, 8186.849016339009, 6388.385503833769, 8167.439724746992, 8045.844358863724, 8373.672315671463, 8119.438699316781, 7431.03240926158, 9063.784681598841, 7080.672128875983, 7972.17569547483, 7060.9122123141615, 6523.216952299006, 8980.117005184955, 7803.474745471281, 7070.597046631982, 8035.27841507734]
[7395.654221488374, 8721.413527573215, 7882.043328908403, 7515.964439278885, 6741.33379470606, 7625.364614840652, 6217.401552223155, 9033.060782038805, 9110.869878680498, 5613.663649739186, 9911.835820591292, 7281.312316019234, 7461.82914020676, 8464.291649928939, 8667.588528086526, 6716.23605671702, 7815.158591667183, 7238.667146635911, 7632.397082721132, 4844.347177664329, 7511.045933258116, 8274.746607113431, 8394.480227984608, 7383.7864952496675, 7723.82021357764, 9651.216001638806, 8127.203747493839, 6182.1551535267845, 6867.601277129103, 7870.390194717914, 7664.731012663744, 8382.472698754664, 7715.079365170951, 9066.846698935207, 8186.849016339009, 6388.385503833769, 8167.439724746992, 8045.844358863724, 8373.672315671463, 8070.831907878608, 7430.72043160116, 9046.778650846245, 7080.451946588599, 7926.198078490018, 7060.9122123141615, 6523.216952299006, 8980.117005184955, 7803.474745471281, 7070.597046631982, 8035.27841507734]
[7395.654221488374, 8721.413527573215, 7882.043328908403, 7515.964439278885, 6741.33379470606, 7625.364614840652, 6199.013815627261, 9033.060782038805, 9110.869878680498, 5613.663649739186, 9911.835820591292, 7278.947926857695, 7461.82914020676, 8464.291649928939, 8667.588528086526, 6716.23605671702, 7813.570160295133, 7238.667146635911, 7632.397082721132, 4833.018298651923, 7511.045933258116, 8268.890006822538, 8394.480227984608, 7372.744310903176, 7690.4817601527075, 9651.216001638806, 8127.203747493839, 6162.132654579572, 6867.601277129103, 7870.390194717914, 7664.731012663744, 8382.472698754664, 7715.079365170951, 9066.846698935207, 8186.849016339009, 6378.791929618671, 8161.755923448669, 8045.844358863724, 8373.672315671463, 8070.831907878608, 7427.739460795541, 9046.778650846245, 7080.451946588599, 7926.198078490018, 7053.069561440765, 6499.524189621049, 8980.117005184955, 7746.637965416921, 7065.135761970538, 8035.27841507734]
[7395.654221488374, 8721.413527573215, 7882.043328908403, 7515.964439278885, 6730.627303670323, 7611.282700391103, 6190.530445865977, 9033.060782038805, 9110.869878680498, 5613.663649739186, 9911.835820591292, 7278.947926857695, 7418.801633825754, 8464.291649928939, 8640.346258517853, 6716.23605671702, 7787.5966385771735, 7238.667146635911, 7632.397082721132, 4818.962882788704, 7511.045933258116, 8268.890006822538, 8394.480227984608, 7372.744310903176, 7685.9271811440385, 9651.216001638806, 8122.626679222029, 6114.602003758753, 6867.601277129103, 7861.5849584140105, 7664.731012663744, 8382.472698754664, 7704.416950894452, 9066.846698935207, 8176.9902826454145, 6378.791929618671, 8161.755923448669, 8039.733657687197, 8346.798578504091, 8049.626061388712, 7427.739460795541, 9023.483688781876, 7080.451946588599, 7926.198078490018, 7033.442844102002, 6499.524189621049, 8980.117005184955, 7746.637965416921, 7065.135761970538, 8035.27841507734]
[7395.654221488374, 8721.413527573215, 7882.043328908403, 7515.964439278885, 6730.627303670323, 7607.8220296318905, 6187.048238331973, 9033.060782038805, 9098.900786105107, 5613.663649739186, 9903.494459801532, 7278.947926857695, 7418.801633825754, 8464.291649928939, 8632.881223447604, 6700.313631002139, 7781.094287087454, 7238.667146635911, 7632.397082721132, 4804.041783169888, 7511.045933258116, 8260.312944362937, 8394.480227984608, 7372.744310903176, 7685.9271811440385, 9651.216001638806, 8122.626679222029, 6114.602003758753, 6867.601277129103, 7850.616444946328, 7663.27762957852, 8382.472698754664, 7704.416950894452, 9066.846698935207, 8176.9902826454145, 6367.8978875336925, 8161.755923448669, 8039.733657687197, 8346.798578504091, 8049.626061388712, 7427.739460795541, 9023.483688781876, 7080.451946588599, 7926.198078490018, 7033.442844102002, 6499.524189621049, 8976.666241548617, 7746.637965416921, 7060.138694727818, 8010.096936520997]
[7395.094081654455, 8674.543742298023, 7872.722448110956, 7511.246122736777, 6730.627303670323, 7581.422964476902, 6187.048238331973, 9033.060782038805, 9098.900786105107, 5563.228354448609, 9903.494459801532, 7278.947926857695, 7410.599422744624, 8429.537262452724, 8632.881223447604, 6700.313631002139, 7775.4927844282265, 7238.667146635911, 7632.397082721132, 4793.668198446296, 7507.279099476267, 8237.955869217925, 8394.480227984608, 7372.744310903176, 7679.164339179015, 9651.216001638806, 8122.626679222029, 6109.9484185066085, 6867.601277129103, 7850.616444946328, 7663.27762957852, 8382.472698754664, 7704.416950894452, 9066.846698935207, 8176.9902826454145, 6367.8978875336925, 8161.755923448669, 8039.733657687197, 8346.798578504091, 8036.956591628596, 7422.374906036724, 9017.890776319382, 7080.451946588599, 7921.352089987098, 7033.442844102002, 6499.524189621049, 8976.666241548617, 7746.637965416921, 7048.090259844137, 8005.454211583977]
[7395.094081654455, 8674.543742298023, 7872.722448110956, 7493.641742271019, 6718.309357990697, 7572.7197509298, 6187.048238331973, 9010.81859384437, 9098.900786105107, 5548.478047307497, 9903.494459801532, 7278.947926857695, 7410.599422744624, 8429.537262452724, 8615.4838979332, 6700.313631002139, 7775.4927844282265, 7238.667146635911, 7632.397082721132, 4793.413368445489, 7503.753978941682, 8218.037302597386, 8369.23223527328, 7372.744310903176, 7679.164339179015, 9651.216001638806, 8122.626679222029, 6109.9484185066085, 6867.601277129103, 7850.616444946328, 7645.828610112929, 8382.472698754664, 7703.948051360637, 9066.846698935207, 8176.9902826454145, 6367.8978875336925, 8161.755923448669, 8008.996499703559, 8346.798578504091, 8036.956591628596, 7415.210313920581, 9017.890776319382, 7080.451946588599, 7917.154655564986, 7033.442844102002, 6499.524189621049, 8976.666241548617, 7746.637965416921, 7048.090259844137, 8005.454211583977]
[7385.6695175432615, 8674.543742298023, 7872.722448110956, 7493.641742271019, 6718.309357990697, 7572.7197509298, 6176.321423079539, 9010.81859384437, 9085.33529080742, 5546.900900053354, 9903.494459801532, 7271.331861082732, 7410.599422744624, 8429.537262452724, 8615.4838979332, 6700.313631002139, 7775.4927844282265, 7220.736619268551, 7632.397082721132, 4793.413368445489, 7502.564737494123, 8218.037302597386, 8356.329179152464, 7372.744310903176, 7679.164339179015, 9651.216001638806, 8122.626679222029, 6109.9484185066085, 6852.333946778706, 7850.616444946328, 7640.5744604901065, 8367.038846129995, 7703.948051360637, 9051.868154501906, 8176.9902826454145, 6366.465422527695, 8161.755923448669, 8004.013142766489, 8346.798578504091, 8036.956591628596, 7415.210313920581, 9017.890776319382, 7080.451946588599, 7912.436382640502, 7033.442844102002, 6494.437935602195, 8976.666241548617, 7746.637965416921, 7002.867940623248, 8005.454211583977]
[7385.6695175432615, 8650.593403279872, 7855.608131824006, 7493.641742271019, 6718.309357990697, 7572.7197509298, 6176.321423079539, 9001.853440327406, 9085.33529080742, 5538.581233692851, 9903.494459801532, 7271.331861082732, 7410.599422744624, 8429.537262452724, 8615.4838979332, 6700.313631002139, 7775.4927844282265, 7220.552408490487, 7632.397082721132, 4793.413368445489, 7502.564737494123, 8218.037302597386, 8356.329179152464, 7372.744310903176, 7679.164339179015, 9651.216001638806, 8122.626679222029, 6086.892138778632, 6852.333946778706, 7850.616444946328, 7621.644304618319, 8359.948955798263, 7703.948051360637, 9051.868154501906, 8150.24687815397, 6366.465422527695, 8161.755923448669, 8004.013142766489, 8346.798578504091, 8036.956591628596, 7415.210313920581, 9017.890776319382, 7080.451946588599, 7912.436382640502, 7020.483334841265, 6478.21401006311, 8976.666241548617, 7746.637965416921, 7002.867940623248, 7973.707947543919]
[7385.6695175432615, 8650.593403279872, 7855.608131824006, 7493.641742271019, 6718.309357990697, 7572.7197509298, 6176.321423079539, 9000.035446456, 9083.813718409243, 5525.35353344347, 9903.494459801532, 7271.331861082732, 7410.599422744624, 8420.681406887663, 8615.4838979332, 6681.262558649064, 7775.4927844282265, 7205.180679452131, 7629.573156631317, 4792.290277921316, 7500.139053683992, 8218.037302597386, 8356.329179152464, 7372.744310903176, 7679.164339179015, 9651.216001638806, 8122.626679222029, 6082.598175697972, 6852.333946778706, 7850.616444946328, 7621.644304618319, 8359.948955798263, 7703.948051360637, 9051.868154501906, 8144.401527488367, 6366.465422527695, 8161.755923448669, 8004.013142766489, 8346.798578504091, 8036.956591628596, 7381.294537179924, 9017.890776319382, 7076.033735878028, 7912.436382640502, 7020.483334841265, 6478.21401006311, 8976.666241548617, 7723.577036597986, 7002.867940623248, 7967.615800647516]
[7385.6695175432615, 8650.593403279872, 7830.320086670263, 7493.641742271019, 6718.309357990697, 7549.383847555315, 6173.889803049018, 9000.035446456, 9083.813718409243, 5525.35353344347, 9903.494459801532, 7268.644783386236, 7410.599422744624, 8419.152113856753, 8615.4838979332, 6634.782462927998, 7775.4927844282265, 7189.25523152095, 7629.573156631317, 4791.55291189519, 7500.139053683992, 8218.037302597386, 8356.329179152464, 7371.982437840406, 7679.164339179015, 9651.216001638806, 8122.626679222029, 6082.190050254007, 6852.333946778706, 7850.616444946328, 7621.644304618319, 8359.948955798263, 7703.948051360637, 9027.09717537294, 8144.401527488367, 6361.301457609477, 8161.755923448669, 8004.013142766489, 8346.798578504091, 8036.956591628596, 7381.294537179924, 9017.890776319382, 7075.660308448192, 7912.436382640502, 7020.483334841265, 6478.21401006311, 8976.666241548617, 7717.616001021971, 7002.867940623248, 7967.615800647516]
[7385.6695175432615, 8650.593403279872, 7830.320086670263, 7470.256203061814, 6718.309357990697, 7546.389438769288, 6137.501784517107, 9000.035446456, 9083.813718409243, 5525.302463433369, 9903.494459801532, 7268.644783386236, 7410.599422744624, 8419.152113856753, 8615.4838979332, 6592.553950896657, 7775.4927844282265, 7189.25523152095, 7629.573156631317, 4770.478262949843, 7472.700345003909, 8218.037302597386, 8328.436229984289, 7371.982437840406, 7679.164339179015, 9651.216001638806, 8077.268018557248, 6082.190050254007, 6847.881548729796, 7846.2425571746035, 7600.774397784592, 8359.948955798263, 7686.6002956123875, 9027.09717537294, 8144.401527488367, 6361.301457609477, 8151.294544622186, 8004.013142766489, 8322.097922965526, 8036.956591628596, 7339.8775689240265, 9011.558330724345, 7056.891010464581, 7912.436382640502, 7005.170174868054, 6478.21401006311, 8976.666241548617, 7712.59274273277, 6997.227747754657, 7948.550112206023]
[7385.6695175432615, 8650.593403279872, 7827.403532638162, 7470.256203061814, 6718.309357990697, 7540.05322388945, 6137.501784517107, 9000.035446456, 9083.813718409243, 5499.713489606116, 9903.494459801532, 7268.644783386236, 7409.679183740115, 8419.152113856753, 8615.4838979332, 6592.553950896657, 7775.4927844282265, 7178.985078299711, 7629.573156631317, 4766.429209773868, 7472.700345003909, 8218.037302597386, 8328.436229984289, 7371.982437840406, 7679.164339179015, 9651.216001638806, 8072.707765857291, 6082.190050254007, 6847.881548729796, 7841.782985126456, 7600.774397784592, 8359.948955798263, 7686.6002956123875, 8998.74472675027, 8144.401527488367, 6356.984280876422, 8151.294544622186, 8004.013142766489, 8320.187778811056, 8036.956591628596, 7339.8775689240265, 9011.558330724345, 7056.891010464581, 7912.436382640502, 7005.170174868054, 6475.704744414359, 8976.666241548617, 7712.59274273277, 6997.227747754657, 7948.550112206023]
[7374.6041854494015, 8650.593403279872, 7826.1721056273, 7470.256203061814, 6711.552060025913, 7540.05322388945, 6137.501784517107, 8992.976000979503, 9083.813718409243, 5499.713489606116, 9887.070677889746, 7268.644783386236, 7409.679183740115, 8419.152113856753, 8615.4838979332, 6592.553950896657, 7757.064640551583, 7177.28477518538, 7613.660195598988, 4766.209258307992, 7472.700345003909, 8218.037302597386, 8328.436229984289, 7332.929472206766, 7663.281309431188, 9651.216001638806, 8072.707765857291, 6070.364924615792, 6847.881548729796, 7829.454139148811, 7600.774397784592, 8359.948955798263, 7662.660378143145, 8969.018854844402, 8119.946308084788, 6356.984280876422, 8151.294544622186, 7968.35675501943, 8320.187778811056, 8036.956591628596, 7339.8775689240265, 9009.224120070046, 7056.891010464581, 7912.436382640502, 7005.170174868054, 6437.9129972146675, 8975.265333342932, 7703.729418688173, 6997.227747754657, 7938.8432481650425]
[7374.6041854494015, 8650.593403279872, 7826.1721056273, 7470.256203061814, 6711.552060025913, 7533.696970454829, 6114.245212689367, 8992.976000979503, 9083.813718409243, 5499.713489606116, 9887.070677889746, 7268.644783386236, 7409.679183740115, 8419.152113856753, 8615.4838979332, 6582.454348181619, 7757.064640551583, 7177.28477518538, 7613.660195598988, 4766.209258307992, 7472.700345003909, 8218.037302597386, 8328.436229984289, 7332.929472206766, 7663.281309431188, 9651.216001638806, 8072.707765857291, 6035.905742691735, 6847.881548729796, 7829.454139148811, 7600.774397784592, 8359.948955798263, 7658.78382338162, 8969.018854844402, 8119.946308084788, 6338.206457312271, 8151.294544622186, 7968.35675501943, 8318.384396319943, 8036.956591628596, 7339.8775689240265, 9009.224120070046, 7056.891010464581, 7908.622333004813, 7005.170174868054, 6436.7504270182635, 8975.265333342932, 7703.033348961879, 6997.227747754657, 7936.988820576722]
[7374.6041854494015, 8650.593403279872, 7826.1721056273, 7470.256203061814, 6701.212393066914, 7533.696970454829, 6114.245212689367, 8992.976000979503, 9083.813718409243, 5494.440060216387, 9887.070677889746, 7264.690429003322, 7409.679183740115, 8419.152113856753, 8615.063963604642, 6567.208882159578, 7757.064640551583, 7177.28477518538, 7589.52072785341, 4765.53249027354, 7472.700345003909, 8218.037302597386, 8328.436229984289, 7332.929472206766, 7663.281309431188, 9651.216001638806, 8072.707765857291, 6028.184315369613, 6847.881548729796, 7823.801599263238, 7589.97444011289, 8332.611927816244, 7658.78382338162, 8969.018854844402, 8119.946308084788, 6312.491404289723, 8151.294544622186, 7968.35675501943, 8318.384396319943, 8036.956591628596, 7334.204732477428, 9009.224120070046, 7056.891010464581, 7908.622333004813, 7005.170174868054, 6436.7504270182635, 8964.975698354127, 7703.033348961879, 6969.242607678, 7936.988820576722]
[7374.6041854494015, 8646.670071376986, 7826.1721056273, 7419.998615821981, 6701.212393066914, 7532.913968732588, 6096.7813307864835, 8970.535608569111, 9070.536667342307, 5483.580362791854, 9886.593825489983, 7264.690429003322, 7409.679183740115, 8419.152113856753, 8615.063963604642, 6567.208882159578, 7757.064640551583, 7177.28477518538, 7589.52072785341, 4761.887568534956, 7472.700345003909, 8218.037302597386, 8328.436229984289, 7299.493950355449, 7663.281309431188, 9651.216001638806, 8072.707765857291, 6028.184315369613, 6847.881548729796, 7819.218867893421, 7589.97444011289, 8332.611927816244, 7656.779388594548, 8969.018854844402, 8119.946308084788, 6312.491404289723, 8151.294544622186, 7968.35675501943, 8318.384396319943, 8036.956591628596, 7334.204732477428, 9009.224120070046, 7049.066997029239, 7908.622333004813, 7005.170174868054, 6436.7504270182635, 8964.975698354127, 7703.033348961879, 6969.242607678, 7936.988820576722]
[7374.6041854494015, 8611.544718228783, 7826.1721056273, 7413.772501539677, 6701.212393066914, 7532.913968732588, 6079.784055510357, 8970.535608569111, 9070.536667342307, 5483.580362791854, 9846.111793430253, 7264.690429003322, 7409.679183740115, 8419.152113856753, 8612.931313851299, 6567.208882159578, 7757.064640551583, 7177.28477518538, 7589.52072785341, 4759.335200507866, 7472.700345003909, 8216.438384338147, 8328.436229984289, 7299.493950355449, 7663.281309431188, 9651.216001638806, 8072.707765857291, 6010.827065857562, 6816.031026859739, 7819.218867893421, 7589.97444011289, 8332.611927816244, 7656.035018727984, 8969.018854844402, 8119.946308084788, 6299.8814259663395, 8151.294544622186, 7968.35675501943, 8318.384396319943, 7998.738941941092, 7323.968054787129, 9005.952755089991, 7049.066997029239, 7908.622333004813, 7005.170174868054, 6436.7504270182635, 8958.993106072476, 7703.033348961879, 6969.242607678, 7936.988820576722]
[7374.6041854494015, 8611.544718228783, 7819.519707809164, 7413.772501539677, 6701.212393066914, 7532.913968732588, 6079.784055510357, 8970.535608569111, 9070.536667342307, 5483.580362791854, 9846.111793430253, 7264.690429003322, 7399.828884021171, 8419.152113856753, 8612.931313851299, 6526.705180192266, 7757.064640551583, 7177.28477518538, 7589.52072785341, 4758.006821384229, 7466.820475815523, 8216.438384338147, 8328.436229984289, 7299.493950355449, 7655.030055986371, 9651.216001638806, 8026.2495395635315, 5976.735449469525, 6816.031026859739, 7808.342926547705, 7589.97444011289, 8332.611927816244, 7641.526409053307, 8969.018854844402, 8110.970578136295, 6274.566497630979, 8151.294544622186, 7966.005851764957, 8318.384396319943, 7997.97883342111, 7323.968054787129, 9005.952755089991, 7014.661034580813, 7883.224803916461, 7005.170174868054, 6436.7504270182635, 8958.993106072476, 7703.033348961879, 6957.029618256185, 7936.988820576722]
[7370.37591779444, 8587.704799901061, 7819.519707809164, 7388.724117956427, 6692.978873115234, 7532.913968732588, 6078.134078700796, 8970.535608569111, 9070.536667342307, 5476.811983282061, 9846.111793430253, 7264.690429003322, 7399.828884021171, 8419.152113856753, 8612.931313851299, 6522.911209956417, 7757.064640551583, 7177.28477518538, 7579.814330518604, 4758.006821384229, 7466.820475815523, 8216.438384338147, 8328.436229984289, 7299.493950355449, 7644.14739637288, 9651.216001638806, 7997.463383065592, 5976.735449469525, 6816.031026859739, 7808.342926547705, 7589.97444011289, 8332.611927816244, 7641.526409053307, 8966.849118339442, 8110.970578136295, 6254.33848408032, 8151.294544622186, 7966.005851764957, 8318.384396319943, 7997.97883342111, 7319.567299755137, 9005.952755089991, 7014.661034580813, 7883.224803916461, 7005.170174868054, 6422.62854713458, 8958.993106072476, 7703.033348961879, 6957.029618256185, 7930.544653859581]
[7370.37591779444, 8587.704799901061, 7819.519707809164, 7381.629884133965, 6692.978873115234, 7520.480797590763, 6078.134078700796, 8970.535608569111, 9070.536667342307, 5476.811983282061, 9846.111793430253, 7253.372339526155, 7399.828884021171, 8419.152113856753, 8612.931313851299, 6522.911209956417, 7748.489570547547, 7144.7815608609035, 7579.814330518604, 4754.831540017826, 7466.820475815523, 8216.438384338147, 8322.991872531991, 7299.493950355449, 7644.14739637288, 9614.100348906773, 7993.872967686155, 5976.735449469525, 6807.592725945976, 7808.342926547705, 7589.97444011289, 8332.611927816244, 7641.526409053307, 8938.902422689938, 8110.970578136295, 6253.251192659305, 8151.294544622186, 7951.984556535446, 8318.384396319943, 7993.05227687375, 7319.567299755137, 9005.952755089991, 7014.661034580813, 7875.199274017701, 7005.170174868054, 6422.62854713458, 8958.993106072476, 7703.033348961879, 6957.029618256185, 7930.544653859581]
[7355.673603013926, 8587.704799901061, 7819.519707809164, 7381.629884133965, 6685.965068012441, 7520.480797590763, 6053.577618026424, 8965.561240946046, 9070.536667342307, 5476.811983282061, 9846.111793430253, 7231.875646049159, 7399.828884021171, 8419.152113856753, 8612.931313851299, 6522.911209956417, 7748.489570547547, 7133.8774705544465, 7579.814330518604, 4754.831540017826, 7466.820475815523, 8203.721177070556, 8322.991872531991, 7295.658771179517, 7627.147034526257, 9614.100348906773, 7993.872967686155, 5943.874619616744, 6807.592725945976, 7808.342926547705, 7589.97444011289, 8332.611927816244, 7641.526409053307, 8938.902422689938, 8110.970578136295, 6253.251192659305, 8151.294544622186, 7951.984556535446, 8292.375147128856, 7993.05227687375, 7308.3213677839685, 8997.031258669722, 7008.440208134656, 7855.020271216733, 7005.170174868054, 6394.4255109927335, 8935.354346178272, 7694.08633187762, 6957.029618256185, 7930.544653859581]
[7355.673603013926, 8587.704799901061, 7819.519707809164, 7381.629884133965, 6675.740650385834, 7520.480797590763, 6053.577618026424, 8965.561240946046, 9070.536667342307, 5476.811983282061, 9846.111793430253, 7231.875646049159, 7399.828884021171, 8419.152113856753, 8612.931313851299, 6522.911209956417, 7748.489570547547, 7129.941360616502, 7579.814330518604, 4740.9675496937525, 7452.855843981376, 8203.721177070556, 8322.991872531991, 7295.658771179517, 7599.862104221245, 9614.100348906773, 7993.872967686155, 5918.17715173849, 6807.592725945976, 7804.028834994967, 7589.97444011289, 8330.655195756519, 7641.526409053307, 8938.902422689938, 8110.970578136295, 6253.251192659305, 8151.294544622186, 7944.081908385058, 8292.375147128856, 7993.05227687375, 7308.3213677839685, 8997.031258669722, 7008.440208134656, 7855.020271216733, 7005.170174868054, 6394.4255109927335, 8935.354346178272, 7694.08633187762, 6957.029618256185, 7913.03439952199]
[7355.673603013926, 8587.704799901061, 7794.378534490848, 7381.629884133965, 6675.740650385834, 7520.480797590763, 5996.769059996284, 8965.561240946046, 9070.536667342307, 5469.86304561627, 9846.111793430253, 7231.875646049159, 7389.516136129288, 8419.152113856753, 8602.064563738179, 6508.4749052718025, 7748.489570547547, 7129.941360616502, 7567.006491010607, 4740.9675496937525, 7447.071645512054, 8203.721177070556, 8322.991872531991, 7278.339874384934, 7599.862104221245, 9592.415028509748, 7993.872967686155, 5918.17715173849, 6807.592725945976, 7804.028834994967, 7589.97444011289, 8330.655195756519, 7624.011671488758, 8938.902422689938, 8110.970578136295, 6253.251192659305, 8151.294544622186, 7944.081908385058, 8256.823223041403, 7993.05227687375, 7308.3213677839685, 8997.031258669722, 7008.440208134656, 7855.020271216733, 6992.15414967735, 6393.177885094331, 8935.354346178272, 7694.08633187762, 6957.029618256185, 7913.03439952199]
[7355.673603013926, 8587.704799901061, 7793.9452736624835, 7367.366034455202, 6675.740650385834, 7520.480797590763, 5996.769059996284, 8965.561240946046, 9070.536667342307, 5444.614371699414, 9840.168296856886, 7231.875646049159, 7389.516136129288, 8419.152113856753, 8597.661195141249, 6508.4749052718025, 7744.487454060511, 7129.941360616502, 7567.006491010607, 4738.7731264743325, 7430.968493033144, 8182.762697515665, 8322.991872531991, 7278.339874384934, 7599.862104221245, 9592.415028509748, 7993.872967686155, 5918.17715173849, 6807.592725945976, 7803.804658742069, 7589.97444011289, 8330.655195756519, 7612.536479208255, 8938.902422689938, 8110.970578136295, 6253.251192659305, 8151.294544622186, 7944.081908385058, 8222.30461195916, 7992.922001532403, 7308.3213677839685, 8997.031258669722, 7007.929712243145, 7850.794281713033, 6992.15414967735, 6374.345789449599, 8935.354346178272, 7694.08633187762, 6957.029618256185, 7913.03439952199]
[7335.467328380427, 8587.704799901061, 7793.9452736624835, 7367.366034455202, 6675.740650385834, 7520.480797590763, 5996.769059996284, 8958.260727159879, 9070.536667342307, 5444.614371699414, 9840.168296856886, 7231.875646049159, 7384.383356254143, 8419.152113856753, 8597.661195141249, 6501.492152117242, 7744.487454060511, 7129.941360616502, 7516.3216901353035, 4728.8802739916555, 7394.55752325268, 8182.762697515665, 8322.991872531991, 7272.867852236331, 7599.862104221245, 9592.415028509748, 7993.872967686155, 5918.17715173849, 6807.592725945976, 7798.07633034032, 7580.8467934629125, 8330.655195756519, 7609.920956144639, 8938.902422689938, 8106.4676884920045, 6237.051022312233, 8151.294544622186, 7943.096876026738, 8213.683319190344, 7992.922001532403, 7308.3213677839685, 8997.031258669722, 7007.929712243145, 7850.794281713033, 6992.15414967735, 6374.345789449599, 8925.034165207562, 7694.08633187762, 6957.029618256185, 7913.03439952199]
[7335.467328380427, 8518.346469321596, 7793.9452736624835, 7338.427894864983, 6673.125329375753, 7520.480797590763, 5996.769059996284, 8924.648490212321, 9070.536667342307, 5444.614371699414, 9840.168296856886, 7231.875646049159, 7384.383356254143, 8419.152113856753, 8589.84099155739, 6501.492152117242, 7744.487454060511, 7094.458237722564, 7516.3216901353035, 4724.663046751695, 7394.55752325268, 8182.762697515665, 8308.908897716925, 7267.4163158384035, 7599.862104221245, 9559.70716027532, 7993.872967686155, 5918.17715173849, 6807.592725945976, 7798.07633034032, 7580.8467934629125, 8330.655195756519, 7609.920956144639, 8938.902422689938, 8106.4676884920045, 6237.051022312233, 8151.294544622186, 7943.096876026738, 8213.683319190344, 7992.922001532403, 7291.65762428957, 8980.77050758031, 7007.929712243145, 7850.794281713033, 6992.15414967735, 6374.345789449599, 8870.694954934459, 7694.08633187762, 6957.029618256185, 7913.03439952199]
[7327.792659267569, 8518.346469321596, 7793.9452736624835, 7301.329363592248, 6671.237595077686, 7520.480797590763, 5996.769059996284, 8924.648490212321, 9070.536667342307, 5433.513915144859, 9840.168296856886, 7208.879718521217, 7384.383356254143, 8419.152113856753, 8582.216872721056, 6495.588717110616, 7744.487454060511, 7091.744392586795, 7516.3216901353035, 4695.1903402692315, 7394.55752325268, 8182.762697515665, 8299.881594027664, 7267.4163158384035, 7599.862104221245, 9559.70716027532, 7992.457118645236, 5918.17715173849, 6807.592725945976, 7792.687392367634, 7580.8467934629125, 8330.194669190185, 7609.920956144639, 8888.461159258912, 8106.4676884920045, 6234.362066142682, 8151.294544622186, 7943.096876026738, 8213.683319190344, 7992.922001532403, 7268.1754962046425, 8980.77050758031, 7007.929712243145, 7849.022875177904, 6992.15414967735, 6374.345789449599, 8869.66293538751, 7694.08633187762, 6946.993400276549, 7913.03439952199]
[7327.792659267569, 8518.346469321596, 7793.9452736624835, 7301.329363592248, 6671.237595077686, 7520.480797590763, 5994.668994370073, 8924.648490212321, 9070.536667342307, 5416.503588397663, 9840.168296856886, 7203.118535657234, 7378.330099283188, 8419.152113856753, 8582.216872721056, 6495.588717110616, 7741.826171508535, 7091.744392586795, 7516.3216901353035, 4692.1534213734285, 7367.050723348904, 8171.387581043634, 8299.881594027664, 7267.4163158384035, 7599.862104221245, 9559.70716027532, 7991.901879077649, 5901.37641636079, 6807.592725945976, 7744.83999044071, 7570.593746356741, 8330.194669190185, 7609.920956144639, 8888.461159258912, 8106.4676884920045, 6227.628415328476, 8151.294544622186, 7923.952210418564, 8213.683319190344, 7979.219492682469, 7267.971275869752, 8978.982733775982, 7007.711720427738, 7849.022875177904, 6991.0298329365205, 6374.345789449599, 8869.66293538751, 7694.08633187762, 6946.993400276549, 7913.03439952199]
[7327.792659267569, 8518.346469321596, 7793.9452736624835, 7284.430339493367, 6671.237595077686, 7512.979612119516, 5994.668994370073, 8887.584309284957, 9070.536667342307, 5402.931160728383, 9837.484781423218, 7203.118535657234, 7352.388238229731, 8409.32178540085, 8582.216872721056, 6480.109349198784, 7741.826171508535, 7072.266092306823, 7516.3216901353035, 4680.968848362856, 7367.050723348904, 8171.387581043634, 8299.881594027664, 7267.4163158384035, 7599.862104221245, 9559.70716027532, 7991.901879077649, 5884.74399926836, 6807.592725945976, 7744.83999044071, 7562.496108978319, 8330.194669190185, 7609.920956144639, 8888.461159258912, 8106.4676884920045, 6219.753332580398, 8151.294544622186, 7923.952210418564, 8200.376165944705, 7979.219492682469, 7264.353086298623, 8978.982733775982, 6996.744495782112, 7849.022875177904, 6991.0298329365205, 6374.345789449599, 8840.961460696844, 7690.9705995588765, 6946.993400276549, 7913.03439952199]
[7314.851628531816, 8512.923530053904, 7793.9452736624835, 7284.430339493367, 6666.993793486801, 7512.979612119516, 5994.668994370073, 8887.584309284957, 9070.536667342307, 5402.931160728383, 9837.484781423218, 7203.118535657234, 7352.388238229731, 8407.175314893808, 8571.126865501412, 6477.690650086282, 7741.826171508535, 7072.266092306823, 7516.3216901353035, 4677.208137901029, 7317.851724467519, 8171.387581043634, 8299.881594027664, 7267.4163158384035, 7599.862104221245, 9559.70716027532, 7991.901879077649, 5882.761931497601, 6807.592725945976, 7744.83999044071, 7562.496108978319, 8330.194669190185, 7609.920956144639, 8888.461159258912, 8106.4676884920045, 6219.753332580398, 8151.294544622186, 7923.230148957936, 8200.376165944705, 7976.92454795439, 7264.353086298623, 8978.982733775982, 6996.744495782112, 7797.5906755650485, 6961.089945534307, 6374.345789449599, 8840.961460696844, 7690.9705995588765, 6939.904682495946, 7913.03439952199]
[7314.851628531816, 8512.923530053904, 7793.9452736624835, 7284.430339493367, 6666.993793486801, 7512.979612119516, 5994.668994370073, 8887.584309284957, 9070.536667342307, 5402.931160728383, 9837.484781423218, 7203.118535657234, 7308.449295833091, 8407.175314893808, 8533.327484418038, 6477.690650086282, 7740.253581010848, 7072.266092306823, 7516.3216901353035, 4677.0499676065465, 7314.4653788217765, 8171.387581043634, 8299.881594027664, 7267.4163158384035, 7599.862104221245, 9559.70716027532, 7991.901879077649, 5870.323936570763, 6807.592725945976, 7744.83999044071, 7562.496108978319, 8324.09014552351, 7603.139807979402, 8886.760537497295, 8106.4676884920045, 6219.753332580398, 8151.294544622186, 7923.230148957936, 8200.376165944705, 7976.92454795439, 7253.248578970551, 8978.982733775982, 6996.744495782112, 7787.374444668014, 6961.089945534307, 6374.345789449599, 8831.772592883495, 7681.152489885858, 6939.904682495946, 7903.83132346322]
[7314.851628531816, 8512.923530053904, 7781.004682904817, 7284.430339493367, 6666.993793486801, 7512.979612119516, 5994.668994370073, 8887.584309284957, 9070.536667342307, 5402.931160728383, 9837.484781423218, 7203.118535657234, 7308.449295833091, 8407.175314893808, 8533.327484418038, 6475.259006647046, 7740.253581010848, 7072.266092306823, 7506.28617371717, 4664.195409870025, 7314.4653788217765, 8170.667868656111, 8299.881594027664, 7267.4163158384035, 7599.862104221245, 9559.70716027532, 7991.901879077649, 5870.323936570763, 6807.592725945976, 7744.83999044071, 7562.496108978319, 8324.09014552351, 7603.139807979402, 8886.760537497295, 8106.4676884920045, 6219.753332580398, 8151.294544622186, 7923.230148957936, 8199.929795681255, 7976.92454795439, 7253.248578970551, 8978.982733775982, 6996.744495782112, 7787.374444668014, 6961.089945534307, 6374.345789449599, 8831.772592883495, 7681.152489885858, 6939.904682495946, 7903.83132346322]
[7300.808286970367, 8512.923530053904, 7776.78470225409, 7284.430339493367, 6666.993793486801, 7488.7341975613135, 5994.668994370073, 8887.584309284957, 9046.595407820167, 5402.931160728383, 9837.484781423218, 7189.735891871928, 7308.449295833091, 8403.407517479453, 8533.327484418038, 6475.259006647046, 7740.253581010848, 7072.266092306823, 7506.28617371717, 4657.359145570222, 7314.4653788217765, 8155.368089423721, 8299.881594027664, 7267.4163158384035, 7599.862104221245, 9523.882584644396, 7991.901879077649, 5870.323936570763, 6807.592725945976, 7744.83999044071, 7562.496108978319, 8324.09014552351, 7585.766986320299, 8877.319142960394, 8106.4676884920045, 6211.665002448436, 8151.294544622186, 7923.230148957936, 8199.929795681255, 7976.92454795439, 7227.434866699538, 8978.982733775982, 6987.105651638744, 7748.810150056871, 6955.634497903501, 6371.618642552192, 8831.772592883495, 7681.152489885858, 6939.904682495946, 7902.29441561758]
[7300.808286970367, 8509.721762404468, 7760.564591030003, 7284.430339493367, 6666.993793486801, 7479.574642510566, 5994.668994370073, 8874.322028934643, 9046.595407820167, 5402.931160728383, 9781.050087877675, 7185.336203070763, 7308.449295833091, 8395.631277986926, 8533.327484418038, 6475.259006647046, 7723.546374002051, 7072.266092306823, 7498.061837545685, 4656.614130206942, 7314.4653788217765, 8155.368089423721, 8299.881594027664, 7267.24689059651, 7599.862104221245, 9523.882584644396, 7991.901879077649, 5870.323936570763, 6807.592725945976, 7744.83999044071, 7562.496108978319, 8324.09014552351, 7578.061384554254, 8874.944783290306, 8106.4676884920045, 6211.665002448436, 8148.689162006352, 7922.742360006009, 8199.929795681255, 7976.92454795439, 7227.434866699538, 8978.982733775982, 6987.105651638744, 7748.810150056871, 6955.634497903501, 6353.592322325769, 8831.772592883495, 7681.152489885858, 6939.904682495946, 7892.886741675573]
[7300.808286970367, 8509.721762404468, 7760.564591030003, 7284.430339493367, 6666.687693878901, 7479.574642510566, 5984.795104872495, 8874.322028934643, 9046.595407820167, 5402.931160728383, 9781.050087877675, 7185.336203070763, 7308.449295833091, 8395.631277986926, 8533.327484418038, 6471.377224468135, 7723.546374002051, 7072.266092306823, 7498.061837545685, 4655.869688877717, 7314.4653788217765, 8155.368089423721, 8299.881594027664, 7229.485779744417, 7599.862104221245, 9523.882584644396, 7991.901879077649, 5870.323936570763, 6802.73895156848, 7744.83999044071, 7562.496108978319, 8324.09014552351, 7574.825840632917, 8874.944783290306, 8106.4676884920045, 6211.665002448436, 8148.689162006352, 7922.742360006009, 8199.219366712734, 7976.92454795439, 7208.57219588102, 8978.982733775982, 6958.8009718788035, 7748.810150056871, 6946.193009018352, 6353.592322325769, 8831.772592883495, 7681.152489885858, 6939.904682495946, 7892.886741675573]
[7300.808286970367, 8509.721762404468, 7760.564591030003, 7284.430339493367, 6666.687693878901, 7465.742254527007, 5968.695519858005, 8874.322028934643, 9046.595407820167, 5395.9746819458, 9781.050087877675, 7185.336203070763, 7308.449295833091, 8395.631277986926, 8531.294752715392, 6467.81290136108, 7723.546374002051, 7072.266092306823, 7498.061837545685, 4651.301941113916, 7314.4653788217765, 8125.137003123952, 8299.881594027664, 7229.485779744417, 7599.862104221245, 9523.882584644396, 7983.200155737788, 5870.323936570763, 6784.896864306461, 7744.83999044071, 7562.496108978319, 8322.872600920404, 7570.951844190885, 8874.944783290306, 8106.4676884920045, 6211.638874247192, 8145.91926889033, 7922.742360006009, 8199.219366712734, 7976.92454795439, 7203.2002843364535, 8978.982733775982, 6958.8009718788035, 7748.810150056871, 6946.193009018352, 6338.454576831325, 8831.772592883495, 7681.152489885858, 6939.904682495946, 7885.640811265919]
[7298.033479416306, 8509.721762404468, 7760.564591030003, 7284.430339493367, 6666.687693878901, 7465.742254527007, 5968.695519858005, 8874.322028934643, 9045.191681937806, 5394.618174948953, 9751.829361521257, 7185.336203070763, 7308.449295833091, 8395.631277986926, 8531.294752715392, 6467.81290136108, 7710.071024924866, 7072.266092306823, 7498.061837545685, 4642.490839921853, 7314.4653788217765, 8125.137003123952, 8299.881594027664, 7229.485779744417, 7599.862104221245, 9523.882584644396, 7983.200155737788, 5870.323936570763, 6784.896864306461, 7744.83999044071, 7562.496108978319, 8320.904367476924, 7570.951844190885, 8874.944783290306, 8104.111772170344, 6211.638874247192, 8145.91926889033, 7922.48683455089, 8199.219366712734, 7976.92454795439, 7197.594945882678, 8967.375804308462, 6951.332284403436, 7748.810150056871, 6940.777742537546, 6333.150756597879, 8823.416502243424, 7681.152489885858, 6939.904682495946, 7885.640811265919]
[7259.9504947203, 8509.721762404468, 7760.564591030003, 7284.430339493367, 6660.246747961215, 7465.742254527007, 5968.695519858005, 8874.322028934643, 9045.191681937806, 5393.1571923192805, 9751.829361521257, 7173.888119603876, 7302.647392237903, 8387.005106287992, 8506.677561437062, 6467.81290136108, 7710.071024924866, 7072.266092306823, 7498.061837545685, 4642.326199718587, 7314.4653788217765, 8125.137003123952, 8298.573638469486, 7218.276040688388, 7573.600926690825, 9523.882584644396, 7953.8596408885305, 5870.323936570763, 6784.896864306461, 7744.83999044071, 7562.496108978319, 8309.6568446444, 7548.185956362201, 8874.944783290306, 8104.111772170344, 6197.355751528317, 8145.91926889033, 7922.48683455089, 8199.219366712734, 7976.92454795439, 7197.594945882678, 8927.883985980923, 6951.332284403436, 7728.27799651343, 6940.777742537546, 6333.150756597879, 8805.45496238987, 7681.152489885858, 6939.904682495946, 7877.603951864332]
[7259.9504947203, 8509.721762404468, 7760.564591030003, 7284.430339493367, 6660.246747961215, 7465.742254527007, 5961.793673519287, 8874.322028934643, 9045.191681937806, 5393.1571923192805, 9751.829361521257, 7145.428211548438, 7302.647392237903, 8387.005106287992, 8502.189979502113, 6467.81290136108, 7710.071024924866, 7072.266092306823, 7498.061837545685, 4642.326199718587, 7285.242323658407, 8125.137003123952, 8271.844482138817, 7218.276040688388, 7563.968534489759, 9523.882584644396, 7953.8596408885305, 5870.193172957722, 6780.216978107247, 7744.83999044071, 7541.395186049068, 8307.545053811627, 7548.185956362201, 8874.944783290306, 8094.225276964069, 6193.571989653703, 8145.91926889033, 7922.48683455089, 8199.219366712734, 7976.92454795439, 7177.478123748728, 8927.883985980923, 6951.332284403436, 7728.27799651343, 6940.777742537546, 6333.150756597879, 8805.45496238987, 7648.520787573017, 6939.904682495946, 7877.603951864332]
[7209.186078377912, 8506.955632127267, 7760.564591030003, 7284.430339493367, 6639.038903479357, 7465.742254527007, 5961.793673519287, 8874.322028934643, 9045.191681937806, 5393.1571923192805, 9738.414110751235, 7130.658744806433, 7302.647392237903, 8387.005106287992, 8495.6397456546, 6462.751568603899, 7710.071024924866, 7072.266092306823, 7484.257201213596, 4629.651708637458, 7285.242323658407, 8125.137003123952, 8247.891203687452, 7207.8912048367, 7563.968534489759, 9523.882584644396, 7946.309126965682, 5835.411016313405, 6778.740821430419, 7744.83999044071, 7529.886662317893, 8271.470773912726, 7525.162972058422, 8811.537542289454, 8094.225276964069, 6193.571989653703, 8145.91926889033, 7918.722535316163, 8199.219366712734, 7976.92454795439, 7177.478123748728, 8899.633447317232, 6951.332284403436, 7715.737150569985, 6919.067838177492, 6310.265552932749, 8788.4813333952, 7648.155760828345, 6939.904682495946, 7869.490811775831]
[7209.186078377912, 8506.955632127267, 7760.564591030003, 7284.430339493367, 6636.598848797733, 7465.742254527007, 5961.793673519287, 8863.78360639255, 9003.667651417134, 5393.1571923192805, 9738.414110751235, 7130.658744806433, 7300.129090440882, 8372.820995180107, 8489.89094835049, 6462.751568603899, 7700.091992425367, 7072.266092306823, 7465.738055118975, 4626.798488649512, 7285.242323658407, 8115.82131908271, 8246.958858465763, 7207.8912048367, 7563.968534489759, 9523.882584644396, 7941.643381684402, 5835.411016313405, 6752.98170502477, 7744.83999044071, 7529.886662317893, 8270.684515992958, 7519.417584193189, 8811.537542289454, 8094.225276964069, 6193.571989653703, 8145.91926889033, 7918.722535316163, 8199.219366712734, 7945.40133075218, 7177.478123748728, 8892.522053882876, 6951.332284403436, 7715.737150569985, 6919.067838177492, 6308.630986304211, 8788.4813333952, 7644.059246898022, 6939.904682495946, 7856.243520892301]
[7209.186078377912, 8506.955632127267, 7760.564591030003, 7284.430339493367, 6630.416373350052, 7465.742254527007, 5961.793673519287, 8863.78360639255, 9003.667651417134, 5393.1571923192805, 9738.414110751235, 7130.658744806433, 7273.9659489392025, 8372.820995180107, 8489.89094835049, 6447.4006275147185, 7695.151078645418, 7072.266092306823, 7459.257902763735, 4626.798488649512, 7285.242323658407, 8115.82131908271, 8246.958858465763, 7207.8912048367, 7559.563076130308, 9523.882584644396, 7941.643381684402, 5835.411016313405, 6752.98170502477, 7744.83999044071, 7529.886662317893, 8251.241549804015, 7519.417584193189, 8811.537542289454, 8093.509987508672, 6193.571989653703, 8121.320821346928, 7918.722535316163, 8195.50425996099, 7945.40133075218, 7177.478123748728, 8892.522053882876, 6951.332284403436, 7708.517627240923, 6919.067838177492, 6308.630986304211, 8773.2608904535, 7644.059246898022, 6939.904682495946, 7856.243520892301]
[7208.479155777195, 8506.955632127267, 7737.817203285088, 7272.551554546674, 6630.416373350052, 7465.742254527007, 5961.793673519287, 8863.78360639255, 9003.667651417134, 5379.544603571838, 9738.414110751235, 7130.658744806433, 7273.9659489392025, 8357.884988306605, 8489.89094835049, 6442.231172805424, 7695.151078645418, 7072.199883709736, 7456.552226092244, 4618.1074634920205, 7285.242323658407, 8115.82131908271, 8246.958858465763, 7207.8912048367, 7559.563076130308, 9523.882584644396, 7936.932633360504, 5835.411016313405, 6752.98170502477, 7744.83999044071, 7529.886662317893, 8251.241549804015, 7519.417584193189, 8811.537542289454, 8093.509987508672, 6184.446267108934, 8094.04988890035, 7918.722535316163, 8141.633949450976, 7945.40133075218, 7177.478123748728, 8892.522053882876, 6928.402450923661, 7708.517627240923, 6919.067838177492, 6308.630986304211, 8773.2608904535, 7644.059246898022, 6931.087677714645, 7856.243520892301]
[7183.777152982626, 8506.288402490014, 7737.817203285088, 7264.299617083636, 6630.416373350052, 7465.742254527007, 5961.793673519287, 8860.456575843698, 9003.667651417134, 5313.485823445395, 9738.414110751235, 7130.658744806433, 7273.9659489392025, 8357.884988306605, 8426.892184446357, 6408.02125188155, 7691.203329333123, 7072.199883709736, 7454.320537543792, 4617.72308328095, 7285.242323658407, 8105.484924082766, 8246.958858465763, 7207.8912048367, 7535.133088934059, 9523.882584644396, 7936.932633360504, 5827.684081016616, 6752.98170502477, 7744.83999044071, 7529.886662317893, 8237.375702414196, 7519.417584193189, 8811.537542289454, 8093.509987508672, 6180.273928506131, 8082.164075582716, 7918.722535316163, 8141.633949450976, 7887.250373658717, 7177.478123748728, 8892.522053882876, 6922.195605195242, 7708.517627240923, 6919.067838177492, 6284.948213273641, 8773.2608904535, 7644.059246898022, 6931.087677714645, 7856.243520892301]
[7183.777152982626, 8498.34309094138, 7727.34097335313, 7254.613780868909, 6630.416373350052, 7437.2561239894085, 5959.736027146451, 8860.456575843698, 9003.667651417134, 5313.485823445395, 9738.414110751235, 7111.29018751625, 7273.9659489392025, 8357.884988306605, 8426.892184446357, 6408.02125188155, 7691.203329333123, 7072.199883709736, 7454.320537543792, 4581.468878295863, 7273.3884670396965, 8105.484924082766, 8241.493545292189, 7200.938817313468, 7526.41532737054, 9523.882584644396, 7936.932633360504, 5827.684081016616, 6752.98170502477, 7744.83999044071, 7517.199025402629, 8228.986606211414, 7494.846107035058, 8792.104931401302, 8088.999340770543, 6176.679056967346, 8082.164075582716, 7918.722535316163, 8115.882779920296, 7887.250373658717, 7177.478123748728, 8878.405220441467, 6922.195605195242, 7682.265080928089, 6919.067838177492, 6284.948213273641, 8773.2608904535, 7644.059246898022, 6888.594643239228, 7845.101716216105]
[7162.253560066361, 8498.34309094138, 7727.34097335313, 7254.613780868909, 6630.416373350052, 7437.2561239894085, 5954.791648660003, 8860.456575843698, 8984.237166183691, 5301.592707456837, 9738.414110751235, 7111.29018751625, 7267.954687782042, 8355.491187501431, 8426.892184446357, 6408.02125188155, 7691.203329333123, 7058.480581331433, 7454.320537543792, 4581.46811914518, 7264.632664487544, 8105.484924082766, 8241.493545292189, 7199.546418711618, 7526.41532737054, 9523.882584644396, 7919.764840908048, 5827.684081016616, 6752.98170502477, 7734.298738212378, 7489.509671928759, 8228.986606211414, 7494.846107035058, 8792.104931401302, 8088.999340770543, 6176.679056967346, 8082.164075582716, 7912.088789355529, 8115.882779920296, 7887.250373658717, 7177.478123748728, 8878.405220441467, 6922.195605195242, 7682.265080928089, 6906.046480794101, 6284.948213273641, 8737.311295696027, 7640.135854085136, 6882.547337352774, 7845.101716216105]
[7162.253560066361, 8477.67943310794, 7727.34097335313, 7254.613780868909, 6630.416373350052, 7437.2561239894085, 5939.271792426138, 8860.456575843698, 8984.237166183691, 5301.592707456837, 9738.414110751235, 7111.29018751625, 7267.954687782042, 8355.491187501431, 8426.892184446357, 6408.02125188155, 7684.127850254836, 7058.480581331433, 7454.320537543792, 4561.151943835028, 7263.620464642925, 8105.484924082766, 8241.493545292189, 7191.135131746462, 7460.159299047508, 9523.882584644396, 7919.764840908048, 5826.2934135225905, 6752.98170502477, 7721.242901906817, 7489.509671928759, 8223.042903199574, 7494.846107035058, 8792.104931401302, 8088.999340770543, 6172.5548166741155, 8082.164075582716, 7912.088789355529, 8086.367972645807, 7887.250373658717, 7177.478123748728, 8878.405220441467, 6904.940490750564, 7682.265080928089, 6906.046480794101, 6278.028926593903, 8737.311295696027, 7640.135854085136, 6882.547337352774, 7844.599958652306]
[7162.253560066361, 8477.67943310794, 7727.34097335313, 7254.613780868909, 6630.416373350052, 7437.2561239894085, 5939.271792426138, 8860.456575843698, 8984.237166183691, 5301.592707456837, 9738.414110751235, 7111.29018751625, 7267.954687782042, 8329.284450987965, 8425.417620745031, 6408.02125188155, 7684.127850254836, 7058.480581331433, 7454.320537543792, 4549.278233853438, 7240.759195182478, 8102.086429288695, 8241.493545292189, 7179.326429097481, 7460.159299047508, 9523.882584644396, 7919.764840908048, 5826.2934135225905, 6752.98170502477, 7721.242901906817, 7489.509671928759, 8223.042903199574, 7494.846107035058, 8792.104931401302, 8074.642159844416, 6172.5548166741155, 8079.497651284214, 7888.708774896802, 8083.009554430946, 7851.8058486411555, 7177.478123748728, 8861.170635411789, 6899.29371770579, 7682.265080928089, 6906.046480794101, 6270.256632889062, 8737.311295696027, 7630.837146647299, 6876.839977788013, 7844.599958652306]
[7162.253560066361, 8477.67943310794, 7727.34097335313, 7232.482084587998, 6630.416373350052, 7437.2561239894085, 5928.049433462331, 8860.456575843698, 8965.158841251226, 5301.592707456837, 9738.414110751235, 7111.29018751625, 7267.954687782042, 8326.817718400282, 8425.417620745031, 6384.557107577955, 7683.717138742812, 7058.480581331433, 7454.320537543792, 4549.26866430983, 7240.759195182478, 8099.958600232761, 8210.78706499559, 7179.326429097481, 7460.159299047508, 9523.882584644396, 7904.8833641506335, 5826.2934135225905, 6752.98170502477, 7721.242901906817, 7488.528656871835, 8223.042903199574, 7474.212472196404, 8792.104931401302, 8074.642159844416, 6150.234256016616, 8079.497651284214, 7876.180387298569, 8080.778550903332, 7851.8058486411555, 7177.478123748728, 8861.170635411789, 6899.29371770579, 7682.265080928089, 6906.046480794101, 6270.256632889062, 8737.311295696027, 7623.381206785406, 6855.655319743838, 7844.599958652306]
[7162.253560066361, 8465.148439661682, 7726.2522004161465, 7232.482084587998, 6630.416373350052, 7437.2561239894085, 5901.300954905519, 8860.456575843698, 8965.158841251226, 5291.658390439708, 9737.830163011782, 7111.29018751625, 7267.954687782042, 8318.476391915929, 8425.417620745031, 6381.320216478996, 7674.779062206961, 7035.135482264658, 7454.320537543792, 4548.911968422418, 7240.759195182478, 8099.958600232761, 8210.78706499559, 7179.326429097481, 7460.159299047508, 9523.882584644396, 7904.8833641506335, 5826.2934135225905, 6752.98170502477, 7718.417070611322, 7488.528656871835, 8223.042903199574, 7474.212472196404, 8792.104931401302, 8074.642159844416, 6150.234256016616, 8079.497651284214, 7876.180387298569, 8080.778550903332, 7851.8058486411555, 7172.878630291049, 8856.698844422777, 6893.174649934709, 7667.4987141459615, 6854.389053143564, 6232.016811455439, 8737.311295696027, 7623.381206785406, 6830.752121717531, 7844.599958652306]
[7162.253560066361, 8465.148439661682, 7726.2522004161465, 7232.482084587998, 6627.119735521354, 7437.2561239894085, 5901.300954905519, 8860.456575843698, 8962.397824738346, 5269.186141462943, 9737.830163011782, 7096.105916859374, 7244.906024550056, 8318.476391915929, 8425.417620745031, 6381.320216478996, 7651.260749200819, 7025.555077321185, 7441.737791827972, 4548.834652474844, 7240.759195182478, 8070.622330368608, 8210.78706499559, 7179.326429097481, 7460.159299047508, 9523.882584644396, 7904.8833641506335, 5826.2934135225905, 6751.544599174015, 7718.417070611322, 7488.528656871835, 8223.042903199574, 7474.212472196404, 8788.10080766416, 8074.642159844416, 6110.350152957889, 8079.497651284214, 7876.180387298569, 8080.778550903332, 7851.069625194365, 7172.878630291049, 8856.698844422777, 6893.174649934709, 7635.462631646149, 6854.389053143564, 6222.595590753435, 8737.311295696027, 7623.381206785406, 6830.752121717531, 7844.599958652306]
[7159.867337177272, 8465.148439661682, 7701.870819737136, 7232.482084587998, 6619.180760876372, 7417.213040148726, 5901.300954905519, 8860.456575843698, 8962.397824738346, 5263.485782133207, 9737.830163011782, 7096.105916859374, 7244.906024550056, 8318.476391915929, 8425.417620745031, 6372.518343208132, 7651.260749200819, 7025.555077321185, 7432.373659545992, 4545.720985030182, 7218.304114333067, 8070.622330368608, 8210.78706499559, 7179.326429097481, 7459.137062532425, 9523.882584644396, 7880.712132508714, 5826.2934135225905, 6747.565363181498, 7715.0182599170785, 7488.528656871835, 8223.042903199574, 7456.327975377787, 8788.10080766416, 8074.642159844416, 6110.350152957889, 8079.497651284214, 7876.180387298569, 8080.778550903332, 7851.069625194365, 7172.878630291049, 8856.698844422777, 6893.174649934709, 7635.462631646149, 6854.389053143564, 6211.52734848403, 8737.311295696027, 7623.381206785406, 6830.752121717531, 7844.599958652306]
[7159.867337177272, 8465.148439661682, 7701.870819737136, 7232.482084587998, 6598.563972712652, 7417.213040148726, 5901.300954905519, 8851.137526786324, 8962.397824738346, 5263.048510590104, 9737.830163011782, 7096.105916859374, 7223.364050188289, 8318.476391915929, 8425.417620745031, 6372.518343208132, 7651.260749200819, 7022.643177964215, 7378.9396020507065, 4534.8015975057415, 7218.304114333067, 8067.4456826142705, 8210.78706499559, 7164.236339798861, 7459.137062532425, 9523.882584644396, 7878.610908202482, 5811.515148793369, 6747.565363181498, 7688.066805309089, 7466.66120763683, 8223.042903199574, 7456.327975377787, 8769.659637781038, 8074.642159844416, 6110.266415857156, 8079.497651284214, 7874.179214341115, 8080.778550903332, 7851.069625194365, 7172.878630291049, 8850.303543668862, 6878.498717342428, 7617.979403706784, 6844.771853491142, 6211.52734848403, 8737.311295696027, 7623.381206785406, 6824.343610190695, 7841.723856917527]
[7149.516100770457, 8428.90357536754, 7701.870819737136, 7232.482084587998, 6596.519170604971, 7417.213040148726, 5897.713122414454, 8851.137526786324, 8962.397824738346, 5263.048510590104, 9726.543163158294, 7088.532426113166, 7223.364050188289, 8318.476391915929, 8425.417620745031, 6372.518343208132, 7651.260749200819, 7016.305423586661, 7378.9396020507065, 4534.8015975057415, 7212.195273538993, 8067.4456826142705, 8210.78706499559, 7161.500381725168, 7459.137062532425, 9523.882584644396, 7878.610908202482, 5799.919814593961, 6747.565363181498, 7688.066805309089, 7436.754415902581, 8223.042903199574, 7447.846004580296, 8769.659637781038, 8074.642159844416, 6108.817563768822, 8079.497651284214, 7874.179214341115, 8080.778550903332, 7828.200546458631, 7172.878630291049, 8840.452869343902, 6878.498717342428, 7617.979403706784, 6829.573277020232, 6211.52734848403, 8737.311295696027, 7623.381206785406, 6822.946827853744, 7839.457661475401]
[7149.516100770457, 8428.90357536754, 7700.163787061776, 7232.482084587998, 6596.519170604971, 7417.213040148726, 5897.713122414454, 8848.992471931186, 8962.397824738346, 5263.048510590104, 9726.543163158294, 7088.532426113166, 7223.364050188289, 8318.476391915929, 8425.417620745031, 6372.518343208132, 7651.260749200819, 7015.733953824487, 7325.0040656529, 4534.495147429798, 7212.195273538993, 8067.4456826142705, 8176.5322600542595, 7161.500381725168, 7459.137062532425, 9523.882584644396, 7878.610908202482, 5776.073895330864, 6747.565363181498, 7688.066805309089, 7436.754415902581, 8223.042903199574, 7414.915914647104, 8769.659637781038, 8074.642159844416, 6107.982552351001, 8079.497651284214, 7874.179214341115, 8080.778550903332, 7822.944704618293, 7172.878630291049, 8840.452869343902, 6878.498717342428, 7617.979403706784, 6829.573277020232, 6211.52734848403, 8736.013365779021, 7623.381206785406, 6822.946827853744, 7839.457661475401]
[7149.516100770457, 8428.90357536754, 7672.23519725338, 7218.153982741429, 6596.519170604971, 7417.213040148726, 5897.713122414454, 8848.992471931186, 8962.397824738346, 5263.048510590104, 9726.543163158294, 7088.532426113166, 7223.364050188289, 8318.476391915929, 8425.417620745031, 6365.24603785185, 7651.260749200819, 7015.733953824487, 7325.0040656529, 4534.065524096835, 7192.444105416168, 8067.4456826142705, 8176.5322600542595, 7161.500381725168, 7459.137062532425, 9523.882584644396, 7878.610908202482, 5747.462054328823, 6741.958473737637, 7676.383920990438, 7436.754415902581, 8223.042903199574, 7414.915914647104, 8769.659637781038, 8074.642159844416, 6107.982552351001, 8074.903232411953, 7874.179214341115, 8075.008405872746, 7822.944704618293, 7172.878630291049, 8840.452869343902, 6874.267107726171, 7617.979403706784, 6829.573277020232, 6211.52734848403, 8736.013365779021, 7604.526635837336, 6822.946827853744, 7838.04984221484]
[7149.516100770457, 8428.90357536754, 7672.23519725338, 7218.153982741429, 6596.519170604971, 7417.213040148726, 5897.713122414454, 8848.992471931186, 8962.397824738346, 5245.775908462146, 9712.850359070213, 7066.728282539661, 7214.349228172898, 8318.476391915929, 8425.417620745031, 6323.326410619243, 7651.260749200819, 7015.733953824487, 7325.0040656529, 4533.415333480153, 7192.444105416168, 8050.494825559258, 8176.5322600542595, 7158.079616793708, 7459.137062532425, 9523.882584644396, 7877.323837414386, 5747.462054328823, 6741.958473737637, 7651.318282724004, 7436.754415902581, 8214.767280897287, 7376.8621345941965, 8769.659637781038, 8074.642159844416, 6107.982552351001, 8074.903232411953, 7874.179214341115, 8075.008405872746, 7822.944704618293, 7172.878630291049, 8840.452869343902, 6868.20772409702, 7617.979403706784, 6809.137122738747, 6204.732263050257, 8736.013365779021, 7604.526635837336, 6822.946827853744, 7838.04984221484]
[7149.516100770457, 8428.90357536754, 7672.23519725338, 7197.723395440708, 6596.519170604971, 7417.213040148726, 5897.713122414454, 8844.485881552695, 8962.397824738346, 5229.754092298825, 9712.850359070213, 7066.728282539661, 7214.349228172898, 8318.476391915929, 8425.417620745031, 6287.269427738182, 7651.260749200819, 7015.733953824487, 7325.0040656529, 4531.0885948897685, 7192.444105416168, 8050.494825559258, 8169.680172046086, 7155.127091598479, 7459.137062532425, 9523.882584644396, 7877.323837414386, 5747.462054328823, 6714.121651785257, 7651.318282724004, 7436.754415902581, 8214.767280897287, 7376.8621345941965, 8769.659637781038, 8074.642159844416, 6107.982552351001, 8074.903232411953, 7874.179214341115, 8066.862676827533, 7822.944704618293, 7150.081572787426, 8831.604413987585, 6856.985432610023, 7617.979403706784, 6809.137122738747, 6204.732263050257, 8736.013365779021, 7604.526635837336, 6822.946827853744, 7819.191421728063]
[7149.516100770457, 8428.90357536754, 7653.373968687403, 7197.723395440708, 6596.519170604971, 7417.213040148726, 5897.713122414454, 8844.485881552695, 8962.397824738346, 5221.62798026606, 9699.442213741411, 7066.728282539661, 7191.695669425913, 8317.155310442067, 8380.597628391519, 6287.269427738182, 7644.219362798755, 6993.7350657162115, 7325.0040656529, 4526.981452790487, 7190.418982397154, 8050.494825559258, 8169.680172046086, 7123.88247120757, 7459.137062532425, 9500.559874996385, 7845.896286541235, 5737.636561398896, 6713.226896218267, 7651.318282724004, 7410.956382000727, 8196.355535288083, 7374.033592929615, 8769.659637781038, 8069.955560237488, 6104.841078383729, 8074.903232411953, 7874.179214341115, 8065.757795686174, 7822.944704618293, 7139.306147703038, 8831.604413987585, 6835.782496037396, 7617.979403706784, 6792.603049018883, 6204.732263050257, 8736.013365779021, 7599.067820857701, 6822.946827853744, 7783.07181026739]
[7149.516100770457, 8409.46952046724, 7653.373968687403, 7197.723395440708, 6561.674190657492, 7417.213040148726, 5868.452431228232, 8844.485881552695, 8962.397824738346, 5221.62798026606, 9699.442213741411, 7066.027538968856, 7191.695669425913, 8317.155310442067, 8372.792240908164, 6263.182629486099, 7640.3476275456505, 6993.7350657162115, 7253.994227406913, 4501.263973170275, 7190.418982397154, 8050.494825559258, 8169.680172046086, 7123.88247120757, 7459.137062532425, 9500.559874996385, 7845.896286541235, 5737.636561398896, 6713.226896218267, 7651.318282724004, 7410.956382000727, 8196.355535288083, 7374.033592929615, 8769.659637781038, 8069.955560237488, 6099.282812195479, 8062.374298496786, 7874.179214341115, 8065.757795686174, 7822.944704618293, 7139.306147703038, 8810.811546290222, 6823.590846042355, 7617.979403706784, 6792.414312619099, 6204.732263050257, 8736.013365779021, 7599.067820857701, 6822.946827853744, 7783.07181026739]
[7144.4124895460845, 8409.46952046724, 7653.373968687403, 7197.723395440708, 6561.674190657492, 7417.213040148726, 5867.960830496678, 8834.27256551171, 8962.397824738346, 5216.661547514275, 9699.442213741411, 7066.027538968856, 7191.695669425913, 8317.155310442067, 8325.363549412537, 6259.269572435782, 7637.106006561286, 6976.956990912944, 7253.994227406913, 4482.734395898831, 7190.418982397154, 8017.32697962855, 8169.680172046086, 7116.625632472389, 7446.375916385683, 9500.559874996385, 7843.995201746584, 5728.982167513852, 6713.226896218267, 7651.318282724004, 7410.956382000727, 8180.280565842147, 7374.033592929615, 8769.659637781038, 8069.955560237488, 6089.0898616227705, 8052.496316444612, 7874.176199670546, 8065.757795686174, 7822.944704618293, 7139.306147703038, 8810.811546290222, 6823.590846042355, 7602.98284265528, 6792.414312619099, 6204.732263050257, 8736.013365779021, 7599.067820857701, 6822.946827853744, 7783.07181026739]
[7144.4124895460845, 8409.46952046724, 7653.373968687403, 7181.888612006971, 6561.674190657492, 7417.213040148726, 5867.960830496678, 8834.27256551171, 8962.397824738346, 5213.69544703216, 9699.442213741411, 7066.027538968856, 7191.695669425913, 8317.155310442067, 8325.363549412537, 6242.182026030417, 7637.106006561286, 6940.385258746651, 7250.5308000059185, 4482.734395898831, 7190.418982397154, 8017.32697962855, 8160.233704451549, 7105.414320547416, 7446.375916385683, 9500.559874996385, 7843.995201746584, 5728.982167513852, 6710.164153842134, 7651.318282724004, 7410.956382000727, 8180.280565842147, 7374.033592929615, 8722.162818084675, 8069.955560237488, 6087.276615839766, 8052.496316444612, 7874.176199670546, 8029.81362656501, 7822.944704618293, 7139.306147703038, 8810.811546290222, 6823.590846042355, 7602.98284265528, 6792.414312619099, 6204.732263050257, 8736.013365779021, 7599.067820857701, 6822.946827853744, 7775.470228332095]
[7144.4124895460845, 8409.46952046724, 7653.373968687403, 7181.888612006971, 6561.674190657492, 7400.246393713355, 5830.989049255217, 8834.27256551171, 8950.254021943638, 5202.081581202074, 9699.442213741411, 7066.027538968856, 7191.695669425913, 8317.155310442067, 8314.047438532922, 6242.182026030417, 7637.106006561286, 6940.385258746651, 7250.5308000059185, 4482.628616412798, 7190.418982397154, 8017.32697962855, 8160.233704451549, 7105.414320547416, 7446.375916385683, 9500.559874996385, 7843.995201746584, 5727.556097134942, 6710.164153842134, 7633.962021800197, 7410.956382000727, 8180.280565842147, 7374.033592929615, 8722.162818084675, 8069.955560237488, 6087.276615839766, 8052.496316444612, 7861.475959803053, 8029.81362656501, 7819.055714606393, 7106.483590788867, 8810.811546290222, 6823.590846042355, 7602.98284265528, 6792.414312619099, 6148.4248146473465, 8726.60305747388, 7599.067820857701, 6822.946827853744, 7775.470228332095]
[7144.4124895460845, 8409.46952046724, 7653.373968687403, 7168.828641255312, 6561.674190657492, 7374.549062582829, 5830.989049255217, 8828.450709561637, 8950.254021943638, 5194.100383768928, 9696.732487840378, 7066.027538968856, 7169.93992837698, 8317.155310442067, 8314.047438532922, 6212.034064347188, 7620.192567171447, 6940.385258746651, 7223.903177556429, 4481.976682023166, 7190.418982397154, 8017.32697962855, 8160.233704451549, 7093.281853947459, 7429.75452911408, 9500.559874996385, 7843.995201746584, 5727.556097134942, 6705.914753821184, 7621.1896549233325, 7410.956382000727, 8180.280565842147, 7374.033592929615, 8722.162818084675, 8054.44357913455, 6077.765582261083, 8045.758048186751, 7861.475959803053, 8029.81362656501, 7819.055714606393, 7103.730575081568, 8810.811546290222, 6802.518148627771, 7600.5206512869245, 6792.414312619099, 6143.331075979018, 8726.60305747388, 7599.067820857701, 6822.946827853744, 7775.470228332095]
[7144.4124895460845, 8383.468363306003, 7652.948253378816, 7168.828641255312, 6556.88951796336, 7374.549062582829, 5830.989049255217, 8826.747369761815, 8950.254021943638, 5194.100383768928, 9696.732487840378, 7066.027538968856, 7169.93992837698, 8317.155310442067, 8314.047438532922, 6209.46750949947, 7620.192567171447, 6940.385258746651, 7223.903177556429, 4468.489852719989, 7190.418982397154, 8017.32697962855, 8160.233704451549, 7065.330811209265, 7429.75452911408, 9500.559874996385, 7843.995201746584, 5716.245640049185, 6705.914753821184, 7621.1896549233325, 7410.956382000727, 8180.280565842147, 7374.033592929615, 8722.162818084675, 8053.782983642518, 6077.765582261083, 8045.758048186751, 7861.475959803053, 8029.81362656501, 7819.055714606393, 7103.730575081568, 8810.811546290222, 6797.472840818524, 7600.5206512869245, 6792.414312619099, 6143.331075979018, 8726.60305747388, 7599.067820857701, 6770.464233862513, 7775.470228332095]
[7144.4124895460845, 8383.468363306003, 7652.948253378816, 7152.818225816712, 6556.88951796336, 7365.592399118058, 5830.989049255217, 8826.747369761815, 8949.594404281781, 5181.827036144944, 9693.06563481405, 7047.61629157705, 7169.93992837698, 8317.155310442067, 8314.047438532922, 6209.46750949947, 7571.573099445833, 6911.8491003303225, 7223.903177556429, 4463.423932692896, 7174.504360132186, 8017.32697962855, 8160.071688498094, 7065.330811209265, 7405.304286313311, 9488.191268027631, 7843.995201746584, 5716.245640049185, 6704.3588616550405, 7621.1896549233325, 7410.956382000727, 8180.280565842147, 7344.733758893982, 8722.162818084675, 8053.782983642518, 6077.765582261083, 8045.758048186751, 7861.475959803053, 8029.81362656501, 7819.055714606393, 7103.730575081568, 8767.918908079331, 6797.472840818524, 7600.5206512869245, 6792.414312619099, 6143.331075979018, 8721.662912160093, 7599.067820857701, 6770.464233862513, 7760.238269483189]
[7144.4124895460845, 8381.022731948306, 7652.948253378816, 7152.818225816712, 6556.88951796336, 7359.970908867772, 5830.989049255217, 8818.993249998824, 8949.594404281781, 5181.827036144944, 9693.06563481405, 7043.876563836025, 7169.93992837698, 8317.155310442067, 8314.047438532922, 6209.46750949947, 7571.573099445833, 6911.8491003303225, 7223.903177556429, 4462.346044425982, 7174.504360132186, 8017.32697962855, 8151.572907846419, 7065.330811209265, 7405.304286313311, 9449.565671524182, 7843.995201746584, 5716.245640049185, 6704.3588616550405, 7621.1896549233325, 7410.956382000727, 8180.280565842147, 7323.432624692592, 8710.800969117909, 8053.782983642518, 6077.765582261083, 8034.929377192981, 7861.475959803053, 8029.81362656501, 7819.055714606393, 7103.730575081568, 8767.792269065285, 6797.472840818524, 7600.5206512869245, 6792.414312619099, 6130.5973781551575, 8717.040240748913, 7599.067820857701, 6756.192373961062, 7760.238269483189]
[7144.4124895460845, 8352.576173103673, 7652.948253378816, 7152.818225816712, 6556.88951796336, 7359.970908867772, 5817.069115826549, 8818.534836522658, 8949.594404281781, 5181.827036144944, 9693.06563481405, 7043.876563836025, 7169.93992837698, 8295.154518261515, 8314.047438532922, 6209.46750949947, 7522.455818767599, 6904.5047597536, 7223.903177556429, 4438.713456310564, 7172.691581858553, 8017.32697962855, 8151.572907846419, 7065.330811209265, 7405.304286313311, 9449.565671524182, 7843.995201746584, 5716.245640049185, 6690.070044107716, 7621.1896549233325, 7410.956382000727, 8180.280565842147, 7323.432624692592, 8710.800969117909, 8027.842467649923, 6077.765582261083, 8034.929377192981, 7857.870826807708, 8029.81362656501, 7819.055714606393, 7103.730575081568, 8761.032574484187, 6791.509328740212, 7594.590777307034, 6792.414312619099, 6130.5973781551575, 8717.040240748913, 7599.067820857701, 6756.192373961062, 7760.238269483189]
[7144.4124895460845, 8352.576173103673, 7652.948253378816, 7152.818225816712, 6551.428311872116, 7356.730690806688, 5817.069115826549, 8818.534836522658, 8949.594404281781, 5171.500997865102, 9693.06563481405, 7040.349148621448, 7169.93992837698, 8295.154518261515, 8314.047438532922, 6209.46750949947, 7522.455818767599, 6894.892510676749, 7223.903177556429, 4425.399610581721, 7172.691581858553, 8015.298482500888, 8151.572907846419, 7065.330811209265, 7371.380541737059, 9428.104739374528, 7826.102397825363, 5716.245640049185, 6686.911445396802, 7619.169815170257, 7389.193288926658, 8174.957508168457, 7323.432624692592, 8710.800969117909, 8019.603645501595, 6077.765582261083, 8034.929377192981, 7855.965950752876, 8029.81362656501, 7792.465219799141, 7103.730575081568, 8761.032574484187, 6791.509328740212, 7594.590777307034, 6787.413287544417, 6119.123545840558, 8717.040240748913, 7599.067820857701, 6756.192373961062, 7760.238269483189]
[7144.4124895460845, 8352.576173103673, 7652.948253378816, 7152.818225816712, 6539.0863417663595, 7356.459799276371, 5817.069115826549, 8818.534836522658, 8930.384787882258, 5171.500997865102, 9693.06563481405, 7033.3914647873635, 7169.93992837698, 8295.154518261515, 8306.243555779865, 6209.46750949947, 7522.455818767599, 6894.892510676749, 7220.808448822079, 4425.399610581721, 7172.691581858553, 8015.298482500888, 8151.572907846419, 7027.05049810292, 7371.380541737059, 9424.470544128642, 7826.102397825363, 5716.245640049185, 6660.491210487971, 7607.339996546984, 7384.015967518526, 8174.957508168457, 7323.432624692592, 8710.800969117909, 8019.603645501595, 6077.765582261083, 8005.035832626248, 7855.965950752876, 8029.81362656501, 7792.465219799141, 7103.730575081568, 8739.362393605157, 6791.509328740212, 7592.698166962136, 6787.413287544417, 6106.824286087591, 8717.040240748913, 7599.067820857701, 6756.192373961062, 7755.256997942811]
[7130.486683487981, 8342.946162024708, 7652.948253378816, 7152.818225816712, 6538.785220905217, 7356.459799276371, 5797.223944965715, 8818.534836522658, 8930.384787882258, 5153.328336625925, 9686.49546242346, 7033.3914647873635, 7147.154314801203, 8285.97408244402, 8306.243555779865, 6209.46750949947, 7488.040056965908, 6894.892510676749, 7220.808448822079, 4408.993091951735, 7172.691581858553, 8015.298482500888, 8123.978562092843, 7008.038540737149, 7371.380541737059, 9424.470544128642, 7826.102397825363, 5716.245640049185, 6660.491210487971, 7607.339996546984, 7384.015967518526, 8174.382804077342, 7323.432624692592, 8698.709471899132, 8019.603645501595, 6074.168154589283, 8005.035832626248, 7855.965950752876, 8029.81362656501, 7792.465219799141, 7101.214386971861, 8739.362393605157, 6788.818519972379, 7592.698166962136, 6787.413287544417, 6106.824286087591, 8717.040240748913, 7599.067820857701, 6756.192373961062, 7755.256997942811]
[7130.486683487981, 8342.946162024708, 7652.948253378816, 7152.818225816712, 6527.615912189431, 7356.459799276371, 5797.223944965715, 8818.534836522658, 8930.384787882258, 5136.490778808101, 9686.49546242346, 7033.3914647873635, 7147.154314801203, 8285.97408244402, 8306.243555779865, 6209.46750949947, 7488.040056965908, 6894.892510676749, 7220.808448822079, 4408.993091951735, 7172.691581858553, 8015.298482500888, 8123.978562092843, 6997.045346428204, 7371.380541737059, 9424.470544128642, 7826.102397825363, 5653.278925782675, 6660.491210487971, 7607.339996546984, 7384.015967518526, 8174.382804077342, 7323.432624692592, 8698.709471899132, 8019.603645501595, 6074.168154589283, 7989.426355428254, 7834.492464939695, 8029.81362656501, 7784.369032849895, 7101.214386971861, 8739.362393605157, 6788.818519972379, 7592.698166962136, 6787.413287544417, 6106.824286087591, 8717.040240748913, 7599.067820857701, 6756.192373961062, 7755.256997942811]
[7130.486683487981, 8339.468973725026, 7652.948253378816, 7134.433945724073, 6524.822040598152, 7356.459799276371, 5783.273733347732, 8818.534836522658, 8930.384787882258, 5128.056057345474, 9686.49546242346, 7028.211803382763, 7134.791421959095, 8281.650548470976, 8306.243555779865, 6209.46750949947, 7488.040056965908, 6894.892510676749, 7220.808448822079, 4397.703785449484, 7164.595097156755, 8015.298482500888, 8123.978562092843, 6997.045346428204, 7371.380541737059, 9424.470544128642, 7826.102397825363, 5653.278925782675, 6660.491210487971, 7607.339996546984, 7366.820883665579, 8174.382804077342, 7323.432624692592, 8698.709471899132, 7982.053589798657, 6074.168154589283, 7989.426355428254, 7834.492464939695, 8029.81362656501, 7784.369032849895, 7101.214386971861, 8720.898172007419, 6788.818519972379, 7592.698166962136, 6787.413287544417, 6064.835341702668, 8717.040240748913, 7599.067820857701, 6738.599333161757, 7755.256997942811]
[7130.486683487981, 8331.689644831435, 7652.948253378816, 7133.2915301492785, 6524.822040598152, 7349.43317619854, 5769.643436400329, 8818.534836522658, 8930.384787882258, 5125.82608209427, 9686.49546242346, 7024.414261442425, 7131.1047680769425, 8281.650548470976, 8306.243555779865, 6209.46750949947, 7472.576169716619, 6894.892510676749, 7220.808448822079, 4394.623333731386, 7164.595097156755, 8015.298482500888, 8123.978562092843, 6997.045346428204, 7371.380541737059, 9424.470544128642, 7826.102397825363, 5653.029068021751, 6660.491210487971, 7607.339996546984, 7366.820883665579, 8174.382804077342, 7302.14939941632, 8698.709471899132, 7982.053589798657, 6074.168154589283, 7989.426355428254, 7834.492464939695, 8029.81362656501, 7783.419348789192, 7101.214386971861, 8720.898172007419, 6788.818519972379, 7585.045337334326, 6787.413287544417, 6059.198296518278, 8717.040240748913, 7599.067820857701, 6738.599333161757, 7755.256997942811]
[7130.486683487981, 8331.689644831435, 7652.948253378816, 7133.2915301492785, 6514.287206624974, 7349.43317619854, 5744.741996276103, 8818.534836522658, 8930.384787882258, 5125.82608209427, 9686.49546242346, 7020.767100656478, 7131.1047680769425, 8270.90113448218, 8306.243555779865, 6209.46750949947, 7472.576169716619, 6894.892510676749, 7220.808448822079, 4394.623333731386, 7164.595097156755, 8015.298482500888, 8123.978562092843, 6983.78714423105, 7371.380541737059, 9424.470544128642, 7811.196207452898, 5653.029068021751, 6655.64468849769, 7607.339996546984, 7356.543292320722, 8174.382804077342, 7302.14939941632, 8698.709471899132, 7982.053589798657, 6066.519065941964, 7989.426355428254, 7834.492464939695, 8029.81362656501, 7783.419348789192, 7092.331975845822, 8720.898172007419, 6771.031806410088, 7585.045337334326, 6767.545563883783, 6059.198296518278, 8717.040240748913, 7566.690789763947, 6738.599333161757, 7755.256997942811]
[7107.509526944885, 8331.689644831435, 7652.948253378816, 7133.2915301492785, 6514.287206624974, 7349.43317619854, 5736.732995336251, 8818.534836522658, 8930.384787882258, 5125.82608209427, 9686.49546242346, 7020.767100656478, 7131.1047680769425, 8270.90113448218, 8281.777231727243, 6209.46750949947, 7453.2126785284945, 6894.892510676749, 7220.808448822079, 4394.623333731386, 7164.595097156755, 8015.298482500888, 8123.978562092843, 6983.78714423105, 7361.157055868988, 9423.971730273897, 7811.196207452898, 5652.402324500361, 6655.64468849769, 7601.237618220532, 7341.1525210879645, 8174.382804077342, 7302.14939941632, 8698.709471899132, 7982.053589798657, 6052.707615731762, 7959.405942416558, 7815.451138627151, 8021.0034994118005, 7783.419348789192, 7092.331975845822, 8720.860524793632, 6771.031806410088, 7585.045337334326, 6767.545563883783, 6059.198296518278, 8717.040240748913, 7566.690789763947, 6738.599333161757, 7755.256997942811]
[7107.509526944885, 8331.689644831435, 7652.948253378816, 7128.551225416724, 6514.287206624974, 7349.43317619854, 5734.395041141684, 8809.075154026401, 8930.384787882258, 5125.82608209427, 9686.49546242346, 6941.355366444276, 7131.1047680769425, 8270.90113448218, 8243.03782985911, 6184.226217057543, 7453.2126785284945, 6894.227878658576, 7215.776128887008, 4377.40676692455, 7164.595097156755, 8015.298482500888, 8123.978562092843, 6983.78714423105, 7361.157055868988, 9423.971730273897, 7799.603402555365, 5644.196523671618, 6655.64468849769, 7601.237618220532, 7341.1525210879645, 8162.213434554503, 7302.14939941632, 8698.709471899132, 7982.053589798657, 6052.707615731762, 7959.405942416558, 7790.235301777696, 8021.0034994118005, 7783.419348789192, 7092.331975845822, 8720.860524793632, 6769.9129791715895, 7585.045337334326, 6720.019081434979, 6045.906120313534, 8717.040240748913, 7566.690789763947, 6738.599333161757, 7755.256997942811]
[7107.509526944885, 8331.689644831435, 7644.948948039865, 7124.235503546201, 6514.287206624974, 7349.43317619854, 5734.395041141684, 8809.075154026401, 8930.384787882258, 5085.569513396372, 9686.49546242346, 6941.355366444276, 7131.1047680769425, 8270.90113448218, 8243.03782985911, 6184.226217057543, 7447.228326862652, 6888.232261320178, 7215.776128887008, 4377.40676692455, 7164.595097156755, 8015.298482500888, 8123.645427235902, 6983.78714423105, 7338.277780533199, 9423.971730273897, 7799.603402555365, 5643.071663618335, 6650.295648980007, 7601.237618220532, 7316.906038007246, 8162.213434554503, 7302.14939941632, 8698.709471899132, 7982.053589798657, 6052.707615731762, 7959.405942416558, 7790.235301777696, 8010.547778805459, 7783.419348789192, 7092.331975845822, 8720.860524793632, 6761.884538863483, 7585.045337334326, 6704.097096482061, 6028.61955626271, 8691.366737114671, 7566.690789763947, 6738.599333161757, 7755.256997942811]
[7104.608141847221, 8331.689644831435, 7644.948948039865, 7124.235503546201, 6513.332346973451, 7349.43317619854, 5734.395041141684, 8809.075154026401, 8930.384787882258, 5075.682471526787, 9686.49546242346, 6935.652303211852, 7130.293130790249, 8251.498978808924, 8228.812693864744, 6184.226217057543, 7444.221139977509, 6887.629650174671, 7215.776128887008, 4376.175874913171, 7164.595097156755, 8015.298482500888, 8123.645427235902, 6983.78714423105, 7338.277780533199, 9423.971730273897, 7799.603402555365, 5643.071663618335, 6636.645918030017, 7601.237618220532, 7299.187120097331, 8162.213434554503, 7302.14939941632, 8698.709471899132, 7982.053589798657, 6052.079330858196, 7933.213602013691, 7790.235301777696, 8010.547778805459, 7783.419348789192, 7092.331975845822, 8720.075239705333, 6703.174333473061, 7585.045337334326, 6686.577655056122, 6028.61955626271, 8691.366737114671, 7524.762126496475, 6728.801512836954, 7735.274569578321]
[7104.608141847221, 8288.383714165777, 7644.948948039865, 7124.235503546201, 6513.332346973451, 7349.43317619854, 5734.395041141684, 8809.075154026401, 8930.384787882258, 5073.035972666085, 9686.49546242346, 6935.652303211852, 7130.293130790249, 8250.63273097189, 8228.812693864744, 6145.843042199294, 7444.221139977509, 6887.335264431167, 7215.776128887008, 4376.096382487498, 7162.205403586726, 8015.298482500888, 8123.045655561417, 6983.78714423105, 7338.277780533199, 9402.105663371442, 7799.603402555365, 5639.550837382728, 6636.645918030017, 7601.237618220532, 7299.187120097331, 8162.213434554503, 7302.14939941632, 8698.709471899132, 7961.615480456887, 6052.079330858196, 7927.5478905765685, 7790.235301777696, 8010.547778805459, 7783.419348789192, 7089.637800001689, 8720.075239705333, 6701.764403054384, 7585.045337334326, 6686.577655056122, 6021.44335025566, 8691.366737114671, 7501.007977701773, 6728.801512836954, 7735.274569578321]
[7104.608141847221, 8288.383714165777, 7629.639917519297, 7124.235503546201, 6459.895346515203, 7335.923788554702, 5734.395041141684, 8809.075154026401, 8923.259693402186, 5055.954451541062, 9686.49546242346, 6935.652303211852, 7130.293130790249, 8250.63273097189, 8167.923996387724, 6145.843042199294, 7444.221139977509, 6872.055259878759, 7215.776128887008, 4376.096382487498, 7155.472905309956, 8015.298482500888, 8123.045655561417, 6983.78714423105, 7338.277780533199, 9402.105663371442, 7781.50868136615, 5625.52862241743, 6629.644838893054, 7601.237618220532, 7276.670412879344, 8162.213434554503, 7302.14939941632, 8698.709471899132, 7961.615480456887, 6052.079330858196, 7926.972526236091, 7783.988326720794, 8010.547778805459, 7783.419348789192, 7089.637800001689, 8720.075239705333, 6701.764403054384, 7576.210410874322, 6686.577655056122, 5987.19073027485, 8687.703207899478, 7501.007977701773, 6728.801512836954, 7735.274569578321]
[7104.608141847221, 8288.383714165777, 7629.639917519297, 7113.972780838846, 6459.895346515203, 7335.923788554702, 5713.111178668206, 8809.075154026401, 8923.259693402186, 5055.392080408152, 9686.49546242346, 6934.98516573405, 7130.293130790249, 8209.976725821896, 8167.923996387724, 6126.446406008385, 7444.221139977509, 6872.055259878759, 7208.218145698951, 4375.910187171214, 7135.873862914015, 8015.298482500888, 8123.045655561417, 6983.78714423105, 7338.277780533199, 9402.105663371442, 7781.50868136615, 5625.52862241743, 6629.644838893054, 7601.237618220532, 7276.670412879344, 8162.213434554503, 7302.14939941632, 8698.709471899132, 7961.615480456887, 6047.541646847195, 7926.972526236091, 7783.988326720794, 8010.547778805459, 7769.579190441911, 7089.637800001689, 8720.075239705333, 6701.764403054384, 7576.210410874322, 6686.577655056122, 5987.19073027485, 8687.703207899478, 7496.059692032011, 6728.801512836954, 7735.274569578321]
[7099.705001276644, 8288.383714165777, 7629.639917519297, 7100.615914314932, 6422.673329787553, 7308.474445948911, 5710.142705402681, 8809.075154026401, 8923.259693402186, 5053.497739161876, 9686.49546242346, 6934.98516573405, 7130.293130790249, 8209.976725821896, 8167.923996387724, 6126.446406008385, 7444.221139977509, 6857.936908132688, 7171.6364860156245, 4375.202641644774, 7135.873862914015, 8015.298482500888, 8123.045655561417, 6967.14880275405, 7336.840776669356, 9395.131965004502, 7781.50868136615, 5596.139435806894, 6616.816754095229, 7601.237618220532, 7254.55437670945, 8162.213434554503, 7302.14939941632, 8638.619582824938, 7961.615480456887, 6042.16377813896, 7881.586693015182, 7783.988326720794, 8010.547778805459, 7769.579190441911, 7087.376848882591, 8720.075239705333, 6701.764403054384, 7576.210410874322, 6670.746045939974, 5987.19073027485, 8687.703207899478, 7496.059692032011, 6728.801512836954, 7727.710619175954]
[7099.705001276644, 8288.383714165777, 7629.6112528754475, 7087.532455061128, 6418.642197834466, 7297.130377084337, 5709.714032266577, 8809.075154026401, 8896.340881282149, 5037.258662231849, 9658.744508853259, 6926.397543201611, 7130.293130790249, 8190.939672942423, 8167.923996387724, 6126.446406008385, 7444.221139977509, 6857.936908132688, 7171.6364860156245, 4361.995824716393, 7135.873862914015, 7997.260566984897, 8123.045655561417, 6964.28662937241, 7332.14923707111, 9395.131965004502, 7781.50868136615, 5596.139435806894, 6614.342324320403, 7601.237618220532, 7198.905784518388, 8162.213434554503, 7302.14939941632, 8638.619582824938, 7961.615480456887, 6042.16377813896, 7881.586693015182, 7783.988326720794, 7986.899165543664, 7769.579190441911, 7087.376848882591, 8713.398193499628, 6701.764403054384, 7535.7261431022025, 6670.746045939974, 5985.375093351146, 8687.703207899478, 7495.442865570115, 6728.801512836954, 7727.710619175954]
[7084.4168968911035, 8287.989989637732, 7629.6112528754475, 7087.532455061128, 6418.642197834466, 7297.130377084337, 5709.714032266577, 8793.271423191782, 8896.340881282149, 5030.1736647491125, 9654.52188644028, 6926.397543201611, 7123.44807260901, 8190.939672942423, 8167.923996387724, 6126.446406008385, 7444.221139977509, 6857.936908132688, 7171.6364860156245, 4361.388068967091, 7131.5756522013935, 7986.5287092986255, 8111.3884996363295, 6964.28662937241, 7332.14923707111, 9395.131965004502, 7753.618238867297, 5572.887809516069, 6611.251611333804, 7589.208585017761, 7198.905784518388, 8162.213434554503, 7302.14939941632, 8623.618205255867, 7961.615480456887, 6036.866605420964, 7881.586693015182, 7783.988326720794, 7986.899165543664, 7769.579190441911, 7073.850802926169, 8713.398193499628, 6701.764403054384, 7535.7261431022025, 6670.746045939974, 5985.375093351146, 8687.703207899478, 7495.442865570115, 6728.801512836954, 7727.710619175954]
[7070.389871151628, 8287.989989637732, 7629.6112528754475, 7087.532455061128, 6413.280812539402, 7297.130377084337, 5706.558775080671, 8793.271423191782, 8896.340881282149, 5030.1736647491125, 9654.52188644028, 6909.5813179093575, 7123.44807260901, 8190.939672942423, 8167.923996387724, 6126.446406008385, 7443.326673477172, 6857.936908132688, 7171.6364860156245, 4313.51591588357, 7095.775678879485, 7986.5287092986255, 8093.6992271735, 6964.28662937241, 7332.14923707111, 9395.131965004502, 7753.618238867297, 5572.887809516069, 6611.251611333804, 7589.208585017761, 7198.905784518388, 8162.213434554503, 7302.14939941632, 8623.618205255867, 7961.615480456887, 6036.866605420964, 7873.8755506285115, 7782.508415735651, 7969.017523681245, 7769.579190441911, 7071.1565870951745, 8713.398193499628, 6695.349001099485, 7519.161372848907, 6670.746045939974, 5980.358030196828, 8676.084431243185, 7486.0542996544, 6728.125833890785, 7727.710619175954]
[7046.694120661846, 8287.989989637732, 7629.6112528754475, 7087.532455061128, 6403.408120587129, 7297.130377084337, 5703.170062526115, 8793.271423191782, 8873.552927024324, 5030.1736647491125, 9637.345351697144, 6874.410391976705, 7123.44807260901, 8187.477754923292, 8167.923996387724, 6067.004912876994, 7443.326673477172, 6857.936908132688, 7170.9880088085865, 4309.762479325842, 7095.775678879485, 7986.5287092986255, 8093.6992271735, 6957.604707687543, 7305.32082206548, 9395.131965004502, 7753.618238867297, 5572.887809516069, 6610.596838794574, 7589.208585017761, 7198.905784518388, 8150.936414356455, 7302.14939941632, 8623.618205255867, 7952.984777426211, 6036.866605420964, 7867.453912576396, 7774.624682060447, 7969.017523681245, 7765.1691792196025, 7071.1565870951745, 8685.433829727403, 6695.349001099485, 7519.161372848907, 6670.746045939974, 5971.515708874152, 8676.084431243185, 7483.178099372427, 6724.811011337957, 7726.883949688787]
[7046.694120661846, 8287.989989637732, 7629.6112528754475, 7087.532455061128, 6403.408120587129, 7297.130377084337, 5703.170062526115, 8793.271423191782, 8873.552927024324, 5030.1736647491125, 9637.345351697144, 6844.276050337814, 7123.44807260901, 8187.477754923292, 8167.923996387724, 6067.004912876994, 7417.139089019675, 6855.100857189538, 7170.9880088085865, 4309.762479325842, 7095.775678879485, 7986.5287092986255, 8093.6992271735, 6957.604707687543, 7305.32082206548, 9383.804183050745, 7740.770219021442, 5572.887809516069, 6597.96639159553, 7589.208585017761, 7198.905784518388, 8150.936414356455, 7302.14939941632, 8623.618205255867, 7934.666288676412, 6036.866605420964, 7867.453912576396, 7774.624682060447, 7969.017523681245, 7765.1691792196025, 7071.1565870951745, 8685.433829727403, 6695.349001099485, 7519.161372848907, 6670.746045939974, 5971.515708874152, 8676.084431243185, 7483.178099372427, 6724.811011337957, 7726.883949688787]
[7046.104477791009, 8287.989989637732, 7629.6112528754475, 7070.152621337089, 6367.169492761264, 7297.130377084337, 5703.170062526115, 8793.271423191782, 8873.552927024324, 5030.1736647491125, 9637.345351697144, 6836.284965858194, 7123.44807260901, 8187.477754923292, 8128.968631546732, 6065.2166181141765, 7415.473952600245, 6855.100857189538, 7170.9880088085865, 4309.623555046694, 7095.775678879485, 7986.5287092986255, 8093.6992271735, 6957.604707687543, 7305.32082206548, 9362.36323461738, 7740.770219021442, 5572.887809516069, 6597.96639159553, 7589.208585017761, 7198.905784518388, 8150.936414356455, 7302.14939941632, 8623.618205255867, 7926.046333732746, 6021.971635129912, 7867.453912576396, 7774.624682060447, 7969.017523681245, 7765.1691792196025, 7055.481166275162, 8685.433829727403, 6677.803153731687, 7519.161372848907, 6670.746045939974, 5971.515708874152, 8676.084431243185, 7482.981966857633, 6724.811011337957, 7726.883949688787]
[7046.104477791009, 8287.989989637732, 7629.6112528754475, 7041.293918123703, 6367.169492761264, 7297.130377084337, 5703.170062526115, 8786.642258717033, 8873.552927024324, 5030.1736647491125, 9608.058866905163, 6836.284965858194, 7096.656778322424, 8187.477754923292, 8123.7788234196, 6043.823561250167, 7415.473952600245, 6855.100857189538, 7151.580648196128, 4304.948463196781, 7095.775678879485, 7986.5287092986255, 8093.6992271735, 6944.071087900624, 7305.32082206548, 9362.36323461738, 7740.770219021442, 5572.152534590134, 6597.96639159553, 7589.208585017761, 7198.905784518388, 8150.936414356455, 7296.433886330281, 8623.618205255867, 7926.046333732746, 6004.666784328775, 7867.453912576396, 7773.313929569202, 7969.017523681245, 7765.1691792196025, 7042.251477795615, 8681.332377959143, 6677.803153731687, 7519.161372848907, 6670.746045939974, 5971.515708874152, 8676.084431243185, 7468.991029331909, 6724.811011337957, 7712.1196934820255]
[7040.166202694124, 8278.326887636844, 7629.6112528754475, 7041.293918123703, 6367.169492761264, 7297.130377084337, 5692.251300399597, 8786.642258717033, 8873.552927024324, 5030.1736647491125, 9579.910814366563, 6836.284965858194, 7096.656778322424, 8187.477754923292, 8123.7788234196, 6023.907269659036, 7415.473952600245, 6828.754247834886, 7151.580648196128, 4302.874181433616, 7057.472674506418, 7986.5287092986255, 8093.6992271735, 6928.779128419558, 7305.32082206548, 9362.36323461738, 7727.720273917717, 5572.152534590134, 6592.665837007351, 7589.208585017761, 7192.39979763329, 8150.936414356455, 7288.96217936796, 8623.618205255867, 7926.046333732746, 6004.666784328775, 7867.453912576396, 7773.313929569202, 7969.017523681245, 7765.1691792196025, 7042.251477795615, 8681.332377959143, 6677.803153731687, 7519.161372848907, 6670.746045939974, 5953.195416110863, 8676.084431243185, 7468.991029331909, 6724.811011337957, 7712.1196934820255]
[7040.166202694124, 8278.326887636844, 7629.6112528754475, 7041.293918123703, 6367.169492761264, 7297.130377084337, 5692.251300399597, 8786.642258717033, 8796.12772265051, 5027.499088501556, 9579.910814366563, 6830.1724251440855, 7096.656778322424, 8187.477754923292, 8123.7788234196, 6023.907269659036, 7415.473952600245, 6828.754247834886, 7151.580648196128, 4291.537711981698, 7055.661875249432, 7986.5287092986255, 8093.6992271735, 6924.828419256762, 7305.32082206548, 9362.36323461738, 7727.720273917717, 5572.152534590134, 6592.665837007351, 7589.208585017761, 7192.39979763329, 8124.665926174949, 7279.495968828257, 8623.618205255867, 7926.046333732746, 6000.087641648809, 7824.313183879817, 7773.313929569202, 7969.017523681245, 7765.1691792196025, 7042.251477795615, 8681.332377959143, 6677.803153731687, 7519.161372848907, 6665.398207887108, 5953.195416110863, 8676.084431243185, 7468.991029331909, 6724.811011337957, 7699.311871330143]
[6988.632623259825, 8278.326887636844, 7629.6112528754475, 7041.293918123703, 6345.705341995397, 7297.130377084337, 5692.251300399597, 8786.642258717033, 8796.12772265051, 5027.499088501556, 9579.910814366563, 6830.1724251440855, 7096.656778322424, 8187.477754923292, 8123.7788234196, 6023.043519971331, 7415.473952600245, 6798.668183236514, 7151.580648196128, 4280.404329228901, 7055.661875249432, 7986.5287092986255, 8093.6992271735, 6917.69749224876, 7305.32082206548, 9362.36323461738, 7727.720273917717, 5572.152534590134, 6592.665837007351, 7589.208585017761, 7192.39979763329, 8103.840187353715, 7279.495968828257, 8623.618205255867, 7926.046333732746, 5978.273593150289, 7824.313183879817, 7773.313929569202, 7969.017523681245, 7765.1691792196025, 7024.970930072329, 8681.332377959143, 6677.803153731687, 7519.161372848907, 6659.660883344087, 5939.351224817301, 8676.084431243185, 7460.011592624605, 6724.811011337957, 7698.703421235327]
[6988.632623259825, 8278.326887636844, 7609.931664170673, 7041.293918123703, 6345.705341995397, 7286.70961136987, 5689.59175311134, 8786.642258717033, 8796.12772265051, 5027.499088501556, 9579.910814366563, 6830.1724251440855, 7096.656778322424, 8187.477754923292, 8120.847972796044, 6023.043519971331, 7415.473952600245, 6798.668183236514, 7151.580648196128, 4243.6873882563505, 7055.661875249432, 7889.638463815834, 8093.6992271735, 6917.69749224876, 7300.8049350423435, 9362.36323461738, 7727.720273917717, 5557.911275531939, 6592.665837007351, 7589.208585017761, 7192.39979763329, 8103.840187353715, 7271.360267369935, 8623.618205255867, 7926.046333732746, 5977.770349830732, 7824.313183879817, 7772.04889213586, 7969.017523681245, 7765.1691792196025, 7024.970930072329, 8681.332377959143, 6663.564926696898, 7519.161372848907, 6659.660883344087, 5939.351224817301, 8676.084431243185, 7445.693194873895, 6724.811011337957, 7698.703421235327]
[6988.632623259825, 8278.326887636844, 7609.931664170673, 7033.106161321251, 6341.463347067709, 7286.70961136987, 5676.537057248078, 8786.642258717033, 8796.12772265051, 5027.499088501556, 9577.196124036152, 6816.477368111028, 7096.656778322424, 8187.477754923292, 8120.847972796044, 6023.043519971331, 7415.415768881433, 6798.668183236514, 7148.891912574511, 4243.6873882563505, 7036.882581991515, 7889.638463815834, 8089.099341676124, 6917.69749224876, 7290.89660540076, 9362.36323461738, 7727.720273917717, 5552.183266569927, 6592.665837007351, 7580.8536396575455, 7192.39979763329, 8103.840187353715, 7244.1108257421965, 8623.618205255867, 7926.046333732746, 5977.770349830732, 7822.774516532122, 7767.64169965802, 7924.363846981578, 7765.1691792196025, 7024.970930072329, 8681.332377959143, 6657.653046054375, 7519.161372848907, 6650.4434835153415, 5921.559192334292, 8638.590927818148, 7445.693194873895, 6717.8938053216025, 7697.610789073571]
[6988.632623259825, 8278.326887636844, 7609.931664170673, 7033.106161321251, 6341.463347067709, 7259.884301668602, 5668.664296569851, 8786.642258717033, 8796.12772265051, 5027.218965637835, 9577.196124036152, 6816.477368111028, 7096.656778322424, 8187.477754923292, 8120.847972796044, 6023.043519971331, 7415.415768881433, 6787.859103631845, 7133.786702466353, 4219.093822527101, 7036.882581991515, 7889.638463815834, 8089.099341676124, 6917.69749224876, 7290.89660540076, 9351.32343679423, 7727.720273917717, 5544.724164890091, 6590.811970380845, 7580.8536396575455, 7183.170064056877, 8095.30133233241, 7244.1108257421965, 8623.618205255867, 7926.046333732746, 5977.770349830732, 7822.774516532122, 7748.123881597641, 7902.674267365064, 7765.1691792196025, 7023.377901976484, 8681.332377959143, 6657.653046054375, 7519.161372848907, 6635.207613224629, 5919.429369089028, 8638.590927818148, 7445.693194873895, 6689.31254919605, 7644.395048727262]
[6964.704374846425, 8278.326887636844, 7609.931664170673, 7033.106161321251, 6341.463347067709, 7220.939103575397, 5661.723905237663, 8786.642258717033, 8796.12772265051, 5018.660886393201, 9577.196124036152, 6810.933193993286, 7094.674476136385, 8187.477754923292, 8105.676042216769, 6023.043519971331, 7415.415768881433, 6787.859103631845, 7133.786702466353, 4207.883766345559, 7031.4093094964755, 7889.638463815834, 8089.099341676124, 6917.69749224876, 7290.89660540076, 9351.32343679423, 7727.720273917717, 5538.761990528965, 6590.811970380845, 7573.240725745204, 7183.170064056877, 8095.30133233241, 7201.230587917138, 8623.618205255867, 7926.046333732746, 5977.770349830732, 7822.774516532122, 7748.123881597641, 7902.674267365064, 7765.1691792196025, 7015.702457476674, 8681.332377959143, 6657.653046054375, 7504.573071004798, 6635.207613224629, 5919.429369089028, 8622.270365931017, 7445.693194873895, 6689.31254919605, 7616.35601422464]
[6935.576101573917, 8278.326887636844, 7609.931664170673, 7033.106161321251, 6341.463347067709, 7220.939103575397, 5654.052724209755, 8762.935927680508, 8796.12772265051, 5004.5386490754045, 9577.196124036152, 6810.933193993286, 7094.674476136385, 8187.477754923292, 8105.676042216769, 6023.043519971331, 7414.368869598986, 6787.859103631845, 7133.786702466353, 4207.883766345559, 7017.776271465693, 7889.638463815834, 8084.726385377049, 6917.69749224876, 7289.730270973834, 9351.32343679423, 7727.720273917717, 5538.761990528965, 6590.811970380845, 7556.836499807736, 7183.170064056877, 8095.30133233241, 7201.230587917138, 8623.618205255867, 7926.046333732746, 5971.6504661006165, 7822.774516532122, 7748.123881597641, 7882.7514660744155, 7765.1691792196025, 7015.702457476674, 8681.332377959143, 6628.359941434246, 7490.420181585707, 6607.896876865874, 5919.429369089028, 8622.270365931017, 7439.841281079498, 6653.866940027941, 7616.35601422464]
[6926.457427587144, 8278.326887636844, 7609.458927935224, 7021.934868397019, 6341.463347067709, 7220.939103575397, 5641.180449918033, 8762.935927680508, 8796.12772265051, 5004.5386490754045, 9577.196124036152, 6804.949381050644, 7094.674476136385, 8187.477754923292, 8105.676042216769, 6023.043519971331, 7414.368869598986, 6783.989815300704, 7131.286838226331, 4192.422131979659, 7003.844679991091, 7880.838200980883, 8080.394394093237, 6917.69749224876, 7258.678210911574, 9351.32343679423, 7727.720273917717, 5538.761990528965, 6590.811970380845, 7556.836499807736, 7183.170064056877, 8095.30133233241, 7201.230587917138, 8623.618205255867, 7905.357590886449, 5968.8596658449105, 7814.429745470488, 7748.123881597641, 7882.7514660744155, 7765.1691792196025, 7015.702457476674, 8681.332377959143, 6628.359941434246, 7490.420181585707, 6607.896876865874, 5919.429369089028, 8622.270365931017, 7439.841281079498, 6652.370603061099, 7616.35601422464]
[6926.457427587144, 8271.470394843294, 7609.458927935224, 7014.928325176477, 6341.463347067709, 7220.939103575397, 5641.180449918033, 8738.555320061529, 8792.770283675263, 5004.418475370873, 9577.196124036152, 6802.038574831715, 7094.674476136385, 8146.010924407603, 8096.8071792113, 6023.043519971331, 7414.368869598986, 6783.989815300704, 7127.160204700822, 4192.422131979659, 6986.150397794283, 7880.838200980883, 8080.394394093237, 6908.639593422313, 7236.10838842279, 9351.32343679423, 7720.502916366977, 5533.391835417819, 6587.464665290194, 7556.836499807736, 7175.08989064768, 8095.30133233241, 7201.230587917138, 8623.618205255867, 7903.463401882958, 5968.8596658449105, 7801.274808925844, 7698.573914145096, 7857.13671199594, 7765.1691792196025, 7005.579110211809, 8676.38696871724, 6612.487154935467, 7490.420181585707, 6607.896876865874, 5919.429369089028, 8622.270365931017, 7436.580862229115, 6652.370603061099, 7613.546322970678]
[6926.457427587144, 8268.462158889106, 7609.458927935224, 7014.928325176477, 6338.18007706716, 7196.229133299754, 5641.180449918033, 8738.555320061529, 8792.770283675263, 4986.897210328561, 9577.196124036152, 6802.038574831715, 7094.674476136385, 8146.010924407603, 8096.8071792113, 6016.328014393687, 7414.368869598986, 6783.989815300704, 7127.160204700822, 4184.182211356722, 6986.150397794283, 7880.838200980883, 8080.394394093237, 6908.639593422313, 7236.10838842279, 9334.397050454845, 7720.502916366977, 5533.391835417819, 6580.069569923595, 7537.059617230727, 7175.08989064768, 8095.30133233241, 7201.230587917138, 8623.618205255867, 7892.8428334934415, 5968.8596658449105, 7801.274808925844, 7696.059013553773, 7841.656205330136, 7765.1691792196025, 7005.579110211809, 8645.794970365376, 6596.4489125039645, 7490.420181585707, 6607.896876865874, 5919.429369089028, 8622.270365931017, 7393.698788914737, 6652.370603061099, 7613.305703441978]
[6918.754567823069, 8268.462158889106, 7609.458927935224, 7014.928325176477, 6309.4034682195825, 7196.229133299754, 5641.180449918033, 8738.555320061529, 8792.770283675263, 4971.137247820916, 9577.196124036152, 6790.907438667729, 7094.674476136385, 8146.010924407603, 8096.8071792113, 6016.328014393687, 7414.368869598986, 6783.971728174023, 7127.160204700822, 4180.795641056534, 6986.150397794283, 7876.552525768551, 8080.394394093237, 6908.639593422313, 7236.10838842279, 9334.397050454845, 7720.502916366977, 5533.391835417819, 6567.432755451751, 7487.815381312679, 7175.08989064768, 8095.30133233241, 7201.230587917138, 8623.618205255867, 7892.8428334934415, 5968.8596658449105, 7793.839187546869, 7695.7216636388275, 7841.656205330136, 7765.1691792196025, 7005.579110211809, 8645.794970365376, 6596.4489125039645, 7490.420181585707, 6607.896876865874, 5919.429369089028, 8622.270365931017, 7393.698788914737, 6652.370603061099, 7613.305703441978]
[6915.988721900355, 8235.13099013726, 7609.458927935224, 7014.928325176477, 6309.4034682195825, 7184.35982825398, 5634.382854737919, 8738.555320061529, 8792.770283675263, 4971.137247820916, 9577.196124036152, 6790.907438667729, 7088.987292565454, 8146.010924407603, 8096.8071792113, 6002.116026946951, 7414.368869598986, 6772.178466408596, 7110.502568119389, 4175.450007735902, 6986.150397794283, 7876.552525768551, 8080.394394093237, 6888.221360409999, 7236.10838842279, 9334.397050454845, 7720.502916366977, 5533.391835417819, 6567.432755451751, 7457.581473128266, 7175.08989064768, 8095.30133233241, 7201.230587917138, 8623.618205255867, 7892.8428334934415, 5946.968105572377, 7793.839187546869, 7695.7216636388275, 7841.656205330136, 7758.48362229382, 7005.579110211809, 8645.794970365376, 6596.4489125039645, 7490.420181585707, 6607.896876865874, 5919.429369089028, 8622.270365931017, 7393.698788914737, 6652.370603061099, 7597.168699354118]
[6915.988721900355, 8235.13099013726, 7557.112447149766, 7014.928325176477, 6279.129887573484, 7184.35982825398, 5616.093468459281, 8738.555320061529, 8792.770283675263, 4966.133343721808, 9556.953981376184, 6786.550178248815, 7088.987292565454, 8137.635693824613, 8096.8071792113, 6002.116026946951, 7414.368869598986, 6766.314712480414, 7109.345808931432, 4175.450007735902, 6986.150397794283, 7876.552525768551, 8051.520511296151, 6888.221360409999, 7235.421942404772, 9334.397050454845, 7720.502916366977, 5509.8599774748445, 6563.207945928851, 7457.581473128266, 7175.08989064768, 8066.864084615768, 7201.230587917138, 8623.618205255867, 7892.8428334934415, 5946.968105572377, 7793.839187546869, 7695.7216636388275, 7841.656205330136, 7758.068097897405, 6951.650105108711, 8645.794970365376, 6593.889057903582, 7490.420181585707, 6607.896876865874, 5875.163670979539, 8622.270365931017, 7393.698788914737, 6652.370603061099, 7597.168699354118]
[6908.0338129138545, 8217.797886371147, 7557.112447149766, 7007.162123709408, 6272.51311443544, 7179.015419083215, 5616.093468459281, 8738.555320061529, 8792.770283675263, 4929.112646087173, 9552.739488301104, 6786.550178248815, 7088.987292565454, 8137.635693824613, 8096.091269124876, 6002.116026946951, 7402.174472566066, 6760.855792961514, 7074.23571410633, 4175.450007735902, 6986.150397794283, 7876.552525768551, 8051.520511296151, 6880.285577291138, 7235.421942404772, 9334.397050454845, 7720.502916366977, 5503.977292606134, 6545.080859677863, 7457.581473128266, 7166.185703338048, 8066.864084615768, 7201.230587917138, 8623.618205255867, 7892.8428334934415, 5939.146291306433, 7793.839187546869, 7695.7216636388275, 7841.656205330136, 7757.192262523607, 6951.650105108711, 8645.794970365376, 6593.889057903582, 7490.420181585707, 6607.896876865874, 5875.163670979539, 8622.270365931017, 7393.698788914737, 6648.358218088938, 7597.168699354118]
[6908.0338129138545, 8217.797886371147, 7557.112447149766, 7007.162123709408, 6210.026592124602, 7179.015419083215, 5616.093468459281, 8738.555320061529, 8767.565967173068, 4929.112646087173, 9552.739488301104, 6786.550178248815, 7088.288251676377, 8137.635693824613, 8096.091269124876, 6002.116026946951, 7402.174472566066, 6754.645867960079, 7071.883039995062, 4173.424135009947, 6986.150397794283, 7862.446879864731, 8051.520511296151, 6873.455044486744, 7235.421942404772, 9334.397050454845, 7695.194560499251, 5503.01297564028, 6542.439084182, 7456.339892718007, 7166.185703338048, 8066.864084615768, 7201.230587917138, 8623.618205255867, 7890.403087556039, 5939.146291306433, 7793.839187546869, 7682.502436599496, 7841.656205330136, 7757.192262523607, 6936.989633421033, 8634.881279320762, 6593.889057903582, 7490.420181585707, 6596.797382329586, 5875.163670979539, 8602.109853176804, 7393.698788914737, 6648.358218088938, 7597.168699354118]
[6908.0338129138545, 8217.797886371147, 7557.112447149766, 6985.963769185194, 6187.394332317695, 7179.015419083215, 5616.093468459281, 8700.691617532135, 8767.565967173068, 4929.112646087173, 9552.739488301104, 6786.550178248815, 7069.604032607051, 8120.472845650787, 8096.091269124876, 6002.116026946951, 7402.174472566066, 6754.645867960079, 7071.883039995062, 4173.217224072745, 6986.150397794283, 7862.446879864731, 8050.187833561732, 6873.455044486744, 7235.421942404772, 9334.397050454845, 7695.194560499251, 5503.01297564028, 6526.968945314545, 7456.339892718007, 7166.185703338048, 8066.864084615768, 7201.230587917138, 8591.3824888646, 7890.403087556039, 5880.247366705178, 7793.839187546869, 7676.4851389814485, 7841.656205330136, 7757.192262523607, 6936.989633421033, 8634.881279320762, 6580.860064302193, 7490.420181585707, 6596.797382329586, 5875.163670979539, 8601.00747851667, 7387.9270355742, 6648.358218088938, 7597.168699354118]
[6908.0338129138545, 8217.797886371147, 7557.112447149766, 6985.963769185194, 6187.394332317695, 7178.139392546286, 5616.093468459281, 8700.691617532135, 8765.291205348452, 4911.1770877701, 9552.739488301104, 6786.550178248815, 7069.604032607051, 8118.447847013221, 8096.091269124876, 5969.664141914191, 7402.174472566066, 6754.645867960079, 7071.883039995062, 4134.2996213699125, 6986.150397794283, 7861.311713464527, 8041.654595507697, 6873.455044486744, 7235.421942404772, 9315.297972731903, 7695.194560499251, 5503.01297564028, 6526.968945314545, 7456.339892718007, 7157.559906178928, 8066.864084615768, 7197.047303546307, 8591.3824888646, 7890.403087556039, 5856.921326538524, 7793.839187546869, 7676.4851389814485, 7841.656205330136, 7749.62179333675, 6936.989633421033, 8634.881279320762, 6580.860064302193, 7490.420181585707, 6594.241881539694, 5873.535728684595, 8601.00747851667, 7381.358529549276, 6648.358218088938, 7597.168699354118]
[6908.0338129138545, 8217.797886371147, 7557.112447149766, 6985.963769185194, 6182.779073506789, 7178.139392546286, 5612.113621862585, 8700.691617532135, 8765.291205348452, 4911.1770877701, 9552.739488301104, 6786.550178248815, 7063.021493851958, 8118.447847013221, 8096.091269124876, 5965.6484458165005, 7402.174472566066, 6754.645867960079, 7071.883039995062, 4134.252080268105, 6985.742282153474, 7861.311713464527, 7991.311640077346, 6868.576620972162, 7235.421942404772, 9315.297972731903, 7686.800141426984, 5503.01297564028, 6474.073765435388, 7442.64424441663, 7150.769854328386, 8066.864084615768, 7197.047303546307, 8591.3824888646, 7890.403087556039, 5832.250083334035, 7793.839187546869, 7676.4851389814485, 7841.656205330136, 7749.62179333675, 6936.989633421033, 8634.881279320762, 6576.154321741121, 7490.420181585707, 6594.241881539694, 5873.535728684595, 8601.00747851667, 7381.358529549276, 6648.358218088938, 7597.168699354118]
[6888.718352315695, 8217.797886371147, 7557.112447149766, 6985.963769185194, 6182.779073506789, 7178.139392546286, 5583.535724399086, 8700.691617532135, 8765.291205348452, 4907.789216273004, 9546.960580357008, 6786.550178248815, 7063.021493851958, 8118.447847013221, 8096.091269124876, 5965.6484458165005, 7368.634317465692, 6750.250762650129, 7071.883039995062, 4128.204054652082, 6985.742282153474, 7861.311713464527, 7985.013577532835, 6861.833756752276, 7235.421942404772, 9315.297972731903, 7686.800141426984, 5501.481006296087, 6469.1453807964845, 7442.64424441663, 7130.5634210482, 8066.864084615768, 7193.779911944372, 8591.3824888646, 7890.403087556039, 5816.918340006294, 7793.839187546869, 7666.717197843986, 7833.467956618774, 7743.546346071586, 6936.989633421033, 8634.881279320762, 6554.247475405173, 7461.013209733077, 6572.312241003735, 5873.535728684595, 8601.00747851667, 7356.52684259759, 6642.826188462871, 7597.168699354118]
[6888.718352315695, 8217.797886371147, 7557.112447149766, 6985.963769185194, 6182.779073506789, 7178.139392546286, 5555.39203041484, 8624.415058190301, 8765.291205348452, 4904.929900381956, 9546.960580357008, 6786.550178248815, 7063.021493851958, 8118.447847013221, 8065.320721106927, 5965.6484458165005, 7366.578868643189, 6750.250762650129, 7059.036382264448, 4121.279913979047, 6985.742282153474, 7853.984098289706, 7985.013577532835, 6849.424102153711, 7226.140475393145, 9311.125883561486, 7685.6269734273765, 5501.481006296087, 6469.1453807964845, 7442.64424441663, 7107.761641877902, 8066.864084615768, 7193.779911944372, 8591.3824888646, 7890.403087556039, 5816.918340006294, 7791.8728445380575, 7666.717197843986, 7833.467956618774, 7743.546346071586, 6936.989633421033, 8634.881279320762, 6554.247475405173, 7449.108944764744, 6572.312241003735, 5873.535728684595, 8601.00747851667, 7356.52684259759, 6642.826188462871, 7597.168699354118]
[6885.3339330776635, 8217.797886371147, 7557.112447149766, 6985.963769185194, 6182.779073506789, 7178.139392546286, 5555.39203041484, 8624.415058190301, 8765.291205348452, 4890.673595111903, 9546.960580357008, 6764.119255278121, 7063.021493851958, 8118.447847013221, 8065.320721106927, 5964.284322743983, 7366.578868643189, 6736.62945247648, 7057.958022385176, 4114.898025293483, 6985.742282153474, 7853.984098289706, 7972.067924272244, 6849.424102153711, 7226.140475393145, 9311.125883561486, 7673.668739870047, 5500.6345432064645, 6469.1453807964845, 7442.64424441663, 7107.761641877902, 8066.864084615768, 7193.779911944372, 8591.3824888646, 7890.403087556039, 5781.579230996982, 7791.8728445380575, 7666.717197843986, 7814.899273947967, 7743.546346071586, 6936.989633421033, 8634.881279320762, 6537.416770929411, 7449.108944764744, 6572.312241003735, 5873.535728684595, 8601.00747851667, 7356.52684259759, 6610.055975574457, 7597.168699354118]
[6885.3339330776635, 8212.7023581121, 7557.112447149766, 6963.442532933545, 6164.808245814463, 7178.139392546286, 5555.39203041484, 8624.415058190301, 8747.538587539528, 4888.48050699791, 9514.49451818733, 6764.119255278121, 7063.021493851958, 8118.447847013221, 8050.6179417887815, 5964.284322743983, 7366.578868643189, 6736.62945247648, 7057.958022385176, 4100.698987262846, 6985.742282153474, 7853.984098289706, 7972.067924272244, 6849.424102153711, 7226.140475393145, 9311.125883561486, 7673.668739870047, 5500.6345432064645, 6469.1453807964845, 7442.64424441663, 7107.761641877902, 8066.864084615768, 7193.779911944372, 8591.3824888646, 7890.403087556039, 5781.579230996982, 7767.4375766726735, 7666.717197843986, 7811.601571098394, 7743.546346071586, 6912.175741060581, 8634.881279320762, 6533.398901044199, 7445.90627622567, 6572.312241003735, 5873.535728684595, 8601.00747851667, 7352.119423474734, 6605.655057347055, 7597.168699354118]
[6885.3339330776635, 8212.7023581121, 7557.112447149766, 6917.070791010447, 6153.002131405708, 7178.139392546286, 5555.39203041484, 8624.415058190301, 8747.538587539528, 4884.944591880695, 9514.49451818733, 6764.119255278121, 7063.021493851958, 8118.447847013221, 8050.6179417887815, 5964.284322743983, 7366.578868643189, 6736.62945247648, 7057.958022385176, 4093.384311434672, 6964.190358561903, 7853.984098289706, 7972.067924272244, 6803.132953875368, 7213.320574353112, 9291.351269784356, 7666.574696755527, 5500.6345432064645, 6469.1453807964845, 7407.456512650666, 7100.332520903566, 8066.864084615768, 7193.779911944372, 8591.3824888646, 7882.927121134298, 5779.451121588865, 7767.4375766726735, 7666.717197843986, 7811.601571098394, 7743.546346071586, 6912.175741060581, 8634.881279320762, 6533.398901044199, 7445.90627622567, 6562.119582613799, 5873.535728684595, 8601.00747851667, 7254.337304248581, 6581.503381543715, 7597.168699354118]
[6885.3339330776635, 8212.7023581121, 7525.00146481414, 6911.062809277466, 6153.002131405708, 7178.139392546286, 5533.480762949691, 8624.415058190301, 8739.662935034485, 4884.944591880695, 9478.587361997477, 6764.119255278121, 7063.021493851958, 8093.422386415044, 8050.6179417887815, 5952.220458213635, 7351.4522677411205, 6717.505573165754, 7057.958022385176, 4082.4226217338773, 6964.190358561903, 7853.984098289706, 7956.380567194872, 6803.132953875368, 7211.065962884672, 9291.351269784356, 7644.272538870458, 5500.6345432064645, 6466.539362510567, 7390.325730073385, 7100.332520903566, 8066.864084615768, 7193.779911944372, 8591.3824888646, 7882.927121134298, 5778.595426222388, 7767.4375766726735, 7666.717197843986, 7811.601571098394, 7743.546346071586, 6912.175741060581, 8634.881279320762, 6523.959430903483, 7445.90627622567, 6557.619391517573, 5871.085766580118, 8601.00747851667, 7224.853523144251, 6544.742078996873, 7580.172338665585]
[6885.3339330776635, 8212.7023581121, 7525.00146481414, 6911.062809277466, 6153.002131405708, 7178.139392546286, 5533.480762949691, 8575.591004268275, 8739.662935034485, 4884.480961611353, 9466.318293679924, 6727.171565528426, 7063.021493851958, 8091.176256845036, 8050.6179417887815, 5952.220458213635, 7348.417117398644, 6717.505573165754, 7021.8903754569665, 4080.7615241794615, 6964.190358561903, 7846.028689293339, 7951.786977587877, 6803.132953875368, 7211.065962884672, 9291.351269784356, 7644.272538870458, 5496.669913111413, 6455.130440852872, 7376.89356576306, 7100.332520903566, 8066.864084615768, 7193.779911944372, 8591.3824888646, 7882.927121134298, 5778.595426222388, 7763.423980523669, 7666.717197843986, 7779.211970934701, 7743.546346071586, 6912.175741060581, 8634.881279320762, 6523.959430903483, 7445.90627622567, 6557.619391517573, 5869.191887815059, 8601.00747851667, 7224.853523144251, 6544.742078996873, 7580.172338665585]
[6877.012776556369, 8212.7023581121, 7525.00146481414, 6902.67456331032, 6144.602505619563, 7178.139392546286, 5523.43199911945, 8575.591004268275, 8739.662935034485, 4884.480961611353, 9462.376054966528, 6703.951853522682, 7062.576581937959, 8091.176256845036, 8032.8160911153, 5950.099888943176, 7348.417117398644, 6717.505573165754, 7021.8903754569665, 4080.7328537306325, 6964.190358561903, 7846.028689293339, 7951.786977587877, 6801.2651327712665, 7211.065962884672, 9291.351269784356, 7644.272538870458, 5490.450958748558, 6455.130440852872, 7376.89356576306, 7093.822175572449, 8034.762235944536, 7193.779911944372, 8591.3824888646, 7882.927121134298, 5778.595426222388, 7762.6533774993495, 7666.717197843986, 7779.211970934701, 7734.03628433147, 6912.175741060581, 8607.555093520445, 6513.980294840838, 7445.90627622567, 6557.619391517573, 5867.386090323141, 8601.00747851667, 7224.853523144251, 6544.742078996873, 7580.172338665585]
[6877.012776556369, 8197.70412211752, 7524.126960478762, 6902.67456331032, 6144.602505619563, 7178.139392546286, 5490.432710362492, 8575.591004268275, 8739.662935034485, 4884.480961611353, 9458.428253351824, 6703.951853522682, 7062.576581937959, 8091.176256845036, 8032.8160911153, 5945.702639599652, 7348.417117398644, 6708.378978577168, 7014.713539707239, 4080.657608604197, 6961.518461784013, 7846.028689293339, 7951.786977587877, 6797.73236360173, 7211.065962884672, 9291.351269784356, 7644.272538870458, 5468.214645996494, 6433.839543886954, 7376.89356576306, 7093.822175572449, 8034.762235944536, 7185.7675291216465, 8591.3824888646, 7881.552403725669, 5778.595426222388, 7762.6533774993495, 7666.717197843986, 7779.211970934701, 7734.03628433147, 6912.175741060581, 8596.316066595746, 6513.980294840838, 7445.90627622567, 6557.619391517573, 5867.386090323141, 8601.00747851667, 7224.853523144251, 6544.742078996873, 7580.172338665585]
[6877.012776556369, 8197.70412211752, 7522.419105423147, 6902.67456331032, 6144.602505619563, 7178.139392546286, 5461.999113039723, 8575.591004268275, 8739.662935034485, 4884.480961611353, 9458.428253351824, 6691.736582868352, 7062.576581937959, 8091.176256845036, 8032.8160911153, 5945.702639599652, 7348.417117398644, 6708.378978577168, 7014.713539707239, 4074.4292265549752, 6961.518461784013, 7833.099151425752, 7946.495758732672, 6797.73236360173, 7211.065962884672, 9291.351269784356, 7644.272538870458, 5419.404946871317, 6433.839543886954, 7376.89356576306, 7076.915706704254, 8034.762235944536, 7185.7675291216465, 8591.3824888646, 7871.04449268916, 5778.595426222388, 7752.156796568726, 7640.668143949272, 7774.988058425957, 7734.03628433147, 6912.175741060581, 8596.316066595746, 6510.686092937386, 7445.90627622567, 6557.619391517573, 5867.386090323141, 8601.00747851667, 7224.853523144251, 6544.742078996873, 7580.172338665585]
[6867.350415880914, 8197.70412211752, 7480.114214914895, 6891.584672389219, 6141.328722405769, 7172.60873352222, 5456.9391732807835, 8575.591004268275, 8739.662935034485, 4884.480961611353, 9454.248961154171, 6687.372437463257, 7062.576581937959, 8091.176256845036, 8031.189700969315, 5942.671399819182, 7348.417117398644, 6708.378978577168, 7014.713539707239, 4074.4292265549752, 6955.183284089883, 7833.099151425752, 7946.495758732672, 6778.294717646859, 7211.065962884672, 9218.496199039484, 7644.272538870458, 5413.1223095187825, 6420.8283316506795, 7376.89356576306, 7076.915706704254, 8034.762235944536, 7172.186292051629, 8554.601221525163, 7871.04449268916, 5778.595426222388, 7752.156796568726, 7640.668143949272, 7774.988058425957, 7734.03628433147, 6912.175741060581, 8596.316066595746, 6510.686092937386, 7445.90627622567, 6554.189395051677, 5867.386090323141, 8553.377769220057, 7224.853523144251, 6544.742078996873, 7580.172338665585]
[6867.005750120176, 8197.70412211752, 7480.114214914895, 6891.584672389219, 6141.328722405769, 7172.60873352222, 5456.152208877361, 8575.591004268275, 8739.662935034485, 4884.480961611353, 9454.248961154171, 6687.372437463257, 7044.368186877136, 8091.176256845036, 8016.207669358113, 5942.671399819182, 7348.417117398644, 6708.378978577168, 7000.570713950304, 4072.5182901798034, 6953.642196091188, 7833.099151425752, 7944.450717423168, 6778.294717646859, 7211.065962884672, 9218.496199039484, 7644.272538870458, 5413.1223095187825, 6408.064278979098, 7376.89356576306, 7076.915706704254, 8034.762235944536, 7169.825576286739, 8554.601221525163, 7871.04449268916, 5778.595426222388, 7752.156796568726, 7640.668143949272, 7774.988058425957, 7734.03628433147, 6912.175741060581, 8596.316066595746, 6510.686092937386, 7444.298986793985, 6554.189395051677, 5860.834235637636, 8553.377769220057, 7224.853523144251, 6544.742078996873, 7580.172338665585]
[6867.005750120176, 8197.70412211752, 7480.114214914895, 6871.973740907783, 6141.328722405769, 7153.636012000628, 5456.152208877361, 8575.591004268275, 8739.662935034485, 4864.710341903354, 9454.248961154171, 6687.372437463257, 7044.368186877136, 8091.176256845036, 8016.207669358113, 5942.671399819182, 7348.417117398644, 6705.190784691493, 7000.570713950304, 4050.23432605156, 6953.642196091188, 7831.126225955735, 7944.450717423168, 6778.294717646859, 7211.065962884672, 9218.496199039484, 7644.272538870458, 5407.64887548968, 6408.064278979098, 7376.89356576306, 7076.915706704254, 8034.762235944536, 7169.825576286739, 8548.058931718833, 7869.995553317337, 5774.500049278298, 7752.156796568726, 7640.668143949272, 7774.988058425957, 7734.03628433147, 6912.175741060581, 8596.316066595746, 6483.954062878277, 7444.298986793985, 6554.189395051677, 5830.45363554781, 8553.377769220057, 7224.853523144251, 6526.388386778492, 7580.172338665585]
[6867.005750120176, 8197.70412211752, 7477.03868886965, 6865.833219470621, 6141.328722405769, 7153.636012000628, 5456.152208877361, 8575.591004268275, 8739.662935034485, 4864.710341903354, 9454.248961154171, 6687.372437463257, 7021.255377329025, 8083.64846682655, 8016.207669358113, 5942.671399819182, 7348.384683141824, 6705.190784691493, 7000.570713950304, 4030.7739725935185, 6953.642196091188, 7831.126225955735, 7941.596697667216, 6778.294717646859, 7211.065962884672, 9159.041550835374, 7644.272538870458, 5396.064182614492, 6408.064278979098, 7376.89356576306, 7076.915706704254, 8034.762235944536, 7165.451428061104, 8548.058931718833, 7869.995553317337, 5766.75367242345, 7752.156796568726, 7640.668143949272, 7774.988058425957, 7721.945980661645, 6912.175741060581, 8596.316066595746, 6478.473510989321, 7444.298986793985, 6554.189395051677, 5830.45363554781, 8553.377769220057, 7218.556156788058, 6513.073715373045, 7580.172338665585]
[6867.005750120176, 8197.70412211752, 7477.03868886965, 6865.833219470621, 6106.243899500625, 7149.193831824271, 5456.152208877361, 8558.386928079555, 8739.662935034485, 4859.705676987871, 9454.248961154171, 6687.372437463257, 7008.205872101122, 8014.214256439778, 8016.207669358113, 5942.671399819182, 7348.384683141824, 6656.368684027182, 7000.570713950304, 4030.752088221576, 6953.642196091188, 7831.126225955735, 7941.596697667216, 6778.294717646859, 7211.065962884672, 9159.041550835374, 7644.272538870458, 5389.616024072146, 6408.064278979098, 7376.89356576306, 7076.915706704254, 8034.762235944536, 7165.451428061104, 8548.058931718833, 7830.688620232679, 5766.75367242345, 7745.527391884891, 7624.781898251063, 7774.988058425957, 7721.945980661645, 6912.175741060581, 8596.316066595746, 6478.473510989321, 7432.577191371066, 6540.781715085819, 5777.793074221119, 8553.377769220057, 7218.556156788058, 6513.073715373045, 7580.172338665585]
[6867.005750120176, 8197.70412211752, 7477.03868886965, 6865.833219470621, 6106.243899500625, 7149.193831824271, 5456.152208877361, 8550.625546308129, 8739.662935034485, 4840.412140179536, 9454.248961154171, 6687.372437463257, 7008.205872101122, 8014.214256439778, 8016.207669358113, 5942.671399819182, 7348.384683141824, 6656.368684027182, 7000.570713950304, 4028.0125069836226, 6921.352907533209, 7797.186573079222, 7941.596697667216, 6778.294717646859, 7211.065962884672, 9159.041550835374, 7629.066099437213, 5389.616024072146, 6407.175914080366, 7376.89356576306, 7076.915706704254, 8034.762235944536, 7142.575122404343, 8548.058931718833, 7830.688620232679, 5766.75367242345, 7742.6470771487175, 7624.781898251063, 7774.988058425957, 7720.461272272684, 6912.175741060581, 8596.316066595746, 6478.473510989321, 7415.649923735851, 6523.945919297754, 5777.793074221119, 8553.377769220057, 7218.556156788058, 6513.073715373045, 7580.172338665585]
[6867.005750120176, 8197.70412211752, 7477.03868886965, 6865.833219470621, 6106.243899500625, 7149.193831824271, 5456.152208877361, 8550.625546308129, 8739.662935034485, 4840.412140179536, 9454.248961154171, 6674.70526568076, 7008.205872101122, 8013.246159296093, 8016.207669358113, 5942.671399819182, 7319.70043784899, 6656.368684027182, 7000.570713950304, 4028.0123625766673, 6921.352907533209, 7797.186573079222, 7941.596697667216, 6778.294717646859, 7211.065962884672, 9159.041550835374, 7626.236327989967, 5389.616024072146, 6407.175914080366, 7358.060572682107, 7076.915706704254, 8034.762235944536, 7142.575122404343, 8548.058931718833, 7830.688620232679, 5766.75367242345, 7742.6470771487175, 7624.781898251063, 7774.988058425957, 7703.092754660783, 6912.175741060581, 8596.316066595746, 6478.473510989321, 7415.649923735851, 6462.924774915658, 5777.793074221119, 8553.377769220057, 7218.556156788058, 6513.073715373045, 7580.172338665585]
[6867.005750120176, 8197.70412211752, 7477.03868886965, 6865.833219470621, 6106.243899500625, 7149.193831824271, 5456.152208877361, 8550.625546308129, 8739.662935034485, 4840.412140179536, 9447.960060651956, 6674.70526568076, 6997.199265536021, 8013.246159296093, 8016.207669358113, 5915.272571385425, 7319.70043784899, 6656.368684027182, 7000.570713950304, 4025.8136768923882, 6921.352907533209, 7797.186573079222, 7941.596697667216, 6778.294717646859, 7209.470962655645, 9158.1281350602, 7624.267701848563, 5385.815589118087, 6407.175914080366, 7358.060572682107, 7076.915706704254, 8034.762235944536, 7142.575122404343, 8524.034560387669, 7830.688620232679, 5760.83484707845, 7727.701100589764, 7624.781898251063, 7720.3753031759115, 7703.092754660783, 6900.805254792, 8563.46373539136, 6478.473510989321, 7415.649923735851, 6462.924774915658, 5777.793074221119, 8553.377769220057, 7218.556156788058, 6513.073715373045, 7566.390920064883]
[6867.005750120176, 8194.43029830991, 7474.228009919471, 6822.034757414382, 6103.288609052162, 7149.193831824271, 5440.858797966606, 8550.625546308129, 8739.662935034485, 4827.834960515061, 9447.960060651956, 6674.70526568076, 6997.199265536021, 8013.246159296093, 8001.060122167155, 5915.272571385425, 7308.149577977611, 6656.368684027182, 7000.570713950304, 4023.885061131533, 6921.352907533209, 7797.186573079222, 7941.596697667216, 6778.294717646859, 7209.470962655645, 9150.976001373228, 7624.267701848563, 5380.072580113525, 6407.175914080366, 7358.060572682107, 7075.509679051547, 8034.762235944536, 7142.575122404343, 8524.034560387669, 7830.688620232679, 5760.83484707845, 7727.701100589764, 7624.781898251063, 7720.3753031759115, 7703.092754660783, 6900.805254792, 8556.394462958411, 6460.849217202635, 7415.649923735851, 6462.924774915658, 5777.793074221119, 8553.377769220057, 7213.808595448032, 6513.073715373045, 7566.390920064883]
[6867.005750120176, 8194.43029830991, 7474.228009919471, 6822.034757414382, 6103.288609052162, 7149.193831824271, 5438.645577765211, 8550.625546308129, 8739.662935034485, 4827.834960515061, 9447.960060651956, 6674.70526568076, 6997.199265536021, 8011.049308421496, 8001.060122167155, 5909.201027392696, 7273.809486435198, 6656.368684027182, 7000.570713950304, 4008.1207847825326, 6904.886417551907, 7797.186573079222, 7941.596697667216, 6775.844308051684, 7209.470962655645, 9150.976001373228, 7624.267701848563, 5355.783468301155, 6406.481867030697, 7358.060572682107, 7075.509679051547, 8019.809110508426, 7142.575122404343, 8524.034560387669, 7830.688620232679, 5738.189708738882, 7692.040947979326, 7624.781898251063, 7720.3753031759115, 7703.092754660783, 6900.805254792, 8493.454105196128, 6460.849217202635, 7415.649923735851, 6462.924774915658, 5776.48092006175, 8549.911179679399, 7213.808595448032, 6513.073715373045, 7563.479653801631]
[6814.737110261456, 8177.203606220671, 7454.423507211113, 6820.1731960455745, 6103.288609052162, 7149.193831824271, 5434.2330584735955, 8550.625546308129, 8739.662935034485, 4810.30303103215, 9447.960060651956, 6674.70526568076, 6997.199265536021, 8009.8308463137655, 7974.019516674793, 5909.112358808103, 7248.942600904474, 6656.368684027182, 7000.570713950304, 4002.3438644795738, 6904.886417551907, 7785.029555491664, 7941.596697667216, 6775.844308051684, 7209.470962655645, 9150.976001373228, 7624.267701848563, 5355.783468301155, 6406.481867030697, 7358.060572682107, 7047.032232244688, 8019.809110508426, 7142.575122404343, 8524.034560387669, 7830.688620232679, 5738.189708738882, 7692.040947979326, 7624.781898251063, 7705.521093198455, 7703.092754660783, 6900.805254792, 8493.454105196128, 6415.551367053101, 7397.637977154633, 6462.924774915658, 5776.48092006175, 8549.911179679399, 7213.808595448032, 6489.117954338255, 7561.8617104438035]
[6814.737110261456, 8140.647962376728, 7454.423507211113, 6820.1731960455745, 6084.885177117672, 7149.193831824271, 5434.2330584735955, 8528.651854627438, 8739.662935034485, 4788.032645503916, 9447.960060651956, 6671.274516543836, 6994.005579957721, 8009.8308463137655, 7974.019516674793, 5909.112358808103, 7248.942600904474, 6656.368684027182, 7000.570713950304, 4001.5092151962335, 6904.886417551907, 7785.029555491664, 7938.137637309577, 6775.844308051684, 7209.470962655645, 9150.976001373228, 7624.267701848563, 5355.783468301155, 6406.481867030697, 7338.798629650251, 7047.032232244688, 8019.809110508426, 7142.575122404343, 8524.034560387669, 7830.688620232679, 5738.189708738882, 7692.040947979326, 7624.781898251063, 7704.152893376714, 7687.120877536807, 6900.805254792, 8493.454105196128, 6415.551367053101, 7397.637977154633, 6462.924774915658, 5776.48092006175, 8534.488388898108, 7213.808595448032, 6489.117954338255, 7561.8617104438035]
[6814.737110261456, 8140.647962376728, 7454.423507211113, 6820.1731960455745, 6084.152792433055, 7122.121750620962, 5423.340549999634, 8528.651854627438, 8739.068487871318, 4788.032645503916, 9447.960060651956, 6671.274516543836, 6994.005579957721, 7973.495301912162, 7974.019516674793, 5909.112358808103, 7240.1707014568765, 6656.368684027182, 7000.570713950304, 4001.4739629394303, 6904.886417551907, 7785.029555491664, 7938.137637309577, 6775.844308051684, 7209.470962655645, 9150.976001373228, 7624.267701848563, 5355.783468301155, 6406.481867030697, 7338.798629650251, 7047.032232244688, 8019.809110508426, 7142.575122404343, 8524.034560387669, 7830.688620232679, 5738.189708738882, 7692.040947979326, 7622.215945083828, 7702.530311397774, 7687.120877536807, 6900.805254792, 8493.454105196128, 6415.551367053101, 7397.637977154633, 6462.924774915658, 5761.668050712653, 8534.488388898108, 7213.808595448032, 6489.117954338255, 7548.95969827494]
[6814.737110261456, 8140.647962376728, 7454.423507211113, 6820.1731960455745, 6084.152792433055, 7122.121750620962, 5415.74757195397, 8528.651854627438, 8739.068487871318, 4785.026258460304, 9447.960060651956, 6671.274516543836, 6986.690872769042, 7973.495301912162, 7974.019516674793, 5909.112358808103, 7240.1707014568765, 6656.368684027182, 7000.570713950304, 4001.4739629394303, 6904.886417551907, 7785.029555491664, 7938.137637309577, 6775.844308051684, 7209.470962655645, 9125.610763535524, 7610.47111883811, 5355.783468301155, 6406.481867030697, 7338.798629650251, 7047.032232244688, 8019.809110508426, 7142.575122404343, 8524.034560387669, 7830.688620232679, 5710.201224961116, 7692.040947979326, 7622.215945083828, 7702.530311397774, 7687.120877536807, 6900.805254792, 8486.552602550251, 6415.551367053101, 7381.10672336541, 6462.924774915658, 5757.449448194683, 8534.488388898108, 7200.942421986294, 6489.117954338255, 7546.284409312388]
[6806.392254414603, 8140.647962376728, 7412.401766955198, 6820.1731960455745, 6077.823421052866, 7122.121750620962, 5409.568483308493, 8528.028533574488, 8739.068487871318, 4784.218266047611, 9447.960060651956, 6671.274516543836, 6986.690872769042, 7973.495301912162, 7974.019516674793, 5907.551854671583, 7229.360639270535, 6656.368684027182, 7000.570713950304, 3999.942945907962, 6904.886417551907, 7782.464934900976, 7911.439468503503, 6775.844308051684, 7209.470962655645, 9125.610763535524, 7609.447894165378, 5350.212754976345, 6379.038167868259, 7333.771428565213, 7044.355395198919, 8019.809110508426, 7120.940598391678, 8489.021458175997, 7830.688620232679, 5710.201224961116, 7692.040947979326, 7622.215945083828, 7702.530311397774, 7687.120877536807, 6884.672554090818, 8486.552602550251, 6415.551367053101, 7381.10672336541, 6462.924774915658, 5755.264221678118, 8534.488388898108, 7200.942421986294, 6486.190920692913, 7530.8992370361475]
[6806.392254414603, 8140.02331983705, 7412.401766955198, 6820.1731960455745, 6077.823421052866, 7109.930769196393, 5409.568483308493, 8528.028533574488, 8736.717894976686, 4784.218266047611, 9447.960060651956, 6671.274516543836, 6985.427746304829, 7973.495301912162, 7974.019516674793, 5888.717026269676, 7212.576075048227, 6656.368684027182, 7000.570713950304, 3992.955809055967, 6903.290521888184, 7782.464934900976, 7911.439468503503, 6775.844308051684, 7209.470962655645, 9125.610763535524, 7609.447894165378, 5350.212754976345, 6379.038167868259, 7333.771428565213, 7044.355395198919, 8019.809110508426, 7117.179302836221, 8489.021458175997, 7816.867726761768, 5710.201224961116, 7692.040947979326, 7622.215945083828, 7684.32123037716, 7683.873972279788, 6884.672554090818, 8486.552602550251, 6415.551367053101, 7351.496424030187, 6462.924774915658, 5749.842624357533, 8534.488388898108, 7200.942421986294, 6486.190920692913, 7530.8992370361475]
[6799.482663351022, 8140.02331983705, 7409.545287966181, 6815.476182406921, 6072.629673828052, 7109.772504714946, 5396.401665726125, 8528.028533574488, 8736.717894976686, 4751.898024769514, 9447.960060651956, 6653.434282426329, 6985.427746304829, 7970.174599200541, 7974.019516674793, 5851.4617547320995, 7207.487147608607, 6641.0805685906, 7000.570713950304, 3992.7186648620495, 6893.484479624749, 7782.464934900976, 7890.9251766767575, 6775.844308051684, 7207.269314535502, 9125.610763535524, 7609.447894165378, 5349.259590348337, 6379.038167868259, 7333.771428565213, 7015.133311528369, 7992.002437572926, 7117.179302836221, 8483.586196774331, 7816.867726761768, 5700.951750517945, 7692.040947979326, 7622.215945083828, 7684.32123037716, 7683.873972279788, 6884.672554090818, 8483.09020337974, 6411.441800922389, 7351.496424030187, 6451.828516116802, 5749.842624357533, 8534.488388898108, 7200.942421986294, 6486.190920692913, 7530.8992370361475]
[6799.482663351022, 8140.02331983705, 7409.545287966181, 6815.476182406921, 6068.764251364815, 7109.772504714946, 5396.401665726125, 8485.707950705022, 8736.717894976686, 4750.829460843078, 9447.960060651956, 6653.434282426329, 6937.5309125072035, 7947.787582360036, 7974.019516674793, 5851.4617547320995, 7185.600090366121, 6641.0805685906, 7000.570713950304, 3992.7186648620495, 6893.484479624749, 7782.464934900976, 7864.938164840425, 6775.844308051684, 7207.269314535502, 9125.610763535524, 7599.050871894641, 5344.0384698668895, 6379.038167868259, 7293.807349072037, 7015.133311528369, 7992.002437572926, 7104.965795605385, 8483.586196774331, 7815.1600869022295, 5700.951750517945, 7692.040947979326, 7616.952392694542, 7684.32123037716, 7683.873972279788, 6850.079982580117, 8483.09020337974, 6411.441800922389, 7351.496424030187, 6451.828516116802, 5749.842624357533, 8534.488388898108, 7198.334280283911, 6486.190920692913, 7530.8992370361475]
[6799.482663351022, 8140.02331983705, 7409.545287966181, 6815.476182406921, 6068.764251364815, 7109.772504714946, 5395.797106820949, 8485.707950705022, 8736.717894976686, 4748.21704089471, 9437.193551596993, 6652.0082568262005, 6925.489692676767, 7947.787582360036, 7974.019516674793, 5851.4617547320995, 7168.116168745114, 6641.0805685906, 7000.570713950304, 3988.755266747676, 6893.484479624749, 7782.464934900976, 7852.267162680082, 6775.844308051684, 7207.269314535502, 9125.610763535524, 7585.244997851216, 5339.632642509188, 6378.064505418915, 7255.1464938598265, 7015.133311528369, 7992.002437572926, 7104.965795605385, 8483.586196774331, 7815.1600869022295, 5700.951750517945, 7692.040947979326, 7616.952392694542, 7671.150782084971, 7650.258775828651, 6844.17611699878, 8483.09020337974, 6411.441800922389, 7343.045193463314, 6432.016477295588, 5749.842624357533, 8534.488388898108, 7198.334280283911, 6474.080275963741, 7530.8992370361475]
[6792.288212628628, 8140.02331983705, 7409.545287966181, 6815.476182406921, 6043.547784465645, 7092.230093236663, 5395.797106820949, 8485.707950705022, 8736.717894976686, 4745.27577366391, 9437.193551596993, 6652.0082568262005, 6903.490325761658, 7947.787582360036, 7957.2450049847275, 5851.4617547320995, 7161.113875699435, 6641.0805685906, 7000.570713950304, 3980.6882966562744, 6893.484479624749, 7782.464934900976, 7852.267162680082, 6769.193365001602, 7206.109847266533, 9107.153931908993, 7585.244997851216, 5339.632642509188, 6378.064505418915, 7255.1464938598265, 7015.133311528369, 7962.5255352997865, 7098.10448413266, 8483.586196774331, 7801.978113819025, 5700.951750517945, 7692.040947979326, 7614.4107269534215, 7671.150782084971, 7650.258775828651, 6825.672684010414, 8428.203603726126, 6411.441800922389, 7312.705887238624, 6432.016477295588, 5723.036673892899, 8532.835695542424, 7176.561663296573, 6474.080275963741, 7530.8992370361475]
[6792.288212628628, 8140.02331983705, 7409.545287966181, 6815.476182406921, 6043.547784465645, 7079.7501898838, 5395.797106820949, 8477.462054926658, 8736.717894976686, 4743.007055445831, 9437.193551596993, 6652.0082568262005, 6903.490325761658, 7947.787582360036, 7957.2450049847275, 5846.1607025166, 7142.860837346148, 6636.140974693088, 7000.570713950304, 3980.6882966562744, 6893.484479624749, 7765.3762756833075, 7847.114409959325, 6769.193365001602, 7206.109847266533, 9107.153931908993, 7585.244997851216, 5336.021691308759, 6378.064505418915, 7251.9115157771785, 7015.133311528369, 7962.5255352997865, 7098.10448413266, 8483.586196774331, 7788.14150233364, 5700.951750517945, 7692.040947979326, 7614.4107269534215, 7671.150782084971, 7650.258775828651, 6816.904976370635, 8428.203603726126, 6411.441800922389, 7312.705887238624, 6426.219066136846, 5723.036673892899, 8532.835695542424, 7176.561663296573, 6474.080275963741, 7530.8992370361475]
[6777.982950321422, 8140.02331983705, 7409.545287966181, 6804.985018926856, 6043.547784465645, 7079.7501898838, 5395.797106820949, 8473.540732445454, 8670.478078369453, 4733.706689666911, 9407.92337338256, 6652.0082568262005, 6903.020759587453, 7947.787582360036, 7957.2450049847275, 5846.1607025166, 7142.860837346148, 6626.509882947636, 7000.570713950304, 3965.942818833423, 6893.484479624749, 7765.3762756833075, 7847.114409959325, 6769.193365001602, 7206.109847266533, 9089.0265311121, 7585.244997851216, 5336.021691308759, 6368.436792078416, 7251.9115157771785, 7015.133311528369, 7962.5255352997865, 7098.10448413266, 8483.586196774331, 7788.14150233364, 5700.951750517945, 7692.040947979326, 7614.4107269534215, 7671.150782084971, 7645.62441487222, 6816.904976370635, 8410.823059940902, 6411.441800922389, 7311.3173995340285, 6408.884138600437, 5723.036673892899, 8529.833402974047, 7176.561663296573, 6474.080275963741, 7530.8992370361475]
[6777.982950321422, 8097.002265272122, 7409.545287966181, 6804.985018926856, 6031.807932738449, 7073.777843282708, 5395.797106820949, 8469.035243629523, 8670.478078369453, 4729.954344884429, 9407.92337338256, 6652.0082568262005, 6903.020759587453, 7947.787582360036, 7957.2450049847275, 5844.50671934661, 7142.860837346148, 6626.509882947636, 7000.570713950304, 3965.942818833423, 6893.484479624749, 7765.3762756833075, 7847.114409959325, 6769.193365001602, 7185.731034832932, 9089.0265311121, 7580.08054329921, 5336.021691308759, 6368.436792078416, 7251.9115157771785, 7015.133311528369, 7962.5255352997865, 7098.10448413266, 8483.586196774331, 7788.14150233364, 5700.951750517945, 7692.040947979326, 7614.4107269534215, 7671.150782084971, 7645.62441487222, 6816.904976370635, 8382.32666487174, 6411.441800922389, 7296.128927144901, 6408.884138600437, 5694.303872547302, 8529.833402974047, 7176.561663296573, 6474.080275963741, 7530.8992370361475]
[6777.982950321422, 8097.002265272122, 7409.545287966181, 6804.985018926856, 6031.807932738449, 7073.777843282708, 5376.5576084226805, 8469.035243629523, 8670.478078369453, 4729.954344884429, 9407.92337338256, 6652.0082568262005, 6903.020759587453, 7939.670282566491, 7957.2450049847275, 5817.374680615814, 7117.819171230952, 6626.509882947636, 6995.770046417745, 3965.932613748578, 6893.484479624749, 7765.3762756833075, 7847.114409959325, 6769.193365001602, 7185.731034832932, 9089.0265311121, 7580.08054329921, 5333.2887137123635, 6368.436792078416, 7251.9115157771785, 7015.133311528369, 7953.301414314754, 7098.10448413266, 8449.659458702436, 7759.67313934113, 5700.951750517945, 7655.8899728144, 7599.480041231657, 7671.150782084971, 7645.62441487222, 6790.922360991925, 8382.32666487174, 6404.656825575353, 7296.128927144901, 6408.884138600437, 5694.303872547302, 8526.538784616712, 7176.561663296573, 6474.080275963741, 7530.8992370361475]
[6777.982950321422, 8097.002265272122, 7406.000617439757, 6804.985018926856, 6024.120119450492, 7073.777843282708, 5373.901082152191, 8469.035243629523, 8646.018828175282, 4729.954344884429, 9407.92337338256, 6651.931898714596, 6903.020759587453, 7939.670282566491, 7936.93573384555, 5783.026013226039, 7117.819171230952, 6607.265191952097, 6983.354436821077, 3957.6159096614997, 6893.484479624749, 7765.3762756833075, 7845.482147752429, 6769.193365001602, 7185.731034832932, 9089.0265311121, 7565.046081064718, 5333.2887137123635, 6368.436792078416, 7251.9115157771785, 7015.133311528369, 7928.053924535756, 7094.924986526775, 8449.659458702436, 7759.67313934113, 5700.951750517945, 7655.8899728144, 7585.107288714069, 7661.438695649658, 7645.62441487222, 6790.922360991925, 8382.32666487174, 6397.9122830106435, 7296.128927144901, 6408.884138600437, 5679.532295421777, 8526.538784616712, 7159.240050416411, 6474.080275963741, 7492.726085953228]
[6777.982950321422, 8097.002265272122, 7406.000617439757, 6804.985018926856, 6024.120119450492, 7072.707720669426, 5373.901082152191, 8469.035243629523, 8603.618372446315, 4729.954344884429, 9393.393279115584, 6651.931898714596, 6903.020759587453, 7939.670282566491, 7936.93573384555, 5783.026013226039, 7117.819171230952, 6607.265191952097, 6956.392960873459, 3947.8235546910655, 6887.698176584259, 7765.3762756833075, 7845.482147752429, 6769.193365001602, 7185.731034832932, 9089.0265311121, 7565.046081064718, 5320.116214543801, 6363.846866517144, 7246.300321967841, 7007.9179345970015, 7928.053924535756, 7094.924986526775, 8449.659458702436, 7759.67313934113, 5700.951750517945, 7655.8899728144, 7582.841682394157, 7661.438695649658, 7645.62441487222, 6790.922360991925, 8382.32666487174, 6397.9122830106435, 7296.128927144901, 6408.884138600437, 5679.532295421777, 8526.538784616712, 7159.240050416411, 6474.080275963741, 7490.806152166304]
[6765.618430320415, 8097.002265272122, 7406.000617439757, 6796.981807954706, 6024.120119450492, 7071.155285101946, 5373.901082152191, 8469.035243629523, 8573.585095021426, 4728.670514246251, 9393.393279115584, 6651.931898714596, 6895.934735180653, 7939.670282566491, 7936.93573384555, 5783.026013226039, 7117.819171230952, 6607.265191952097, 6956.392960873459, 3944.675409073585, 6887.698176584259, 7765.3762756833075, 7845.482147752429, 6769.193365001602, 7156.846705217737, 9082.546781023351, 7565.046081064718, 5320.116214543801, 6351.88486545234, 7230.176821783438, 7007.9179345970015, 7928.053924535756, 7056.407432376273, 8428.560591920468, 7759.67313934113, 5692.175233680587, 7640.4939223295605, 7582.841682394157, 7636.25491581776, 7627.3561478244565, 6790.922360991925, 8364.887573292868, 6397.9122830106435, 7278.083530710598, 6408.884138600437, 5679.532295421777, 8526.538784616712, 7159.240050416411, 6468.9416442287875, 7490.806152166304]
[6725.9695620680795, 8095.597665354476, 7394.507586462879, 6796.981807954706, 6018.919783697906, 7062.870716797374, 5373.901082152191, 8469.035243629523, 8573.585095021426, 4721.2731873775765, 9393.393279115584, 6647.766044500137, 6895.934735180653, 7939.670282566491, 7936.93573384555, 5782.011660721693, 7117.819171230952, 6607.265191952097, 6956.392960873459, 3937.095566848984, 6887.698176584259, 7751.596504092738, 7845.482147752429, 6769.193365001602, 7156.846705217737, 9077.765012493695, 7565.046081064718, 5320.116214543801, 6351.88486545234, 7230.176821783438, 6931.41009405721, 7928.053924535756, 7056.407432376273, 8428.560591920468, 7694.61304727891, 5680.833757989876, 7640.4939223295605, 7582.841682394157, 7598.35626962668, 7626.297021480126, 6783.782742592423, 8364.887573292868, 6397.9122830106435, 7278.083530710598, 6408.884138600437, 5679.532295421777, 8526.538784616712, 7159.240050416411, 6468.9416442287875, 7490.806152166304]
[6724.117906154041, 8083.768913754751, 7391.481538152426, 6796.981807954706, 6018.919783697906, 7062.870716797374, 5373.901082152191, 8469.035243629523, 8573.585095021426, 4721.2731873775765, 9393.393279115584, 6647.766044500137, 6895.934735180653, 7939.670282566491, 7936.93573384555, 5782.011660721693, 7117.819171230952, 6600.651272473928, 6950.04260281105, 3937.095566848984, 6887.698176584259, 7751.596504092738, 7823.286288920419, 6760.434806070438, 7156.846705217737, 9077.765012493695, 7565.046081064718, 5315.018277351044, 6351.88486545234, 7224.712027507223, 6931.41009405721, 7928.053924535756, 7056.407432376273, 8428.560591920468, 7675.715503467451, 5679.65506927479, 7640.4939223295605, 7578.465794604372, 7570.71539333909, 7626.297021480126, 6783.782742592423, 8364.887573292868, 6397.9122830106435, 7278.083530710598, 6408.884138600437, 5679.532295421777, 8475.208782801732, 7150.2452969636215, 6468.9416442287875, 7490.806152166304]
[6724.117906154041, 8062.084454163106, 7380.993882644109, 6775.40219223103, 6018.919783697906, 7051.272995655707, 5373.901082152191, 8445.327291476253, 8573.585095021426, 4719.927708204819, 9385.123571357892, 6641.459507530509, 6865.969617377593, 7939.670282566491, 7932.220450474313, 5782.011660721693, 7117.819171230952, 6600.651272473928, 6950.04260281105, 3937.095566848984, 6879.008841200089, 7751.596504092738, 7823.286288920419, 6760.434806070438, 7145.757872098717, 9073.007117003195, 7565.046081064718, 5315.018277351044, 6328.785384417891, 7204.310445357552, 6930.833384333348, 7928.053924535756, 7056.407432376273, 8428.560591920468, 7675.715503467451, 5673.796333033494, 7602.763335644498, 7578.465794604372, 7570.71539333909, 7626.297021480126, 6783.782742592423, 8364.887573292868, 6397.9122830106435, 7278.083530710598, 6408.884138600437, 5653.746795923185, 8475.208782801732, 7150.2452969636215, 6461.537016026883, 7485.022935350038]
[6672.599281540264, 8062.084454163106, 7380.993882644109, 6775.40219223103, 6017.308876184437, 7051.272995655707, 5367.6774905186685, 8445.327291476253, 8568.896381261706, 4717.728184623178, 9385.123571357892, 6641.459507530509, 6865.969617377593, 7939.670282566491, 7932.220450474313, 5782.011660721693, 7091.6315595377255, 6600.651272473928, 6950.04260281105, 3936.4365616707246, 6878.697952409122, 7751.596504092738, 7823.286288920419, 6730.463215786857, 7133.4923201021475, 9073.007117003195, 7565.046081064718, 5296.466599406562, 6320.948261841035, 7204.310445357552, 6930.833384333348, 7928.053924535756, 7056.407432376273, 8396.357154659785, 7675.715503467451, 5669.560604217689, 7602.763335644498, 7571.117494278403, 7570.71539333909, 7626.297021480126, 6783.782742592423, 8361.505831436245, 6397.9122830106435, 7278.083530710598, 6408.884138600437, 5631.851373711387, 8451.969598130852, 7150.2452969636215, 6458.8544975161285, 7485.022935350038]
[6672.599281540264, 8062.084454163106, 7380.993882644109, 6775.40219223103, 6017.308876184437, 7051.272995655707, 5367.6774905186685, 8445.327291476253, 8568.896381261706, 4714.219905384716, 9385.123571357892, 6629.02649759409, 6865.969617377593, 7939.670282566491, 7924.626356408815, 5778.045601504599, 7091.6315595377255, 6599.606064877822, 6950.04260281105, 3936.4336113966287, 6842.976780688198, 7751.596504092738, 7823.286288920419, 6730.463215786857, 7131.087227538042, 9073.007117003195, 7556.719346174867, 5296.466599406562, 6319.966343302656, 7204.310445357552, 6930.833384333348, 7928.053924535756, 7050.3061594166065, 8396.357154659785, 7675.715503467451, 5669.560604217689, 7594.9385068970105, 7571.117494278403, 7570.71539333909, 7626.297021480126, 6783.782742592423, 8361.505831436245, 6397.9122830106435, 7278.083530710598, 6408.884138600437, 5631.851373711387, 8451.969598130852, 7143.043082423559, 6458.8544975161285, 7485.022935350038]
[6672.599281540264, 8062.084454163106, 7380.993882644109, 6775.40219223103, 6017.308876184437, 7051.272995655707, 5367.6774905186685, 8445.327291476253, 8568.896381261706, 4714.219905384716, 9385.123571357892, 6629.02649759409, 6865.969617377593, 7939.670282566491, 7924.626356408815, 5765.288111883452, 7091.6315595377255, 6599.606064877822, 6950.04260281105, 3936.3773153516377, 6796.101996522388, 7751.596504092738, 7823.286288920419, 6708.464024423947, 7096.544070173106, 9073.007117003195, 7554.7547589363385, 5293.842374558009, 6303.695306874806, 7194.631116610057, 6930.833384333348, 7928.053924535756, 7050.3061594166065, 8396.357154659785, 7675.715503467451, 5635.441942634411, 7594.9385068970105, 7566.498685209757, 7570.71539333909, 7626.297021480126, 6783.782742592423, 8361.505831436245, 6396.185450325998, 7278.083530710598, 6408.884138600437, 5631.851373711387, 8451.969598130852, 7143.043082423559, 6458.8544975161285, 7482.8759010854355]
[6672.599281540264, 8062.084454163106, 7380.993882644109, 6775.40219223103, 6017.308876184437, 7044.830309548738, 5367.6774905186685, 8445.327291476253, 8568.896381261706, 4697.627797337453, 9385.123571357892, 6629.02649759409, 6856.085501183181, 7939.223001301114, 7924.626356408815, 5764.926958281032, 7091.6315595377255, 6599.606064877822, 6947.639153196491, 3936.3773153516377, 6796.101996522388, 7751.596504092738, 7823.286288920419, 6708.464024423947, 7096.544070173106, 9073.007117003195, 7554.7547589363385, 5291.3849881519955, 6288.657222086543, 7174.42778388578, 6930.246385983099, 7928.053924535756, 7050.3061594166065, 8396.357154659785, 7675.715503467451, 5635.441942634411, 7594.9385068970105, 7566.498685209757, 7547.186036106835, 7626.297021480126, 6783.782742592423, 8361.505831436245, 6396.185450325998, 7278.083530710598, 6408.884138600437, 5631.851373711387, 8447.893416407518, 7143.043082423559, 6458.8544975161285, 7482.8759010854355]
[6672.599281540264, 8062.084454163106, 7380.993882644109, 6750.60119629679, 6017.308876184437, 7044.830309548738, 5340.830401495492, 8445.327291476253, 8568.896381261706, 4670.832008157883, 9385.123571357892, 6629.02649759409, 6856.085501183181, 7939.223001301114, 7924.626356408815, 5752.397109023498, 7091.6315595377255, 6577.840468367043, 6947.639153196491, 3923.6279307167715, 6796.101996522388, 7751.596504092738, 7823.286288920419, 6708.464024423947, 7096.544070173106, 9073.007117003195, 7554.7547589363385, 5290.47309672874, 6288.657222086543, 7174.42778388578, 6924.762737786706, 7928.053924535756, 7047.3522756029615, 8396.357154659785, 7655.743418905846, 5635.441942634411, 7594.9385068970105, 7566.498685209757, 7547.186036106835, 7626.297021480126, 6783.782742592423, 8361.505831436245, 6382.585847383783, 7278.083530710598, 6393.734329490415, 5631.851373711387, 8447.893416407518, 7143.043082423559, 6458.8544975161285, 7482.8759010854355]
[6672.599281540264, 8062.084454163106, 7380.993882644109, 6750.60119629679, 6017.308876184437, 7038.451546730956, 5339.131224423688, 8442.656880428032, 8568.896381261706, 4670.832008157883, 9385.123571357892, 6629.02649759409, 6856.085501183181, 7939.223001301114, 7887.757132017931, 5742.513901304566, 7091.6315595377255, 6562.5600775394605, 6947.639153196491, 3914.362461591919, 6796.101996522388, 7751.596504092738, 7814.4011969468365, 6708.464024423947, 7096.544070173106, 9073.007117003195, 7554.7547589363385, 5288.104213984446, 6285.563370047759, 7157.013017570639, 6924.762737786706, 7919.558886416463, 7047.3522756029615, 8378.051616581282, 7633.809811812069, 5635.441942634411, 7594.9385068970105, 7566.498685209757, 7547.186036106835, 7626.297021480126, 6776.3476581516425, 8361.505831436245, 6382.585847383783, 7278.083530710598, 6384.228427716288, 5631.851373711387, 8429.238036220786, 7143.043082423559, 6452.277667063247, 7482.8759010854355]
[6658.782578857909, 8062.084454163106, 7380.993882644109, 6726.551578690056, 6017.308876184437, 7038.451546730956, 5339.131224423688, 8442.656880428032, 8553.344718838905, 4627.793938084086, 9382.03520982517, 6629.02649759409, 6855.808053608502, 7926.964146106207, 7887.757132017931, 5699.166979938718, 7091.6315595377255, 6561.845050621133, 6947.639153196491, 3904.54043888822, 6796.101996522388, 7751.596504092738, 7814.4011969468365, 6708.464024423947, 7096.544070173106, 9073.007117003195, 7554.7547589363385, 5280.456407357434, 6258.802320472281, 7157.013017570639, 6924.669053327976, 7919.558886416463, 7047.3522756029615, 8375.257186012608, 7633.809811812069, 5635.441942634411, 7594.9385068970105, 7566.498685209757, 7547.186036106835, 7626.297021480126, 6776.3476581516425, 8361.505831436245, 6381.223099291564, 7278.083530710598, 6384.228427716288, 5631.851373711387, 8429.238036220786, 7143.043082423559, 6414.89491251758, 7441.131258803633]
[6641.3025067988365, 8062.084454163106, 7380.993882644109, 6726.551578690056, 6017.308876184437, 7038.451546730956, 5333.533458592979, 8442.656880428032, 8553.344718838905, 4623.85575303035, 9382.03520982517, 6617.5282318354, 6855.808053608502, 7926.964146106207, 7887.757132017931, 5699.166979938718, 7091.6315595377255, 6561.845050621133, 6916.249584528911, 3893.4666471411133, 6796.101996522388, 7745.11961374891, 7814.4011969468365, 6708.464024423947, 7096.544070173106, 9073.007117003195, 7554.7547589363385, 5272.34954266683, 6258.802320472281, 7157.013017570639, 6903.89499503847, 7912.164602330135, 7045.067629424075, 8375.257186012608, 7631.383142486555, 5635.441942634411, 7594.9385068970105, 7532.502656728646, 7536.805848175235, 7619.14696802501, 6745.346650805395, 8361.505831436245, 6381.223099291564, 7274.920468447781, 6384.228427716288, 5631.851373711387, 8429.238036220786, 7143.043082423559, 6409.793586371787, 7441.131258803633]
[6641.3025067988365, 8062.084454163106, 7380.993882644109, 6726.551578690056, 6017.308876184437, 7030.98786926717, 5328.542442609347, 8442.656880428032, 8553.344718838905, 4622.46656319058, 9382.03520982517, 6600.453164120333, 6855.808053608502, 7926.964146106207, 7887.757132017931, 5697.563862005115, 7091.6315595377255, 6561.845050621133, 6916.249584528911, 3893.4666471411133, 6796.101996522388, 7745.11961374891, 7800.537929769498, 6708.464024423947, 7096.544070173106, 9073.007117003195, 7554.7547589363385, 5246.749968541983, 6258.802320472281, 7140.108133975016, 6903.89499503847, 7912.164602330135, 7045.067629424075, 8367.69734729568, 7624.533660750737, 5635.441942634411, 7593.136874158648, 7532.502656728646, 7536.805848175235, 7610.734948245057, 6745.346650805395, 8361.505831436245, 6381.223099291564, 7274.920468447781, 6384.228427716288, 5627.20180907351, 8429.238036220786, 7143.043082423559, 6409.793586371787, 7441.131258803633]
[6599.820597164215, 8062.084454163106, 7374.722013700337, 6726.551578690056, 5995.799895821761, 7030.98786926717, 5328.542442609347, 8442.656880428032, 8539.919146625365, 4607.593132213903, 9382.03520982517, 6582.022991695424, 6830.462485961731, 7926.964146106207, 7883.936167325237, 5697.563862005115, 7091.6315595377255, 6561.845050621133, 6890.955028822087, 3893.2463589325002, 6796.101996522388, 7745.11961374891, 7800.537929769498, 6699.761136855198, 7096.544070173106, 9073.007117003195, 7554.7547589363385, 5240.100986007396, 6258.802320472281, 7140.108133975016, 6903.89499503847, 7912.164602330135, 7045.067629424075, 8352.046757337605, 7624.533660750737, 5635.441942634411, 7593.136874158648, 7532.502656728646, 7528.437334418175, 7610.734948245057, 6745.346650805395, 8361.505831436245, 6381.223099291564, 7274.920468447781, 6384.228427716288, 5609.172997854116, 8401.97535155457, 7143.043082423559, 6395.9419567296, 7441.131258803633]
[6599.820597164215, 8031.920544498248, 7374.722013700337, 6726.551578690056, 5969.757485728268, 7018.94769164834, 5328.542442609347, 8442.656880428032, 8426.475033933224, 4577.675331043292, 9382.03520982517, 6570.4886513848705, 6830.462485961731, 7926.964146106207, 7883.936167325237, 5697.563862005115, 7052.438292254439, 6561.845050621133, 6890.955028822087, 3887.433376212123, 6788.162738242279, 7738.721467608666, 7800.537929769498, 6699.761136855198, 7096.544070173106, 9065.537413623542, 7550.827274782308, 5240.100986007396, 6255.461722132696, 7140.108133975016, 6889.3998404443755, 7901.497462073693, 7045.067629424075, 8352.046757337605, 7593.47399557532, 5635.441942634411, 7593.136874158648, 7509.282318352081, 7528.437334418175, 7610.734948245057, 6710.402889001746, 8361.505831436245, 6381.223099291564, 7274.920468447781, 6384.228427716288, 5602.248274513986, 8379.822969984129, 7143.043082423559, 6386.861981706623, 7441.131258803633]
[6599.820597164215, 8031.920544498248, 7359.4502901609285, 6726.551578690056, 5956.93026335659, 7018.94769164834, 5328.542442609347, 8432.062878439194, 8426.475033933224, 4577.675331043292, 9382.03520982517, 6570.4886513848705, 6830.462485961731, 7924.054801049095, 7883.936167325237, 5697.563862005115, 7038.947183779778, 6561.845050621133, 6890.955028822087, 3872.2982991242907, 6765.120511649182, 7738.721467608666, 7800.537929769498, 6699.761136855198, 7096.544070173106, 9065.537413623542, 7550.827274782308, 5240.100986007396, 6255.461722132696, 7140.108133975016, 6863.2716686662925, 7901.497462073693, 7041.468353322687, 8323.118232560839, 7593.47399557532, 5612.829641829672, 7593.136874158648, 7488.109204185728, 7528.437334418175, 7610.734948245057, 6710.402889001746, 8344.736650097333, 6381.223099291564, 7274.920468447781, 6379.368998606273, 5602.248274513986, 8379.822969984129, 7143.043082423559, 6386.861981706623, 7420.956357939108]
[6599.820597164215, 8031.920544498248, 7359.4502901609285, 6726.551578690056, 5944.514267458608, 7018.94769164834, 5322.119031395841, 8432.062878439194, 8426.475033933224, 4577.675331043292, 9382.03520982517, 6570.4886513848705, 6830.462485961731, 7924.054801049095, 7883.936167325237, 5689.4354162249365, 7038.947183779778, 6561.845050621133, 6890.955028822087, 3872.24279682078, 6765.120511649182, 7738.721467608666, 7800.537929769498, 6699.761136855198, 7096.544070173106, 9065.537413623542, 7550.827274782308, 5228.659923041516, 6252.491136936122, 7140.108133975016, 6863.2716686662925, 7901.497462073693, 7007.810996554976, 8323.118232560839, 7593.47399557532, 5603.966379805591, 7593.136874158648, 7488.109204185728, 7528.437334418175, 7608.811224162503, 6710.402889001746, 8344.736650097333, 6381.223099291564, 7274.920468447781, 6367.895994583089, 5602.248274513986, 8379.822969984129, 7126.086121309544, 6386.861981706623, 7420.956357939108]
[6599.820597164215, 8026.902803689029, 7359.4502901609285, 6726.551578690056, 5944.514267458608, 7018.94769164834, 5298.252183399374, 8432.062878439194, 8413.406235874834, 4577.675331043292, 9382.03520982517, 6570.4886513848705, 6824.735242732493, 7924.054801049095, 7876.817892832789, 5689.4354162249365, 7038.947183779778, 6561.845050621133, 6867.4239069716305, 3872.2379433729025, 6765.120511649182, 7738.721467608666, 7800.537929769498, 6683.435157790938, 7096.544070173106, 9065.537413623542, 7550.827274782308, 5228.659923041516, 6243.328269506095, 7140.108133975016, 6854.393514949401, 7901.497462073693, 7007.810996554976, 8323.118232560839, 7593.47399557532, 5603.966379805591, 7593.136874158648, 7488.109204185728, 7528.437334418175, 7608.811224162503, 6710.402889001746, 8344.736650097333, 6381.223099291564, 7274.920468447781, 6367.895994583089, 5602.248274513986, 8351.114229478908, 7125.959927772426, 6386.861981706623, 7420.956357939108]
[6587.263308230098, 8026.902803689029, 7359.4502901609285, 6724.00099134835, 5944.514267458608, 7018.94769164834, 5298.184753224459, 8432.062878439194, 8413.406235874834, 4571.861803558417, 9370.19292432379, 6565.474441042979, 6813.964682716338, 7924.054801049095, 7873.899255118206, 5689.4354162249365, 7038.947183779778, 6561.845050621133, 6867.4239069716305, 3854.597687318577, 6765.120511649182, 7738.721467608666, 7770.5871413240075, 6669.066189213959, 7096.544070173106, 9053.701041472805, 7550.827274782308, 5225.376878116993, 6243.328269506095, 7139.835485671521, 6854.393514949401, 7901.497462073693, 6992.3392764405, 8323.118232560839, 7585.1320435746875, 5599.342010296883, 7593.136874158648, 7488.109204185728, 7528.437334418175, 7592.090884207972, 6710.402889001746, 8344.736650097333, 6381.223099291564, 7249.876655414308, 6367.895994583089, 5600.980945384283, 8351.114229478908, 7125.959927772426, 6386.861981706623, 7388.948647252633]
[6587.263308230098, 7957.146771788453, 7359.4502901609285, 6724.00099134835, 5944.514267458608, 7018.94769164834, 5286.420320597355, 8432.062878439194, 8412.05877816192, 4571.861803558417, 9370.19292432379, 6565.474441042979, 6794.095138776787, 7918.438176112531, 7873.899255118206, 5680.278613388519, 7038.6985814705695, 6535.049314799, 6867.4239069716305, 3822.3925538866706, 6765.120511649182, 7738.721467608666, 7770.5871413240075, 6669.066189213959, 7096.544070173106, 9053.701041472805, 7550.827274782308, 5206.61456077446, 6243.328269506095, 7139.835485671521, 6854.393514949401, 7901.497462073693, 6992.3392764405, 8323.118232560839, 7585.1320435746875, 5595.032495380596, 7593.136874158648, 7477.334153445125, 7527.50099811905, 7592.090884207972, 6703.517019461976, 8344.736650097333, 6381.223099291564, 7249.876655414308, 6367.895994583089, 5600.980945384283, 8329.485869691573, 7116.687948056795, 6365.512133883808, 7385.943354026758]
[6587.263308230098, 7944.894872027212, 7342.23747825161, 6724.00099134835, 5944.514267458608, 7018.94769164834, 5286.420320597355, 8432.062878439194, 8409.301509101544, 4571.861803558417, 9370.19292432379, 6565.474441042979, 6794.095138776787, 7918.438176112531, 7873.899255118206, 5680.278613388519, 7038.6985814705695, 6535.049314799, 6864.146431772744, 3816.8267940455835, 6765.120511649182, 7738.721467608666, 7770.5871413240075, 6669.066189213959, 7096.544070173106, 9053.701041472805, 7550.827274782308, 5206.61456077446, 6243.328269506095, 7139.835485671521, 6854.393514949401, 7901.497462073693, 6992.3392764405, 8323.118232560839, 7585.1320435746875, 5571.271290729635, 7580.04444064507, 7459.357675514953, 7527.50099811905, 7564.164803863898, 6666.98279895671, 8344.736650097333, 6380.065570950391, 7249.876655414308, 6367.895994583089, 5600.980945384283, 8329.485869691573, 7085.116674585335, 6365.512133883808, 7385.943354026758]
[6581.23242228825, 7944.894872027212, 7342.23747825161, 6712.655699929635, 5944.514267458608, 7018.94769164834, 5286.420320597355, 8432.062878439194, 8409.301509101544, 4571.516809136432, 9370.19292432379, 6548.106132088663, 6794.095138776787, 7918.438176112531, 7873.899255118206, 5680.278613388519, 7038.6985814705695, 6535.049314799, 6864.146431772744, 3813.9763153536383, 6765.120511649182, 7738.721467608666, 7770.5871413240075, 6667.602421994433, 7096.544070173106, 8994.102686060787, 7546.79835168729, 5163.9987518288735, 6243.328269506095, 7139.835485671521, 6854.393514949401, 7901.497462073693, 6992.3392764405, 8323.118232560839, 7585.1320435746875, 5571.271290729635, 7580.04444064507, 7459.357675514953, 7527.50099811905, 7564.164803863898, 6666.98279895671, 8311.717162765728, 6380.065570950391, 7249.876655414308, 6367.895994583089, 5600.980945384283, 8329.485869691573, 7085.116674585335, 6365.512133883808, 7385.943354026758]
[6581.23242228825, 7944.894872027212, 7340.938262990499, 6712.655699929635, 5944.514267458608, 7007.400904767857, 5278.140080987339, 8432.062878439194, 8409.301509101544, 4571.516809136432, 9370.19292432379, 6548.106132088663, 6794.095138776787, 7918.438176112531, 7862.468785843509, 5669.175523236678, 7038.6985814705695, 6535.049314799, 6862.21966984252, 3800.209713466058, 6757.323812718852, 7737.980979651746, 7770.5871413240075, 6667.602421994433, 7096.544070173106, 8994.102686060787, 7508.456002652274, 5146.081941451385, 6243.328269506095, 7139.835485671521, 6854.393514949401, 7901.497462073693, 6992.3392764405, 8323.118232560839, 7585.1320435746875, 5571.271290729635, 7580.04444064507, 7459.357675514953, 7527.50099811905, 7564.164803863898, 6666.98279895671, 8311.717162765728, 6380.065570950391, 7249.876655414308, 6332.535024054188, 5590.812286065753, 8289.920965996447, 7085.116674585335, 6365.512133883808, 7374.264557812244]
[6581.23242228825, 7944.894872027212, 7340.938262990499, 6712.655699929635, 5944.514267458608, 6964.98730559477, 5278.140080987339, 8432.062878439194, 8408.161864387428, 4553.373231970489, 9370.19292432379, 6548.106132088663, 6788.208593130267, 7918.438176112531, 7862.468785843509, 5667.085790688461, 6978.772235685852, 6526.278454116319, 6862.21966984252, 3794.316276524394, 6757.323812718852, 7737.980979651746, 7770.5871413240075, 6649.043265690938, 7096.544070173106, 8994.102686060787, 7508.456002652274, 5146.081941451385, 6243.328269506095, 7139.835485671521, 6853.250031760833, 7877.483772187322, 6982.407918339141, 8323.118232560839, 7566.299078661034, 5571.271290729635, 7580.04444064507, 7459.357675514953, 7527.50099811905, 7564.164803863898, 6666.98279895671, 8311.717162765728, 6380.065570950391, 7249.876655414308, 6332.535024054188, 5590.812286065753, 8289.920965996447, 7085.116674585335, 6355.951116858711, 7374.264557812244]
[6581.066141097117, 7944.894872027212, 7340.938262990499, 6702.721611673807, 5944.514267458608, 6964.98730559477, 5265.268092455028, 8432.062878439194, 8408.161864387428, 4535.726181710622, 9364.15144252937, 6528.946436463126, 6788.208593130267, 7918.0953692603525, 7862.468785843509, 5664.531634256584, 6959.778598451868, 6526.278454116319, 6862.21966984252, 3778.632937829985, 6740.662533600567, 7737.980979651746, 7770.5871413240075, 6632.446009780862, 7096.544070173106, 8968.800423959092, 7508.456002652274, 5146.081941451385, 6242.605135760097, 7139.835485671521, 6853.250031760833, 7875.485014821633, 6982.407918339141, 8318.104589797611, 7566.299078661034, 5571.271290729635, 7580.04444064507, 7459.357675514953, 7522.536493217658, 7564.164803863898, 6666.98279895671, 8311.717162765728, 6380.065570950391, 7249.876655414308, 6332.535024054188, 5590.812286065753, 8285.698709700226, 7077.011328278369, 6355.951116858711, 7374.264557812244]
[6572.796255255133, 7944.894872027212, 7340.938262990499, 6702.721611673807, 5940.981718860364, 6958.489734555161, 5265.268092455028, 8428.101944861717, 8408.161864387428, 4521.619058257384, 9364.15144252937, 6519.267039151724, 6788.208593130267, 7918.0953692603525, 7862.468785843509, 5659.397065623464, 6959.778598451868, 6526.278454116319, 6862.21966984252, 3778.632937829985, 6740.662533600567, 7737.980979651746, 7770.5871413240075, 6632.446009780862, 7096.544070173106, 8968.800423959092, 7508.456002652274, 5141.5355655400945, 6242.605135760097, 7139.835485671521, 6853.250031760833, 7875.485014821633, 6959.389888150568, 8289.094532939358, 7566.299078661034, 5571.225351469811, 7557.947803194831, 7459.357675514953, 7522.536493217658, 7563.748388229828, 6666.98279895671, 8311.717162765728, 6376.793142015441, 7249.876655414308, 6282.555385445053, 5577.988690729957, 8281.949628483491, 7064.396607325766, 6355.951116858711, 7357.989991155863]
[6572.796255255133, 7944.894872027212, 7309.5290097255875, 6702.721611673807, 5931.976686816666, 6958.489734555161, 5265.268092455028, 8428.101944861717, 8408.161864387428, 4516.091114398003, 9364.15144252937, 6519.267039151724, 6788.208593130267, 7889.912834499717, 7862.468785843509, 5642.6962470622675, 6959.778598451868, 6526.278454116319, 6862.21966984252, 3778.631218423086, 6718.729053291824, 7732.618409237541, 7770.5871413240075, 6632.446009780862, 7093.430348061069, 8968.800423959092, 7508.456002652274, 5141.5355655400945, 6228.286729276809, 7138.913745762892, 6853.250031760833, 7875.485014821633, 6959.389888150568, 8289.094532939358, 7566.299078661034, 5571.225351469811, 7557.947803194831, 7459.357675514953, 7522.536493217658, 7563.748388229828, 6666.98279895671, 8311.717162765728, 6376.793142015441, 7249.876655414308, 6282.555385445053, 5577.988690729957, 8281.949628483491, 7064.396607325766, 6355.951116858711, 7357.989991155863]
[6572.796255255133, 7944.894872027212, 7309.5290097255875, 6702.721611673807, 5931.976686816666, 6955.824968507334, 5262.977986485062, 8428.101944861717, 8408.161864387428, 4512.3800915767115, 9361.479885718465, 6519.267039151724, 6788.208593130267, 7886.53814878859, 7862.468785843509, 5642.6962470622675, 6959.778598451868, 6493.600519714708, 6820.814413192353, 3778.600636178276, 6718.729053291824, 7732.618409237541, 7770.5871413240075, 6632.446009780862, 7093.430348061069, 8968.800423959092, 7508.456002652274, 5131.430978490798, 6228.286729276809, 7128.802224499195, 6853.250031760833, 7875.485014821633, 6959.389888150568, 8289.094532939358, 7566.299078661034, 5571.225351469811, 7557.947803194831, 7459.357675514953, 7511.33197231785, 7544.414880087727, 6666.98279895671, 8295.766442577064, 6376.793142015441, 7241.029495638832, 6265.394415054568, 5577.988690729957, 8281.949628483491, 7064.396607325766, 6332.321996724744, 7357.989991155863]
[6572.796255255133, 7944.894872027212, 7272.033921656817, 6702.721611673807, 5928.555606286236, 6952.990463703709, 5261.647528467804, 8412.056449347072, 8408.161864387428, 4492.099109762555, 9361.479885718465, 6519.267039151724, 6788.208593130267, 7881.232822212364, 7862.468785843509, 5642.6962470622675, 6945.074789653391, 6493.600519714708, 6820.814413192353, 3771.9311396558965, 6718.729053291824, 7732.618409237541, 7770.5871413240075, 6632.446009780862, 7089.555528722985, 8968.800423959092, 7496.671095130941, 5121.015545976972, 6223.576583996733, 7128.802224499195, 6829.943357127282, 7858.183350965916, 6938.455879100546, 8289.094532939358, 7566.299078661034, 5560.923083738395, 7556.94231902285, 7459.357675514953, 7511.33197231785, 7544.414880087727, 6659.774506400087, 8295.766442577064, 6367.058068580229, 7236.354916533133, 6265.394415054568, 5577.988690729957, 8281.949628483491, 7056.347729642286, 6332.321996724744, 7357.989991155863]
[6564.664495615172, 7937.084355085329, 7272.033921656817, 6702.721611673807, 5928.555606286236, 6948.516559097734, 5261.647528467804, 8412.056449347072, 8408.161864387428, 4492.099109762555, 9361.479885718465, 6519.267039151724, 6787.509113941708, 7881.232822212364, 7862.468785843509, 5642.6962470622675, 6945.074789653391, 6493.600519714708, 6820.814413192353, 3762.4079867389905, 6718.729053291824, 7732.618409237541, 7770.5871413240075, 6632.446009780862, 7089.555528722985, 8954.652709306474, 7496.671095130941, 5121.015545976972, 6223.576583996733, 7128.802224499195, 6829.943357127282, 7858.183350965916, 6938.455879100546, 8289.094532939358, 7566.299078661034, 5551.39905787675, 7546.34316001821, 7451.630563771697, 7511.33197231785, 7544.414880087727, 6659.774506400087, 8295.766442577064, 6356.515083854349, 7205.176368289105, 6265.394415054568, 5576.006918790392, 8281.949628483491, 7056.347729642286, 6332.321996724744, 7348.59130362226]
[6564.664495615172, 7937.084355085329, 7272.033921656817, 6702.721611673807, 5928.555606286236, 6942.983363038123, 5250.626400021509, 8412.056449347072, 8408.161864387428, 4492.099109762555, 9361.479885718465, 6503.334179265514, 6787.509113941708, 7881.232822212364, 7862.468785843509, 5642.6962470622675, 6945.074789653391, 6493.600519714708, 6820.814413192353, 3751.42851411144, 6718.729053291824, 7707.448531342185, 7770.5871413240075, 6632.446009780862, 7089.555528722985, 8954.652709306474, 7496.671095130941, 5121.015545976972, 6223.576583996733, 7114.014011712144, 6825.321927317176, 7858.183350965916, 6899.959286330923, 8289.094532939358, 7529.410057546619, 5551.39905787675, 7546.34316001821, 7438.987326255645, 7511.33197231785, 7536.742176743179, 6658.6509632211455, 8295.766442577064, 6330.654524016852, 7205.176368289105, 6265.394415054568, 5576.006918790392, 8269.95086400668, 7056.021026018849, 6332.321996724744, 7348.59130362226]
[6524.682600493044, 7937.084355085329, 7272.033921656817, 6702.721611673807, 5922.351170727298, 6926.858623892229, 5250.626400021509, 8409.779027618353, 8408.161864387428, 4492.099109762555, 9359.422863644042, 6503.334179265514, 6787.509113941708, 7881.232822212364, 7862.468785843509, 5642.6962470622675, 6945.074789653391, 6493.600519714708, 6820.814413192353, 3729.1357083824078, 6718.729053291824, 7697.571393371868, 7770.5871413240075, 6632.446009780862, 7089.555528722985, 8948.391272540088, 7496.671095130941, 5121.015545976972, 6199.7176629136175, 7114.014011712144, 6823.7695693663145, 7858.183350965916, 6899.959286330923, 8289.094532939358, 7529.410057546619, 5551.39905787675, 7546.34316001821, 7421.8485918907845, 7502.135868225027, 7531.156622471499, 6658.6509632211455, 8295.311164904526, 6330.654524016852, 7205.176368289105, 6240.557717667696, 5576.006918790392, 8264.603233296884, 7056.021026018849, 6302.321576348235, 7348.59130362226]
[6504.213313294315, 7937.084355085329, 7272.033921656817, 6702.655696420137, 5922.351170727298, 6926.858623892229, 5250.626400021509, 8409.779027618353, 8408.161864387428, 4484.340179690007, 9359.422863644042, 6469.798712440507, 6787.509113941708, 7881.232822212364, 7862.468785843509, 5627.613876047646, 6945.074789653391, 6493.600519714708, 6820.814413192353, 3726.494070154769, 6712.944686255816, 7697.571393371868, 7770.393855951486, 6632.446009780862, 7089.555528722985, 8948.391272540088, 7496.671095130941, 5121.015545976972, 6189.818551088556, 7114.014011712144, 6823.7695693663145, 7858.183350965916, 6899.959286330923, 8289.094532939358, 7514.239251943991, 5550.896706652891, 7546.34316001821, 7421.8485918907845, 7502.135868225027, 7531.156622471499, 6658.6509632211455, 8295.311164904526, 6330.654524016852, 7202.134096970377, 6210.089852958942, 5575.808481974447, 8264.603233296884, 7056.021026018849, 6302.321576348235, 7348.59130362226]
[6504.213313294315, 7937.084355085329, 7272.033921656817, 6702.655696420137, 5922.2423973557725, 6924.793451463467, 5250.626400021509, 8409.779027618353, 8408.161864387428, 4479.959570385191, 9322.375643788959, 6469.798712440507, 6787.509113941708, 7881.232822212364, 7862.468785843509, 5626.7998295482175, 6934.618523934978, 6486.630707875653, 6812.144396262246, 3723.5650344472842, 6712.944686255816, 7697.017038423379, 7770.393855951486, 6630.895316993927, 7082.632505385074, 8948.391272540088, 7496.671095130941, 5121.015545976972, 6189.818551088556, 7114.014011712144, 6823.7695693663145, 7858.183350965916, 6884.702401395722, 8289.094532939358, 7514.239251943991, 5547.360632206923, 7546.34316001821, 7405.9228011720725, 7502.135868225027, 7531.156622471499, 6658.6509632211455, 8295.311164904526, 6318.5866310494, 7197.916853951478, 6208.792266647637, 5575.808481974447, 8264.603233296884, 7033.352239102253, 6302.321576348235, 7327.497435034925]
[6489.5916268078245, 7850.047609974465, 7272.033921656817, 6702.655696420137, 5921.637852133583, 6924.793451463467, 5219.121288792223, 8409.779027618353, 8381.326659365033, 4474.091289947357, 9322.375643788959, 6469.798712440507, 6769.02237190393, 7881.232822212364, 7862.468785843509, 5624.933839045707, 6899.03870546525, 6486.630707875653, 6812.144396262246, 3721.250430262245, 6703.621288297753, 7695.006561256601, 7770.393855951486, 6630.895316993927, 7082.632505385074, 8923.916637556009, 7496.671095130941, 5109.3589242601565, 6189.295497356626, 7114.014011712144, 6823.7695693663145, 7843.691897612303, 6880.810477148005, 8289.094532939358, 7514.239251943991, 5547.360632206923, 7546.34316001821, 7405.9228011720725, 7488.078501439275, 7531.156622471499, 6640.142917981432, 8295.311164904526, 6318.5866310494, 7197.916853951478, 6208.792266647637, 5575.808481974447, 8264.603233296884, 7000.174128598213, 6302.321576348235, 7327.497435034925]
[6489.5916268078245, 7843.457844806095, 7272.033921656817, 6666.086787611099, 5921.637852133583, 6924.793451463467, 5209.860828610899, 8401.41083227624, 8381.326659365033, 4474.091289947357, 9322.375643788959, 6469.798712440507, 6752.266821694493, 7881.232822212364, 7862.468785843509, 5624.933839045707, 6895.713348003874, 6476.793986804205, 6812.144396262246, 3714.220530173339, 6700.693735101272, 7695.006561256601, 7769.120124861033, 6630.895316993927, 7082.632505385074, 8923.916637556009, 7496.671095130941, 5109.3589242601565, 6189.295497356626, 7109.458895103286, 6823.7695693663145, 7843.691897612303, 6880.810477148005, 8289.094532939358, 7514.239251943991, 5547.360632206923, 7546.34316001821, 7381.877278947504, 7488.078501439275, 7531.156622471499, 6640.142917981432, 8295.311164904526, 6301.488668867676, 7170.160234190154, 6208.792266647637, 5575.808481974447, 8264.603233296884, 7000.174128598213, 6302.321576348235, 7327.497435034925]
[6489.5916268078245, 7843.457844806095, 7272.033921656817, 6666.086787611099, 5921.637852133583, 6921.1476772594415, 5209.860828610899, 8401.41083227624, 8381.326659365033, 4474.091289947357, 9322.375643788959, 6469.798712440507, 6752.266821694493, 7881.232822212364, 7862.468785843509, 5624.933839045707, 6895.713348003874, 6471.708753953027, 6812.144396262246, 3714.142374777195, 6700.693735101272, 7695.006561256601, 7769.120124861033, 6629.998381227115, 7056.537673857185, 8923.916637556009, 7469.27257506481, 5109.3589242601565, 6173.480524521927, 7109.458895103286, 6823.7695693663145, 7843.691897612303, 6880.810477148005, 8289.094532939358, 7514.239251943991, 5547.360632206923, 7529.611622679404, 7381.877278947504, 7488.078501439275, 7531.156622471499, 6623.97501554435, 8295.311164904526, 6301.488668867676, 7170.160234190154, 6208.792266647637, 5575.808481974447, 8264.603233296884, 6967.568750492052, 6288.207867728943, 7313.457928438242]
[6489.5916268078245, 7843.457844806095, 7272.033921656817, 6666.086787611099, 5921.637852133583, 6892.057349632984, 5209.860828610899, 8401.41083227624, 8381.326659365033, 4470.0013732683, 9322.375643788959, 6469.798712440507, 6752.266821694493, 7881.232822212364, 7862.468785843509, 5624.933839045707, 6895.713348003874, 6471.708753953027, 6812.144396262246, 3712.4873107212647, 6695.180725563916, 7687.4301745907, 7769.120124861033, 6629.998381227115, 7035.90301992354, 8923.916637556009, 7469.27257506481, 5109.3589242601565, 6173.000836820739, 7109.458895103286, 6823.7695693663145, 7843.691897612303, 6842.649179131704, 8289.094532939358, 7514.239251943991, 5547.360632206923, 7529.611622679404, 7363.957237232375, 7488.078501439275, 7531.156622471499, 6623.97501554435, 8295.311164904526, 6263.142388499602, 7163.906840202222, 6208.792266647637, 5558.047554086843, 8264.603233296884, 6967.568750492052, 6288.207867728943, 7313.457928438242]
[6489.5916268078245, 7828.269388341572, 7272.033921656817, 6654.479503878388, 5921.637852133583, 6892.057349632984, 5207.26131788469, 8386.932868821317, 8381.326659365033, 4470.0013732683, 9322.375643788959, 6467.035737110748, 6731.243650981616, 7881.232822212364, 7862.468785843509, 5619.053013779645, 6884.53237139049, 6471.708753953027, 6767.941956402683, 3712.4873107212647, 6695.180725563916, 7687.4301745907, 7769.120124861033, 6623.060131407331, 7035.90301992354, 8923.916637556009, 7463.841586052906, 5085.268471015714, 6173.000836820739, 7109.458895103286, 6813.525640538612, 7843.691897612303, 6841.022480110204, 8289.094532939358, 7514.239251943991, 5547.360632206923, 7529.611622679404, 7363.957237232375, 7488.078501439275, 7531.156622471499, 6623.97501554435, 8295.311164904526, 6263.142388499602, 7163.906840202222, 6208.792266647637, 5558.047554086843, 8264.603233296884, 6967.568750492052, 6268.546512773232, 7313.457928438242]
[6489.5916268078245, 7811.151622612776, 7272.033921656817, 6649.543927309562, 5898.844745240922, 6892.057349632984, 5205.180711065371, 8386.932868821317, 8381.326659365033, 4465.501250498943, 9322.375643788959, 6467.035737110748, 6731.243650981616, 7881.232822212364, 7860.114075399057, 5619.053013779645, 6884.53237139049, 6471.708753953027, 6767.941956402683, 3710.5973459452207, 6695.180725563916, 7687.4301745907, 7747.381022507277, 6595.2535271446195, 7035.90301992354, 8923.916637556009, 7463.841586052906, 5082.421525922373, 6173.000836820739, 7109.458895103286, 6813.525640538612, 7843.691897612303, 6841.022480110204, 8289.094532939358, 7514.239251943991, 5547.360632206923, 7528.036373741981, 7363.957237232375, 7488.078501439275, 7531.156622471499, 6623.97501554435, 8295.311164904526, 6263.142388499602, 7163.906840202222, 6208.792266647637, 5539.160997634339, 8264.603233296884, 6967.568750492052, 6268.546512773232, 7250.680590547668]
[6489.5916268078245, 7796.715766906009, 7272.033921656817, 6649.543927309562, 5898.844745240922, 6876.848647728753, 5189.562993241705, 8386.932868821317, 8369.965957773484, 4455.123966336793, 9322.375643788959, 6462.852150174316, 6728.189193991368, 7855.9326901364675, 7860.114075399057, 5595.412427554105, 6884.53237139049, 6471.708753953027, 6767.941956402683, 3710.5757459191104, 6695.180725563916, 7687.4301745907, 7747.381022507277, 6595.2535271446195, 7033.435913751436, 8923.916637556009, 7452.729810528176, 5064.471476749621, 6173.000836820739, 7109.458895103286, 6813.525640538612, 7841.299007547222, 6836.647620418858, 8273.732696539548, 7514.239251943991, 5547.360632206923, 7516.521073830528, 7363.957237232375, 7488.078501439275, 7525.944308671154, 6623.97501554435, 8295.311164904526, 6257.8260942235565, 7163.906840202222, 6208.792266647637, 5510.123458256219, 8264.603233296884, 6967.568750492052, 6268.546512773232, 7250.680590547668]
[6489.5916268078245, 7796.715766906009, 7232.981054516317, 6649.543927309562, 5898.844745240922, 6872.070947104262, 5189.562993241705, 8386.932868821317, 8369.965957773484, 4455.123966336793, 9322.375643788959, 6462.852150174316, 6728.189193991368, 7855.9326901364675, 7856.908572921428, 5595.412427554105, 6884.53237139049, 6434.995051826647, 6759.36717065002, 3708.576432907764, 6695.180725563916, 7687.4301745907, 7747.381022507277, 6593.841815476035, 7033.435913751436, 8908.78609702916, 7452.729810528176, 5049.671183239143, 6173.000836820739, 7105.570804584449, 6813.525640538612, 7841.299007547222, 6826.696977407072, 8273.732696539548, 7502.361209707427, 5543.8067062451255, 7516.521073830528, 7341.813562400379, 7488.078501439275, 7477.357640773854, 6623.97501554435, 8295.311164904526, 6257.8260942235565, 7163.906840202222, 6208.792266647637, 5491.813454308562, 8264.603233296884, 6967.568750492052, 6268.546512773232, 7250.680590547668]
[6489.5916268078245, 7796.715766906009, 7232.981054516317, 6649.543927309562, 5898.844745240922, 6872.070947104262, 5167.602095695528, 8386.932868821317, 8369.965957773484, 4447.744961708266, 9322.375643788959, 6456.974747397052, 6727.9640535392955, 7855.9326901364675, 7856.908572921428, 5595.412427554105, 6877.500625212446, 6434.995051826647, 6737.12981189344, 3706.232233538159, 6695.180725563916, 7672.718835663627, 7747.381022507277, 6586.075161637278, 7033.435913751436, 8908.78609702916, 7452.729810528176, 5045.909828826841, 6173.000836820739, 7105.570804584449, 6800.801678768921, 7841.299007547222, 6826.439432681031, 8273.732696539548, 7502.361209707427, 5535.3007402331, 7516.521073830528, 7341.813562400379, 7488.078501439275, 7477.357640773854, 6623.97501554435, 8295.311164904526, 6240.841747123791, 7163.906840202222, 6208.792266647637, 5491.813454308562, 8264.603233296884, 6967.568750492052, 6268.546512773232, 7250.680590547668]
[6472.048289278724, 7796.530576430587, 7205.678693601037, 6649.543927309562, 5896.683292954355, 6872.070947104262, 5167.602095695528, 8386.932868821317, 8369.965957773484, 4438.022091019338, 9322.375643788959, 6456.974747397052, 6727.9640535392955, 7828.137657955255, 7856.908572921428, 5595.412427554105, 6873.608899839263, 6434.995051826647, 6737.12981189344, 3701.506244628976, 6695.180725563916, 7651.366412733945, 7747.321329374425, 6582.783702981558, 7033.435913751436, 8901.635378949526, 7452.729810528176, 5037.3362071556185, 6173.000836820739, 7105.570804584449, 6800.801678768921, 7841.299007547222, 6821.01654084945, 8273.732696539548, 7495.135014258134, 5526.031958778176, 7516.521073830528, 7336.902855613442, 7488.078501439275, 7477.357640773854, 6623.97501554435, 8295.311164904526, 6240.841747123791, 7163.906840202222, 6208.792266647637, 5491.813454308562, 8264.603233296884, 6967.568750492052, 6268.546512773232, 7241.0487674422275]
[6472.048289278724, 7796.530576430587, 7205.678693601037, 6649.543927309562, 5881.77419918198, 6872.070947104262, 5167.602095695528, 8386.932868821317, 8369.965957773484, 4428.203954874033, 9322.375643788959, 6456.974747397052, 6724.070261212498, 7828.137657955255, 7856.908572921428, 5595.412427554105, 6873.608899839263, 6434.995051826647, 6737.12981189344, 3687.2030448627797, 6695.180725563916, 7616.911252701461, 7735.243716472792, 6582.783702981558, 7033.435913751436, 8901.635378949526, 7407.778102884462, 5037.3362071556185, 6173.000836820739, 7105.570804584449, 6800.801678768921, 7833.486445664332, 6821.01654084945, 8262.855828204305, 7495.135014258134, 5526.031958778176, 7515.913093884662, 7329.589039912887, 7488.078501439275, 7467.317794751658, 6623.97501554435, 8295.311164904526, 6232.387225902653, 7163.906840202222, 6208.792266647637, 5491.685858948345, 8264.603233296884, 6967.568750492052, 6268.546512773232, 7241.0487674422275]
[6472.048289278724, 7796.530576430587, 7205.678693601037, 6638.652746918434, 5881.77419918198, 6847.14733859504, 5167.47179426831, 8384.855916071423, 8369.965957773484, 4419.977514876975, 9322.375643788959, 6456.974747397052, 6719.657834067295, 7828.137657955255, 7856.908572921428, 5575.713088232577, 6873.608899839263, 6423.25526105625, 6737.12981189344, 3687.2030448627797, 6692.940359693084, 7616.911252701461, 7735.243716472792, 6582.783702981558, 7033.435913751436, 8901.635378949526, 7407.778102884462, 5037.3362071556185, 6173.000836820739, 7096.982591246757, 6779.158110449431, 7833.486445664332, 6812.982560109878, 8262.855828204305, 7495.135014258134, 5526.031958778176, 7515.913093884662, 7329.589039912887, 7488.078501439275, 7463.833489220493, 6623.97501554435, 8295.311164904526, 6232.387225902653, 7163.906840202222, 6208.792266647637, 5491.685858948345, 8264.603233296884, 6967.568750492052, 6268.546512773232, 7241.0487674422275]
[6451.079402294716, 7796.530576430587, 7205.678693601037, 6638.652746918434, 5881.77419918198, 6847.14733859504, 5152.944311582952, 8384.855916071423, 8369.965957773484, 4419.977514876975, 9322.375643788959, 6456.974747397052, 6719.657834067295, 7815.642983947296, 7833.184646805096, 5575.713088232577, 6848.949745666147, 6421.657069441929, 6729.775442466183, 3685.669393135851, 6682.704876718542, 7616.911252701461, 7735.243716472792, 6582.783702981558, 7033.435913751436, 8901.635378949526, 7362.639280329534, 5037.3362071556185, 6173.000836820739, 7096.982591246757, 6779.158110449431, 7820.732302390851, 6787.041368844501, 8262.855828204305, 7495.135014258134, 5526.031958778176, 7515.913093884662, 7319.41058620325, 7488.078501439275, 7456.3238412897745, 6607.306368641997, 8295.311164904526, 6232.387225902653, 7163.906840202222, 6208.792266647637, 5467.568489613981, 8264.603233296884, 6964.202775274261, 6268.546512773232, 7241.0487674422275]
[6451.079402294716, 7796.530576430587, 7205.678693601037, 6638.652746918434, 5878.804230051103, 6837.253406597156, 5151.875745031078, 8384.855916071423, 8369.965957773484, 4415.643931203417, 9322.375643788959, 6456.974747397052, 6719.657834067295, 7815.642983947296, 7833.184646805096, 5575.713088232577, 6848.949745666147, 6421.657069441929, 6707.789202317521, 3685.6689920220824, 6679.279498841532, 7616.911252701461, 7735.243716472792, 6582.783702981558, 7033.435913751436, 8901.635378949526, 7362.639280329534, 5037.3362071556185, 6172.365461130508, 7094.071105245799, 6776.553629484991, 7820.732302390851, 6787.041368844501, 8262.855828204305, 7495.135014258134, 5510.439579209002, 7515.913093884662, 7319.41058620325, 7469.52861473802, 7456.3238412897745, 6607.306368641997, 8295.311164904526, 6232.387225902653, 7163.906840202222, 6208.792266647637, 5467.568489613981, 8264.603233296884, 6960.1885540875755, 6262.144191187845, 7241.0487674422275]
[6439.827748579778, 7796.530576430587, 7205.678693601037, 6638.652746918434, 5873.859614726884, 6832.730091261789, 5151.875745031078, 8365.589097526223, 8369.965957773484, 4395.921550296448, 9306.972651153672, 6456.974747397052, 6719.657834067295, 7802.768524990395, 7833.184646805096, 5561.604518017925, 6837.919443647875, 6421.657069441929, 6707.789202317521, 3652.546483834563, 6674.639025615303, 7616.911252701461, 7731.580713876137, 6582.783702981558, 7033.435913751436, 8901.635378949526, 7362.639280329534, 5037.3362071556185, 6172.365461130508, 7094.071105245799, 6776.553629484991, 7820.732302390851, 6787.041368844501, 8239.139034021317, 7495.135014258134, 5510.439579209002, 7515.913093884662, 7319.41058620325, 7469.52861473802, 7456.3238412897745, 6596.357816684111, 8295.311164904526, 6206.935467724868, 7163.906840202222, 6208.792266647637, 5467.568489613981, 8264.603233296884, 6952.107583308903, 6262.144191187845, 7241.0487674422275]
[6439.827748579778, 7796.530576430587, 7205.678693601037, 6638.652746918434, 5873.859614726884, 6817.785945259306, 5151.657505908566, 8365.589097526223, 8369.965957773484, 4392.337988315281, 9306.972651153672, 6451.432433066632, 6719.657834067295, 7778.149230954889, 7833.184646805096, 5559.575176371209, 6835.938358098577, 6421.657069441929, 6707.789202317521, 3650.4363904514503, 6674.639025615303, 7616.911252701461, 7702.364590943524, 6582.783702981558, 7033.435913751436, 8901.635378949526, 7362.639280329534, 5037.3362071556185, 6172.365461130508, 7091.568323552847, 6769.188562796798, 7820.732302390851, 6787.041368844501, 8239.139034021317, 7495.135014258134, 5510.439579209002, 7515.913093884662, 7319.41058620325, 7469.52861473802, 7456.3238412897745, 6582.838777375759, 8295.311164904526, 6206.935467724868, 7141.687204199249, 6208.792266647637, 5467.568489613981, 8264.603233296884, 6952.107583308903, 6262.144191187845, 7241.0487674422275]
[6439.827748579778, 7796.530576430587, 7198.23066727471, 6638.652746918434, 5873.859614726884, 6817.785945259306, 5148.941269503988, 8365.589097526223, 8369.965957773484, 4392.331976983794, 9306.972651153672, 6448.539592102157, 6719.657834067295, 7778.149230954889, 7833.184646805096, 5559.575176371209, 6835.938358098577, 6421.657069441929, 6707.789202317521, 3621.2399140519824, 6665.7990847767505, 7613.528055264811, 7702.364590943524, 6582.783702981558, 7033.435913751436, 8901.635378949526, 7362.639280329534, 5007.760055653964, 6172.365461130508, 7091.568323552847, 6769.188562796798, 7820.732302390851, 6787.041368844501, 8239.139034021317, 7495.135014258134, 5510.439579209002, 7515.913093884662, 7319.41058620325, 7469.52861473802, 7456.3238412897745, 6582.838777375759, 8295.311164904526, 6206.935467724868, 7127.956018540643, 6208.792266647637, 5467.568489613981, 8264.603233296884, 6952.107583308903, 6239.2067596869365, 7241.0487674422275]
[6439.827748579778, 7796.530576430587, 7198.23066727471, 6638.652746918434, 5872.078154298913, 6817.785945259306, 5148.941269503988, 8365.589097526223, 8369.965957773484, 4386.697769973752, 9306.972651153672, 6448.539592102157, 6719.657834067295, 7778.149230954889, 7833.184646805096, 5559.575176371209, 6835.938358098577, 6421.657069441929, 6707.789202317521, 3620.7253598668626, 6665.7990847767505, 7613.528055264811, 7683.765269858768, 6581.178277688574, 7026.455456432697, 8901.635378949526, 7362.639280329534, 5007.364825013212, 6157.468367501242, 7091.568323552847, 6769.188562796798, 7820.732302390851, 6787.041368844501, 8239.139034021317, 7495.135014258134, 5509.7465230141015, 7515.913093884662, 7319.41058620325, 7464.063340856718, 7456.3238412897745, 6582.838777375759, 8295.311164904526, 6206.935467724868, 7127.956018540643, 6208.792266647637, 5467.568489613981, 8264.603233296884, 6952.107583308903, 6239.2067596869365, 7241.0487674422275]
[6439.827748579778, 7796.530576430587, 7198.23066727471, 6638.652746918434, 5855.6592221455285, 6817.785945259306, 5148.941269503988, 8365.589097526223, 8369.965957773484, 4386.697769973752, 9306.972651153672, 6448.539592102157, 6719.657834067295, 7778.149230954889, 7833.184646805096, 5544.7082387526225, 6835.938358098577, 6410.16052611805, 6707.789202317521, 3620.724113353384, 6665.7990847767505, 7584.618295667283, 7673.224187170225, 6581.178277688574, 7026.455456432697, 8901.635378949526, 7349.745116537888, 5006.792812113381, 6150.806401490243, 7091.568323552847, 6769.188562796798, 7817.804913267869, 6787.041368844501, 8232.522134445802, 7495.135014258134, 5467.08493837296, 7515.913093884662, 7304.251508893887, 7463.492981902769, 7456.3238412897745, 6582.838777375759, 8295.311164904526, 6189.371125516845, 7127.956018540643, 6208.246631861012, 5467.568489613981, 8253.841554409635, 6952.107583308903, 6239.2067596869365, 7241.0487674422275]
[6439.827748579778, 7796.530576430587, 7198.23066727471, 6638.652746918434, 5846.585654303049, 6817.785945259306, 5148.941269503988, 8365.589097526223, 8369.965957773484, 4386.697769973752, 9306.972651153672, 6430.563189014584, 6719.657834067295, 7778.149230954889, 7833.184646805096, 5544.7082387526225, 6827.718823430533, 6374.18792237155, 6707.789202317521, 3617.4626337454756, 6665.7990847767505, 7584.618295667283, 7673.224187170225, 6581.178277688574, 7012.044554777608, 8901.635378949526, 7349.745116537888, 4988.800165799368, 6119.252373385911, 7091.568323552847, 6769.188562796798, 7817.804913267869, 6787.041368844501, 8210.391359355312, 7495.135014258134, 5467.08493837296, 7480.444902942696, 7304.251508893887, 7463.492981902769, 7450.424578298385, 6560.675759524842, 8257.813774147371, 6178.409569635949, 7127.956018540643, 6208.246631861012, 5463.92265393461, 8253.841554409635, 6952.107583308903, 6239.2067596869365, 7241.0487674422275]
[6439.827748579778, 7796.530576430587, 7198.23066727471, 6626.530118740362, 5813.876553465317, 6817.785945259306, 5135.189180852777, 8365.589097526223, 8369.965957773484, 4383.716469665153, 9306.972651153672, 6430.563189014584, 6719.657834067295, 7778.149230954889, 7833.184646805096, 5544.337291652996, 6823.509584077173, 6335.151517372892, 6707.789202317521, 3607.760564102534, 6658.111849417032, 7580.428969262716, 7673.224187170225, 6581.178277688574, 7012.044554777608, 8901.635378949526, 7349.745116537888, 4987.616559889391, 6111.213103585815, 7091.568323552847, 6733.730105383862, 7817.804913267869, 6759.71023131288, 8210.391359355312, 7481.128237420203, 5458.733320536594, 7480.444902942696, 7304.251508893887, 7463.492981902769, 7450.424578298385, 6560.675759524842, 8257.813774147371, 6178.409569635949, 7127.956018540643, 6159.366295635269, 5458.567014961618, 8253.841554409635, 6950.9407242830985, 6239.2067596869365, 7229.956057449561]
[6439.827748579778, 7796.530576430587, 7198.23066727471, 6626.530118740362, 5813.876553465317, 6817.785945259306, 5097.3805967719845, 8347.819382340149, 8369.965957773484, 4373.706034872367, 9306.972651153672, 6430.563189014584, 6719.657834067295, 7764.121513511294, 7833.184646805096, 5539.1955781945435, 6823.509584077173, 6322.458856305693, 6706.901568041425, 3603.6170612960386, 6658.111849417032, 7580.428969262716, 7645.696379176009, 6576.488392385456, 6989.99434092171, 8901.635378949526, 7349.745116537888, 4987.616559889391, 6111.213103585815, 7090.006932948297, 6733.730105383862, 7806.252323586957, 6759.71023131288, 8210.391359355312, 7473.692383196447, 5458.733320536594, 7435.839975131898, 7304.251508893887, 7459.885893904027, 7445.587226978813, 6560.675759524842, 8257.813774147371, 6172.559250600456, 7127.956018540643, 6159.366295635269, 5457.499302718493, 8253.841554409635, 6950.9407242830985, 6239.2067596869365, 7216.425484884618]
[6439.827748579778, 7796.530576430587, 7198.23066727471, 6626.530118740362, 5812.92676705886, 6817.785945259306, 5072.701507503477, 8347.819382340149, 8369.965957773484, 4367.732768657509, 9306.972651153672, 6399.679061548115, 6719.1187565836935, 7746.91188385571, 7833.184646805096, 5536.49183632301, 6813.187526554832, 6322.458856305693, 6706.901568041425, 3593.174857381903, 6656.4437629912445, 7580.428969262716, 7645.696379176009, 6576.488392385456, 6989.99434092171, 8901.635378949526, 7349.745116537888, 4986.105934217336, 6111.213103585815, 7090.006932948297, 6733.730105383862, 7789.675913242807, 6759.71023131288, 8210.391359355312, 7473.692383196447, 5458.733320536594, 7435.839975131898, 7304.251508893887, 7459.885893904027, 7445.587226978813, 6560.675759524842, 8257.813774147371, 6172.559250600456, 7127.956018540643, 6159.366295635269, 5453.691250101861, 8253.841554409635, 6915.0843210809735, 6239.2067596869365, 7216.425484884618]
[6430.021243555736, 7796.530576430587, 7198.23066727471, 6626.530118740362, 5812.92676705886, 6817.785945259306, 5072.319196199959, 8347.819382340149, 8369.965957773484, 4367.732768657509, 9306.972651153672, 6396.6638962048655, 6719.1187565836935, 7728.705540281842, 7833.184646805096, 5536.49183632301, 6813.187526554832, 6322.458856305693, 6706.901568041425, 3591.833035348382, 6643.30781689994, 7577.298990689045, 7645.696379176009, 6576.488392385456, 6989.99434092171, 8901.635378949526, 7349.745116537888, 4985.651670097965, 6111.213103585815, 7087.524951127432, 6733.730105383862, 7789.675913242807, 6759.71023131288, 8210.391359355312, 7473.692383196447, 5458.733320536594, 7435.839975131898, 7294.577190227137, 7459.885893904027, 7433.554235749817, 6560.675759524842, 8252.16025914059, 6172.559250600456, 7114.638912511917, 6107.651775204897, 5453.691250101861, 8253.841554409635, 6907.945568800368, 6237.184706082504, 7216.425484884618]
[6424.063076051918, 7796.530576430587, 7179.723214029116, 6626.530118740362, 5812.92676705886, 6817.785945259306, 5072.319196199959, 8347.819382340149, 8369.965957773484, 4367.732768657509, 9251.680460015183, 6396.6638962048655, 6688.834455266397, 7728.705540281842, 7818.685554889339, 5532.209963840245, 6813.187526554832, 6319.091653568345, 6697.138940597467, 3575.435659592257, 6643.30781689994, 7577.298990689045, 7641.535121217171, 6573.823800192322, 6989.99434092171, 8901.635378949526, 7331.342447887943, 4985.651670097965, 6085.133327293057, 7087.524951127432, 6733.730105383862, 7775.510569359734, 6757.113549478943, 8210.391359355312, 7473.692383196447, 5458.733320536594, 7435.839975131898, 7294.577190227137, 7459.885893904027, 7433.554235749817, 6560.675759524842, 8252.16025914059, 6172.559250600456, 7114.638912511917, 6107.651775204897, 5427.71077801669, 8228.05155912225, 6900.996457712953, 6237.184706082504, 7216.425484884618]
[6424.063076051918, 7796.530576430587, 7179.723214029116, 6626.530118740362, 5812.92676705886, 6813.690334835708, 5072.319196199959, 8347.819382340149, 8369.965957773484, 4362.608873261264, 9251.680460015183, 6396.6638962048655, 6685.685416722331, 7728.705540281842, 7818.685554889339, 5531.547237730267, 6813.187526554832, 6319.091653568345, 6697.138940597467, 3575.2159517365494, 6643.30781689994, 7577.298990689045, 7641.535121217171, 6573.823800192322, 6989.99434092171, 8901.635378949526, 7328.564784092703, 4985.403961008268, 6085.133327293057, 7087.524951127432, 6733.730105383862, 7775.510569359734, 6757.113549478943, 8210.391359355312, 7472.094805543177, 5458.069685794924, 7435.839975131898, 7294.577190227137, 7459.885893904027, 7433.554235749817, 6560.675759524842, 8252.16025914059, 6162.899573507485, 7114.638912511917, 6107.651775204897, 5427.096233512813, 8228.05155912225, 6900.996457712953, 6237.184706082504, 7216.425484884618]
[6424.063076051918, 7796.530576430587, 7179.723214029116, 6626.530118740362, 5812.92676705886, 6813.690334835708, 5066.076158214566, 8347.819382340149, 8369.965957773484, 4362.608873261264, 9251.680460015183, 6396.6638962048655, 6684.108912773625, 7728.705540281842, 7818.685554889339, 5525.7044999472955, 6813.187526554832, 6319.091653568345, 6697.138940597467, 3549.745781391264, 6643.30781689994, 7577.298990689045, 7641.535121217171, 6560.23586567223, 6972.516596302035, 8901.635378949526, 7328.564784092703, 4978.867748663926, 6085.133327293057, 7059.547147524603, 6733.730105383862, 7757.086226171252, 6753.518903290344, 8210.391359355312, 7472.094805543177, 5453.0539458201965, 7435.839975131898, 7283.071442023317, 7446.992398878036, 7433.554235749817, 6560.675759524842, 8252.16025914059, 6162.899573507485, 7114.638912511917, 6062.96877368391, 5426.528759863822, 8228.05155912225, 6871.148449626747, 6237.184706082504, 7199.981337563733]
[6423.421044778263, 7784.828721925534, 7179.723214029116, 6601.6061917280995, 5812.92676705886, 6813.690334835708, 5064.429483024798, 8347.819382340149, 8344.90415124965, 4357.3805055003195, 9251.680460015183, 6396.6638962048655, 6683.094426346531, 7704.319589495237, 7792.381565412014, 5523.531291947953, 6799.47683513401, 6308.099059154814, 6697.138940597467, 3540.067126658095, 6635.921559107694, 7577.298990689045, 7641.535121217171, 6560.23586567223, 6972.516596302035, 8901.635378949526, 7328.564784092703, 4978.443325773629, 6085.133327293057, 7059.547147524603, 6704.839381736119, 7757.086226171252, 6750.302888545903, 8210.391359355312, 7466.139866637794, 5452.925145665513, 7435.266646558965, 7278.980206483308, 7446.992398878036, 7433.554235749817, 6555.4000126137325, 8252.16025914059, 6162.899573507485, 7114.638912511917, 6062.96877368391, 5426.528759863822, 8228.05155912225, 6871.148449626747, 6237.184706082504, 7199.981337563733]
[6423.421044778263, 7784.828721925534, 7179.723214029116, 6601.6061917280995, 5812.92676705886, 6813.690334835708, 5064.429483024798, 8347.819382340149, 8344.90415124965, 4356.722580937066, 9251.680460015183, 6396.6638962048655, 6683.094426346531, 7704.319589495237, 7782.269990997241, 5523.531291947953, 6799.47683513401, 6305.521120059892, 6672.660099097225, 3523.060158861334, 6635.921559107694, 7564.800269185665, 7641.535121217171, 6560.23586567223, 6972.516596302035, 8901.635378949526, 7328.564784092703, 4956.648554477179, 6076.40871382012, 7059.547147524603, 6704.839381736119, 7757.086226171252, 6750.302888545903, 8210.391359355312, 7466.139866637794, 5452.925145665513, 7435.266646558965, 7278.980206483308, 7434.15049537985, 7433.554235749817, 6555.4000126137325, 8252.16025914059, 6137.172416326483, 7114.638912511917, 6062.96877368391, 5400.648383110163, 8228.05155912225, 6868.781268552577, 6237.184706082504, 7199.981337563733]
[6423.421044778263, 7784.828721925534, 7179.723214029116, 6598.26705155152, 5812.92676705886, 6813.690334835708, 5064.429483024798, 8347.819382340149, 8344.90415124965, 4333.886309783871, 9251.680460015183, 6394.758373231451, 6683.094426346531, 7704.319589495237, 7757.644718012324, 5502.3643441224385, 6769.510616933652, 6291.389019896057, 6671.731489053343, 3522.562863966338, 6627.745561050248, 7564.800269185665, 7641.535121217171, 6549.37357272522, 6972.516596302035, 8901.635378949526, 7328.564784092703, 4956.648554477179, 6053.196299691674, 7059.547147524603, 6696.485068210473, 7757.086226171252, 6750.302888545903, 8210.391359355312, 7466.139866637794, 5452.151566639203, 7435.266646558965, 7271.935674427984, 7434.15049537985, 7433.554235749817, 6555.4000126137325, 8252.16025914059, 6121.546059413833, 7114.638912511917, 6062.96877368391, 5400.648383110163, 8221.04307860116, 6868.781268552577, 6228.184683011807, 7199.981337563733]
[6422.957075447707, 7784.828721925534, 7169.944808747346, 6590.804353100871, 5797.676973577062, 6813.690334835708, 5038.135581665108, 8347.819382340149, 8340.624274623839, 4326.805015777622, 9250.741954294517, 6394.758373231451, 6677.257757171328, 7704.319589495237, 7757.644718012324, 5497.920296346232, 6769.510616933652, 6249.033470270513, 6659.375468639644, 3522.458505405285, 6627.745561050248, 7564.800269185665, 7641.535121217171, 6549.37357272522, 6969.509143074174, 8901.635378949526, 7328.564784092703, 4917.348044125959, 6053.196299691674, 6983.5410575751885, 6696.485068210473, 7757.086226171252, 6732.220811104193, 8190.044747439099, 7466.139866637794, 5452.151566639203, 7435.266646558965, 7271.935674427984, 7430.028198053149, 7433.554235749817, 6555.4000126137325, 8252.16025914059, 6121.546059413833, 7114.638912511917, 6062.96877368391, 5387.0223748005765, 8191.544459572098, 6868.781268552577, 6220.535690109007, 7199.981337563733]
[6422.957075447707, 7784.828721925534, 7169.944808747346, 6590.804353100871, 5797.676973577062, 6813.176776526209, 5033.725158487937, 8347.819382340149, 8340.624274623839, 4326.805015777622, 9235.496504569703, 6394.758373231451, 6677.257757171328, 7704.319589495237, 7757.644718012324, 5497.113580087569, 6768.825811671112, 6249.033470270513, 6659.375468639644, 3513.180203300892, 6627.745561050248, 7564.800269185665, 7622.717512559403, 6549.37357272522, 6969.509143074174, 8901.635378949526, 7328.564784092703, 4917.348044125959, 6053.196299691674, 6935.3100775115545, 6696.485068210473, 7757.086226171252, 6732.220811104193, 8190.044747439099, 7466.139866637794, 5434.932655815121, 7435.266646558965, 7271.935674427984, 7430.028198053149, 7427.917971542789, 6554.945986979925, 8250.163539379599, 6121.546059413833, 7114.638912511917, 6043.7734120298555, 5387.0223748005765, 8191.544459572098, 6862.518577627541, 6215.7154227890005, 7199.981337563733]
[6422.957075447707, 7784.828721925534, 7169.944808747346, 6590.804353100871, 5771.923583032891, 6813.176776526209, 4990.503288489499, 8347.819382340149, 8340.624274623839, 4326.805015777622, 9235.496504569703, 6394.758373231451, 6677.257757171328, 7704.319589495237, 7757.644718012324, 5497.113580087569, 6768.825811671112, 6249.033470270513, 6659.375468639644, 3509.1386872371268, 6616.682722395963, 7564.800269185665, 7622.717512559403, 6549.37357272522, 6966.790644464219, 8901.635378949526, 7323.736286708483, 4917.348044125959, 6053.196299691674, 6917.216642451664, 6696.485068210473, 7757.086226171252, 6732.220811104193, 8190.044747439099, 7454.8601334632185, 5434.932655815121, 7435.266646558965, 7271.935674427984, 7430.028198053149, 7427.272598032006, 6554.945986979925, 8250.163539379599, 6121.546059413833, 7114.638912511917, 6043.7734120298555, 5387.0223748005765, 8187.9534307014965, 6862.518577627541, 6215.7154227890005, 7199.981337563733]
[6412.573553541777, 7784.828721925534, 7169.944808747346, 6590.804353100871, 5771.923583032891, 6813.176776526209, 4990.503288489499, 8338.239760394943, 8340.624274623839, 4326.805015777622, 9235.496504569703, 6377.6714294495105, 6676.458729051582, 7704.319589495237, 7757.644718012324, 5497.113580087569, 6768.29306245416, 6249.033470270513, 6654.452191832008, 3506.758153217568, 6598.596688089431, 7564.800269185665, 7589.0988892534315, 6549.37357272522, 6961.724119487071, 8901.635378949526, 7323.736286708483, 4913.768376881346, 6053.196299691674, 6914.4737017767275, 6687.734884490672, 7757.086226171252, 6697.2935378382435, 8190.044747439099, 7454.8601334632185, 5434.932655815121, 7435.266646558965, 7271.935674427984, 7430.028198053149, 7427.272598032006, 6554.945986979925, 8250.163539379599, 6121.546059413833, 7114.638912511917, 6043.7734120298555, 5386.04769687552, 8187.9534307014965, 6836.757716832273, 6215.7154227890005, 7173.980525506349]
[6386.035462218388, 7747.22034253993, 7169.944808747346, 6590.804353100871, 5771.923583032891, 6813.176776526209, 4990.503288489499, 8338.239760394943, 8340.624274623839, 4326.719445803851, 9235.496504569703, 6377.6714294495105, 6676.458729051582, 7704.319589495237, 7745.022948639885, 5487.969692148088, 6768.29306245416, 6249.033470270513, 6654.452191832008, 3471.573143242068, 6563.133800481017, 7564.800269185665, 7559.438335245528, 6549.12568270944, 6961.724119487071, 8901.635378949526, 7306.225926230463, 4848.620030424029, 6039.835507586129, 6914.4737017767275, 6684.880070080729, 7751.74363113202, 6691.320510494288, 8182.406808394709, 7422.792588650972, 5419.45189339897, 7435.266646558965, 7271.935674427984, 7412.866154739099, 7405.667664099719, 6554.945986979925, 8250.163539379599, 6121.546059413833, 7114.638912511917, 6043.7734120298555, 5381.50277301204, 8187.9534307014965, 6836.757716832273, 6180.804444349016, 7173.980525506349]
[6386.035462218388, 7747.22034253993, 7149.239273671946, 6588.464282166897, 5765.806464672498, 6785.8853559502095, 4987.751834285262, 8338.239760394943, 8340.624274623839, 4315.753829963486, 9195.799965635397, 6331.207381462498, 6676.458729051582, 7704.319589495237, 7745.022948639885, 5471.35551899713, 6768.29306245416, 6240.9627549672205, 6654.452191832008, 3452.813021437202, 6512.244706831391, 7564.800269185665, 7559.438335245528, 6524.030134204119, 6961.724119487071, 8901.635378949526, 7306.225926230463, 4848.620030424029, 6036.0669471861875, 6911.723398850748, 6684.75498638141, 7751.121643525717, 6691.320510494288, 8182.406808394709, 7422.792588650972, 5419.45189339897, 7395.756435789817, 7271.3604605217, 7406.846011599048, 7402.763561718069, 6502.310226994292, 8250.163539379599, 6121.546059413833, 7114.638912511917, 6043.7734120298555, 5381.50277301204, 8187.9534307014965, 6836.757716832273, 6180.804444349016, 7173.980525506349]
[6386.035462218388, 7747.22034253993, 7149.239273671946, 6588.464282166897, 5756.355125835481, 6785.8853559502095, 4987.751834285262, 8338.239760394943, 8340.624274623839, 4308.845356245633, 9195.799965635397, 6299.071983895279, 6676.458729051582, 7704.319589495237, 7745.022948639885, 5471.35551899713, 6759.66825262785, 6235.504449195065, 6654.452191832008, 3448.963456483264, 6512.244706831391, 7564.800269185665, 7559.438335245528, 6511.964287838166, 6961.724119487071, 8901.635378949526, 7306.225926230463, 4844.066621531018, 6034.438300770207, 6910.066895495713, 6684.717923560211, 7751.121643525717, 6691.320510494288, 8182.406808394709, 7422.792588650972, 5419.45189339897, 7395.756435789817, 7266.897805536062, 7406.846011599048, 7402.763561718069, 6502.310226994292, 8250.163539379599, 6121.546059413833, 7109.071412812179, 6030.366714503155, 5381.50277301204, 8187.9534307014965, 6836.757716832273, 6166.577961368849, 7172.056436193571]
[6373.078966795231, 7747.22034253993, 7149.239273671946, 6588.464282166897, 5756.355125835481, 6782.312614826641, 4987.634247850592, 8337.089945189487, 8340.624274623839, 4308.845356245633, 9195.799965635397, 6238.765769540158, 6676.458729051582, 7704.319589495237, 7734.853389834419, 5471.35551899713, 6759.66825262785, 6235.504449195065, 6654.452191832008, 3448.9630643736846, 6492.902713088196, 7564.800269185665, 7520.849952494701, 6511.964287838166, 6961.724119487071, 8901.635378949526, 7285.768175688116, 4843.775593751185, 6007.897410316179, 6910.066895495713, 6684.717923560211, 7751.121643525717, 6691.320510494288, 8182.406808394709, 7418.012872022229, 5419.45189339897, 7395.756435789817, 7263.444121910555, 7399.158695132777, 7402.763561718069, 6493.838120428312, 8250.163539379599, 6121.546059413833, 7109.071412812179, 6030.366714503155, 5360.858407617224, 8168.367440757723, 6823.703824549382, 6162.00553777988, 7172.056436193571]
[6373.078966795231, 7747.22034253993, 7149.239273671946, 6585.600346581015, 5748.787139259419, 6782.312614826641, 4987.025738200417, 8337.089945189487, 8340.624274623839, 4301.290246778732, 9195.799965635397, 6238.765769540158, 6674.05205686623, 7704.319589495237, 7717.686156420263, 5433.80276478992, 6759.66825262785, 6211.414379709759, 6640.851177038164, 3441.892660255061, 6492.902713088196, 7564.800269185665, 7514.890469686662, 6511.964287838166, 6961.724119487071, 8901.635378949526, 7285.768175688116, 4843.775593751185, 6007.897410316179, 6910.066895495713, 6684.717923560211, 7750.562128975129, 6636.9095566523665, 8182.406808394709, 7418.012872022229, 5414.415592854164, 7395.756435789817, 7246.474717759689, 7399.158695132777, 7402.763561718069, 6493.838120428312, 8250.163539379599, 6121.546059413833, 7094.047327348695, 6006.9688612894215, 5351.94439828708, 8168.367440757723, 6786.382275469706, 6162.00553777988, 7172.056436193571]
[6366.30011217172, 7747.22034253993, 7149.239273671946, 6585.600346581015, 5748.071200702841, 6779.035368072713, 4987.025738200417, 8337.089945189487, 8279.7034047243, 4287.0639402269035, 9195.799965635397, 6234.74209919195, 6674.05205686623, 7686.608690988544, 7717.686156420263, 5433.80276478992, 6759.66825262785, 6211.414379709759, 6638.799725629151, 3423.3008561847355, 6450.258374714571, 7564.800269185665, 7514.890469686662, 6509.215323499953, 6957.018882656671, 8901.635378949526, 7285.768175688116, 4843.775593751185, 6005.233887170922, 6895.817080008863, 6682.496921654233, 7742.342773174346, 6636.9095566523665, 8157.526472600021, 7347.409283939017, 5414.415592854164, 7395.756435789817, 7246.474717759689, 7399.158695132777, 7387.966491591649, 6493.838120428312, 8250.163539379599, 6121.127642251109, 7094.047327348695, 6006.9688612894215, 5331.8617160587255, 8168.367440757723, 6786.382275469706, 6162.00553777988, 7172.056436193571]
[6348.898888334959, 7747.22034253993, 7137.556079051623, 6584.697656158516, 5740.791471798674, 6779.035368072713, 4986.304695777311, 8337.089945189487, 8279.7034047243, 4283.5084072859545, 9195.799965635397, 6234.74209919195, 6674.05205686623, 7686.608690988544, 7709.627536905946, 5433.80276478992, 6759.66825262785, 6186.18665884841, 6638.799725629151, 3423.3008202156934, 6430.649807987848, 7564.800269185665, 7514.890469686662, 6491.241158288916, 6957.018882656671, 8901.635378949526, 7285.768175688116, 4843.495976228407, 6005.233887170922, 6895.817080008863, 6682.496921654233, 7742.342773174346, 6636.9095566523665, 8157.526472600021, 7347.409283939017, 5411.214391479538, 7395.756435789817, 7246.474717759689, 7399.158695132777, 7387.966491591649, 6493.838120428312, 8250.163539379599, 6121.127642251109, 7094.047327348695, 6006.9688612894215, 5331.8617160587255, 8148.206548460126, 6786.382275469706, 6162.00553777988, 7172.056436193571]
[6348.898888334959, 7737.467690340202, 7137.556079051623, 6584.697656158516, 5740.351320933504, 6779.035368072713, 4982.896509945104, 8337.089945189487, 8258.363686337116, 4271.891284648195, 9195.799965635397, 6234.74209919195, 6674.05205686623, 7686.608690988544, 7709.627536905946, 5408.326145755609, 6759.66825262785, 6186.18665884841, 6638.799725629151, 3423.3006491558967, 6430.594177987545, 7564.800269185665, 7510.158282126291, 6491.241158288916, 6957.018882656671, 8901.635378949526, 7277.968085531786, 4832.705782004885, 6000.689103117667, 6890.5549373450895, 6678.261507767755, 7742.342773174346, 6636.9095566523665, 8128.024812451008, 7347.409283939017, 5410.606295658269, 7395.756435789817, 7241.658309504179, 7399.158695132777, 7387.966491591649, 6451.277500710519, 8250.163539379599, 6099.071129950209, 7093.72385815718, 6006.9688612894215, 5328.333022534933, 8148.206548460126, 6786.382275469706, 6144.443122257184, 7172.056436193571]
[6348.898888334959, 7737.467690340202, 7137.556079051623, 6581.94779464993, 5730.074259500123, 6779.035368072713, 4982.896509945104, 8337.089945189487, 8258.363686337116, 4256.5979794642435, 9195.799965635397, 6234.74209919195, 6674.05205686623, 7686.608690988544, 7709.627536905946, 5408.326145755609, 6759.66825262785, 6186.18665884841, 6638.799725629151, 3422.279547380759, 6430.594177987545, 7564.800269185665, 7510.158282126291, 6491.241158288916, 6957.018882656671, 8901.635378949526, 7277.968085531786, 4831.698707257767, 5998.935229335629, 6888.137344955636, 6670.360097800207, 7742.342773174346, 6634.512623290588, 8128.024812451008, 7347.409283939017, 5410.606295658269, 7395.756435789817, 7241.658309504179, 7399.158695132777, 7387.966491591649, 6451.277500710519, 8250.163539379599, 6099.071129950209, 7093.72385815718, 6006.9688612894215, 5317.653247056097, 8148.206548460126, 6786.382275469706, 6144.443122257184, 7172.056436193571]
[6348.898888334959, 7737.467690340202, 7137.556079051623, 6581.94779464993, 5730.074259500123, 6779.035368072713, 4962.347068537261, 8337.089945189487, 8255.497522960944, 4256.5979794642435, 9195.799965635397, 6234.74209919195, 6674.05205686623, 7686.608690988544, 7709.627536905946, 5408.326145755609, 6759.66825262785, 6164.559312966974, 6638.799725629151, 3418.5476652058032, 6426.125697497066, 7561.3237309479055, 7510.158282126291, 6491.241158288916, 6957.018882656671, 8901.635378949526, 7254.68078612799, 4824.781507353656, 5994.923393610052, 6888.137344955636, 6670.360097800207, 7742.342773174346, 6634.512623290588, 8095.233139983973, 7326.001646307598, 5396.900637532634, 7393.538020890681, 7239.930976930227, 7373.961770062195, 7352.371243334758, 6451.277500710519, 8250.163539379599, 6099.071129950209, 7090.70665493956, 6006.9688612894215, 5312.7882131860915, 8148.206548460126, 6786.382275469706, 6144.443122257184, 7130.102338960709]
[6344.5681389004385, 7737.467690340202, 7137.556079051623, 6581.94779464993, 5730.074259500123, 6779.035368072713, 4962.347068537261, 8337.089945189487, 8255.497522960944, 4256.5979794642435, 9177.506435580128, 6234.74209919195, 6674.05205686623, 7686.608690988544, 7709.627536905946, 5394.112853853404, 6759.66825262785, 6164.559312966974, 6638.799725629151, 3404.8198792857875, 6424.646678307673, 7561.3237309479055, 7510.158282126291, 6478.878076478139, 6946.213578539918, 8875.228334890558, 7254.68078612799, 4806.995436654919, 5963.931023061863, 6868.741481453488, 6670.360097800207, 7742.342773174346, 6634.420840036585, 8095.233139983973, 7326.001646307598, 5396.900637532634, 7393.538020890681, 7239.930976930227, 7373.961770062195, 7352.371243334758, 6451.277500710519, 8250.163539379599, 6099.071129950209, 7090.70665493956, 6006.9688612894215, 5307.244084249849, 8148.206548460126, 6786.382275469706, 6144.443122257184, 7130.102338960709]
[6344.5681389004385, 7734.052709002691, 7127.379371335072, 6581.94779464993, 5730.074259500123, 6779.035368072713, 4962.347068537261, 8337.089945189487, 8255.497522960944, 4249.0187615090845, 9177.506435580128, 6234.74209919195, 6674.05205686623, 7686.608690988544, 7709.627536905946, 5394.112853853404, 6759.66825262785, 6164.559312966974, 6638.799725629151, 3404.721603389286, 6422.333010933005, 7549.976639343855, 7510.158282126291, 6478.878076478139, 6946.213578539918, 8875.228334890558, 7227.581551560451, 4806.3072881279095, 5963.931023061863, 6868.741481453488, 6607.022014378896, 7741.578781890028, 6634.420840036585, 8087.535937142302, 7326.001646307598, 5396.900637532634, 7393.538020890681, 7239.930976930227, 7373.961770062195, 7352.371243334758, 6451.277500710519, 8246.18598245324, 6099.071129950209, 7090.70665493956, 5999.0166155914485, 5296.3119000980705, 8148.206548460126, 6786.382275469706, 6144.443122257184, 7114.019132507645]
[6340.787093202557, 7734.052709002691, 7127.379371335072, 6571.1003363667405, 5705.713685823476, 6779.035368072713, 4962.347068537261, 8337.089945189487, 8255.497522960944, 4248.981027127421, 9177.506435580128, 6194.47452916452, 6674.05205686623, 7686.608690988544, 7693.045238800752, 5394.112853853404, 6758.255058866052, 6161.1212952785945, 6610.318752514662, 3404.652133176119, 6422.333010933005, 7549.976639343855, 7510.158282126291, 6478.878076478139, 6946.213578539918, 8863.9354945648, 7227.581551560451, 4806.3072881279095, 5963.931023061863, 6868.741481453488, 6607.022014378896, 7741.578781890028, 6628.89770944014, 8085.381995140122, 7326.001646307598, 5362.840345895261, 7393.538020890681, 7239.930976930227, 7373.961770062195, 7352.371243334758, 6451.277500710519, 8246.18598245324, 6099.071129950209, 7090.70665493956, 5996.330837687228, 5291.135070982799, 8148.206548460126, 6748.6557827595825, 6140.788419718371, 7114.019132507645]
[6340.787093202557, 7686.07843978785, 7127.379371335072, 6559.762774144413, 5705.713685823476, 6756.313269950752, 4953.117117595348, 8337.089945189487, 8255.497522960944, 4201.75613673507, 9177.506435580128, 6194.47452916452, 6674.05205686623, 7686.608690988544, 7693.045238800752, 5394.112853853404, 6744.711425366419, 6161.1212952785945, 6610.318752514662, 3404.642866996013, 6422.333010933005, 7549.976639343855, 7510.158282126291, 6445.243811904942, 6946.213578539918, 8863.9354945648, 7227.581551560451, 4801.7753701527745, 5963.931023061863, 6854.833664764829, 6607.022014378896, 7741.578781890028, 6628.89770944014, 8085.381995140122, 7291.470257304367, 5350.421563398985, 7393.538020890681, 7221.953190365939, 7373.961770062195, 7352.371243334758, 6451.277500710519, 8246.18598245324, 6099.071129950209, 7088.261542127353, 5976.591521059438, 5291.135070982799, 8129.947865616315, 6748.6557827595825, 6133.740611375297, 7114.019132507645]
[6340.787093202557, 7686.07843978785, 7127.379371335072, 6554.694070708589, 5704.057878244249, 6756.313269950752, 4951.6563307265515, 8334.458937080259, 8255.497522960944, 4200.807804817328, 9177.506435580128, 6194.47452916452, 6672.458916467864, 7686.608690988544, 7692.806020549819, 5374.991655437583, 6744.711425366419, 6161.1212952785945, 6610.318752514662, 3404.2266208182823, 6422.333010933005, 7549.976639343855, 7509.307856158904, 6445.243811904942, 6946.213578539918, 8863.9354945648, 7208.307366843871, 4790.417636057919, 5942.017591676167, 6854.833664764829, 6607.022014378896, 7741.578781890028, 6610.880732460049, 8085.381995140122, 7286.284383890064, 5350.421563398985, 7393.538020890681, 7221.953190365939, 7373.961770062195, 7352.371243334758, 6429.294510769945, 8246.18598245324, 6089.181476572228, 7088.261542127353, 5976.591521059438, 5290.601992313309, 8104.109968375073, 6748.6557827595825, 6133.740611375297, 7114.019132507645]
[6340.787093202557, 7686.07843978785, 7127.379371335072, 6527.524560579847, 5682.896996124278, 6756.313269950752, 4948.4905372094245, 8334.458937080259, 8255.497522960944, 4200.807804817328, 9177.506435580128, 6194.47452916452, 6672.458916467864, 7682.580354031874, 7692.441161107703, 5374.991655437583, 6744.711425366419, 6147.109547646006, 6601.707979902678, 3402.6634867754883, 6422.333010933005, 7549.976639343855, 7509.307856158904, 6434.176334821886, 6946.213578539918, 8863.9354945648, 7208.307366843871, 4767.953927546083, 5942.017591676167, 6854.833664764829, 6603.914690642758, 7741.578781890028, 6610.880732460049, 8085.381995140122, 7286.284383890064, 5330.9571511786, 7393.538020890681, 7221.953190365939, 7373.317927615028, 7352.371243334758, 6429.294510769945, 8243.7500944083, 6089.181476572228, 7088.261542127353, 5969.9341861262565, 5276.611435922889, 8104.109968375073, 6748.6557827595825, 6119.862244261238, 7114.019132507645]
[6340.787093202557, 7686.07843978785, 7127.379371335072, 6517.2124775322145, 5652.800783346003, 6756.313269950752, 4948.4905372094245, 8323.667632522567, 8240.683194967321, 4191.023961386633, 9177.506435580128, 6194.47452916452, 6657.6407967756195, 7682.580354031874, 7692.441161107703, 5374.991655437583, 6744.711425366419, 6147.109547646006, 6601.707979902678, 3402.663478783214, 6422.333010933005, 7549.976639343855, 7509.307856158904, 6397.973065586135, 6929.27071163838, 8863.9354945648, 7204.567030706804, 4731.2300014228085, 5942.017591676167, 6854.833664764829, 6603.914690642758, 7741.578781890028, 6586.91784076641, 8085.381995140122, 7286.284383890064, 5330.9571511786, 7393.538020890681, 7221.953190365939, 7373.317927615028, 7352.371243334758, 6429.294510769945, 8238.027064093445, 6059.469891387855, 7088.136326980297, 5969.9341861262565, 5247.377696407675, 8074.910898213474, 6748.6557827595825, 6119.862244261238, 7099.168403042006]
[6340.787093202557, 7686.07843978785, 7120.826749215368, 6517.2124775322145, 5628.804236952653, 6749.75273358336, 4948.4905372094245, 8314.728524503756, 8240.683194967321, 4180.810705988212, 9161.84567644913, 6194.47452916452, 6657.6407967756195, 7681.529026334101, 7692.441161107703, 5356.440340017249, 6744.711425366419, 6147.109547646006, 6590.096427811528, 3402.1437832442934, 6422.333010933005, 7549.976639343855, 7509.307856158904, 6392.100873411628, 6929.27071163838, 8863.9354945648, 7204.567030706804, 4727.719392981325, 5942.017591676167, 6854.833664764829, 6603.914690642758, 7740.080933234864, 6583.944139891898, 8085.381995140122, 7286.284383890064, 5311.226479594688, 7393.538020890681, 7221.953190365939, 7373.317927615028, 7352.371243334758, 6421.208471359308, 8238.027064093445, 6059.469891387855, 7088.136326980297, 5969.9341861262565, 5247.377696407675, 8074.910898213474, 6748.6557827595825, 6119.862244261238, 7099.168403042006]
[6340.787093202557, 7686.07843978785, 7120.826749215368, 6514.552160594742, 5628.804236952653, 6744.286710666855, 4941.087467149982, 8314.728524503756, 8218.610013095704, 4177.731309225369, 9161.84567644913, 6194.47452916452, 6657.6407967756195, 7681.529026334101, 7692.441161107703, 5355.5317613403395, 6744.711425366419, 6147.109547646006, 6590.096427811528, 3400.612251645699, 6416.292099894276, 7549.976639343855, 7476.239684079531, 6392.100873411628, 6929.27071163838, 8863.9354945648, 7204.567030706804, 4725.460548802805, 5942.017591676167, 6854.833664764829, 6603.914690642758, 7740.080933234864, 6583.944139891898, 8085.381995140122, 7286.284383890064, 5311.226479594688, 7393.538020890681, 7194.987048732092, 7373.317927615028, 7340.765763349123, 6421.208471359308, 8238.027064093445, 6059.469891387855, 7064.649693127237, 5969.9341861262565, 5245.090047515398, 8049.265784331976, 6748.6557827595825, 6119.862244261238, 7099.168403042006]
[6340.787093202557, 7686.07843978785, 7102.534416851098, 6499.031761883382, 5628.804236952653, 6744.286710666855, 4934.565520693295, 8314.728524503756, 8218.610013095704, 4170.967419288456, 9161.84567644913, 6194.47452916452, 6649.657918140823, 7681.529026334101, 7692.441161107703, 5355.5317613403395, 6742.60456015479, 6147.109547646006, 6590.096427811528, 3384.673035255784, 6416.292099894276, 7549.153156373582, 7476.239684079531, 6387.470660478793, 6929.27071163838, 8863.9354945648, 7201.884057774162, 4725.460548802805, 5942.017591676167, 6854.833664764829, 6588.706008033905, 7738.173270185283, 6583.944139891898, 8085.381995140122, 7286.284383890064, 5302.8757756031755, 7393.538020890681, 7194.987048732092, 7372.033789386676, 7340.765763349123, 6421.208471359308, 8238.027064093445, 6059.469891387855, 7052.679993802516, 5969.9341861262565, 5243.4504093887645, 8049.265784331976, 6725.165119905507, 6107.080597956391, 7099.168403042006]
[6340.787093202557, 7641.474992010789, 7102.534416851098, 6484.808203237344, 5628.804236952653, 6738.161471260042, 4930.970687817928, 8314.728524503756, 8218.610013095704, 4156.098542677808, 9161.84567644913, 6188.467577172383, 6649.657918140823, 7681.529026334101, 7684.708332563097, 5355.5317613403395, 6742.60456015479, 6147.109547646006, 6567.638589076041, 3381.9160687601334, 6416.292099894276, 7536.64779702089, 7421.179577679844, 6387.470660478793, 6929.27071163838, 8863.9354945648, 7201.884057774162, 4725.460548802805, 5942.017591676167, 6854.833664764829, 6588.706008033905, 7738.173270185283, 6574.0102266591875, 8085.381995140122, 7286.284383890064, 5302.8757756031755, 7392.283675435186, 7170.367966924171, 7372.033789386676, 7340.765763349123, 6421.208471359308, 8238.027064093445, 6041.2195512440685, 7052.679993802516, 5959.341916188512, 5243.4504093887645, 8049.265784331976, 6725.165119905507, 6107.080597956391, 7099.168403042006]
[6340.787093202557, 7641.474992010789, 7102.534416851098, 6484.808203237344, 5628.804236952653, 6738.161471260042, 4922.216289507356, 8314.728524503756, 8218.610013095704, 4156.031007681269, 9161.103942440495, 6188.467577172383, 6642.815416320716, 7681.529026334101, 7684.708332563097, 5355.5317613403395, 6742.60456015479, 6131.171881006936, 6567.638589076041, 3380.069251558217, 6416.292099894276, 7536.64779702089, 7421.179577679844, 6387.470660478793, 6929.27071163838, 8863.9354945648, 7201.884057774162, 4713.084748664075, 5942.017591676167, 6854.833664764829, 6588.706008033905, 7724.259820089373, 6574.0102266591875, 8085.381995140122, 7286.284383890064, 5302.8757756031755, 7392.283675435186, 7170.367966924171, 7372.033789386676, 7334.575235992718, 6421.208471359308, 8238.027064093445, 6015.64046899057, 7052.679993802516, 5959.341916188512, 5243.4504093887645, 8048.738175986067, 6725.165119905507, 6107.080597956391, 7099.168403042006]
[6340.787093202557, 7641.474992010789, 7102.534416851098, 6449.146155226734, 5628.804236952653, 6697.564401794892, 4884.4336516851445, 8281.119955784197, 8209.607543198057, 4156.031007681269, 9158.02311170878, 6188.467577172383, 6642.815416320716, 7674.6061394395565, 7677.686080052071, 5355.5317613403395, 6734.698667385422, 6115.542145416563, 6567.638589076041, 3379.7582976683816, 6416.292099894276, 7536.64779702089, 7421.179577679844, 6387.470660478793, 6929.27071163838, 8841.73156483175, 7201.884057774162, 4712.726850011868, 5938.108305366237, 6854.833664764829, 6588.706008033905, 7707.5814460942665, 6567.368264511325, 8085.381995140122, 7277.616359190111, 5302.794346090231, 7392.283675435186, 7170.367966924171, 7362.415755647843, 7334.575235992718, 6415.666922649525, 8238.027064093445, 6015.64046899057, 7052.679993802516, 5959.341916188512, 5243.4504093887645, 8048.738175986067, 6722.188167794918, 6107.080597956391, 7099.168403042006]
[6329.783430518904, 7641.474992010789, 7098.312859766675, 6449.146155226734, 5628.804236952653, 6697.564401794892, 4883.997778324721, 8280.883571163238, 8209.607543198057, 4156.031007681269, 9158.02311170878, 6188.467577172383, 6611.664516828727, 7674.6061394395565, 7677.686080052071, 5324.704009745208, 6734.698667385422, 6115.542145416563, 6567.638589076041, 3378.9402293148078, 6416.292099894276, 7517.4998247311105, 7421.179577679844, 6387.470660478793, 6929.27071163838, 8823.738635001153, 7201.884057774162, 4707.544283273539, 5938.108305366237, 6854.833664764829, 6588.706008033905, 7707.5814460942665, 6567.368264511325, 8085.381995140122, 7264.468731040446, 5302.794346090231, 7392.283675435186, 7170.367966924171, 7362.415755647843, 7334.575235992718, 6415.666922649525, 8238.027064093445, 6005.558007195945, 7052.679993802516, 5959.341916188512, 5223.525046408681, 8048.738175986067, 6722.188167794918, 6107.080597956391, 7099.168403042006]
[6329.783430518904, 7641.474992010789, 7087.788756658364, 6446.61888764105, 5628.804236952653, 6697.564401794892, 4872.969018958387, 8280.883571163238, 8209.607543198057, 4149.833798424957, 9158.02311170878, 6163.4337835883, 6611.664516828727, 7649.179709612896, 7630.7366897894435, 5324.704009745208, 6734.698667385422, 6115.542145416563, 6567.638589076041, 3378.9402293148078, 6416.292099894276, 7517.4998247311105, 7417.374155136686, 6387.470660478793, 6929.27071163838, 8821.562935626618, 7201.884057774162, 4701.062926705195, 5938.108305366237, 6854.833664764829, 6588.706008033905, 7707.5814460942665, 6567.368264511325, 8085.381995140122, 7257.177711359111, 5291.082206787613, 7392.283675435186, 7170.367966924171, 7362.415755647843, 7330.306431111245, 6415.666922649525, 8238.027064093445, 6005.558007195945, 7008.7544375529305, 5958.102664287758, 5221.013068262791, 8034.395250932035, 6722.188167794918, 6107.080597956391, 7095.440010616061]
[6329.783430518904, 7641.474992010789, 7083.245309864168, 6443.2266646532535, 5616.056972223925, 6682.451249068936, 4872.969018958387, 8249.503851336322, 8209.607543198057, 4135.8753579603745, 9158.02311170878, 6151.552838710571, 6608.046882677736, 7644.170081061864, 7630.7366897894435, 5315.065112208621, 6734.698667385422, 6114.53016311737, 6567.638589076041, 3371.092053346106, 6416.292099894276, 7517.4998247311105, 7417.374155136686, 6387.470660478793, 6929.27071163838, 8805.665410146912, 7201.884057774162, 4701.062926705195, 5938.108305366237, 6830.397137775268, 6588.706008033905, 7707.5814460942665, 6559.12857915535, 8074.2761561085035, 7233.739946717648, 5283.3106810579875, 7387.582862573983, 7150.805025098392, 7362.415755647843, 7316.06213508875, 6415.666922649525, 8238.027064093445, 6005.558007195945, 7008.7544375529305, 5958.102664287758, 5207.624671288666, 8034.395250932035, 6712.378447717837, 6107.080597956391, 7095.440010616061]
[6263.979716422058, 7641.474992010789, 7065.823223153115, 6443.2266646532535, 5616.056972223925, 6682.451249068936, 4845.397508747005, 8234.833509354863, 8209.607543198057, 4134.4963865265645, 9158.02311170878, 6151.552838710571, 6595.219949906425, 7644.170081061864, 7630.7366897894435, 5315.065112208621, 6734.698667385422, 6114.53016311737, 6567.638589076041, 3371.0282123866646, 6413.34469429866, 7517.4998247311105, 7417.374155136686, 6386.714852978239, 6921.798251714565, 8805.665410146912, 7201.884057774162, 4701.062926705195, 5938.108305366237, 6830.397137775268, 6588.706008033905, 7707.5814460942665, 6559.12857915535, 8074.2761561085035, 7230.210579317418, 5283.3106810579875, 7387.582862573983, 7150.805025098392, 7359.986050967377, 7310.719055361282, 6404.5793241591755, 8238.027064093445, 6005.558007195945, 7008.7544375529305, 5958.102664287758, 5202.139200443387, 8016.351642124237, 6702.891445469996, 6107.080597956391, 7095.440010616061]
[6263.979716422058, 7641.474992010789, 7065.823223153115, 6437.240636495248, 5616.056972223925, 6682.451249068936, 4825.194187092076, 8150.450870122229, 8209.607543198057, 4134.4963865265645, 9158.02311170878, 6151.552838710571, 6585.948361143191, 7644.170081061864, 7606.432086305098, 5309.11866664375, 6734.698667385422, 6114.53016311737, 6567.638589076041, 3355.4084498461293, 6413.34469429866, 7517.4998247311105, 7417.374155136686, 6386.714852978239, 6921.798251714565, 8805.665410146912, 7200.912413391925, 4698.5922550175155, 5934.272028010908, 6830.397137775268, 6576.514341966709, 7707.5814460942665, 6559.12857915535, 8074.2761561085035, 7217.460434512019, 5278.898439431411, 7387.582862573983, 7147.235020508118, 7359.986050967377, 7287.0854813480455, 6404.5793241591755, 8238.027064093445, 5993.32864176086, 7008.7544375529305, 5958.102664287758, 5186.883922356518, 8016.351642124237, 6702.891445469996, 6100.905093860332, 7095.440010616061]
[6263.979716422058, 7641.474992010789, 7065.823223153115, 6430.903313287902, 5616.056972223925, 6682.451249068936, 4825.194187092076, 8150.450870122229, 8209.607543198057, 4123.100211029294, 9158.02311170878, 6151.552838710571, 6585.948361143191, 7638.444741066455, 7606.432086305098, 5302.6014308484755, 6734.698667385422, 6114.53016311737, 6567.638589076041, 3349.4791542123553, 6413.34469429866, 7517.4998247311105, 7416.657268050907, 6386.714852978239, 6921.798251714565, 8805.665410146912, 7200.912413391925, 4684.500661338128, 5934.272028010908, 6830.397137775268, 6576.514341966709, 7707.5814460942665, 6559.12857915535, 8074.2761561085035, 7217.460434512019, 5277.100513263622, 7387.582862573983, 7135.596344660686, 7359.986050967377, 7287.0854813480455, 6404.5793241591755, 8238.027064093445, 5985.76155999009, 7008.7544375529305, 5958.102664287758, 5186.883922356518, 8016.351642124237, 6702.891445469996, 6100.905093860332, 7070.339144047987]
[6252.566890120111, 7641.474992010789, 7059.212885678155, 6430.903313287902, 5616.056972223925, 6682.451249068936, 4825.194187092076, 8148.651877376348, 8209.607543198057, 4114.968695030867, 9158.02311170878, 6151.552838710571, 6567.617881420612, 7638.444741066455, 7606.432086305098, 5302.6014308484755, 6734.698667385422, 6114.53016311737, 6567.638589076041, 3346.2450473415133, 6362.529910632137, 7517.4998247311105, 7416.657268050907, 6382.926988061532, 6921.798251714565, 8805.665410146912, 7200.912413391925, 4684.500661338128, 5934.272028010908, 6830.397137775268, 6576.514341966709, 7707.5814460942665, 6559.12857915535, 8051.27807504537, 7217.460434512019, 5277.100513263622, 7382.635372218252, 7130.306299076164, 7352.77768852099, 7287.0854813480455, 6403.388442236953, 8238.027064093445, 5985.76155999009, 7008.7544375529305, 5958.102664287758, 5177.955725769785, 8010.495748778553, 6702.891445469996, 6100.905093860332, 7061.6692479090125]
[6225.663214756991, 7641.474992010789, 7059.212885678155, 6430.903313287902, 5586.8159124619, 6682.451249068936, 4825.103652087928, 8148.651877376348, 8209.607543198057, 4093.9380314716923, 9117.769045287048, 6151.552838710571, 6567.617881420612, 7638.444741066455, 7590.29163389707, 5302.6014308484755, 6734.698667385422, 6112.577085195349, 6567.638589076041, 3340.056269566722, 6362.529910632137, 7517.4998247311105, 7416.657268050907, 6382.926988061532, 6921.798251714565, 8805.665410146912, 7200.912413391925, 4684.500661338128, 5932.9915283538285, 6830.397137775268, 6546.299694662766, 7707.5814460942665, 6559.12857915535, 8051.27807504537, 7217.460434512019, 5277.100513263622, 7382.635372218252, 7130.306299076164, 7352.77768852099, 7276.694914349209, 6403.388442236953, 8216.68126955794, 5985.76155999009, 7008.7544375529305, 5958.102664287758, 5177.955725769785, 8010.495748778553, 6659.446148223184, 6100.905093860332, 7061.6692479090125]
[6225.663214756991, 7641.474992010789, 7033.063534751322, 6422.358790661607, 5586.8159124619, 6673.027657436565, 4814.003500310032, 8136.366348747813, 8177.3875406778925, 4093.9380314716923, 9117.769045287048, 6116.475821570998, 6567.617881420612, 7627.907512787507, 7590.29163389707, 5302.6014308484755, 6734.698667385422, 6104.265712618979, 6564.544954990546, 3337.6828196490615, 6358.886427272575, 7512.139362853972, 7347.208564164755, 6382.926988061532, 6921.798251714565, 8805.665410146912, 7200.912413391925, 4647.466499531834, 5918.160481594909, 6830.397137775268, 6546.299694662766, 7707.5814460942665, 6548.643672698946, 8048.860751674675, 7217.460434512019, 5255.826995483006, 7382.635372218252, 7124.362038849404, 7352.77768852099, 7276.694914349209, 6380.998286046806, 8209.343802168989, 5985.76155999009, 7008.7544375529305, 5958.102664287758, 5177.955725769785, 7975.546102314838, 6659.028663232357, 6077.974218471403, 7061.6692479090125]
[6225.663214756991, 7641.474992010789, 7031.67562558371, 6422.358790661607, 5586.8159124619, 6673.027657436565, 4787.966466007556, 8136.366348747813, 8177.3875406778925, 4077.003662755621, 9117.769045287048, 6110.946342899142, 6567.617881420612, 7627.907512787507, 7590.29163389707, 5300.563552163893, 6734.698667385422, 6104.265712618979, 6558.0566615128555, 3325.799687812185, 6350.177467984762, 7512.139362853972, 7347.208564164755, 6382.926988061532, 6921.798251714565, 8805.665410146912, 7200.912413391925, 4643.563440727847, 5914.0570854894695, 6830.397137775268, 6546.299694662766, 7704.493588377122, 6544.973182819411, 8048.860751674675, 7217.460434512019, 5254.321710636581, 7382.635372218252, 7124.362038849404, 7352.77768852099, 7276.694914349209, 6348.544954204016, 8196.90817449, 5985.76155999009, 6977.471241278372, 5958.102664287758, 5177.955725769785, 7975.546102314838, 6637.599224820864, 6077.974218471403, 7061.6692479090125]
[6203.482576484322, 7604.704793299168, 7031.67562558371, 6422.358790661607, 5586.8159124619, 6673.027657436565, 4787.855848614551, 8136.366348747813, 8177.3875406778925, 4073.194290013385, 9117.769045287048, 6110.155822872037, 6567.617881420612, 7627.907512787507, 7590.29163389707, 5300.563552163893, 6734.698667385422, 6103.761669576101, 6558.0566615128555, 3306.1813562686066, 6334.53804232069, 7512.139362853972, 7347.208564164755, 6382.926988061532, 6921.798251714565, 8805.665410146912, 7159.861135929925, 4643.563440727847, 5914.0570854894695, 6823.551334559359, 6546.299694662766, 7704.493588377122, 6544.973182819411, 8048.860751674675, 7194.48643309778, 5221.175176357914, 7382.635372218252, 7124.362038849404, 7348.78586646693, 7276.694914349209, 6341.82489414049, 8191.846722710856, 5982.216508384186, 6977.471241278372, 5935.7769471991905, 5177.955725769785, 7975.546102314838, 6633.282545719681, 6068.710321909777, 7061.6692479090125]
[6167.152956330492, 7604.704793299168, 7031.67562558371, 6422.358790661607, 5581.907104704833, 6658.13228176915, 4787.391808459093, 8129.975243357372, 8177.3875406778925, 4073.194290013385, 9117.769045287048, 6035.479616086738, 6567.617881420612, 7627.907512787507, 7590.29163389707, 5293.202832107041, 6734.698667385422, 6102.196673728324, 6548.743052857159, 3301.4719614624746, 6334.53804232069, 7512.139362853972, 7347.208564164755, 6382.926988061532, 6883.246226067393, 8805.665410146912, 7159.861135929925, 4642.482717944, 5913.120404878967, 6823.551334559359, 6517.384556292715, 7700.5039378789315, 6541.222382188106, 8048.860751674675, 7194.48643309778, 5204.9701867359945, 7378.952657309126, 7091.6650375284125, 7348.78586646693, 7276.694914349209, 6341.82489414049, 8191.846722710856, 5971.672072084988, 6977.471241278372, 5935.7769471991905, 5177.955725769785, 7975.546102314838, 6633.282545719681, 6068.710321909777, 7061.6692479090125]
[6167.152956330492, 7580.81077513081, 7025.806826047798, 6422.358790661607, 5581.907104704833, 6641.338391470215, 4772.584790487033, 8115.830570247742, 8177.3875406778925, 4067.0212326331325, 9117.769045287048, 6035.479616086738, 6567.617881420612, 7627.907512787507, 7590.29163389707, 5273.56596764991, 6734.698667385422, 6102.196673728324, 6548.743052857159, 3301.1509316450365, 6334.53804232069, 7512.139362853972, 7347.208564164755, 6359.880866339642, 6883.246226067393, 8805.665410146912, 7159.861135929925, 4642.427389639358, 5910.385938661664, 6823.551334559359, 6517.384556292715, 7674.235242278324, 6541.222382188106, 8048.860751674675, 7194.48643309778, 5201.015386214051, 7378.952657309126, 7091.6650375284125, 7314.86168595022, 7276.694914349209, 6330.00338889334, 8191.846722710856, 5971.672072084988, 6977.471241278372, 5931.825187742908, 5177.955725769785, 7975.546102314838, 6625.179549763745, 6068.710321909777, 7061.6692479090125]
[6167.152956330492, 7580.81077513081, 7025.806826047798, 6422.358790661607, 5581.907104704833, 6641.338391470215, 4772.584790487033, 8115.830570247742, 8177.3875406778925, 4060.9865585029593, 9110.211601500832, 6035.479616086738, 6567.617881420612, 7627.907512787507, 7590.29163389707, 5241.3487189894, 6734.698667385422, 6102.196673728324, 6548.743052857159, 3297.2722129327535, 6329.441169093976, 7512.139362853972, 7347.208564164755, 6355.998470177662, 6883.246226067393, 8805.665410146912, 7159.861135929925, 4642.377278699354, 5906.691404471125, 6823.551334559359, 6510.291127797739, 7674.235242278324, 6541.222382188106, 8048.860751674675, 7191.821901035587, 5201.015386214051, 7355.507875411992, 7068.130481857197, 7298.944663312572, 7248.702239339784, 6330.00338889334, 8191.846722710856, 5971.672072084988, 6977.471241278372, 5931.825187742908, 5134.431241131967, 7975.546102314838, 6625.179549763745, 6037.163625397961, 7061.6692479090125]
[6161.557695759771, 7580.81077513081, 7025.806826047798, 6422.358790661607, 5578.767981866344, 6640.337344031939, 4752.74428225576, 8115.830570247742, 8177.3875406778925, 4060.1315501874096, 9110.211601500832, 6035.479616086738, 6567.617881420612, 7627.907512787507, 7590.29163389707, 5241.3487189894, 6729.392417595018, 6100.142297564115, 6548.743052857159, 3294.073766050329, 6294.722006013473, 7512.139362853972, 7347.208564164755, 6355.998470177662, 6883.246226067393, 8805.665410146912, 7159.861135929925, 4641.249248263425, 5906.691404471125, 6781.4185946293555, 6510.291127797739, 7674.235242278324, 6541.222382188106, 8048.860751674675, 7191.821901035587, 5194.899358075394, 7355.507875411992, 7068.130481857197, 7298.944663312572, 7248.702239339784, 6329.786206018268, 8191.846722710856, 5959.495791392591, 6977.471241278372, 5928.061400701406, 5134.431241131967, 7970.75663902345, 6615.073847732849, 6013.816634060916, 7061.6692479090125]
[6161.557695759771, 7577.398434656781, 7011.878376085119, 6412.458097727565, 5578.767981866344, 6632.991449364946, 4752.7343146952535, 8115.830570247742, 8177.3875406778925, 4045.9271755921372, 9110.211601500832, 6035.479616086738, 6567.617881420612, 7627.907512787507, 7584.414949961257, 5233.298182079796, 6729.392417595018, 6100.142297564115, 6548.743052857159, 3293.8886998406438, 6288.623509402982, 7512.139362853972, 7335.658255102889, 6355.998470177662, 6883.246226067393, 8794.435171151343, 7159.861135929925, 4633.595277123429, 5906.691404471125, 6781.4185946293555, 6510.291127797739, 7674.235242278324, 6539.149989843738, 8043.240994570125, 7191.821901035587, 5193.876901656728, 7355.507875411992, 7068.130481857197, 7298.944663312572, 7237.873468380337, 6329.786206018268, 8191.846722710856, 5959.495791392591, 6977.471241278372, 5928.061400701406, 5131.918238903313, 7970.75663902345, 6614.207403820158, 6013.816634060916, 7061.6692479090125]
[6161.557695759771, 7577.398434656781, 7011.878376085119, 6406.475782595955, 5555.820399143106, 6632.991449364946, 4752.53685527354, 8115.830570247742, 8176.700114637029, 4008.0408154492775, 9110.211601500832, 6020.978595715038, 6501.039343354596, 7627.907512787507, 7584.414949961257, 5221.53516486788, 6698.18127248467, 6100.142297564115, 6548.743052857159, 3293.5404337624555, 6288.623509402982, 7512.139362853972, 7335.658255102889, 6329.536073108283, 6854.168973936929, 8794.435171151343, 7159.861135929925, 4633.595277123429, 5882.540075148433, 6781.4185946293555, 6510.291127797739, 7674.235242278324, 6539.149989843738, 8043.240994570125, 7191.821901035587, 5192.516120923432, 7355.507875411992, 7068.130481857197, 7265.369691608299, 7237.873468380337, 6329.786206018268, 8175.343085643055, 5945.777395383386, 6977.471241278372, 5928.061400701406, 5131.918238903313, 7970.75663902345, 6614.207403820158, 6013.816634060916, 7054.869229759914]
[6161.557695759771, 7577.398434656781, 7011.878376085119, 6406.475782595955, 5555.820399143106, 6632.991449364946, 4739.516518319715, 8106.380112302184, 8176.700114637029, 4003.4758730845, 9110.211601500832, 6010.530020286262, 6465.18081430228, 7627.907512787507, 7584.414949961257, 5221.53516486788, 6698.18127248467, 6100.142297564115, 6541.419487856366, 3287.4249866792293, 6288.623509402982, 7512.139362853972, 7335.658255102889, 6329.536073108283, 6854.168973936929, 8794.435171151343, 7159.861135929925, 4625.155518831985, 5875.600581282152, 6754.357393940716, 6510.272839817273, 7674.235242278324, 6539.149989843738, 8043.240994570125, 7191.821901035587, 5188.458240499169, 7355.507875411992, 7068.130481857197, 7265.369691608299, 7228.608559020327, 6329.786206018268, 8175.343085643055, 5945.777395383386, 6977.471241278372, 5928.061400701406, 5131.918238903313, 7953.547565621715, 6614.207403820158, 6013.816634060916, 7054.869229759914]
[6161.557695759771, 7577.398434656781, 7003.858944471227, 6405.432895342424, 5555.820399143106, 6625.553156563508, 4723.644104181711, 8101.1927329215105, 8168.985807846404, 4003.4758730845, 9110.211601500832, 6009.560746082359, 6452.146517303233, 7627.907512787507, 7584.414949961257, 5221.53516486788, 6689.072466033378, 6100.142297564115, 6541.419487856366, 3284.4600004876265, 6288.623509402982, 7512.139362853972, 7331.374887707539, 6329.536073108283, 6854.168973936929, 8794.435171151343, 7146.618228875457, 4594.016768402662, 5842.968555000086, 6754.357393940716, 6510.272839817273, 7668.142050123354, 6536.485537023311, 8043.240994570125, 7191.821901035587, 5157.112493923593, 7355.507875411992, 7067.4194776519125, 7265.369691608299, 7228.608559020327, 6329.786206018268, 8109.265018529838, 5945.777395383386, 6977.471241278372, 5928.061400701406, 5131.918238903313, 7953.547565621715, 6613.850488313799, 6013.816634060916, 7054.869229759914]
[6161.557695759771, 7577.398434656781, 6986.929946488713, 6405.432895342424, 5554.42431151842, 6625.553156563508, 4715.1226180393605, 8101.1927329215105, 8168.985807846404, 4003.4758730845, 9110.211601500832, 6009.560746082359, 6452.146517303233, 7627.907512787507, 7584.414949961257, 5221.53516486788, 6668.6952688320425, 6100.142297564115, 6541.419487856366, 3277.2225892914707, 6283.942951975424, 7512.139362853972, 7331.374887707539, 6310.361176561929, 6854.168973936929, 8794.435171151343, 7142.313313128196, 4594.016768402662, 5825.95381523279, 6754.357393940716, 6510.272839817273, 7667.319373657228, 6536.485537023311, 8043.240994570125, 7191.821901035587, 5139.860635629322, 7355.507875411992, 7067.4194776519125, 7265.369691608299, 7228.608559020327, 6329.786206018268, 8108.972873452675, 5912.527444644487, 6977.471241278372, 5928.061400701406, 5131.918238903313, 7953.547565621715, 6613.850488313799, 6013.816634060916, 7054.869229759914]
[6161.557695759771, 7556.649992712718, 6986.929946488713, 6399.420524619107, 5527.050949892404, 6620.404411410993, 4715.1226180393605, 8101.1927329215105, 8150.090949550181, 4000.0835623191683, 9103.101173819905, 6009.560746082359, 6452.146517303233, 7616.139293816581, 7584.414949961257, 5220.434517592184, 6656.829949198829, 6096.033185874153, 6541.419487856366, 3276.2631329529045, 6271.676221126954, 7501.660178699791, 7331.374887707539, 6310.361176561929, 6843.9582700998, 8773.985783621814, 7142.313313128196, 4584.198375982925, 5825.95381523279, 6754.357393940716, 6510.272839817273, 7667.319373657228, 6489.391460309859, 8043.240994570125, 7191.821901035587, 5137.880020442574, 7355.507875411992, 7067.4194776519125, 7265.369691608299, 7228.608559020327, 6313.77862792516, 8108.972873452675, 5912.527444644487, 6954.21396450628, 5928.061400701406, 5131.918238903313, 7953.547565621715, 6613.850488313799, 6013.816634060916, 7054.869229759914]
[6121.272367999662, 7556.649992712718, 6941.139041166653, 6380.376322613743, 5527.050949892404, 6620.404411410993, 4715.1226180393605, 8099.477216830937, 8150.090949550181, 3999.2099348348297, 9103.101173819905, 6009.560746082359, 6437.693570895548, 7610.094163121098, 7584.414949961257, 5220.434517592184, 6656.829949198829, 6096.033185874153, 6541.419487856366, 3270.188035221571, 6269.806811236345, 7449.1405070423325, 7331.374887707539, 6297.433739054412, 6835.109445151267, 8773.985783621814, 7142.313313128196, 4575.560812005784, 5815.410127346253, 6754.357393940716, 6510.272839817273, 7667.319373657228, 6489.391460309859, 8037.071666070954, 7191.821901035587, 5137.880020442574, 7355.507875411992, 7062.8727670295175, 7265.369691608299, 7221.981462215137, 6274.156784049096, 8108.972873452675, 5912.527444644487, 6954.21396450628, 5928.061400701406, 5130.751854698954, 7953.547565621715, 6610.370349469999, 6013.816634060916, 7028.8904388104365]
[6089.05014486336, 7556.649992712718, 6941.139041166653, 6380.376322613743, 5527.050949892404, 6610.154576707993, 4714.7562575446755, 8068.513351203481, 8115.533106375115, 3994.2854395881245, 9103.101173819905, 5971.37285887849, 6435.715439264064, 7610.094163121098, 7577.65272820152, 5220.434517592184, 6629.220744627404, 6053.1603758175725, 6541.419487856366, 3263.873879274065, 6269.806811236345, 7449.1405070423325, 7331.374887707539, 6297.433739054412, 6835.109445151267, 8773.985783621814, 7142.313313128196, 4566.176511560135, 5815.410127346253, 6754.357393940716, 6510.272839817273, 7667.319373657228, 6489.391460309859, 8000.6640773406525, 7191.821901035587, 5124.241275051914, 7355.507875411992, 7062.8727670295175, 7248.132860215084, 7220.882161304132, 6274.156784049096, 8108.972873452675, 5902.722472930022, 6954.21396450628, 5928.061400701406, 5130.751854698954, 7953.547565621715, 6610.370349469999, 6003.484093020188, 7028.8904388104365]
[6089.05014486336, 7556.649992712718, 6941.139041166653, 6380.376322613743, 5512.117439133162, 6605.5694962916505, 4712.210027526883, 8068.513351203481, 8115.533106375115, 3990.295993242107, 9096.864376301437, 5971.37285887849, 6435.715439264064, 7610.094163121098, 7577.65272820152, 5214.599310261596, 6629.220744627404, 6053.1603758175725, 6541.419487856366, 3258.015536129564, 6269.806811236345, 7439.97391576024, 7331.374887707539, 6292.881515024917, 6819.244555486783, 8773.985783621814, 7138.897656725783, 4566.127323638937, 5815.210507362779, 6741.972699249187, 6510.272839817273, 7667.319373657228, 6489.391460309859, 8000.6640773406525, 7191.821901035587, 5121.918026411464, 7355.507875411992, 7062.8727670295175, 7248.132860215084, 7220.882161304132, 6258.36720464062, 8101.766834722129, 5902.722472930022, 6952.800620608339, 5928.061400701406, 5107.352230473414, 7953.547565621715, 6610.370349469999, 6003.484093020188, 7021.154772986158]
[6089.05014486336, 7556.649992712718, 6941.139041166653, 6380.376322613743, 5512.117439133162, 6605.5694962916505, 4708.693131570586, 8068.513351203481, 8107.114082047914, 3981.700320082896, 9096.864376301437, 5971.37285887849, 6435.715439264064, 7610.094163121098, 7577.65272820152, 5214.599310261596, 6614.191087367355, 6053.1603758175725, 6541.419487856366, 3257.5109866312923, 6269.806811236345, 7432.017186788417, 7331.374887707539, 6285.905773158711, 6819.244555486783, 8773.985783621814, 7138.897656725783, 4562.6277603961935, 5808.691636503566, 6741.972699249187, 6510.272839817273, 7665.610373317703, 6481.540783743212, 8000.6640773406525, 7189.998397195253, 5121.918026411464, 7352.478115358569, 7062.8727670295175, 7248.132860215084, 7220.882161304132, 6258.36720464062, 8101.766834722129, 5902.722472930022, 6952.800620608339, 5928.061400701406, 5107.352230473414, 7939.062345703421, 6610.370349469999, 6003.484093020188, 7021.154772986158]
[6089.05014486336, 7556.649992712718, 6941.139041166653, 6380.376322613743, 5494.841152136479, 6580.673420759141, 4699.358181735344, 8068.513351203481, 8107.114082047914, 3981.700320082896, 9096.864376301437, 5971.37285887849, 6435.715439264064, 7610.094163121098, 7577.65272820152, 5193.597592040557, 6614.191087367355, 6053.1603758175725, 6522.838045018649, 3255.117003976519, 6269.806811236345, 7432.017186788417, 7331.374887707539, 6285.905773158711, 6819.244555486783, 8773.985783621814, 7138.897656725783, 4562.506499040444, 5808.691636503566, 6741.972699249187, 6495.8999173220245, 7665.610373317703, 6478.900983069749, 8000.6640773406525, 7189.998397195253, 5121.918026411464, 7352.478115358569, 7062.8727670295175, 7248.132860215084, 7220.882161304132, 6258.36720464062, 8101.766834722129, 5902.722472930022, 6952.800620608339, 5928.061400701406, 5107.023646059128, 7939.062345703421, 6610.370349469999, 6003.484093020188, 7021.154772986158]
[6089.05014486336, 7556.649992712718, 6914.532792402194, 6380.376322613743, 5491.569302847156, 6580.673420759141, 4699.358181735344, 8068.513351203481, 8105.586939850704, 3981.700320082896, 9096.864376301437, 5971.37285887849, 6435.715439264064, 7610.094163121098, 7577.65272820152, 5193.597592040557, 6581.640363025969, 6052.564006250805, 6522.838045018649, 3250.5091102492815, 6262.175399475432, 7432.017186788417, 7331.374887707539, 6285.905773158711, 6799.821444968542, 8773.985783621814, 7138.897656725783, 4562.506499040444, 5808.691636503566, 6741.972699249187, 6495.8999173220245, 7634.502303829006, 6467.815934877128, 8000.6640773406525, 7189.998397195253, 5121.918026411464, 7352.478115358569, 7062.8727670295175, 7246.034629079097, 7220.882161304132, 6258.36720464062, 8101.766834722129, 5874.446970550315, 6952.800620608339, 5924.83005753364, 5090.587349590645, 7939.062345703421, 6610.370349469999, 5992.353117023022, 7021.154772986158]
[6089.05014486336, 7556.649992712718, 6914.532792402194, 6380.376322613743, 5487.987835212824, 6580.18690244969, 4698.628005964525, 8068.513351203481, 8105.586939850704, 3981.5016845891137, 9096.864376301437, 5971.37285887849, 6404.829449533013, 7610.094163121098, 7577.65272820152, 5193.597592040557, 6553.148134602658, 6052.564006250805, 6522.838045018649, 3240.9969974478627, 6262.175399475432, 7432.017186788417, 7331.374887707539, 6285.905773158711, 6799.821444968542, 8773.985783621814, 7138.897656725783, 4562.506499040444, 5788.55897312011, 6741.972699249187, 6495.8999173220245, 7601.878236378473, 6465.451457958211, 8000.6640773406525, 7189.998397195253, 5116.157843502095, 7352.478115358569, 7062.8727670295175, 7246.034629079097, 7214.980517657406, 6258.36720464062, 8101.766834722129, 5874.446970550315, 6952.800620608339, 5878.73015903903, 5084.928767490326, 7939.062345703421, 6610.370349469999, 5988.326844035396, 7021.154772986158]
[6089.05014486336, 7556.649992712718, 6897.317110795586, 6368.807092847358, 5464.32975656613, 6580.18690244969, 4698.628005964525, 8068.513351203481, 8105.586939850704, 3971.816390524761, 9096.864376301437, 5959.682054523177, 6404.829449533013, 7610.094163121098, 7577.65272820152, 5193.597592040557, 6553.148134602658, 6039.964184157386, 6522.838045018649, 3221.864223961546, 6234.499202021672, 7432.017186788417, 7324.372501228319, 6271.395323490135, 6799.821444968542, 8773.985783621814, 7138.897656725783, 4558.268587345641, 5786.642539671154, 6741.972699249187, 6495.8999173220245, 7601.878236378473, 6465.451457958211, 8000.6640773406525, 7189.998397195253, 5087.997476976752, 7352.478115358569, 7062.8727670295175, 7246.034629079097, 7210.75329933131, 6258.36720464062, 8101.766834722129, 5874.446970550315, 6943.4449786901705, 5856.919451128187, 5084.278692790494, 7939.062345703421, 6610.370349469999, 5950.549279514917, 7021.154772986158]
[6089.05014486336, 7556.649992712718, 6897.317110795586, 6368.807092847358, 5462.189690767945, 6580.18690244969, 4693.854686551472, 8066.929996220553, 8105.586939850704, 3960.3978240228744, 9096.864376301437, 5959.682054523177, 6404.829449533013, 7610.094163121098, 7555.654088461563, 5187.502595923817, 6553.148134602658, 6039.964184157386, 6522.838045018649, 3221.3834456196882, 6234.499202021672, 7432.017186788417, 7324.372501228319, 6271.395323490135, 6789.717412002766, 8773.985783621814, 7125.061793258616, 4558.268025505275, 5786.642539671154, 6741.972699249187, 6481.43232459564, 7601.878236378473, 6448.195452481163, 7999.390624155245, 7189.998397195253, 5077.880753008237, 7346.342533632148, 7062.8727670295175, 7246.034629079097, 7210.75329933131, 6258.36720464062, 8101.766834722129, 5874.446970550315, 6943.4449786901705, 5856.919451128187, 5083.890208115898, 7939.062345703421, 6610.370349469999, 5946.180132439029, 7017.635876183675]
[6089.05014486336, 7556.649992712718, 6897.317110795586, 6368.807092847358, 5462.189690767945, 6576.641791909213, 4691.89431481551, 8066.929996220553, 8105.586939850704, 3951.01036638882, 9080.683703969882, 5954.529997377877, 6382.485078708945, 7601.9488025070095, 7555.654088461563, 5187.502595923817, 6553.148134602658, 6037.162892572071, 6520.734532481043, 3217.833777969047, 6234.499202021672, 7432.017186788417, 7310.086273848223, 6271.395323490135, 6789.717412002766, 8773.985783621814, 7125.061793258616, 4555.350503128038, 5786.642539671154, 6741.323245533451, 6443.4291798277145, 7581.454828437374, 6423.019412830203, 7999.390624155245, 7189.998397195253, 5073.330715178509, 7346.342533632148, 7057.090528018702, 7239.839174390358, 7192.772533470263, 6255.7823194112, 8101.766834722129, 5874.446970550315, 6940.892126262561, 5856.919451128187, 5083.890208115898, 7939.062345703421, 6610.370349469999, 5944.985483479164, 7017.635876183675]
[6089.05014486336, 7531.155942312442, 6897.317110795586, 6349.234160055302, 5462.189690767945, 6569.6260241043765, 4691.89431481551, 8066.929996220553, 8105.586939850704, 3951.01036638882, 9080.683703969882, 5954.529997377877, 6382.485078708945, 7595.61562456777, 7555.654088461563, 5187.502595923817, 6553.148134602658, 6021.369523291052, 6520.734532481043, 3214.343448715088, 6234.499202021672, 7432.017186788417, 7307.856707270794, 6271.395323490135, 6789.717412002766, 8773.985783621814, 7110.40465652134, 4554.032136623466, 5762.814144047632, 6741.323245533451, 6442.031959666374, 7581.454828437374, 6417.541519571716, 7999.390624155245, 7189.998397195253, 5073.330715178509, 7337.927904106691, 7057.090528018702, 7239.839174390358, 7189.04610006638, 6255.7823194112, 8101.766834722129, 5874.446970550315, 6900.860419202215, 5856.919451128187, 5083.890208115898, 7939.062345703421, 6610.370349469999, 5936.857556145183, 7017.635876183675]
[6089.05014486336, 7531.155942312442, 6897.317110795586, 6349.234160055302, 5429.087421334239, 6569.6260241043765, 4680.748823232409, 8066.929996220553, 8105.586939850704, 3951.01036638882, 9080.683703969882, 5954.529997377877, 6382.485078708945, 7595.61562456777, 7555.654088461563, 5171.615956250786, 6553.148134602658, 6021.369523291052, 6520.734532481043, 3201.8498914104357, 6234.499202021672, 7432.017186788417, 7307.856707270794, 6271.395323490135, 6789.597759610626, 8772.876598271312, 7110.40465652134, 4554.032136623466, 5762.814144047632, 6741.323245533451, 6442.031959666374, 7574.009299213154, 6417.541519571716, 7999.390624155245, 7154.18969690661, 5073.330715178509, 7337.927904106691, 7057.090528018702, 7239.839174390358, 7189.04610006638, 6249.565609911763, 8101.766834722129, 5874.446970550315, 6882.690757662391, 5856.28347177855, 5075.083543333346, 7932.75280897776, 6610.370349469999, 5911.684261443055, 7012.47995728979]
[6089.05014486336, 7531.155942312442, 6897.317110795586, 6343.5230303534745, 5429.087421334239, 6561.439428936098, 4676.530969069096, 8066.929996220553, 8105.586939850704, 3951.01036638882, 9079.1132100482, 5954.529997377877, 6382.485078708945, 7590.160069125489, 7555.654088461563, 5171.615956250786, 6553.148134602658, 6021.369523291052, 6520.734532481043, 3198.5005649217806, 6234.499202021672, 7432.017186788417, 7307.856707270794, 6271.395323490135, 6786.8420840375165, 8724.523451025494, 7110.40465652134, 4552.53902899478, 5762.814144047632, 6741.323245533451, 6442.031959666374, 7558.940693358594, 6395.05690201276, 7999.390624155245, 7154.18969690661, 5073.330715178509, 7337.927904106691, 7057.090528018702, 7239.839174390358, 7187.098865770269, 6249.565609911763, 8082.58217939262, 5870.292168741959, 6882.690757662391, 5856.28347177855, 5068.598423382044, 7932.75280897776, 6610.354076810363, 5911.684261443055, 7012.47995728979]
[6089.05014486336, 7531.155942312442, 6897.317110795586, 6343.5230303534745, 5429.087421334239, 6561.439428936098, 4653.899394606861, 8066.929996220553, 8105.586939850704, 3933.6181408160023, 9079.1132100482, 5954.529997377877, 6348.601096631163, 7590.160069125489, 7553.161812810409, 5171.615956250786, 6553.148134602658, 6021.369523291052, 6520.734532481043, 3198.5005649217806, 6234.499202021672, 7403.53755173334, 7307.856707270794, 6256.289228652993, 6734.441042310013, 8724.523451025494, 7110.40465652134, 4552.53902899478, 5740.661500032152, 6716.3208573405645, 6442.031959666374, 7558.940693358594, 6395.05690201276, 7966.3703370278845, 7154.18969690661, 5073.330715178509, 7334.623577778802, 7057.090528018702, 7220.595401063221, 7182.2023135778745, 6249.565609911763, 8082.58217939262, 5833.53598944529, 6882.690757662391, 5856.28347177855, 5066.967888648222, 7932.75280897776, 6600.673512116652, 5911.684261443055, 7012.47995728979]
[6087.974617078433, 7517.467014060823, 6875.9085122628485, 6343.5230303534745, 5429.087421334239, 6561.439428936098, 4637.956892888047, 8066.929996220553, 8105.586939850704, 3931.9100047753373, 9079.1132100482, 5940.408789064068, 6348.601096631163, 7590.160069125489, 7553.161812810409, 5171.615956250786, 6553.148134602658, 6021.369523291052, 6520.734532481043, 3194.1290079172018, 6234.499202021672, 7403.53755173334, 7307.856707270794, 6256.289228652993, 6734.441042310013, 8724.523451025494, 7110.40465652134, 4552.53902899478, 5740.661500032152, 6699.066724023942, 6437.17875492374, 7558.940693358594, 6395.05690201276, 7966.3703370278845, 7154.18969690661, 5073.330715178509, 7334.623577778802, 7057.090528018702, 7187.510444565671, 7182.2023135778745, 6249.205302115136, 8082.58217939262, 5805.951792663341, 6882.690757662391, 5856.28347177855, 5066.967888648222, 7932.75280897776, 6600.673512116652, 5911.684261443055, 7012.47995728979]
[6087.974617078433, 7517.467014060823, 6875.9085122628485, 6329.329219745664, 5419.705764838641, 6561.439428936098, 4637.956892888047, 8066.929996220553, 8105.586939850704, 3931.879112714757, 9049.545092591017, 5940.022908754014, 6334.958584184045, 7584.251527967695, 7553.161812810409, 5164.55469783893, 6550.545281600303, 6021.369523291052, 6515.005683916011, 3194.051509697213, 6234.499202021672, 7403.53755173334, 7307.856707270794, 6256.289228652993, 6734.441042310013, 8724.523451025494, 7110.40465652134, 4552.506676691306, 5740.661500032152, 6687.07142503755, 6428.672263024707, 7558.940693358594, 6395.05690201276, 7966.3703370278845, 7154.18969690661, 5060.435480378264, 7292.658663572411, 7057.090528018702, 7187.510444565671, 7172.64247582563, 6249.205302115136, 8082.58217939262, 5805.951792663341, 6878.747772866247, 5856.28347177855, 5055.860327240874, 7932.75280897776, 6594.091699660287, 5911.684261443055, 7012.47995728979]
[6073.733402874392, 7517.467014060823, 6874.890471675998, 6329.329219745664, 5391.185851623484, 6545.558314468269, 4637.017561465282, 8066.929996220553, 8105.586939850704, 3919.91718580893, 9049.545092591017, 5940.022908754014, 6334.958584184045, 7584.251527967695, 7553.161812810409, 5132.255898290819, 6550.545281600303, 6021.369523291052, 6515.005683916011, 3194.0275690435146, 6234.499202021672, 7398.689100308545, 7307.856707270794, 6238.639468904298, 6734.441042310013, 8717.231115558063, 7097.788883272275, 4540.778149899226, 5740.661500032152, 6687.07142503755, 6427.136365046936, 7558.940693358594, 6391.529411982169, 7966.3703370278845, 7154.18969690661, 5060.435480378264, 7292.658663572411, 7057.090528018702, 7187.510444565671, 7172.64247582563, 6249.205302115136, 8082.58217939262, 5805.951792663341, 6878.747772866247, 5856.28347177855, 5033.046933863701, 7932.75280897776, 6562.082378784469, 5911.684261443055, 7012.47995728979]
[6060.839944038494, 7517.467014060823, 6874.890471675998, 6329.329219745664, 5388.112967696483, 6534.210994913217, 4626.510955420317, 8066.929996220553, 8087.204213040665, 3919.91718580893, 9049.545092591017, 5902.481888743443, 6334.958584184045, 7584.251527967695, 7553.161812810409, 5132.255898290819, 6550.206363603, 6021.369523291052, 6499.591947994073, 3150.6367077044147, 6231.441624202034, 7398.689100308545, 7290.564444291556, 6234.4901760224875, 6734.441042310013, 8717.231115558063, 7097.788883272275, 4531.352404275036, 5726.347749605209, 6687.07142503755, 6427.136365046936, 7558.940693358594, 6389.710764148696, 7966.3703370278845, 7154.18969690661, 5042.916047658869, 7292.658663572411, 7026.581702983317, 7187.510444565671, 7172.64247582563, 6249.205302115136, 8076.771805879066, 5805.951792663341, 6878.747772866247, 5856.28347177855, 5024.352929625114, 7932.75280897776, 6559.768637174342, 5911.684261443055, 7009.7897537100125]
[6060.839944038494, 7517.467014060823, 6863.207031903567, 6322.94079648335, 5388.112967696483, 6534.210994913217, 4626.510955420317, 8066.929996220553, 8087.204213040665, 3919.016512080826, 9049.545092591017, 5902.481888743443, 6334.958584184045, 7584.251527967695, 7553.161812810409, 5129.462205093216, 6550.206363603, 6015.450772896864, 6456.046005955837, 3147.1807516014806, 6231.441624202034, 7398.689100308545, 7290.564444291556, 6234.4901760224875, 6734.441042310013, 8717.231115558063, 7097.788883272275, 4481.263780079663, 5711.4240099949175, 6664.366188764817, 6413.954768120017, 7528.62503762809, 6389.710764148696, 7966.3703370278845, 7154.18969690661, 5039.552320121123, 7277.30713523795, 7026.581702983317, 7187.510444565671, 7172.64247582563, 6249.205302115136, 8076.771805879066, 5805.951792663341, 6878.747772866247, 5856.28347177855, 5024.352929625114, 7932.75280897776, 6559.768637174342, 5911.684261443055, 7009.7897537100125]
[6033.532072393797, 7517.467014060823, 6858.204472029785, 6319.057587421298, 5388.112967696483, 6499.567727624496, 4626.510955420317, 8066.929996220553, 8087.204213040665, 3917.468611009511, 9049.545092591017, 5887.8158344976255, 6334.958584184045, 7584.251527967695, 7553.161812810409, 5129.462205093216, 6550.206363603, 6015.450772896864, 6456.046005955837, 3140.5617933311405, 6220.9554016375405, 7398.689100308545, 7290.564444291556, 6214.461868982114, 6734.441042310013, 8717.231115558063, 7091.446257483481, 4476.131759517928, 5711.4240099949175, 6664.366188764817, 6413.954768120017, 7528.62503762809, 6379.3791755008615, 7966.3703370278845, 7154.18969690661, 5039.552320121123, 7277.30713523795, 7020.915990330477, 7187.510444565671, 7154.038459262864, 6248.754490331845, 8076.771805879066, 5805.951792663341, 6874.196565946584, 5816.2364195618675, 5013.668421864617, 7932.75280897776, 6559.768637174342, 5908.089530060688, 7009.7897537100125]
[6003.591863195776, 7499.670795308448, 6834.748115578023, 6307.602896713854, 5388.112967696483, 6499.567727624496, 4626.475312492317, 8066.929996220553, 8087.204213040665, 3916.6668122570118, 9049.545092591017, 5873.503663018344, 6334.958584184045, 7584.251527967695, 7553.161812810409, 5129.462205093216, 6524.842233700915, 6005.777011210519, 6456.046005955837, 3136.6466858552776, 6220.9554016375405, 7398.689100308545, 7288.553117533942, 6202.81088826152, 6723.207385629008, 8680.219846611328, 7070.238703741527, 4476.131759517928, 5711.4240099949175, 6664.366188764817, 6413.954768120017, 7526.416656678359, 6360.135037154314, 7965.779467255469, 7154.18969690661, 5035.978810747254, 7277.30713523795, 7020.915990330477, 7187.510444565671, 7153.861414771063, 6248.754490331845, 8076.771805879066, 5805.951792663341, 6874.196565946584, 5816.2364195618675, 5013.668421864617, 7932.75280897776, 6559.768637174342, 5890.325529187065, 7009.7897537100125]
[6003.591863195776, 7499.670795308448, 6834.748115578023, 6307.602896713854, 5388.112967696483, 6498.284120702001, 4622.180982363929, 8066.929996220553, 8087.204213040665, 3912.439499713249, 9038.268321578502, 5872.8450886342425, 6334.958584184045, 7584.251527967695, 7550.81006989096, 5129.462205093216, 6524.842233700915, 6005.777011210519, 6456.046005955837, 3136.629022084194, 6220.9554016375405, 7398.689100308545, 7288.553117533942, 6202.81088826152, 6723.207385629008, 8680.219846611328, 7070.238703741527, 4456.83088917414, 5695.655290729067, 6663.851739357822, 6413.954768120017, 7517.001601289516, 6360.135037154314, 7939.718149267469, 7153.004453402015, 5032.566163929361, 7256.34742311468, 7020.915990330477, 7187.510444565671, 7153.861414771063, 6248.754490331845, 8076.771805879066, 5805.951792663341, 6874.196565946584, 5801.339813358392, 5013.668421864617, 7932.75280897776, 6559.768637174342, 5890.325529187065, 7009.7897537100125]
[6003.591863195776, 7499.670795308448, 6834.748115578023, 6297.588615793601, 5388.112967696483, 6498.284120702001, 4618.046225825853, 8066.929996220553, 8087.204213040665, 3907.8618773851936, 9031.353537364033, 5872.8450886342425, 6326.201177018761, 7581.826789283252, 7550.81006989096, 5129.462205093216, 6524.842233700915, 6005.777011210519, 6456.046005955837, 3111.8991662985222, 6212.61817962484, 7398.689100308545, 7288.553117533942, 6202.81088826152, 6721.290563948557, 8680.219846611328, 7065.942809142728, 4456.83088917414, 5695.655290729067, 6663.851739357822, 6413.954768120017, 7516.337401066092, 6355.599287108882, 7939.718149267469, 7153.004453402015, 5032.566163929361, 7256.34742311468, 7020.915990330477, 7187.510444565671, 7143.508890170515, 6223.046896399944, 8065.580767695477, 5799.1268049122755, 6874.196565946584, 5801.339813358392, 5007.759272767865, 7932.75280897776, 6559.768637174342, 5890.325529187065, 7006.498851165941]
[6001.04836311455, 7498.777520830666, 6834.748115578023, 6297.588615793601, 5388.112967696483, 6498.284120702001, 4606.135834108316, 8066.929996220553, 8087.204213040665, 3887.121558767713, 9031.353537364033, 5872.8450886342425, 6322.102521902183, 7581.826789283252, 7527.92390610192, 5129.462205093216, 6524.842233700915, 6005.777011210519, 6456.046005955837, 3108.0733057979, 6212.61817962484, 7365.158414230791, 7275.288250043062, 6202.81088826152, 6721.290563948557, 8680.219846611328, 7059.526092576925, 4442.726455204529, 5695.655290729067, 6663.851739357822, 6370.3322284645055, 7516.337401066092, 6347.793431862197, 7939.718149267469, 7153.004453402015, 5032.566163929361, 7234.179792703163, 7020.915990330477, 7178.023135455414, 7143.508890170515, 6204.133627318286, 8064.11966845902, 5770.533966222799, 6874.196565946584, 5801.339813358392, 5007.759272767865, 7932.75280897776, 6559.768637174342, 5890.325529187065, 7006.498851165941]
[6001.04836311455, 7498.777520830666, 6834.748115578023, 6297.588615793601, 5388.112967696483, 6498.284120702001, 4595.710157556737, 8066.929996220553, 8087.204213040665, 3882.6362338273857, 9031.353537364033, 5872.8450886342425, 6322.102521902183, 7581.826789283252, 7523.693023471552, 5129.462205093216, 6524.842233700915, 6005.777011210519, 6442.242378321919, 3102.035656348201, 6212.61817962484, 7365.158414230791, 7275.288250043062, 6202.81088826152, 6721.290563948557, 8680.219846611328, 7059.526092576925, 4426.03913032314, 5681.626538904975, 6663.851739357822, 6370.3322284645055, 7516.337401066092, 6347.793431862197, 7939.718149267469, 7153.004453402015, 5023.456312840438, 7234.179792703163, 7020.915990330477, 7178.023135455414, 7134.6996570633, 6204.133627318286, 8064.11966845902, 5770.533966222799, 6874.196565946584, 5801.339813358392, 4985.208437677852, 7932.75280897776, 6532.318504139764, 5890.325529187065, 7006.498851165941]
[6001.04836311455, 7498.777520830666, 6834.748115578023, 6297.588615793601, 5385.335010499709, 6498.284120702001, 4582.53158554146, 8066.929996220553, 8087.204213040665, 3867.9178611759517, 9031.353537364033, 5872.8450886342425, 6322.102521902183, 7581.826789283252, 7522.532092415192, 5125.256907847692, 6524.842233700915, 5987.392598970744, 6405.913857341818, 3102.0356147402513, 6195.9595569172, 7365.158414230791, 7275.288250043062, 6202.81088826152, 6721.290563948557, 8680.219846611328, 7059.526092576925, 4423.602909185836, 5681.626538904975, 6663.851739357822, 6370.3322284645055, 7516.337401066092, 6347.793431862197, 7939.718149267469, 7145.651460514865, 5020.840867685639, 7234.179792703163, 7020.915990330477, 7178.023135455414, 7134.6996570633, 6183.808214519689, 8062.3737203053115, 5770.533966222799, 6872.105419643764, 5801.339813358392, 4985.208437677852, 7932.75280897776, 6526.3347437880875, 5890.325529187065, 7006.498851165941]
[6001.04836311455, 7498.777520830666, 6832.258743748095, 6287.244323830245, 5377.326334371342, 6498.284120702001, 4582.53158554146, 8066.929996220553, 8082.814062957959, 3849.2722698947023, 9031.353537364033, 5872.8450886342425, 6322.102521902183, 7581.826789283252, 7522.532092415192, 5125.256907847692, 6524.842233700915, 5987.392598970744, 6405.913857341818, 3102.008206205912, 6195.9595569172, 7360.039281255229, 7275.288250043062, 6201.727622766131, 6721.290563948557, 8680.219846611328, 7059.526092576925, 4422.033623453885, 5681.626538904975, 6663.851739357822, 6370.3322284645055, 7516.337401066092, 6346.7969204305555, 7905.364197483085, 7145.651460514865, 5020.840867685639, 7234.179792703163, 7020.915990330477, 7178.023135455414, 7131.50929865668, 6183.808214519689, 8062.3737203053115, 5770.533966222799, 6858.651859577143, 5774.704032524338, 4980.089058961266, 7932.75280897776, 6526.3347437880875, 5882.176910945054, 7006.498851165941]
[5994.027962998508, 7496.173128088822, 6832.258743748095, 6287.1400025318335, 5370.730677834503, 6498.284120702001, 4571.051729038512, 8066.929996220553, 8082.814062957959, 3849.133702701301, 8996.100713447375, 5866.966871741172, 6322.102521902183, 7581.826789283252, 7522.532092415192, 5121.717654305362, 6524.842233700915, 5960.936286173145, 6388.667597131354, 3100.444391340768, 6188.885679747753, 7359.6807544480125, 7275.288250043062, 6193.340017675061, 6721.290563948557, 8658.529307378292, 7059.526092576925, 4421.783010470703, 5681.626538904975, 6663.851739357822, 6370.3322284645055, 7516.337401066092, 6345.367927333738, 7905.364197483085, 7145.651460514865, 5020.840867685639, 7234.179792703163, 7006.63148628955, 7169.208107813671, 7131.50929865668, 6164.419871142499, 8062.3737203053115, 5770.533966222799, 6858.651859577143, 5765.616547642126, 4980.089058961266, 7918.001217320666, 6505.074265678692, 5859.909878218379, 6992.665382180503]
[5994.027962998508, 7496.173128088822, 6832.258743748095, 6287.1400025318335, 5359.009094483307, 6498.284120702001, 4571.051729038512, 8060.097193496721, 8082.814062957959, 3840.9393734829805, 8996.100713447375, 5866.966871741172, 6322.102521902183, 7581.826789283252, 7522.532092415192, 5121.717654305362, 6524.842233700915, 5960.936286173145, 6386.274454070267, 3090.603584708779, 6172.779106269064, 7359.6807544480125, 7274.839838372716, 6193.340017675061, 6721.290563948557, 8658.529307378292, 7055.8272621193755, 4421.783010470703, 5681.626538904975, 6663.851739357822, 6324.903170956591, 7491.460185970258, 6345.367927333738, 7905.364197483085, 7145.651460514865, 5006.60831464358, 7234.179792703163, 7006.63148628955, 7169.208107813671, 7124.74077001167, 6164.419871142499, 8062.3737203053115, 5770.533966222799, 6852.782089221348, 5765.616547642126, 4980.089058961266, 7918.001217320666, 6505.074265678692, 5859.909878218379, 6992.665382180503]
[5994.027962998508, 7496.173128088822, 6832.258743748095, 6287.1400025318335, 5349.391092464038, 6493.886041898574, 4570.983718448172, 8060.097193496721, 8082.814062957959, 3827.4257004841334, 8980.26389427831, 5866.966871741172, 6277.344320923482, 7581.826789283252, 7504.235114498255, 5103.999403018543, 6524.842233700915, 5960.936286173145, 6386.274454070267, 3066.5032442310085, 6165.572851947907, 7359.6807544480125, 7274.839838372716, 6193.340017675061, 6706.044856374627, 8658.529307378292, 7055.8272621193755, 4421.783010470703, 5681.626538904975, 6662.563220957582, 6323.498124790383, 7491.460185970258, 6345.367927333738, 7882.334359872295, 7145.651460514865, 5006.60831464358, 7214.049749496764, 7005.5354792486205, 7169.208107813671, 7121.968560595582, 6164.419871142499, 8062.3737203053115, 5770.533966222799, 6852.782089221348, 5765.616547642126, 4977.232393402662, 7918.001217320666, 6505.074265678692, 5796.68334336199, 6992.665382180503]
[5994.027962998508, 7496.173128088822, 6832.258743748095, 6287.1400025318335, 5349.391092464038, 6476.926916634402, 4570.0989019608105, 8048.088525330548, 8082.814062957959, 3825.733232279209, 8980.26389427831, 5866.966871741172, 6277.344320923482, 7570.1286228271365, 7463.604898031165, 5089.448662588435, 6524.257488560642, 5960.936286173145, 6386.274454070267, 3066.5032442310085, 6165.572851947907, 7359.6807544480125, 7260.966300199756, 6193.340017675061, 6706.044856374627, 8658.529307378292, 7055.8272621193755, 4377.539949956785, 5668.000710473065, 6662.563220957582, 6314.072219824458, 7487.257999926517, 6341.84208518261, 7882.334359872295, 7141.199304248214, 5006.60831464358, 7176.981640746048, 7005.5354792486205, 7169.208107813671, 7121.968560595582, 6152.1805517717885, 8054.246770005397, 5770.533966222799, 6852.782089221348, 5765.616547642126, 4977.232393402662, 7918.001217320666, 6469.40826276699, 5796.68334336199, 6992.665382180503]
[5994.027962998508, 7496.173128088822, 6830.8990209491485, 6287.1400025318335, 5337.348873356219, 6476.926916634402, 4568.208755956535, 8048.088525330548, 8082.814062957959, 3819.3323745864823, 8980.26389427831, 5866.966871741172, 6277.344320923482, 7563.066364128179, 7463.604898031165, 5089.448662588435, 6524.257488560642, 5960.936286173145, 6386.274454070267, 3060.9290408959832, 6165.572851947907, 7359.6807544480125, 7260.966300199756, 6193.340017675061, 6706.044856374627, 8658.529307378292, 7040.264574791133, 4370.886633253431, 5668.000710473065, 6662.563220957582, 6314.072219824458, 7487.257999926517, 6340.773367902891, 7882.334359872295, 7140.573853103221, 5001.9043510999345, 7176.981640746048, 7005.5354792486205, 7169.208107813671, 7121.968560595582, 6152.1805517717885, 8042.657617807738, 5770.533966222799, 6852.782089221348, 5742.432182318128, 4977.232393402662, 7918.001217320666, 6469.40826276699, 5796.68334336199, 6992.665382180503]
[5994.027962998508, 7472.884241342006, 6830.8990209491485, 6264.896860761064, 5326.601409473593, 6476.926916634402, 4562.919403794337, 8048.088525330548, 8082.814062957959, 3816.9127400189345, 8980.26389427831, 5866.966871741172, 6218.6590552185, 7563.066364128179, 7463.604898031165, 5036.149385219645, 6510.834444633942, 5960.868120258319, 6386.274454070267, 3054.899438296882, 6160.295647713438, 7359.6807544480125, 7260.966300199756, 6190.786387902259, 6706.044856374627, 8651.989283415713, 7019.319406380606, 4370.8800167868685, 5668.000710473065, 6662.563220957582, 6314.072219824458, 7487.257999926517, 6340.412574762033, 7882.334359872295, 7140.573853103221, 4995.984586066472, 7176.981640746048, 7005.5354792486205, 7169.208107813671, 7121.968560595582, 6136.776342589565, 8042.657617807738, 5733.026922987365, 6852.782089221348, 5698.1198565160785, 4940.425306422424, 7918.001217320666, 6462.946509930133, 5794.795163330641, 6992.665382180503]
[5994.027962998508, 7472.884241342006, 6830.8990209491485, 6262.020674345414, 5326.601409473593, 6476.926916634402, 4560.012698104589, 8045.530195536652, 8082.814062957959, 3782.230982169526, 8980.26389427831, 5866.966871741172, 6218.6590552185, 7563.066364128179, 7463.604898031165, 5024.179439906601, 6510.834444633942, 5956.283450587651, 6386.274454070267, 3051.71706123372, 6160.295647713438, 7353.703918585324, 7260.966300199756, 6190.786387902259, 6706.044856374627, 8651.989283415713, 7019.319406380606, 4370.854860930723, 5668.000710473065, 6662.563220957582, 6294.574365393642, 7487.257999926517, 6340.412574762033, 7882.334359872295, 7140.573853103221, 4983.293621132169, 7171.175881838246, 7003.514795616, 7169.208107813671, 7121.968560595582, 6136.776342589565, 8025.704736362744, 5726.595598896909, 6846.827183820564, 5697.537504617083, 4937.689870610203, 7918.001217320666, 6462.946509930133, 5794.795163330641, 6988.618260729479]
[5965.459454515307, 7472.884241342006, 6830.8990209491485, 6242.298937180532, 5318.662494281275, 6476.926916634402, 4557.4018656412045, 8045.530195536652, 8082.814062957959, 3773.542529631105, 8980.26389427831, 5866.966871741172, 6218.6590552185, 7563.066364128179, 7463.604898031165, 5024.179439906601, 6510.834444633942, 5956.283450587651, 6386.274454070267, 3044.939093720768, 6160.295647713438, 7353.703918585324, 7260.966300199756, 6190.786387902259, 6706.044856374627, 8651.989283415713, 7019.319406380606, 4360.073966538106, 5660.457939738854, 6662.563220957582, 6294.574365393642, 7487.257999926517, 6339.593469708458, 7862.554332229674, 7140.573853103221, 4983.293621132169, 7153.545588404566, 7003.514795616, 7169.208107813671, 7121.968560595582, 6127.834677717045, 8025.704736362744, 5726.595598896909, 6825.3404306419125, 5697.537504617083, 4926.238045432744, 7918.001217320666, 6462.946509930133, 5794.795163330641, 6988.618260729479]
[5965.459454515307, 7472.884241342006, 6830.8990209491485, 6242.298937180532, 5316.587959425398, 6473.401471469329, 4543.574526083077, 8045.530195536652, 8082.814062957959, 3769.9090048120793, 8968.5654182631, 5837.023880296884, 6218.6590552185, 7563.066364128179, 7463.604898031165, 5018.387705289916, 6510.834444633942, 5956.283450587651, 6386.274454070267, 3042.3993363704126, 6127.962829524219, 7353.703918585324, 7260.966300199756, 6168.8826534814125, 6706.044856374627, 8651.989283415713, 7019.319406380606, 4358.678419037671, 5660.457939738854, 6648.083060449579, 6294.574365393642, 7404.336064303238, 6318.343619365143, 7859.139440057469, 7140.573853103221, 4983.293621132169, 7151.328890017117, 6989.9362151736495, 7169.208107813671, 7121.968560595582, 6088.760731528466, 8025.704736362744, 5722.127370515242, 6825.3404306419125, 5697.537504617083, 4922.522008888483, 7918.001217320666, 6447.5148802816375, 5748.184002316155, 6988.618260729479]
[5965.459454515307, 7472.884241342006, 6830.8990209491485, 6230.542853288935, 5301.835304517657, 6473.401471469329, 4522.486896441448, 8045.530195536652, 8082.814062957959, 3750.7953175762595, 8965.492986329797, 5837.023880296884, 6218.6590552185, 7563.066364128179, 7463.604898031165, 5010.821196547609, 6510.834444633942, 5956.283450587651, 6386.274454070267, 3014.989265683619, 6120.384858683255, 7353.703918585324, 7260.966300199756, 6144.707360629536, 6706.044856374627, 8651.989283415713, 7007.285980001487, 4355.059039299624, 5660.457939738854, 6648.083060449579, 6294.574365393642, 7404.336064303238, 6314.028594585286, 7859.139440057469, 7140.573853103221, 4983.293621132169, 7151.328890017117, 6989.9362151736495, 7169.208107813671, 7121.968560595582, 6088.760731528466, 8025.704736362744, 5698.364213186673, 6825.3404306419125, 5697.537504617083, 4911.862527750878, 7918.001217320666, 6447.5148802816375, 5745.034888789183, 6988.618260729479]
[5909.835795574107, 7472.884241342006, 6830.8990209491485, 6215.816145348621, 5301.835304517657, 6473.401471469329, 4521.189963395249, 7992.205576345635, 8082.814062957959, 3748.4126514599675, 8965.492986329797, 5826.42660852665, 6218.6590552185, 7563.066364128179, 7463.604898031165, 5002.859032996988, 6510.834444633942, 5956.283450587651, 6386.274454070267, 3014.973229450744, 6120.384858683255, 7349.945914906426, 7258.639171313324, 6144.707360629536, 6706.044856374627, 8651.989283415713, 7003.152531359189, 4352.478630602809, 5660.457939738854, 6642.981971971749, 6294.574365393642, 7404.336064303238, 6314.017506583745, 7859.139440057469, 7125.988093383446, 4983.1998130841675, 7151.328890017117, 6980.52958571735, 7169.208107813671, 7120.327883564385, 6070.484895697697, 8025.704736362744, 5698.364213186673, 6825.3404306419125, 5697.537504617083, 4911.862527750878, 7918.001217320666, 6447.5148802816375, 5745.034888789183, 6988.618260729479]
[5909.835795574107, 7472.884241342006, 6830.8990209491485, 6215.816145348621, 5301.835304517657, 6451.167692401936, 4518.71542853935, 7992.205576345635, 8082.814062957959, 3742.652189673213, 8965.492986329797, 5826.42660852665, 6218.6590552185, 7563.066364128179, 7463.604898031165, 5002.859032996988, 6510.834444633942, 5956.283450587651, 6386.274454070267, 3012.7371866910426, 6111.322430975652, 7336.583631757111, 7258.639171313324, 6144.707360629536, 6696.520516463231, 8651.989283415713, 7003.152531359189, 4352.478630602809, 5660.457939738854, 6642.981971971749, 6294.574365393642, 7404.336064303238, 6314.017506583745, 7859.139440057469, 7125.988093383446, 4959.665475755093, 7148.962122705883, 6980.52958571735, 7157.050153932672, 7120.327883564385, 6070.484895697697, 8025.704736362744, 5697.721269312004, 6825.3404306419125, 5697.537504617083, 4883.034977741179, 7911.517021637743, 6447.5148802816375, 5691.09350991074, 6988.618260729479]
[5909.835795574107, 7472.884241342006, 6830.8990209491485, 6215.816145348621, 5301.835304517657, 6451.167692401936, 4516.394832835239, 7992.205576345635, 8082.814062957959, 3721.151436360748, 8965.492986329797, 5826.42660852665, 6218.6590552185, 7563.066364128179, 7459.733355999973, 5002.859032996988, 6509.32108231024, 5956.283450587651, 6386.274454070267, 3010.697960448131, 6099.57349825953, 7336.583631757111, 7198.171522895139, 6144.707360629536, 6696.520516463231, 8651.989283415713, 7003.152531359189, 4344.170955576154, 5660.457939738854, 6642.981971971749, 6294.574365393642, 7404.336064303238, 6305.729729649232, 7859.139440057469, 7125.988093383446, 4955.191327593723, 7146.13349031423, 6980.52958571735, 7157.050153932672, 7120.327883564385, 6059.886984565377, 8025.704736362744, 5697.721269312004, 6825.3404306419125, 5697.537504617083, 4882.355435711355, 7911.517021637743, 6447.5148802816375, 5691.09350991074, 6988.618260729479]
[5909.835795574107, 7472.884241342006, 6830.8990209491485, 6215.816145348621, 5267.946878192359, 6451.167692401936, 4516.394832835239, 7982.0945292443885, 8082.731752664955, 3700.629158264624, 8964.072344921242, 5819.322443702971, 6211.059837974115, 7563.066364128179, 7459.733355999973, 5002.859032996988, 6504.599611575678, 5908.2861508576625, 6347.158786491471, 3008.9879704661103, 6099.57349825953, 7336.583631757111, 7198.171522895139, 6144.707360629536, 6696.520516463231, 8651.989283415713, 7003.152531359189, 4344.154455885645, 5657.0148545956135, 6642.981971971749, 6274.308482643662, 7368.533542171504, 6305.729729649232, 7859.139440057469, 7125.988093383446, 4953.470647008007, 7146.13349031423, 6980.52958571735, 7155.501581430364, 7111.631542187007, 6059.886984565377, 8025.704736362744, 5657.839107857622, 6825.3404306419125, 5697.537504617083, 4882.355435711355, 7911.517021637743, 6446.631591719801, 5691.09350991074, 6988.618260729479]
[5909.835795574107, 7472.884241342006, 6810.762500433589, 6215.816145348621, 5267.946878192359, 6430.082896855828, 4508.058125906899, 7982.0945292443885, 8082.731752664955, 3693.396444001011, 8964.072344921242, 5819.322443702971, 6183.121801106296, 7563.066364128179, 7459.733355999973, 5002.859032996988, 6504.599611575678, 5908.2861508576625, 6338.842815974613, 3007.427470002472, 6099.57349825953, 7330.913680536956, 7198.171522895139, 6129.175756923974, 6696.520516463231, 8651.989283415713, 6960.601555289737, 4328.355488554944, 5656.873905485858, 6632.444671026724, 6274.308482643662, 7368.533542171504, 6305.729729649232, 7859.139440057469, 7122.984237828347, 4948.391389190733, 7146.13349031423, 6980.52958571735, 7142.620160320228, 7089.613212491718, 6051.498460555811, 8021.469686761232, 5657.839107857622, 6825.3404306419125, 5690.9196752793505, 4875.357789454366, 7908.152652212554, 6446.631591719801, 5691.09350991074, 6988.618260729479]
[5909.835795574107, 7472.884241342006, 6810.762500433589, 6215.816145348621, 5267.946878192359, 6430.082896855828, 4507.659616185398, 7982.0945292443885, 8082.731752664955, 3686.906973238285, 8964.072344921242, 5819.322443702971, 6176.433659688475, 7563.066364128179, 7459.733355999973, 4987.537296951151, 6499.454018185809, 5899.630836358571, 6338.842815974613, 3007.3256040870806, 6066.445911811062, 7330.913680536956, 7198.171522895139, 6127.900169043468, 6696.450413284549, 8651.989283415713, 6960.601555289737, 4326.439852375492, 5652.125452426391, 6632.444671026724, 6274.308482643662, 7365.299936268476, 6305.35151147656, 7859.139440057469, 7122.984237828347, 4925.090403804532, 7137.086257155921, 6980.52958571735, 7142.620160320228, 7069.576567293921, 6051.498460555811, 8021.469686761232, 5657.839107857622, 6825.3404306419125, 5690.9196752793505, 4874.341210522994, 7799.9667456110055, 6446.631591719801, 5691.09350991074, 6988.618260729479]
[5909.835795574107, 7472.884241342006, 6810.762500433589, 6215.816145348621, 5267.946878192359, 6413.375800584243, 4490.934880713821, 7944.606882753593, 8079.757503251654, 3686.906973238285, 8964.072344921242, 5819.322443702971, 6176.433659688475, 7563.066364128179, 7459.733355999973, 4980.1315968760555, 6487.642039017921, 5891.143634270745, 6333.859095451681, 2990.231902986506, 6064.116266569144, 7330.913680536956, 7198.171522895139, 6119.941060262781, 6696.450413284549, 8651.989283415713, 6939.928190415671, 4326.430128861866, 5634.714059677264, 6632.444671026724, 6274.308482643662, 7365.299936268476, 6303.647136766603, 7859.139440057469, 7122.984237828347, 4907.854057538218, 7137.086257155921, 6980.52958571735, 7142.620160320228, 7014.109446862511, 6051.498460555811, 7999.379685165653, 5631.097300864644, 6818.905951898409, 5672.2822951894, 4865.389358866604, 7799.9667456110055, 6446.631591719801, 5691.09350991074, 6986.510284263204]
[5909.835795574107, 7472.884241342006, 6810.762500433589, 6215.816145348621, 5267.946878192359, 6413.375800584243, 4481.174946437726, 7944.606882753593, 8079.757503251654, 3673.8261566790025, 8964.072344921242, 5799.36273854787, 6176.433659688475, 7563.066364128179, 7459.733355999973, 4980.1315968760555, 6487.642039017921, 5891.143634270745, 6333.859095451681, 2987.3054598028475, 6064.116266569144, 7330.913680536956, 7198.171522895139, 6099.649645238881, 6696.450413284549, 8651.989283415713, 6932.117779081789, 4308.727431185648, 5623.357187148751, 6632.444671026724, 6274.308482643662, 7365.299936268476, 6303.174101657211, 7859.139440057469, 7109.708601407116, 4885.059395089077, 7137.086257155921, 6980.52958571735, 7142.620160320228, 7014.109446862511, 6051.498460555811, 7999.379685165653, 5631.097300864644, 6818.905951898409, 5672.2822951894, 4855.555572278685, 7799.9667456110055, 6446.631591719801, 5691.09350991074, 6986.510284263204]
[5909.835795574107, 7472.884241342006, 6810.762500433589, 6215.816145348621, 5267.946878192359, 6413.375800584243, 4481.174946437726, 7944.606882753593, 8079.757503251654, 3673.825660166133, 8964.072344921242, 5798.551403527798, 6176.433659688475, 7562.052016393451, 7459.733355999973, 4974.546273874441, 6478.8431685565, 5891.143634270745, 6333.859095451681, 2986.986388036911, 6060.171517905814, 7329.297793118705, 7179.382941499163, 6099.649645238881, 6680.57782155942, 8651.989283415713, 6932.117779081789, 4308.727431185648, 5595.664119728474, 6632.444671026724, 6274.308482643662, 7365.299936268476, 6302.89820763312, 7859.139440057469, 7074.069073632393, 4885.059395089077, 7124.599991600233, 6967.361696345795, 7142.620160320228, 7014.109446862511, 6051.498460555811, 7999.379685165653, 5629.6942413804045, 6818.905951898409, 5672.2822951894, 4823.529348128101, 7799.9667456110055, 6432.802109970726, 5690.550319745596, 6974.648635237974]
[5909.835795574107, 7472.884241342006, 6810.762500433589, 6215.816145348621, 5267.946878192359, 6413.375800584243, 4475.408352130858, 7944.606882753593, 8079.757503251654, 3673.540301426794, 8964.072344921242, 5796.026895624151, 6169.661521264128, 7562.052016393451, 7459.733355999973, 4974.546273874441, 6477.547633021128, 5891.143634270745, 6333.859095451681, 2983.483147603328, 6060.171517905814, 7329.297793118705, 7179.382941499163, 6099.649645238881, 6680.57782155942, 8651.989283415713, 6932.117779081789, 4308.727431185648, 5589.223078338546, 6632.444671026724, 6274.308482643662, 7365.299936268476, 6289.710436755414, 7859.139440057469, 7074.069073632393, 4885.059395089077, 7124.599991600233, 6967.361696345795, 7142.620160320228, 7014.109446862511, 6051.498460555811, 7999.379685165653, 5629.6942413804045, 6818.200517003967, 5672.2822951894, 4821.790090144124, 7799.9667456110055, 6432.802109970726, 5690.550319745596, 6952.677355200924]
[5909.835795574107, 7472.884241342006, 6810.762500433589, 6215.816145348621, 5267.946878192359, 6409.153985656138, 4471.749885311082, 7944.606882753593, 8079.757503251654, 3671.606242985045, 8964.072344921242, 5796.026895624151, 6169.661521264128, 7555.92577692238, 7459.733355999973, 4940.986508920041, 6477.547633021128, 5891.143634270745, 6313.975617470595, 2977.7635055624555, 6057.6976672120345, 7312.228435677588, 7162.432545868078, 6096.562453389228, 6680.57782155942, 8651.989283415713, 6932.117779081789, 4308.719183929557, 5589.223078338546, 6632.444671026724, 6263.242336118152, 7365.299936268476, 6289.558245579092, 7859.139440057469, 7074.069073632393, 4865.350098614317, 7124.599991600233, 6959.663087825576, 7142.620160320228, 7009.71334306976, 6051.498460555811, 7999.379685165653, 5629.6942413804045, 6818.200517003967, 5672.2822951894, 4821.790090144124, 7799.9667456110055, 6432.802109970726, 5690.550319745596, 6952.677355200924]
[5909.835795574107, 7472.705121019293, 6807.651636634709, 6187.81246881074, 5265.292779208141, 6409.153985656138, 4470.202124727008, 7944.606882753593, 8079.757503251654, 3671.606242985045, 8956.377666922988, 5796.026895624151, 6169.661521264128, 7555.92577692238, 7459.733355999973, 4932.009322136304, 6477.547633021128, 5891.143634270745, 6313.975617470595, 2977.383499802824, 6057.6976672120345, 7312.228435677588, 7162.432545868078, 6096.562453389228, 6670.47673977637, 8651.989283415713, 6925.8645840108, 4308.719183929557, 5589.223078338546, 6632.444671026724, 6247.715828821434, 7365.299936268476, 6289.091384553154, 7859.139440057469, 7074.069073632393, 4865.350098614317, 7124.599991600233, 6959.663087825576, 7142.620160320228, 7009.71334306976, 6051.498460555811, 7999.379685165653, 5629.6942413804045, 6818.200517003967, 5672.2822951894, 4821.790090144124, 7799.9667456110055, 6415.332082725652, 5662.500475334789, 6952.677355200924]
[5909.835795574107, 7472.705121019293, 6790.706157776224, 6162.682821512908, 5265.292779208141, 6409.153985656138, 4466.502068727921, 7944.606882753593, 8020.852757406579, 3671.606242985045, 8956.377666922988, 5793.967260325056, 6169.661521264128, 7555.92577692238, 7459.733355999973, 4925.109658481431, 6459.991429703243, 5891.143634270745, 6313.975617470595, 2975.711233819977, 6057.6976672120345, 7312.228435677588, 7162.432545868078, 6096.562453389228, 6670.47673977637, 8651.989283415713, 6925.8645840108, 4301.708573451988, 5589.223078338546, 6632.444671026724, 6235.31852538332, 7356.608491123606, 6283.893428926123, 7859.139440057469, 7074.069073632393, 4812.947207472245, 7124.599991600233, 6959.663087825576, 7142.620160320228, 6942.835359703604, 6048.970888829696, 7996.324861415252, 5629.6942413804045, 6818.200517003967, 5666.386169099486, 4816.786083165667, 7799.9667456110055, 6415.332082725652, 5662.500475334789, 6914.876060849058]
[5909.835795574107, 7465.873322988613, 6790.706157776224, 6162.682821512908, 5237.021372482897, 6401.304105813709, 4456.616565480113, 7944.606882753593, 8020.852757406579, 3664.631064773644, 8956.377666922988, 5792.6711348690005, 6169.661521264128, 7555.92577692238, 7459.733355999973, 4920.598871934337, 6452.935901219003, 5886.994392085819, 6313.975617470595, 2973.5270001063186, 6050.30261872166, 7312.228435677588, 7162.432545868078, 6096.562453389228, 6670.47673977637, 8651.989283415713, 6925.8645840108, 4299.79966086268, 5589.223078338546, 6632.444671026724, 6235.31852538332, 7356.608491123606, 6283.893428926123, 7859.139440057469, 7067.937465695216, 4800.510592752546, 7124.599991600233, 6959.663087825576, 7125.862466215597, 6939.033914592286, 6043.273774563017, 7996.324861415252, 5625.259988818374, 6818.200517003967, 5666.386169099486, 4813.527625800297, 7799.9667456110055, 6406.331045021023, 5662.500475334789, 6914.876060849058]
[5909.835795574107, 7465.873322988613, 6786.4946138136165, 6162.682821512908, 5237.021372482897, 6401.304105813709, 4440.498155563762, 7944.606882753593, 8020.852757406579, 3664.3043887264444, 8939.717516417755, 5791.190675835898, 6169.661521264128, 7555.92577692238, 7459.733355999973, 4912.321693232485, 6452.935901219003, 5886.994392085819, 6309.871319741862, 2968.022068098764, 6050.30261872166, 7296.410650097992, 7162.432545868078, 6019.934461607642, 6670.47673977637, 8635.339659925803, 6921.227221284249, 4296.533862486716, 5570.594407418192, 6632.444671026724, 6231.544145051051, 7356.608491123606, 6283.893428926123, 7859.139440057469, 7055.538303237683, 4792.545883736313, 7124.599991600233, 6959.663087825576, 7125.862466215597, 6939.033914592286, 6041.267954980673, 7996.324861415252, 5625.259988818374, 6817.438754211394, 5666.386169099486, 4813.527625800297, 7799.9667456110055, 6406.331045021023, 5660.479307441482, 6905.806122918807]
[5909.835795574107, 7465.873322988613, 6786.4946138136165, 6152.80337565785, 5220.665876585974, 6398.4453750228295, 4430.064157461833, 7944.606882753593, 8020.852757406579, 3646.1008909143434, 8939.717516417755, 5772.2806595845295, 6169.661521264128, 7555.92577692238, 7427.4604114721615, 4912.321693232485, 6452.935901219003, 5886.994392085819, 6309.871319741862, 2967.95852543867, 6050.30261872166, 7289.898460227172, 7162.432545868078, 6019.934461607642, 6670.47673977637, 8635.339659925803, 6912.368309664524, 4270.570404243068, 5568.823263993024, 6632.444671026724, 6231.544145051051, 7356.608491123606, 6283.893428926123, 7859.139440057469, 7043.696026024036, 4789.423600422141, 7124.599991600233, 6919.169618473805, 7125.862466215597, 6939.033914592286, 6041.267954980673, 7960.272254147722, 5625.259988818374, 6817.438754211394, 5666.386169099486, 4813.527625800297, 7794.909182303226, 6406.331045021023, 5660.479307441482, 6905.806122918807]
[5909.835795574107, 7465.873322988613, 6786.4946138136165, 6152.80337565785, 5220.665876585974, 6392.925327271899, 4428.630673557807, 7943.114708265736, 8017.272566842685, 3644.1959318540466, 8939.717516417755, 5770.985329685456, 6162.528889714986, 7555.92577692238, 7427.4604114721615, 4910.295642382442, 6425.971815061233, 5886.994392085819, 6309.871319741862, 2965.356208864578, 6038.723127607989, 7289.898460227172, 7162.432545868078, 6002.804080196643, 6652.514880070075, 8635.339659925803, 6910.522422714641, 4251.244162484103, 5568.823263993024, 6627.035163487439, 6217.641006919749, 7356.608491123606, 6270.264058813986, 7859.139440057469, 7043.696026024036, 4786.1083840096635, 7124.558117301416, 6919.169618473805, 7125.862466215597, 6925.4813678326245, 6031.330058954185, 7960.272254147722, 5625.259988818374, 6817.438754211394, 5666.386169099486, 4803.9093858170945, 7794.909182303226, 6406.331045021023, 5654.071725026758, 6905.806122918807]
[5909.835795574107, 7465.873322988613, 6786.4946138136165, 6151.595886573371, 5220.665876585974, 6392.925327271899, 4419.787650082225, 7943.114708265736, 8017.272566842685, 3619.977156691005, 8939.717516417755, 5770.985329685456, 6162.528889714986, 7555.92577692238, 7390.2429083638835, 4910.295642382442, 6425.971815061233, 5886.994392085819, 6309.871319741862, 2962.523488353573, 6038.723127607989, 7289.898460227172, 7162.432545868078, 6002.804080196643, 6652.514880070075, 8635.339659925803, 6910.522422714641, 4251.244162484103, 5564.586392149892, 6627.035163487439, 6217.641006919749, 7332.583598742736, 6268.150990824535, 7859.139440057469, 7043.0282238929285, 4784.686788151185, 7124.558117301416, 6919.169618473805, 7125.862466215597, 6925.4813678326245, 6031.330058954185, 7960.272254147722, 5625.259988818374, 6812.075324237095, 5666.386169099486, 4803.454460633775, 7794.909182303226, 6406.331045021023, 5654.071725026758, 6905.806122918807]
[5905.99728470373, 7465.873322988613, 6786.4946138136165, 6135.076895351951, 5220.665876585974, 6392.925327271899, 4357.670523917044, 7943.114708265736, 8017.272566842685, 3619.838092911931, 8939.717516417755, 5770.985329685456, 6162.528889714986, 7544.041740855119, 7390.2429083638835, 4910.295642382442, 6425.971815061233, 5879.947383738414, 6309.871319741862, 2961.968296623888, 6038.723127607989, 7281.377523396686, 7162.432545868078, 5999.253724021174, 6652.514880070075, 8635.339659925803, 6909.826084036967, 4251.244162484103, 5544.840444939749, 6627.035163487439, 6217.641006919749, 7332.583598742736, 6250.317833319348, 7859.139440057469, 7043.0282238929285, 4784.686788151185, 7123.871756951058, 6919.169618473805, 7070.116128008389, 6924.961267694898, 6031.330058954185, 7960.272254147722, 5625.259988818374, 6812.075324237095, 5663.4234334697785, 4772.978840418136, 7731.685613241099, 6406.331045021023, 5654.071725026758, 6905.806122918807]
[5898.652196327853, 7463.109763949376, 6768.864574151436, 6135.076895351951, 5220.665876585974, 6364.543181868255, 4356.998700813232, 7943.114708265736, 8017.272566842685, 3602.5825322104574, 8939.717516417755, 5768.815471515731, 6162.528889714986, 7544.041740855119, 7390.2429083638835, 4910.295642382442, 6425.971815061233, 5879.947383738414, 6309.871319741862, 2961.2243970723166, 6037.466514862554, 7267.050966748757, 7142.618976942516, 5992.452651709405, 6652.514880070075, 8620.229429967369, 6853.840747244074, 4250.674686852422, 5544.840444939749, 6627.035163487439, 6217.641006919749, 7332.583598742736, 6250.317833319348, 7859.139440057469, 7043.0282238929285, 4784.686788151185, 7090.185283636138, 6919.169618473805, 7070.116128008389, 6924.961267694898, 6031.330058954185, 7956.620355893644, 5625.259988818374, 6812.075324237095, 5663.4234334697785, 4772.978840418136, 7731.685613241099, 6406.331045021023, 5654.071725026758, 6905.806122918807]
[5898.652196327853, 7406.484037011724, 6768.864574151436, 6135.076895351951, 5209.819989751996, 6364.543181868255, 4356.998700813232, 7943.114708265736, 8017.272566842685, 3597.1281095679055, 8939.717516417755, 5760.590834262739, 6162.528889714986, 7544.041740855119, 7390.2429083638835, 4910.295642382442, 6425.971815061233, 5876.610087905936, 6309.871319741862, 2958.874935902225, 6037.466514862554, 7266.987856871267, 7142.618976942516, 5977.923402704747, 6650.518493930715, 8620.229429967369, 6838.217384460763, 4229.713644167373, 5544.840444939749, 6625.518256043916, 6217.641006919749, 7332.583598742736, 6250.317833319348, 7859.139440057469, 7043.0282238929285, 4757.542537890755, 7090.185283636138, 6919.169618473805, 7070.116128008389, 6924.961267694898, 6031.330058954185, 7956.620355893644, 5623.667875786732, 6812.075324237095, 5663.4234334697785, 4772.978840418136, 7731.685613241099, 6406.331045021023, 5654.071725026758, 6905.806122918807]
[5898.652196327853, 7406.484037011724, 6768.864574151436, 6116.770750850074, 5209.819989751996, 6364.543181868255, 4356.952313775362, 7943.114708265736, 7995.3376511937795, 3594.252431349253, 8939.717516417755, 5760.590834262739, 6162.486092251168, 7544.041740855119, 7390.2429083638835, 4910.295642382442, 6425.971815061233, 5876.610087905936, 6309.871319741862, 2957.607376566367, 6037.466514862554, 7258.769815151046, 7142.618976942516, 5977.923402704747, 6650.518493930715, 8620.229429967369, 6838.217384460763, 4227.851702805994, 5544.840444939749, 6622.891947220208, 6217.641006919749, 7332.583598742736, 6250.317833319348, 7849.017043070261, 7043.0282238929285, 4756.530677654646, 7087.43766931618, 6919.169618473805, 7070.116128008389, 6924.961267694898, 6027.949210326955, 7956.620355893644, 5623.667875786732, 6784.640786719363, 5663.4234334697785, 4772.956863141486, 7731.685613241099, 6393.080363622662, 5654.071725026758, 6905.806122918807]
[5898.652196327853, 7406.484037011724, 6768.864574151436, 6116.653857034487, 5199.465713384334, 6364.543181868255, 4356.952313775362, 7943.114708265736, 7987.346550421874, 3592.4180868819976, 8939.717516417755, 5758.033669494334, 6149.854358639445, 7544.041740855119, 7390.2429083638835, 4910.295642382442, 6425.971815061233, 5858.813554324101, 6309.871319741862, 2941.423935110638, 6021.268252582071, 7258.769815151046, 7142.618976942516, 5977.923402704747, 6650.518493930715, 8620.229429967369, 6838.217384460763, 4223.304246194525, 5507.526322579517, 6622.891947220208, 6194.326693150823, 7332.583598742736, 6250.317833319348, 7849.017043070261, 7036.087580227967, 4750.514739961903, 7087.385250764685, 6919.169618473805, 7070.116128008389, 6924.961267694898, 6027.949210326955, 7956.620355893644, 5618.736901059735, 6784.640786719363, 5663.4234334697785, 4741.506080947937, 7731.685613241099, 6393.080363622662, 5653.712347344003, 6905.806122918807]
[5898.652196327853, 7406.484037011724, 6768.864574151436, 6100.166030536444, 5166.226803878262, 6364.543181868255, 4356.952313775362, 7943.114708265736, 7987.346550421874, 3589.813395566922, 8939.717516417755, 5758.033669494334, 6149.854358639445, 7544.041740855119, 7390.2429083638835, 4880.250406549725, 6414.230200702745, 5845.805046618103, 6309.871319741862, 2940.7938905980745, 6021.268252582071, 7255.484278203153, 7127.551650868819, 5977.923402704747, 6650.518493930715, 8600.49461217139, 6838.217384460763, 4207.650830509584, 5507.526322579517, 6622.891947220208, 6194.326693150823, 7332.583598742736, 6249.751921543536, 7849.017043070261, 7036.087580227967, 4744.23906134223, 7071.817141594734, 6919.169618473805, 7068.778364575373, 6924.961267694898, 6027.949210326955, 7956.620355893644, 5618.736901059735, 6784.178211483629, 5663.4234334697785, 4738.083439906166, 7731.685613241099, 6393.080363622662, 5653.712347344003, 6905.806122918807]
[5892.987854255659, 7395.280300413882, 6768.864574151436, 6096.550283033492, 5166.226803878262, 6364.543181868255, 4337.593418313529, 7943.114708265736, 7979.39020310914, 3583.0186355880455, 8939.717516417755, 5757.37127289525, 6138.709335974794, 7544.041740855119, 7390.2429083638835, 4875.045964005574, 6414.230200702745, 5831.220190958302, 6309.871319741862, 2935.9462842064872, 6001.787443149065, 7255.484278203153, 7127.551650868819, 5977.923402704747, 6650.518493930715, 8600.49461217139, 6838.217384460763, 4207.600192315118, 5507.526322579517, 6590.992043789866, 6194.326693150823, 7332.583598742736, 6249.751921543536, 7849.017043070261, 7036.087580227967, 4744.23906134223, 7071.817141594734, 6919.169618473805, 7068.778364575373, 6913.400962579688, 6027.949210326955, 7956.620355893644, 5616.059388926939, 6784.178211483629, 5663.4234334697785, 4738.083439906166, 7717.173233174227, 6393.080363622662, 5653.712347344003, 6905.806122918807]
[5882.429881636156, 7395.280300413882, 6761.075506585451, 6096.550283033492, 5151.5373051932565, 6364.543181868255, 4337.593418313529, 7943.114708265736, 7979.39020310914, 3566.0099590565865, 8939.717516417755, 5757.37127289525, 6138.709335974794, 7544.041740855119, 7390.2429083638835, 4868.156176244939, 6405.248733440471, 5786.168172765628, 6309.871319741862, 2934.355372353993, 6001.787443149065, 7255.484278203153, 7127.551650868819, 5977.923402704747, 6650.518493930715, 8600.49461217139, 6838.217384460763, 4206.579571239008, 5498.971758721627, 6590.992043789866, 6194.326693150823, 7324.209499363074, 6249.701442639627, 7849.017043070261, 7024.940491622228, 4744.23906134223, 7071.817141594734, 6918.388860889597, 7068.778364575373, 6913.400962579688, 6027.949210326955, 7956.620355893644, 5601.7340666202335, 6784.168446489586, 5650.621930814933, 4738.083439906166, 7717.173233174227, 6393.080363622662, 5647.0821276813385, 6905.806122918807]
