[84.9129830070439, 84.97354648304437, 85.78934594295546, 85.61068223201585, 85.4471220583375, 85.04722536978537, 86.09110916123907, 86.04780217472197, 85.18006146391173, 85.37681685860572, 84.58001718075684, 85.33441816785981, 86.658046455771, 85.31197415342662, 84.89033163335984, 86.67628560279859, 85.22322518196701, 86.28822788300737, 86.35968849118964, 85.01848140897127, 85.71608523416981, 85.31225028779635, 86.11772693854813, 85.8976468831811, 85.10581474432716, 84.71036627717274, 85.47717548071805, 85.51873244613151, 85.7502180783343, 86.14488760535824, 86.22597016159992, 84.90712546033355, 85.53080152756984, 86.15844801249536, 86.79416621101664, 86.42736672674157, 84.36834726153214, 85.03469503156782, 85.79829321245629, 85.48083173030224, 86.3300144883586, 85.04904688291612, 85.62995687807054, 84.87789136609851, 85.6556039070867, 84.42651687433218, 85.09902057607707, 85.25476349491744, 85.6861920105142, 85.63073110781832]
[84.90934183783509, 84.90738969035698, 85.78934594295546, 85.47183823188196, 85.259708597945, 85.00681602689323, 86.06058731376791, 85.64426460374509, 84.86459171970034, 85.0599385586655, 84.47188356387046, 85.03951846038845, 86.59819644139523, 84.89270309415723, 84.63805753275423, 86.27581245860543, 85.16022438878899, 86.18592898909118, 86.1932226280367, 84.77140306912624, 85.71608523416981, 85.2327377870258, 85.82252236103574, 85.73125136336043, 85.01694558258671, 84.5566314850923, 85.47717548071805, 85.51873244613151, 85.64164464685442, 86.13565982819966, 86.22597016159992, 84.9033373521705, 85.23116840995347, 85.63914860447629, 86.40675974263613, 86.40810348398394, 84.23910811097572, 85.03051763663095, 85.67454069682319, 85.41187511164863, 85.96428910521573, 84.84061746492821, 85.41728250240251, 84.73567058435698, 85.57612730490027, 84.42651687433218, 85.00931875275471, 85.25476349491744, 85.6861920105142, 85.55612072586266]
[84.62441843362917, 84.90738969035698, 85.1510059161589, 85.39680026406018, 85.10073790923322, 85.00681602689323, 85.40837011629736, 85.49706044801759, 84.73766738425152, 85.0599385586655, 84.47188356387046, 84.90351086732946, 86.17606950246268, 84.59056791545049, 84.57876245103728, 86.10558174157669, 85.0249034550301, 85.65632388754167, 85.42575382754616, 84.67084946128092, 85.26591720108799, 84.86623892097698, 85.65039241308389, 85.58380580313097, 84.68389936733121, 84.37022022096183, 85.06318134671474, 85.09266948686363, 85.532458880413, 85.89249376318965, 85.99946348345824, 84.46911388363674, 84.84507150394992, 85.46377911743049, 86.1497674006053, 86.3212095193794, 83.7361180464202, 84.98686170357105, 85.49988475744944, 84.87773279252839, 85.91097584591856, 84.46883980688469, 85.20643593313204, 84.62677662798902, 85.48331615517802, 84.18402522071901, 84.92422936147383, 85.0669590931081, 85.6450043192633, 85.40962571397415]
[84.06432735904654, 84.03245466920738, 84.80615696812752, 84.61416415713029, 84.77777179627265, 84.88565819074816, 85.15309614440064, 84.87834549099969, 84.39999915947352, 84.86190234790989, 84.42755831091661, 84.863752758999, 85.55424287748231, 84.51941076377291, 84.06971612468014, 85.46483059032565, 84.76397944896156, 84.69684082750425, 85.18377633589033, 83.97868210437443, 85.0811157391227, 84.50020375202294, 85.37622177756208, 85.31578996031995, 84.12750561616562, 84.18085844601123, 84.71748367803367, 84.82198868160606, 85.14989579273087, 85.75356774955358, 85.23585331407936, 84.42057778874396, 84.50772219114893, 85.35084498541411, 85.69826467561981, 85.81198874869223, 83.69971720251834, 84.81559930722327, 85.48628311471477, 84.17915108239772, 85.5581840585337, 83.89098412163474, 84.79154295342647, 84.51244775574592, 85.32718619580915, 83.59937515817396, 84.88336797650422, 84.57942723076768, 85.11654782739961, 84.9419998433481]
[83.19138571683217, 83.79898266836288, 84.39824148317564, 83.82151276483182, 84.573521574669, 84.3421354226086, 84.3711411803601, 84.72760519932949, 83.99017526047145, 84.2589074764259, 83.67641916115147, 84.65187214183368, 84.86703671201988, 84.16583268251767, 83.32311192496535, 84.96906801879732, 84.57770698996225, 84.15630594447222, 84.88536422597926, 83.58909548265908, 84.6183267796072, 84.10806995963677, 84.5361625127499, 84.81014799517583, 83.87582642677334, 84.1093993618299, 84.26429107719497, 84.28444571670725, 84.80481229733351, 84.68340483757345, 84.77686225059611, 84.39478044375483, 83.61316589602843, 84.98349057531371, 85.38001502458947, 85.4272651257768, 83.54057486056026, 84.79124094951094, 85.10415830641426, 83.62426936856185, 85.25438895327267, 83.71033377843159, 84.61753074772886, 84.24952295300969, 84.81930058135936, 83.46329435372418, 84.55283700619461, 84.57942723076768, 84.68255214181724, 84.65319379993646]
[82.72151761128907, 83.06057519920672, 83.79540126802276, 83.50721731739245, 83.8726342859687, 83.52232627550242, 83.77080231479431, 84.23364829057678, 83.5241908200029, 83.68520160708177, 83.41633494956135, 84.13938216683667, 84.73591011913386, 82.93858130019282, 83.28268678151372, 83.61874823103179, 84.20512431399386, 83.89784717621994, 84.59251103862807, 83.49697195845962, 84.19221314925804, 83.67710442113831, 84.10487598231595, 83.82384473111519, 83.69397344429872, 84.00832745027687, 84.2518205239917, 83.55748818246073, 84.4697841271426, 84.26258026522632, 84.37953313884022, 83.18116284493723, 83.56802095638764, 84.77390178588581, 84.68879243948476, 85.0769058481466, 83.51543349782433, 84.51881006565138, 84.37348446498801, 83.33713372041862, 84.1789985458814, 83.66913068724082, 84.05358336635172, 83.94925731382185, 84.087257777026, 82.96292863321494, 84.18322027853537, 83.89426899731518, 84.29149521185951, 84.13665687854777]
[81.92569306959842, 82.59057110021902, 83.23938746295156, 83.45916601369969, 83.12747884977657, 83.30498414896002, 83.2574023289416, 83.93342756031066, 83.3781492638349, 83.3168320967042, 83.09109608854325, 83.59886119591485, 84.46482323787673, 82.07872700633315, 83.0216507043904, 83.36270870281035, 83.86085485638407, 83.41748393573315, 84.25492683032834, 82.96337147946927, 83.51012557595047, 83.46227444546155, 83.95764467552846, 83.1926573667375, 83.15331133553734, 83.5952906901204, 83.02137351043386, 82.89216298709194, 83.93394331575061, 83.34871315869697, 84.02158948609606, 83.05385630639759, 82.95674306729873, 84.16203598896038, 84.3225382914343, 84.18283124154702, 82.93901539494509, 84.32852758151193, 83.84271208864409, 82.85425040163543, 83.71481723292065, 83.42513254514274, 83.1751710918409, 83.55641856057576, 83.77131949821255, 82.90278309229296, 83.54939082485846, 83.62506736650019, 83.92970521453472, 83.49515973287866]
[81.76440574330545, 82.24981475417812, 83.04916401687407, 82.4632484213845, 82.63877610624604, 83.176308863209, 82.86223437613985, 83.77294747745302, 82.67196880677349, 82.25130997083923, 82.55658875488986, 83.1454903158037, 83.90104173511445, 81.55015463651009, 82.81612713648487, 83.0320917446074, 83.3351050192088, 83.34345418795917, 83.81373133114963, 82.9151728215034, 83.38522522990871, 82.28128515661437, 83.76996320007204, 82.7865768416874, 82.71771879499057, 83.19431632546042, 82.85837206268751, 82.42085900049067, 83.40119810988722, 83.28834219709402, 82.82143527328134, 82.74111381982627, 82.80446240969461, 83.42840327912567, 83.63651721533458, 83.89042555646206, 82.44023152946826, 83.96759242454344, 83.34843657279373, 82.72019165276969, 83.21684869050895, 82.99448673200544, 82.28237414456517, 83.01009138528723, 83.06061728115552, 82.00674049562436, 82.97084563478779, 83.35216802067632, 83.46560248733533, 82.90461653727418]
[81.35025991801112, 81.80984829225258, 82.3981534690988, 82.08197978551958, 82.40843399643505, 82.47917140151652, 82.30688843171582, 82.82097352964917, 82.02833177432456, 81.76494932186962, 82.29410302790153, 82.22275889618496, 83.29844966892546, 81.4077960656899, 82.81612713648487, 82.40459008890173, 83.0588482713888, 82.28496378690627, 83.40657208040759, 82.84730117817438, 82.72526473828802, 82.19048034889279, 83.15688428916002, 82.20522209348064, 82.44850661908157, 82.64347394861889, 81.69973235700817, 82.02610097753228, 82.89282688746621, 82.4641020659183, 82.3825223560426, 82.2797144387145, 82.44792006232399, 82.95875503931492, 82.82330898634162, 83.40216911732966, 82.12327685930941, 83.19131955578804, 82.01693217975419, 82.43817799235299, 82.62312067586457, 82.738486544263, 82.1081051825789, 82.13859892529838, 82.8385639304868, 81.92963779565063, 81.9275336202825, 82.57925432055382, 82.47992829588956, 82.62463128100367]
[80.45699817454688, 81.30324126575121, 82.25982404362836, 81.51352936521064, 82.05423877117167, 81.85792192555608, 81.68811663439811, 82.32077501760767, 81.43373870438693, 81.47616178042315, 81.47933808765303, 81.83149162315227, 82.70319837243329, 81.30011882655342, 82.24628200101613, 82.16280912774951, 82.07131041752396, 81.73659811662849, 82.9249741052528, 82.2381022598399, 81.75541079800323, 81.30143408026706, 82.08945105701204, 81.3556708303615, 81.78855116326739, 82.06662129257353, 80.94969885938569, 81.82159708687516, 82.45391471006769, 81.75774413127202, 82.15389533074473, 82.11780628447971, 81.86134303835095, 82.31357773257119, 82.45396511010651, 82.00248741537898, 81.59275742731475, 82.59744418723585, 81.62196652014828, 81.66965753422457, 82.10760170551362, 82.20033501778055, 81.6995145349237, 81.72483178661727, 82.01280241076566, 80.76331583904197, 81.68591002152407, 82.45932803935898, 82.24672932638644, 82.22595909839931]
[79.95542173938843, 80.96390113773097, 81.60252951099635, 81.2213825442091, 81.55178575853117, 81.73918578262276, 81.08018424286011, 81.75641905141573, 80.96533090888877, 81.1575168636924, 81.11048579512578, 81.08782571760004, 82.55015014708599, 81.01857315621608, 81.90710313010574, 81.86049727938902, 81.96944859096837, 81.45776326048009, 82.23481667424028, 82.02872968709995, 81.52137770327771, 80.67904542572225, 81.509307814104, 80.63440624572316, 81.32541951639689, 81.21755779989412, 80.46058155275077, 81.45524472239211, 82.06396335938275, 81.42556536158665, 82.06527382372441, 81.28797794334636, 80.97309527576022, 81.58287921415169, 82.3959193779614, 81.18438683495798, 80.9278960903778, 81.78297336893492, 80.59181765627088, 81.36871573957396, 81.5002212448822, 81.68759771699467, 81.0875419849518, 81.41390547506069, 81.7268089787777, 80.14238502733434, 81.22110892892098, 82.11094181575675, 81.49160268830333, 81.88529228137915]
[79.83208394208418, 80.03931520363162, 81.11117925953347, 81.05832406253955, 81.38850321074847, 81.18123647618762, 80.95180416477544, 81.3825238608514, 80.8333017928951, 80.37640930672674, 80.38091624235634, 80.80229043863223, 82.27520986117811, 80.49722333615732, 81.4346532333938, 80.90716658376631, 81.17506838358075, 80.8333230606426, 81.44730485574833, 81.15359273453723, 81.19326505230728, 80.58315399451784, 80.94644654848295, 80.29839150072026, 81.03210441165935, 80.93069282522065, 80.11190653556473, 81.20165390134188, 81.70457680143667, 81.15820170548619, 81.41953200808629, 80.74739084407148, 80.76987271403053, 81.37596805934827, 81.54765093741219, 80.83637507372269, 80.73068377871218, 81.29220537400708, 80.12064605465915, 80.83755622970224, 81.33564281517175, 81.21592358122008, 80.7568972339341, 80.924011858655, 81.2948263048603, 79.56032717189447, 80.75378455323786, 81.56113697844536, 80.73899084985814, 81.30932360951886]
[79.55046121994329, 79.74094656901063, 80.64662218717982, 80.59054571256827, 81.29603485459603, 80.49626138897034, 80.51391225522062, 80.9904889928766, 80.11251716961166, 80.20851499307913, 79.89111999940063, 80.29654640037451, 81.92751676242366, 80.47361163813889, 81.11055766549775, 80.63715969754331, 80.9714479890202, 80.75597840789307, 81.14042635237517, 80.68463663287599, 80.80096519026777, 80.48208106448833, 80.70539588671248, 80.18743615947774, 80.60406862741542, 80.38109968926479, 79.63222143509657, 80.731262796073, 81.47749945259139, 80.71050438156384, 81.16145430079493, 79.62547499598143, 80.66298158336481, 80.9722141514258, 80.68637724188274, 80.30297687083723, 79.90946066848088, 80.99142162531128, 79.77656939802489, 80.29630429308432, 81.09666028292114, 80.56417692635829, 80.07146887311904, 80.52302583110968, 81.14531671155541, 79.56032717189447, 79.9710391520646, 81.18124405994979, 79.76441728310843, 80.62372416417243]
[79.55046121994329, 79.39522281562263, 80.32745579542639, 79.50532213377507, 80.16778771848817, 80.1748266475533, 80.12939067703378, 80.68392500337183, 79.69178771692621, 79.77960861276807, 79.02175891363052, 79.84245480658726, 81.0534189513706, 80.3223723832408, 80.62073948115304, 80.46903937917376, 80.397191869012, 80.13382011729874, 80.57351587885611, 80.34613617436251, 80.34668080259993, 80.15128332547123, 80.21964075434082, 80.07037163228912, 80.42167407890409, 80.22491061013648, 79.52795758581483, 80.15910690265176, 81.15590243988257, 80.38760871904287, 80.40913017002889, 78.89554759681502, 79.94613943291334, 80.15020058518112, 80.53080963090025, 80.12303141350324, 79.35173804515114, 80.48218677550815, 79.58319309603215, 79.99543857266181, 80.7153681260072, 80.00329040419615, 80.07146887311904, 79.7880219344732, 80.54065849016729, 79.22388224883018, 79.53743637695888, 80.77138193573482, 79.14355222984005, 80.46363143732053]
[79.37767757697654, 79.28695625201948, 80.15911120193502, 78.76459066652099, 79.46322460403641, 79.75459492101744, 79.9925173228148, 79.84921789823913, 79.37029758264288, 79.55241519871659, 78.24261401868011, 79.77225335684066, 80.43909398896604, 79.74409460870227, 79.84602091120202, 79.93079882450311, 80.21752276451272, 80.10322608364632, 80.02628856557166, 80.16955307978533, 79.57150330332792, 79.8889106304691, 79.77905256575352, 79.96933050836753, 79.92974384586365, 79.40664358786567, 79.32132506955165, 79.52020672720712, 81.00818102562647, 79.62687440363491, 79.94504671846298, 78.73736711319016, 79.39826172952112, 79.93115156144586, 79.36567483092901, 79.48103275487527, 79.26306004286923, 80.06505858041513, 79.06046589868407, 79.39298407022758, 80.41602920548414, 79.4896784441003, 79.9620414464173, 79.69168403885166, 80.425279789969, 78.84072060029582, 79.10664256134604, 80.3740313746863, 78.91883405163296, 80.03900348041702]
[79.14239734770999, 79.06479623956542, 80.15911120193502, 78.31909448064921, 79.28910830823375, 79.37392159625014, 79.84184325661292, 79.28455607061079, 79.13250510527442, 78.50341897490112, 77.75860489610724, 79.18162343079022, 79.74215834543075, 79.36101873954786, 79.50586869889354, 79.77318555064042, 79.07735623635708, 79.85107029743791, 79.54355104481424, 79.57181501976774, 78.96288312838949, 79.22024975449918, 79.43301907760463, 79.61500258678896, 79.6147996209865, 78.81093157438347, 79.32132506955165, 79.30087057906255, 80.30326106054622, 79.17857489023694, 79.74169569193205, 78.53909592617636, 78.73289209028162, 79.29958054219482, 78.76337866629302, 79.068187875294, 78.98317189371807, 79.65589229299177, 78.60667825665028, 79.25255021013702, 79.45529366948263, 79.12840290756023, 79.50342814879929, 79.5995712031499, 79.79760974883456, 78.6780754046133, 78.57054459647061, 79.93611798037459, 78.48760415583084, 79.77077454488958]
[78.9350679124003, 78.95911379749408, 79.55326558716975, 77.874981203736, 78.26482989707087, 79.04772528743646, 79.74554300059657, 79.19071363523469, 78.85792563907764, 78.14559411462156, 77.70255751377778, 78.37798844824927, 79.42171923295776, 78.63363045441096, 78.77150420487516, 79.38480976780309, 78.58664304515695, 79.57896434030513, 79.14742695215655, 79.45317873863135, 78.70527206405026, 78.67342177020615, 78.51393118461948, 78.93022057691203, 79.06114620787372, 78.12697100289505, 79.2041598429338, 79.23754312483686, 79.28971266551235, 79.00081881969999, 78.99955319658218, 78.3966444431537, 78.00391607606203, 79.24436612196983, 78.27042921286088, 78.54945922735126, 78.78479482362086, 78.97086705186982, 78.0797954722137, 78.99077570131684, 79.30661482218996, 78.02533502840323, 78.78206416636809, 79.34954545631602, 79.65793927769178, 78.37683174504258, 77.1661131131727, 79.54602943053253, 78.18253738521183, 79.48148574044299]
[78.31272633143438, 78.77909834719084, 79.37249507041903, 77.57658672543985, 77.81058774674591, 78.21873943933895, 79.12384937320599, 78.86565431476394, 78.68647812881107, 78.12931874996535, 77.18352821710171, 77.57634767237818, 79.30292022708021, 78.12026176630997, 77.76576406072098, 79.19161772365081, 77.69858386988574, 79.3172975235404, 78.70676746064915, 78.96812762133447, 78.60404129051076, 78.28025533140286, 77.89306164434547, 78.25127279676835, 78.85591369942208, 78.0439501622296, 78.0244748392738, 79.05604396132874, 79.28971266551235, 78.06267081099554, 78.24639747000329, 77.8399475582954, 77.20085972385952, 79.11419638645556, 77.60849656463725, 78.10644826134218, 78.09122049459418, 78.6622377957215, 78.03840889703963, 78.3476984534991, 78.38214983319367, 77.85417584754761, 78.6727477134684, 78.79339294145764, 79.3195479419966, 78.27895644207612, 76.90391691461227, 78.8561296076148, 77.75588740706728, 78.88033420015616]
[78.04181541080183, 78.13152391359617, 78.72860755101259, 77.57395606189436, 77.39941137105379, 77.9417362889159, 79.05820214720148, 78.67994954427807, 77.92447208546244, 77.81411460602203, 76.41596129606293, 77.48071845175349, 78.83386963256073, 77.51468682720112, 77.46876871699376, 78.8828650838464, 77.49647549657828, 78.46073729085552, 78.49537882121065, 78.48149129288541, 78.4107784069472, 77.94509338376068, 77.71808919443173, 77.86012408880535, 78.59835286767205, 77.52360039604284, 77.69015632260788, 78.69241214402412, 78.42776069079038, 78.0271755071801, 77.96248305195186, 77.53937345640844, 76.98979164287613, 78.3229446834994, 77.22613194160134, 77.72854647224189, 77.9591721341819, 78.32600967754799, 77.77295103562389, 78.21602456757134, 78.03254209596305, 77.59350561844401, 78.06877258928449, 78.54131304720366, 79.25540401196159, 77.72759063039325, 76.52143058195371, 78.26548169417866, 77.57665117435016, 77.17082261715487]
[77.91044334188109, 77.6564218015217, 78.3514067654153, 76.8466988976459, 77.36426660893721, 77.77535320170728, 78.6063489931199, 78.28286655774549, 77.67103174469143, 77.59565857869445, 76.17016746066056, 77.024813036827, 78.77042855545199, 77.06883122041963, 77.09790553441209, 78.42298678027574, 77.03219745549113, 77.70446547073206, 78.29092689974307, 77.8565370972474, 77.76802767362402, 77.5919069185441, 77.6216471819411, 77.15717801452877, 78.10913520765057, 76.78616443963821, 77.54517349859502, 77.98560534760254, 77.83468804284682, 77.31377094359443, 77.67948994981188, 77.41951034563064, 76.24858541234474, 78.20317445967422, 76.63289084776673, 77.6067073633384, 77.8703078047483, 77.92017424167676, 77.72333110053768, 78.13680463625028, 77.7004865255325, 77.4884960155731, 77.7305789540558, 77.90159126454364, 78.6769728146072, 77.20153126570389, 76.43201242970791, 77.75414071148728, 77.30891817885055, 77.1367476532467]
[77.59300141004863, 77.00290514818225, 77.88889931673744, 76.60111450294491, 76.86338761528847, 77.00679456444993, 78.18677818216443, 78.2452104393334, 77.35957292878399, 77.38568639215978, 76.17016746066056, 76.79787540095481, 78.49762633823556, 76.37642562191989, 76.16278466865886, 78.08975525797393, 76.64868934383608, 77.37738374726938, 78.03977036201725, 77.4764769069291, 77.54040372679691, 77.15827743598354, 77.03891944931995, 76.56685922053676, 77.46274699482949, 76.59408085433722, 77.54517349859502, 77.78513565045611, 76.88739058940158, 76.88679221486288, 77.54871550327061, 76.94790327662213, 75.98275691338546, 77.58140824250422, 76.1809975708071, 77.0354378768263, 77.52262722878153, 77.43730118610584, 77.68469919922111, 77.57238143731014, 77.07412116604577, 77.05052719519512, 76.77781026422288, 77.89875535100614, 78.46565636908869, 77.00258715574117, 76.40811809243004, 77.57736890134684, 76.95675051726512, 76.5993876029157]
[77.381918969164, 76.53840086302579, 77.43971066226023, 76.30627120578143, 76.39561115738593, 76.69752271490995, 77.30768188758239, 77.7444671421762, 76.85169618760868, 77.07332197400632, 75.9350867673259, 76.68253686087496, 77.73008987264527, 76.14389804038021, 75.70242801327144, 77.09479606411587, 76.26036890563252, 76.76821155083366, 77.31219728207373, 77.37148429562316, 77.08929486292656, 76.98542353021087, 76.7450956713664, 76.33933084439425, 76.97661049998628, 76.13831438389798, 77.20813478906354, 77.52895809250124, 76.5944384230502, 76.57417842578243, 76.66002666515314, 76.80318580661822, 75.79702341103328, 77.00779075132294, 76.01044178739319, 76.88934610789825, 77.06354038738218, 77.04562390572318, 77.51654125995373, 77.36494868938028, 76.36783539832889, 76.79021297499045, 76.30638186895672, 77.17170405199798, 77.61396899223725, 76.89136732252709, 75.96008988071443, 77.12479708009747, 76.54583641082291, 76.12419130195411]
[77.1254708452738, 76.31155222670782, 76.97080415078383, 76.14084891418585, 76.39561115738593, 76.57651348769988, 77.06695541838779, 77.57712854385568, 76.16945654650405, 76.90225196557091, 75.7382513454219, 76.44778740284487, 77.60444852763877, 76.11196108376774, 75.61467826457601, 76.72106830954874, 76.01481131443201, 76.65884843936348, 77.00629605030663, 77.05531161262529, 76.86966017619461, 76.52032266431347, 76.33607451382404, 75.87142426131501, 76.44270195069598, 75.99213290639156, 76.88610581191803, 77.16776395375548, 76.40653420244209, 76.54219787662159, 75.99436582814432, 76.33664241173184, 75.79702341103328, 76.6990892839189, 75.65584026066725, 76.44919433196377, 76.06897135775674, 76.36152752866148, 77.4760437224487, 76.97320999772566, 76.32240106579145, 76.63369564391755, 75.92660960371286, 76.63310739813667, 77.5287258961886, 76.16870917883784, 75.96008988071443, 76.856759678085, 76.221498815963, 76.0623185634176]
[76.74319138121888, 76.20248349554176, 76.78063019183142, 75.84588538873511, 75.93611147098808, 76.34568031855926, 76.70787495146058, 77.00715342680542, 75.95606905566842, 76.74315002846956, 75.30786887714194, 75.6574980039721, 76.95985220269071, 75.49573628994843, 75.59352763655454, 76.34093937617965, 75.78766582680417, 76.20601613740926, 76.8666623585287, 76.22177946409552, 76.09633929482656, 76.14707112189379, 76.11093094972273, 75.73384033734665, 75.7602303649003, 75.58446985898544, 76.51059199417651, 76.5828730615371, 76.03153371253408, 76.40003326110845, 75.70876215141608, 76.13241884517475, 75.70589717144836, 76.50764342128211, 75.14957610472848, 76.15194334926699, 75.5805508838371, 76.11221870007256, 77.18700765066318, 76.54259747584516, 76.11501998324033, 76.22082819403867, 75.65325299121206, 76.62473618391157, 76.86081421972013, 75.93409291199325, 75.78739496708215, 76.29281590564067, 75.98087476853165, 76.03148647081066]
[76.59839906300307, 75.57831877135335, 76.50723481792738, 75.69512759358922, 75.34990118873421, 75.9153624636048, 76.58287688156167, 76.67886437543564, 75.29557380602398, 76.555821285352, 75.25011229200301, 75.20514299687257, 76.34986413369688, 75.13300145529034, 75.43631832215259, 76.19264138381818, 74.96876360407087, 75.84138681613726, 76.24713579338608, 76.11210374587843, 75.77774125405871, 76.02270792794127, 75.79080936167529, 75.55097077589991, 75.52232032081332, 75.16822598208819, 76.12649296759518, 76.48585704015846, 75.89684196108013, 75.4113324578783, 75.53130534281306, 75.13336570488175, 74.93210363156837, 76.36464025829876, 74.88086085793404, 75.93940221026735, 75.34230662481944, 75.89219777991141, 76.98404405918345, 76.2572747445925, 75.99983873900054, 75.64662145518223, 75.11228622635123, 76.45630848079003, 76.23331001957162, 75.88648749445935, 75.68424603498615, 76.07312724987067, 75.92072876642098, 75.94123240616167]
[76.19531948179822, 75.51382196401133, 76.21363723476914, 75.54276255974564, 74.94557479936168, 75.88467732638694, 75.94081121132278, 76.08491308895933, 75.11004612864167, 76.28322364567147, 75.15553623373083, 74.88828439597347, 76.30329745680261, 75.08290380992779, 75.32745608916187, 75.87964273327108, 74.68638038716013, 75.68952288841606, 75.99134857759397, 75.86392301137649, 75.56161302530184, 75.4002669796899, 75.61546266568396, 75.28305551224256, 75.22467484214715, 74.6705879677819, 75.98186694615796, 75.87866662361256, 75.85877263155638, 75.35430374854282, 75.3232315157656, 74.38747349258313, 74.80241717478249, 76.06396137680154, 74.73979706781817, 75.72592892893496, 75.24142871348901, 75.35769572885091, 76.3507639685129, 76.01491907484866, 75.73091402377108, 75.64662145518223, 75.04033698495444, 76.02885881699883, 76.02401037658913, 75.58752638962616, 75.31263281708485, 75.61718226137182, 75.87063727154194, 75.82227655345099]
[76.19531948179822, 75.37315235378931, 76.02403071019444, 75.2784322938184, 74.94557479936168, 75.53447972450866, 75.87836470678718, 75.27407823125728, 75.03375772124323, 75.51556963647593, 75.08051103359895, 74.77230707718273, 76.23365408519389, 74.98237015244104, 75.1233650734332, 75.40776295804274, 74.63060659241754, 75.64894822844684, 75.64562518875037, 75.31666761070427, 75.07153967268044, 75.20838771260779, 75.46916255914581, 74.55563297352778, 74.94921438377001, 74.5540285233277, 75.60065580733519, 75.70812911153715, 75.52606009185268, 75.08287346655084, 75.28208512745846, 74.35678553389498, 74.53845761520785, 75.95883703447906, 74.49105683833635, 75.62157108858904, 75.00117927855277, 74.86162547268178, 75.85233675052595, 75.98228208683796, 75.42570442365806, 75.33844060939165, 74.95226100808976, 75.91323866131641, 75.15657041753539, 75.4559181834006, 74.92477019387835, 75.45689090399858, 75.67829050622794, 75.5188148694554]
[76.02134242157827, 75.09537501943288, 76.012218321872, 75.0220658316825, 74.41752957318846, 75.17634677195632, 75.4888638576721, 75.08182651222235, 75.03375772124323, 74.91203510778485, 74.63273657109484, 74.46434435924355, 76.08770298058937, 74.88921975479714, 74.83380725508627, 74.88094270948768, 74.02218260189726, 74.95217885278467, 75.46017536153302, 75.31666761070427, 74.14817013693084, 74.25701105305318, 75.10362313941798, 74.37279779390721, 74.36448735097568, 74.30271711360474, 75.36350204576951, 75.04127672923583, 75.41778162587563, 74.71962478695862, 75.01208880756892, 74.13787379092591, 74.1233060628053, 75.88783316001097, 74.39639305209718, 75.31511594802085, 74.83123055485012, 74.84895559770524, 75.2722272119689, 75.50913351966979, 75.42570442365806, 75.32374992965171, 74.95226100808976, 75.5765931934445, 74.35610841053452, 75.40672955331883, 74.30906256034443, 75.19299452212297, 74.97101347840184, 75.38596926286537]
[75.58992229607829, 74.70404676393, 75.41555054083646, 74.93805007284388, 74.34119117767025, 74.82146963797749, 75.35164568837004, 74.85313613607093, 74.86928717583407, 74.59227707954528, 74.34755057444013, 74.06194004208082, 75.99793903048946, 74.60675366462704, 74.69553766479022, 74.46030729567318, 73.94034055958902, 74.84416594665782, 75.1751109085497, 75.09431808251693, 74.03168844507748, 74.18150410768101, 74.59651209892897, 74.17703214372231, 73.81978403375633, 74.2292243770665, 74.8215801510199, 74.63944456001019, 75.24959996792725, 74.5744650425767, 74.80573235261473, 74.09375517183648, 74.07675243476285, 75.5719580540667, 74.22019437605582, 75.13534144513102, 74.72339916992485, 74.622987597133, 74.93699808685976, 75.2431988435076, 74.90056791828496, 74.39836869490549, 74.58817223669169, 75.31195344309435, 73.95664391564358, 74.830191918435, 73.96022545170034, 74.90513527829555, 74.79019774641463, 75.05411155894993]
[75.16603256797939, 74.46290302948351, 74.5675655174027, 74.21821092979056, 74.30721796946376, 74.23118334214395, 75.05954815624588, 74.42502109290015, 74.71289803240276, 74.33203182103969, 74.26303761121302, 73.68986792573651, 75.58323577118821, 74.58690210528215, 73.8506133365627, 74.26762434039867, 73.76284233715998, 74.68604048085493, 74.96345567541384, 74.93202944184453, 73.63215866651862, 74.03138184606243, 74.4292568654024, 74.120771189402, 73.20855324714441, 73.89458836272101, 74.3478899260364, 74.11931461162942, 74.72680410742346, 74.33948131281068, 74.4898001564676, 73.92038775085292, 73.76176746290582, 74.93670619077923, 74.06315373693276, 75.02624877273284, 73.74128523486078, 74.370868672657, 74.6799521359055, 75.0667976313305, 74.18965416322052, 74.2739136416959, 74.45922814399233, 74.9791313396266, 73.74520310622766, 74.4379589359268, 73.7968394024858, 74.58276026154033, 74.67450577086558, 74.70109641932137]
[74.32424446482932, 74.29254860021298, 74.44236114073657, 73.76121818897585, 74.18493680774333, 74.06693438201381, 74.92859357476394, 74.16906396870141, 74.6773594034617, 74.22550839979533, 74.24836609169824, 73.57342497916474, 75.45807134457094, 74.3805632133501, 73.01086616833075, 73.56899055499035, 73.76284233715998, 74.4085586844764, 74.50392049864166, 74.78827393467002, 73.58311026653926, 73.75455124022764, 74.19000436829289, 73.59697628571823, 72.99373561092092, 73.34512946924994, 73.94629144929038, 73.72837092254261, 74.26980033052867, 74.33948131281068, 74.30346363833668, 73.58518295788592, 73.46311119837762, 74.23947364292653, 73.93262419634979, 74.84227412848696, 73.0726328511208, 74.17026059999039, 74.48793007808551, 74.78086226900652, 73.74097314990078, 74.19997019798004, 74.38684550896915, 74.96289848573954, 73.5662472872742, 74.33403096154483, 73.73303974750658, 74.15274709337137, 74.25846057334468, 74.57904197154059]
[74.18986738646615, 74.23621155085377, 74.27858173015227, 73.32418169375687, 73.84119138427492, 73.90079024057812, 74.69158685026302, 73.77476977949098, 74.56015413100775, 74.06871586330617, 73.28822048909714, 73.28906374812851, 74.91857979283438, 73.89453283603835, 72.78571992408061, 73.34103879907738, 73.34173788997468, 74.00007759415719, 74.02196278457617, 74.08345069777984, 73.50738689147104, 73.56120720795829, 73.9124818061297, 73.59697628571823, 72.96211729966151, 73.1946670836767, 73.7228964084414, 73.41316046389082, 74.19570623684191, 73.96716714148286, 74.26633474590946, 73.34550024613793, 73.46311119837762, 73.99162609805295, 73.75521529766469, 74.3037044244153, 72.92112460241955, 73.64748670941067, 74.13093693821236, 74.09904596373991, 73.52224405730094, 73.98369477892291, 74.2416924419349, 74.82777461153134, 73.5662472872742, 74.12667849170367, 73.73303974750658, 73.58680076259215, 73.86880329277642, 74.24625425532628]
[73.89409658355332, 73.96647850428417, 73.99135610214871, 73.11922269075123, 73.60516883939539, 73.78834571771777, 74.2634694044813, 73.35869059472708, 74.19676619962523, 73.86003656460208, 73.21149241618315, 73.209276385802, 74.44214972085982, 73.68157805860528, 72.63479912265687, 73.29476216394642, 73.3411293399317, 73.82715807809596, 73.85893398944815, 73.23695054394716, 73.49175750224651, 73.33250006193934, 73.16368545342473, 72.45206030344457, 72.82944035883678, 72.96252154638509, 73.48047709278197, 73.20182950672641, 73.90917435369431, 73.84518352495479, 73.67135902032364, 73.08671747546825, 73.3239173761114, 73.71149671021823, 73.72421786414442, 73.92592032221042, 72.8178707008851, 73.40801284236701, 74.019609945559, 73.68189708738484, 73.39224469329038, 73.85252013838249, 74.2416924419349, 74.57629580421565, 73.4395973775686, 73.5249987247092, 73.66299362603934, 73.45043193605214, 73.79820473056127, 74.22855644995148]
[73.19953856642965, 73.6221997422125, 73.98761267997538, 72.88827205935304, 73.34720921322504, 73.48531919478543, 73.88036677232456, 73.03876347869314, 73.72505307727633, 73.78727187954279, 73.10819747832771, 73.10343588007288, 74.16449622157697, 73.38386722679175, 72.1037395733777, 73.1907979009878, 73.19115643559422, 73.44972430183765, 73.42416958000892, 73.0439575067874, 73.34169978687245, 73.14850004770136, 72.99670214001912, 72.06499812605301, 72.18912834515362, 72.83533110523157, 73.2760967757323, 72.9220525283661, 73.4614201854951, 73.41662288558321, 73.63763108216588, 72.89944234756675, 73.07594102567741, 73.4788204271679, 73.14825172123402, 73.3221407225941, 72.81288342941306, 73.22709508569352, 73.89819011925547, 73.63898632515452, 73.0191281084634, 73.62346256335783, 73.97963637857504, 74.24624744233496, 73.39606557978226, 72.93927251366209, 73.46744220887197, 72.98829961185189, 73.67689464505342, 73.96272513163953]
[72.82024341401541, 73.56528294799274, 73.77297349137804, 72.69797966121598, 72.99309969150981, 73.32181128523328, 73.36209594124746, 72.77840620666174, 73.20440099717922, 73.39153205816771, 73.0594952534544, 72.63648737430303, 74.08518770499984, 73.1837926505452, 71.91127207464123, 72.48152069140362, 72.88691050702298, 73.30818261889394, 73.33334416209634, 72.83911324209264, 73.04920625846218, 72.81671762871028, 72.90655535066358, 71.95424066045136, 72.1750696058088, 72.50488097540985, 73.12889896839965, 72.79473003345163, 73.26648393592274, 73.41662288558321, 73.58873338021648, 72.73077847862433, 72.67202319397771, 72.41266094172522, 72.90198435665596, 73.03102584139542, 72.20362008659222, 72.75354139378176, 73.62048951089095, 73.48977096464112, 72.82134002169795, 73.2045147365533, 73.75381153716282, 74.0209024804618, 73.32744048788967, 72.802036359955, 73.25221617732898, 72.53718581734387, 73.4398845363002, 73.35258393913456]
[72.60359024865778, 73.5420345212952, 73.72297949755907, 72.41310383613764, 72.92908493376105, 73.16780379830058, 73.32663627886718, 72.75802143812243, 72.92970452975426, 73.27994412610404, 72.46888532284092, 72.3964571351975, 73.84244770875496, 72.98494343845812, 71.89761481594113, 72.34219899019584, 72.8097021793948, 73.28542204786359, 73.04732845954001, 72.44805967703867, 72.79754612352706, 72.63796644547509, 72.38959326748275, 71.71951709000078, 71.92014393353665, 72.19591882371392, 72.93388976702823, 72.5230655561408, 73.06911967907944, 73.33237774147622, 73.31552628843939, 72.10942726418959, 72.03959695138079, 72.41266094172522, 72.45243847512464, 72.92321908289081, 71.80610474811132, 72.56042981139008, 73.52385129650736, 73.41954701656334, 72.49669956146045, 72.894218030971, 73.57180488906248, 73.9383735739018, 73.14394264676557, 72.72199093126207, 73.22700217272003, 72.48402200700056, 73.4206152958573, 73.14299904061617]
[72.28877109118669, 73.15265574140767, 73.40405841847044, 72.19754401973869, 72.64591991073753, 72.92753733698758, 73.16150525014748, 72.6521765238802, 72.92970452975426, 73.05441368088637, 72.35810457302811, 72.10387692940631, 73.32827590502168, 72.21657483401013, 71.63133985549706, 72.07692251446589, 72.30509632450072, 73.23868422541639, 72.85757781273631, 72.11347419589363, 72.53008452669053, 72.31627619388001, 72.15541518236881, 71.24105481246319, 71.85536920467233, 72.10244767735213, 72.66941211750354, 72.43470763744595, 72.90222985666303, 73.29439584249283, 72.7978233306412, 71.84273452007022, 71.95051961274127, 72.18095311627334, 72.27990886784849, 72.79395214224962, 71.80359130522884, 72.2803462829397, 73.28167572733267, 73.21155067738076, 72.31273437738805, 72.84902625371762, 73.21238612206662, 73.67435122314784, 73.11786051706113, 72.6573437828512, 72.71794628491702, 72.31006137239153, 73.10795564161683, 72.8675922207298]
[71.8615867441852, 72.8939980460439, 72.66953556163598, 71.84874787438287, 72.53785894695088, 72.74031082835971, 72.90276001263433, 72.62649674911015, 72.71318044984561, 72.33199274653002, 72.06789003502035, 71.85151564735715, 73.108961369888, 71.94875313147774, 71.43041253380495, 71.74462213885707, 72.0187522613409, 73.04319081608654, 72.78296869188405, 71.95386958363277, 72.03965293341544, 72.31627619388001, 72.15541518236881, 71.19840949367659, 71.80861345706639, 71.78008634014151, 72.64139226723202, 72.14660221757006, 72.70189432852442, 72.88081276967222, 72.63691460335453, 71.7812493484885, 71.88021778566284, 71.8744388436264, 72.01345579020972, 72.36187447234151, 71.57174280691662, 72.21420285034145, 73.16960298840073, 73.0835149999244, 72.24447723337786, 72.18122814073652, 73.18269490307986, 73.02727095428375, 73.02292229731702, 72.4223491289384, 72.5218214995245, 72.02078192124252, 72.91492131528639, 72.56384738066998]
[71.8615867441852, 72.64365489395712, 72.39001875856594, 71.75386100020083, 72.2950646784193, 72.1393061711142, 72.6949900147557, 72.54784584676914, 71.93975880861267, 71.8947227559516, 71.76442353413304, 71.69249048664682, 72.88679772541043, 71.30289052693698, 71.24723172339124, 71.72956332316762, 71.65917322555268, 72.86506247567297, 72.60171199458242, 71.76946875654733, 71.65751818156433, 72.05892831711785, 71.5217866416449, 70.95458554977616, 71.64103755654023, 71.69156499424592, 72.29053513820995, 72.00882323316767, 72.35909261540563, 72.76888829331033, 72.55508604690536, 71.72893780944975, 71.80130483127911, 71.61588847086865, 71.62130791203865, 71.53284126577802, 71.24898480165857, 71.64759582646218, 72.74131799244188, 72.77804484105768, 71.57085610413809, 72.02184914564718, 72.4080686346969, 72.69638759536416, 72.7107785209327, 71.96735555216921, 72.38776158975654, 72.00733929415055, 72.81152303318274, 72.4585893140173]
[71.74137788760412, 72.45191140451924, 72.32704311809121, 71.60862316767205, 72.17857495086453, 72.06386205149306, 72.67408752683025, 71.98609142291943, 71.5052132409046, 71.80701183023263, 71.67017295679862, 71.61266215251581, 72.59283998592764, 70.89188671095675, 71.11970840237933, 71.32085345525562, 71.31109983888437, 72.43389005040407, 72.36174025900463, 71.68683462760707, 71.30899549842403, 71.65167429863183, 71.49826244294152, 70.71340934815706, 71.57714323076871, 71.49788014369659, 71.69015316482647, 71.94788235132367, 72.21031596376702, 72.3594545654926, 72.18178626233343, 71.68990089544337, 71.39642609060417, 71.37880581934685, 71.21834874749865, 71.22583145411775, 71.17285576577943, 71.49089056893449, 72.46590626276335, 72.31639233021139, 71.30354748065528, 71.88663907164961, 72.40162044389027, 72.07384248146563, 72.59624093582042, 71.76242522962114, 72.14647558952731, 71.378757968464, 72.45939075319744, 72.35145877292135]
[71.42604189664713, 72.11914481483355, 72.03490848361713, 71.14809683424293, 72.1509457064041, 71.95753905601171, 72.07603749226791, 71.53343831231372, 71.5052132409046, 71.70028269557996, 71.65313328841056, 71.48580105081511, 72.48327401101594, 70.69665820138675, 70.75679114153243, 71.11345669844535, 70.97909144572175, 72.3495762474081, 71.81320018329404, 71.42543000827375, 71.25624397486146, 71.65167429863183, 70.83047746483852, 70.59562921561583, 71.4868649354301, 71.17591171877757, 71.29035016149653, 71.81766409104775, 72.21031596376702, 72.18816524381086, 72.01211772636404, 71.53741852054044, 71.3193500961198, 70.81482381343885, 71.04209029344513, 71.22464400625559, 70.86830475817962, 71.3395392850016, 72.22341054204142, 72.12993306928485, 71.15831214472652, 71.79334278244156, 71.94734695651417, 71.76973910152385, 72.47745886213586, 71.23144417511241, 71.9764268200129, 71.22743014047983, 72.30005017581276, 72.25889801256761]
[71.30771912402662, 71.30969483412058, 71.73570623494054, 71.14809683424293, 71.96513508983004, 71.90183045387577, 71.61004888317925, 71.53343831231372, 71.46800259469128, 71.62995087447632, 71.65313328841056, 71.40221236600122, 72.28729565509863, 70.58606996606449, 70.71115740682791, 70.9693075785651, 70.97909144572175, 71.95816861553058, 71.59660884029964, 71.41146027607428, 71.13037959343944, 71.21140638402726, 70.53447293776102, 70.17333049735943, 71.42462229955395, 71.06818221178347, 71.01312252204727, 71.80195500567143, 71.9235489258612, 72.08307468510812, 71.72950706282748, 71.5208181687385, 71.0711417915258, 70.75722349449282, 70.6716123578705, 70.96434519879423, 70.41309465814204, 71.22928420393926, 72.03788679146757, 71.45824474960352, 71.03247145011495, 71.4118355477875, 71.69498329246132, 71.0234465410727, 71.90172797967246, 70.98040324303568, 71.97167201634728, 70.77183582577936, 71.90276588173354, 72.25889801256761]
[71.2087112230034, 70.87298453220751, 71.601654009843, 70.84865919726622, 71.0246789425398, 71.60497472525853, 71.26447293193492, 71.35602155438792, 71.37897140310078, 71.39273694127274, 71.46930078238815, 71.3641114905634, 72.26290291893375, 70.45884703870722, 70.5137078839322, 70.75845006233712, 70.61915145884807, 71.61062355778196, 71.40298514131636, 70.92771232756203, 71.08166947373653, 70.46117563503232, 70.53447293776102, 69.974940549799, 71.07042993146037, 70.99443818612986, 70.95164542908928, 71.59138425112421, 71.7151914513334, 71.99743400444298, 71.49081099733088, 71.41604373175825, 70.95787265415558, 70.6028485161551, 70.4637969926874, 70.68594907750396, 70.24248028507097, 71.20821610728433, 71.81430860155379, 71.10754274718072, 70.86118472063394, 70.50728344660538, 71.31282754706253, 70.84300853734368, 71.69483604543746, 70.50761516821413, 71.4217959753101, 70.4527524420192, 71.42116144338375, 72.05697015754063]
[70.52713613324104, 70.63730258493857, 71.26866718951737, 70.57124823303401, 70.99941640274511, 71.38366628165316, 70.64622173581742, 70.98889046289838, 71.2162041666287, 71.12173908368199, 70.87750023334954, 70.85155151991191, 71.6416024896706, 70.26324497168632, 70.48358384452455, 70.63563885946002, 70.48927006064233, 71.31863161620946, 71.23841531830064, 70.92771232756203, 70.8418539830804, 70.46117563503232, 70.17850022461364, 69.974940549799, 70.8947948505427, 70.94732210158463, 70.95164542908928, 71.49742078500354, 71.47393190300002, 71.38984422359098, 71.21490570483391, 70.90967425123068, 70.53600735532747, 70.17644801398578, 70.12564848569721, 70.49744843956067, 69.9383658797932, 70.72603775239631, 71.57722678423067, 70.98264945322946, 70.86118472063394, 70.50728344660538, 71.22494216185785, 70.37167520571143, 71.58198173216667, 70.25670064691948, 70.81256475506407, 70.06134936238485, 71.1619990121238, 71.8904960344237]
[70.0766898503944, 70.6243653377506, 71.02092575985775, 70.38620325566225, 70.55015155986085, 71.32030439335261, 70.62559513821705, 70.93037347228505, 70.78086639960118, 70.95157872253665, 70.74983661554667, 70.58580109736062, 71.51585366501789, 70.12410091418394, 70.20784236444572, 70.52951511169414, 70.1679687923548, 71.30347891324814, 70.72958156087837, 70.64509282682005, 70.78588288557006, 70.42044349123003, 69.91038557196724, 69.85153128895129, 70.86606342520977, 70.42450383911876, 70.61215092797079, 71.18385140503713, 70.84960362967276, 71.29781415438964, 70.87698619925588, 70.58049597188776, 70.4187515684045, 69.96806839194471, 70.00154823752375, 70.43815280046518, 69.88275262898262, 70.44558081365044, 71.0937366749125, 70.32729114443646, 70.78090651872571, 70.34501214427802, 70.78241403122817, 70.19067924311389, 70.96157072602655, 70.00129143942436, 70.68843818453784, 69.8864860882344, 70.78212360389169, 71.42758000500497]
[69.5700783601143, 70.5706604296167, 70.61679897684091, 70.33493661147071, 70.15208166915019, 71.11368149086653, 70.08491609813964, 70.90721083170136, 70.3011154978294, 70.92083595333335, 70.63111624553784, 70.54163153813829, 71.51585366501789, 69.49598456950598, 69.95134584355475, 70.09075592233106, 70.03906945342347, 70.74219299258337, 70.69850672317743, 70.16159618151565, 70.42379843661453, 69.88865686819427, 69.75568958720821, 69.49067593552736, 70.1313623541615, 70.01731104091485, 69.9122313709568, 70.93056625761056, 70.82651550169608, 71.21220294780365, 70.69367368617989, 70.49247443437989, 70.22793036697935, 69.77652874989204, 69.90109100828423, 70.1867858471599, 69.70621305849802, 69.78012329671256, 70.73551490985712, 70.21545709533936, 70.62683564092976, 69.87183050672715, 70.41490167442151, 69.98320730948686, 70.8050706797859, 69.92834031790092, 70.29257327703381, 69.88247518694723, 70.64982030379193, 71.19180856426887]
[69.35857853392635, 70.03583981344623, 70.46926815876476, 69.80289356586277, 69.6482479557097, 71.06751517496886, 69.6135553769913, 70.85563002224092, 70.3011154978294, 70.81790816608648, 70.30721397928203, 70.05842127819334, 71.45797534496465, 69.12843046019822, 69.8064837361534, 70.00576631161564, 70.0234401507395, 70.74219299258337, 70.69850672317743, 70.16159618151565, 69.80732578657611, 69.83410467762444, 69.75568958720821, 69.0265910519636, 70.11732340187899, 69.92369480958206, 69.65458041957024, 70.66800765390609, 70.569711992053, 70.92036030527406, 70.27767622433286, 70.49247443437989, 70.00276514158888, 69.68115142746628, 69.72103133018793, 70.04441781151948, 69.62512942175377, 69.6945731695139, 70.64561398241236, 69.99038256894555, 70.61924670262219, 69.59366692861056, 70.38889423450266, 69.98320730948686, 70.47096132756455, 69.7274030769155, 70.04639175860311, 69.60656344331383, 70.20146908630537, 70.93665281475305]
[69.23647226787124, 69.51738461751765, 70.46926815876476, 69.7391952734537, 69.6482479557097, 70.82818857611927, 69.27256134298281, 70.77592553568242, 69.58638508472858, 70.57851780478872, 70.25468953682213, 69.99648390885537, 71.45797534496465, 68.84362269840024, 69.7186567737738, 69.70601335585981, 69.76817527090559, 70.54639243121534, 70.44583733996308, 69.99777706352394, 69.66737204393873, 69.77624107840151, 69.40805189843326, 68.93315863255586, 69.91558649022446, 69.36865195947559, 69.2122645852773, 70.20539668260666, 70.40472428281714, 70.77310574937692, 70.074938712985, 70.31039438007217, 69.59442866748581, 69.66799323009226, 69.62936511586716, 69.6414308022752, 69.44134224181917, 69.47067464820607, 70.58477222190074, 69.98290456938085, 70.35564878199017, 69.45311043617262, 70.25143326535914, 69.90895061640765, 70.44700513909662, 69.627422689158, 69.93128560674475, 69.55980011156393, 70.13346855153395, 70.71019141154416]
[69.0561455397429, 69.38180924582157, 70.04989372823867, 69.71450532714913, 69.27700295432162, 70.47194466886233, 69.197387016065, 70.65720895738036, 69.52738826477659, 70.36401249906264, 70.104476839653, 69.73059260880254, 71.4216052758171, 68.79029598992278, 69.4606631704435, 69.29032165155262, 69.50446861474715, 70.48112584599492, 70.3707582133751, 69.90420913966283, 69.36624822179917, 69.74007639046441, 68.90910392176552, 68.34684899474777, 69.70805671595748, 69.17802454042274, 69.08647632935232, 70.0791202083001, 70.28525079323913, 70.24202175991, 70.074938712985, 70.24206929823643, 69.40355405282888, 69.66799323009226, 69.40003424294743, 69.34501715833515, 69.28707754713753, 69.0777095532891, 70.53540795901719, 69.86131746413574, 69.97194820588247, 69.24692614435743, 69.64082239624004, 69.41603228269126, 69.7921412325271, 69.20655336370575, 69.78206129502868, 69.44778036079877, 69.96123195242019, 70.6741043840054]
[68.95123040280937, 69.01492450464896, 69.64563449622347, 69.34712581963736, 69.20421086820386, 70.37426055622839, 68.78147568012288, 70.56194987107455, 69.3156255047625, 70.30755978472504, 69.43271017439791, 69.44119619570958, 70.91535189992403, 68.62752213280478, 69.26938738949566, 69.24566934498952, 69.23809086003084, 70.0484348598439, 70.16781652438087, 69.70826019360803, 69.11339383297477, 69.60378956276807, 68.40838772355875, 68.06175070091088, 69.53754280932054, 69.08618630303746, 68.8585106607084, 69.60421142301198, 70.05430887534484, 70.1495424334182, 69.59664197144977, 69.94559790975596, 69.40173812072712, 69.47353396214706, 68.98919340370549, 69.33076419311327, 69.13237262439573, 68.72650458884006, 70.4973772357639, 69.64748573411248, 69.45354000209002, 69.20627759509799, 69.53677940945582, 69.38571666895999, 69.67777494308639, 68.37223883078035, 69.61231202738728, 69.43861407494161, 69.90511087928245, 70.5256646356027]
[68.81678292553028, 68.8162692117515, 69.58506951371453, 69.21130728329075, 68.9792629470079, 69.9326841248233, 68.54067484050626, 70.5601255106603, 69.2572351409319, 70.02635906016448, 69.4144673965086, 69.2640384434657, 70.63653649860228, 68.44063422538082, 69.01257471295239, 68.93961365418282, 69.07380368519269, 69.68605123218018, 69.83604296971646, 69.62472181741776, 69.00732592006791, 69.2576030849763, 68.24288017362407, 67.92555988137954, 69.34007768102478, 68.69187769597387, 68.8193397103027, 69.60271016165692, 69.9624915847821, 69.60991656194588, 69.20102358359117, 69.58761454350528, 69.27067680283402, 69.46052577878257, 68.98062619851393, 69.25438751547038, 68.72262165040328, 68.7243020111075, 70.19589302470669, 69.29798045775206, 69.2024626475766, 68.71756586422028, 69.47264534367729, 69.23955739839691, 69.55802810078606, 68.25690410900724, 69.56553710779109, 69.08008117537352, 69.5798009608142, 70.34315974341087]
[68.56430975921049, 68.7056465128239, 69.54496668525097, 69.18637423792116, 68.9792629470079, 69.85062353130614, 68.47074782046407, 69.86691380315351, 68.73360288237475, 69.72351120869448, 68.9870809184429, 68.98661125278089, 70.13421391747258, 68.44063422538082, 68.65333219410344, 68.51034083599461, 69.06878678246612, 69.44264792674416, 69.62632139891282, 69.47023343950579, 68.97963119709591, 68.92130317344035, 68.05863028871718, 67.67885201600993, 69.21019072334408, 68.5226989233614, 68.55377066102643, 69.34205964606623, 69.7919719478278, 69.38126037304863, 68.8205616855638, 69.50147684102477, 68.66419923046747, 68.92040056483494, 68.97049015699872, 69.07761640222364, 68.72262165040328, 68.51956665052344, 69.93588387263591, 69.10932996125896, 69.08331874224146, 68.63225803256756, 69.0142739993345, 68.99950709320781, 69.4118079192148, 68.1205936677857, 69.49417037444982, 68.64914817281927, 69.47803297868472, 70.24592120013672]
[68.48149820060006, 68.61952941142044, 69.26215641309727, 68.75522633420925, 68.74375803292529, 69.83601304561886, 68.00987584159657, 69.83916222095989, 68.24852569939785, 69.62217116505548, 68.81907319473277, 68.54186241678786, 69.82760347684118, 67.80006753214239, 68.59916935635324, 68.51034083599461, 69.00616104759567, 69.20155948921219, 69.11417269461631, 69.47023343950579, 68.97963119709591, 68.43294773706168, 67.63008434059647, 67.67885201600993, 68.63350814196522, 68.43869460794521, 68.5300679385306, 69.06961261121765, 69.06956038149993, 69.24345242071165, 68.81822456855674, 68.99449151248072, 68.4044074019834, 68.72605461377351, 68.96241579313318, 68.61337035690309, 68.28294215540453, 68.43470986900863, 69.92941358408999, 68.98654909309634, 69.03387635645348, 68.14715742539934, 69.0142739993345, 68.50892252275426, 69.4118079192148, 67.96451805061396, 69.42371116764966, 68.46578557119554, 69.20454164272755, 69.95044891037266]
[68.12302651942375, 68.44089883208842, 69.26215641309727, 68.67510453317581, 68.68125786845796, 69.62848071886873, 67.93206021644781, 69.23023986827386, 68.00053530745672, 69.23538482216497, 68.17919024040697, 68.44086781216205, 69.57258533283391, 67.3692038131035, 68.49958576076168, 68.47718520246671, 68.50026778650837, 68.91008074919702, 69.09494401876209, 69.11787665168411, 68.9676602827774, 68.12757038295754, 67.39736951938188, 67.56029342910355, 68.56818868813477, 68.33430720646788, 67.99667544983436, 68.97952845386963, 68.67240329324522, 68.95198459668839, 68.81822456855674, 68.30439724038477, 68.3204241380229, 68.52411716244436, 68.68638205033662, 68.51994277135911, 68.21722175176778, 68.12015627946185, 69.7174424773198, 68.82800333206896, 68.80496553804531, 68.02063240257114, 68.74037258824673, 68.4454353714498, 68.9243281080718, 67.92466319719179, 69.34897482928173, 68.46240166338889, 68.98540051888526, 69.5749936755229]
[68.12302651942375, 68.0808983883042, 68.47694289911703, 68.5554338762763, 68.28933001965905, 69.58821274826302, 67.76183008590195, 69.0932225510449, 67.85095770884757, 69.21102769897892, 67.60507973270481, 68.31384490238261, 69.42891503113279, 67.3692038131035, 68.3285285924659, 68.20576267751994, 68.38691389616656, 68.7232315734515, 68.96088084881998, 68.94171514800345, 68.85190874343643, 67.62846180389177, 67.1034690224177, 67.30119261944684, 68.53950286926981, 68.3342778235797, 67.90682784941166, 68.68933378086932, 68.67240329324522, 68.6597293102198, 68.81822456855674, 68.13564275650842, 68.31606724321126, 68.5023489339025, 68.53511291257838, 68.46973427407049, 68.10080805789644, 67.79873867563298, 69.16190097971415, 68.70970541301698, 68.61715386499354, 67.94670005384543, 68.51690293241627, 68.40852866023523, 68.9243281080718, 67.63472898910074, 69.0289285377101, 68.32287789811892, 68.93100441595057, 69.1691772254683]
[68.12302651942375, 67.91253830654618, 68.36512434503888, 68.53001471096314, 68.00990669198298, 69.28713470189776, 67.56268299929444, 68.6039918830656, 67.81794169490452, 68.88983885380566, 67.60507973270481, 68.26651143274218, 69.25207902663678, 67.19745726460067, 68.2059646131153, 68.1688216612176, 68.29748011312434, 68.43353626797024, 68.79502863142942, 68.30053232357331, 68.48891211819324, 67.55077727612334, 67.0994000555246, 67.18246282548598, 68.4033943587875, 67.92073997773817, 67.62230726306338, 68.38700156722332, 68.47181855093868, 68.39663517516071, 68.43489421921025, 67.63944484211733, 68.0115088536938, 68.50059268667194, 68.45909083060543, 68.44891253115674, 67.97642618120382, 67.77931942749092, 68.90798763265573, 68.08440876704665, 68.41019334711939, 67.80281447941248, 68.40935101469339, 68.14398839691981, 68.61425227128066, 67.49571036800185, 68.99572614326678, 68.10465760146757, 68.74341297235186, 69.0120823493604]
[68.09072468041167, 67.77826324511153, 68.23549272531741, 67.97111722553709, 67.9442200247839, 68.92851424162129, 67.34037070313755, 68.50418436338947, 67.7308727811838, 68.80401639472197, 67.15784987838461, 68.00829987767828, 68.86564775106628, 67.12518119030888, 68.10563184881848, 68.02649749764069, 67.56804802859156, 68.14663883118791, 68.55015649013775, 68.13777083781146, 67.97871282723617, 67.47481130708782, 66.94206966382617, 66.63778637070892, 68.14049726565338, 67.8431510913844, 67.20433547581976, 68.15222843655536, 68.4705281391147, 67.96797346332315, 68.43489421921025, 67.60478091117902, 68.00909103423274, 68.2695693542089, 68.11697685327637, 68.14853900843498, 67.89058758311931, 67.43222551414462, 68.69671296554915, 67.96810699096714, 68.3601467324125, 67.77010820878478, 68.24490151106525, 68.09601746693788, 68.30140410089948, 67.38658730812216, 68.68922673331608, 67.86894118962924, 68.59164804385927, 68.53916620531375]
[67.96636762725947, 67.76336226036328, 67.94967009320536, 67.54888130440388, 67.64967650451372, 68.70630951431923, 67.27021635641339, 68.05905014142873, 67.65135628723459, 68.51164374726528, 67.15784987838461, 67.95852683831774, 68.51226090419621, 67.12153656784388, 68.10563184881848, 67.75060606212962, 67.55575226513896, 68.01208318090033, 68.50348858821748, 68.02695992423958, 67.74990628801669, 67.47481130708782, 66.89825741404705, 66.09503873001708, 68.10165703873231, 67.68948518454867, 67.15964488734724, 68.05666455199614, 68.38432210422613, 67.81765964989143, 68.22753213517339, 67.33684266634559, 67.75459722087587, 68.00769233013072, 67.9985229967228, 67.86321428676149, 67.686926332607, 67.29050448707724, 68.3257348565688, 67.82534465650421, 68.19769574470547, 67.61854079860451, 68.14213822410804, 67.9572618078255, 67.9505892050282, 67.30835228076236, 68.49835269937174, 67.86296954848292, 68.32147271087419, 68.53321301487964]
[67.87275350885133, 67.38370972890883, 67.87527068279124, 67.49644065150495, 67.64967650451372, 68.36317346261816, 67.21488960133762, 67.65118118030372, 67.36099990672767, 68.29282796849758, 67.09029095854847, 67.85076803198663, 67.9893478729035, 66.95317394475482, 67.5577315371589, 67.45752140015789, 66.97729082786876, 67.74019404217776, 68.13000343857598, 67.93248752640429, 67.68385296108372, 67.36147080571307, 66.76445833162339, 66.04169596377497, 68.02966259356971, 67.64604465242583, 67.15747556486406, 67.58430807232101, 68.18121451889671, 67.75843379395766, 67.76388942402329, 67.27007750357981, 67.47946233656911, 67.8469387132091, 67.65254569475539, 67.85934910238464, 67.66245467087035, 67.1029753414476, 68.1738053791709, 67.54998701909416, 67.75288135332585, 67.45905646634057, 67.69685242179483, 67.9572618078255, 67.92121260812776, 67.24281521053582, 68.41064889436672, 67.57750466146533, 68.2654512145881, 68.44235250925736]
[67.69121061546538, 67.29939499912027, 67.63176354893325, 67.251119995896, 67.55910708305969, 68.12995494650485, 66.93647609581166, 67.45165357424892, 67.20648197045213, 68.12654121385843, 67.09029095854847, 67.75649486080405, 67.97609061059548, 66.75458423924309, 67.4421908714077, 67.43590428208404, 66.58494199849083, 67.2506745078377, 67.91802622085955, 67.79965860716482, 67.58006141790017, 66.94787154368363, 66.73342004186625, 65.92296159756185, 67.62845962734961, 67.64604465242583, 67.07209570067415, 67.4890413090461, 68.09320452545444, 67.65302357304509, 67.63449401628046, 66.80620640806282, 67.30253157445613, 67.5692437629995, 67.19543215704034, 67.34918950054421, 67.66245467087035, 66.69681472714834, 68.1738053791709, 67.5227443335672, 67.75288135332585, 67.188009266058, 67.3269308937608, 67.83508469806767, 67.82647059111443, 67.08937147161541, 67.66364372743502, 67.35579878992871, 67.95746501414926, 68.34072689565446]
[67.38224470821629, 67.29939499912027, 67.35975967966968, 67.13904553521655, 67.42167844752392, 67.78809929129221, 66.7970701886494, 67.0671121806164, 67.20648197045213, 67.5385335021862, 67.02275945687882, 67.72238483112817, 67.80391467228785, 66.6839689362551, 67.22840076314496, 67.25389852710794, 66.54421087595611, 67.23602702807923, 67.50476313486148, 67.53008770408783, 67.21714527466845, 66.94787154368363, 66.38473393265946, 65.63564016650753, 67.14943718242274, 67.55462241779374, 66.65927488676479, 67.39195759454682, 67.7307559169006, 67.47848987914733, 67.41245081150072, 66.52527181247656, 67.12613166123627, 67.20625243910467, 66.70933802673618, 67.08990132557342, 67.41681300709078, 66.57549978810144, 68.05455884469413, 67.30681997584823, 67.38433703963065, 66.88801951631847, 67.17019507213104, 67.44439445672839, 67.58322472344653, 67.01856207957172, 66.88885320197811, 67.31879811612737, 67.95746501414926, 68.07105490468098]
[67.30259071785699, 67.25263647725136, 67.22699657680015, 66.72299059146705, 67.32811796886328, 67.61698049503526, 66.56740244063619, 66.88549855667812, 67.0695017091048, 67.31979399245049, 66.5495222100254, 67.53788396904821, 67.66289184065849, 66.56312422814648, 67.10386760060916, 67.18095861194075, 66.38437720316416, 67.23462685856734, 67.38243492419414, 67.232271533911, 67.21321322864188, 66.81843870100408, 66.05504331149038, 65.53385392095474, 66.88690021842716, 67.22486042179203, 66.65927488676479, 67.22242077379155, 67.56237301556729, 66.99932404764866, 67.31893791693201, 66.15178591878507, 67.12613166123627, 67.05420676958735, 66.69293477468277, 66.98975679467853, 66.96038203908512, 66.36574605319676, 67.79769451778192, 67.12869749572695, 67.23453137395036, 66.83813318059151, 67.04173632393572, 67.1009677946373, 67.53148998797869, 66.93589809341412, 66.4494753908372, 66.85182108904492, 67.64639712496805, 67.87097010172185]
[67.04101594749389, 67.25263647725136, 67.13628418164541, 66.72299059146705, 67.28330563439185, 67.50513873628174, 66.56740244063619, 66.88422676928785, 66.53138978685504, 67.12720132760337, 66.51886321973495, 67.39410964043982, 67.61551872504933, 66.22645839465784, 67.03079300053932, 67.10111207723097, 65.99188445114433, 66.9725809087557, 67.12378683374956, 67.232271533911, 66.9608666310995, 66.81843870100408, 66.05504331149038, 65.53385392095474, 66.69065317900113, 67.19664516238704, 66.4634305093197, 67.13415332040833, 67.39015690033582, 66.80197505550949, 67.23583346172849, 66.02196602028127, 66.98734525348851, 66.82377398135404, 66.55933489743344, 66.67387123768606, 66.63879916581276, 66.24455588459708, 67.58777587490493, 66.94869412523978, 67.17311752714375, 66.83031933143062, 66.9655386891131, 67.1009677946373, 67.48310638906993, 66.61947951507432, 66.41409174663862, 66.8484582377086, 67.59502546915874, 67.87097010172185]
[66.79972063222122, 66.97059260783553, 67.0189215050606, 66.41357176324152, 66.72958493074262, 67.22301904721695, 66.43069864286764, 66.5789810028783, 66.48434297429537, 66.95633623183896, 66.28983924301617, 67.39410964043982, 67.61551872504933, 65.99176942207134, 67.03079300053932, 66.65202496760735, 65.61612722361595, 66.9725809087557, 66.60880861616995, 67.163048165719, 66.56891470465052, 66.70253099755348, 65.95737133245203, 65.43248616418899, 66.59314722311683, 66.81053963307367, 66.29341567295793, 66.80225747608452, 67.15379635528322, 66.56836713861408, 66.96713341919497, 65.6833443331354, 66.82769359875198, 66.60573590854983, 66.37587025996564, 66.50551994670452, 66.63879916581276, 66.24455588459708, 67.30856599917297, 66.57770826993924, 66.82989252013654, 66.5794963509098, 66.9655386891131, 66.83916662692152, 67.32502647778966, 65.82920536153952, 66.17253253118723, 66.6901158397029, 67.44776203531119, 67.56750864676363]
[66.6433374927011, 66.97059260783553, 66.80011779063908, 66.27662252332225, 66.62829451297952, 66.77512639681164, 66.26241244351976, 66.5789810028783, 66.20914173337094, 66.87848971620613, 66.23388129287245, 66.97278467535625, 67.462939052328, 65.94062591840584, 66.59098236519085, 66.51539228279434, 65.30987194390187, 66.85051215002446, 66.4743513890589, 66.8151685854587, 66.39612829384797, 66.63586210643494, 65.95737133245203, 65.33312861687719, 66.51009167859658, 66.30969228590304, 66.29341567295793, 66.63587286572363, 66.59074618789575, 66.56836713861408, 66.4910703693757, 65.5954654141897, 66.68130274136011, 66.5935421533973, 65.91566631908313, 66.34601171709218, 66.36877734057344, 66.18627683012129, 67.26841027613237, 66.39591325277773, 66.63803958439851, 66.31764428512194, 66.93552093275869, 66.79063599369655, 67.15304044683052, 65.68801320314262, 66.04586428837081, 66.31781737668739, 67.36856396647298, 67.25306954239774]
[66.41662941645896, 66.45041442855535, 66.79718521296455, 66.27662252332225, 66.22226543840951, 66.58634620606166, 66.16035289968755, 66.30561989999123, 66.12687852108547, 66.87848971620613, 66.10975736245541, 66.72626387582446, 67.24985230033057, 65.55056348787836, 65.73282241610733, 66.31429274423955, 65.30643927113329, 66.63298527947865, 66.052772236752, 66.74174109885008, 66.22350946518509, 66.63586210643494, 65.95737133245203, 65.26080226476175, 66.3684326008902, 65.68100701860023, 65.75761208608643, 66.55557470170018, 66.42689873201218, 66.4799573943379, 66.46609165974999, 65.51491891758155, 66.22963069049405, 66.558033592202, 65.8955859044388, 66.21526416320697, 66.28337976658165, 66.10696512958317, 67.08691094645448, 66.36496037642016, 66.3678460507402, 65.91144670748432, 66.49637130742455, 66.62463966370649, 67.01566828191734, 65.61389834533622, 65.6952317709644, 66.1218308484467, 67.09668708382205, 67.1017550237328]
[66.29047406968765, 66.25241106548768, 66.7169862634793, 66.22468279847854, 66.1929315926784, 66.29172261073258, 65.70410722568825, 66.25683171122579, 66.07824029437286, 66.72716229385352, 65.73464610601177, 66.68269048238992, 66.91427310774597, 65.16891877651776, 65.73282241610733, 65.94655049738665, 65.30643927113329, 66.23540749262031, 66.052772236752, 66.63476314312888, 65.91808065887619, 66.40430894331186, 65.95737133245203, 64.6528101108876, 66.0291142493831, 65.68100701860023, 65.73038582168738, 66.26085484532133, 66.41620213580111, 66.36542855198674, 66.20597111429021, 65.27888403307078, 66.17829803754066, 66.39902683550508, 65.53514310161351, 66.21526416320697, 66.13080819461116, 65.57079945366678, 66.94052315617476, 66.36496037642016, 66.2237196391155, 65.801854570028, 66.49637130742455, 65.67148778517492, 66.91962354531273, 65.3510230496009, 65.56098983447114, 65.92430349637758, 67.09668708382205, 66.94749723783586]
[66.13610894392401, 66.18246162400482, 66.41181676072166, 66.17505991143084, 65.93396675392975, 65.97333908512229, 65.61868857160167, 66.14518464316527, 65.79500157683738, 66.45577085129972, 65.71378418520001, 66.53653350207136, 66.8871796672996, 65.07613193931692, 65.62752865233132, 65.89809880567235, 65.12366635218933, 66.23540749262031, 65.77524099624915, 66.59819548855128, 65.86398278314651, 66.40430894331186, 65.95737133245203, 64.36366077302333, 65.96237749888188, 65.44350298836761, 65.52672241949594, 66.0302226395846, 65.93567775489512, 66.34283906325223, 66.09730331742934, 65.19929354964307, 66.11324342338744, 65.99936041240153, 65.53514310161351, 66.19777635565073, 66.13080819461116, 65.5078156860503, 66.78526047018325, 66.25561392266357, 66.15440988325642, 65.76121494672236, 66.46421837898156, 65.49375733859733, 66.63279606462382, 65.2818307314828, 65.39173879625524, 65.77068098200395, 66.97980095413821, 66.67526311869437]
[66.13610894392401, 65.87201149186882, 66.27465448764771, 66.04661864260056, 65.87905396956447, 65.91882762673882, 65.54675088279484, 66.14518464316527, 65.6087592287466, 66.16130636367723, 65.61214922042294, 66.4907575025306, 66.67678491328667, 64.92667177085607, 65.42072515277434, 65.83699262428411, 64.91621488247989, 66.23540749262031, 65.71543707188407, 66.49986788782302, 65.83303587126885, 66.40430894331186, 65.44512312786837, 64.13955497384708, 65.7390717005168, 65.11509305286862, 65.40300776863518, 65.87451687511566, 65.8952128894767, 66.3216643628821, 65.90963122437503, 64.76344904329538, 66.03677528335831, 65.82379868703273, 65.11465347767572, 65.99471752580808, 65.84012034046499, 65.44541564173161, 66.64343855862009, 66.03482307187635, 65.71471454014507, 65.60460193828521, 66.41766013324177, 65.49375733859733, 66.5285299085923, 65.24229151936332, 65.39173879625524, 65.77068098200395, 66.65632278980894, 66.6299573855169]
[66.13610894392401, 65.77066104166894, 66.00094087052234, 66.0231746266704, 65.87158842377426, 65.88781322167338, 64.90257022608402, 65.93707613162198, 65.45422223111612, 66.05235339946792, 65.54040117100966, 65.95556075707069, 66.66538590567191, 64.92667177085607, 65.3888477056057, 65.81413599197077, 64.68766271444187, 66.0788492646143, 65.71543707188407, 66.44770908386229, 65.83303587126885, 66.24467004889954, 65.2806633037866, 64.13955497384708, 65.62667794196757, 64.9818304303371, 65.25374121738011, 65.74619623253986, 65.8952128894767, 66.06145844302435, 65.48542175038263, 64.64049322655768, 66.03484388201011, 65.82379868703273, 65.09203981757544, 65.8807524388609, 65.59792233007161, 65.43814258109857, 66.12514290590325, 65.9259273090415, 65.6581475805713, 65.5131471974145, 66.09964574159504, 65.49375733859733, 66.43514203223032, 65.01576320582056, 65.10338189212499, 65.39330743657231, 66.58561260612552, 66.62921823553935]
[65.88518582964136, 65.6685970779093, 65.88409401603431, 65.69661611659564, 65.70227079689417, 65.74835607452056, 64.89227805886371, 65.42930018081805, 65.33835688639613, 65.93530747387257, 65.21716240580794, 65.73476388419604, 66.58998097521297, 64.9106571689185, 64.67530248694364, 65.49961201426382, 64.56267410968884, 66.02589504348722, 65.71543707188407, 66.17648786535759, 65.59219561351499, 66.23066417146633, 65.24705568877411, 64.09741544578297, 65.39016012644824, 64.9818304303371, 64.92562796443096, 65.6163827623463, 65.67501233239693, 65.71462276161944, 65.34493215358404, 64.3738556109755, 65.80044665142505, 65.56331443409152, 65.05340016187074, 65.71667765479097, 65.59792233007161, 65.43814258109857, 65.8860011918274, 65.90888629245185, 65.54166281781355, 65.16744571815, 65.76229283564173, 65.49229878868329, 66.43514203223032, 64.84622488221343, 65.08556712857418, 65.39330743657231, 66.46066862798492, 66.53580874899211]
[65.71096650902717, 65.53132472136228, 65.72270368053455, 65.50930391052245, 65.52535579503753, 65.43301490779062, 64.89227805886371, 65.42252139580627, 65.20647666162927, 65.93530747387257, 64.95845626487466, 65.53361745064734, 66.24701322814532, 64.9106571689185, 64.62434213012098, 65.19236369567375, 64.56267410968884, 65.83836008593826, 65.39743603467551, 66.13902834818134, 65.26755157020106, 66.05017312018887, 65.19506086604609, 64.078665974742, 65.23552134915106, 64.37160060171132, 64.86112220490634, 65.5588841560139, 65.52242293997583, 65.39942798958609, 65.21247216115202, 64.36563025432089, 65.57015923363812, 65.31322549281457, 65.05340016187074, 65.43473417958052, 65.57545190682836, 64.91550892964278, 65.8098182228326, 65.43360374579589, 65.401294362426, 64.93593191203993, 65.70479604147079, 65.49229878868329, 66.24739919958064, 64.43325379585036, 64.74463165566002, 65.11929147603135, 66.29308444190207, 66.26219953296729]
[65.56608610870923, 65.46550178863922, 65.38991881050282, 65.43046552925833, 65.36214075417028, 65.19104562279645, 64.83162408763619, 65.09933109372915, 64.96319428135618, 65.68365098748059, 64.90715389198678, 65.37082483883367, 66.0110077505419, 64.87261396900013, 64.62434213012098, 65.11805924768385, 64.3247684183074, 65.62299323344601, 64.7162362866122, 65.99525388954375, 65.24746038924204, 65.88154615026926, 65.15473516945798, 63.58029470740062, 65.16613516148415, 64.28547748449623, 64.86112220490634, 65.51236295082091, 65.49769686570947, 65.08591341005297, 65.21247216115202, 64.30237083106243, 65.19667917231833, 65.27260820922494, 64.93692836286887, 64.86677212900392, 65.12633595793146, 64.83960817155379, 65.75092243748722, 65.2777423802493, 65.09830584110605, 64.52060828647028, 65.43407529504242, 64.74174760791058, 66.1534915324571, 64.35269687610092, 64.6968132811455, 65.03467548234929, 66.22760288648323, 65.55316291083464]
[65.16414180801807, 65.40652618890421, 65.3551352858183, 65.03401412130391, 65.32686618262144, 64.99088410083303, 64.6649803523076, 64.86278868706735, 64.55915725092188, 65.59489652119031, 64.7923629945598, 64.95099733161196, 65.57804765849163, 64.7627906516851, 64.43925939100973, 64.9761066006758, 64.22099864289248, 65.5593485667658, 64.63152627141, 65.99525388954375, 64.98745951832845, 65.81294792229906, 64.58428017951844, 63.5224970171259, 65.12658013945324, 64.2329046952843, 64.8060501152376, 65.30646085065317, 65.41679177976283, 64.95910027155956, 64.94325845439207, 64.219819054063, 65.06340158591954, 65.19328101070157, 64.74561892281372, 64.86486196879721, 64.27054538645929, 64.58826441017264, 65.57646051923075, 65.14711646018094, 65.03900610324055, 64.49877238681094, 65.1908649099112, 64.74174760791058, 65.75305643974075, 64.23224727402312, 64.63031929134593, 64.89340122128257, 66.11069110044522, 65.52689838880327]
[65.11986442976867, 65.33015330640481, 65.2598125566914, 65.03401412130391, 65.04267438233147, 64.89176600086249, 64.14695936899064, 64.86278868706735, 64.55915725092188, 65.29155708531172, 64.72870621555262, 64.66692728453108, 65.43766364316951, 64.43159669220464, 64.12268127556493, 64.76956256436651, 64.09499933729195, 65.12542779439659, 64.63152627141, 65.87195274809872, 64.830482168072, 65.54288162003448, 64.19735447335685, 63.45045059026702, 65.09249831749958, 64.03086828298133, 64.7362874113981, 65.23943210379556, 65.04852827075243, 64.71966933914112, 64.76392228150314, 64.05710664068721, 64.92537513314691, 65.19177918036794, 64.59910721037724, 64.84478192297948, 64.27054538645929, 64.49756007317623, 65.48182638746104, 65.05595428123637, 65.01202022611726, 64.39613114489401, 65.1908649099112, 64.44528823000847, 65.72949343428115, 64.1481787080373, 64.50438862055357, 64.89340122128257, 65.78258927067418, 65.33620445909366]
[65.02887429312612, 65.12017665504291, 64.9030378615659, 64.87465386817058, 64.92029515862826, 64.79388937842762, 64.14695936899064, 64.66948471836652, 64.44144033556552, 65.17723197355838, 64.65762444719084, 64.29774659263046, 65.00817613453943, 64.39494580421729, 64.0194350487131, 64.64169052948762, 64.0205807832358, 64.98287918303542, 64.63152627141, 65.36957024622224, 64.74874724615084, 65.11348223868154, 64.19735447335685, 63.45045059026702, 64.81162802240851, 63.55545781113244, 64.59393433179721, 65.08538016303922, 65.04852827075243, 64.70632554827759, 64.71618558902581, 63.902610698833186, 64.70326983977922, 65.07387707126571, 64.18765954563177, 64.37667354585557, 64.01464963242827, 64.44803134187319, 65.29113704567654, 64.939894175583, 64.8061976944897, 64.39613114489401, 65.00587597140273, 64.42623248099412, 65.5336915741274, 63.77292660427065, 64.20433316730978, 64.6337005493194, 65.69145939584963, 65.05861080420347]
[64.8491983804859, 64.96080099335774, 64.73100651654315, 64.87465386817058, 64.85851773286333, 64.79388937842762, 64.14695936899064, 64.30309956936846, 64.13041178167649, 65.11369807149744, 64.65762444719084, 63.920319965542504, 64.83691443553661, 64.1155453249299, 63.74154714442077, 64.5876191169099, 63.80145209116756, 64.92581621608555, 64.28716617162709, 65.23105922763769, 64.66717896064667, 64.87920988245939, 64.06759608202537, 63.29960634779587, 64.46294701824505, 63.510045767181374, 64.3835433775542, 64.95366096554325, 65.04852827075243, 64.52453946677556, 64.52022041382406, 63.902610698833186, 64.62310793291299, 64.6051977170605, 64.18765954563177, 64.24494888392725, 63.796867252909465, 64.39255291715261, 65.05811152761956, 64.71691663589593, 64.60804603279482, 64.39613114489401, 64.88413737934056, 64.42623248099412, 65.31079885926427, 63.501832580043036, 64.20433316730978, 64.6337005493194, 65.49761333736414, 64.95000169129321]
[64.55616748114241, 64.86499368940444, 64.68328544376216, 64.8105125678602, 64.48529071373173, 64.66926279934525, 63.77973527642712, 64.1422092464053, 64.01667971444832, 64.72187293003469, 64.65099718156883, 63.920319965542504, 64.80892574404905, 64.08715056000415, 63.369542762583436, 64.5876191169099, 63.443485048875274, 64.08465428169002, 64.28716617162709, 64.98347855886377, 64.6636094589562, 64.6834583536789, 64.06759608202537, 62.885172337392774, 64.40786921830745, 63.45492867416706, 64.34735909958788, 64.89315511175451, 64.9749114486334, 64.40899166602807, 64.33130166390394, 63.65107805845897, 64.62310793291299, 64.48183445638317, 64.14752957217398, 63.892540156904204, 63.47797351348822, 64.39233102485832, 65.0393515198031, 64.71691663589593, 64.18896272939695, 64.2956374579052, 64.72719449149871, 64.27861531389779, 65.29452998527549, 63.501832580043036, 64.16397938042553, 64.62388612553673, 65.43784362758076, 64.95000169129321]
[64.40221805429528, 64.779124205413, 64.63539126955277, 64.57024200940981, 64.21220751450856, 64.52828879300169, 63.66830759800318, 63.93189266828947, 63.693608951977865, 64.27968913146977, 64.65099718156883, 63.88637746333637, 64.77932677710267, 63.26596296826693, 63.22430917212235, 64.49949378475009, 63.443485048875274, 63.84492530475126, 63.948668786673956, 64.8887241335948, 64.54217865152341, 64.67533291487325, 64.06381128965681, 62.85905858556326, 64.40786921830745, 63.21198242017634, 64.34735909958788, 64.592463251417, 64.71345511881967, 64.35088540102583, 64.14040427505574, 63.58689965177083, 64.28884091172756, 64.29902598824071, 64.03089359740692, 63.63780682449161, 63.47797351348822, 64.04895601410018, 64.84001577673669, 64.69860938288674, 64.12162579495453, 64.04088090933004, 64.56266567971167, 63.85992169768783, 65.15592525183686, 63.497373679950314, 64.1005000013032, 64.25064782249534, 65.34108314345606, 64.92023828254617]
[64.3053880217837, 64.74301191729441, 64.60269287629444, 64.3107992918579, 64.08680413268164, 64.49025531274562, 63.6311024532924, 63.875979413976395, 63.67281211999092, 63.766219229795624, 64.60859497830828, 63.88637746333637, 64.73681492378789, 63.16444169591068, 63.22430917212235, 64.05751452789451, 63.03424075794078, 63.60541622117855, 63.948668786673956, 64.8887241335948, 64.30470184777572, 64.67533291487325, 64.02197255705444, 62.85905858556326, 64.2993897666607, 63.05471491570336, 63.79622686486864, 64.53073377276432, 64.60757063865631, 64.17181850113869, 64.04562291638817, 63.31974145451885, 64.19423260223648, 64.29902598824071, 63.968678800528245, 63.60902556844182, 63.447922952999576, 64.02814524184114, 64.59672547269705, 64.509815395657, 63.83162186052782, 63.889134653972874, 64.56266567971167, 63.60763980394514, 65.04478097553586, 63.49168812082513, 64.0379173268701, 64.25064782249534, 65.14046923911229, 64.63358892665653]
[63.93012228056563, 64.64905982148672, 64.50693652444782, 64.10186281324108, 64.0828589224831, 64.28599888899694, 63.57652387146559, 63.768811779166, 63.44174221817568, 63.766219229795624, 64.31397087357774, 63.73548875394334, 64.70049209432459, 62.83442413929449, 63.07694301565596, 63.80037885637531, 63.03424075794078, 63.508915044756165, 63.74678102354407, 64.8887241335948, 64.19420443824757, 64.54695628804767, 63.848135759191166, 62.74454359690675, 64.20408766750418, 63.02811175093925, 63.58672045530942, 64.41611087332844, 64.36079897692949, 63.99802777306735, 64.04167194330479, 63.20675773748097, 64.02975294674616, 64.02048706657123, 63.74015874200677, 63.60902556844182, 63.29100990128937, 63.879640150707836, 64.59672547269705, 64.40118303695398, 63.826634153975284, 63.590247164529046, 64.50000547023714, 63.287986946359034, 64.71303525193387, 63.45154250792983, 63.832380040410875, 64.19202841066803, 64.91241266347451, 64.16279887835819]
[63.80077578377312, 64.50911512068875, 64.50693652444782, 63.97181413577503, 63.636945112438845, 64.08898397604761, 63.461741508891144, 63.72048689776584, 63.37814480098727, 63.44815676342711, 64.21100937646665, 63.539263837843166, 64.6044226239972, 62.83442413929449, 62.99281964609531, 63.77025436382286, 62.966685526118866, 63.508915044756165, 63.74678102354407, 64.49548075132041, 63.94898267929278, 64.51096604710057, 63.37517013922411, 62.62342775567506, 64.05390488711335, 62.9604753787638, 63.437373541160966, 63.99911921945562, 64.31974537712848, 63.882083242819874, 63.93954988986626, 63.20675773748097, 64.02975294674616, 63.86885671714388, 63.482493743429494, 63.5454385380389, 63.209551781083306, 63.68325448303282, 64.59022950115776, 64.17960912011966, 63.62855138985551, 63.590247164529046, 64.22124516316019, 63.22418365865376, 64.63078455027754, 63.33995645958557, 63.75420518902139, 63.82447497386598, 64.82634105465203, 63.93931859492589]
[63.63729491703513, 64.44027665772919, 64.41826025276124, 63.9511396291792, 63.44963729847825, 64.08537959433094, 63.34780521398564, 63.4667545137929, 63.37696653337308, 63.433289804926424, 63.9752057177299, 63.2626265495792, 64.5487228573816, 62.765918351510706, 62.90465470990286, 63.6976284898063, 62.94076492720806, 63.31757810930635, 63.72432654366499, 64.49548075132041, 63.57148990425469, 64.39253350904332, 62.88539739147343, 62.4323011166958, 63.891789128690945, 62.817848607703034, 63.148407995100214, 63.986757441315284, 63.71930696519534, 63.8405857567703, 63.79752227234229, 63.076007894302464, 63.78654353682175, 63.78894443744774, 63.459457823761205, 63.49551344166652, 63.08841178158944, 63.679709097191015, 64.50735696932308, 64.17750831753972, 63.62855138985551, 63.48744672675521, 64.03287159869805, 63.22418365865376, 64.4331123403285, 63.24059659818289, 63.54406514039135, 63.725273268989085, 64.64276395278719, 63.88351180886019]
[63.38111096483565, 64.30978358073833, 64.2348304253463, 63.55452700448755, 63.4180697751285, 63.88643101636959, 63.1442547227761, 63.382480561869876, 63.37696653337308, 63.15258647444824, 63.91316207804929, 63.20071515440873, 64.19290498137063, 62.62144952253193, 62.867410592359, 63.68107111830236, 62.94076492720806, 63.30013176470275, 63.478562509829814, 64.49548075132041, 63.47703342256701, 64.30278910960982, 62.67367074346006, 62.312410418946605, 63.89011200901736, 62.62199825093721, 63.119278065538325, 63.589859746893566, 63.62390843440535, 63.8405857567703, 63.601128258406774, 62.99698112910448, 63.59266647331748, 63.67302955490877, 63.41348860820083, 63.363126635311666, 63.068015451707595, 63.60866082313784, 64.44912584278147, 64.17750831753972, 63.308481267982835, 63.423390985523746, 63.91297809675223, 63.171982598929254, 64.34874204183616, 63.19659186442881, 63.03352894344697, 63.663763483376535, 64.62453371729197, 63.688012436840495]
[63.36632920349134, 64.30978358073833, 64.22831275242093, 63.49289019231726, 63.22154748060566, 63.87768108535266, 63.09964591141473, 63.16716246209919, 63.19732903137797, 63.04608404919145, 63.89140006969202, 63.1420589145059, 63.84003016741074, 62.47059768191466, 62.78299172625267, 63.48331002444668, 62.866928101984605, 63.30013176470275, 63.41177098150162, 63.87452474313333, 63.46515965669571, 64.228243832311, 62.601492840090714, 62.18019104968446, 63.70814267499138, 62.62199825093721, 63.06579854328394, 63.147809820932935, 63.54819304962514, 63.70740572284048, 63.509697335178316, 62.78140086404237, 63.41373368525417, 63.55889400300928, 63.22966284139611, 63.242167356226446, 62.985550989429086, 63.52991567628949, 64.41356757131192, 63.8506441358693, 62.91227514162371, 63.15685211949981, 63.78234681585444, 63.03976829932452, 64.1584651669315, 63.173890630840695, 63.03352894344697, 63.6261202524142, 64.21793479646898, 63.3094794975133]
[63.29527068421739, 64.25594144441132, 63.981718810721325, 63.068659264305325, 62.649370694616984, 63.73995177248595, 63.06927748455513, 63.047214222471666, 63.117624196060504, 62.91917799231434, 63.77778299286227, 62.7472610530056, 63.59536531855174, 62.400497411060144, 62.772961082202926, 63.46451164415462, 62.731591422740465, 63.30013176470275, 63.349646326102494, 63.8731404265572, 63.455477961804924, 64.15354329220152, 62.552703837966284, 62.09211993509117, 63.445829146145556, 62.36346211583418, 62.96586474725217, 62.85266241999595, 63.360400466350804, 63.67457793723803, 63.463573516449074, 62.70838470871156, 63.12114187580495, 63.3224489395933, 63.021510177158845, 62.98913013579617, 62.985550989429086, 63.38069467232151, 64.25299491241326, 63.6558451268701, 62.809485003969804, 62.818978823797615, 63.63959001459737, 63.03976829932452, 63.94326192622187, 62.945349879768386, 62.70670205400677, 63.54131264492086, 64.21419579058588, 63.273671332989764]
[63.28901985397865, 63.91524886895038, 63.90721985375137, 62.88498317098335, 62.31981581693377, 63.72307105956353, 62.9667087307712, 62.90738613580553, 62.92599840948022, 62.89181385119772, 63.32632986805042, 62.5085826352978, 63.59536531855174, 62.31103796630897, 62.3564247272957, 63.253320293881075, 62.731591422740465, 63.214398754583804, 63.33442247898789, 63.693624678634, 63.395050518699215, 64.06387459015662, 62.33417393812347, 62.0910407368894, 63.42915299930901, 62.17142434726336, 62.96586474725217, 62.634891117464896, 63.18804564506521, 63.548337111352886, 63.43509338999852, 62.378068318712415, 63.11003060307296, 63.22537811182933, 62.98012826408667, 62.722939142187045, 62.92026547681276, 62.91625679978866, 63.740202504917605, 63.59179093749947, 62.560583339337974, 62.6627489307496, 63.33535800189187, 62.74532581760709, 63.57383870429514, 62.82204280596282, 62.70670205400677, 63.266396541693084, 64.19225698480388, 63.273671332989764]
[63.199557944222235, 63.87802654687344, 63.90721985375137, 62.88498317098335, 62.05999513567953, 63.63095087287318, 62.93146198123522, 62.80348472482801, 62.34811088866407, 62.89181385119772, 63.22591607818161, 62.5085826352978, 63.566199437320506, 62.2857295637326, 62.34884268436498, 63.01837533153544, 62.67125624277655, 63.14995206401583, 63.26892119043224, 63.39865284113042, 63.39200105099535, 64.02079804679065, 62.28124524282983, 61.92581253262673, 63.141635054207406, 62.10599685631547, 62.96586474725217, 62.60722320846078, 63.16653787501432, 63.3078289657329, 63.40497987856067, 62.289401214808116, 63.06413218004572, 63.163241546069685, 62.76819687361963, 62.65950755488874, 62.847741500240105, 62.811957709649526, 63.51123268432654, 63.58649486234357, 62.539242392249, 62.65750500960952, 63.16606267244954, 62.526906308617114, 63.42471222225119, 62.48739274773692, 62.70670205400677, 63.024420634151156, 64.01407808035664, 63.100675006386005]
[63.13456540248806, 63.75293392843291, 63.80521243295124, 62.88498317098335, 61.79109220786279, 63.598701871895834, 62.8370949733742, 62.76580720530073, 62.11019438587846, 62.744643595252306, 63.22152328431908, 62.23530055079632, 63.566199437320506, 62.136740198732696, 62.34884268436498, 62.80307406232148, 62.453546398236384, 63.14995206401583, 63.22505512174706, 62.98652685619546, 63.13863636699186, 63.77435505237355, 62.20656906025747, 61.81721362986426, 63.001767583588695, 62.0136413669076, 62.95007967747798, 62.47598794773942, 63.03494750963224, 63.184194021223774, 63.173726073901534, 61.939503425513976, 63.02652082465785, 62.82732082438103, 62.64760432750912, 62.45874712161611, 62.725634015831396, 62.50818308636393, 63.40970349829379, 62.93880107761597, 62.471950513021454, 62.35380228826074, 62.75786019240725, 62.495525204418676, 63.28107337466535, 62.36924121185422, 62.69783246239651, 63.004615320931165, 63.44635205780842, 63.07258846626165]
[63.10705628453768, 63.62862648441821, 63.71287212912623, 62.878583118163036, 61.79109220786279, 63.47587997403374, 62.81840634823236, 62.64238675512371, 62.11019438587846, 62.62658258345108, 63.22152328431908, 62.15089842584973, 63.459300437771574, 62.10087358739825, 62.295320743953006, 62.736628479204114, 62.36998593252233, 63.14995206401583, 63.168345098844874, 62.633920121751885, 63.05375435005735, 63.57109397522278, 61.98292144519824, 61.57774312067968, 62.54228256912243, 61.901740366823866, 62.84897033114468, 62.46277127422818, 63.00553197355513, 63.030886711447124, 62.93582024628383, 61.87250236736056, 62.93497865551785, 62.64096728699104, 62.47891883635928, 62.45874712161611, 62.29699985062338, 62.45374459508831, 63.189364809321965, 62.85861444298068, 62.471950513021454, 62.21974549645394, 62.67188252256433, 62.48687835537095, 63.28107337466535, 61.90511485587761, 62.59651699576425, 62.68975927177023, 63.40749317600279, 62.661537067800566]
[62.93026280192794, 63.55172268830696, 63.47529673130619, 62.718287482357745, 61.76487367101176, 63.04946807327927, 62.81840634823236, 62.500221412466225, 62.00032029140698, 62.61248098541485, 62.52193997579942, 62.15089842584973, 63.36715349881955, 61.999197273868546, 61.85897123668839, 62.56107657586667, 62.34276441616546, 62.89415201098711, 62.75130459401852, 62.20137262312356, 62.77452938666621, 63.534307973971025, 61.98292144519824, 61.52297920297377, 62.54228256912243, 61.6791957072691, 62.37531178718234, 62.39798880659843, 62.93062736474593, 63.030886711447124, 62.830314999782885, 61.76068436819973, 62.53751175874273, 62.305042285889684, 62.47891883635928, 62.40519294301195, 62.23984286803221, 62.391268912510085, 62.97655866333421, 62.691783086969565, 62.32968492990473, 62.08704774251105, 62.427270321668985, 62.17810079133352, 63.25988199136454, 61.87928537349418, 62.55424854391318, 62.60573291606661, 63.08521169121826, 62.532849442248924]
[62.85209789925864, 63.07026120650956, 63.42500371611085, 62.58390843278312, 61.76487367101176, 62.93610969035609, 62.61528874366579, 62.27396841772746, 61.9138521173915, 62.55346050607932, 62.170584343937264, 61.87703583795879, 63.36715349881955, 61.892234195975995, 61.62386638052804, 62.56107657586667, 62.32523191367655, 62.71177994491207, 62.75130459401852, 62.20137262312356, 62.77452938666621, 63.47742697809666, 61.93950830638001, 61.519327990756985, 62.26570904747416, 61.43723052390741, 62.146742845558435, 62.287595326576934, 62.75535310395757, 62.81953963618132, 62.645943299896146, 61.694162366339604, 62.3808882179768, 62.07964875928059, 62.31799108788506, 62.40519294301195, 62.174298286983536, 62.038671478927355, 62.79834190765295, 62.691783086969565, 62.27833772159833, 62.04615167894749, 62.26680299464256, 62.14683415358824, 62.94643044651806, 61.646271503540405, 62.166048417310705, 62.516222438109295, 62.6563143072925, 62.532849442248924]
[62.56823605104908, 62.92835508869996, 63.09522745572828, 62.45756991162684, 61.70465784323401, 62.61529135712757, 62.43166148807546, 62.27396841772746, 61.70137341922582, 62.4171720639486, 62.09469495054211, 61.85420085160932, 63.27961138228043, 61.701365116418366, 61.1015292807852, 62.26015156853441, 62.13154434462065, 62.58708444698019, 62.72054960488267, 62.10631133360189, 62.72911997660236, 63.21003785722049, 61.86764114632373, 60.927237778579375, 62.111902515301516, 61.4127873407315, 61.868151127210105, 62.275061473829204, 62.75535310395757, 62.74148656972769, 62.57422258234485, 61.42518659941554, 62.334544710224826, 61.969515323311576, 61.981910009904325, 62.26450173842278, 62.09927836238811, 61.910291381687514, 62.7349627550557, 62.292825595085034, 62.22947202050879, 62.04615167894749, 62.191655657170145, 62.14683415358824, 62.54290476246193, 61.646271503540405, 62.04024570841659, 62.48438972091143, 62.32386599494511, 62.23288410287122]
[62.461841239121874, 62.76694524472973, 62.979470519628606, 62.453754870796914, 61.19968099753569, 62.354182708720884, 62.36373168170651, 61.870405095651776, 61.283780910738315, 62.2750491031735, 61.77979274617362, 61.81909311967404, 63.13405604184038, 61.43240020293488, 61.10122653319337, 62.03359420235328, 62.04914241196875, 62.446354480982656, 62.30411460167333, 62.080213940904876, 62.68077727851075, 62.511895841424234, 61.59444357641995, 60.927237778579375, 61.812607820120206, 61.37228014822598, 61.80868793908162, 62.275061473829204, 62.57454455480886, 62.56615744311311, 62.56219084411674, 61.33098666610529, 62.078707335016475, 61.73770417950958, 61.981910009904325, 62.06126484030218, 61.88467294869108, 61.80564038105674, 62.68051092840672, 62.19844467270629, 61.691491463526674, 61.88907079456906, 61.92905332717511, 62.07921661718401, 62.26573704265569, 61.40265290219626, 61.89209570795797, 62.31299752801247, 62.139497841539516, 62.23288410287122]
[62.30276495095948, 62.763407332163524, 62.801411012622125, 62.169638323593404, 61.19690531467486, 62.35185674372548, 62.12975531200392, 61.55418109117893, 61.20277336875417, 62.2750491031735, 61.67321991572377, 61.755931158712244, 63.13405604184038, 61.38051247196972, 61.10122653319337, 61.97980114253711, 61.91733027478862, 62.36143535923147, 62.30411460167333, 61.97660025395785, 62.521023212027686, 62.28598802756862, 61.51867869413987, 60.81689121339802, 61.615768019038796, 61.001970534760424, 61.47088932077065, 62.119467942334424, 62.57454455480886, 62.5660623502276, 62.52362902476521, 61.271729386593776, 61.917886037666506, 61.72599881113594, 61.86222647644371, 61.994084495569254, 61.83686297393906, 61.80564038105674, 62.47893925335818, 62.1543490335622, 61.57429265966679, 61.79123321609027, 61.92905332717511, 61.86901031953073, 62.160296281313414, 61.28500230598955, 61.86581106566041, 62.30007672119179, 62.01414319854234, 62.23288410287122]
[62.20607239006536, 62.763407332163524, 62.75317178937955, 61.90460197335983, 61.006494807917875, 62.35026223876683, 61.92574174260161, 61.3542323216065, 60.94813331022387, 62.121357270144905, 61.64745561904884, 61.755931158712244, 62.72782982194498, 61.38051247196972, 61.04566835052773, 61.97980114253711, 61.734189802407585, 62.29601738375494, 62.241012055489975, 61.97660025395785, 62.4477460125835, 62.2393159294538, 61.50901123006447, 60.804478854074844, 61.30254541735411, 61.001970534760424, 61.47088932077065, 62.09747119561841, 62.502306938102684, 61.949709433523296, 62.41654312658436, 61.237293529617865, 61.843860959950746, 61.69435780892577, 61.86068715270958, 61.98637059875299, 61.40386365914996, 61.57090911857821, 62.40464742720059, 62.1543490335622, 61.57429265966679, 61.7002685645205, 61.92905332717511, 61.864836961916694, 62.05957540840736, 60.89566097109743, 61.78244077423212, 62.13410039976119, 61.980094484929225, 62.08943290071551]
[61.79669197516891, 62.46154242127868, 62.39693840173103, 61.66311513175631, 61.00562127747319, 62.188112763296964, 61.780258025411534, 61.018650223693, 60.94813331022387, 61.91639856091977, 61.64745561904884, 61.75090897945821, 62.55636107928166, 61.30143932156308, 61.03752009420333, 61.97980114253711, 61.065174405932694, 62.211564140923635, 62.241012055489975, 61.9168956364696, 62.38440541463999, 62.145582222153095, 61.235222554549594, 60.68446214308871, 61.20926217021611, 61.001970534760424, 61.47088932077065, 62.00748752604746, 62.19511464205617, 61.86959849385407, 62.105448202480794, 61.21888471988596, 61.500623023935894, 61.5507959946969, 61.635367851802414, 61.96279070308907, 61.06706600208024, 61.378300410580906, 62.40464742720059, 62.04197441346421, 61.56002703254811, 61.7002685645205, 61.77199165711728, 61.84747175997218, 62.03550103512664, 60.8648548249176, 61.65596243415787, 61.67066202358923, 61.841398754489475, 62.04679179440761]
[61.59028060181684, 62.24919542926909, 62.261244706784204, 61.66311513175631, 60.53772558087438, 62.057104490540425, 61.632309073697684, 61.00156968485275, 60.836406481660084, 61.62451372211367, 61.62008629180858, 61.629616062929905, 62.494198292354874, 61.230558348560955, 60.885119748537534, 61.97980114253711, 60.96259777940943, 62.08323348330778, 61.72536810105515, 61.7599563846244, 62.19468710026312, 62.145582222153095, 61.114427702461875, 60.63470120129688, 61.20926217021611, 61.001970534760424, 61.332367191434585, 61.87361407775886, 61.79288872431486, 61.7860529832368, 61.92108722866719, 61.03198994048746, 61.33032319408576, 61.42643746888179, 61.49005206286271, 61.96279070308907, 61.03956856202403, 61.25253130017503, 62.19322362489784, 61.765629273379986, 61.51582270839916, 61.65995857459821, 61.77199165711728, 61.5878414809967, 62.03550103512664, 60.78579516275058, 61.4731428034277, 61.47261002027501, 61.810740562563275, 62.04679179440761]
[61.4699416954346, 61.94901251885388, 61.99459805628537, 61.49518330170508, 60.49150058091474, 61.98687647766216, 61.610057170739495, 60.94095596220292, 60.62333718012515, 61.474641890033354, 61.37098137073674, 61.473157304961106, 62.28934984632646, 61.230558348560955, 60.548989226356014, 61.82177909527701, 60.75527079713588, 62.08323348330778, 61.674402694878246, 61.709056939985466, 62.17662295234692, 61.905418195287325, 60.93325717443241, 60.63470120129688, 61.17674248688242, 61.001970534760424, 61.15948334024297, 61.83367550837228, 61.61464203138593, 61.52147146061698, 61.36353021040717, 60.771083126905594, 61.035629696566126, 61.42643746888179, 61.40233191164684, 61.96279070308907, 60.52369697121903, 61.23813810551165, 62.096819095667875, 61.56059365871876, 61.50680257624266, 61.149073443199505, 61.66453587629896, 61.53432414271917, 62.03550103512664, 60.666556769649375, 61.35080612223089, 61.327948990066275, 61.53553469874193, 61.74372911800973]
[61.4699416954346, 61.816137799538566, 61.891512744703846, 61.49518330170508, 60.49150058091474, 61.38163151110608, 61.60746754876921, 60.94095596220292, 60.39013062929776, 61.43205870144247, 61.28851719180276, 61.473157304961106, 62.12598660223605, 61.06323906431866, 60.41718378545198, 61.74962812250279, 60.59417566120451, 61.925837896826366, 61.6476439742893, 61.709056939985466, 61.993856424612694, 61.439621800483636, 60.88601245311188, 60.63470120129688, 61.06465914245854, 61.001970534760424, 60.892596511882445, 61.62769720257086, 61.438838803985604, 61.52147146061698, 61.317421094242206, 60.56494301483356, 60.75298190364399, 61.421325251000425, 61.21131776108115, 61.759414381517175, 60.06689875587442, 61.14662687160302, 61.98685513473788, 61.56059365871876, 61.50680257624266, 60.9665294782147, 61.40084804466521, 61.43973933597586, 61.908125345095264, 60.588497129751644, 61.24412391835149, 61.08030748011235, 61.46005391022751, 61.34655103906694]
[61.44793016647144, 61.66905896361561, 61.32510260549104, 61.17097627237088, 60.31961057201589, 61.27598822840082, 61.38183091558068, 60.862823159000655, 60.38595253429683, 61.32173244419041, 60.75314579574484, 61.473157304961106, 61.68426896397757, 60.975060329133704, 60.29641688490981, 61.74962812250279, 60.30536296774352, 61.79135744575492, 61.569949180591244, 61.68196596640213, 61.636939771710445, 61.272012733525514, 60.60809876448783, 60.63470120129688, 60.75033210256587, 60.61817221548192, 60.7754108251173, 61.58365592743721, 61.142330715985494, 61.483989740219045, 60.76668671881272, 60.486733060931144, 60.21460816620699, 61.35751230995108, 61.183995040378896, 61.43771892064971, 60.06689875587442, 61.09866154938512, 61.85482762706994, 61.32067852328195, 61.052653853004074, 60.873709066521904, 61.40084804466521, 61.15574998278127, 61.86154518951722, 60.588497129751644, 61.15904684871823, 60.79377575005627, 61.46005391022751, 61.319161731483106]
[61.44793016647144, 61.2163141590586, 61.18255122734233, 61.0725355133852, 60.24487111989517, 60.99863472534774, 61.321751188194, 60.862823159000655, 60.38595253429683, 61.271262228766204, 60.576377613486976, 61.15555215780563, 61.67503496647936, 60.901690375623026, 60.29641688490981, 61.7246974762733, 60.161168188070164, 61.75022934195895, 61.569949180591244, 61.51023166188194, 61.29331718471692, 61.272012733525514, 60.583516986680046, 60.52621828116544, 60.62957348509254, 60.49575547688617, 60.54136682362648, 61.462652151508976, 61.09424904369681, 61.45595387964447, 60.70947314688799, 60.235233445845914, 60.136143124938386, 61.35751230995108, 60.91811660493878, 61.28614642255876, 59.857045587866274, 60.738030532284185, 61.79630016357969, 61.05134585197396, 60.65763497629872, 60.60466764880567, 61.21025253940585, 60.96660074294724, 61.52441756407433, 60.403697732923845, 60.895514076611065, 60.78289826818989, 60.87889904744601, 61.17043843797485]
[61.259720098306715, 61.2163141590586, 61.12531215224719, 60.94387307435193, 60.241941357460135, 60.74709406826753, 61.04949798360764, 60.756357265249775, 60.37983107795039, 61.26581921983309, 60.527117655912114, 61.09308642441387, 61.54309480422965, 60.83716554603224, 60.26460582647392, 61.44755490985991, 60.09602719325119, 61.54438981784432, 61.46221145153271, 61.458373240449774, 60.943909991842645, 60.9810583345924, 60.583516986680046, 60.403731391832096, 60.55694093244059, 60.49575547688617, 60.514639388064595, 61.36790483431406, 60.820348076202755, 61.377956507828344, 60.33774165296471, 59.97376181894831, 59.92545001815089, 61.30005459622951, 60.67710434056804, 61.23134900958469, 59.78967484597556, 60.668742543056716, 61.617126988329446, 60.863705430806775, 60.42745970732839, 60.55143931972499, 60.99286243144708, 60.76789720780232, 60.63587157219204, 60.368438643438665, 60.71699756432413, 60.58605549964027, 60.87889904744601, 60.94097504421163]
[61.061489294221666, 60.97687713613847, 60.90143628058187, 60.88989071332344, 60.241941357460135, 60.635693431989445, 60.97523819836952, 60.67483225924143, 60.37983107795039, 61.08247952674052, 60.41038705505353, 61.08547553157196, 61.483480335036006, 60.64595698027706, 60.26460582647392, 61.34501844994012, 59.90521911633509, 61.289915803330324, 61.16711196275745, 61.20632522472887, 60.72925904510696, 60.9810583345924, 60.47688648694982, 60.342531400636084, 60.31663759019799, 60.208125366527234, 60.2893689264626, 61.150376744677054, 60.56643403463336, 61.36371395421484, 60.28979915232966, 59.73451403866822, 59.45045065418545, 61.30005459622951, 60.52809687192894, 61.18364574833946, 59.78967484597556, 60.51868909523613, 61.49592724223358, 60.622489068827896, 60.27711349193745, 60.33961821371315, 60.99286243144708, 60.67033766050783, 60.63587157219204, 60.26079318141753, 60.49992477377939, 60.559717333180586, 60.87889904744601, 60.90928699124807]
[60.91974285107857, 60.95099112273425, 60.73258207866164, 60.815290051882684, 60.16124569215452, 60.603122954959176, 60.85994367827666, 60.4859578227493, 60.11414039693132, 61.03314630513618, 60.29443735459777, 60.67647416901423, 61.377559168202026, 60.64595698027706, 60.26460582647392, 61.02777402156454, 59.89467280016156, 61.16548919313641, 60.9762440057057, 60.85726325855393, 60.637769668178635, 60.9810583345924, 60.44536319492081, 60.342531400636084, 60.0911674192749, 59.84973792646139, 60.144117883189644, 61.13458646167552, 60.476905737573006, 61.249725019476, 60.1662905911369, 59.73451403866822, 59.45045065418545, 61.28308877150117, 60.35271292239967, 60.786948160999245, 59.37657756406052, 60.39674426545646, 61.4427213538428, 60.35889411795906, 60.21549804456091, 60.16142520895985, 60.909203843175874, 60.63009304110976, 60.63587157219204, 60.26079318141753, 60.49992477377939, 60.50761813150899, 60.79815866391651, 60.88331167159235]
[60.91974285107857, 60.86796663513136, 60.73258207866164, 60.58611868758385, 60.09100783332957, 60.259042699716574, 60.813523179278775, 60.4859578227493, 59.90155032202406, 61.0320164121927, 60.26252486329919, 60.65499963680727, 61.22692835312048, 60.255634580834226, 60.056041687076025, 60.85073761333388, 59.86243136827775, 60.83241358128968, 60.96773561308969, 60.838938773023486, 60.45416896313494, 60.842056655416016, 60.38981459676228, 60.32214005186104, 60.065846497352446, 59.539828646414435, 60.087252005981725, 60.87274285001378, 60.476905737573006, 60.94339837960617, 60.16060609984946, 59.468595518414325, 59.394134055226914, 61.21364331574465, 60.296694017471125, 60.740807082449315, 59.30567801650054, 60.26142912699241, 61.4116663385969, 60.28995372021109, 59.702177972212134, 60.06983311466938, 60.85223263774317, 60.63009304110976, 60.5275544310871, 60.193196382342784, 60.10406696702762, 60.464195068087385, 60.48467559447353, 60.79210482064953]
[60.49170103174704, 60.84768009651522, 60.72585504428501, 60.44168070055366, 59.90155995475021, 60.209798203153355, 60.776940237527015, 60.44786772975008, 59.90155032202406, 60.6724336189298, 60.16762484741859, 60.58811323420165, 61.194844937385085, 60.19073600631542, 59.45047048287084, 60.62367754865129, 59.86243136827775, 60.74553458812795, 60.89644073578783, 60.750725242410354, 60.14864738849074, 60.81689374847899, 60.294285159595766, 60.22640197068031, 59.91301877521145, 59.436989738689434, 59.88180929727507, 60.85237061032499, 60.31660554776918, 60.717914341189726, 59.897604136782796, 59.46035637836485, 59.14422952743355, 60.85466882313248, 60.191673769007366, 60.68268648936074, 59.30567801650054, 60.081300375763455, 61.20332086737602, 59.95751320241053, 59.47242259384768, 59.929522034286265, 60.77563406762117, 60.580131704097404, 59.679740598918286, 59.90340580857454, 60.057014723700206, 60.23704515387283, 60.37708771972033, 60.660512363434876]
[60.393157244065705, 60.84768009651522, 60.64268799459461, 60.29160299314708, 59.71389044683674, 60.06051750432026, 60.40123545553752, 60.41396445006383, 59.72620524214112, 60.63949648330724, 60.0481093800556, 60.15997177084046, 60.934544475664964, 60.028917010684665, 59.45047048287084, 60.426113388842666, 59.6615442858998, 60.52209095452199, 60.66075304554967, 60.750725242410354, 59.93228861234594, 60.52987143431767, 60.2809574220632, 60.176554117480954, 59.91301877521145, 59.436989738689434, 59.63096166948928, 60.73339961188721, 60.31660554776918, 60.42741702495334, 59.70731896283314, 59.3964015736974, 59.14422952743355, 60.64693685530972, 59.98496509711312, 60.52979240327446, 59.264106362397875, 60.081300375763455, 61.07913569018653, 59.77111761802578, 59.365427125409425, 59.90828523760244, 60.677114165567446, 60.50616729416091, 59.679740598918286, 59.75038937451461, 59.9683255331607, 60.19668914894669, 60.347717975183, 60.40176989533171]
[60.19768694793239, 60.60938990277551, 60.58628724864802, 60.22470269552282, 59.37490183151251, 59.52931820115346, 60.134069723974676, 60.41396445006383, 59.72308322715683, 60.49761419270074, 59.95288946008842, 60.03551861320939, 60.79810714742157, 59.84258814175173, 59.45047048287084, 60.32956689472287, 59.59069587037051, 60.52209095452199, 60.498416439278536, 60.31553984691199, 59.47056078268277, 60.39892926013306, 60.185769661978085, 60.01203102222729, 59.788414539939694, 59.436989738689434, 59.56866451894975, 60.4597706837965, 60.31660554776918, 60.42741702495334, 59.674198846168245, 59.3964015736974, 58.75258267544458, 60.21323632946203, 59.957201177599266, 60.281758081772466, 58.94605691302321, 60.075370514709576, 61.02381612580099, 59.75682502962893, 59.365427125409425, 59.83754877033476, 60.5186457727656, 60.178477541318934, 59.60299378607787, 59.742889453573284, 59.77709458778243, 59.89176598039272, 60.322870571289684, 60.22649666824507]
[60.087529764221095, 60.10716123029401, 60.45662117040861, 60.12351088318271, 59.22129664131656, 59.335432249778094, 60.002779400869805, 60.36244677477295, 59.587747439327906, 60.316864431246664, 59.72016503094136, 59.80016069240376, 60.79810714742157, 59.84258814175173, 59.14816853225799, 59.870257723179165, 59.47970269693586, 60.29856493528454, 60.36774871231357, 60.184251506879306, 59.437415469322175, 60.041714011407876, 60.029171259537655, 59.80957192690706, 59.60988975880855, 59.3912013966965, 59.56866451894975, 60.31295981786225, 60.231584530437694, 60.30417914015554, 59.674198846168245, 59.3964015736974, 58.75258267544458, 60.20994938132079, 59.726997191850366, 60.281758081772466, 58.704415115160046, 60.03345495283545, 61.02381612580099, 59.75682502962893, 59.234113788052625, 59.734228904617396, 60.5186457727656, 60.178477541318934, 59.60299378607787, 59.62965954144069, 59.72092136171504, 59.89176598039272, 60.322870571289684, 60.128951174705676]
[59.90592935893494, 60.10716123029401, 60.047685819126876, 60.038276618736674, 59.0647286472351, 59.335432249778094, 59.89687205671358, 60.333684803162406, 59.587747439327906, 60.12378663390346, 59.71963906868606, 59.80016069240376, 60.7212703941395, 59.55490262338873, 58.84178346087246, 59.870257723179165, 59.46045707720886, 60.27071102923712, 60.15984735157063, 60.08037691452315, 59.437415469322175, 59.84672924006342, 59.95522476677037, 59.43504381230647, 59.601365821437454, 59.235761539322525, 59.508659252044254, 60.29813161785664, 60.231584530437694, 60.197334811346465, 59.674198846168245, 59.257607923259776, 58.75258267544458, 60.09351435227818, 59.57248964924317, 60.12441671643633, 58.704415115160046, 59.8998228541254, 60.9950306460388, 59.71085146503974, 59.234113788052625, 59.687965566565325, 60.21341252799691, 59.835182199078076, 59.572386027865264, 59.62965954144069, 59.65947485011137, 59.89176598039272, 60.08983584159017, 59.61944558682411]
[59.902912141848766, 60.03523866695856, 59.934992755974875, 59.771644212522645, 59.02732302151004, 59.26537709212106, 59.89067561027129, 60.21967522789517, 59.387949819096754, 59.94173274675474, 59.583810082544844, 59.33868634484226, 60.61832982215732, 59.55490262338873, 58.792151816906596, 59.7297193892819, 59.46045707720886, 60.245957618645306, 60.08923404950717, 59.82823726870928, 59.437415469322175, 59.807544256424045, 59.788266355356804, 59.09588758688102, 59.52097383808533, 59.235761539322525, 59.32438761960856, 60.29813161785664, 59.96539446080419, 60.14174526394474, 59.30328433339689, 59.11687686790056, 58.720976594170324, 59.96911673731803, 59.263763497615784, 59.67729680641285, 58.704415115160046, 59.700768657893356, 60.57169051935358, 59.69648517327321, 59.16331890837722, 59.595415175003, 60.17282894303012, 59.82734294850734, 59.572386027865264, 59.52735422510483, 59.65947485011137, 59.537103681381815, 60.08983584159017, 59.33161612184142]
[59.71120068462668, 59.99744270794923, 59.934992755974875, 59.65891973012201, 58.96823717136168, 59.26429929357689, 59.548015268082295, 60.08354912142644, 59.208181094194856, 59.837757654643916, 59.33010917842206, 58.95850687772097, 60.529356067164336, 59.53415894267217, 58.492159416093216, 59.650952652844765, 59.344510658644616, 60.0755356318673, 59.486391134871994, 59.70871956833408, 59.339465270752854, 59.594080178426, 59.556697581226715, 59.045205139806875, 59.482020555057446, 59.197579399483196, 59.32438761960856, 60.23959107449762, 59.96539446080419, 60.08213619272599, 59.214891894615995, 59.06149361759833, 58.40347060899372, 59.525261516567596, 59.21926968740888, 59.58486602700591, 58.66948138151743, 59.66117560123448, 60.48399655820797, 59.69648517327321, 59.16331890837722, 59.20671039899298, 60.17282894303012, 59.82734294850734, 59.458751870731945, 59.05792499979113, 59.65947485011137, 59.468111771144, 60.08983584159017, 59.221309157383644]
[59.38550113215486, 59.63230989098713, 59.780923875471046, 59.30598211285049, 58.77354679017725, 59.24542516469559, 59.42374080377467, 60.08354912142644, 59.13732279230366, 59.8295191394648, 59.05148931024636, 58.95850687772097, 60.25313152143703, 59.414776775045866, 58.46900322770129, 59.51500051051721, 59.31829557201581, 59.907983074447756, 59.44621303591244, 59.64714964500996, 59.2821393697008, 59.54676320453111, 59.4130190922758, 59.04361910415629, 59.02618360111004, 59.06316113689038, 59.20572023831049, 60.177949494825, 59.94435200603307, 60.08213619272599, 59.08798170943006, 58.870495660698154, 58.10814790721997, 59.44059580748259, 59.16559413723686, 59.52065844797785, 58.52723493587574, 59.65613534714921, 60.34317964643892, 59.529971292806124, 59.16331890837722, 59.20671039899298, 60.064199525278035, 59.721175757202595, 59.458751870731945, 58.86583863738887, 59.645537429901495, 59.43022924144287, 60.08983584159017, 59.19414336129118]
[59.267374486715866, 59.54468496338468, 59.66015763693389, 59.25592467604311, 58.657303446938045, 59.20481885279012, 59.27842296896493, 59.7449540229832, 58.91224599083324, 59.77461751605357, 58.987916771218295, 58.95850687772097, 60.10306148822616, 59.31150600425467, 58.276607593267315, 59.50687821207343, 59.16014600702623, 59.907983074447756, 59.41749083783594, 59.399903575724196, 58.970712664900326, 59.314845379505925, 59.37859006118954, 58.784097275256144, 58.851532025453324, 59.06316113689038, 59.20572023831049, 60.04389336611791, 59.46751331726898, 60.01104589214766, 58.866752161721365, 58.85421592207244, 58.10814790721997, 59.37514368509883, 59.01966963015585, 59.444451185717504, 58.37681694430885, 59.45221623489215, 60.260644482356454, 59.501704802909785, 59.12132914084589, 58.64255474987408, 59.96061572976309, 59.70687013239366, 59.32536507232088, 58.80808896738123, 59.42533646023121, 59.43022924144287, 60.02007351043325, 58.97938280802979]
[59.111380781019406, 59.54468496338468, 59.66015763693389, 59.25592467604311, 58.657303446938045, 59.20481885279012, 59.221925320536954, 59.57491333482352, 58.82608184658583, 59.76301067332347, 58.9662916486388, 58.92690148148178, 59.97923054552, 59.25288522196867, 58.276607593267315, 59.50687821207343, 59.120649078071395, 59.731810654472554, 59.28593816769986, 59.31279337930855, 58.970712664900326, 59.124688462493474, 59.162415855385646, 58.7810047515908, 58.809987046563116, 58.889376261069174, 59.16041201050281, 60.04389336611791, 59.30908472548511, 59.81300187784802, 58.85455651523366, 58.766821192854444, 58.03987672969323, 59.31244235229409, 58.922879575924604, 59.410527535185295, 58.37681694430885, 59.21501501678256, 60.10443115260623, 59.45557013505485, 59.12132914084589, 58.64255474987408, 59.96061572976309, 59.70687013239366, 59.32536507232088, 58.66952383629217, 59.139850763432165, 59.32911897682537, 59.60225950875041, 58.91907783560538]
[59.02554161072597, 59.51395736605117, 59.66015763693389, 59.196826007935954, 58.65344096518179, 59.20481885279012, 59.15880258840424, 59.518809596134915, 58.691193261106854, 59.747801486376105, 58.85463316417118, 58.747841771540365, 59.97923054552, 59.25288522196867, 58.1888544260524, 59.227881756917895, 59.09686806579865, 59.68162060542066, 59.180501887604386, 59.19565409622072, 58.970712664900326, 59.063157595860424, 58.73693685237829, 58.61483656095673, 58.809987046563116, 58.889376261069174, 59.08584035776806, 60.04389336611791, 59.05401217213856, 59.712091170395205, 58.75860967349879, 58.70438261246297, 58.00808758688561, 59.31244235229409, 58.922879575924604, 59.250598946483, 58.34580716635115, 59.21501501678256, 59.93847684662563, 59.40351025808472, 59.058936398275605, 58.55641489362078, 59.61200596744182, 59.70687013239366, 59.094826417884846, 58.66127274473125, 58.935621672345746, 59.1539637634016, 59.529308228499204, 58.91907783560538]
[58.93147478423623, 59.15061270656474, 59.64367509512317, 58.701651846541054, 58.65344096518179, 59.005047008577414, 58.79924342198145, 59.154214529799944, 58.28566101816862, 59.579624180938005, 58.54743578136117, 58.65277809752105, 59.84525322483692, 59.11339358693091, 58.052880892926396, 59.227881756917895, 58.977966946476535, 59.416328356725025, 59.07700601676056, 59.04884594966779, 58.90780694428413, 59.04714464873681, 58.73184881461326, 58.43607869704316, 58.69558869873665, 58.80427259526166, 59.05155123303274, 59.811948862389, 58.743025492756566, 59.62549678693938, 58.45983452777507, 58.64461432033763, 58.00808758688561, 59.292983490674104, 58.826392035049444, 58.85565214772062, 58.34580716635115, 59.21501501678256, 59.819182938922395, 59.28927594212907, 59.002740396257536, 58.38829407532827, 59.61200596744182, 59.5089772908575, 58.99937914545383, 58.20105845292046, 58.77696959921675, 58.924496265586924, 59.483942140852776, 58.860726571863154]
[58.8043533932234, 59.15061270656474, 59.622842739428606, 58.66920661939747, 58.48004342609511, 58.77577916729841, 58.614798186630026, 59.140114217619406, 58.280451055211415, 59.551275320536355, 58.54743578136117, 58.21374192658031, 59.83243114996164, 58.95360659624114, 57.737810265582866, 59.076624669083955, 58.9080651359328, 59.31224239050381, 58.97094406844856, 59.016855636447644, 58.88719653540289, 59.04714464873681, 58.651718933702725, 58.07786117873043, 58.626498741342175, 58.80427259526166, 58.90327131096351, 59.78126432594458, 58.743025492756566, 59.17093810999353, 58.28429309399426, 58.60108738538215, 58.00808758688561, 59.27919482769524, 58.81512966871644, 58.667683029731236, 58.34580716635115, 59.18192224896027, 59.26181931697647, 59.151350575270236, 59.002740396257536, 58.17022771187148, 59.33296476572313, 59.5089772908575, 58.93619654290114, 58.19126787677179, 58.75360223799031, 58.924496265586924, 59.483942140852776, 58.707717859720745]
[58.8043533932234, 59.143217660809924, 59.46965868194477, 58.6187759309157, 58.48004342609511, 58.73846421043193, 58.54333896685132, 59.0105730794152, 58.27552903210102, 59.329461880256986, 58.155396657340305, 58.043850501539524, 59.83243114996164, 58.94786544348544, 57.51523024943327, 59.051662252155516, 58.739805725173014, 59.31224239050381, 58.97094406844856, 58.79046382244176, 58.61196244421599, 58.977073835590524, 58.644473541065665, 57.99644880801959, 58.50909898456346, 58.606459414096115, 58.770505200884074, 59.692142973115345, 58.73928074613493, 59.070318296750756, 58.28429309399426, 58.5576166572669, 57.859447123735336, 59.093226995395376, 58.769905118369856, 58.588064265227516, 58.02995757151531, 59.14043986633059, 58.935731790871785, 58.997221939766106, 58.97358148555124, 58.065802410384755, 59.32996755507337, 59.281766270673884, 58.86927377578568, 58.1030531839564, 58.597206328910296, 58.82551917002521, 59.34879606610666, 58.58689790558899]
[58.712965731857125, 59.01050414510591, 59.46965868194477, 58.60483235826806, 58.42530104644154, 58.73846421043193, 58.40510341748111, 58.87701903665235, 58.07524798530581, 59.208610217338254, 58.07854255965653, 57.89644260623438, 59.48987840989654, 58.72554879931839, 57.40600323350429, 58.99072434903984, 58.58731045397169, 58.87035586400943, 58.79918824279417, 58.71752099263381, 58.137786662573795, 58.963704748379044, 58.37549528187147, 57.961041125780284, 58.50909898456346, 58.529475366414964, 58.6345665023081, 59.33908438635535, 58.71064384755673, 58.96733119215378, 58.129901198737834, 58.526795903955, 57.74626123727664, 59.08568982370299, 58.74402629196571, 58.355618268616084, 57.98719372033406, 58.90676189217104, 58.663120420945496, 58.74378117454138, 58.91663462472544, 57.749104381946495, 59.062656184493235, 59.222243589318325, 58.86906766406846, 57.94959120167067, 58.54615437155759, 58.59575003984969, 59.34879606610666, 58.48477376781936]
[58.619113683114925, 58.92739958059675, 59.392768546223294, 58.486081546614244, 58.39340168961453, 58.73846421043193, 58.149673405148064, 58.74966047220444, 58.02944624101015, 59.092486572854305, 58.07231661621249, 57.89644260623438, 59.442715226092545, 58.36571841890712, 57.40600323350429, 58.77232413951124, 58.55460914009275, 58.87035586400943, 58.76423958086362, 58.71752099263381, 58.137786662573795, 58.4826645928146, 58.20347414534185, 57.915308253170146, 58.39791666273046, 58.455829042881376, 58.360230872259095, 59.03313786719032, 58.641047393086374, 58.90647806320929, 57.80678221748491, 58.3308081690018, 57.69773735761934, 58.97017703064161, 58.58346433541813, 58.31332008177064, 57.938627308488684, 58.83510245841927, 58.194820627550925, 58.73549509368039, 58.86152820777296, 57.749104381946495, 59.00902595650333, 59.17671647660982, 58.86852562380401, 57.82015094007711, 58.47225240506858, 58.45772181552629, 58.83004708219089, 58.48477376781936]
[58.619113683114925, 58.66108659751073, 59.22243183169019, 58.17474331404069, 58.17700469255533, 58.42451217348702, 57.94034151731379, 58.606227921037146, 58.02944624101015, 59.092486572854305, 57.87571946959923, 57.73138593757019, 59.442715226092545, 58.358833667755206, 57.40600323350429, 58.677736892097755, 58.493659489400706, 58.87035586400943, 58.73092226824671, 58.340664340506656, 57.967124283024724, 58.350627521115236, 58.056650284108244, 57.915308253170146, 58.270775166431335, 58.43595716580838, 58.27289677548289, 58.507733202141914, 58.616176568209156, 58.84682323774041, 57.55542615707499, 58.3308081690018, 57.38142646951204, 58.67795141609615, 58.45756471710151, 58.280983626736976, 57.727409965984656, 58.7370679074668, 58.194820627550925, 58.40297176571104, 58.821282495660526, 57.749104381946495, 58.87066721189781, 59.17671647660982, 58.76390481597035, 57.748100212427325, 58.33449320601843, 58.45772181552629, 58.83004708219089, 58.423662573597426]
[58.58297096919514, 58.348970821555405, 59.199070794500585, 58.0549480120781, 58.09289520955468, 58.42451217348702, 57.896869050488206, 58.53912512388922, 57.91360930298955, 59.092486572854305, 57.710344322731984, 57.66691935380542, 59.199895422353435, 58.35452125662083, 57.40450182670755, 58.551060617649895, 58.07575179285029, 58.78875491504242, 58.44180891733273, 58.31808710146235, 57.926827667683824, 58.33521259122398, 58.00604287439462, 57.63191838990914, 58.131451708933, 58.24264955010496, 58.18799123964642, 58.23917527690573, 58.52256665947296, 58.726427837563506, 57.55542615707499, 58.1956913458327, 57.38134072948277, 58.43915003500145, 58.45756471710151, 58.10243179356674, 57.65442537905852, 58.619664105535186, 58.103119794931295, 58.37996785630893, 58.78501756358601, 57.6342691161352, 58.797589495915915, 59.132252862472264, 58.72681213967108, 57.671226847776815, 58.07923364340046, 58.14316599123081, 58.751221344795546, 58.420861824932715]
[58.555774285711344, 58.337266276303204, 59.09665568623717, 58.0549480120781, 58.09289520955468, 58.32187828843014, 57.82591290585053, 58.50671558491283, 57.62121378735245, 58.78608756823182, 57.656477018756405, 57.62364263370311, 58.94261676229026, 58.274418267134834, 57.350403952002615, 58.45892875856923, 58.07575179285029, 58.62467344908585, 58.44180891733273, 58.08722591577989, 57.926827667683824, 58.33521259122398, 57.94430480285737, 57.39528030399566, 57.99707798249371, 58.04066576172055, 57.762569284587656, 58.23917527690573, 58.39954073683775, 58.51800460400724, 57.442832149133494, 58.13520568797738, 57.159758673216416, 58.15769824748742, 58.20424563408371, 58.10243179356674, 57.586651995432135, 58.619664105535186, 57.924870510258245, 57.969026959745364, 58.6779000255879, 57.51850164293537, 58.42827409725099, 59.009561937883724, 58.34875588750187, 57.529449876284275, 58.07923364340046, 57.87046352474655, 58.67862052097646, 58.420861824932715]
[58.19509429370309, 58.337266276303204, 59.09665568623717, 58.03752468865021, 57.960871575187255, 58.30599127540563, 57.82591290585053, 58.468913500078486, 57.62121378735245, 58.51617151383275, 57.656477018756405, 57.56543506376954, 58.89834531498847, 58.267613006680776, 57.350403952002615, 58.33326714029514, 57.92806297107677, 58.439297030780224, 58.135876373579414, 57.85052692026021, 57.926827667683824, 58.1918672809615, 57.94430480285737, 57.218550531157426, 57.806864852959826, 57.98071015962451, 57.603406532835756, 58.12583448115722, 58.39954073683775, 58.50903660606203, 57.25801400726001, 57.97933549723787, 57.159758673216416, 57.83744715602537, 58.13141843001527, 58.06450331806732, 57.4977994629243, 58.27550595595049, 57.81960762119907, 57.969026959745364, 58.56495408871401, 57.288625837087295, 58.204110984334726, 58.88819799227375, 58.22003404664324, 57.41942208800003, 57.98913926459128, 57.87046352474655, 58.64256163977211, 58.3455273158311]
[58.1291044826702, 58.118383598963135, 58.660396694581515, 57.798329142004754, 57.960871575187255, 58.26432041977355, 57.82591290585053, 58.468913500078486, 57.59493189829435, 58.51617151383275, 57.6157973954103, 57.56287876852622, 58.734701933273165, 58.021991826840996, 57.24401385666213, 58.33326714029514, 57.89944030550873, 58.32929591750214, 58.0096591312824, 57.725648436564526, 57.926827667683824, 58.18340128080155, 57.94430480285737, 57.03862988976213, 57.76121520368186, 57.51407971376924, 57.596056976067224, 58.06066391212166, 58.30317609986365, 58.37824634739211, 57.22575650725666, 57.97933549723787, 57.159758673216416, 57.83744715602537, 58.081195538480664, 58.06450331806732, 57.4977994629243, 57.92480941338188, 57.81960762119907, 57.964314116106266, 58.23634104093766, 57.24437776321122, 58.12685083837238, 58.61734252744797, 58.22003404664324, 57.41942208800003, 57.93614352530293, 57.787214136749185, 58.60607494832836, 58.222749349765444]
[58.024611693065026, 58.024342093397784, 58.42737495251117, 57.761200980043135, 57.8902514550344, 58.21722967126793, 57.82591290585053, 58.46456019188963, 57.53288995520452, 58.51617151383275, 57.52443894107158, 57.56287876852622, 58.64053513104816, 57.76487561296782, 57.133985687242934, 58.24951774153196, 57.5686326972624, 58.06984709057299, 57.9256895621427, 57.60948577939265, 57.90656597744017, 57.92970355604223, 57.80773225140107, 56.960478613474685, 57.76121520368186, 57.41303273370365, 57.596056976067224, 58.06066391212166, 58.30317609986365, 58.329352205879594, 57.00431541555223, 57.916775942653295, 57.159758673216416, 57.57899136405479, 58.033688439266754, 57.923476640684314, 57.406136594925854, 57.67137655500263, 57.81960762119907, 57.781499434265335, 58.17385111244164, 57.24437776321122, 58.11539820579949, 58.559751798775395, 58.1225137940668, 57.41942208800003, 57.886475202684494, 57.641877886324565, 58.32437899632055, 58.222749349765444]
[58.008394809592076, 57.8188125646506, 58.383589658093435, 57.53289997056571, 57.8902514550344, 58.063426718689904, 57.82591290585053, 57.953098579635345, 57.29572616209922, 58.50306229241012, 57.41054369393218, 57.20705248233428, 58.5978386125672, 57.381932844364734, 56.75881982700997, 58.24951774153196, 57.50485852995782, 57.92717271421785, 57.875034843527544, 57.60948577939265, 57.81753522583907, 57.872928564158734, 57.60376141566221, 56.9220399810726, 57.43267201222201, 57.3431800452376, 57.43272220704008, 58.06066391212166, 58.08316011330872, 58.26633513576269, 56.90407665644234, 57.79205886733435, 57.159758673216416, 57.07353304608328, 58.033688439266754, 57.675401809482466, 57.397065760054794, 57.67137655500263, 57.646791823500074, 57.678809889439506, 58.108546754246355, 57.19117774964138, 57.92608939810204, 58.25492764974416, 58.06917314542373, 56.995399118770344, 57.71416205464514, 57.641877886324565, 58.32437899632055, 58.222749349765444]
[57.83473054345403, 57.8188125646506, 58.29803263892853, 57.53289997056571, 57.78512074710884, 57.937197495585636, 57.77879868466638, 57.953098579635345, 57.29240819500643, 58.456728471073916, 57.14873352378703, 57.177897043692916, 58.5978386125672, 57.381932844364734, 56.408620350395076, 58.21870440285194, 57.50485852995782, 57.63466706275678, 57.7819451753518, 57.28969784240498, 57.78256828758161, 57.846482031645564, 57.55569670789822, 56.8247965735648, 57.43267201222201, 57.171464268312285, 57.33717956558236, 58.04871113560112, 57.97664155655957, 57.95528147420875, 56.641130263598086, 57.79205886733435, 57.120793137088015, 56.98055374955165, 57.81889443760713, 57.54302657011006, 57.296698636864186, 57.626595543096265, 57.646791823500074, 57.56866216751071, 58.09838957483063, 57.19117774964138, 57.89401941379218, 58.25492764974416, 58.035337086791046, 56.97952852004961, 57.71416205464514, 57.6393837197446, 58.31164860248627, 57.98551959480744]
[57.72900987816489, 57.80773663350724, 58.095626467142026, 57.416680794365504, 57.62561888951636, 57.92135661487428, 57.69767522786392, 57.953098579635345, 57.29240819500643, 58.44233248657298, 57.093959340879245, 57.16683984097948, 58.43788097204468, 57.30960156178056, 56.408620350395076, 57.98384524408084, 57.12757718347818, 57.51935848898328, 57.53310672385432, 57.034631144401786, 57.75449011592404, 57.71791267333383, 57.55569670789822, 56.69713474313602, 57.33094517972471, 56.902494656644215, 57.21607620063223, 57.89879166355299, 57.756598806300374, 57.95528147420875, 56.52046148704953, 57.781179101788176, 56.99642745288619, 56.83639729154197, 57.51560649169447, 57.530958263614615, 57.10471330498708, 57.223408460357426, 57.536396399827325, 57.515381441955995, 57.65569564314178, 57.14830707750625, 57.73650770712866, 58.10345120725477, 58.035337086791046, 56.96974429569671, 57.31617563004819, 57.62132320764376, 58.064911290577356, 57.735970258291445]
[57.5202399651179, 57.80561570855032, 58.03121009147814, 57.241492606752885, 57.39743583023336, 57.92053499542569, 57.51684779825778, 57.836521373504034, 57.29240819500643, 58.402194662205545, 57.093959340879245, 57.16683984097948, 58.381835976443256, 57.12473849466098, 56.11656122017017, 57.98384524408084, 57.031101321188785, 57.51935848898328, 57.47584917689037, 56.843346656133875, 57.631650970173496, 57.71791267333383, 57.2461103111307, 56.69605822937822, 57.16284083510219, 56.78186689060053, 56.87305468915518, 57.811314922419, 57.756598806300374, 57.793235617788184, 56.52046148704953, 57.41148911881969, 56.99642745288619, 56.690233504807736, 57.357694848686364, 57.09429398288783, 56.53916070044149, 57.21377531045592, 57.46805760549298, 57.515381441955995, 57.55423834434722, 56.840421985065554, 57.73650770712866, 58.06010306351611, 57.73975772617697, 56.479244107931606, 56.999361353535356, 57.08221866506874, 58.01878836216382, 57.61315364360795]
[57.428771436190665, 57.80561570855032, 57.98036831828777, 57.197881307759005, 57.04553392786513, 57.92053499542569, 57.14340732876178, 57.53871262501409, 57.187780020759476, 58.23277165288831, 57.09173852801748, 57.16683984097948, 58.07765839971897, 56.82617489393956, 56.081581832945076, 57.954450690922144, 57.031101321188785, 57.443207120676185, 57.30801353801111, 56.56635368879908, 57.6281527159854, 57.597573238929975, 56.869624354109746, 56.39500240983767, 57.071494348122016, 56.76552985830316, 56.87045319872543, 57.46137683931738, 57.727530232323694, 57.748193259350515, 56.27516804555141, 57.36221935317686, 56.65934284026205, 56.632770464574776, 57.23179742309725, 57.09429398288783, 56.468233470739996, 57.21377531045592, 57.26869588117425, 57.38157624932944, 57.43568815453574, 56.72358303859132, 57.73650770712866, 58.0176920387493, 57.673732398508015, 56.45330515519802, 56.60531661775665, 57.01885300572068, 57.852922901527975, 57.46993301796665]
[57.13514254350737, 57.80561570855032, 57.8949722242297, 57.11296673353014, 56.86451356776524, 57.92053499542569, 57.142705315390835, 57.53871262501409, 57.08481811081286, 58.16415554403549, 57.06166757245605, 57.03680276060292, 57.97331407233338, 56.82617489393956, 55.92579930020878, 57.8919987456778, 57.031101321188785, 57.41407400030063, 57.25519095002808, 56.451556586217656, 57.232351580239424, 57.50463404066649, 56.85506693162587, 56.00287688455738, 56.97715234612074, 56.48096379543945, 56.65287679472139, 57.36461977091219, 57.56492356315947, 57.70199477528447, 56.16462045533477, 57.36221935317686, 56.65934284026205, 56.47494977781645, 57.16677482632788, 57.032984710083795, 56.34050671970673, 57.197779432634135, 57.1341027185544, 57.319629307715694, 57.43568815453574, 56.72358303859132, 57.51403124407536, 57.90156831769394, 57.44673848665319, 56.45330515519802, 56.56802684656484, 57.01885300572068, 57.73079321546182, 57.46993301796665]
[57.06382751771415, 57.74866755919178, 57.689423109586436, 57.11296673353014, 56.61212534477609, 57.88203597348153, 57.142705315390835, 57.53871262501409, 56.84792416387789, 57.92852119648825, 57.06166757245605, 56.96654980075061, 57.91443725642377, 56.71010970733009, 55.92579930020878, 57.729034852925466, 57.031101321188785, 57.367277102337255, 57.12588951786152, 56.451556586217656, 57.11715750383636, 57.43498969386419, 56.82692052741055, 55.98560086586125, 56.972445346030995, 56.4103465055861, 56.65287679472139, 57.093264797261405, 57.22778476641789, 57.70151751580348, 56.15165479614999, 57.35968519782009, 56.62514519049843, 56.29545809739308, 57.06162483054369, 56.95566180470246, 56.34050671970673, 57.09391300071322, 57.08649554302163, 56.93201059453323, 57.32343558024761, 56.617160441503486, 57.27987694571173, 57.89324877944009, 57.32742259360684, 56.40620189481642, 56.42669620477702, 56.91884680845427, 57.65858383476793, 57.33383752294801]
[57.02504163250021, 57.60012745056251, 57.64718527735067, 56.787831473331394, 56.46841559053551, 57.797252509232905, 56.824884674491614, 57.53871262501409, 56.69455535471487, 57.725008227114344, 56.99246988870783, 56.907828161589215, 57.59906666482758, 56.63728168480567, 55.73837342419576, 57.729034852925466, 56.9408104647958, 57.30751974216537, 57.017884052428826, 56.33775384321897, 56.716543700132874, 57.322850167071714, 56.81275002162438, 55.82468529147711, 56.59414148260498, 56.238061728134674, 56.59025616976224, 56.805291559184525, 57.206690232262325, 57.433161954407424, 56.08544795870064, 56.99109555561806, 56.55979622268328, 56.22817099892312, 57.06162483054369, 56.824312591852596, 56.32190937577044, 56.73961135487737, 57.08649554302163, 56.774299300775816, 57.32343558024761, 56.617160441503486, 57.228349340979676, 57.75123421572348, 57.14297576023306, 56.386862237557715, 56.327228789476564, 56.5331445496124, 57.57528964810073, 57.230859979620924]
[56.899534742215636, 57.51756202199707, 57.39032693300463, 56.59507462061845, 56.41679166801687, 57.5832809458596, 56.808980863202066, 57.2398383425018, 56.48548823336133, 57.64808105904452, 56.81058933998901, 56.67175463932288, 57.578125404488084, 56.62806977196201, 55.5811469667863, 57.64043385932198, 56.860435233636984, 57.28027430509546, 57.017884052428826, 56.317046444174494, 56.640963351422855, 57.32174146312941, 56.810308404106294, 55.755464485842495, 56.59414148260498, 56.238061728134674, 56.523563098854865, 56.76757304556834, 57.13448095991199, 57.35465547882793, 56.08544795870064, 56.803661353121285, 56.52549143316588, 56.15642190178831, 57.00118010342887, 56.77220388799368, 56.08383982686714, 56.59081892795693, 56.996366393032744, 56.60565593300025, 57.26149076064083, 56.563909349612274, 57.06301124825459, 57.64152544279947, 56.955088795415804, 56.30916343711292, 55.81152861324989, 56.20020286796254, 57.35243734972054, 57.1145951519411]
[56.7257667556821, 57.334691578223314, 56.863822537579836, 56.44737438473915, 55.999377992487915, 57.141989439862755, 56.790748918308864, 57.2398383425018, 56.36937004691432, 57.49273373808417, 56.81058933998901, 56.60008208452232, 57.50632105126861, 56.59560289702872, 55.4810699272647, 57.349754656006645, 56.76654872877826, 57.01455921137092, 56.953827031352816, 56.19412537401329, 56.59752146982321, 57.19960145757411, 56.74255343644323, 55.52940809972239, 56.52786517864557, 56.10786451999705, 56.46793325632026, 56.622936296630726, 57.059976462059275, 57.30119837225103, 55.88762442785376, 56.713257874297845, 56.31501258245786, 56.15642190178831, 57.00118010342887, 56.673537222739, 56.05928982496344, 56.56474314164727, 56.830550699517666, 56.60565593300025, 57.24884027592533, 56.563909349612274, 56.97363182762416, 57.07952935684413, 56.92749344049467, 56.14249144871461, 55.81152861324989, 56.13710836369419, 57.351322035633146, 56.996820700619935]
[56.51162602905022, 57.18180679870768, 56.60191137825594, 56.27672284202056, 55.999377992487915, 56.91225016215577, 56.67650917593734, 57.11816459002647, 56.26433252942413, 57.42158713549475, 56.71017280216021, 56.519057714231884, 57.22097547325768, 56.59560289702872, 55.46141483870931, 57.192691400325245, 56.68463352791785, 57.00377115050014, 56.63283699820058, 56.19412537401329, 56.431392933378845, 57.093826969308296, 56.624012880989746, 55.43050680145977, 56.400743012431256, 55.99216249632364, 56.46793325632026, 56.570308899017945, 56.98852051486195, 57.1779461102937, 55.882871982412496, 56.53254926928569, 56.28647599538982, 56.071613582838054, 56.89970147995141, 56.420973161051485, 55.965574756162674, 56.429402260019444, 56.80256276130367, 56.60565593300025, 57.22498369547047, 56.4888523426651, 56.81142132553608, 57.01070538474313, 56.83403144816985, 56.136898343858945, 55.753898650529585, 56.106586019229454, 57.02389382952232, 56.986144250510314]
[56.434951531623504, 57.04802914349161, 56.50508156693884, 56.160119872123175, 55.974573745007795, 56.91225016215577, 56.63450330860618, 56.792565424252714, 56.223077049868934, 57.30731724938359, 56.71017280216021, 56.41156329042409, 57.12185013066327, 56.59560289702872, 55.36982437403973, 56.983197540006756, 56.68463352791785, 56.72111932601293, 56.625656857727975, 56.16850656870906, 56.38291790638813, 56.76698532671519, 56.58800358601528, 55.43050680145977, 56.399436213883305, 55.89896312373516, 56.46793325632026, 56.50242690954328, 56.91281230536769, 57.09135398838273, 55.882871982412496, 56.510393514945875, 56.052307905446014, 55.95950671674852, 56.60447170349488, 56.16270058656541, 55.72411287109378, 56.25900521267421, 56.34537573539882, 56.60565593300025, 57.22498369547047, 56.48136167994321, 56.81142132553608, 57.00550343098071, 56.7366684742917, 56.06049923671659, 55.753898650529585, 56.106586019229454, 56.86192433873924, 56.87984334846378]
[56.31232549811072, 56.89870670923475, 56.41520130882465, 56.08488902339101, 55.974573745007795, 56.91225016215577, 56.420136780141014, 56.792565424252714, 56.111965666146624, 57.23441598620521, 56.6866034797284, 56.399601030918326, 57.108934303058604, 56.437079446788076, 55.36982437403973, 56.933067315285655, 56.62431069524413, 56.65588413024487, 56.2736028304128, 56.14466172715358, 56.25939745692449, 56.536338026224065, 56.42777754066647, 55.40905183131647, 56.34722148452793, 55.69768282168411, 56.32082135285069, 56.41521106471221, 56.504053216698175, 57.00902404458168, 55.740297446449844, 56.47371481194525, 55.87894528062206, 55.95950671674852, 56.44184699965105, 55.99004568529166, 55.72411287109378, 56.1945723881125, 56.34537573539882, 56.06190744999974, 56.9050234386793, 56.37584440816685, 56.571865198760406, 56.974018113976854, 56.7366684742917, 56.06049923671659, 55.753898650529585, 56.08138624478952, 56.66822905426117, 56.87984334846378]
[56.04152720606248, 56.336712757648385, 56.32528558744707, 55.90594181970728, 55.63887157489147, 56.783247242740856, 56.420136780141014, 56.395116849272355, 55.935076898549156, 57.1934858206526, 56.655658235814656, 56.25733185406284, 57.066437406260775, 56.36406074747033, 55.35374861091348, 56.74055324509319, 56.53641437539968, 56.65588413024487, 56.217584912788766, 56.12979241720929, 56.19612711952709, 56.23107030716882, 56.42777754066647, 55.40905183131647, 56.18881549050993, 55.59178874969971, 56.258287115922045, 56.17808673744842, 56.37584556547288, 56.865860333025026, 55.740297446449844, 56.33395476360931, 55.76524382857947, 55.64379731652552, 56.44184699965105, 55.934134236378554, 55.675883205041075, 56.14693260212888, 56.329121400566166, 56.02171413635542, 56.703131776443584, 56.317278100564366, 56.53207139693883, 56.67993041590072, 56.640549427125265, 55.94464704856166, 55.62054484031054, 55.90016339146945, 56.63885669592038, 56.84622531032868]
[56.00028788127455, 56.30986025838651, 56.32528558744707, 55.719485710216915, 55.38738631846828, 56.63846636432929, 56.420136780141014, 56.383732749827644, 55.935076898549156, 57.1934858206526, 56.65499080315637, 56.21207869425198, 57.0294522423113, 56.36406074747033, 55.30756501645379, 56.74055324509319, 56.42988494620753, 56.51596827656355, 56.217584912788766, 56.01996681327766, 56.19612711952709, 56.23107030716882, 56.20417297428753, 55.3956723027783, 55.83017712577241, 55.46823999309146, 56.258287115922045, 56.00329130054583, 55.986301071937284, 56.865860333025026, 55.740297446449844, 56.174649505524165, 55.66199866298634, 55.6232346260967, 56.3443532948448, 55.84365533827527, 55.404103185510415, 56.1253950455087, 56.329121400566166, 55.96037859861487, 56.55441367406826, 56.005038796150316, 56.392829738706254, 56.59013479703871, 56.543208433559855, 55.616739040404106, 55.62054484031054, 55.58387466803801, 56.46906992734896, 56.67159937318447]
[56.00028788127455, 56.177903934650246, 56.255100759605206, 55.698277105922955, 55.38738631846828, 56.45033310779646, 56.29347928100807, 56.383732749827644, 55.75515815533414, 57.07178470824631, 56.50763774579252, 56.161229285101584, 56.72691729748048, 56.259742743196284, 55.30756501645379, 56.74055324509319, 56.31893666309246, 56.51596827656355, 56.014991905505966, 56.01996681327766, 56.19612711952709, 56.08836894023557, 56.07634347163563, 55.311897869549036, 55.76784051953327, 55.410860696083105, 56.258287115922045, 55.99369225859781, 55.986301071937284, 56.72843492518658, 55.66820301346538, 56.174649505524165, 55.64752533880062, 55.62112249049276, 56.3443532948448, 55.843602738234054, 55.24438092429462, 56.11401460742926, 56.19425820160728, 55.96037859861487, 56.33542417243196, 55.813061896427726, 56.157364871655396, 56.19296829584359, 56.46129801839324, 55.616739040404106, 55.49060309493476, 55.58387466803801, 56.39355026058355, 56.54945687934096]
[55.476757363410925, 56.06819731456464, 55.94251976596365, 55.692622154592435, 55.159000943938096, 56.334443296659984, 56.23629458330079, 56.29302330735278, 55.72915894086251, 57.07178470824631, 56.31757923377027, 56.161229285101584, 56.72691729748048, 55.92989030188899, 55.2046498518089, 56.639719319899214, 55.949790325857165, 56.51596827656355, 55.93223888155391, 55.82401300293314, 55.98799424128681, 56.06582513337948, 56.071984284216725, 55.27666134734312, 55.67042910146779, 55.410860696083105, 56.01852717455498, 55.84696504266071, 55.986301071937284, 56.5001731675167, 55.66820301346538, 56.145071556540714, 55.64752533880062, 55.5260142063814, 56.27719935117225, 55.76799382722239, 55.204942449122484, 56.07650062606585, 56.11611095779905, 55.89659888024285, 55.99156838970457, 55.79039468811792, 55.899095465340125, 56.08476599427197, 56.46129801839324, 55.335553585785554, 55.49060309493476, 55.3990660970082, 56.07829555728772, 56.54945687934096]
[55.42886297235583, 55.879769454586224, 55.94251976596365, 55.49887769823032, 55.159000943938096, 56.31740108582917, 56.03662217097625, 55.901309416120604, 55.72915894086251, 57.00031202519, 56.09904610406089, 56.12163486180225, 56.72691729748048, 55.78358435732107, 55.0142284327837, 56.62060930177449, 55.949790325857165, 56.4332921084965, 55.64533410034494, 55.68902474922122, 55.58322835531252, 56.06150355120074, 56.071984284216725, 55.165741510339316, 55.61840593283375, 55.2715513339312, 55.94486647921535, 55.573106065556786, 55.95517184324818, 56.352213113516584, 55.43796252153796, 56.10731909119197, 55.64752533880062, 55.400364102655224, 56.24291806534948, 55.76799382722239, 55.204942449122484, 56.01387054256962, 55.919102032140884, 55.63184631913856, 55.91806145932544, 55.68781744715584, 55.88256031162367, 56.05113545044069, 56.46129801839324, 55.28408778901604, 55.49060309493476, 55.382579714037355, 55.80239889004563, 56.50509278774284]
[55.42886297235583, 55.879769454586224, 55.912817789522, 55.49887769823032, 54.86579058423199, 56.31740108582917, 55.897152583467985, 55.893483248423685, 55.705261681265654, 56.76333218264547, 55.86752906438503, 55.94082951664687, 56.42609387888564, 55.462268815861286, 55.00447862792707, 56.57945927964825, 55.70692284975202, 56.31784540309135, 55.549708324392824, 55.65564447840867, 55.162595458988925, 56.03910132344312, 55.87253177451927, 54.99673122245527, 55.59598153534639, 55.2715513339312, 55.6495532008332, 55.130224717128236, 55.54649621253992, 56.352213113516584, 55.4099885345326, 55.9671422980043, 55.27843429416769, 55.400364102655224, 56.174905163923725, 55.76799382722239, 55.12651065381974, 56.01387054256962, 55.74182482652161, 55.63184631913856, 55.85455893582033, 55.57924164977006, 55.88256031162367, 56.05113545044069, 56.46129801839324, 55.24984077291515, 55.22444331093686, 55.33631421140541, 55.656632433996926, 56.490913088578665]
[55.37403483581213, 55.877011299903316, 55.83878515966271, 55.328714358272656, 54.783097611918755, 56.17591030236737, 55.897152583467985, 55.893483248423685, 55.705261681265654, 56.673126253507256, 55.73385498004687, 55.62250280897316, 56.408129281510426, 55.44147443139739, 54.89668682194796, 56.53232005744409, 55.55472707488368, 56.31784540309135, 55.43379499066104, 55.41210401752785, 55.16042027266209, 55.95141384089609, 55.80221978919268, 54.99673122245527, 55.39918712514884, 55.2715513339312, 55.55416891312302, 54.950191202733336, 55.452138370895206, 56.30105210633938, 55.317267812662955, 55.82514541540938, 55.18501876500966, 55.19648014015934, 56.08904954223185, 55.76799382722239, 55.01967063419048, 56.01387054256962, 55.69519171662896, 55.591825506455436, 55.77448246929008, 55.507359431539726, 55.83837660868121, 56.05113545044069, 56.38838568696487, 55.24984077291515, 55.10772813505495, 55.01562020596786, 55.612562010127945, 56.39998151360019]
[55.08821664358324, 55.877011299903316, 55.575692902467004, 55.313887085652595, 54.55224293299161, 56.03185056834445, 55.69481187045447, 55.68275883809939, 55.676955520902105, 56.585553960907774, 55.492546514261264, 55.62173756501272, 56.234043176068404, 55.30433470730458, 54.89668682194796, 56.52846088311679, 55.40441994828775, 56.20003422875175, 55.345131091261486, 55.329716211627854, 54.88226895320556, 55.94941275279516, 55.80221978919268, 54.94934435079557, 55.3656815804808, 55.23785936129241, 55.546763965150355, 54.950191202733336, 55.23213882829022, 56.14659655486431, 55.306822194307664, 55.742427773111174, 55.14646831356231, 54.90181337915328, 56.015184955520795, 55.5313948992749, 54.795246351055994, 55.90152697619745, 55.4627300751367, 55.30225249997363, 55.62357931086476, 55.47971761397247, 55.7785155889447, 55.974753901407, 56.38838568696487, 55.04029635895101, 54.99557308335109, 55.01562020596786, 55.57359241788166, 56.370829424233136]
[54.94592804023947, 55.8099564060078, 55.575692902467004, 54.97038914924881, 54.55224293299161, 55.83306249001553, 55.69481187045447, 55.54765127178585, 55.45067305529203, 56.283276153676546, 55.36994538111482, 55.62173756501272, 56.17586363123913, 55.02364431301235, 54.82715545061977, 56.179503016681316, 55.40441994828775, 56.20003422875175, 55.30544482941259, 55.15184981257651, 54.80938673527233, 55.74662968456736, 55.56164984354221, 54.846936632897744, 54.944698398107256, 55.219109579879, 55.546763965150355, 54.83810747493173, 55.02980241214008, 56.05991272206752, 55.12323837330389, 55.37258811918248, 55.049373879758924, 54.88649522587974, 55.91972929768546, 55.408730088777304, 54.795246351055994, 55.90152697619745, 55.4627300751367, 55.30225249997363, 55.367605253186774, 55.32880681814878, 55.70511677604369, 55.974753901407, 56.304694901288805, 54.921345982218135, 54.68553089956298, 55.01562020596786, 55.53202407228211, 55.7786570448741]
[54.94592804023947, 55.76857286020245, 55.3666931523559, 54.96914129990567, 54.38548092217508, 55.768554206430224, 55.561807183083616, 55.52400815893193, 55.3158055466228, 56.2449608353073, 55.32209965736305, 55.54895597047378, 55.89892303161912, 55.02364431301235, 54.73025405924354, 56.179503016681316, 54.8264544340142, 56.107452669236956, 55.224070781948555, 55.15184981257651, 54.65817365688556, 55.73365400414318, 55.53131671207643, 54.80361721167047, 54.93082363152556, 55.17219700473479, 55.32950707617643, 54.685723787042114, 54.77718736790966, 55.80273011846574, 55.12323837330389, 55.32517218264329, 55.03777438385141, 54.529272358311765, 55.798003916455706, 55.38839858489295, 54.773057746011304, 55.64390853449572, 55.40575496212256, 55.222707146208016, 55.352826918049104, 55.153039236662416, 55.5947943239164, 55.93216391686491, 56.053020528100504, 54.828927142752, 54.286406963129686, 54.98214837363274, 55.28007847566712, 55.448256207198654]
[54.86661038398495, 55.69049882744563, 55.3666931523559, 54.82534295678564, 54.27070667716341, 55.56765927149074, 55.2188440424889, 55.47897653321384, 55.16132229954329, 56.19088837569295, 55.23351438169252, 55.4356865578431, 55.76641160524739, 55.02364431301235, 54.70488513818073, 56.179503016681316, 54.75988139191497, 55.81298700678425, 55.01160570482199, 55.07112837220136, 54.49027202176147, 55.689718286932056, 55.53131671207643, 54.782453127854396, 54.856314076978855, 55.04995077936512, 55.28786400897202, 54.626921502614756, 54.77718736790966, 55.527421927624474, 55.094661480792254, 54.99014839045699, 54.810228551694856, 54.487744747160335, 55.798003916455706, 55.33743194356157, 54.714301974808905, 55.47321046291724, 54.91506772395371, 55.203591840915564, 55.341256973679734, 55.153039236662416, 55.51681359779742, 55.70462558313318, 55.835498463311545, 54.828927142752, 54.217564766906, 54.976588652734414, 55.23615304925217, 55.448256207198654]
[54.50819410127006, 55.656924115543674, 55.24677141858183, 54.82534295678564, 54.16977853144257, 55.44278137775474, 55.034454366642095, 55.47897653321384, 55.00251813588737, 55.99926811252361, 54.84980633326721, 55.43420918835274, 55.6782148371707, 55.02364431301235, 54.491188127471105, 56.16150288224367, 54.75988139191497, 55.81298700678425, 54.808856668158626, 54.87986862571917, 54.49027202176147, 55.689718286932056, 55.502234490474976, 54.663171043991426, 54.856314076978855, 54.96242027582819, 54.89339605030246, 54.6242514314882, 54.74700503596591, 55.35902160706384, 54.580012049302354, 54.93043494367665, 54.79699285272788, 54.42963523968829, 55.729193641353206, 55.10921349223922, 54.59957259335498, 55.30474966297319, 54.79365328370575, 55.203591840915564, 55.22628174848336, 54.85567383041409, 55.50100179676425, 55.60479151144325, 55.82162800719252, 54.796021018941715, 54.06487190431621, 54.97617141601967, 55.23502735453079, 55.10698665424353]
[54.50819410127006, 55.18085406866864, 55.17619082637839, 54.72223811334908, 54.16977853144257, 55.44278137775474, 54.9956622944048, 55.425749370936366, 54.80878273930665, 55.57937976412707, 54.78973717085951, 55.43420918835274, 55.52537913073095, 54.802986221742245, 54.4883912243444, 56.03070338331061, 54.72472307730432, 55.4048600078008, 54.767031661132435, 54.87986862571917, 54.429987318534, 55.445764607255555, 55.271867003675446, 54.663171043991426, 54.78340466757463, 54.74765825719487, 54.783365445393336, 54.6174285652796, 54.74700503596591, 55.35902160706384, 54.32633182323701, 54.90913913000378, 54.65062712473468, 54.35015497539875, 55.62653239800409, 55.10921349223922, 54.57926559291354, 54.98097788386103, 54.79229256325196, 55.15658051407066, 55.18310024701251, 54.72863789905332, 55.363806322289804, 55.3361980275453, 55.724614641960855, 54.796021018941715, 54.00402897328301, 54.92325940367641, 55.22663782260945, 54.912759717523464]
[54.27575705840961, 55.18085406866864, 54.82377689360443, 54.72223811334908, 54.11100408375019, 55.37546182144771, 54.97423349861019, 55.212963020388564, 54.779560109315526, 55.557733833087845, 54.737725293284505, 54.811676517724734, 55.51360173238429, 54.559699867413904, 54.20737250040283, 55.83268914832964, 54.522591352086216, 55.4048600078008, 54.61579049191429, 54.67300185940702, 54.32301319920892, 55.445764607255555, 55.12622070069008, 54.44754121155675, 54.69907515940183, 54.72773402916215, 54.714090430761665, 54.6174285652796, 54.74700503596591, 55.09329523723453, 54.32633182323701, 54.89185883412863, 54.65062712473468, 54.35015497539875, 55.599628425801924, 54.85884727283169, 54.132349555335985, 54.84841362041844, 54.53515357141735, 54.994207846583734, 54.99040921058421, 54.601523831381904, 55.31100732429674, 55.14342687696584, 55.4833800321054, 54.63808954388016, 54.00402897328301, 54.894275109372714, 55.22008893842686, 54.83886196711992]
[54.22788461629299, 55.154304744500486, 54.81784672945791, 54.72223811334908, 54.11100408375019, 55.37546182144771, 54.9714707722688, 55.212963020388564, 54.616809358233596, 55.464790509656595, 54.6161021865007, 54.70964944782346, 55.41596731475416, 54.559699867413904, 54.12546262909719, 55.6917664092464, 54.508475070337305, 55.4048600078008, 54.54535353471624, 54.64389788545325, 54.18955681543959, 55.43993481606007, 54.98453723204674, 54.42853241944681, 54.632110596004146, 54.72773402916215, 54.638477644539535, 54.38256777841443, 54.72960795246695, 54.85292830974335, 53.914598298360865, 54.78081864568229, 54.26566610854677, 54.35015497539875, 55.45331973680345, 54.85884727283169, 54.132349555335985, 54.84559797856065, 54.44992858416108, 54.66988856284418, 54.987524699383485, 54.415889348539736, 55.28496630562283, 55.103213993248275, 55.4833800321054, 54.588710675450706, 54.00402897328301, 54.76727514364386, 55.09423757275319, 54.57938674627512]
[54.22788461629299, 54.97875162601264, 54.679623087415756, 54.67850791435141, 54.11100408375019, 55.23430102616072, 54.88444413474497, 55.13143685322668, 54.47929560228429, 55.389738761855064, 54.53033077333843, 54.369238312439265, 55.09464158221166, 54.33095476060449, 53.92812598188361, 55.57098907226545, 53.80594064842843, 55.40155238303512, 54.47227452146236, 54.57233992349884, 54.10324403962926, 55.41467396259891, 54.43852199700061, 54.25689071774535, 54.58800510564993, 54.636778865906116, 54.454495009672584, 54.086037168432355, 54.722205628238655, 54.497078518965225, 53.82047674464858, 54.198133746440234, 54.10410136404469, 54.20084072342846, 55.07649396670355, 54.85267365007254, 53.97843714593481, 54.84559797856065, 54.27628652456624, 54.43082812013627, 54.9864236888822, 54.403523688690846, 55.220879423723616, 55.02686107371331, 55.1205433493448, 54.41690549032779, 53.981809639257435, 54.76727514364386, 55.09423757275319, 54.37122281501676]
[54.22516476555161, 54.97875162601264, 54.50701160985284, 54.67850791435141, 54.11100408375019, 55.20726250431559, 54.59499633954859, 55.0707989884982, 54.47929560228429, 55.33899994343068, 54.50538115194615, 54.369238312439265, 55.09464158221166, 54.33095476060449, 53.677213509604805, 55.27549954333462, 53.80594064842843, 55.40155238303512, 54.47227452146236, 54.53691714908437, 53.92139224936386, 55.41467396259891, 54.37538646090483, 54.25689071774535, 54.58800510564993, 54.394008831356665, 54.0382717278881, 54.086037168432355, 54.722205628238655, 54.35826108521834, 53.776265108596135, 54.0481066587997, 54.10410136404469, 54.098089816122965, 54.85162546319632, 54.79933918010329, 53.97271138524703, 54.84559797856065, 54.27628652456624, 54.414963560559386, 54.771775073685696, 54.40000760881812, 55.188054466083656, 54.93972944932665, 54.80083052085472, 54.14649644462888, 53.981809639257435, 54.72613463683349, 54.96560409215325, 54.12684686431695]
[54.12850407375008, 54.65079532890917, 54.391769219035254, 54.67850791435141, 54.11100408375019, 55.17977659250674, 54.59499633954859, 55.0707989884982, 54.46279784200175, 55.3194425021745, 54.46762874434527, 54.36594426456611, 55.09451213030898, 54.060876253133515, 53.60055692512096, 55.19684304262209, 53.61149230563814, 55.22468881815706, 54.410222387848535, 54.40091879693468, 53.92139224936386, 55.30155623488595, 54.33526622618668, 53.938063145105374, 54.21296064174921, 54.38025978285767, 53.892768207659515, 54.086037168432355, 54.591728570287295, 54.09030542563778, 53.75657556642248, 53.93463316904964, 54.024424441861356, 53.97685153376606, 54.70436435293345, 54.779808034595945, 53.97271138524703, 54.74344089950837, 54.215871153071554, 54.30147649272537, 54.66941163723044, 54.25911647547599, 55.11889409857895, 54.89077655771966, 54.588465072359554, 54.079719459945274, 53.89343047958814, 54.59768875131706, 54.842233832944714, 54.12684686431695]
[53.9377001763268, 54.578909653181235, 54.391769219035254, 54.519461072908804, 53.93662820613938, 55.17977659250674, 54.52917212788871, 55.0707989884982, 54.22407061813237, 55.28712866286827, 54.21226475899579, 54.36594426456611, 54.840130016611774, 54.01243266046263, 53.60055692512096, 55.04560211873003, 53.61149230563814, 55.219226579711076, 54.32891075207514, 54.29369150420727, 53.66396852551519, 55.057072977715315, 54.31704531855166, 53.80971886495704, 54.21296064174921, 54.209544050956694, 53.892768207659515, 53.93716878239523, 54.58104247295946, 54.029357991587936, 53.720025867170705, 53.90783041338062, 53.912579013449474, 53.97685153376606, 54.50125477459439, 54.530692653582285, 53.96564420566574, 54.74344089950837, 54.15395754351597, 54.25520573053552, 54.59906676245258, 53.95599794668624, 55.03819855181884, 54.80998615361481, 54.519488879972684, 53.94371138888048, 53.864196055018056, 54.59768875131706, 54.842233832944714, 54.09881857482152]
[53.78855409011478, 54.578909653181235, 54.37700046420222, 54.291535792921295, 53.91050440647164, 54.91161384074269, 54.52917212788871, 54.70161065066221, 54.16444795103551, 55.208080287048766, 54.158033221622915, 54.263204355749664, 54.824778985429944, 53.930869974039055, 53.60055692512096, 54.887962784047815, 53.47899263273339, 54.73770251023914, 53.72263931052978, 54.263331840040905, 53.66396852551519, 55.057072977715315, 54.21502703643658, 53.70378826292135, 54.08648221856604, 54.209544050956694, 53.7140441874739, 53.791064243891505, 54.58104247295946, 53.91381476703391, 53.720025867170705, 53.90783041338062, 53.807988275860474, 53.907824437928824, 54.50125477459439, 54.530692653582285, 53.933853969320054, 54.70768602402994, 54.090469540347655, 54.218380300120394, 54.421442976341474, 53.778914100459225, 55.03819855181884, 54.576255759134995, 54.18357914804765, 53.94371138888048, 53.837568606900255, 54.51124851760356, 54.842233832944714, 54.07138875445416]
[53.78855409011478, 54.51006609510099, 54.35234699763102, 54.14979309357508, 53.829104367572654, 54.895136125904614, 54.51043026262367, 54.69614123278497, 54.16160011260651, 55.208080287048766, 54.158033221622915, 54.22585203257838, 54.824778985429944, 53.805278156206654, 53.25637343033492, 54.83979973598177, 53.366581480650225, 54.676238792012704, 53.71207656797767, 54.19589747487366, 53.60925961315469, 54.914906581411934, 54.10149067397951, 53.656122146464725, 54.035335914501545, 54.13896056644468, 53.64768018215839, 53.78727184004333, 54.549254128136184, 53.877307706828404, 53.62800795649025, 53.6313189639489, 53.807988275860474, 53.7152085484046, 54.4355191276789, 54.27213768583816, 53.92103411144383, 54.606463148481836, 54.08563518189377, 54.20462381373672, 54.34948731236655, 53.75442911352336, 54.81040839192176, 54.46627447300155, 54.00075681992032, 53.8088076362724, 53.76554850680502, 54.477525758546086, 54.788154669712, 54.07138875445416]
[53.69391689743141, 54.44283887503771, 54.337433752416224, 53.69644502272748, 53.615743125092834, 54.895136125904614, 54.51043026262367, 54.400869899727255, 54.138852824375405, 55.200695269957166, 54.0193938164089, 54.21590655957372, 54.625366630624114, 53.74772072045996, 53.25637343033492, 54.41360593314975, 53.212529394627765, 54.610668670203175, 53.66860952659787, 54.19589747487366, 53.47252360702926, 54.870130945769155, 53.960253047487925, 53.5285369444277, 53.776405660247065, 53.8518036661621, 53.62473859820707, 53.78727184004333, 54.37946431009375, 53.877307706828404, 53.62558932269733, 53.6313189639489, 53.73939518900602, 53.668919062337736, 54.35896029657582, 54.23473963893891, 53.67749041964479, 54.324495533376115, 54.06884006084833, 54.082051351645944, 54.34948731236655, 53.75442911352336, 54.80415541945765, 54.337894863068755, 54.00002509379719, 53.50323549778174, 53.61166811737958, 54.459070791048745, 54.67141552339863, 53.98336576241385]
[53.595072150476085, 54.19618625559131, 54.141805940344966, 53.69644502272748, 53.52682054464807, 54.4934021623064, 54.443773324798904, 54.33779070609436, 54.05822351897276, 54.924903750954, 54.01159193523118, 54.176454682995235, 54.484649589695685, 53.64316757684493, 53.109445083620564, 54.311319255375324, 52.9782523299992, 54.600893027558335, 53.64653858660508, 54.1652784268897, 53.42550436562427, 54.870130945769155, 53.63430940722655, 53.244805013817384, 53.776405660247065, 53.690913375638274, 53.55867175155603, 53.74188540448522, 54.37946431009375, 53.877307706828404, 53.62558932269733, 53.37515933031718, 53.570035617288966, 53.36803963376455, 54.3065753002215, 54.228612727412816, 53.51866352838711, 54.21664837522561, 53.887750253730516, 53.863781737558384, 54.230230076646976, 53.54827950539859, 54.80415541945765, 54.20789087175642, 54.00002509379719, 53.45520983467095, 53.61166811737958, 54.35902364829767, 54.574445405429195, 53.98336576241385]
[53.595072150476085, 54.18352903630357, 54.141805940344966, 53.66918399986512, 53.28472359102592, 54.326894005141526, 54.14675390054224, 53.9607639615589, 53.98211056445625, 54.865992900883484, 53.86232667371034, 53.99542940295818, 54.379778630601116, 53.6277747318346, 53.029874449500504, 54.19271749276967, 52.91159333811515, 54.23519987949646, 53.47046510015855, 54.1652784268897, 53.42550436562427, 54.870130945769155, 53.36074659519157, 53.121506317436356, 53.76270867372536, 53.36006797256148, 53.55867175155603, 53.74188540448522, 54.11349103777302, 53.4213228319682, 53.58466596297758, 53.247835977327085, 53.5666368836675, 53.2292192445809, 54.062704980301795, 54.0514663948843, 53.42503628810648, 54.1727490481876, 53.68922725343499, 53.771908159166216, 54.07338205965939, 53.42955076558169, 54.6720798406897, 54.002482273168255, 53.86121059736498, 53.45520983467095, 53.437724007782606, 54.35902364829767, 54.574445405429195, 53.91520876509687]
[53.595072150476085, 54.060044378290854, 54.03884098517832, 53.46858673774555, 53.243442237311534, 54.21542717503668, 54.10207746220385, 53.810244976704986, 53.98211056445625, 54.63057368286892, 53.816390580906386, 53.8631511129726, 54.379778630601116, 53.53828633985594, 53.029874449500504, 54.19271749276967, 52.91159333811515, 54.21366918029065, 53.32001789280589, 54.1652784268897, 53.42550436562427, 54.86520171965437, 53.36074659519157, 53.121506317436356, 53.51507662935652, 53.091143925022195, 53.42791934214639, 53.74188540448522, 53.70530286373755, 53.38954364906672, 53.51559777624958, 53.247835977327085, 53.5536359117199, 53.2292192445809, 53.991349761223276, 53.96521488637093, 53.18308167844496, 54.15583549486877, 53.53681493837943, 53.59710958391171, 53.969732924046625, 53.42771049991522, 54.564404198892234, 54.002482273168255, 53.82119625838313, 53.45520983467095, 53.164751963915954, 54.23685750445393, 54.444953028402686, 53.91520876509687]
[53.59066240495249, 54.060044378290854, 53.98181313470572, 53.44266724144834, 53.23897702137575, 54.21542717503668, 54.10207746220385, 53.810244976704986, 53.93810920023486, 54.46562527515164, 53.556538915093505, 53.66310643454692, 54.379778630601116, 53.445352566604, 53.029874449500504, 53.99814189070612, 52.83873948680256, 54.178672214285065, 53.32001789280589, 54.11109528401354, 53.20777020032553, 54.86520171965437, 53.15609169882915, 52.76357926940104, 53.27966597161733, 52.81193111242179, 53.42791934214639, 53.74188540448522, 53.67479075482309, 53.28074833212319, 53.49291864209929, 53.06791070553987, 53.52810525749474, 53.20076373146147, 53.98828572689049, 53.79204185270909, 53.153034453453174, 54.14721234098374, 53.53328334234967, 53.33392848077244, 53.969732924046625, 53.42181388389669, 54.5150330108014, 53.81182646355455, 53.65601805413886, 53.209732929229574, 53.00396306833503, 53.94049622216128, 53.95366092265931, 53.82615881186022]
[53.54577317710398, 54.05696892122986, 53.92289384348429, 53.44266724144834, 53.16338278352741, 53.9634448149248, 54.10207746220385, 53.810244976704986, 53.86505168688725, 54.39730867450753, 53.556538915093505, 53.66104808209557, 54.27760879830324, 53.407267279901234, 52.89483760290936, 53.865121387483725, 52.73351376720467, 54.13360215729408, 53.32001789280589, 54.01318761214012, 52.9199818832232, 54.85286807926794, 53.038607927800285, 52.75454306497613, 53.13828090434995, 52.66860298146639, 53.197332057343885, 53.74188540448522, 53.55768593734852, 53.148762767553876, 53.25383686270279, 52.89620947738323, 53.35299670752106, 53.180381330081175, 53.70202661278805, 53.776854457077306, 53.0704603025985, 54.14721234098374, 53.474181663062915, 53.33392848077244, 53.68256838389, 53.36755556274013, 54.28611207544029, 53.63470809177244, 53.65601805413886, 53.209732929229574, 52.98306431853119, 53.76105716521147, 53.71903450480504, 53.775016348722815]
[53.4108370480664, 53.95558428249923, 53.792471279074206, 53.241017239712185, 53.01363303956956, 53.66127338326398, 53.6139547862287, 53.810244976704986, 53.38537982010158, 54.39730867450753, 53.475079582868965, 53.66104808209557, 54.2008688937111, 53.40673658864993, 52.80739844645775, 53.865121387483725, 52.73351376720467, 54.13215347746706, 53.24979648438183, 54.01318761214012, 52.90179231695375, 54.71605034322889, 53.038607927800285, 52.68580279523941, 53.036578797031254, 52.66860298146639, 53.0568608856409, 53.597137211137316, 53.55768593734852, 53.148762767553876, 53.25383686270279, 52.89620947738323, 53.343152021171406, 53.180381330081175, 53.47343442011832, 53.611683373297936, 53.03621745820683, 54.03545361382453, 53.27405811264988, 53.33392848077244, 53.68256838389, 53.345138192133845, 54.28611207544029, 53.496913699518814, 53.382846214021356, 53.13171359486726, 52.98306431853119, 53.69089844136238, 53.71903450480504, 53.68080758188536]
[53.28338297319799, 53.85727528318122, 53.792471279074206, 53.15859361751994, 52.981669881467624, 53.49415782627416, 53.60453421753182, 53.67519972426777, 53.38537982010158, 54.03452406009658, 53.44296518643422, 53.604750717394424, 54.2008688937111, 53.305038394226095, 52.79966546474522, 53.82305937839233, 52.665470972368574, 54.11793346713256, 53.24979648438183, 54.01318761214012, 52.90179231695375, 54.657073897081474, 52.75811516167706, 52.624139722713835, 53.013959440462976, 52.46310179424322, 53.0568608856409, 53.42613507951461, 53.24884291969831, 52.92768419692105, 53.25383686270279, 52.841398656179265, 53.15942019552542, 53.180381330081175, 53.169702983424244, 53.15502402212077, 53.02041406140751, 53.742398896493, 53.27405811264988, 53.154612166067615, 53.63352711607181, 53.26374503138489, 54.28611207544029, 53.496913699518814, 53.20139887142665, 52.773912315448555, 52.950743430603055, 53.69089844136238, 53.54198756984463, 53.68080758188536]
[53.23374456378242, 53.78048231999143, 53.42092977312427, 53.10090527409989, 52.75774003477527, 53.46886468513664, 53.59671222254336, 53.58305351623378, 53.38537982010158, 53.969807914469264, 53.16849711791102, 53.459650639873885, 54.14706801585754, 53.305038394226095, 52.5895525925377, 53.75877994173747, 52.4284035708906, 54.042118034124655, 53.22940921881019, 54.01318761214012, 52.8667552126886, 54.657073897081474, 52.69366854905542, 52.58019232534561, 53.013959440462976, 52.46310179424322, 53.0568608856409, 53.41412312183255, 53.06085649579438, 52.92768419692105, 53.171562473875085, 52.72896110034567, 53.14499426290929, 53.180381330081175, 52.990562635088494, 52.9071805449219, 53.02041406140751, 53.645379656806575, 53.27405811264988, 52.99548535871641, 53.63352711607181, 53.235578370858306, 54.008185071178254, 53.496913699518814, 53.039084893595394, 52.71799499604388, 52.61100859976077, 53.546209945524105, 53.54198756984463, 53.68080758188536]
[53.1015879189134, 53.60595971294985, 53.42092977312427, 52.92285771821315, 52.75774003477527, 53.46886468513664, 53.25178797011297, 53.52425370025899, 53.30982139609163, 53.969807914469264, 53.16849711791102, 53.459650639873885, 54.12130018161863, 53.22712485906445, 52.5895525925377, 53.67800281035144, 52.4284035708906, 53.98310280606436, 53.09905227541951, 53.99846587071702, 52.80798521063959, 54.520828967625484, 52.682242707310294, 52.57367745282895, 52.77284496733947, 52.251390974735884, 53.03451887997287, 53.41412312183255, 53.02303949643804, 52.92088595355555, 52.97507682984283, 52.722683472803666, 53.13203436985101, 53.17368219314079, 52.990562635088494, 52.76557318749823, 52.97704839357003, 53.2845802329183, 53.14683347717188, 52.927636079786055, 53.60711607753569, 52.986676450123284, 53.688291650557574, 53.27431689736331, 53.039084893595394, 52.42039527773913, 52.61100859976077, 53.544507544640894, 53.53121051191329, 53.566305468143455]
[52.68233261519953, 53.56277307749216, 53.18046734080317, 52.61266909175646, 52.720113941356104, 53.36180078268641, 53.21721163075374, 53.42295599763105, 53.201837178083586, 53.9346856707928, 53.11283622305191, 53.459650639873885, 53.92784301264273, 53.11253076324148, 52.57550124488366, 53.292700124144346, 52.35180597682929, 53.98310280606436, 53.09905227541951, 53.873760298932226, 52.78327864928296, 54.4891758411806, 52.54675151486197, 52.463229760527796, 52.72777434632087, 52.09525825318353, 52.940306313025054, 53.18455590022859, 52.877070038561286, 52.70685062727797, 52.961353785324455, 52.722683472803666, 53.1251477950232, 53.15319297883254, 52.8629169014902, 52.663837818957724, 52.8247003324574, 53.2845802329183, 53.14683347717188, 52.922735289367324, 53.4704520255836, 52.93366332859487, 53.61719113056474, 53.274016643578456, 52.95653259845801, 52.38184831501222, 52.61100859976077, 53.405764396819656, 53.53121051191329, 53.32010521628227]
[52.454619729043905, 53.42535037715341, 53.15877637191788, 52.599849751198505, 52.61900497099263, 53.20342582789192, 53.15978326383852, 53.39556649605728, 53.201837178083586, 53.9346856707928, 53.11283622305191, 53.37830521351848, 53.802335995483546, 53.05001521514315, 52.56655034059486, 52.884223437253844, 52.33879696543503, 53.828658555403045, 52.969775505479355, 53.6727563757831, 52.71555960879781, 54.22658414231363, 52.54675151486197, 52.463229760527796, 52.61011103826689, 52.09525825318353, 52.662287985994794, 52.95513165077123, 52.76909379230125, 52.70685062727797, 52.955466209782074, 52.722683472803666, 53.1251477950232, 53.15319297883254, 52.833779760531385, 52.663837818957724, 52.77168359870875, 53.17423774503686, 53.14683347717188, 52.829475710663736, 53.4704520255836, 52.93366332859487, 53.61719113056474, 53.04867245997474, 52.9163266236704, 52.19173340793137, 52.61100859976077, 53.305167276905635, 53.53121051191329, 53.281392691459885]
[52.20686180174541, 52.954408634682544, 53.15877637191788, 52.29192156076889, 52.61900497099263, 52.975149378950526, 53.15978326383852, 53.266520324115746, 52.893949429323904, 53.92079285522952, 53.0596534246484, 53.33134363252417, 53.73899348685417, 52.94715324200034, 52.37646001056778, 52.87559748838656, 52.33879696543503, 53.63554585697473, 52.96609503538396, 53.66952416382715, 52.71555960879781, 54.019889563778314, 52.515915279399636, 52.463229760527796, 52.56424338379988, 51.79906965930648, 52.662287985994794, 52.846581058455385, 52.7521672927114, 52.641483695986096, 52.92488443433889, 52.722683472803666, 53.02779188569373, 53.05991255813474, 52.73110161157096, 52.50977893955901, 52.769117656667255, 53.10557237417423, 52.886548179399846, 52.770088234173656, 53.16415655117841, 52.707467737968344, 53.61719113056474, 52.8121840688068, 52.85890941574646, 52.14294598378932, 52.61100859976077, 53.305107070404745, 53.39796974878054, 53.21636815663654]
[52.11403844571937, 52.9473201778664, 53.12251491594625, 52.16070158632249, 52.61900497099263, 52.96527381108099, 53.03205901347631, 53.10941218852597, 52.67209256860093, 53.688820094450406, 53.0596534246484, 53.30165778236202, 53.66718702644691, 52.94715324200034, 52.15615159220798, 52.87559748838656, 51.99510015873376, 53.63554585697473, 52.950004658904255, 53.605043207633706, 52.60887305850514, 53.977520941198705, 52.51283136670175, 52.45843845331696, 52.51548902016303, 51.69494486583922, 52.58178448641828, 52.846581058455385, 52.649802548115474, 52.641483695986096, 52.92321958945364, 52.554374287265816, 52.98520007098557, 53.05991255813474, 52.72511057867159, 52.50977893955901, 52.4225717961768, 52.93616228937427, 52.81570735615187, 52.64605440169466, 53.13624183852123, 52.69406050681977, 53.40708499440045, 52.55876404311268, 52.85890941574646, 52.03417945783823, 52.49181735647629, 53.27829039600418, 53.37463165055887, 53.10191734779439]
[51.99330087383083, 52.858692976073904, 53.12251491594625, 52.16070158632249, 52.552495893510276, 52.92696127247731, 52.9075439800936, 53.03117951055791, 52.67209256860093, 53.45704436267681, 53.0596534246484, 52.97936862005374, 53.57670420258785, 52.912748010278406, 52.15615159220798, 52.844176365510656, 51.947591428833924, 53.60006397197634, 52.87154888424975, 53.484612894973864, 52.52068525550017, 53.95100414544146, 52.37169204255158, 52.411637936154136, 52.51548902016303, 51.60909483624323, 52.58178448641828, 52.79347244946679, 52.386876587641005, 52.51693116814914, 52.818296035364504, 52.23313975386509, 52.91767425420149, 53.02826810277139, 52.528481425135055, 52.47437293960295, 52.331055175586116, 52.8765724896806, 52.81570735615187, 52.45874644417356, 53.13624183852123, 52.632262138286066, 53.24300605788225, 52.55876404311268, 52.742141209320565, 51.92443594904114, 52.415613754859315, 53.27829039600418, 53.24646171767057, 52.9550766952711]
[51.834778275468, 52.858692976073904, 53.10147165419261, 52.14898645373976, 52.512037963831105, 52.87521876751318, 52.82819086970343, 53.03117951055791, 52.67209256860093, 53.45704436267681, 52.93646697949339, 52.95977154536765, 53.515364399509885, 52.80712195194373, 52.09008599412226, 52.82330796363957, 51.86127154664992, 53.44614289302971, 52.790719343845794, 53.484429256259546, 52.52068525550017, 53.94041358316916, 52.13404803418624, 52.25819430775829, 52.197227065642906, 51.60909483624323, 52.49594833302062, 52.713268950240135, 52.386876587641005, 52.43011342416228, 52.77853855914416, 52.18942312924544, 52.81950745289324, 52.94442086738907, 52.45781096029143, 52.375011936963645, 52.236055157136185, 52.73862810450638, 52.50065913277147, 52.379115232955975, 52.950096540670245, 52.612079377640484, 53.24300605788225, 52.49319248736168, 52.742141209320565, 51.85100458386394, 52.33192261565112, 53.18100804700454, 53.026331524779344, 52.814276013958036]
[51.834778275468, 52.85747202273976, 53.10147165419261, 52.13896816285702, 52.49703540695257, 52.75184031047426, 52.82819086970343, 53.03117951055791, 52.44908849103574, 53.36323495688176, 52.892985295523104, 52.8705469218966, 53.515364399509885, 52.77108830006292, 51.965539061163994, 52.76026548053419, 51.86127154664992, 53.34643488749164, 52.49112656752662, 53.428174114356125, 52.36061815070697, 53.92890890221687, 52.13404803418624, 52.214164829376614, 52.197227065642906, 51.60909483624323, 52.49594833302062, 52.54724489071704, 52.232204266262535, 52.41207660567858, 52.77485490121635, 52.18942312924544, 52.45591549435884, 52.94442086738907, 52.332048188273006, 52.375011936963645, 52.12302790842661, 52.49328014097597, 52.43693328786638, 52.31207103944204, 52.93358988040342, 52.380755455668215, 53.124095087495405, 52.47908384274174, 52.55755587672589, 51.85100458386394, 52.33025942032526, 53.18100804700454, 52.80184952456965, 52.78932928509054]
[51.834778275468, 52.63171903150591, 53.075857268108564, 52.13896816285702, 52.31479390107778, 52.74577803634931, 52.78570774985843, 52.9672259656356, 52.39696966846077, 53.222022560642756, 52.80998103120894, 52.83139504306807, 53.27114123564049, 52.71161169591859, 51.965539061163994, 52.59840112179993, 51.86127154664992, 53.30859899064717, 52.49112656752662, 53.428174114356125, 52.1892557952821, 53.736334843851864, 52.07888730585356, 52.214164829376614, 52.02200254337225, 51.349146290238615, 52.49594833302062, 52.504913260421986, 52.2033535811605, 52.24143149323462, 52.77485490121635, 52.16957145550473, 52.45591549435884, 52.872652694407904, 52.24362124007956, 52.373005746026955, 52.054276142713505, 52.49328014097597, 52.30384733465278, 52.29585828739946, 52.93358988040342, 52.35109685202688, 53.046507573537575, 52.45716175407374, 52.50949858369447, 51.85100458386394, 52.32232133552945, 53.18100804700454, 52.80184952456965, 52.78932928509054]
[51.78541413424125, 52.3358178283998, 52.98962082325771, 52.12588468574226, 51.87836976330571, 52.74577803634931, 52.60097816928678, 52.75382318863408, 52.32284544369401, 53.222022560642756, 52.681640654502246, 52.83139504306807, 53.27114123564049, 52.7082816066133, 51.74684432232969, 52.557218751714935, 51.86127154664992, 53.30859899064717, 52.30830922294281, 53.428174114356125, 52.1892557952821, 53.736334843851864, 52.07888730585356, 51.97685165750589, 51.71447638160456, 51.17583958169193, 52.34046476361787, 52.42260282041484, 52.10527363738877, 52.10949114598634, 52.66047984227106, 52.162730989763716, 52.21641139151509, 52.731757951813584, 52.17641596053456, 52.293280218350596, 51.80291990811817, 52.49328014097597, 52.30384733465278, 52.16129742819487, 52.93358988040342, 52.35109685202688, 52.964326788310515, 52.45716175407374, 52.37843682753625, 51.85100458386394, 52.236210897472674, 52.46227616825611, 52.80184952456965, 52.78100826778554]
[51.62785108034577, 52.18181330423427, 52.8914416850122, 52.03742688427256, 51.761468160397705, 52.449990803627585, 52.50161988514859, 52.71242821120202, 52.32284544369401, 53.01769660828635, 52.67574644215658, 52.719835739247834, 53.17407024421029, 52.64490601912787, 51.56828124353452, 52.15457124014449, 51.84379309369241, 53.2226312344848, 52.2640229978732, 53.091888794070236, 51.89311065279776, 53.70664132447937, 51.80240739108372, 51.976005665507486, 51.57049233090593, 51.032735276437485, 52.209974479079975, 52.3056087589423, 52.10527363738877, 52.10949114598634, 52.66047984227106, 51.798504672403126, 51.98879618087964, 52.562049427705404, 52.094645866525845, 52.256258510146644, 51.80291990811817, 52.48624208195908, 52.28084323906246, 52.15590368543597, 52.88986060490072, 52.301686233798435, 52.964326788310515, 52.330463164283074, 52.37843682753625, 51.85100458386394, 51.96993102690554, 52.41622631532082, 52.69192408334858, 52.78100826778554]
[51.52266834465706, 52.16889332216188, 52.8914416850122, 51.9422379754418, 51.578517167072974, 52.41181339336007, 52.45837024412924, 52.67428330966739, 52.30074428973556, 52.63622623242846, 52.53223648442804, 52.68111459168385, 53.13684161993149, 52.483417476705675, 51.56828124353452, 51.86475938554662, 51.75008920094954, 53.15506805479381, 52.2640229978732, 52.74504162357554, 51.8923954468724, 53.70664132447937, 51.69715282741301, 51.74712610355782, 51.523525221045404, 50.79952401659661, 52.13569673540076, 52.122146623709774, 52.10527363738877, 51.865306145809235, 52.66047984227106, 51.622539689594475, 51.963332806666735, 52.39777230189927, 52.04197330790064, 52.24120511043295, 51.754762883726855, 52.41044026217079, 52.05467793945527, 51.917278925219286, 52.7192266570154, 52.0605810358973, 52.92335665544764, 52.123435373661664, 52.36839876017734, 51.70073836850537, 51.96993102690554, 52.4118350747402, 52.657041089305324, 52.742818254303266]
[51.52266834465706, 51.98888192500901, 52.57007097803104, 51.9422379754418, 51.578517167072974, 52.02881904675236, 52.43484642872619, 52.548976387771674, 52.30074428973556, 52.51835031016826, 52.53223648442804, 52.54523816323497, 52.99858184625559, 52.44352325893188, 51.433349486796075, 51.832020132689436, 51.58857550587358, 52.83979583783313, 51.79492394177204, 52.74504162357554, 51.74905379331045, 53.42276508259753, 51.64890080238001, 51.74712610355782, 51.514658276599015, 50.797338947981366, 52.13569673540076, 52.090046557330176, 52.10527363738877, 51.74003459637511, 52.66047984227106, 51.412272815603956, 51.94155112291567, 52.39777230189927, 51.8911434533123, 52.24120511043295, 51.69998530366546, 52.41044026217079, 52.05467793945527, 51.863006998930985, 52.514460034793125, 52.0605810358973, 52.60311528057191, 51.909866285818055, 52.36839876017734, 51.657915105570545, 51.75550654758189, 52.1499607609966, 52.44743224959605, 52.70195368212901]
[51.52266834465706, 51.980585643912846, 52.52468970168004, 51.87411063642312, 51.535900084075124, 51.911759140448325, 52.371411794224436, 52.548976387771674, 52.178300522365944, 52.31080266497594, 52.33868931465113, 52.53437005782731, 52.99858184625559, 52.37782147775105, 51.39962483571505, 51.832020132689436, 51.35166307410731, 52.686280923052394, 51.5447018210995, 52.57270725605953, 51.695782876686884, 53.26401629227901, 51.50485202337801, 51.738192885518245, 51.11243997690428, 50.797338947981366, 52.09033038108068, 52.090046557330176, 52.025877990269976, 51.74003459637511, 52.46136070511918, 51.412272815603956, 51.90847428455695, 52.265098163082726, 51.8911434533123, 51.987327840704744, 51.59452588135584, 52.277582562447016, 51.91427246300758, 51.75992703179393, 52.44064459158865, 51.9683913843603, 52.535083631310115, 51.909866285818055, 52.3565251921318, 51.657915105570545, 51.75550654758189, 52.045899403987995, 52.44743224959605, 52.42981528316669]
[51.50570592900176, 51.980585643912846, 52.50546116644413, 51.87138196676701, 51.515370760755445, 51.798968627223, 52.122340479561885, 52.343144216408064, 52.162827486494336, 52.05664982595873, 52.24028888363269, 52.151461739745386, 52.73512131050727, 52.29448825393631, 51.39608395693887, 51.787007105699765, 51.25920262527865, 52.56217431698508, 51.315088448038864, 52.57259931700204, 51.58336914729538, 52.98399581537931, 51.50485202337801, 51.738192885518245, 50.88631473437043, 50.797338947981366, 51.76162597848992, 51.76387212097459, 51.74208641925524, 51.73764361404805, 52.37817450719488, 51.412272815603956, 51.75470093131004, 52.259520442360554, 51.81133543989124, 51.93853803567164, 51.53559441175437, 52.25587100272368, 51.880521571290444, 51.67122402808998, 52.328303360549526, 51.78382044066119, 52.33977537187244, 51.86612617952413, 52.259349244005264, 51.62613705793734, 51.75550654758189, 52.045899403987995, 52.44743224959605, 52.40248890107646]
[51.34653555169048, 51.858400094952074, 52.348707059217624, 51.65068760394735, 51.4097890910072, 51.374720948445564, 52.042400204452306, 52.3407743140992, 52.151006555689676, 52.026014332898555, 52.12780495908434, 51.64786575791466, 52.52624746619151, 52.181468864010654, 51.32185158431982, 51.68394167038139, 51.151353420059294, 52.54189029660167, 51.309717335372376, 52.255968223872856, 51.492374113192874, 52.817681670492696, 51.48210678070992, 51.625902432787576, 50.74917967076671, 50.797338947981366, 51.451307883917046, 51.76387212097459, 51.70349512980931, 51.51157954325223, 52.2766500392254, 51.412272815603956, 51.75470093131004, 52.20811258662703, 51.72662377032776, 51.72619986222164, 51.52526193759445, 52.25587100272368, 51.880521571290444, 51.67122402808998, 52.31524053533983, 51.62263188551684, 52.256634451057835, 51.52734686972991, 52.24411705783043, 51.60672100976346, 51.75550654758189, 51.940927672298926, 52.44743224959605, 52.40248890107646]
[51.30524433134813, 51.858400094952074, 51.96654739158815, 51.40946532145415, 51.37691546716869, 51.2289874944545, 51.6941103850808, 52.3407743140992, 52.0271619704507, 52.0258113927115, 52.05057634185586, 51.50977971326213, 52.524525812761134, 52.15721182497358, 51.29897253966639, 51.66102453127421, 51.0893088253515, 52.37192093000574, 51.239501619938736, 52.01402288345749, 51.492374113192874, 52.817681670492696, 51.48210678070992, 51.55886541179423, 50.72684086940816, 50.5863468370094, 51.42597780048537, 51.76387212097459, 51.70349512980931, 51.51157954325223, 51.674473613307235, 51.33090406728991, 51.58021652105871, 52.123051191000684, 51.537608761552505, 51.69491494193151, 51.47932037185033, 52.17465187593077, 51.42063522525594, 51.60401807341937, 52.13791957240643, 51.60547132437411, 52.256634451057835, 51.52734686972991, 52.2428553519451, 51.47105563138266, 51.70457422744032, 51.3437770103335, 52.39483682832764, 52.38799862457406]
[51.30524433134813, 51.858400094952074, 51.85683161535811, 51.236166143625816, 51.10502646939027, 51.12359927973145, 51.6941103850808, 52.254036775222424, 51.7879110571562, 52.02099271671632, 52.05057634185586, 51.453621230650654, 52.442493504243124, 52.15721182497358, 51.201545373677924, 51.660635579490574, 51.01075617859687, 52.247679168185094, 51.239501619938736, 51.86880835308458, 51.40627939508617, 52.817681670492696, 51.37341224751499, 51.49819221976382, 50.58385905890233, 50.5863468370094, 51.24986175156111, 51.76387212097459, 51.67008342262112, 51.51157954325223, 51.632556325866744, 51.33090406728991, 51.541735610666535, 52.051328856273834, 51.483320436392184, 51.305309384498706, 51.46816634993577, 52.123889054608775, 51.23361129695197, 51.527013827077745, 52.09228453893618, 51.51980533088081, 52.06367176935173, 51.41056894138704, 52.03950404885605, 51.39401338777185, 51.70457422744032, 51.24955938634715, 52.39483682832764, 52.345535233321314]
[51.15171903876911, 51.728629309275064, 51.82711240257875, 51.23127507566405, 51.04655848247892, 50.93120879216545, 51.6941103850808, 52.15346997139517, 51.7879110571562, 52.02099271671632, 51.92859340701676, 51.453621230650654, 52.40441985246381, 52.09928631886426, 51.201545373677924, 51.660635579490574, 50.954691071098715, 52.247679168185094, 51.20235422441751, 51.82770750976614, 51.34497794203092, 52.45144332769073, 51.314144116375346, 51.41964217457553, 50.34869358895868, 50.52180010609649, 51.190303861426244, 51.559327941227174, 51.61144577157438, 51.3830838185625, 51.39433238942655, 51.25963681268291, 51.401256114552645, 51.884472122758595, 51.2698866930059, 51.18610856196482, 51.46816634993577, 52.03262230605802, 51.079180978636956, 51.456714393645505, 51.98790082647007, 51.51980533088081, 52.056402833770015, 51.314241069696266, 52.02174419078659, 51.15374724191591, 51.70457422744032, 51.112507147958716, 52.39483682832764, 52.299440467227974]
[51.07183155569405, 51.728629309275064, 51.7046405143981, 51.17521281609666, 50.78568551651627, 50.9087705556749, 51.57703427148558, 52.15346997139517, 51.7501530718189, 52.00567765274646, 51.83756125707244, 51.453621230650654, 52.14566751181873, 51.93302518864838, 51.01835570338109, 51.46097522442592, 50.877128500937786, 52.18911784474797, 51.01426030120428, 51.677440788625276, 51.05986419775162, 52.299575852956515, 51.239203107389116, 51.198032643696266, 50.330217733479365, 50.52180010609649, 51.176985022829726, 51.3133216864281, 51.49711858689974, 51.354600539640685, 51.04336122306123, 51.25963681268291, 51.385360042007946, 51.747940284066544, 51.103358122320714, 51.18610856196482, 51.44792106014078, 51.99111184094697, 51.0731933271493, 51.33332556930219, 51.956895692705814, 51.376166684452514, 52.016306741372304, 51.314241069696266, 51.89720784397299, 51.15374724191591, 51.70457422744032, 51.112507147958716, 52.39483682832764, 52.163210496859236]
[51.02869768345004, 51.581852542100606, 51.7046405143981, 51.02918212960343, 50.76411031839386, 50.57944555001719, 51.46191654783987, 51.82485764381455, 51.68870810273537, 51.93652753364578, 51.64921079468273, 51.195678244237946, 52.14566751181873, 51.927449515151224, 50.84126739361376, 51.3369019129129, 50.877128500937786, 51.97306624118884, 50.852352733426045, 51.60453386552906, 51.05728895930423, 52.13573135058467, 51.1327224290913, 51.010980309985975, 50.31772691328881, 50.52180010609649, 51.176985022829726, 51.238202125838654, 51.386517227865305, 51.03590962998014, 51.04336122306123, 51.25963681268291, 51.32705070605268, 51.74340196516472, 51.055823890460836, 50.962356724002476, 51.43501582766868, 51.899123646221106, 51.0731933271493, 51.33332556930219, 51.824877754407325, 51.28276704711841, 51.783996892553795, 51.301633373070544, 51.78388615855497, 51.13388757308234, 51.48436990651702, 51.04498628544185, 52.155789955586954, 51.86982118315774]
[50.83535324966631, 51.475806455243934, 51.63262490397964, 50.96955183281795, 50.608657461205475, 50.57944555001719, 51.286669811726085, 51.78844884374339, 51.5433223847932, 51.93289887552254, 51.453560260414484, 51.02412854387341, 51.95678543215233, 51.87312442980815, 50.63672261434188, 51.104504631580525, 50.877128500937786, 51.74652198209991, 50.852352733426045, 51.42043540214123, 51.05728895930423, 52.03866947475869, 51.09322898320018, 50.76437815381085, 50.27727960965518, 50.436133877385465, 51.08551718232552, 51.238202125838654, 51.184149264302256, 50.9520331718819, 51.02989382275384, 51.21240342775933, 51.32705070605268, 51.688080428872055, 51.055823890460836, 50.86238459620252, 51.25359782430254, 51.89489599250841, 51.02492090543704, 51.33332556930219, 51.753223584856926, 51.18779967132029, 51.472819032867065, 51.292569758627714, 51.769188829816436, 51.111065850829696, 51.472991877781524, 51.04498628544185, 52.15552496312207, 51.79484276682426]
[50.83535324966631, 51.46026472797276, 51.63262490397964, 50.83491781035649, 50.129820767587, 50.40665788330417, 51.2863049091063, 51.78844884374339, 51.45650868962427, 51.93289887552254, 51.453560260414484, 51.02412854387341, 51.82172920836638, 51.76470823952536, 50.550167365064475, 51.0496643103908, 50.877128500937786, 51.64300593727707, 50.802193644460274, 51.28688772003873, 51.05728895930423, 51.78821385349232, 50.89830791142549, 50.690947258248556, 50.27727960965518, 50.41330382372191, 50.89226184298996, 51.20664539609326, 51.12289291439017, 50.93759557340551, 51.0037001120679, 51.118351907712025, 51.307903831119596, 51.650366703643, 50.998231027048675, 50.86238459620252, 51.139913933245225, 51.7668551628406, 50.969475170725545, 51.257808237892064, 51.753223584856926, 51.16634445355845, 51.44640561005737, 51.292569758627714, 51.7688867389157, 51.068502223376655, 51.378437417595514, 51.0297801855023, 52.0327576205688, 51.79484276682426]
[50.69585205674051, 51.2582142828777, 51.54499240690446, 50.83491781035649, 50.129820767587, 50.32475656757271, 51.22069808623036, 51.49017973277883, 51.35882891964045, 51.93289887552254, 51.3735572076226, 50.982817946330286, 51.71882575653781, 51.66266554190976, 50.550167365064475, 50.77435108187615, 50.85573765934059, 51.41079305093793, 50.755316133872014, 51.22577319540758, 51.05728895930423, 51.65686482944437, 50.88922843974806, 50.50445911552676, 50.27415440775857, 50.30303946112794, 50.6277515362831, 50.98826909995731, 50.99730588284427, 50.93759557340551, 50.99635575141609, 51.06999367572898, 51.05832825298807, 51.39460305950903, 50.924940365383904, 50.81702035661348, 51.139913933245225, 51.684194726861605, 50.969475170725545, 51.1918546253302, 51.568380790130824, 51.074473629983615, 51.35298980266045, 51.292569758627714, 51.599609006528, 50.87439814918738, 51.31346603528429, 50.991027279887604, 52.0327576205688, 51.6799588617788]
[50.678859066248876, 51.230100630529066, 51.36621408647268, 50.83491781035649, 50.129820767587, 50.32475656757271, 51.14301875495778, 51.44455630458435, 51.219998911696415, 51.78260272856856, 51.29113919990755, 50.98036629013738, 51.70042731485886, 51.66266554190976, 50.42768781558677, 50.66661914895455, 50.41991849377886, 51.24159496201654, 50.755316133872014, 51.19690023138309, 51.05728895930423, 51.549963363807784, 50.67084756971458, 50.427885395312956, 50.260455693762495, 50.30303946112794, 50.53658379382638, 50.911547745616076, 50.971761319209996, 50.93759557340551, 50.909666218209665, 51.059852334401555, 51.05832825298807, 51.14947117939645, 50.6083816338449, 50.81702035661348, 51.01538561259743, 51.67506710414244, 50.95171871103185, 50.86079349516011, 51.568380790130824, 51.01225120431414, 51.31861400648652, 51.26016176077458, 51.599609006528, 50.78713841425052, 51.31346603528429, 50.991027279887604, 51.95322181219406, 51.54950145158809]
[50.602417155352796, 51.19990753030486, 51.36621408647268, 50.83343566967844, 50.10846813217421, 50.27508938745937, 51.082782496404555, 51.35909550825984, 51.059818895944005, 51.68994021025045, 51.23746417090886, 50.85741946640669, 51.67391822258001, 51.66266554190976, 50.425907723757746, 50.66661914895455, 50.41991849377886, 51.19153538304621, 50.755316133872014, 51.10863848955232, 50.781581182072486, 51.549963363807784, 50.440905779267624, 50.427885395312956, 50.260455693762495, 50.286531580355884, 50.438621291627115, 50.911547745616076, 50.92485033177514, 50.870052129048986, 50.868595586601835, 50.99527188209446, 50.83290869748687, 51.018711816614555, 50.527044653278, 50.81702035661348, 51.00979740498461, 51.66068888641852, 50.39649130638473, 50.44634578009556, 51.540911542417106, 50.98226825921391, 51.29020940050299, 50.986248149803124, 51.5981361320343, 50.78713841425052, 51.301506302573124, 50.823737843952685, 51.91009287698739, 51.51120624064735]
[50.5474107122982, 50.96611350564171, 51.344341810421874, 50.68498661902525, 49.94546359243546, 50.01138547968692, 51.07484154605354, 51.31153438945703, 50.882894033008796, 51.5159632189617, 51.2217034392505, 50.85741946640669, 51.67391822258001, 51.519413529890414, 50.32827334799815, 50.63201741482492, 50.41991849377886, 51.13657680098428, 50.59794488107189, 51.086603754228285, 50.77170660264218, 51.516441534677675, 50.37841281026287, 50.23812255280032, 50.196917699625644, 50.23576444397803, 50.438621291627115, 50.88744253391899, 50.802634482469855, 50.84346331235574, 50.868595586601835, 50.85569366364338, 50.53256626101456, 51.018711816614555, 50.527044653278, 50.77895483334616, 50.8910807743742, 51.52030389056671, 50.39649130638473, 50.37659132173981, 51.43104407310244, 50.74380774664037, 51.027812633482625, 50.92962715646907, 51.52151695552128, 50.737446110390025, 50.910643818356185, 50.40922757708297, 51.77890184342088, 51.503028207016975]
[50.5474107122982, 50.75593441000994, 51.344341810421874, 50.68498661902525, 49.94546359243546, 50.01138547968692, 50.976734312531356, 51.31153438945703, 50.801276464132386, 51.479337786284546, 50.97658754353547, 50.70554826165935, 51.53437839333607, 51.45016936222483, 50.32827334799815, 50.62391328565299, 50.35722411167562, 51.08341679078156, 50.540180263238476, 51.031456019693124, 50.5420283396567, 51.408401031312074, 50.37841281026287, 50.23812255280032, 50.196917699625644, 50.20474455505611, 50.374982284107844, 50.784360806879306, 50.39497818926743, 50.78751044811358, 50.737911979622076, 50.81980959795488, 50.43178328717412, 50.798713211286454, 50.435989242809306, 50.57311882968794, 50.8910807743742, 51.52030389056671, 50.393118571317174, 50.26200860739239, 51.398627377176865, 50.74380774664037, 50.98266895898396, 50.851738986651135, 51.31672792076104, 50.653227968633175, 50.822803473894346, 50.3413811372669, 51.48378012268209, 51.49288816381611]
[50.49399567980005, 50.700249050389246, 50.995592544933956, 50.55669283729578, 49.8043511433125, 50.00017252681957, 50.90557030281606, 51.17612140648579, 50.801276464132386, 51.267404959899544, 50.59851617927018, 50.666540148279545, 51.37435857568245, 51.45016936222483, 49.721661195172885, 50.62331867490698, 50.115388339986474, 50.70104909323737, 50.540180263238476, 50.98695564010051, 50.5420283396567, 50.969038780920215, 50.33056615301643, 50.21963395806537, 50.12538338621934, 50.20474455505611, 50.339745436903286, 50.784360806879306, 50.39497818926743, 50.73370648201255, 50.44806493238553, 50.646239892188916, 50.43178328717412, 50.785780707438526, 50.396927826590755, 50.54016121875376, 50.795593218759784, 51.490523126500605, 50.393118571317174, 50.26200860739239, 51.305277260142226, 50.74380774664037, 50.894894921909014, 50.851738986651135, 51.255563141586364, 50.653227968633175, 50.822803473894346, 50.3413811372669, 51.13636820415716, 51.49288816381611]
[50.28029082637586, 50.58893914370647, 50.95210835299268, 50.3884060540652, 49.8043511433125, 49.99279967828974, 50.799883959890586, 50.92259651485308, 50.79634340635226, 51.267404959899544, 50.467202130003855, 50.43915705129877, 51.29822787217408, 51.301631261292755, 49.48179656593002, 50.62331867490698, 49.785751519089864, 50.66226397608332, 50.48764634270466, 50.92882775396241, 50.516756533056956, 50.969038780920215, 50.32622679569428, 50.21963395806537, 50.06785792574636, 49.99812789438533, 50.28242764681262, 50.73615092405421, 50.39333866297715, 50.721439321801945, 50.44806493238553, 50.61593357689641, 50.38227279122965, 50.70486792458758, 50.37536765275688, 50.265528064965764, 50.36705759363736, 51.39673720197074, 50.393118571317174, 50.26200860739239, 51.305277260142226, 50.60659604618129, 50.894894921909014, 50.84567151327948, 51.255563141586364, 50.653227968633175, 50.6108414891037, 50.3413811372669, 51.11490293743867, 51.49288816381611]
[50.1445671197018, 50.58893914370647, 50.695667400695974, 50.324111055596624, 49.8043511433125, 49.99279967828974, 50.63631718826598, 50.82727058612087, 50.77925812531869, 51.267404959899544, 50.458288821634774, 50.20415949349109, 51.12525436018383, 51.301631261292755, 49.22689209452376, 50.62331867490698, 49.662523575132425, 50.389872354702526, 50.47280019496052, 50.7130036859081, 50.456278183225834, 50.54331925620324, 50.32622679569428, 50.21963395806537, 49.74762153382169, 49.99812789438533, 50.03867138538809, 50.696314894751744, 50.34066199709092, 50.721439321801945, 50.100378936812675, 50.35649581417721, 50.11088238831337, 50.54457252910857, 50.37536765275688, 50.20025279904822, 50.28754075263594, 51.35933046431753, 50.104784996977585, 50.13254383623345, 51.27134175784323, 50.47583734659552, 50.700741633283826, 50.82602684712433, 51.03825363531496, 50.64100393084978, 50.6108414891037, 50.3413811372669, 50.70808119217569, 51.212230591994214]
[49.81706673254348, 50.58893914370647, 50.695667400695974, 50.299398419607414, 49.64571322017389, 49.87096878395917, 50.57700273120486, 50.731986266451585, 50.67252791729679, 51.1090150950918, 50.458288821634774, 50.16342726523585, 51.1164915273836, 51.114678301450766, 49.216269175270774, 50.611010564788735, 49.534738244265476, 50.325968030872545, 50.32648374965322, 50.7130036859081, 50.23984210524907, 50.37110418208782, 50.17618998857675, 50.21881535041866, 49.739229151497696, 49.893202237884, 49.91527449265683, 50.61026108921017, 49.98911956982339, 50.66492670589112, 49.95145096211965, 50.35649581417721, 49.81423950277397, 50.54457252910857, 50.332642031883054, 50.20025279904822, 50.259580580964, 51.35933046431753, 50.07834644379227, 50.11912558850524, 51.05180848977211, 50.4061163661065, 50.660181163493775, 50.62827497233913, 51.03825363531496, 50.538210465209275, 50.59910585059499, 50.31238777684587, 50.70808119217569, 51.184263466344625]
[49.81706673254348, 50.54253211995648, 50.63223268421021, 50.27788463517499, 49.596412024557615, 49.616978913272405, 50.429713287799736, 50.65302716266162, 50.46401642303115, 51.1090150950918, 50.458288821634774, 50.16342726523585, 51.00027654758608, 51.09382430620111, 49.155651216654455, 50.25595136021465, 49.354395556330005, 50.319490872184566, 50.32648374965322, 50.62648886228728, 50.23984210524907, 50.37110418208782, 50.17618998857675, 50.02663805336818, 49.61706664859884, 49.86810851736992, 49.84913556418597, 50.568341160253205, 49.74725800549908, 50.55512477814169, 49.91948871152485, 50.35649581417721, 49.80571754781748, 50.54457252910857, 50.332642031883054, 49.93616943091889, 50.01329845504825, 51.03167025336897, 50.05435446693592, 50.11912558850524, 51.00843741148407, 50.22879138712945, 50.40208117093917, 50.62827497233913, 50.80167954291742, 50.538210465209275, 50.59603739579811, 50.269801837822214, 50.57998516585339, 50.88733127436276]
[49.662131148323716, 50.511699442730716, 50.61862431756254, 50.23235423753034, 49.53045792097314, 49.56519791483513, 50.33281511952707, 50.471106694476134, 50.33407676822707, 50.93722441153925, 50.458288821634774, 50.028099224233344, 50.88951905099859, 50.87640205458802, 49.155651216654455, 50.23325416356634, 49.1855889158461, 50.319490872184566, 50.13587981622285, 50.62648886228728, 50.1718849279733, 50.346029870051204, 50.104552724172656, 50.02663805336818, 49.37378568077243, 49.47882867179091, 49.75095969035771, 50.382453224846515, 49.74725800549908, 50.55512477814169, 49.91948871152485, 50.089786839134185, 49.80571754781748, 50.41040659421374, 50.15729384974321, 49.9283747104657, 49.9624639247886, 51.02655415718517, 49.73226549373177, 50.057983963455776, 50.931710119660735, 50.174243960514204, 50.39479124001885, 50.52129365610385, 50.58071820529649, 50.32330727786963, 50.59603739579811, 50.214627589324714, 50.38949291448992, 50.88733127436276]
[49.63204619814614, 50.511699442730716, 50.567031824877894, 50.14553130927497, 49.51493434777991, 49.54976942636588, 50.105440406046284, 50.34493123325258, 50.296906110108395, 50.9246591169677, 50.458288821634774, 49.89428051873338, 50.84388542663234, 50.86746718666743, 49.155651216654455, 50.14727897874883, 49.09932270251404, 50.319490872184566, 49.79539973025933, 49.970870717112874, 50.1718849279733, 50.346029870051204, 49.949944360755325, 50.01862855301902, 49.310429845217485, 49.47882867179091, 49.565702963658936, 50.352764486691264, 49.553359643771024, 50.45980915630953, 49.60164792729289, 50.00283244137516, 49.44946208576964, 50.234866763352606, 50.15729384974321, 49.9283747104657, 49.951112750255064, 50.84029222519132, 49.72608503392195, 49.9365352640765, 50.848539329610055, 50.08617054289632, 50.187537713329434, 50.47936752059328, 50.56711853075043, 50.31991871045454, 50.485730153696394, 50.16899757637027, 50.3891332267106, 50.88733127436276]
[49.546399476643614, 50.508436385905, 50.567031824877894, 49.99110018754838, 49.38784016698861, 49.51907828446912, 50.05032212845767, 50.34493123325258, 50.219287202224216, 50.6205572065839, 50.20818784373952, 49.70847644702761, 50.832382616891444, 50.85480283117639, 49.14787992204735, 50.124001394527305, 48.85459175123285, 50.190399447084545, 49.79539973025933, 49.970870717112874, 50.1718849279733, 50.298984583789384, 49.949944360755325, 49.9811408917259, 49.310429845217485, 49.46739038562522, 49.565702963658936, 50.35039025627238, 49.553359643771024, 50.425649742500255, 49.55557210012785, 49.92926562513635, 49.330685921724054, 50.12459364665108, 50.08585224420722, 49.770014381732516, 49.93651790534711, 50.738659751712326, 49.69428210299113, 49.9365352640765, 50.80751735614904, 50.08617054289632, 50.187537713329434, 50.32223842379771, 50.56711853075043, 50.16033151875875, 50.29583696845966, 50.097026763363274, 50.3121467224143, 50.805407654900534]
[49.19495138616044, 50.508436385905, 50.4123106897846, 49.848651410730696, 49.38784016698861, 49.51907828446912, 49.99458129190219, 50.107234847107655, 50.12236962102314, 50.51964339109329, 50.01383081412236, 49.65273811287351, 50.82316064962325, 50.78673133262182, 49.14787992204735, 50.078583451232255, 48.83055547247145, 50.145834766942926, 49.63933024933702, 49.970870717112874, 50.1718849279733, 50.25352498954371, 49.90066280290693, 49.9811408917259, 49.26403991819305, 49.46739038562522, 49.468272977917984, 49.967360842941844, 49.538457224271454, 50.39568388249246, 49.36978264657436, 49.92926562513635, 49.129720085987415, 50.12219455551423, 50.07499283835324, 49.762368244761674, 49.91510013150735, 50.59466779133014, 49.62821344986729, 49.90345180308077, 50.6761692637272, 50.040975970991596, 50.187537713329434, 50.143617842462255, 50.37974895377756, 50.11669851665884, 49.96145104447858, 50.03192248872585, 50.14683210769846, 50.716113907024024]
[49.15185939730439, 50.34033337836525, 50.31017701164585, 49.825429113728774, 49.16242128471998, 49.282750956127984, 49.90918396724974, 50.107234847107655, 50.06568342498368, 50.271397355584035, 49.83505457067494, 49.65273811287351, 50.756840622987355, 50.74911694990821, 49.1146694521603, 50.078583451232255, 48.829756581725896, 50.133874196892734, 49.43848993603987, 49.91300933422862, 50.07814179323317, 50.24318287012702, 49.77483557855155, 49.9811408917259, 49.20576901415227, 49.4413476838038, 49.309438034763275, 49.96541870611935, 49.153658891348606, 50.188546856661524, 49.36978264657436, 49.91566226909048, 49.07417907736421, 50.06650878238116, 50.02736009212366, 49.734328023006604, 49.81407688051692, 50.52549622819702, 49.61128429016948, 49.84342925549546, 50.60455946930168, 49.956768714469355, 50.187537713329434, 49.987551889862, 50.34683325889002, 49.85330029129498, 49.96145104447858, 50.021859378614344, 50.14683210769846, 50.597178491054436]
[49.15185939730439, 50.241872934319545, 50.25668006638474, 49.75131745785801, 49.11878007345649, 49.06384836135312, 49.902241603833644, 50.107234847107655, 50.03951244599926, 50.23780557578278, 49.642975730324764, 49.56289810850332, 50.756840622987355, 50.74190549715638, 49.062320752301595, 49.75592556045687, 48.75756069576589, 49.778746994119345, 49.4119853576058, 49.87705949356162, 49.76766946281728, 50.12269912173906, 49.67941766935157, 49.826041617033944, 49.08422830702194, 49.4413476838038, 49.309438034763275, 49.85146562923667, 49.153658891348606, 49.977755941316055, 49.306568435757924, 49.88256536994557, 49.07417907736421, 50.037122224161266, 49.91887495670433, 49.7018277924739, 49.79282242109236, 50.38729110706099, 49.51353564603914, 49.54133839451572, 50.50436856829331, 49.956768714469355, 50.16197856228637, 49.85975618641199, 49.7849419417165, 49.765188081396396, 49.888754089268566, 49.9872968673143, 50.03981572749435, 50.593495398061535]
[48.756550575658665, 50.23040129037163, 50.01437747015355, 49.73091911476523, 49.11878007345649, 49.06384836135312, 49.902241603833644, 49.80221690461154, 50.00800163921777, 50.23780557578278, 49.5380433096734, 49.436979922056686, 50.648885260081464, 50.74190549715638, 49.062320752301595, 49.629669057297754, 48.728085179741676, 49.65721916813311, 49.31179111140347, 49.862375689220976, 49.76766946281728, 50.10086524649993, 49.63585975300937, 49.603545839290156, 49.08422830702194, 49.436379903024346, 49.12888767757752, 49.8384555023759, 49.14713209606932, 49.87659171062624, 49.23536812662073, 49.87743692387625, 48.846067241626784, 49.985142149331224, 49.790295937739835, 49.6775841178987, 49.7200101218108, 50.31648877370933, 49.51353564603914, 49.53076669603685, 50.44590149246081, 49.598050437776486, 50.16197856228637, 49.816118176242924, 49.55944795825161, 49.765188081396396, 49.4977069430882, 49.698938213466946, 50.01325221904392, 50.57071431843745]
[48.56191049804066, 50.060296959958734, 50.01437747015355, 49.57607121698201, 48.8499870046324, 48.78631134970617, 49.52803039348636, 49.741481567702365, 49.84622806422269, 50.061236842687876, 49.44054259569115, 49.436390408980884, 50.60688101312236, 50.42378442222828, 48.94974135370728, 49.53400800362577, 48.682798538206015, 49.634971429355815, 49.01425728304743, 49.862375689220976, 49.68171404503292, 50.022270684589515, 49.572056123412466, 49.48738774373875, 48.73560298038759, 49.436379903024346, 49.12888767757752, 49.8384555023759, 48.94276104917702, 49.79708409920566, 49.23536812662073, 49.805813351947435, 48.846067241626784, 49.685701210100106, 49.608912935700666, 49.62381503324436, 49.70751946125556, 50.12090649785343, 49.50270419443957, 49.32559417265927, 50.44590149246081, 49.590672519193845, 50.065535743635444, 49.69341854604382, 49.441105003388735, 49.4181166008542, 49.4977069430882, 49.698938213466946, 49.89179241660419, 50.56194942158988]
[48.238672407241346, 49.97199616419955, 49.90832800585962, 49.56233926306998, 48.8499870046324, 48.78631134970617, 49.38591877411803, 49.72887077097236, 49.76353353065871, 50.05966677531471, 49.44054259569115, 49.386907432165714, 50.490528015873466, 50.266173341733484, 48.887480105946665, 49.4222375873432, 48.587075846652866, 49.421455460198956, 49.01085478651085, 49.862375689220976, 49.61703788223969, 50.022270684589515, 49.505770667532076, 49.33636953202573, 48.73560298038759, 49.38396806850638, 49.12888767757752, 49.65110598430961, 48.61713145024669, 49.603468534707616, 48.96864910464938, 49.61724043047528, 48.73138695707963, 49.60088266399989, 49.51286624494527, 49.561780553788, 49.3532417196356, 50.064160826919334, 49.131312159283496, 49.29825001498678, 50.349934132636065, 49.590672519193845, 49.687423134980804, 49.52195874263292, 49.362623289101904, 49.195033062867836, 49.40857693049134, 49.698938213466946, 49.59861896503833, 50.07725431549522]
[48.238672407241346, 49.81001448918535, 49.85667663197931, 49.53372561668926, 48.80653129653804, 48.78631134970617, 49.26262302332075, 49.72887077097236, 49.674907263453015, 50.019535168059946, 49.382167375286016, 49.32136763759415, 50.490528015873466, 50.17280472555511, 48.809524615957436, 49.395249254521794, 48.350451529225744, 49.421455460198956, 49.01085478651085, 49.77471653178066, 49.578787281336794, 49.66498468192107, 49.26205526048038, 49.33636953202573, 48.720329980414974, 49.34574675111407, 49.12888767757752, 49.45402409548596, 48.61713145024669, 49.603468534707616, 48.89553308106609, 49.61724043047528, 48.662682478140326, 49.60088266399989, 49.50250450894755, 49.364907883342504, 49.18695058092685, 50.05414269518852, 48.95939714548713, 49.28954159443241, 50.349934132636065, 49.590672519193845, 49.48977690255559, 49.3588813387744, 49.341844680935935, 49.15977813215389, 49.33551828713218, 49.33182141874629, 49.49907945125002, 50.03142949596815]
[48.05366557391867, 49.738758326371695, 49.85667663197931, 49.53372561668926, 48.65220683599789, 48.65069714701517, 49.26262302332075, 49.43479459838905, 49.54634803892605, 50.019535168059946, 49.211263938560016, 49.16687084363949, 50.338707065796655, 49.86968329526125, 48.762357496721734, 49.367138674408416, 48.350451529225744, 49.37402064228023, 48.87125680796257, 49.49138163642762, 49.578787281336794, 49.66498468192107, 49.248000528666594, 49.305876729474406, 48.720329980414974, 49.23479838936497, 49.12888767757752, 49.271578497227424, 48.49040345008031, 49.603468534707616, 48.88066526973872, 49.47189264414465, 48.57789540460665, 49.46651397721702, 49.371820514665664, 49.31812541278917, 48.98710213293694, 49.94468974929051, 48.95939714548713, 49.18768262690803, 50.349934132636065, 49.25191953618421, 49.314656229716995, 49.35666658626369, 49.341844680935935, 48.87312802202646, 49.33551828713218, 49.33182141874629, 49.35909961684583, 49.952439909222065]
[47.64707716093325, 49.67515403569861, 49.736988904418496, 49.465541351337, 48.513543321305455, 48.65069714701517, 49.21915946313132, 49.28364382687375, 49.48021946433544, 50.01259684589956, 49.211263938560016, 49.16687084363949, 50.116688829306824, 49.86968329526125, 48.75588848772536, 49.2911508380853, 48.350451529225744, 49.351030274936065, 48.78150256986499, 49.31558716996524, 49.578787281336794, 49.50238322136165, 49.248000528666594, 49.30298215581201, 48.69995303688738, 49.004056247528936, 49.000241974627485, 49.22899622504977, 48.49040345008031, 49.603468534707616, 48.88066526973872, 49.42864368945385, 48.5381803925423, 49.46651397721702, 49.26656429089878, 49.2527232480733, 48.89063090379558, 49.94468974929051, 48.954295155642, 49.118856512569984, 50.349934132636065, 49.24401615480699, 49.314656229716995, 49.21632394863276, 49.306752836006055, 48.87312802202646, 49.26858151870537, 49.33182141874629, 49.21035058541738, 49.85817167863519]
[47.64707716093325, 49.67515403569861, 49.736988904418496, 49.33561398021358, 48.4331347749504, 48.53728290843721, 49.21915946313132, 49.186207514012494, 49.44566442027526, 49.495222039792736, 49.211263938560016, 49.13336240853185, 50.01000677266681, 49.695680415510125, 48.63596422372255, 49.03354428862493, 48.350451529225744, 49.33083025059767, 48.61724519240127, 49.293998177103866, 49.57059933811671, 49.50238322136165, 49.21427498317806, 49.30298215581201, 48.69995303688738, 49.004056247528936, 49.000241974627485, 49.10823013041644, 48.49040345008031, 49.33430835255138, 48.87954207475768, 49.41664411186723, 48.422014077965976, 49.30388521415629, 49.0628072088844, 49.2527232480733, 48.57500849086312, 49.818289454205754, 48.79603373238681, 49.11381957847592, 50.3280975392933, 49.24128978095041, 49.29176455227112, 48.98199721477162, 49.250470818845066, 48.61747244034965, 49.26858151870537, 49.12776840303853, 49.173509990127535, 49.795518921071846]
[47.64707716093325, 49.422163002475685, 49.57934317154956, 49.29995787157277, 48.372011735867346, 48.53728290843721, 49.152598986789464, 49.10024779191348, 49.31683750655222, 49.317169701780685, 49.211263938560016, 49.13336240853185, 49.86152029501808, 49.61891044865229, 48.628448623583076, 48.900237392973146, 48.30021652475256, 49.33083025059767, 48.52285447309082, 49.216055214617384, 49.47803881738832, 49.440356347784146, 49.21427498317806, 49.08245164637515, 48.46890919707881, 48.62942896826807, 48.69651725506483, 49.10291587087558, 48.30436574936039, 49.2598109347162, 48.6960658452103, 49.332079170092115, 48.422014077965976, 49.257733991119, 48.84511973591336, 49.074521393690986, 48.52291382076267, 49.818289454205754, 48.783991349793354, 49.11381957847592, 50.28658059096146, 48.928753234853794, 49.13526573576493, 48.90447818032432, 49.250470818845066, 48.61747244034965, 49.26858151870537, 49.12776840303853, 49.173509990127535, 49.54108032160482]
[47.63796079305121, 49.38788158783376, 49.52722821154619, 49.160491202790006, 48.302848655766695, 48.48752872107565, 49.12306992147317, 49.10024779191348, 49.24357366235332, 49.25882877962276, 49.144738506625394, 49.13336240853185, 49.86152029501808, 49.44112787033424, 48.513189959509965, 48.85393476728307, 48.215968796799295, 49.21696571656712, 48.51113476945258, 48.79210893790621, 49.47803881738832, 49.43120789678819, 48.93317359622234, 49.08245164637515, 48.41153574200852, 48.44218600191929, 48.69651725506483, 48.75169988758721, 48.303475007737774, 49.10418400827244, 48.478508709663956, 49.20354967589058, 48.20189281139888, 49.23734698299212, 48.784010863445424, 48.64507118310038, 48.304321263381865, 49.45946024244259, 48.62626840701177, 49.01984867550311, 50.066999344947355, 48.881562082621976, 49.13526573576493, 48.80175188184411, 49.210390375573255, 48.43393081367533, 49.19419285184025, 49.07011742211928, 49.14920358396474, 49.4214286536663]
[47.63205838500889, 49.09868106677526, 49.52722821154619, 48.92957072564977, 48.302848655766695, 48.348830206489275, 48.9630337839814, 49.071274666589495, 49.24357366235332, 49.1289874717951, 49.08347846637401, 49.13336240853185, 49.753686147104844, 49.2725514650006, 48.48397702462074, 48.83137196943993, 48.215968796799295, 49.20842251195139, 48.35083507248471, 48.70324605017688, 49.44047351259773, 49.43120789678819, 48.93317359622234, 49.010463989655214, 47.87359417246409, 48.17036720878176, 48.64782299856009, 48.75169988758721, 48.24596823151795, 49.06996834226452, 48.478508709663956, 49.13453683923679, 48.20189281139888, 49.135310612878754, 48.784010863445424, 48.64507118310038, 48.20821472361515, 49.41907646355405, 48.50173716678444, 48.855772679502344, 49.95660632008283, 48.881562082621976, 49.13526573576493, 48.670432178305646, 49.210390375573255, 48.33233655016134, 49.08389663005784, 49.039535767681585, 49.056660812228664, 49.34878788052352]
[47.63205838500889, 49.09868106677526, 49.213446111363425, 48.872197510800056, 48.302848655766695, 48.001999801195915, 48.88837501786312, 49.071274666589495, 49.02656285868433, 48.96332122990266, 49.08347846637401, 49.047728603921904, 49.72358856317119, 49.21984061679664, 48.06045367592791, 48.83137196943993, 48.16079500337298, 49.188683024640326, 48.35039206351483, 48.63629727149464, 49.23622010321761, 49.31773707725928, 48.92634083821493, 48.83562708566732, 47.819627486673866, 48.17030089042913, 48.64782299856009, 48.68919300361601, 48.23641852475592, 49.057325972051416, 48.38614546742417, 49.041209571546474, 48.20189281139888, 49.08751405959813, 48.53859320065033, 48.454616437742075, 48.20821472361515, 49.413851482604144, 48.50173716678444, 48.77850505442975, 49.95660632008283, 48.75879910169765, 49.065876490648115, 48.56020562297091, 49.08206864924713, 48.33233655016134, 48.977984066027254, 48.82906997577169, 49.03143080870243, 49.23408274243851]
[47.63205838500889, 49.047419803747026, 49.12066394660691, 48.80987816639272, 48.26128011707334, 47.87171323343814, 48.78318311893013, 49.0594134720328, 48.66895447258353, 48.885544791375565, 49.08347846637401, 49.047728603921904, 49.47547403380294, 49.10119534133403, 47.77374384328637, 48.812516450568765, 48.104818029946, 49.13724928815709, 48.15555380509774, 48.50094068499299, 49.22557380247228, 49.31218663943957, 48.85278178156982, 48.8154438419887, 47.6802747942496, 48.1599012049934, 48.54744277401961, 48.63947364806635, 48.18690516181244, 49.057325972051416, 48.32478246565567, 48.93335306880143, 48.20189281139888, 49.017855646006396, 48.53859320065033, 48.392727126983615, 48.20821472361515, 49.19708704039205, 48.39070914845006, 48.72347028987785, 49.56485775882517, 48.70383935883797, 49.065876490648115, 48.50718536022053, 48.987978214718666, 48.33233655016134, 48.73880878652871, 48.56224843981842, 49.03143080870243, 49.10541483936532]
[47.63205838500889, 49.047419803747026, 49.11738175687202, 48.73503869849249, 48.26128011707334, 47.841282138460954, 48.56902711346065, 49.052658850753026, 48.66895447258353, 48.885544791375565, 49.08347846637401, 49.047728603921904, 49.41029677232738, 49.00270378306648, 47.77374384328637, 48.812516450568765, 48.104818029946, 49.07114818568975, 48.13362227309851, 48.46493603710378, 48.92783654700439, 49.3060393557289, 48.45442103644259, 48.63835441999181, 47.6802747942496, 48.13400079226762, 48.50207151509172, 48.63947364806635, 48.18690516181244, 48.891114368521706, 48.094001952440934, 48.91810868898745, 48.20189281139888, 48.98720466428889, 48.462509219271425, 48.25674896469769, 48.15671743468239, 48.9913521042864, 48.16739507115317, 48.630939383284684, 49.44252186385866, 48.62509512842386, 49.011289824915394, 48.43506506751013, 48.91862228278726, 48.33233655016134, 48.71811480405447, 48.551908672421646, 48.69432680070396, 48.925031147000624]
[47.63205838500889, 48.95419309414238, 49.027830131191216, 48.57367967133184, 48.245842054927415, 47.841282138460954, 48.48707411014202, 49.052658850753026, 48.655284699970366, 48.66745969050966, 49.08347846637401, 48.974809871967366, 49.25555001272375, 48.97524711789971, 47.77086836140419, 48.74338711097038, 48.104818029946, 49.039587581715935, 48.118755623087985, 48.32821619532411, 48.850129056504436, 49.2968476909069, 48.158153448405535, 48.24369640612191, 47.64111223760638, 48.13400079226762, 48.22182980513067, 48.56476795354296, 48.183722518449684, 48.891114368521706, 48.01441162742105, 48.90580108802234, 48.107446312170374, 48.569621650000315, 48.42389515335246, 48.13446582825553, 47.859389451810344, 48.79923790742701, 47.73627702649304, 48.630939383284684, 49.23974930881303, 48.62509512842386, 49.004031096165065, 48.32812226743577, 48.74053598050389, 48.22185529664973, 48.58893207240629, 48.480684491961924, 48.566363387436965, 48.85435602673843]
[47.21853526418896, 48.93855544719092, 49.027830131191216, 48.57367967133184, 48.0619112676776, 47.641572163205936, 48.42613179328384, 48.484386460695, 48.655284699970366, 48.66745969050966, 48.987791225138295, 48.91561204811454, 49.15812527611158, 48.87952648065217, 47.68266632976286, 48.577758431417394, 48.07796784604183, 48.98435640660953, 48.100830135798546, 48.32821619532411, 48.7595016720505, 49.22882450813639, 48.15105788738076, 48.24369640612191, 47.64111223760638, 48.07994284337026, 48.179768213090746, 48.46470137625447, 48.17203638684129, 48.839307244031424, 47.889978077854614, 48.78623737865972, 48.07669516825965, 48.569621650000315, 48.42389515335246, 48.13446582825553, 47.859389451810344, 48.71785096165073, 47.70916828514252, 48.33988068177464, 48.85924704746619, 48.62509512842386, 48.97508004817376, 48.32812226743577, 48.74053598050389, 48.22185529664973, 48.497761879464626, 48.39884500597078, 48.54379521116273, 48.85435602673843]
[47.10493211373973, 48.793591702758285, 48.976018450628246, 48.52499315196435, 47.825996251245805, 47.525363097216704, 48.39370342750795, 48.484386460695, 48.61516869811635, 48.631346809780446, 48.987791225138295, 48.86764938771638, 49.139515291194755, 48.87952648065217, 47.68266632976286, 48.577758431417394, 48.00487504887261, 48.91550363289468, 47.94595752259519, 48.32821619532411, 48.7595016720505, 48.962300774680564, 48.15105788738076, 48.14003395669531, 47.58689087879969, 47.96294048590424, 48.118383215049946, 48.366365344954374, 48.09639238919546, 48.735161951536014, 47.88369615848447, 48.78623737865972, 47.95925157613702, 48.569621650000315, 48.42193575424074, 48.13446582825553, 47.57835606325343, 48.589420012729356, 47.41702340541336, 48.325303208642275, 48.84423517848789, 48.61074024142182, 48.73062382425037, 48.26993794473438, 48.69572175243688, 47.899805828815026, 48.44496766551303, 48.24102015221211, 48.42739953261306, 48.811331284291754]
[47.036016525594114, 48.705655693968126, 48.976018450628246, 48.47433664187598, 47.54339941767076, 47.525363097216704, 48.39370342750795, 48.38913995829102, 48.61338700213448, 48.631346809780446, 48.987791225138295, 48.57291536517693, 49.07084610841558, 48.74790067437611, 47.68266632976286, 48.577758431417394, 47.80308172078661, 48.762353315778206, 47.76312493987295, 48.14107415288724, 48.65470813650733, 48.95357577566588, 47.968817195645, 48.13061130187552, 47.43283190163672, 47.96294048590424, 48.118383215049946, 48.3370859157987, 47.87724336122937, 48.735161951536014, 47.7034252617873, 48.61131282806725, 47.853778081786814, 48.44366412601956, 48.18548807530153, 47.99986240176612, 47.52355590924002, 48.42751659943795, 47.41702340541336, 48.30914170855177, 48.70823334382554, 48.562527637587365, 48.73062382425037, 48.16110146159294, 48.63671477443121, 47.83400698820519, 48.44496766551303, 48.24102015221211, 48.41379477551546, 48.811331284291754]
[46.99545735374432, 48.319623589518436, 48.95477614873134, 48.18065856123762, 47.37037124652001, 47.50454236319594, 48.39370342750795, 48.34762683891189, 48.2529785963272, 48.430290438468674, 48.987791225138295, 48.462162408685806, 48.90747582089954, 48.64393354181935, 47.65810575169955, 48.577758431417394, 47.78251450690491, 48.66635002649586, 47.76312493987295, 47.95323119219593, 48.56929135325295, 48.91682488663716, 47.58390457122748, 48.13061130187552, 47.31101252081165, 47.88897975416754, 48.118383215049946, 48.02956749153118, 47.80449477346953, 48.65663199760678, 47.7034252617873, 48.39460954366173, 47.853778081786814, 48.32451132126939, 48.18548807530153, 47.99986240176612, 47.52355590924002, 48.42751659943795, 47.258962031565446, 47.97085479492199, 48.526091038308, 48.562527637587365, 48.473934733845866, 48.06253515230869, 48.59963469209201, 47.8337279416191, 48.01695093806889, 48.006126004438045, 48.41379477551546, 48.68966504307845]
[46.92744081084645, 48.280480699258476, 48.8878311067177, 48.1552995719861, 47.33372424609934, 47.50454236319594, 48.30148033569927, 48.23746813875959, 48.18254874222124, 48.41040587235484, 48.97704457777088, 48.336849674685155, 48.89855394883442, 48.589989796518935, 47.38989509155844, 48.57246234422643, 47.78251450690491, 48.66635002649586, 47.76312493987295, 47.95323119219593, 48.546367473886264, 48.802477498251726, 47.58390457122748, 48.11779983824074, 47.25176800831698, 47.64035064950342, 48.087535967254496, 47.89822184239785, 47.73255802321492, 48.3080206661436, 47.532055164916656, 48.22435951531655, 47.74756268259117, 48.11031570263558, 48.18548807530153, 47.99986240176612, 47.41009946780931, 48.34231078215801, 47.210713959396216, 47.93076857503628, 48.52442493334975, 48.562527637587365, 48.39572061155393, 48.03809786737031, 48.42017899313315, 47.6170763253338, 47.80991461299019, 47.99950227781609, 48.341003011909045, 48.65717679595026]
[46.83128463919361, 48.2683144897543, 48.86452308613475, 48.06148721581107, 47.2931697404663, 47.48032371019119, 48.30148033569927, 48.13135906843017, 48.11363559351456, 48.36656058631215, 48.97704457777088, 48.23876247850389, 48.89855394883442, 48.589989796518935, 47.38989509155844, 48.34610779180305, 47.78251450690491, 48.55387019329171, 47.6505207436215, 47.61701085849311, 48.43522911699021, 48.65533406820116, 47.563170703571295, 47.77841062170688, 47.0299261526979, 47.51172124481324, 48.087535967254496, 47.89822184239785, 47.73255802321492, 48.29001918012719, 47.49334670690732, 48.22435951531655, 47.64529048945318, 48.05311775722811, 48.11560124920139, 47.93066332640825, 47.37933990076183, 48.17352956575999, 47.051274734039296, 47.93076857503628, 48.513935950924086, 48.38238558466319, 48.092076739162096, 47.67083969652519, 48.42017899313315, 47.473824424806786, 47.63041207214758, 47.99950227781609, 48.341003011909045, 48.65717679595026]
[46.83128463919361, 48.24904519857593, 48.527723484748726, 47.98828390482849, 47.28641175451973, 47.464472515287014, 48.19818049767201, 47.98726141785518, 47.87350435504789, 48.36656058631215, 48.96956852775531, 48.23876247850389, 48.892197971159085, 48.589989796518935, 47.38989509155844, 48.34610779180305, 47.7050628353652, 48.449829970993015, 47.62004546722086, 47.61701085849311, 48.319347793255574, 48.52905883962869, 47.54694707910731, 47.77841062170688, 47.0299261526979, 47.45311610145466, 48.087535967254496, 47.72925255279683, 47.607395689217995, 48.25620640996762, 47.35037501124533, 48.192697433304524, 47.57433888112742, 48.05311775722811, 48.06975165717435, 47.82551558512712, 47.18298114470677, 48.17352956575999, 47.051274734039296, 47.93076857503628, 48.38990316680193, 48.38238558466319, 48.029410095296065, 47.667682551804305, 48.341778465456464, 47.473824424806786, 47.47074680268562, 47.91160500469535, 48.325718260867895, 48.6476343771599]
[46.821392623747805, 48.13526191638808, 48.51125744911919, 47.98828390482849, 47.27715663111648, 47.464472515287014, 48.19818049767201, 47.92308968299726, 47.77398503165948, 48.14312561350019, 48.69760679432232, 47.940520113457055, 48.576620033820014, 48.45075182100164, 47.34859699166511, 48.125604053505356, 47.570786551464906, 48.346802092323195, 47.62004546722086, 47.557610090108696, 48.11561925792587, 48.4585315034743, 47.46486309462575, 47.65718575652324, 46.969545145900724, 47.21291728492652, 48.05180589173132, 47.62192677284574, 47.607395689217995, 47.94798879076882, 47.35037501124533, 48.00970380367586, 47.57433888112742, 48.05311775722811, 47.80177186026173, 47.634779008644784, 47.18298114470677, 48.03813435933755, 47.03404598182441, 47.93076857503628, 48.37074209734358, 48.23625287988125, 47.859688658963606, 47.4267372863096, 48.20256067525302, 47.26364736817379, 47.314840681075005, 47.86508249220443, 48.085648631407715, 48.569354575069354]
[46.821392623747805, 48.111979128415065, 48.51125744911919, 47.97232273778447, 47.2750319484977, 47.46362309794388, 48.19818049767201, 47.92308968299726, 47.60126154011042, 48.02084219478173, 48.48694373748695, 47.80218555285545, 48.42119637935345, 48.35213759562102, 47.177840590756276, 48.06281450932117, 47.56637038040584, 48.346802092323195, 47.62004546722086, 47.453897990090844, 48.11561925792587, 48.4585315034743, 47.450051792880345, 47.65718575652324, 46.93631324871245, 47.1111145528201, 47.84213776826972, 47.62192677284574, 47.37693499310866, 47.94798879076882, 47.35037501124533, 47.65268884099379, 47.433720738824455, 47.960298698377194, 47.689934620627874, 47.50967489285783, 46.933710140869366, 47.92050487204528, 46.948851555328346, 47.82095733329591, 48.37074209734358, 48.185130883058555, 47.859688658963606, 47.07923543312467, 48.10931211031124, 47.19708571776101, 47.314840681075005, 47.82944111473481, 48.085648631407715, 48.400036207009705]
[46.66723806289341, 47.84739302860727, 48.43139560219264, 47.934151344622016, 47.20559702222212, 47.37843165319695, 48.136279175536885, 47.92308968299726, 47.525905712169, 48.02084219478173, 48.23077821723071, 47.746818331020634, 48.34198062198096, 48.143260605219766, 47.01112354246335, 47.952572077693524, 47.56637038040584, 48.29275088660272, 47.5708946091856, 47.38738544941596, 48.068710420538416, 48.4585315034743, 47.353045637300156, 47.42969419109244, 46.88986154575059, 46.98388229306193, 47.806952104155265, 47.62192677284574, 47.351305588533585, 47.94798879076882, 47.31286425623194, 47.65268884099379, 47.25803450040647, 47.960298698377194, 47.54621556526262, 47.38697008382015, 46.88017736829693, 47.60060084715728, 46.78214522129579, 47.82095733329591, 48.31891249545681, 48.184250464069244, 47.859688658963606, 47.07923543312467, 48.09242262964322, 47.09717883162319, 47.314840681075005, 47.67091027170684, 48.05107556115227, 48.385991085547985]
[46.60084668060622, 47.84739302860727, 48.35608491109254, 47.81569642860923, 47.11945285215688, 47.3552590503479, 48.072165402117854, 47.92308968299726, 47.525905712169, 48.02084219478173, 48.23077821723071, 47.736850335007205, 48.29794228643604, 48.1110828012297, 46.92108221337941, 47.920755537179005, 47.39388899814154, 47.79220859366451, 47.283054837962496, 47.291971755433266, 48.0404853551964, 48.4585315034743, 47.174507396291524, 46.9800846986757, 46.88986154575059, 46.98388229306193, 47.806952104155265, 47.60800933899592, 47.335004355685314, 47.94798879076882, 47.30856381337462, 47.65268884099379, 47.25021099449999, 47.67825187887064, 47.38399012448268, 47.38697008382015, 46.80381377504192, 47.60060084715728, 46.65790855024622, 47.76219484858609, 48.31891249545681, 47.99361641844124, 47.859688658963606, 46.969389317544156, 48.07823250644334, 47.07478145826514, 47.24752094859823, 47.63804340428884, 47.995762241155134, 48.323459947902805]
[46.48679930250571, 47.82723270954578, 48.28711229317334, 47.75432504552934, 46.80324346078807, 47.34996518284858, 47.82130920015614, 47.83460677504333, 47.331944860333735, 47.97716488895883, 48.127098448197124, 47.58926022455334, 48.21645908396727, 47.931133398344556, 46.912734820572766, 47.68209771408145, 47.203020530137636, 47.76114419524221, 47.283054837962496, 47.23062772905929, 47.97842916449814, 48.41787332314848, 47.01098140228082, 46.94434664041868, 46.88986154575059, 46.84904654737736, 47.675853702525544, 47.58314285191166, 47.22229572179116, 47.94798879076882, 47.25890599369448, 47.619998866612974, 46.83173079953027, 47.67825187887064, 47.38375195066437, 47.38697008382015, 46.80381377504192, 47.60060084715728, 46.523476586987385, 47.709053880935656, 48.23448396234981, 47.99361641844124, 47.859688658963606, 46.938861883049626, 48.02337670788527, 47.067326640701715, 47.11594736214438, 47.63804340428884, 47.938588649589846, 48.23577388888525]
[46.22849456798867, 47.76140013634536, 48.274346641027485, 47.72131608326756, 46.66658470738891, 47.28527331481323, 47.67643193443801, 47.83460677504333, 47.108243992682134, 47.84873476933312, 47.959995380425816, 47.58926022455334, 48.11370719253475, 47.931133398344556, 46.90710966331067, 47.66764258284037, 47.114068267917574, 47.54162579541772, 47.283054837962496, 47.2190386906316, 47.969556891218254, 48.41787332314848, 47.01098140228082, 46.94434664041868, 46.88986154575059, 46.847276626085645, 47.672362146151386, 47.38826350072483, 47.10024681904649, 47.86688946234673, 47.25388327888714, 47.447107909593115, 46.72869901674606, 47.67825187887064, 47.172085789810936, 47.290083625111265, 46.80381377504192, 47.350835802885385, 46.523476586987385, 47.708685244739044, 48.07704433511833, 47.6836521425614, 47.85327187269596, 46.8784806282478, 48.01410159657022, 47.0669723311518, 47.11594736214438, 47.28860893142458, 47.938588649589846, 48.23577388888525]
[46.06641272598928, 47.64509623428903, 48.274346641027485, 47.285496403211546, 46.339087762369374, 47.170263904521704, 47.67643193443801, 47.76663564243767, 47.085902713544435, 47.84873476933312, 47.80833456713493, 47.58926022455334, 48.00917009199976, 47.72575966368386, 46.83948652150727, 47.58370304952886, 47.114068267917574, 47.54162579541772, 47.283054837962496, 47.187641778728405, 47.969556891218254, 48.40992278867221, 46.92706366356704, 46.91008352224079, 46.84014223287642, 46.847276626085645, 47.4032979935247, 47.38826350072483, 47.10024681904649, 47.72484851497907, 47.21675095627445, 47.447107909593115, 46.72869901674606, 47.61373506492093, 46.95247895204568, 47.24573844543489, 46.80381377504192, 47.29495067188279, 46.523476586987385, 47.708685244739044, 47.75814412441839, 47.44071877408409, 47.85327187269596, 46.8784806282478, 47.95097751106757, 46.73467945700288, 47.11594736214438, 47.057370376252585, 47.70731456911827, 48.085824214797405]
[46.04642384181703, 47.64509623428903, 48.274346641027485, 47.285496403211546, 46.20140202497855, 47.10571500139575, 47.55263483728677, 47.76663564243767, 47.085902713544435, 47.71349671841351, 47.80833456713493, 47.55164084004682, 47.85413288929744, 47.72575966368386, 46.55398006597443, 47.558894465581716, 46.514341916353445, 47.312304132861314, 47.283054837962496, 46.845105122838675, 47.939251411960434, 48.35827351520413, 46.92706366356704, 46.91008352224079, 46.75609061352161, 46.66184503551425, 47.248209123388854, 47.15156742904887, 46.84036895128682, 47.62264002446214, 47.02364936385444, 47.447107909593115, 46.69358159575812, 47.61373506492093, 46.89751719867977, 47.24573844543489, 46.67349616432649, 47.245643772534535, 46.523476586987385, 47.708685244739044, 47.71661383582754, 47.308940739718764, 47.85327187269596, 46.738454160096396, 47.93469606503595, 46.732613516496755, 47.11594736214438, 47.00869757258353, 47.70731456911827, 47.89536003877109]
[46.00863338838049, 47.38506212200677, 48.092436816168956, 47.27096682299366, 46.153330840577595, 46.99130765061344, 47.51764163345663, 47.654318903486775, 47.085902713544435, 47.701933076703895, 47.471656745770176, 47.55164084004682, 47.85413288929744, 47.7064718900934, 46.42436307907831, 47.4904832859588, 46.514341916353445, 47.312304132861314, 47.140377355574515, 46.826264133836204, 47.939251411960434, 48.308268728827656, 46.86572541089238, 46.70246310966162, 46.75609061352161, 46.66184503551425, 47.248209123388854, 46.84550359662803, 46.76126243858972, 47.62264002446214, 46.960563789414834, 47.237432059830994, 46.6926674804821, 47.57753220370759, 46.89751719867977, 47.11453621418568, 46.67349616432649, 47.160163838843296, 46.523476586987385, 47.704959974807416, 47.5848230975556, 47.30508674856598, 47.72385425627996, 46.70264856892429, 47.76335381320397, 46.422532261996636, 46.99343920292185, 47.00869757258353, 47.62111323188877, 47.89536003877109]
[45.928188293806706, 47.3669233137378, 48.00035572202485, 47.267689752916766, 46.13214780750722, 46.9907105831215, 47.49213227999651, 47.63938969738962, 46.94571973992379, 47.64725117596155, 47.31823388667954, 47.43984059563353, 47.85413288929744, 47.7064718900934, 46.410143112348955, 47.233531513805545, 46.507892124706615, 47.05036710877112, 47.08722310509685, 46.617301163606086, 47.86440548454082, 48.23942822899979, 46.78614793917054, 46.572093458810286, 46.59022411898204, 46.62919890988295, 47.11205615802494, 46.84550359662803, 46.7006837108001, 47.62264002446214, 46.8600079016061, 46.84551824947343, 46.63733282462431, 47.5636580800181, 46.89751719867977, 47.11453621418568, 46.53506573259922, 47.14482161855366, 46.50360119962182, 47.62817776797103, 47.53254181837068, 47.277514015342796, 47.480758728880545, 46.61577834941147, 47.50050733029322, 46.33722310164471, 46.877145752062056, 46.96222399572774, 47.52789079586553, 47.72127562645961]
[45.842390297870985, 47.3669233137378, 48.00035572202485, 47.2237627819707, 46.13214780750722, 46.9907105831215, 47.37029115869416, 47.63938969738962, 46.94571973992379, 47.62332435602251, 47.25183913963918, 47.39494317469615, 47.85413288929744, 47.68960126710829, 46.26105958946694, 47.2027520963094, 46.35750422905281, 47.05036710877112, 47.04816094717047, 46.617301163606086, 47.66927997893155, 48.217993186510185, 46.72191942282463, 46.53161188664602, 46.390711733727414, 46.598783808856, 47.00237343085121, 46.84550359662803, 46.53908579864554, 47.55754748627589, 46.84177223981874, 46.55908228668221, 46.636066141488094, 47.479925338829716, 46.72391782556194, 46.989769810972504, 46.53506573259922, 47.14482161855366, 46.49487737213576, 47.59262142413673, 47.38404880641377, 47.20262208726674, 47.40799239651999, 46.60925130648619, 47.50050733029322, 46.07815451605749, 46.877145752062056, 46.86313633717768, 47.38732630521608, 47.72127562645961]
[45.622800185880884, 47.3669233137378, 48.00035572202485, 47.18612543786487, 46.12767903620335, 46.97466883672131, 47.25292132432133, 47.52137839096582, 46.87587070061954, 47.590742195170954, 47.025434918068655, 47.1570966414281, 47.84620705077921, 47.624598517469316, 45.91021867715166, 47.196042936837614, 46.1957079379125, 47.03895048308871, 47.00779360395415, 46.55736390903003, 47.660464490817354, 48.03770672125194, 46.63152292674136, 46.227239765278355, 46.318960575085626, 46.51015084830918, 46.802713912934905, 46.78089438726822, 46.469227115832204, 47.55754748627589, 46.84177223981874, 46.481460107487024, 46.25877104721803, 47.122921150363815, 46.72391782556194, 46.989769810972504, 46.25987225292987, 46.87662987221563, 46.23263705945681, 47.37191348700027, 46.98798082891849, 47.20262208726674, 47.40799239651999, 46.586807037886956, 47.47597912666923, 46.07815451605749, 46.66836361851136, 46.86313633717768, 47.368868858341756, 47.480463257722015]
[45.54914344430949, 47.34092611650021, 47.409819001668964, 47.13160205924814, 46.028559178028594, 46.72172257452447, 47.098647396883486, 47.35783435904815, 46.87587070061954, 47.57564034146391, 46.95188973207005, 46.99380668486608, 47.50141565653455, 47.624598517469316, 45.763137998620586, 46.865753868474414, 46.1957079379125, 47.03895048308871, 46.94075198138542, 46.550512025309295, 47.534633085667856, 48.03770672125194, 46.56184844686966, 46.03854343756277, 46.22143811121316, 46.40627774076763, 46.75326384954398, 46.6403311817413, 46.43894903574633, 47.32787994633641, 46.68502064813269, 46.3525386737554, 46.20348309660515, 47.09693250082231, 46.72391782556194, 46.989769810972504, 46.25987225292987, 46.80538135109097, 46.23263705945681, 47.37191348700027, 46.814302457493554, 47.06364480534805, 47.40799239651999, 46.505465838990276, 47.47597912666923, 45.89390594725022, 46.6522319067978, 46.752331137975716, 47.32483702064166, 47.480463257722015]
[45.54914344430949, 47.31465955953562, 47.409819001668964, 46.863608986062815, 45.82774974480512, 46.68749289776633, 46.97819461500781, 47.12192675843395, 46.87587070061954, 47.4742873817358, 46.791322798731116, 46.99380668486608, 47.362774082719326, 47.53571346241991, 45.763137998620586, 46.65708243999783, 46.14788053158232, 46.88556426112625, 46.67435205482476, 46.442667940505125, 47.519810601077445, 47.867344150782664, 46.54916590229231, 45.940867769574055, 46.053039478517576, 46.40627774076763, 46.75326384954398, 46.55484345464877, 46.43894903574633, 47.22606780166031, 46.37819166788921, 46.350481078453896, 46.20348309660515, 47.05416524070462, 46.72391782556194, 46.84719404351266, 46.13725745156886, 46.68791435441003, 46.228242491637914, 47.14988374230572, 46.81272630609618, 47.06364480534805, 47.26732632604704, 46.42774858004098, 47.38847232265366, 45.89390594725022, 46.557119513960146, 46.43584148543199, 47.300295558131964, 47.257762764325754]
[45.54914344430949, 47.19321486108775, 47.386920721320564, 46.80502295235809, 45.72437702213128, 46.46375433763317, 46.97819461500781, 47.11476715528244, 46.67032399822775, 47.446055672415916, 46.791322798731116, 46.93811788950116, 47.362774082719326, 47.42399377783553, 45.63590841518642, 46.65708243999783, 46.094964128219104, 46.38198758479426, 46.57899792176263, 46.403261678155715, 47.45742828963971, 47.867344150782664, 46.54916590229231, 45.818099391867904, 45.807672953025325, 46.38491930550844, 46.721548903463614, 46.55484345464877, 46.37961996315492, 47.197903467070326, 46.215230792828166, 46.350481078453896, 46.09467359048084, 46.94635254803181, 46.60077678128973, 46.80171811269072, 46.11823447974707, 46.68791435441003, 46.228242491637914, 46.959181810481645, 46.773922751102006, 46.638772447761546, 47.17825480772582, 46.343690525610135, 47.16887433312026, 45.874947355283496, 46.51649411227625, 46.43584148543199, 47.300295558131964, 47.14611667676885]
[45.47481358973957, 47.16104537783211, 47.34944283590769, 46.80436489298252, 45.72437702213128, 46.44659782019971, 46.713158457822956, 46.96593943414648, 46.536271433939895, 47.337301888010636, 46.59731134025509, 46.83910321641136, 47.362774082719326, 47.41213494658266, 45.498085942591885, 46.53413640815086, 46.06889841534384, 46.29564320851619, 46.56800074186496, 46.30014184410663, 47.45742828963971, 47.6372067175667, 46.32024371673829, 45.796952621317836, 45.807672953025325, 46.11575966337645, 46.721548903463614, 46.50294394066212, 46.22996921420231, 47.06591688491549, 46.1948049270262, 46.275377281568424, 46.087338279012975, 46.94635254803181, 46.499341141303205, 46.80171811269072, 45.95956340134997, 46.645144372035524, 46.15975218722231, 46.88270561012156, 46.773922751102006, 46.638772447761546, 47.17596230305117, 46.343690525610135, 46.904802480926406, 45.71906493848773, 46.280639607634924, 46.2561321769586, 47.07312867820976, 47.14385928710495]
[45.2137986104037, 47.021598638726424, 47.27829110602993, 46.71879485977577, 45.49143449364382, 46.34356419071137, 46.51149465525058, 46.788421126893965, 46.466561757992665, 47.2649448123779, 46.59731134025509, 46.78491002202254, 47.012002923065744, 47.3773745769613, 45.253095050847264, 46.29187432220375, 46.00293031631539, 46.29564320851619, 46.56800074186496, 46.22207124465211, 47.328237196517314, 47.47754100229996, 46.13605902149429, 45.72874918301828, 45.807672953025325, 45.75853138654988, 46.58504987460711, 46.39583864032936, 46.22996921420231, 47.03096154037189, 46.1948049270262, 46.133133902832284, 46.08147121615998, 46.859160821610445, 46.499341141303205, 46.68233396930466, 45.95844443679139, 46.645144372035524, 46.154762427217165, 46.85515934956224, 46.76799823839482, 46.4262932484276, 46.90298817551939, 46.089513389465516, 46.789179300426824, 45.71906493848773, 46.280639607634924, 46.2561321769586, 47.07312867820976, 47.14385928710495]
[45.17330236805806, 46.83687793366382, 47.27829110602993, 46.61058696844547, 45.43669775676702, 46.27439748837621, 46.38868199952585, 46.788421126893965, 46.23581803051913, 47.20167936192355, 46.48981879196474, 46.721602068699774, 46.97069041194094, 47.3773745769613, 45.253095050847264, 46.20258799824701, 45.91861342957825, 46.10898965732141, 46.39880395502429, 46.14020775278091, 47.27339576501768, 47.05250554935221, 46.13605902149429, 45.58955769967862, 45.807672953025325, 45.7117920314689, 46.539170576014904, 46.39583864032936, 46.22996921420231, 47.03096154037189, 46.01310332757631, 46.06352631510687, 45.91180952780654, 46.83792279177814, 46.393804687501714, 46.65834180452997, 45.860682786294696, 46.587932679726904, 45.81212377492729, 46.5861436067178, 46.737120536513885, 46.27407251707641, 46.7030164051814, 45.930586400217685, 46.789179300426824, 45.705059626612965, 46.280639607634924, 46.22518575386762, 47.041119601103695, 47.138608846245475]
[45.17330236805806, 46.80781853760455, 47.23524725083992, 46.492360582913, 45.43669775676702, 46.2222624986139, 46.26285406860702, 46.762535274841596, 46.16040905882947, 47.160970685271295, 46.47107278733658, 46.6270143373393, 46.78046859091475, 47.27797485445916, 45.253095050847264, 46.16613676665082, 45.87206267035107, 46.10898965732141, 46.30581605667455, 46.07434786460976, 47.27339576501768, 47.05250554935221, 46.06027589594971, 45.58955769967862, 45.51007509115078, 45.6977176524009, 46.516801462279815, 46.247950730158166, 46.129362927508694, 46.86918582771561, 45.81926994347701, 46.05759840153633, 45.91180952780654, 46.49889250091669, 46.313996681618974, 46.65834180452997, 45.85550223350674, 46.47145601228978, 45.35461835770532, 46.50771623989679, 46.715599318716215, 46.255470985364, 46.7030164051814, 45.89150988964333, 46.67719273468759, 45.70042009161301, 46.280639607634924, 46.22518575386762, 47.041119601103695, 46.98933517527369]
[45.17330236805806, 46.72842342879996, 47.17168810043726, 46.35317889867689, 45.13736789929333, 46.12978352835359, 46.249634753598585, 46.698627744855806, 46.16040905882947, 47.07772530909551, 46.47107278733658, 46.55935249971368, 46.69370444355939, 47.140646068441626, 45.21670537385696, 46.036389903640966, 45.83335050298668, 46.02950081157394, 46.26049555751598, 46.07434786460976, 47.090306450303174, 47.04809859325103, 46.010760319001754, 45.42463602503659, 45.51007509115078, 45.6977176524009, 46.27827082521199, 46.219432024091894, 46.109401111861004, 46.704964823843305, 45.73043039068256, 46.05269142041185, 45.86358630878798, 46.49889250091669, 46.183595048818475, 46.63670074555307, 45.60388829359998, 46.244471722397954, 45.35461835770532, 46.37803467748902, 46.715599318716215, 46.0319246505909, 46.55212016052015, 45.855360956632005, 46.55706190703954, 45.46123573796412, 46.020449028849406, 46.22518575386762, 46.92035334312014, 46.98933517527369]
[45.06430595811614, 46.54162373695325, 47.09167575938686, 46.35317889867689, 45.10843471979862, 46.12978352835359, 46.249634753598585, 46.621687768314374, 46.16040905882947, 47.07772530909551, 46.37118194223945, 46.49367443655315, 46.51316427980526, 47.069209497604234, 45.130472814315155, 46.03197918554557, 45.68766666508592, 45.961552663899965, 46.11563150032267, 45.97698677538748, 46.882122161122446, 46.96284813289558, 45.987374027857754, 45.40833012482839, 45.36829245013901, 45.38411168330714, 46.22061942346187, 46.219432024091894, 46.0418324848725, 46.60742941480056, 45.57950268210109, 46.04255681288639, 45.86358630878798, 46.29170138170921, 46.183595048818475, 46.63670074555307, 45.52845849194741, 46.244471722397954, 45.33244705640403, 46.15631752926838, 46.51466253577971, 45.590898937512456, 46.41684740219283, 45.855360956632005, 46.50368423379527, 45.38782221044801, 45.95807082138161, 46.22518575386762, 46.92035334312014, 46.895553682513494]
[45.00411635684762, 46.54162373695325, 47.00433853729466, 46.18739774217668, 45.10843471979862, 46.12978352835359, 46.249634753598585, 46.60646385402673, 45.86681980225499, 46.957080766490265, 46.37118194223945, 46.26718519341913, 46.366911070249145, 47.03776841809385, 45.130472814315155, 45.77266496151465, 45.51757873894005, 45.83384961029429, 46.10678510467882, 45.95850950378856, 46.8088001004752, 46.96284813289558, 45.9726730483748, 45.33134035930429, 45.36829245013901, 45.36419636173879, 45.90799900903791, 46.04116922568197, 46.007229685660995, 46.32481131441314, 45.57496374563799, 46.040610197918824, 45.84481441083034, 46.05210034759402, 46.183595048818475, 46.58329751845463, 45.52845849194741, 46.221414419981315, 44.861651457816556, 46.02485249357575, 46.28195528002025, 45.50508329413366, 46.41684740219283, 45.82425599136505, 46.49608468033296, 45.38782221044801, 45.953959374424294, 46.22518575386762, 46.88513755783513, 46.74940722356847]
[44.967765030071085, 46.43924101523552, 46.937725845228464, 45.861341212780346, 45.10843471979862, 45.95776712187113, 46.1451982517474, 46.40010376628622, 45.683357741647356, 46.87788420917637, 46.322631866583215, 46.07345283004129, 46.205653142921356, 47.02464246154184, 45.130472814315155, 45.77266496151465, 45.51757873894005, 45.67760915640625, 46.066037732461204, 45.897945003112696, 46.786073521529836, 46.93476815458298, 45.92797958785536, 45.28020059932102, 45.22893118131587, 45.36419636173879, 45.826467943626504, 46.01144105213869, 46.007229685660995, 46.32481131441314, 45.53638618688484, 45.9692906215708, 45.839459767516914, 45.990091331450536, 46.183595048818475, 46.42340439436092, 45.293015613925434, 46.221414419981315, 44.861651457816556, 45.83562009168668, 46.28195528002025, 45.38075519723653, 46.41684740219283, 45.79117710440549, 46.49608468033296, 45.22165347939555, 45.953959374424294, 46.10307574047572, 46.82874440471689, 46.51135733064693]
[44.967765030071085, 46.39764458051252, 46.78354084343265, 45.662984728420405, 44.91360591762411, 45.776459633874424, 46.1451982517474, 46.27930674155029, 45.683357741647356, 46.773746037607395, 46.3135150948503, 46.03416002661229, 46.13450224840806, 46.727060806752185, 45.130472814315155, 45.67331462549354, 45.51625933862838, 45.613105933623885, 45.918215986089386, 45.63028483849722, 46.71350666563291, 46.908491056238816, 45.92797958785536, 45.262855701312745, 45.22893118131587, 45.34791304444644, 45.72409509552527, 46.01144105213869, 45.902145799090995, 46.32481131441314, 45.53638618688484, 45.93651574043509, 45.838796543793705, 45.81999292228761, 46.183595048818475, 46.41063040756511, 45.1806047031677, 46.221414419981315, 44.550933511913726, 45.781000356033914, 46.062010294028276, 45.33807477798201, 46.32922603654843, 45.79117710440549, 46.41598742511654, 45.22031608721151, 45.953959374424294, 45.98882138048264, 46.64203820279235, 46.47512103167337]
[44.91989424098462, 46.31282196259177, 46.74976364461813, 45.575442863353146, 44.91360591762411, 45.7732614490885, 46.1451982517474, 46.1409230278826, 45.67456338285356, 46.70592354091734, 46.3135150948503, 45.8679905114825, 46.10532518262262, 46.41831315089687, 45.11847745904958, 45.43915841762562, 45.49732478684787, 45.52800793179385, 45.918215986089386, 45.41449224479341, 46.70142610930348, 46.85297430940563, 45.92797958785536, 45.262855701312745, 45.19335380170198, 45.329579541999216, 45.72187842719881, 45.89884030553122, 45.844615730140305, 46.108105887608545, 45.47235247547659, 45.93651574043509, 45.63674616966709, 45.67031890153962, 46.183595048818475, 46.41063040756511, 45.01771828177846, 46.16501249324896, 44.550933511913726, 45.76122203691488, 45.971796638720164, 45.33807477798201, 46.066785747299235, 45.79117710440549, 46.30865189594737, 45.07338070237288, 45.53010842127698, 45.98516307077064, 46.64203820279235, 46.47512103167337]
[44.91989424098462, 46.31282196259177, 46.46123372810003, 45.541795842299265, 44.91360591762411, 45.7732614490885, 45.982780403550215, 46.1409230278826, 45.53275270789534, 46.44778651893874, 46.286859319849086, 45.84225232407783, 46.02162864088539, 46.248687671604124, 45.11579388578156, 45.43915841762562, 45.34201782884661, 45.52800793179385, 45.899438725067114, 45.41449224479341, 46.70142610930348, 46.812489804973055, 45.873975458602814, 45.262855701312745, 45.19335380170198, 45.07943909154683, 45.72187842719881, 45.86680648301266, 45.66004814186907, 45.965728046919175, 45.126333527034745, 45.817454651746075, 45.63674616966709, 45.668798996007276, 45.89484937045966, 46.2194866982126, 44.997605213851116, 45.86350456551747, 44.518727147152575, 45.74740870459006, 45.971796638720164, 45.207959546258444, 45.92884800504278, 45.60112555931273, 46.26719729428421, 44.986685124352434, 45.53010842127698, 45.91320966894166, 46.553653129835666, 46.47512103167337]
[44.91989424098462, 46.307117959780356, 46.265096332639736, 45.53987280910214, 44.91360591762411, 45.73490895620036, 45.88377632414718, 46.09738896536189, 45.53275270789534, 46.38688594575622, 45.95291414002996, 45.749272773933185, 46.02162864088539, 46.13950448940238, 45.11579388578156, 45.40087324839764, 45.21011306311051, 45.4915931182578, 45.844661540919894, 45.345426178490904, 46.63717362995646, 46.79106955140661, 45.8655587626116, 45.15504171563788, 45.17631582305548, 45.07943909154683, 45.45268618480664, 45.79760954151709, 45.66004814186907, 45.43110631257578, 45.126333527034745, 45.753970162003874, 45.477287343484946, 45.617329768416745, 45.85839583327837, 46.2194866982126, 44.997605213851116, 45.84115213287366, 44.47968832637267, 45.65520369532088, 45.971796638720164, 45.0861641267653, 45.88258622628936, 45.37466241042442, 46.120486068770546, 44.93221881206584, 45.38746006453071, 45.91320966894166, 46.31996704538308, 46.34296886154294]
[44.91989424098462, 46.192614353974406, 46.23299710238736, 45.49791635388283, 44.774465675452625, 45.59215675051145, 45.88377632414718, 46.08578531322844, 45.48249732024863, 46.35826287397559, 45.95291414002996, 45.749272773933185, 45.96869095755189, 45.86873376594845, 45.031260192043426, 45.366414796055835, 44.78920152370007, 45.413888316030445, 45.844661540919894, 45.33158544547151, 46.347547207784444, 46.41861058463268, 45.68490945807514, 45.15504171563788, 45.17631582305548, 45.070396937038666, 45.44589603122096, 45.726997551690125, 45.6098156757372, 45.43110631257578, 44.97563335441701, 45.68229112873731, 45.318260283844026, 45.48950743597074, 45.761528644722304, 46.204464818361885, 44.997605213851116, 45.634815978062804, 44.47968832637267, 45.47881184234762, 45.971796638720164, 45.0861641267653, 45.80670700450923, 45.06011093576073, 46.107738161914334, 44.93221881206584, 45.258280037697695, 45.878743834182885, 46.304011903755864, 46.32707100307543]
[44.83808498618381, 46.00794912571447, 46.220207692124276, 45.49642211380095, 44.774465675452625, 45.504704786133644, 45.83851610314692, 45.86304916509914, 45.437776854955175, 46.244894435734444, 45.797510800180746, 45.726349139341, 45.93171054649106, 45.86556507407194, 45.031260192043426, 45.28887002844105, 44.75188796461871, 45.4065412252425, 45.31585088770355, 45.32807596791829, 46.347547207784444, 46.18974664086311, 45.37860387451907, 45.05814935700532, 44.9216371901257, 45.04021939645735, 45.44589603122096, 45.70059993779542, 45.58723320683168, 45.232129864514846, 44.92332330720443, 45.63436003684387, 45.171108980661124, 45.48950743597074, 45.57011895732902, 46.12941454230033, 44.98757174662833, 45.634815978062804, 44.37689934267064, 45.39638064433312, 45.92817805937686, 44.906350837493, 45.44027184842891, 44.95240179823808, 46.03572353131116, 44.666508285895056, 45.25610262682535, 45.74574586686514, 46.12210395912588, 46.32707100307543]
[44.696460866367964, 45.99522109075562, 46.220207692124276, 45.48386770843105, 44.7610221323109, 45.34402932574993, 45.77161950319841, 45.840759324280654, 45.38064852564626, 46.175456040121105, 45.66752079375008, 45.6626435866583, 45.87646661229948, 45.86556507407194, 44.77677831562771, 45.28887002844105, 44.72397918917352, 45.4065412252425, 45.25703060953846, 45.32807596791829, 46.10407280385903, 46.1523417206185, 45.18156504404724, 44.985995688468684, 44.9216371901257, 45.04021939645735, 45.44589603122096, 45.70059993779542, 45.49952662011006, 45.13217794646979, 44.92332330720443, 45.581190537984554, 45.10770923210781, 45.45402063220998, 45.57011895732902, 46.12941454230033, 44.98757174662833, 45.60800792938526, 44.37689934267064, 45.3175328076217, 45.6892031373268, 44.906350837493, 45.44027184842891, 44.65710856733257, 46.00106928179869, 44.5824299038545, 45.14036136337832, 45.74574586686514, 45.803244618932666, 46.278622451169575]
[44.68979010267422, 45.87090382605511, 46.18712608020125, 45.48386770843105, 44.616952857420294, 45.34402932574993, 45.77161950319841, 45.545138305595614, 45.18833049296775, 46.14483212652643, 45.57798582431805, 45.6626435866583, 45.79638012001463, 45.7982543169631, 44.75985016415015, 45.28425426240343, 44.72397918917352, 45.4065412252425, 45.25703060953846, 45.26923720532193, 45.83913825868438, 46.02429350808505, 45.18156504404724, 44.84225335329947, 44.76973234734531, 44.978291461686645, 45.44589603122096, 45.57318575154998, 45.49952662011006, 45.13217794646979, 44.756363919776376, 45.517942958833785, 45.037992756469585, 45.45402063220998, 45.5531970938719, 46.0738232146109, 44.98348747466328, 45.59127337567926, 44.37689934267064, 45.00001134475947, 45.473223384502134, 44.866872266226046, 45.35836911455542, 44.57895267321821, 45.98046774092899, 44.5824299038545, 45.04889915779927, 45.396223029043945, 45.587515237119284, 46.25595086795918]
[44.510224755274535, 45.87090382605511, 46.18712608020125, 45.423282734914025, 44.616952857420294, 45.24184192469535, 45.66370370897457, 45.52709619427288, 45.18833049296775, 46.14483212652643, 45.297079181507684, 45.63065742669919, 45.68200319611308, 45.76886304556752, 44.734123878725896, 45.14614844348317, 44.71657896981691, 45.4065412252425, 45.16440328203525, 45.064884186412634, 45.83913825868438, 46.02429350808505, 45.18156504404724, 44.804900800603896, 44.69867568808984, 44.889870255566315, 45.25060398802406, 45.17769595901846, 45.359619515282766, 45.07583236803201, 44.756363919776376, 45.39845578616501, 44.957137030752875, 45.35074861818416, 45.5531970938719, 45.799302406403534, 44.98348747466328, 45.59012337581714, 44.37189468701039, 44.72041231749687, 45.432350867636934, 44.866872266226046, 45.31501550347922, 44.50676609629063, 45.98046774092899, 44.54122880191825, 45.02089260699306, 45.297639544539464, 45.587515237119284, 46.23356290781206]
[44.510224755274535, 45.78284996465735, 46.077134137903954, 45.38899603276908, 44.51534998797497, 45.24184192469535, 45.6482524278146, 45.3236101934805, 44.939121539240475, 46.14483212652643, 45.297079181507684, 45.62179887352923, 45.68200319611308, 45.66228391177455, 44.67730705767032, 45.06991505178682, 44.71657896981691, 45.4065412252425, 44.99807677573713, 44.9519140854418, 45.57121292810544, 45.764649245250375, 45.046528312282945, 44.77009559495965, 44.69867568808984, 44.889870255566315, 45.25060398802406, 45.17769595901846, 45.273828508611516, 44.96415718148866, 44.69036025739011, 45.39845578616501, 44.957137030752875, 45.1985491480877, 45.48360603374966, 45.50865987660379, 44.98348747466328, 45.51314925324347, 44.37189468701039, 44.72041231749687, 45.361697865818215, 44.81970373077831, 45.216085405192516, 44.470355041162904, 45.98046774092899, 44.54122880191825, 45.008204274631666, 45.297639544539464, 45.446726912235896, 46.13357236991337]
[44.25601317867444, 45.473512445862575, 45.92991906958885, 45.38899603276908, 44.51534998797497, 45.24184192469535, 45.6482524278146, 45.10326452404105, 44.939121539240475, 45.99873887781702, 45.27234826388765, 45.4916791100209, 45.51096611176507, 45.59682833239968, 44.64100460122558, 45.06991505178682, 44.55409154085919, 45.17846027557339, 44.99807677573713, 44.9519140854418, 45.448044886220984, 45.764649245250375, 45.046528312282945, 44.66884087424944, 44.27099143163173, 44.889870255566315, 45.12650439080751, 45.17769595901846, 45.26279366085099, 44.96415718148866, 44.642960150362505, 45.39845578616501, 44.83028856193091, 45.1985491480877, 45.45799559661652, 45.504485433992485, 44.88799463919854, 45.46008953955311, 44.33905669804542, 44.72041231749687, 45.35777591237587, 44.785145439486215, 45.052463530878036, 44.35695212552456, 45.98046774092899, 44.53913381593542, 44.881630154371365, 45.20393166661003, 45.41063844323511, 46.0670703094089]
[44.23651750636977, 45.25012815035723, 45.61475839708337, 45.11482968299927, 44.46872249173099, 45.09426376360807, 45.5437138882003, 45.023375160124104, 44.859797033388624, 45.96620580414999, 45.10229996817444, 45.155594696500565, 45.51096611176507, 45.59682833239968, 44.64100460122558, 44.51835608334916, 44.47220857503661, 45.15577130066844, 44.928024920103816, 44.9519140854418, 45.30281177507162, 45.60525806933795, 45.0386262255622, 44.62593103506165, 44.072183207072506, 44.78047005868213, 45.11162581780917, 44.732399407110506, 45.26279366085099, 44.94585869546378, 44.642960150362505, 45.208675579718644, 44.721309231093, 45.1985491480877, 45.45397523677609, 45.326397430605866, 44.740276612842564, 45.42975514625148, 44.294927438570696, 44.71926752786698, 45.303773878883554, 44.76042444523494, 44.95410637289838, 44.30530389897262, 45.95327017504485, 44.31968064561421, 44.623991525705655, 45.20393166661003, 45.38476196476076, 45.77397257410717]
[44.23651750636977, 45.14235249585586, 45.61475839708337, 44.93940575200482, 44.436548714030884, 44.90737686320879, 45.39580301864626, 45.023375160124104, 44.761625413809305, 45.609016886654516, 45.06494067473706, 45.07994715627699, 45.41455577915144, 45.526430490223795, 44.57895491549595, 44.51835608334916, 44.12358665304414, 45.075052057923614, 44.890242738634456, 44.913462112818344, 45.30281177507162, 45.53206766138433, 44.832962122278644, 44.62593103506165, 44.072183207072506, 44.73653174962573, 45.062994593544644, 44.699125651820474, 44.998327455153394, 44.91639617551179, 44.524687047866216, 45.13013689374924, 44.721309231093, 45.1985491480877, 45.250628723828555, 45.29783553236443, 44.740276612842564, 45.397625240223505, 44.25472349113015, 44.71926752786698, 45.303773878883554, 44.67427729240694, 44.90426784722162, 44.186398178083365, 45.941000179367975, 44.290556869022524, 44.615255064529435, 44.98849783251346, 45.38476196476076, 45.74785646038931]
[44.23651750636977, 45.07366248420086, 45.47718463414156, 44.862787305336276, 44.33797570744804, 44.66952142973982, 45.07087509030789, 44.97146098396155, 44.731850838616744, 45.56712431074756, 44.931097259346956, 45.004555660577815, 45.406110543651195, 45.47124760720639, 44.57895491549595, 44.38163653795323, 44.02263505665546, 45.03453932555434, 44.890242738634456, 44.86207561238216, 45.16547019803788, 45.53206766138433, 44.66265925267284, 44.61966294233436, 44.072183207072506, 44.69382765960556, 44.86292803923849, 44.69911389737155, 44.9222922196764, 44.91639617551179, 44.5085293200582, 44.98072041314537, 44.70346281299712, 45.1985491480877, 44.91321306008744, 45.268414850421955, 44.71870694117955, 45.397625240223505, 44.165948953166776, 44.665507473820995, 45.23826214608597, 44.67427729240694, 44.878677222469584, 44.186228524306344, 45.941000179367975, 44.13431546850748, 44.53147080563758, 44.929916218208845, 45.33885859557944, 45.656244980717375]
[44.22270826848851, 45.02471099639151, 45.328062730798436, 44.781238183383486, 44.29934094232122, 44.66952142973982, 45.02475201295601, 44.66543723710472, 44.731850838616744, 45.56712431074756, 44.931097259346956, 44.75822344712855, 45.353961368468205, 45.47124760720639, 44.52436639863067, 44.15384798046702, 44.00942445322819, 44.9425478292027, 44.890242738634456, 44.86207561238216, 45.16547019803788, 45.47460854568696, 44.65146492281187, 44.55783940573208, 43.98859379080531, 44.6294413850094, 44.801179430370645, 44.69911389737155, 44.68346363420089, 44.91639617551179, 44.35252458616263, 44.59802811649719, 44.67861847763048, 45.051288360483845, 44.86332633156228, 45.159831766387384, 44.71870694117955, 45.304625256987826, 44.165948953166776, 44.665507473820995, 45.19642388962188, 44.67427729240694, 44.878677222469584, 43.75499508533055, 45.851462261909205, 44.07278232798967, 44.44039858516262, 44.83438047770145, 45.33885859557944, 45.656244980717375]
[44.181665561007705, 44.966974575717174, 45.209575220302355, 44.71454524244674, 44.20142099428135, 44.66952142973982, 45.02475201295601, 44.25494213813009, 44.731850838616744, 45.56712431074756, 44.931097259346956, 44.75822344712855, 45.12087116647176, 45.47124760720639, 44.52436639863067, 44.133194899835914, 43.92351607763593, 44.81941677936417, 44.76184923517353, 44.83335132011352, 45.08050192026367, 45.43721773532958, 44.65146492281187, 44.34971706573576, 43.98859379080531, 44.587477472542986, 44.77441819551996, 44.69911389737155, 44.5322812592842, 44.85781851260401, 44.25073766983897, 44.59802811649719, 44.538791390673495, 44.89130392050772, 44.7958497570815, 44.93222608069435, 44.68024640086006, 44.99175563154345, 44.145341689450696, 44.56077880338949, 45.0886347011269, 44.58179282245399, 44.61864145295486, 43.74261200021376, 45.77064090893636, 43.905097736339826, 44.366229261264415, 44.81907306380807, 45.33885859557944, 45.36901881554972]
[44.08210557712819, 44.965142629966714, 45.046659030078544, 44.67639506516584, 44.04901441974572, 44.5937614495807, 44.959267845705604, 44.25494213813009, 44.72811257347158, 45.52312922615573, 44.78906272923162, 44.61049925965223, 45.12087116647176, 45.44580075416729, 44.07694149418568, 44.00295957717453, 43.92351607763593, 44.66049226039634, 44.67724553636121, 44.83335132011352, 44.79808185938241, 45.37362053971398, 44.61530784383899, 44.34971706573576, 43.983000598584155, 44.37848139304099, 44.77441819551996, 44.69911389737155, 44.45048729085806, 44.7054020255268, 44.21946845798452, 44.524030117634204, 44.45585901504666, 44.8846444759642, 44.77824391158562, 44.91717960370623, 44.66691266888684, 44.91915706070671, 44.145341689450696, 44.520773251354846, 45.0886347011269, 44.58179282245399, 44.61864145295486, 43.74261200021376, 45.61307671483149, 43.80143922326473, 44.34659296769346, 44.81907306380807, 45.33885859557944, 45.29868485844142]
[43.76464022397015, 44.95902714363485, 44.791837885900534, 44.67639506516584, 43.97563594694332, 44.5937614495807, 44.84378596642683, 44.25494213813009, 44.70819977135103, 45.52312922615573, 44.737586782781065, 44.61049925965223, 45.12069171892885, 45.16446419783113, 44.01462944339387, 43.96371729215349, 43.84815345162048, 44.66049226039634, 44.62544230877727, 44.64586073417943, 44.79808185938241, 45.29355764989147, 44.44615853854291, 44.25519604416722, 43.97533395647626, 44.36362214191334, 44.7270400573265, 44.655912698211026, 44.42724663045577, 44.7054020255268, 44.14543575272007, 44.509211298781636, 44.45585901504666, 44.819484366936145, 44.4985749122384, 44.809045734920524, 44.35682067934435, 44.91915706070671, 43.88404448958797, 44.41880061873882, 45.038818490225474, 44.46504284158404, 44.46520720660056, 43.715369289463226, 45.14312225620264, 43.76157941624655, 44.34659296769346, 44.81907306380807, 45.33885859557944, 45.215902938202674]
[43.76464022397015, 44.81329319695534, 44.69200029043317, 44.668544468718046, 43.97563594694332, 44.56206429584121, 44.84378596642683, 44.214130162281656, 44.652161014585765, 45.462365088508, 44.694606323235014, 44.54611522448914, 45.12069171892885, 45.16334987588172, 44.01462944339387, 43.94048544021555, 43.75182686911867, 44.660462553322596, 44.59430701618783, 44.63385481901471, 44.66174745833618, 45.29173650930612, 44.32571262148875, 44.1247904016458, 43.8212859784597, 44.352944221631866, 44.726675153813765, 44.60155740253356, 44.36646929552289, 44.7054020255268, 44.0615104090799, 44.31182533231182, 44.45585901504666, 44.76103434684952, 44.49306248618919, 44.795384523165446, 44.18370995957616, 44.91915706070671, 43.88404448958797, 44.41880061873882, 45.038818490225474, 44.38671136005539, 44.3683682776808, 43.609526377808734, 45.14312225620264, 43.65751947458806, 44.34659296769346, 44.81907306380807, 45.311882934965375, 45.103298303555725]
[43.509072251946925, 44.772328707859415, 44.54935036251563, 44.593997592915315, 43.89801661577168, 44.530542660025006, 44.73514041288118, 44.214130162281656, 44.652161014585765, 45.42114651389686, 44.694606323235014, 44.40825064469516, 44.939989801364376, 44.96399773201637, 43.95164867291889, 43.905813845406925, 43.660564752104285, 44.553167647104914, 44.588095604832795, 44.63385481901471, 44.66174745833618, 45.03978881517706, 44.251095794182305, 44.08858882153528, 43.69822817401969, 44.3404464798641, 44.70522031717959, 44.52754074408197, 44.24557703194358, 44.44816760805994, 44.0615104090799, 44.05485000065924, 44.257185539618725, 44.752436491877255, 44.42682278484681, 44.795384523165446, 44.12300194408222, 44.83664901165806, 43.88404448958797, 44.193178909334776, 45.01625358034332, 44.27540542685304, 44.32316680218006, 43.34475444221601, 45.10681987873416, 43.65751947458806, 44.30727923419224, 44.81907306380807, 45.21245045929968, 44.968684925441934]
[43.509072251946925, 44.628707151676416, 44.54935036251563, 44.58956157735793, 43.86005103079141, 44.48251179935262, 44.590579751606896, 44.082817295982345, 44.59894407508575, 45.39399641774803, 44.390767215027225, 44.22613930178556, 44.54406985008626, 44.94466866607401, 43.79295696483943, 43.905813845406925, 43.390530538386024, 44.53196779574601, 44.588095604832795, 44.63385481901471, 44.625227173708154, 44.91233206193501, 44.236424544909525, 43.99532189418514, 43.6636415282537, 44.25531005498333, 44.6416362898857, 44.46343242946453, 44.24557703194358, 44.35216354966934, 44.0201240988347, 44.013738173580236, 44.16055417153396, 44.746877429752445, 44.289752532402886, 44.69199208644185, 43.93129282699789, 44.58706559944362, 43.829852654087425, 44.193178909334776, 44.98260299717949, 44.203548526747674, 44.20375570937193, 43.20774950106623, 45.09922148459394, 43.65751947458806, 44.254800182499054, 44.66435850873596, 45.008800107938534, 44.94514321915146]
[43.45090196787819, 44.55972497148218, 44.54935036251563, 44.58956157735793, 43.82917786914582, 44.4133979637264, 44.57263642036292, 44.0789947722992, 44.44716345166013, 45.36065307684977, 44.378679656333055, 44.22613930178556, 44.54406985008626, 44.87552073392239, 43.77844373355029, 43.905813845406925, 43.358555073922886, 44.474333781754396, 44.588095604832795, 44.506762892165305, 44.625227173708154, 44.87379833774556, 44.17431788674492, 43.970188789859336, 43.60850811653382, 44.19608435394123, 44.6416362898857, 44.33867756132376, 44.17738902416851, 44.07479747801013, 43.8967075619681, 43.77986626536321, 44.00605296504877, 44.451310224710205, 44.2331501835647, 44.516151747783546, 43.85895596188343, 44.576703641909035, 43.8052861229563, 44.105425479789986, 44.94962535756417, 43.891915644341765, 44.200991176566575, 43.20774950106623, 44.96583476167395, 43.582220681082404, 44.17855011573094, 44.52809760405878, 44.89442174006213, 44.894105250276816]
[43.371966363965655, 44.498147600251755, 44.494239550866624, 44.53909177306905, 43.552497145567074, 44.23683637886887, 44.57263642036292, 43.917506704767625, 44.44716345166013, 45.23952163446035, 44.32626511647271, 44.05671788180978, 44.54406985008626, 44.77318523948486, 43.688091375492995, 43.905813845406925, 43.31547267729099, 44.444108321718645, 44.588095604832795, 44.39469498089684, 44.58107652194259, 44.87319910773757, 43.84168959428398, 43.970188789859336, 43.545973424586705, 43.82461246752627, 44.52058797866068, 44.33867756132376, 43.888474578244455, 43.9904488358098, 43.8967075619681, 43.56647299158719, 44.001983938914485, 44.446022418207896, 44.2331501835647, 44.516151747783546, 43.72488665825183, 44.47909546417759, 43.718991518054956, 44.06839822987981, 44.66603264861255, 43.891915644341765, 44.200991176566575, 43.20774950106623, 44.77406544750205, 43.299477434570576, 44.17260194915654, 44.4803164776704, 44.84128275839139, 44.83337909760242]
[43.371966363965655, 44.498147600251755, 44.46788081384454, 44.29568852864795, 43.33062681901491, 44.22825035101367, 44.56245049226206, 43.83553484971786, 44.425515792267426, 45.12794143374867, 44.32626511647271, 44.05671788180978, 44.48435143703516, 44.48800657714624, 43.688091375492995, 43.858984266849795, 43.25528808904313, 44.444108321718645, 44.534904296711716, 44.34166214496903, 44.464958810654046, 44.515987980601416, 43.69894715155258, 43.81461332313075, 43.5096290961638, 43.82461246752627, 44.44951031970585, 44.24435534632185, 43.87011737161719, 43.9904488358098, 43.79645846453685, 43.45373569483256, 43.78898792135605, 44.446022418207896, 44.2331501835647, 44.43351969780026, 43.49088625222129, 44.43958972351163, 43.60158582218856, 43.99242365333227, 44.65274504162766, 43.891915644341765, 44.15939388314227, 43.090965143714946, 44.671934573769434, 43.22673563534401, 44.091854093636556, 44.4803164776704, 44.84128275839139, 44.61197339113058]
[43.371966363965655, 44.332651427303304, 44.414694000290076, 44.220839118003795, 43.33062681901491, 44.22825035101367, 44.52034704089801, 43.833512210141436, 44.331729437496215, 45.12126923370966, 43.9354409534986, 44.05671788180978, 44.403570102231754, 44.405064044259916, 43.51278735198891, 43.718590029649185, 43.25528808904313, 44.444108321718645, 44.452215307655884, 44.34166214496903, 44.299428924677315, 44.49580212482272, 43.69222481949325, 43.53230960400733, 43.5096290961638, 43.77127866190508, 44.44303544896316, 43.99473556524256, 43.82632975606127, 43.888922620278095, 43.71601891866052, 43.40760155729441, 43.78452280695495, 44.235544402023805, 44.1880918315165, 44.20560158441846, 43.480138684366274, 44.27252697335665, 43.41282140361355, 43.97085946247121, 44.56258953562111, 43.681516341484915, 44.143482825444686, 43.06228233984588, 44.671934573769434, 43.12585385784006, 44.01166458621286, 44.47981933473878, 44.84128275839139, 44.576762679966876]
[43.371966363965655, 44.269728448960606, 44.366432398284125, 44.220839118003795, 43.32268443706254, 44.22825035101367, 44.278482810339376, 43.72492399483327, 44.16556240980135, 44.96748512694166, 43.63652081818027, 44.036594256998036, 44.403570102231754, 44.36654064475805, 43.35974078486945, 43.58992583074791, 43.25528808904313, 44.3100144089815, 44.03988100550959, 44.318223003484434, 44.299428924677315, 44.49580212482272, 43.69222481949325, 43.47874476048776, 43.5096290961638, 43.77127866190508, 44.174639632120034, 43.99473556524256, 43.71899877159824, 43.85149774396258, 43.616235358337676, 43.40760155729441, 43.57739229097058, 44.104056479339064, 44.1880918315165, 44.14854282888096, 43.45918371867862, 44.27252697335665, 43.41282140361355, 43.97085946247121, 44.54417574605041, 43.681516341484915, 44.092454982995264, 42.91793158910919, 44.62257385530465, 42.84538456477739, 43.86460948245929, 44.460116030220846, 44.84128275839139, 44.22676045863818]
[43.3043330258, 44.2477701166776, 44.366432398284125, 44.14642945914928, 43.31268663018541, 44.15955054606836, 44.194890764527685, 43.72492399483327, 44.017675160132484, 44.96748512694166, 43.63652081818027, 43.960449885680696, 44.403570102231754, 44.36654064475805, 43.29122754148101, 43.57453550757186, 43.25528808904313, 44.3100144089815, 43.985265947131985, 44.122181156410434, 44.282628305730995, 44.474806376671964, 43.51326731275971, 43.47874476048776, 43.5096290961638, 43.74302702166554, 44.174639632120034, 43.783879290525704, 43.71899877159824, 43.76920958064981, 43.60240006414019, 43.40760155729441, 43.48651293830157, 44.08099330123756, 44.064027068730724, 43.90917252702494, 43.42632901686993, 44.24154820461247, 43.41282140361355, 43.93709849677494, 44.50843888833787, 43.681516341484915, 44.04320733612131, 42.88801848214381, 44.62257385530465, 42.84538456477739, 43.78957936924301, 44.30695490950724, 44.83364944581102, 44.21263954721408]
[43.1138202057621, 44.232700727751215, 44.366432398284125, 43.966554656462286, 43.28842649380617, 44.15955054606836, 44.08992727631046, 43.70747642046966, 43.93257877325289, 44.96748512694166, 43.63652081818027, 43.86933262597683, 44.312755887854976, 44.36654064475805, 43.29122754148101, 43.56377907774267, 43.11991615768164, 44.26331640347819, 43.90679882091272, 44.106045701110496, 44.27377767865609, 44.474806376671964, 43.48286838321111, 43.413671596105246, 43.37083525571184, 43.72069500051218, 44.07684403525207, 43.698314293503486, 43.59265287801237, 43.74072568349995, 43.50534383143698, 43.40760155729441, 43.48651293830157, 44.063625683423105, 43.98133276251565, 43.90265300127923, 43.35228521580035, 43.93719824541963, 43.41282140361355, 43.904609265294454, 44.399544394877196, 43.60136996171615, 44.04320733612131, 42.83125875428082, 44.571539570566394, 42.84538456477739, 43.78957936924301, 44.28827910888984, 44.81446568378381, 44.113124444107896]
[43.05753182838559, 44.201541595826406, 44.27299927504203, 43.966554656462286, 43.28842649380617, 44.09012534902322, 44.04898336731856, 43.66787492417345, 43.86326961836798, 44.93860193715772, 43.28506986266479, 43.86933262597683, 44.27158338765692, 44.087966990858284, 43.115734760450685, 43.56377907774267, 43.086671368175885, 44.26331640347819, 43.90679882091272, 44.08630463949258, 44.1619830664352, 44.3061606399628, 43.47879847734085, 43.32545649558078, 43.31384704568218, 43.717668477027544, 44.04000373902249, 43.66861430698043, 43.581935177010195, 43.62420149686265, 43.2740407381698, 43.30316693458501, 43.48651293830157, 43.89305855279188, 43.98133276251565, 43.85306142949664, 43.35228521580035, 43.73070318863311, 43.347288079242176, 43.9014751401688, 44.326260984118406, 43.52861962341155, 44.00637157118166, 42.78106443972794, 44.1406545209947, 42.83962892469143, 43.657860714262405, 44.19840852209682, 44.81446568378381, 44.01342314606253]
[43.002501322859544, 44.163296874587246, 44.267902615248616, 43.905016623961934, 43.26085807397375, 44.01955431942581, 43.911268882290436, 43.6348062043043, 43.498011990445754, 44.89838046104127, 43.26585017482389, 43.815234651821626, 44.27158338765692, 44.020026048139, 43.05486475803341, 43.52296770789082, 42.99535577468252, 44.24527214178258, 43.640264244922214, 44.061185627406815, 44.1619830664352, 44.242039760944564, 43.42521006048927, 43.32545649558078, 43.1873103691518, 43.717668477027544, 43.821570696333794, 43.54489349695552, 43.53739198556026, 43.62420149686265, 43.2740407381698, 43.30316693458501, 43.478127518037354, 43.82506120959166, 43.98133276251565, 43.84125840349661, 43.127134355145884, 43.6509984639931, 43.347288079242176, 43.9014751401688, 44.31186715518206, 43.52861962341155, 43.92801800869707, 42.78106443972794, 44.04988251752451, 42.83962892469143, 43.601032757543635, 44.17986611951183, 44.73689664980735, 44.01342314606253]
[43.002501322859544, 43.906254113609585, 44.23954186409189, 43.74556672397408, 42.94567293379612, 43.85696203192669, 43.7972814929091, 43.59132378752186, 43.498011990445754, 44.7949653763999, 43.157237782296704, 43.815234651821626, 43.990782946430734, 43.90363681786833, 42.92774899438034, 43.52296770789082, 42.788269165696946, 44.01329129029175, 43.63899508858536, 44.061185627406815, 44.1619830664352, 44.04288965314453, 43.420247288505884, 43.30411236196617, 43.01726194629496, 43.48549738019642, 43.821570696333794, 43.54489349695552, 43.49535860216582, 43.62420149686265, 43.13834596627913, 42.9780501680074, 43.46158109021928, 43.67796767058294, 43.73684414854716, 43.77266401842843, 43.05021475839398, 43.47727591273372, 43.341452244431586, 43.885694095153646, 44.31186715518206, 43.496367046932285, 43.92801800869707, 42.78106443972794, 44.04988251752451, 42.70859924399062, 43.2629535290144, 43.99058180044059, 44.73689664980735, 44.01342314606253]
[42.868847101117694, 43.68714063115765, 44.16657393913202, 43.73277603221149, 42.71398100369265, 43.69535668097099, 43.75923094674043, 43.53291688256175, 43.498011990445754, 44.7670625838454, 43.157237782296704, 43.815234651821626, 43.91351951471195, 43.867576901307494, 42.84098315614996, 43.44057879447496, 42.56730344416689, 43.83587891756991, 43.57870115768208, 44.056076854083436, 44.160800066752486, 43.965900828097475, 43.41492268831086, 43.25116932094911, 42.98324311503587, 43.3998141306278, 43.821570696333794, 43.533080301274715, 43.44196266460823, 43.600510225496656, 43.13834596627913, 42.886648426962054, 43.46158109021928, 43.549684613916085, 43.73684414854716, 43.75337262151875, 43.05021475839398, 43.442426151757026, 43.341452244431586, 43.79573384887144, 44.235785421136825, 43.40551354395195, 43.861445390453866, 42.78106443972794, 43.972339595076505, 42.69273357117012, 42.99982100639572, 43.98390420340614, 44.73689664980735, 43.8058792322521]
[42.77362496110054, 43.66859102875356, 44.16657393913202, 43.60808600834457, 42.63676707190798, 43.646499716288844, 43.75923094674043, 43.51570839874611, 43.445730947981424, 44.66639622752238, 43.01432782569144, 43.58865229330212, 43.46317849231049, 43.77748893505545, 42.84098315614996, 43.44057879447496, 42.56730344416689, 43.80778196039715, 43.428035330705185, 44.027867487543816, 43.92303572587335, 43.965900828097475, 43.41492268831086, 43.1822140344982, 42.7258789625962, 43.2684650183857, 43.757101034559845, 43.533080301274715, 43.44196266460823, 43.544425944122246, 43.025734954323035, 42.88243447418422, 43.22670777906383, 43.46045983297915, 43.63570657077977, 43.75337262151875, 43.05021475839398, 43.36486132838812, 43.276417644633284, 43.78322345336443, 44.1123387594777, 43.39921577870619, 43.65131188074879, 42.76880675224948, 43.85578968558351, 42.69273357117012, 42.73339419156203, 43.947115893323165, 44.67961091698481, 43.8058792322521]
[42.77362496110054, 43.666722399785996, 44.16657393913202, 43.60808600834457, 42.59090396805513, 43.53388518504671, 43.58340112418706, 43.51570839874611, 43.22159364995782, 44.39647366842771, 43.01432782569144, 43.550224152557846, 43.46317849231049, 43.77748893505545, 42.84098315614996, 43.395260658472054, 42.56730344416689, 43.77083229148843, 43.36047576108907, 44.027867487543816, 43.739439180361835, 43.965900828097475, 43.30105043306658, 43.1822140344982, 42.7258789625962, 43.03690372839442, 43.5969371609282, 43.30652200813172, 43.10420109716391, 43.54344240666624, 43.012896979354984, 42.82761013844218, 43.220857832978126, 43.18412132681642, 43.63570657077977, 43.7376413452979, 42.94941201808009, 43.13134338412247, 43.0814418130563, 43.63936634051246, 44.1123387594777, 43.277435338017156, 43.65131188074879, 42.71279083790774, 43.7501771539532, 42.636844812545604, 42.71210110095055, 43.947115893323165, 44.62460666777848, 43.69385441479685]
[42.77362496110054, 43.66188039143106, 44.16657393913202, 43.56175045923395, 42.59090396805513, 43.38290839580195, 43.476883382218304, 43.51570839874611, 43.17377358930898, 44.39647366842771, 43.00458096160072, 43.36627125122104, 43.46317849231049, 43.77748893505545, 42.55677293099147, 43.395260658472054, 42.46908742761132, 43.70965828647343, 43.36047576108907, 43.959324430794446, 43.71900043683675, 43.92465824635599, 43.19063679647802, 43.1822140344982, 42.70247824348255, 43.02473380140333, 43.5969371609282, 43.243187934112925, 42.867663098139644, 43.20408102601482, 42.99896015843221, 42.65964000296701, 43.220857832978126, 42.859516381415965, 43.565931060171394, 43.467012493362375, 42.883074782333004, 43.13134338412247, 43.0814418130563, 43.50626583651136, 44.08026633656363, 43.277435338017156, 43.631809374253734, 42.56877560064382, 43.671823658649146, 42.59773303348973, 42.427315918580256, 43.82625400476578, 44.57083428323719, 43.6572780216368]
[42.77362496110054, 43.55664505091567, 44.16657393913202, 43.156669228071856, 42.487194210951905, 43.33815346607839, 43.46941892523809, 43.47774742291132, 43.17377358930898, 44.35892675809009, 43.00458096160072, 43.32607364980231, 43.44103784304379, 43.77748893505545, 42.36279880056094, 43.314628078958485, 42.3909975333502, 43.627089450860055, 43.355127739478235, 43.919331844031795, 43.64191601257336, 43.92465824635599, 43.15225302478782, 43.1822140344982, 42.45493725239195, 42.91938840370104, 43.5969371609282, 43.17140766561464, 42.802409089335086, 43.12835598358627, 42.95529721120854, 42.65964000296701, 43.11007460069696, 42.80426871029788, 43.410150225277434, 43.422235888383106, 42.823210249433586, 43.09858329107048, 43.001267213381645, 43.40952706559517, 44.08026633656363, 43.248425840800664, 43.503134518027245, 42.30106792568927, 43.671823658649146, 42.46774276657492, 42.4132958762989, 43.484128120905275, 44.40448789859245, 43.5032162785144]
[42.643780301932, 43.55664505091567, 44.0571293497682, 43.016837187953804, 42.363202638543136, 43.30246721357873, 43.46941892523809, 43.412218359959645, 43.16979230878886, 44.337695830587435, 42.95533455108851, 43.32607364980231, 43.44103784304379, 43.62121178105262, 42.241183303655625, 43.08232164856999, 42.3909975333502, 43.627089450860055, 43.348316928338605, 43.88422485322609, 43.537849081789574, 43.88259902979145, 43.15225302478782, 43.10996113185583, 42.33189430940364, 42.90775666510477, 43.42838414359235, 43.139297147379935, 42.5737605844099, 43.00814986979145, 42.95529721120854, 42.65964000296701, 43.11007460069696, 42.6605697441016, 43.14404355355452, 43.408077209481334, 42.823210249433586, 43.05023462181796, 42.96540979843563, 43.387075726890124, 43.80072246575291, 43.12918803460168, 43.46371254128092, 42.25046461055468, 43.63499768123522, 42.45289757056154, 42.30690423537454, 43.2939946099392, 44.315713789078515, 43.454943427949104]
[42.643780301932, 43.38740006391326, 43.97657092497911, 42.96563266139776, 42.363202638543136, 43.1517845426205, 43.416506113006264, 43.33029988024313, 42.89987075181551, 44.3089680434728, 42.95533455108851, 43.20710052446822, 43.38048274102155, 43.53376225308598, 42.171331015707445, 42.99639517986021, 42.381144850418394, 43.51897332729912, 43.31457128000177, 43.84845969153919, 43.366307501273724, 43.86968172333252, 43.15225302478782, 43.03155032861243, 42.318992440617436, 42.72740425515552, 43.42838414359235, 42.95698820147977, 42.421136017817574, 43.00814986979145, 42.94781321825218, 42.579322814367586, 42.96182034541266, 42.65890976056935, 43.08971133031043, 43.2346023281093, 42.815063812480844, 43.05023462181796, 42.96540979843563, 43.33378037908568, 43.52211622885835, 42.941355854166346, 43.456293768414966, 42.25046461055468, 43.46824755040267, 42.41774321563254, 42.294164740687755, 43.254098541805405, 44.18653748714878, 43.218952576056495]
[42.607818109252854, 43.38740006391326, 43.90119766549698, 42.89054673594782, 42.21601876517185, 43.03384041022036, 43.35693899122085, 43.3071635118789, 42.546137662439286, 44.22774065584638, 42.69049446739893, 43.159743559028996, 43.24437935641796, 43.3043309956833, 42.04978819159063, 42.94831182981463, 42.356972444629086, 43.463109646007474, 43.31457128000177, 43.7737759910881, 43.366307501273724, 43.75939997471287, 43.15225302478782, 43.03155032861243, 42.123279289934665, 42.712181195209745, 43.42838414359235, 42.95698820147977, 42.24605431130552, 43.000759587107495, 42.94781321825218, 42.57723793528156, 42.96182034541266, 42.60539172698422, 43.08971133031043, 43.2346023281093, 42.79162682399517, 43.05023462181796, 42.89088256886858, 43.286546203398245, 43.47110477673211, 42.941355854166346, 43.27388158431869, 42.25046461055468, 43.46824755040267, 42.41774321563254, 42.148010208981724, 43.254098541805405, 44.16267295264223, 43.218952576056495]
[42.607818109252854, 43.18891682672121, 43.85738824016995, 42.89054673594782, 42.11749112064596, 43.03345668781468, 43.325636135154966, 43.21248616988239, 42.50881100268363, 44.21484603624087, 42.69049446739893, 43.159743559028996, 43.24437935641796, 43.263980686739465, 42.04978819159063, 42.91504492446665, 42.33870778731786, 43.38310883774899, 43.31457128000177, 43.77000900322032, 43.15057373726427, 43.70871690587576, 43.15225302478782, 42.90457545043508, 42.07266689030306, 42.685477590315955, 43.42838414359235, 42.95698820147977, 42.24605431130552, 42.91884508509654, 42.84657213974252, 42.508215676267874, 42.71157757218536, 42.60539172698422, 43.0204067099482, 43.2030171774689, 42.79162682399517, 43.01844103868406, 42.81093244534124, 43.050206394121254, 43.328677094603606, 42.86098096080314, 43.193861786402884, 42.13857718992214, 43.422472693282465, 42.39355185264147, 41.9713746125147, 43.087134025811615, 44.12787504498821, 43.179525834613166]
[42.606700421302754, 43.161694717624115, 43.759402099895276, 42.89054673594782, 41.94060905169509, 42.90791664234897, 43.10534403261021, 43.10393146540323, 42.484100429438946, 44.10889891850839, 42.60679180521368, 43.05862888397782, 43.178053586065516, 43.00392002360452, 42.033049993834666, 42.80033720308308, 42.301544892740175, 43.24955737066054, 43.06712842150349, 43.70526863141093, 43.1369605027114, 43.53629019406537, 43.13408250378255, 42.66297563007048, 42.026255876885116, 42.685477590315955, 43.39618519489188, 42.93241018289682, 42.01006304649174, 42.87543913553643, 42.80284147187612, 42.490406838032065, 42.556610456831514, 42.60539172698422, 42.744165042794364, 43.1876109020689, 42.66899779423544, 42.95039010400488, 42.67732838238426, 43.050206394121254, 43.13609291372093, 42.771138736108256, 43.07045561583382, 42.136088370026656, 43.225641193091164, 42.327543560234574, 41.939546053870494, 43.087134025811615, 44.06765196735637, 43.093846135725926]
[42.51220797583739, 43.155529768080065, 43.723889706349745, 42.80776665818523, 41.89691666034905, 42.828096270507025, 43.007961284955414, 43.10393146540323, 42.47006580726503, 44.01445358072824, 42.57037707988756, 42.81754821320295, 43.178053586065516, 42.97918597279545, 41.806956483854925, 42.80033720308308, 42.206380261014615, 43.213832218954664, 43.045612709645205, 43.535333926063345, 43.12251792084567, 43.409188542965595, 43.06615564509785, 42.61741533880023, 41.97970596281287, 42.2124217347233, 43.31034990147968, 42.876810799863776, 41.94918060258675, 42.453432719915426, 42.6643425220836, 42.41854962162299, 42.556610456831514, 42.60539172698422, 42.744165042794364, 43.13019905018997, 42.66899779423544, 42.88357258495468, 42.621517487748086, 42.98850228615861, 43.112446522080575, 42.698803826618835, 43.07045561583382, 41.93825811853755, 43.225641193091164, 42.327543560234574, 41.93466637457972, 42.89405500591951, 43.76027458746351, 43.041139823990214]
[42.35378326100641, 43.155529768080065, 43.657951254544955, 42.73383630613846, 41.65990521770247, 42.74080686659037, 43.007961284955414, 42.94655232735518, 42.34028146919014, 43.87163437321846, 42.52845959419153, 42.56183113431375, 43.14804787907556, 42.84881612456458, 41.806956483854925, 42.80033720308308, 42.206380261014615, 43.126622970904, 43.045612709645205, 43.284362405824524, 43.1011352717499, 43.331299135952854, 43.020972254159666, 42.56445544618758, 41.827051586854544, 42.06819093306676, 43.29038072277849, 42.876810799863776, 41.81195784871237, 42.43974075483705, 42.564353388875425, 42.390203507982456, 42.5043379259768, 42.60539172698422, 42.64957599446618, 43.097554226661956, 42.6506833345049, 42.677407590258255, 42.621517487748086, 42.783863535104715, 43.09746484878691, 42.652914870507104, 43.05433625688494, 41.76695245942561, 43.17955773644295, 41.891803159528635, 41.93466637457972, 42.89405500591951, 43.755862588650615, 43.01527550649839]
[42.233903824512325, 43.09199861633307, 43.47134988713897, 42.72962203753228, 41.63852635083268, 42.7153857765972, 42.95624095229693, 42.810033775194555, 42.30656403913329, 43.87163437321846, 42.5257748669935, 42.3314172239712, 43.13973343180085, 42.82322844746197, 41.802693956416036, 42.69997805810744, 42.12478109592966, 43.079134070769825, 43.00459760257239, 43.22117316047475, 42.760682021595336, 43.222747562488784, 43.020972254159666, 42.43031663430088, 41.771458843684016, 41.83356596748153, 43.141702006107366, 42.83237548721864, 41.79341048256744, 42.391616283281266, 42.45425592106615, 42.3411728409165, 42.5043379259768, 42.60539172698422, 42.638090948873696, 43.08778498538163, 42.53410686183517, 42.677407590258255, 42.55339933182476, 42.74074524106816, 42.943008331019584, 42.46951056220818, 42.96566614871718, 41.76695245942561, 42.99216545486155, 41.891803159528635, 41.81360903197094, 42.81441392602095, 43.74087118070495, 42.87586688633416]
[42.233903824512325, 43.09199861633307, 43.427546821981345, 42.724862259827844, 41.597317629575805, 42.55904291545569, 42.94362607546165, 42.71236409512733, 42.290425835842726, 43.856877612146164, 42.51727644397447, 42.3314172239712, 43.11812793100588, 42.82322844746197, 41.750677457637394, 42.69997805810744, 42.1098956999368, 42.9706134681433, 42.851086063336325, 43.140302356213034, 42.651576977273955, 43.13102264120059, 43.012988956551524, 42.34846099627671, 41.771458843684016, 41.795823203477084, 42.91330194969882, 42.738085476982846, 41.7866790987841, 42.37272445487561, 42.44222788285167, 42.29571306131537, 42.5043379259768, 42.480809921401935, 42.56453547416368, 42.97853569433918, 42.50409153929827, 42.677407590258255, 42.55339933182476, 42.6513864015715, 42.772932505307665, 42.32158765308123, 42.92763782536902, 41.64303470669741, 42.63104648052904, 41.891803159528635, 41.697277127440216, 42.62637919283978, 43.74087118070495, 42.81955807087502]
[42.22562766165758, 43.09199861633307, 43.220627166058094, 42.63692285537179, 41.55822033281162, 42.55904291545569, 42.94362607546165, 42.25591280504373, 42.1291116149711, 43.80794448699289, 42.23199359297884, 42.17128153607432, 43.02376257591244, 42.77610768107321, 41.58240614107334, 42.61237162370654, 42.1098956999368, 42.92624304531064, 42.74974791386231, 42.80719163205348, 42.51682338707372, 43.13102264120059, 42.885795416300965, 42.20432390833877, 41.70987616914206, 41.713038518045465, 42.90872626923966, 42.738085476982846, 41.71353676387396, 42.113073815306905, 42.33122825611731, 42.26779070779098, 42.310756837580534, 42.43239499119553, 42.46499647398032, 42.97853569433918, 42.26691629988542, 42.671933653968566, 42.55339933182476, 42.611637454564914, 42.70709274108843, 42.02147078267036, 42.86306444578529, 41.61662964590663, 42.5916375960696, 41.761027450515485, 41.634209930090485, 42.57653055926946, 43.61910071901559, 42.81388152714833]
[42.00616190330232, 42.97333418333146, 43.0386987052337, 42.617297075945274, 41.51317724076797, 42.528196080053604, 42.76988376325865, 42.21289019311164, 42.12820218451947, 43.75440187761769, 42.23199359297884, 42.045713686748506, 42.82816122503705, 42.77396912825294, 41.48753314007325, 42.54150439955937, 42.1098956999368, 42.903039043971575, 42.68266216532831, 42.69375353393042, 42.51682338707372, 43.00775483780157, 42.76165160980686, 42.20432390833877, 41.681736852794316, 41.6023360790194, 42.562279675198695, 42.738085476982846, 41.629247859940385, 41.94726276870817, 42.312585993933716, 42.241614383013236, 42.20197169778952, 42.40878547557505, 42.450051271618634, 42.944364548990535, 42.10265428410811, 42.42323551984756, 42.54087042401635, 42.464227582067565, 42.59459109214558, 42.02147078267036, 42.468476236125284, 41.502688559491034, 42.48660411144269, 41.61418689188082, 41.634209930090485, 42.53659696049617, 43.411567847025424, 42.738119186595696]
[41.96769787664368, 42.71051046990921, 43.02278894896433, 42.617297075945274, 41.49341221230032, 42.47433643745568, 42.748918468015745, 42.14469127237028, 41.982828124047515, 43.67631087401301, 42.227189184967926, 42.045289659917, 42.797091206224685, 42.77396912825294, 41.35507849587, 42.349563429792205, 42.10604953110625, 42.832947209453025, 42.56302272006357, 42.56924657775951, 42.51552904729405, 42.99135689283915, 42.417913003945316, 42.200756958790905, 41.623647333259086, 41.6023360790194, 42.54955665592739, 42.67250272941839, 41.537438659066666, 41.92712868615196, 42.26430245347066, 42.13530979955118, 42.19462880801655, 42.33171099899098, 42.450051271618634, 42.93000474930126, 42.10265428410811, 42.15614356334371, 42.520030691668325, 42.39607037119127, 42.548738965088994, 42.00887878070565, 42.45853154187352, 41.368202300995264, 42.434846738028426, 41.56959302193402, 41.47079659145019, 42.4683338336575, 43.352665649850884, 42.72814070400192]
[41.95373764118544, 42.53512980856369, 42.96410557052499, 42.45814462478039, 41.48923007858852, 42.47433643745568, 42.69349214585493, 41.91010817537055, 41.953519714140775, 43.578774814403545, 42.15639400453374, 42.02788068805644, 42.7109985885608, 42.640840668432205, 41.35507849587, 42.2223822215586, 41.93906120212598, 42.383711235312965, 42.55232377599767, 42.44865137280971, 42.51552904729405, 42.945337089112314, 42.3927527117329, 42.200756958790905, 41.623647333259086, 41.6023360790194, 42.49449571730304, 42.671475447229355, 41.47445571170748, 41.92712868615196, 42.11513289660299, 42.13530979955118, 42.062121339914015, 42.056438472145665, 42.43549687677431, 42.93000474930126, 42.10265428410811, 42.082972242588696, 42.392003240218244, 42.39607037119127, 42.493157695911485, 41.75689420904135, 42.4427176906859, 41.32749092886841, 42.434846738028426, 41.415739534832845, 41.37547322695378, 42.28145946397261, 43.329178600839136, 42.66531585665244]
[41.95373764118544, 42.43488047856437, 42.736248319357614, 42.36694991396871, 41.41675866226749, 42.27958654550118, 42.67810865799293, 41.76262890668479, 41.953519714140775, 43.38580125553794, 41.982575684694275, 41.682410805010484, 42.700590775486724, 42.60106329775973, 41.35043078370631, 42.2223822215586, 41.93906120212598, 42.05074259550612, 42.54309953186195, 42.44865137280971, 42.464864806823236, 42.945337089112314, 42.3927527117329, 41.99895744119938, 41.52161217087366, 41.6023360790194, 42.49449571730304, 42.64366890119594, 41.42312948706052, 41.767770921312, 42.02345032134866, 42.13530979955118, 42.037645877787085, 41.97811462379783, 42.40693873910312, 42.93000474930126, 41.95721753844539, 42.00599059571241, 42.3041324449071, 42.39607037119127, 42.38177852162981, 41.75689420904135, 42.316037524867895, 41.27513883108499, 42.41307543861946, 41.415739534832845, 41.325848550464926, 42.23107650973123, 43.25669429680538, 42.66531585665244]
[41.80044683261195, 42.43488047856437, 42.736248319357614, 42.14883036273956, 41.41675866226749, 42.238958811991125, 42.472081343966984, 41.439549791730975, 41.953519714140775, 43.38580125553794, 41.94915715278347, 41.638101289163856, 42.63919442849981, 42.60106329775973, 41.32104814424457, 42.161577024270876, 41.87384736448135, 42.04623833360488, 42.54309953186195, 42.44865137280971, 42.464864806823236, 42.89506490742487, 42.147153961185616, 41.99895744119938, 41.36715019371795, 41.54494972143168, 42.42720197638687, 42.588686296513835, 41.377074875649306, 41.767770921312, 42.02345032134866, 42.08266211202515, 42.004025690379436, 41.97811462379783, 42.174693348680954, 42.785378676646715, 41.90147762234231, 42.00599059571241, 41.99600179762946, 42.326188668886495, 42.260423450300486, 41.55987521392396, 42.298278627532156, 41.20916541012886, 42.27342920928085, 41.415739534832845, 41.27006255141301, 42.23107650973123, 43.18208440807384, 42.66531585665244]
[41.58625020513803, 42.41875981576154, 42.62399480413921, 41.868276834620595, 41.39031373329798, 42.21552750673889, 42.472081343966984, 41.439549791730975, 41.87343288020581, 43.251108474673785, 41.94385944611701, 41.63714308714968, 42.58489709710702, 42.60106329775973, 41.071818254961855, 42.161577024270876, 41.87384736448135, 41.96442565930623, 42.32803137267275, 42.3882083186531, 42.43921287337434, 42.875896814178766, 42.03343575105238, 41.96771955526353, 41.28656665855338, 41.214903752992754, 42.422845186277335, 42.47077171539617, 41.341658237952274, 41.65267579458367, 41.96330022319767, 42.00902540126877, 41.974057588055665, 41.76736162423322, 42.00613324479002, 42.785378676646715, 41.810819300588776, 42.00599059571241, 41.97820585752983, 42.31079857082854, 42.260423450300486, 41.55987521392396, 42.214034439294224, 41.154357248599226, 42.23327993312961, 41.415739534832845, 41.19491827804136, 42.23107650973123, 43.14068262874033, 42.61384706562228]
[41.58625020513803, 42.17669855952504, 42.56061326263558, 41.6835714175797, 41.29785414266607, 42.15560564182784, 42.432756139516854, 41.439549791730975, 41.76538430515883, 43.04247798677322, 41.844557339961035, 41.63714308714968, 42.544262594318134, 42.60106329775973, 41.03860005353398, 42.141662731403834, 41.87384736448135, 41.96442565930623, 42.23768662850995, 42.16031415810875, 42.42846998851722, 42.80213828568463, 41.99496075408824, 41.92810028536507, 41.11363300847297, 41.046306434009985, 42.379162952811726, 42.304519267713154, 41.341658237952274, 41.615715910850305, 41.796683637870686, 41.98911569163635, 41.82747196993783, 41.62920490372407, 42.00613324479002, 42.785378676646715, 41.7420666196567, 42.00599059571241, 41.92425310610072, 41.96715306158772, 42.20023318558064, 41.55987521392396, 42.19858424407694, 40.97508419730067, 42.1539034446522, 41.27129272339231, 41.187944551235695, 42.15344511063442, 43.080524726704674, 42.38473149411573]
[41.58342286422488, 42.17422863435303, 42.512631046967655, 41.51362175567407, 41.267283209809065, 42.15560564182784, 42.31664603604658, 41.439549791730975, 41.52007560232856, 43.04247798677322, 41.77971923370561, 41.63714308714968, 42.54096488418589, 42.54820162075223, 41.03860005353398, 42.141662731403834, 41.87384736448135, 41.8622035978302, 42.23262244865032, 42.09859246476922, 42.33411283940341, 42.739132979114736, 41.8663562844781, 41.86075721873993, 40.966891870205885, 41.046306434009985, 42.1558008004739, 42.26014266930256, 41.324969518342215, 41.604458699963246, 41.73136542857753, 41.70450352425455, 41.783906840687436, 41.62920490372407, 41.86855303783408, 42.67408051401948, 41.69945368681368, 42.00599059571241, 41.839105766129244, 41.940399532981864, 42.19180081151506, 41.42110014525444, 42.19858424407694, 40.953164923835466, 42.1539034446522, 41.22568296074598, 41.187944551235695, 42.125939423087814, 42.92695209934114, 42.26454208970341]
[41.49982416946527, 42.12668069961624, 42.279685275435675, 41.45051648009409, 41.267283209809065, 42.113575596274856, 42.12467593412613, 41.300863790532524, 41.52007560232856, 42.879487694630264, 41.77954897814545, 41.62095562279166, 42.54035122673513, 42.54820162075223, 40.92459197041652, 41.906134509540735, 41.802238321297494, 41.84053443872248, 42.173477964431754, 41.87060545544712, 42.22244064725126, 42.63775511115519, 41.648937249134136, 41.810613010018706, 40.94454863694312, 41.046306434009985, 41.75442363016699, 42.207960553689084, 41.229794413433964, 41.604458699963246, 41.73136542857753, 41.70450352425455, 41.65729549778184, 41.62920490372407, 41.79915130614403, 42.6738413638282, 41.69945368681368, 42.00342812578447, 41.71373140429865, 41.84773792284851, 42.18401784957692, 41.42110014525444, 42.16958815760678, 40.88704920494427, 42.09940749184841, 41.18918007104764, 41.187944551235695, 42.09812933135545, 42.80131627117305, 42.227014288204415]
[41.49982416946527, 42.04201104429619, 42.25019413095476, 41.45051648009409, 41.14342250022376, 41.973796118126806, 41.77884383688446, 40.92072677954779, 41.417442534406064, 42.76201300003242, 41.62965473044695, 41.594271788185736, 42.45392885919806, 42.54820162075223, 40.864704565783356, 41.906134509540735, 41.802238321297494, 41.78492226582135, 42.050608343618705, 41.83019723704963, 42.22244064725126, 42.531699998266795, 41.606526054201645, 41.790047941761415, 40.94454863694312, 40.927061147922934, 41.63452209106127, 42.18110228181815, 41.19485754275835, 41.604458699963246, 41.73136542857753, 41.67587131722213, 41.45487622675256, 41.469289795268274, 41.79915130614403, 42.666799940726726, 41.555117234498, 41.8436939791991, 41.69624363787463, 41.77299814046675, 42.147237242951135, 41.14309075340844, 42.16958815760678, 40.88704920494427, 41.75860704837286, 41.1057164327865, 41.041961742133154, 42.05463919711177, 42.760032262668474, 42.227014288204415]
[41.08787117998075, 42.04201104429619, 42.22551188847492, 41.29651138393773, 41.00534806824352, 41.973796118126806, 41.72803864205269, 40.89214083599478, 41.38199062436968, 42.66386615585338, 41.387764107164415, 41.594271788185736, 42.44436824878614, 42.511913140074206, 40.86402979498435, 41.722736899689934, 41.61763194360008, 41.66375567365161, 42.015988483289085, 41.80727264505589, 42.093864650505125, 42.41701880770448, 41.539453837052925, 41.790047941761415, 40.94454863694312, 40.889426434737004, 41.56941479253614, 42.18110228181815, 40.85334426995835, 41.52659217069387, 41.73136542857753, 41.48961545958376, 41.37684715927344, 41.469289795268274, 41.781530718225454, 42.592823948540556, 41.555117234498, 41.8436939791991, 41.69292558352433, 41.77299814046675, 41.995805234557054, 41.14309075340844, 42.02319712796506, 40.88704920494427, 41.75860704837286, 41.041506094051776, 41.011515403850545, 41.80753516224769, 42.760032262668474, 42.107576016771574]
[41.08787117998075, 42.04201104429619, 41.85437184020477, 41.25505220431377, 41.00534806824352, 41.93363157074362, 41.59031616166102, 40.85782552699275, 41.3511362751241, 42.66386615585338, 41.24414481022656, 41.319218466843424, 42.1736011064785, 42.392888378121185, 40.86402979498435, 41.23603036208391, 41.61763194360008, 41.57750213517541, 42.00971697696593, 41.70070688580108, 42.093864650505125, 42.41701880770448, 41.464160103258, 41.74115626822562, 40.89256860722904, 40.81545238020118, 41.26239116506755, 42.09553299728306, 40.779647408206515, 41.52659217069387, 41.71120836632789, 41.48961545958376, 41.347607457126244, 41.38246332861836, 41.602178901180224, 42.50783131782272, 41.37820952173071, 41.69579104742071, 41.54767062872127, 41.6144702340553, 41.995805234557054, 41.04458637656669, 42.02319712796506, 40.871011505864956, 41.582636608857044, 41.04138576735368, 41.011515403850545, 41.80753516224769, 42.760032262668474, 41.95832875927717]
[41.08787117998075, 42.04201104429619, 41.81640796139916, 41.25199866654389, 40.99711696040917, 41.93363157074362, 41.550660009481156, 40.83105891304645, 41.347077793360356, 42.66386615585338, 40.99149031850691, 41.23109209807312, 42.05220671810469, 42.392888378121185, 40.54232086828127, 41.1764182037882, 41.61763194360008, 41.522236250659596, 41.74799561470359, 41.61253373775302, 42.06679093618691, 42.41701880770448, 41.370649157597285, 41.74115626822562, 40.89256860722904, 40.8105873420458, 41.26239116506755, 42.07850391615192, 40.530491124115024, 41.49559715823153, 41.71120836632789, 41.431178170580026, 41.297093687273204, 41.29936605468915, 41.51124533745154, 42.23814671034559, 41.37820952173071, 41.66948707823279, 41.47127355764947, 41.50578223967354, 41.94285604700825, 40.95399915190451, 42.02319712796506, 40.83631549687211, 41.560353850313895, 40.972607398102255, 40.9846694449938, 41.72324288397674, 42.746704966491436, 41.88964934297785]
[40.91109076697016, 42.04201104429619, 41.81640796139916, 41.07653391985623, 40.92325742764814, 41.93363157074362, 41.400256255013005, 40.786297461132826, 41.14981369598517, 42.53381312327402, 40.99149031850691, 41.23109209807312, 42.05220671810469, 42.31170567150397, 40.54232086828127, 41.139940266574115, 41.544680259521826, 41.45861270960513, 41.745775707851074, 41.61253373775302, 42.05140771203712, 42.41192651267551, 41.3637032564152, 41.61568931231444, 40.89256860722904, 40.7368418309044, 41.26239116506755, 42.04042262726029, 40.50508847017399, 41.49559715823153, 41.664074521295, 41.292384864566415, 41.297093687273204, 41.29936605468915, 41.51124533745154, 42.15662680545684, 41.372440863380554, 41.55429220638696, 41.38552023531516, 41.45914408065047, 41.94285604700825, 40.67526376178857, 41.88067758039931, 40.80005808982729, 41.52183556769876, 40.866730265077315, 40.9846694449938, 41.66579623800247, 42.70844949558958, 41.74971355261822]
[40.82138746464949, 41.97796255689053, 41.81640796139916, 41.05655474704967, 40.805953659632344, 41.81845753342807, 41.284832731300895, 40.69968587569089, 41.14981369598517, 42.48117225025377, 40.93529614529066, 41.23109209807312, 41.985368573586975, 42.1965812632134, 40.54232086828127, 41.092166424844876, 41.346842884848876, 41.416332667022715, 41.745775707851074, 41.55165712827337, 41.89969037637269, 42.223538764233204, 41.31280840297008, 41.61568931231444, 40.876986246661104, 40.57471540751289, 41.21215864536826, 42.030740011343525, 40.50508847017399, 41.469992008715245, 41.64262752654153, 41.257029429809926, 41.297093687273204, 41.27765293975812, 41.51124533745154, 42.01999600024909, 41.34599996115415, 41.55429220638696, 41.38552023531516, 41.45914408065047, 41.71386474158466, 40.67526376178857, 41.800717938292436, 40.506246248067455, 41.52183556769876, 40.81788747247252, 40.9846694449938, 41.360774284564265, 42.70844949558958, 41.74971355261822]
[40.772273883803756, 41.95565039122298, 41.76910628383489, 41.05655474704967, 40.69911456575711, 41.81845753342807, 41.1272120011326, 40.51613964045138, 41.09367542195588, 42.447565555223704, 40.800129077032146, 41.00761772507713, 41.985368573586975, 42.1965812632134, 40.45538106504121, 40.98091442747737, 41.163513065360725, 41.30103267353115, 41.58723785169992, 41.55165712827337, 41.85124775564356, 42.05723734725706, 41.178557507587655, 41.60906298005592, 40.74563000847553, 40.563624174770375, 41.21215864536826, 42.00627940295921, 40.47392931189101, 41.36452200707854, 41.463286917707855, 41.257029429809926, 41.262157847256965, 41.27765293975812, 41.39862073076304, 41.92351569693203, 41.295529676795596, 41.52640491807415, 41.34086070723358, 41.44746403777408, 41.59853846442214, 40.67467594073956, 41.710313006129674, 40.35498728701759, 41.52183556769876, 40.81788747247252, 40.92518743347158, 41.360774284564265, 42.65764049693287, 41.67046255271612]
[40.63933435441407, 41.87346560063842, 41.76910628383489, 41.05655474704967, 40.564486546979396, 41.81845753342807, 41.06478532805582, 40.51613964045138, 41.08376434484164, 42.189741052450756, 40.787460900320355, 41.00761772507713, 41.981879257167996, 42.12321814177328, 40.352894287877696, 40.83497538604333, 41.061706446455446, 41.034567611292594, 41.537335097705835, 41.3661982002338, 41.610984909359324, 42.05723734725706, 41.178557507587655, 41.4974824716694, 40.58775927256359, 40.563624174770375, 41.21215864536826, 41.977116828320824, 40.47392931189101, 41.130382265228796, 41.230933695134624, 41.25664538796878, 41.16153085770072, 41.185504367973245, 41.36161991314377, 41.8902231416972, 41.20332970692628, 41.41647126564722, 41.296616989903626, 41.40811386781743, 41.57230124232534, 40.67467594073956, 41.68059768405324, 40.35498728701759, 41.52183556769876, 40.65323924103012, 40.92518743347158, 41.15449568184304, 42.52093591572394, 41.65946999521658]
[40.63933435441407, 41.834683840949616, 41.70404386017283, 41.03422920484957, 40.503285823907376, 41.72852155942829, 41.04623258922912, 40.51613964045138, 41.04441684604217, 42.13983855300247, 40.783777156072254, 40.89323686248888, 41.95753327947051, 41.84022614676692, 40.283568095820996, 40.65946322239769, 41.061706446455446, 41.034567611292594, 41.36612331823865, 41.3661982002338, 41.48938176869991, 41.9440023910811, 40.890772177978825, 41.4974824716694, 40.520662705271924, 40.563624174770375, 41.12325745222447, 41.74648362958103, 40.40166493039438, 41.056798558097555, 41.188488445174215, 40.974533506564875, 41.03778620790731, 41.185093752021956, 41.22881208158502, 41.703909044779074, 41.14317854734152, 41.321929889431786, 41.215786992215946, 41.40811386781743, 41.54124855465242, 40.646785491644366, 41.58623503003717, 40.316794388057104, 41.46041578495835, 40.65323924103012, 40.693136125472925, 41.08051125340101, 42.5032889869878, 41.56576142603846]
[40.58833658506377, 41.64492934928781, 41.67455601921617, 40.90524592062951, 40.45856089556881, 41.70723481101817, 41.04623258922912, 40.47714880792282, 40.94819835381046, 42.13983855300247, 40.70907618272027, 40.89323686248888, 41.95753327947051, 41.7025068182336, 40.16945266644744, 40.6365104608974, 40.71380439743428, 41.034567611292594, 41.320436645926335, 41.29974464579059, 41.48938176869991, 41.82937586248936, 40.85175147419632, 41.4321253231145, 40.47642940026132, 40.49855742372056, 40.96619147413018, 41.6727594588674, 40.089784528659166, 40.90584345255199, 41.11608689310812, 40.974533506564875, 40.99743919609102, 41.16096459585515, 41.115173572879215, 41.572544946581274, 41.14317854734152, 41.321929889431786, 41.11968489364598, 41.28417186301171, 41.51938061024168, 40.6445083811225, 41.58623503003717, 40.316794388057104, 41.405528952403266, 40.65323924103012, 40.581573720011065, 41.04900749038784, 42.44767804975578, 41.529416881119765]
[40.57948838748913, 41.53855777786974, 41.67455601921617, 40.90524592062951, 40.31614386227079, 41.55466715482113, 40.99654163670246, 40.47714880792282, 40.82325014561822, 42.13627420420825, 40.68520632445417, 40.89323686248888, 41.92483972572164, 41.536677034988585, 40.161807458995966, 40.6365104608974, 40.597872742276174, 40.94791995394032, 41.15537698273455, 41.208702162826874, 41.48938176869991, 41.62952068249357, 40.83644605984082, 41.30292350013603, 40.47642940026132, 40.33197043828535, 40.792395959997904, 41.43591540149366, 39.80157473912889, 40.90584345255199, 40.99203535200023, 40.806540210452724, 40.96867155031858, 41.09962433159406, 41.0308998859614, 41.572544946581274, 41.09809605745424, 41.26796613846608, 40.9378034289691, 41.28417186301171, 41.43344732905989, 40.40798487873948, 41.284718770091516, 40.230694465297496, 41.24185912711912, 40.59490820757546, 40.42068949356663, 40.9785810163027, 42.43447137394338, 41.5160905498284]
[40.42212664519588, 41.45394960315589, 41.58198365654093, 40.7055365296235, 40.14584401910115, 41.531148013674525, 40.89468998570806, 40.38294959014411, 40.75355021133114, 42.13627420420825, 40.585351172632066, 40.89323686248888, 41.84467437676784, 41.52702614333653, 40.126871096818064, 40.46189271343229, 40.37892013944192, 40.85937362028295, 41.09850976715017, 41.19399633815474, 41.48938176869991, 41.62952068249357, 40.730631202804275, 41.19865485264571, 40.344272035620065, 40.29820596866391, 40.72684305527649, 41.31705004797723, 39.724105497665036, 40.90584345255199, 40.986533254496386, 40.792178804710765, 40.870869644410426, 41.09268907957916, 41.0308998859614, 41.572544946581274, 41.022194076364165, 41.239869324901306, 40.93393411234867, 41.21745442105187, 41.341626920391775, 40.39862176858459, 41.27897045688876, 40.181470623981085, 41.17099338147352, 40.50604197579243, 40.33382358840791, 40.9785810163027, 42.43447137394338, 41.464035760401444]
[40.412145406721734, 41.35071314109183, 41.518268170295485, 40.69313587426759, 40.07138187061311, 41.519306248120884, 40.78945248978193, 40.38294959014411, 40.61322766686693, 41.994772630400405, 40.585351172632066, 40.75765262154139, 41.77172202813618, 41.21524486979581, 40.10141769883675, 40.42033962686278, 40.29648265590732, 40.782862202876686, 40.9190565476892, 41.19399633815474, 41.3553053907387, 41.45667764762904, 40.68394932352299, 41.19865485264571, 40.124580673938816, 40.255758355001824, 40.675388747208544, 41.31705004797723, 39.61331361209359, 40.83651201389624, 40.96154607563628, 40.79172678100393, 40.823423119402904, 41.001807310390234, 41.02598411950322, 41.55995147431511, 41.022194076364165, 41.22157280505604, 40.891409308321315, 41.21745442105187, 41.341626920391775, 40.09901527644862, 41.24954888811819, 39.87436273424658, 40.990300008396346, 40.33861471898158, 40.33382358840791, 40.95118520418221, 42.43447137394338, 41.451797748216286]
[40.10175808738303, 41.35071314109183, 41.49140021884958, 40.6917224349653, 39.945524443067036, 41.25672036669697, 40.72281884667534, 40.27432673032947, 40.54957583944806, 41.939665748210714, 40.585351172632066, 40.640973541959696, 41.75158097283432, 41.21524486979581, 40.08593669587947, 40.42033962686278, 40.098523254734104, 40.769897321696895, 40.80656594652219, 41.14062968145331, 41.3553053907387, 41.452937967908255, 40.518064458799195, 41.19865485264571, 40.124580673938816, 40.056664833272826, 40.567510139825856, 41.19900540931922, 39.59641781533148, 40.73722662357401, 40.875698415387866, 40.67963056698726, 40.685324353121814, 41.001807310390234, 40.99033113164881, 41.55995147431511, 40.99541633530294, 41.11255146480888, 40.76591454896407, 41.17013345149829, 41.341626920391775, 40.09901527644862, 41.24954888811819, 39.87436273424658, 40.96117094052014, 40.29140651387824, 40.24748461203352, 40.84590831226731, 42.43360793552533, 41.41164858295874]
[39.96148165952177, 41.31866614228795, 41.4392980606135, 40.630125574827204, 39.945524443067036, 41.25672036669697, 40.6693687714121, 40.27432673032947, 40.497669538097206, 41.9374786347194, 40.43808205225059, 40.538957432367965, 41.7177149175279, 41.12113085513335, 40.02689016404423, 40.24660055724037, 40.098523254734104, 40.7639226649625, 40.791105508181175, 41.135020067652164, 41.28067593286896, 41.31042679265467, 40.518064458799195, 41.085509848800974, 40.124580673938816, 39.93418181793634, 40.567510139825856, 40.86331443110185, 39.59641781533148, 40.647488053086064, 40.873952407208506, 40.41901556077035, 40.685324353121814, 40.884249110950286, 40.99033113164881, 41.55995147431511, 40.85346718345044, 40.89581655447577, 40.590576602108385, 40.738931211334965, 41.2556512431917, 40.09901527644862, 41.13784749034018, 39.82537527350545, 40.86721414116036, 40.23909581702103, 40.24748461203352, 40.83698375501338, 42.330877319658306, 41.19465088085398]
[39.87251053428993, 41.18796342703754, 41.400686028438926, 40.630125574827204, 39.91869439459936, 41.245974086702056, 40.652030264522224, 40.23665028600368, 40.362765934198855, 41.868909669154554, 40.43808205225059, 40.538957432367965, 41.62513563425401, 41.07834828410192, 39.936174774556164, 40.24660055724037, 40.02161060565866, 40.71504139481618, 40.74779263500273, 40.998131545889215, 41.235170856007116, 41.31042679265467, 40.518064458799195, 40.98021584019142, 39.95654924946593, 39.61390344098551, 40.551047281048014, 40.68770387605237, 39.45231663698747, 40.647488053086064, 40.83547398513551, 40.11949659716982, 40.598355102761786, 40.73203290546174, 40.88791724855197, 41.3962526420507, 40.774855968898606, 40.890876494510906, 40.43355982610895, 40.738931211334965, 41.01482258499152, 39.90911610593402, 41.13784749034018, 39.771675382135314, 40.81861688413171, 40.204169435139995, 40.19789501967694, 40.83198297713832, 42.20283709794573, 40.968073019291026]
[39.87251053428993, 41.14390046602172, 41.400686028438926, 40.55494998767405, 39.88002967493648, 41.21911571315518, 40.652030264522224, 40.23665028600368, 40.324309923429325, 41.81693542092271, 40.38513524422289, 40.538957432367965, 41.46836569512401, 41.07834828410192, 39.936174774556164, 40.24660055724037, 40.01557737136422, 40.66109516930228, 40.74779263500273, 40.968049986976006, 41.11965707019239, 41.31042679265467, 40.478800927123764, 40.92600979622448, 39.8874373718764, 39.61390344098551, 40.551047281048014, 40.642529127104595, 39.40609186643867, 40.38591558941105, 40.79995857640763, 40.119152285253804, 40.53255784370085, 40.71586170030003, 40.7054507564388, 41.3805649096223, 40.628271121733704, 40.7729802620808, 40.41223838929088, 40.61252002365843, 41.01056568782824, 39.90911610593402, 41.019088854131645, 39.67540149998603, 40.79163081833563, 40.204169435139995, 40.19789501967694, 40.81102196814645, 41.832849063615804, 40.95943758720608]
[39.65803695456315, 41.14390046602172, 41.345713089047955, 40.54343743390327, 39.78521120240979, 41.08291327077102, 40.65140195149169, 40.12629724139974, 40.324309923429325, 41.75535551451922, 40.368398357926914, 40.462337568320756, 41.244543034308826, 40.92800574911957, 39.90418771973829, 39.94168947879395, 39.89434641137616, 40.56410616970661, 40.72427491688832, 40.87567368673466, 41.10540678514987, 41.23478499764373, 40.43660768496419, 40.92600979622448, 39.760854674948945, 39.487471100210286, 40.551047281048014, 40.63726097899203, 39.31397416755995, 40.10601132290547, 40.746108009685734, 40.119152285253804, 40.35751792146897, 40.71586170030003, 40.7054507564388, 41.248027335688036, 40.5006680164467, 40.575714532559786, 40.290613817007156, 40.55290885540406, 40.96638895774832, 39.90911610593402, 40.857310922890996, 39.67540149998603, 40.79163081833563, 40.093217411539854, 40.07964173661212, 40.57891165137346, 41.832849063615804, 40.95943758720608]
[39.43469950363816, 40.98437194146795, 41.345713089047955, 40.37255410951572, 39.78521120240979, 40.99784084105726, 40.58366535832477, 39.93266028956484, 40.31852001119628, 41.57849836968004, 40.368218555739624, 40.462337568320756, 41.175291055148065, 40.84360839933427, 39.90418771973829, 39.906208552468534, 39.79134774973506, 40.52227107327258, 40.688567688273686, 40.87567368673466, 40.71779862190141, 40.90181085378266, 40.43660768496419, 40.91698494372473, 39.760854674948945, 39.487471100210286, 40.447036241393334, 40.58789632216789, 39.095903513799136, 40.10601132290547, 40.672963216840685, 40.112151858791734, 40.27999791964461, 40.56401134329594, 40.61540117152301, 41.152701359735055, 40.495475391278994, 40.481260285451384, 40.27622989496375, 40.416683915268095, 40.717602839787425, 39.7845245166166, 40.857310922890996, 39.66232436981597, 40.73883243329184, 40.029345313573174, 40.03546925450162, 40.45481181326273, 41.76420754294544, 40.83275582171867]
[39.43469950363816, 40.93024275238521, 41.3236984354556, 40.37255410951572, 39.567398362075245, 40.9260195440345, 40.48350788116075, 39.79966630419824, 40.12094458187975, 41.57060866467805, 40.27825957565784, 40.462337568320756, 41.175291055148065, 40.37096492637349, 39.88742027084349, 39.75742680963774, 39.783541057580905, 40.52227107327258, 40.67532351841568, 40.83922615636864, 40.59428182301919, 40.83909595044524, 40.31669267599599, 40.70754577909096, 39.75132351732961, 39.43206137629836, 40.39315770631025, 40.58789632216789, 39.095903513799136, 39.985195727622866, 40.59581232642937, 40.09173192197752, 40.27999791964461, 40.56395088632704, 40.46851586938867, 41.04647084989664, 40.495475391278994, 40.47057947287068, 40.15071240755573, 40.37537387617558, 40.64999611548556, 39.7845245166166, 40.75781333546223, 39.47759817334286, 40.73130177898519, 39.84467903096637, 39.930935536824194, 40.19971797117764, 41.52279200307119, 40.69354939187442]
[39.43469950363816, 40.67341031823987, 41.283961082584085, 40.30468195087646, 39.567398362075245, 40.866722864206814, 40.48350788116075, 39.75708526048309, 40.01053868353882, 41.494567812873484, 40.10366340971042, 40.462337568320756, 41.05352242548261, 40.29561453393862, 39.69496037970383, 39.63668237920488, 39.783541057580905, 40.52227107327258, 40.55059872820907, 40.798268226682545, 40.48494189263577, 40.83909595044524, 40.261519872955205, 40.58493596711245, 39.67986959296173, 39.43206137629836, 40.33825552731544, 40.571871956797715, 38.89792607505358, 39.96414306576435, 40.51303747921765, 40.04658997084924, 39.990483601045504, 40.549710856442594, 40.39701138489784, 40.93330164756516, 40.22184245049341, 40.47057947287068, 39.98188879309303, 40.329166304197734, 40.522316827804616, 39.7845245166166, 40.733003729124796, 39.35877272898028, 40.73130177898519, 39.81142977157101, 39.75552895874959, 40.09436331333984, 41.447289073301036, 40.57990692390954]
[39.41821876048427, 40.63171453283378, 41.12519712948881, 40.19400942898258, 39.567398362075245, 40.79522760837466, 40.48350788116075, 39.74727101104039, 39.61883184312157, 41.494567812873484, 40.06000989588806, 40.26716707334931, 40.9275810496874, 40.29561453393862, 39.48980737738934, 39.63668237920488, 39.78349686880357, 40.41651994761035, 40.34421016171645, 40.73576667771426, 40.48494189263577, 40.83909595044524, 40.18255655624415, 40.37214803221734, 39.49811507100599, 39.43206137629836, 40.322049827670924, 40.34112756542897, 38.84696551712214, 39.84904104104771, 40.26715465359388, 39.90756064441212, 39.94886283228537, 40.50330256247357, 40.310017424424224, 40.91348011654094, 40.22184245049341, 40.443917100789434, 39.94425469837857, 40.329166304197734, 40.288648693446, 39.760557257624576, 40.565792170831415, 39.29298647399122, 40.48301601664334, 39.78611957942617, 39.650777720856716, 40.029890561473394, 41.447289073301036, 40.53165787300751]
[39.41821876048427, 40.53895080643888, 41.12519712948881, 40.173363922756906, 39.39643639078069, 40.679498295968564, 40.29244906826222, 39.74727101104039, 39.595702110192974, 41.18295590059535, 40.06000989588806, 40.22319632459736, 40.7353572268202, 40.23292174675724, 39.47426194302358, 39.63668237920488, 39.78349686880357, 40.38415894179675, 40.18548605514043, 40.475326572951154, 40.330799604755406, 40.83909595044524, 40.05403579833042, 40.37214803221734, 39.43027181781611, 39.425794166335464, 40.23349594967048, 40.212774347783736, 38.57085570421315, 39.84904104104771, 40.26715465359388, 39.79916318564421, 39.90938740750505, 40.372196561442486, 40.19778441704691, 40.66651578028383, 40.166114795424335, 40.41986752567149, 39.923053938380164, 40.19423538771884, 40.21731913510934, 39.7558387297503, 40.47105414015424, 39.248426983316094, 40.459352612713566, 39.68255212129881, 39.58821987449057, 40.01967255524916, 41.37850755386971, 40.3642911086319]
[39.389185442817634, 40.23228929906186, 40.78798557816609, 39.843323321782435, 39.39643639078069, 40.39633520008321, 40.23503302306374, 39.74727101104039, 39.57838588008411, 41.002150211747804, 40.04974932121956, 40.19519646335782, 40.7353572268202, 39.90714480832142, 39.2627768379876, 39.63668237920488, 39.45437291273605, 40.14654950455848, 40.006687549616444, 40.39674514138587, 40.28324797103323, 40.68147582069686, 40.04821090950649, 40.266642765919165, 39.38694449136023, 39.41635449365106, 40.123576841068314, 40.15063010205151, 38.32676899640007, 39.71502283755869, 40.16204301026125, 39.79916318564421, 39.84177142279939, 40.35124986381498, 40.171228083341944, 40.598357296891194, 40.12179365832437, 40.1342457779363, 39.66299810423364, 39.91043830393666, 40.10209489415601, 39.612792396620264, 40.41508149107309, 39.248426983316094, 40.43785662348329, 39.352900776611946, 39.58821987449057, 40.01016260243142, 40.91501139965098, 40.3642911086319]
[39.35768595307141, 39.94595170742774, 40.72188252217816, 39.72367118643853, 39.39643639078069, 40.35902731095682, 40.10538738226524, 39.5740017411939, 39.45450583870472, 41.002150211747804, 39.965942701037804, 40.12697477137987, 40.679565143293644, 39.887715300477026, 39.2627768379876, 39.55101691313966, 39.45437291273605, 40.13606377242015, 40.006687549616444, 40.2243091090183, 40.28324797103323, 40.68042862944966, 40.04821090950649, 40.21957186219463, 39.38694449136023, 39.34731548614404, 40.09325409124485, 40.04091452052416, 38.28374337161067, 39.71502283755869, 40.067242576326244, 39.667851084084724, 39.68326589771043, 40.31780390989597, 39.902479535883934, 40.52882285107822, 39.78811986380708, 40.1342457779363, 39.65000764265438, 39.877162339992836, 40.041273559054034, 39.612792396620264, 40.38206169328762, 39.248426983316094, 40.32833547228487, 39.2012373799319, 39.58821987449057, 39.773800899218394, 40.85108901949945, 40.36274759675318]
[39.32712541851624, 39.94595170742774, 40.6977519977431, 39.57093071733981, 39.39643639078069, 40.275700588117346, 40.00032839414775, 39.5740017411939, 39.3849069806462, 40.88784237182928, 39.787099919469384, 40.03545941184353, 40.58434126142545, 39.837595437552665, 39.037139860616534, 39.490582075137944, 39.3270798022276, 40.13606377242015, 39.75493179975675, 40.22260720787905, 39.985828386915, 40.53773980522531, 40.04821090950649, 40.21957186219463, 39.217466557771516, 39.32103142816932, 40.03096001842122, 40.04091452052416, 38.132532670623576, 39.71502283755869, 39.96988090733059, 39.56845567258951, 39.54835124159035, 40.20968578574802, 39.87574860466585, 40.37618405193111, 39.583258179982614, 40.11144515275028, 39.597388310342765, 39.86899090052997, 40.041273559054034, 39.612792396620264, 40.187916884551285, 39.222899539806164, 40.20895555333416, 39.2012373799319, 39.58821987449057, 39.74026061643805, 40.82965515676126, 40.324599848506935]
[39.28652088680873, 39.94595170742774, 40.55029194269841, 39.5421446239066, 39.3477464057215, 40.17991095178345, 39.957947734817076, 39.487782229172105, 39.34813249631228, 40.816061929703565, 39.730154657185594, 40.034534649693185, 40.366388597752604, 39.7432036494847, 38.8813649801081, 39.490582075137944, 39.3270798022276, 40.00868657227359, 39.74677349613806, 40.18492108755338, 39.93648039335159, 40.45559549834748, 39.988923263579544, 40.21957186219463, 39.15011368389341, 39.25584683994005, 39.61006346429385, 39.98868938019321, 37.955746187354855, 39.66389658178239, 39.82758083749978, 39.4788115244401, 39.54835124159035, 40.188850345807516, 39.87574860466585, 40.37618405193111, 39.583258179982614, 40.08789206078076, 39.499663594211185, 39.82193655613084, 39.922465956401886, 39.612792396620264, 40.0729694573581, 39.15309648142971, 40.119288904921945, 38.94769513988039, 39.55634271668832, 39.6268862717083, 40.79083980722671, 40.324599848506935]
[39.28652088680873, 39.845924765757644, 40.2594180395801, 39.443962512597246, 38.99432616377374, 40.17991095178345, 39.74348647017116, 39.29421403497979, 39.29701124040674, 40.78535280293686, 39.730154657185594, 40.013461938617, 40.366388597752604, 39.7222348863745, 38.82937189645633, 39.380066993323965, 39.21972994460962, 40.00868657227359, 39.643611514805016, 40.18236440517255, 39.93648039335159, 40.43869057262951, 39.988923263579544, 40.21957186219463, 39.03986486881182, 39.25584683994005, 39.59834457787083, 39.97305158222798, 37.86319733020741, 39.49467439871202, 39.49791806594264, 39.382077693032926, 39.54835124159035, 40.188850345807516, 39.87574860466585, 40.34857992644429, 39.547672500115006, 39.98231390866796, 39.499663594211185, 39.81547820438601, 39.776248214459784, 39.612792396620264, 39.929393246971756, 39.0556993098102, 40.119288904921945, 38.777079062292984, 39.34427402703487, 39.451667656694134, 40.79083980722671, 40.31874412797934]
[39.1606503260672, 39.62199378716071, 40.181857356898135, 39.443962512597246, 38.99432616377374, 40.027805129002125, 39.52528324002619, 39.2628031723249, 39.29701124040674, 40.694401262460936, 39.49252246326888, 39.911088485895974, 40.29769568187933, 39.7222348863745, 38.82221264546776, 39.380066993323965, 39.21972994460962, 39.974990921891525, 39.643611514805016, 40.12009150326793, 39.87049873616674, 40.41692565030654, 39.91588275331808, 40.20736205684691, 39.03261855088123, 39.25584683994005, 39.59834457787083, 39.850403662930844, 37.86319733020741, 39.43705457952187, 39.382547835230795, 39.382077693032926, 39.49950170946497, 40.1472697201997, 39.79994043284937, 40.34857992644429, 39.52842290685085, 39.97750072527224, 39.49468901234426, 39.79395749781314, 39.776248214459784, 39.520399722369554, 39.65937238539618, 38.79228873130653, 39.91801890591696, 38.67295976278099, 39.34427402703487, 39.439778804719936, 40.79083980722671, 39.99075794652054]
[38.97581342169871, 39.556976992236486, 40.058991481433125, 39.37781902086587, 38.983175103492144, 39.97527933875707, 39.48639409013399, 39.25100963775061, 39.1518124739835, 40.5623321432215, 39.48762693863058, 39.86712018547522, 40.22774991568174, 39.70630125187551, 38.81332749876743, 39.36945293419183, 39.02958794039101, 39.86935663855203, 39.60717216193807, 40.051661220271434, 39.87049873616674, 40.40131370204689, 39.79345213767717, 40.068265501547145, 38.96939163211448, 39.24462772946495, 39.58252181526467, 39.850403662930844, 37.86319733020741, 39.42509517119017, 39.177619062725896, 39.29571293206065, 39.47370483735339, 40.11934460084784, 39.69634598279432, 40.3135372775863, 39.33855884780379, 39.97750072527224, 39.42339614486529, 39.56743546721261, 39.77387298551532, 39.520399722369554, 39.56916638668135, 38.72408326478006, 39.91801890591696, 38.67083742670188, 39.34427402703487, 39.432816398003624, 40.785795370518784, 39.93930838353505]
[38.840873414928595, 39.52240521406553, 40.05512975313811, 39.37781902086587, 38.85482593013522, 39.88958271479315, 39.48639409013399, 39.09595387305186, 39.07780306778076, 40.4820917388735, 39.48762693863058, 39.81808270875747, 40.199262492657425, 39.59219471400832, 38.72358764401862, 39.19960112733886, 39.02958794039101, 39.77460177982192, 39.60717216193807, 40.051661220271434, 39.854232855498786, 40.40131370204689, 39.7235080543936, 40.068265501547145, 38.96939163211448, 39.13592434731257, 39.3861046738485, 39.8103154471965, 37.86319733020741, 39.41341269619592, 39.05842654397811, 39.29571293206065, 39.45288929773079, 40.05414522842088, 39.69634598279432, 40.3135372775863, 39.251319319048115, 39.97750072527224, 39.40084787769392, 39.56743546721261, 39.54131886188051, 39.42982799699089, 39.458472829195635, 38.69840221221122, 39.85331304060109, 38.67083742670188, 39.34427402703487, 39.432816398003624, 40.68186691240557, 39.75085047728419]
[38.82216097829565, 39.52240521406553, 39.9899216343059, 39.37781902086587, 38.85482593013522, 39.87883038802016, 39.37887996315362, 39.01780087783917, 38.9749218825687, 40.4820917388735, 39.34543286564127, 39.802707172468544, 40.199262492657425, 39.50113907769893, 38.66347362506812, 39.177146246240156, 38.97112069799419, 39.707883319079414, 39.32872060481088, 39.89812989735619, 39.75741486805258, 40.19412829767877, 39.480495183325516, 39.9509301133061, 38.82557549100686, 39.13592434731257, 39.31047980426871, 39.62912699585437, 37.82490592093342, 39.268487465912166, 39.00564804859525, 39.29392885026888, 39.45059856278493, 39.90761429384, 39.69634598279432, 40.0748300274258, 39.1061693168641, 39.939382601794584, 39.35502605797967, 39.45810689428352, 39.5046644674641, 39.26095128145211, 39.458472829195635, 38.67394641577821, 39.74989459271855, 38.61952560308757, 39.34427402703487, 39.33675970835007, 40.59082431771945, 39.75085047728419]
[38.61318191270947, 39.52240521406553, 39.9899216343059, 39.290601753868074, 38.69550688786458, 39.87240434725402, 39.33039306441183, 39.01780087783917, 38.9749218825687, 40.35101183975415, 39.263721031140804, 39.802707172468544, 40.195322920244, 39.262218516099, 38.63226011444616, 39.140756311189364, 38.80458614135158, 39.47602871506651, 39.32872060481088, 39.81166968822265, 39.65465044498209, 40.08474741116946, 39.347463379963514, 39.9509301133061, 38.80385826620439, 39.08188382684425, 39.21222929362433, 39.449959164984925, 37.82490592093342, 39.17868452056301, 39.00564804859525, 39.189873382784015, 39.327141669110446, 39.84962615332573, 39.69634598279432, 40.02671305487803, 39.1061693168641, 39.9362876760146, 39.08242821874651, 39.45810689428352, 39.367065620214206, 39.22769034391184, 39.458472829195635, 38.615861151868245, 39.71310505723882, 38.61952560308757, 39.195851577830396, 39.18778407054596, 40.54476967180496, 39.75085047728419]
[38.60514600514536, 39.48776941343475, 39.769711337115986, 39.290601753868074, 38.562479511541326, 39.87240434725402, 39.2095641598223, 38.86433513436725, 38.860703519248005, 40.35101183975415, 39.19595909975436, 39.44791678295788, 40.07786470365723, 39.18162417528809, 38.60765063077771, 39.140756311189364, 38.80458614135158, 39.31111911132719, 39.2647244884208, 39.639569212893846, 39.637507479808185, 40.012593465031124, 39.347463379963514, 39.75868296816697, 38.78490807902214, 39.062875886628746, 39.17308847811838, 39.341511353242296, 37.82490592093342, 39.09079006777416, 38.999180500327014, 39.16698965004453, 39.14135527435733, 39.80763869327883, 39.65831832497147, 40.02671305487803, 39.025853785530856, 39.9362876760146, 39.048300807180354, 39.390427883304824, 39.366080944100176, 39.22769034391184, 39.44341530022132, 38.60844700657956, 39.685242403760675, 38.58752142338866, 39.15608182475448, 38.8891337908736, 40.54476967180496, 39.499081457268076]
[38.53217804724338, 39.442021453808294, 39.723938080679396, 39.272456194314614, 38.5478142285872, 39.78611473821974, 39.1572270462044, 38.86433513436725, 38.64510816262052, 40.35101183975415, 39.097510057804946, 39.40613659832453, 40.060081506706595, 39.18162417528809, 38.43358182046895, 39.0186976583815, 38.66911128644894, 39.31111911132719, 39.12907638794002, 39.42529551154827, 39.50863002564738, 39.960332443186815, 39.28177942427796, 39.67969555890265, 38.72709023954767, 39.062875886628746, 39.139961337762614, 38.99106132897269, 37.71289571048757, 39.08970425752228, 38.952401964169916, 39.141135468754484, 38.96293990069806, 39.69412930558646, 39.63831556771511, 39.92560091488781, 39.025853785530856, 39.72150866101166, 39.03265388947281, 39.390427883304824, 39.366080944100176, 39.095760074169114, 39.44341530022132, 38.523379482757164, 39.64044679667904, 38.5728731850983, 39.02716581899709, 38.72917366597305, 40.39884795755016, 39.39327035418171]
[38.53217804724338, 39.442021453808294, 39.65747442091164, 39.2702333461694, 38.42439843271685, 39.770883673095476, 39.1572270462044, 38.76291854610692, 38.64510816262052, 40.16811704820186, 39.05577877066685, 39.30458346210113, 39.97153427654328, 39.12430345540152, 38.38668264016843, 39.0186976583815, 38.66911128644894, 38.99403513754952, 39.12907638794002, 39.14720263375026, 39.50863002564738, 39.959053270132884, 38.82419758098802, 39.57291904750271, 38.68311967371534, 38.97613545395142, 39.08209223159554, 38.80458496020287, 37.647482291803435, 39.0195179473689, 38.940752640804234, 39.124289949680055, 38.96293990069806, 39.58085698519335, 39.388337225428145, 39.88757681566411, 38.71545023295947, 39.59886255558413, 39.02384682302649, 39.390427883304824, 39.366080944100176, 39.095760074169114, 39.44341530022132, 38.523379482757164, 39.62807056012543, 38.21810505688312, 38.9949984074626, 38.57329007837431, 40.37542451048027, 39.357627424239034]
[38.423592799923725, 39.442021453808294, 39.602254232100975, 39.0316508142224, 38.15562565246202, 39.73547798194581, 39.13881480129935, 38.76291854610692, 38.64510816262052, 39.87209130225206, 38.95075416983033, 39.26376902954216, 39.753500464372344, 39.12430345540152, 38.299692142515305, 38.88865869086231, 38.5890546470987, 38.978805155495, 39.096801438458826, 39.0329000340745, 39.471698096984916, 39.56999601506052, 38.82195265604073, 39.548236937614874, 38.6270305753013, 38.944967458145626, 39.01469454718314, 38.75321721537547, 37.647482291803435, 38.916964822885504, 38.850080089174675, 38.92524436911755, 38.8169312771099, 39.25549619474001, 39.37969306010909, 39.783808876181695, 38.6745427602977, 39.463292603420044, 39.02047613954163, 39.31173506562296, 39.206472800893344, 39.06474171561373, 39.40276160077904, 38.51201553071341, 39.604533950271716, 38.16131909550389, 38.953673647556926, 38.57133082822876, 40.37542451048027, 39.35471212117998]
[38.40392653780147, 39.38783880114619, 39.30259873057666, 38.9056282421154, 37.93389190767739, 39.558794622856496, 39.13881480129935, 38.76291854610692, 38.64510816262052, 39.810784820367715, 38.95075416983033, 39.154406295156186, 39.69324944355895, 39.12430345540152, 38.09495496702396, 38.88865869086231, 38.41304723509798, 38.886773638867886, 38.91394945559581, 39.0329000340745, 39.466169239312094, 39.47564362837956, 38.82195265604073, 39.532466099656304, 38.54076548358515, 38.91595138149177, 39.01469454718314, 38.75321721537547, 37.647482291803435, 38.916964822885504, 38.77751602396351, 38.909793566578955, 38.78466633764709, 39.22761922967401, 39.15007828399598, 39.75693264025134, 38.5991979178262, 39.463292603420044, 38.89241058235139, 39.190069223027535, 39.206472800893344, 39.030195660978066, 39.251396822957055, 38.51201553071341, 39.517791969011085, 38.16131909550389, 38.76665850437863, 38.54056458510288, 40.37542451048027, 39.35471212117998]
[38.28099498085716, 39.3569884009883, 39.2944392228539, 38.876766907346344, 37.80289315478134, 39.511100674082215, 39.13881480129935, 38.74661271754693, 38.62852387742542, 39.810784820367715, 38.940122035469535, 39.154406295156186, 39.64661100251256, 39.09768852256155, 38.09075779830468, 38.87477826705463, 38.267814913668936, 38.87859449559793, 38.91394945559581, 39.0329000340745, 39.45143569232357, 39.47564362837956, 38.682701517596904, 39.448775951861926, 38.44435239726984, 38.907862349679434, 39.01121056283256, 38.75272716000957, 37.64659645919015, 38.88615028215604, 38.77751602396351, 38.87562936137944, 38.612209226694745, 39.10348977148953, 39.08084457770682, 39.751973169983, 38.41586819083, 39.3204329409412, 38.89241058235139, 39.11487870991135, 39.206472800893344, 38.910790265158894, 39.1570562909346, 38.40557911499578, 39.400706467107895, 38.1003530810955, 38.76665850437863, 38.54056458510288, 40.16525916018789, 39.35471212117998]
[38.28099498085716, 39.2975535260476, 39.2944392228539, 38.8134748540612, 37.767512554392944, 39.50631800134355, 39.11218323781708, 38.63487682774148, 38.62852387742542, 39.810784820367715, 38.85928325157342, 39.154406295156186, 39.41514074492931, 39.068686696864226, 38.056336708034216, 38.85299824681162, 38.26605939259237, 38.87859449559793, 38.909821178881934, 39.00502594815647, 39.41644334683711, 39.387018641895935, 38.63386610762867, 39.22188552258544, 38.44435239726984, 38.844226727178786, 38.99843970361506, 38.56543126643086, 37.64659645919015, 38.88615028215604, 38.77544971211553, 38.86727765989884, 38.612209226694745, 39.09999851750238, 39.05413892037579, 39.68728951188405, 38.40028751401026, 39.17197179086537, 38.82710247266548, 39.09927786113717, 39.140580759222345, 38.873377564491804, 39.1570562909346, 38.244995894058725, 39.233555309614076, 38.08270501308034, 38.76665850437863, 38.51916689486775, 40.05843193883903, 39.18777916104746]
[38.011243098882076, 39.07029782271444, 39.15696150950139, 38.66731846434697, 37.767512554392944, 39.470211892662334, 39.05250435768933, 38.63487682774148, 38.62852387742542, 39.678181796682395, 38.81479106523635, 39.00760888309527, 39.34268035005466, 38.79360361155055, 37.95926408545011, 38.85299824681162, 38.224705104665716, 38.86609716713658, 38.858099062199365, 39.00502594815647, 39.369808580422884, 39.22320760634601, 38.53964520905613, 39.196305152487064, 38.373705604009885, 38.79165127897615, 38.95582379613652, 38.55307928485874, 37.62155410024563, 38.87627940696999, 38.68344654334068, 38.78172119887783, 38.38223422801077, 39.09261009917852, 39.05413892037579, 39.62819417326224, 38.217261853820844, 39.17197179086537, 38.68056221078163, 38.75491531148418, 38.95545939913471, 38.78919561455257, 39.15223916633879, 38.1239218786719, 39.18219886257024, 37.93577118401395, 38.67589517638308, 38.51916689486775, 40.016311550494336, 39.17088012068704]
[38.0033911159262, 39.0412411752542, 39.083868439874564, 38.66731846434697, 37.555463763925175, 39.34017042579093, 39.05250435768933, 38.61330028762433, 38.62852387742542, 39.64671592492483, 38.81479106523635, 38.8615621460646, 39.185604796354184, 38.78630807031763, 37.91243083720024, 38.79035467661015, 37.99643672745233, 38.73633080959539, 38.858099062199365, 38.925305114009234, 39.369808580422884, 39.15786657948469, 38.53737238905836, 39.157027494396196, 38.25945660159731, 38.79165127897615, 38.91941721577005, 38.463386425915125, 37.574558832006765, 38.857640342042416, 38.679897050059296, 38.588154328482325, 38.38223422801077, 39.06989717278121, 38.894102108666985, 39.61718676601451, 38.1942553967933, 38.90073340921577, 38.601958894595136, 38.683768588084526, 38.896308075027676, 38.78919561455257, 39.11661192865991, 38.1239218786719, 39.041216577656506, 37.86637748419825, 38.58184079006867, 38.50939031105958, 40.016311550494336, 39.107497642132266]
[37.782977614521954, 39.0412411752542, 39.083868439874564, 38.59618993850128, 37.555463763925175, 39.1494892816689, 39.05250435768933, 38.59617397787828, 38.519267302378445, 39.64671592492483, 38.40285969784569, 38.624003521607385, 39.11525576688765, 38.71867901395696, 37.841342057095716, 38.79035467661015, 37.97226114093978, 38.70927850575664, 38.73698371205957, 38.925305114009234, 39.369808580422884, 39.12987008450055, 38.47126090213683, 39.12081049462972, 38.102554452163815, 38.74558087318953, 38.75518622631078, 38.3831785077238, 37.51579232448542, 38.64038238261559, 38.67198282204854, 38.583760915310506, 38.38223422801077, 38.863470751170794, 38.856365400633, 39.33841825629508, 38.1942553967933, 38.83606987810619, 38.562788643449736, 38.64212041362589, 38.79456201967188, 38.71345509825319, 38.90704706106459, 38.1239218786719, 38.78917415018934, 37.80578691837282, 38.43016910730718, 38.46420660887012, 39.87709534646308, 39.06933515966158]
[37.75816602027623, 39.01454506645073, 39.01832796516319, 38.59618993850128, 37.477095135629085, 39.0439880494204, 38.815896430402574, 38.56824701932703, 38.50155683713778, 39.44640853952276, 38.339433458706424, 38.56697427391289, 38.971643341772335, 38.71867901395696, 37.74259295163303, 38.71852273484408, 37.87895481155771, 38.61981745740018, 38.73698371205957, 38.79576991633746, 39.21491413000159, 39.03049641967679, 38.21402731482753, 39.12081049462972, 38.08207187888457, 38.64103090948619, 38.66117486761506, 38.232092351963175, 37.51579232448542, 38.48252045687636, 38.49630706914921, 38.583760915310506, 38.38223422801077, 38.863470751170794, 38.856365400633, 39.28858350518372, 38.1942553967933, 38.702223108703215, 38.337988953955325, 38.59566608790395, 38.71707500295709, 38.64400409906655, 38.84564160305613, 38.04860798613576, 38.7829286186125, 37.58554230402455, 38.40035637167061, 38.38724945872879, 39.87709534646308, 38.980903698753096]
[37.75816602027623, 38.93820865425513, 39.01832796516319, 38.43930990624177, 37.4443582023973, 39.0128089294157, 38.78460739262128, 38.56824701932703, 38.44255564236778, 39.44640853952276, 38.24243629054081, 38.550395407049855, 38.904195348799874, 38.6828510575096, 37.730213200695964, 38.49122666020351, 37.75021582432866, 38.490077069632136, 38.7319753277722, 38.78109405251507, 39.19936318155092, 39.03049641967679, 38.13777558698871, 38.97632512478985, 38.03731175978113, 38.62577015996344, 38.60071212307613, 38.218931235621035, 37.43464925067142, 38.48252045687636, 38.05442897616314, 38.564522838781826, 38.2977260723752, 38.863470751170794, 38.77908402819171, 39.21875484255203, 38.1942553967933, 38.649060426649186, 38.113208836159366, 38.534005788250425, 38.67364087251022, 38.57895725118379, 38.78327681017165, 37.9419997755476, 38.77230952219494, 37.58554230402455, 38.40035637167061, 38.35398371543386, 39.87709534646308, 38.980903698753096]
[37.74472152709185, 38.80011071793051, 39.01832796516319, 38.43930990624177, 37.39943759108684, 38.91636036075759, 38.48648060547068, 38.56824701932703, 38.43223329828687, 39.332652296173144, 38.24243629054081, 38.50439953443659, 38.773621744982094, 38.52771628929047, 37.72144451857669, 38.36247848244572, 37.75021582432866, 38.44121602471972, 38.7319753277722, 38.75100709161726, 39.19522309453556, 39.03049641967679, 38.00076251764703, 38.89428419915947, 37.98158988243799, 38.55127928301191, 38.5662069162135, 38.136379338484794, 37.29310777874836, 38.4656210675703, 38.05442897616314, 38.54848358666712, 38.215323528449545, 38.82821460929932, 38.77908402819171, 39.15860672637698, 38.189164857641984, 38.649060426649186, 38.113208836159366, 38.534005788250425, 38.38997802136788, 38.558284815600395, 38.75748360339283, 37.93090558572686, 38.73659423667452, 37.58554230402455, 38.40035637167061, 38.31074201189968, 39.862057606436636, 38.85139177753671]
[37.660559976238225, 38.79415111559238, 38.992537355440184, 38.24704515757627, 37.358126432229, 38.85378471816567, 38.48196671832609, 38.53959044548776, 38.40330463363585, 39.25061791071094, 37.88370766910306, 38.423261113027486, 38.57781610039292, 38.51828451974119, 37.601999596370874, 38.23975772410971, 37.6572921160944, 38.34538516643862, 38.71620910556818, 38.70610272881686, 39.05182407164034, 39.03049641967679, 37.76677256084945, 38.89428419915947, 37.77683905440615, 38.50662845267314, 38.387325725564, 38.136379338484794, 37.29310777874836, 38.42745092677285, 38.05442897616314, 38.50377976806619, 38.06706035829831, 38.797981452043075, 38.27205463364999, 39.123512293431595, 38.18662717121489, 38.649060426649186, 38.08404883177606, 38.41264018572712, 38.38997802136788, 38.540109610452504, 38.73702151541944, 37.93090558572686, 38.64549869659752, 37.57257202105557, 38.27656218370286, 38.26187291398161, 39.83341757991598, 38.807499944078884]
[37.62283317331409, 38.6221416057964, 38.937402389744435, 38.24704515757627, 37.32827724785484, 38.47116215423114, 38.48196671832609, 38.26939030359203, 38.21755623571083, 39.233557418909, 37.778346931137335, 38.357220016347384, 38.57781610039292, 38.472176003106554, 37.601999596370874, 38.22354556698612, 37.6572921160944, 38.172113066490645, 38.64866279363114, 38.59160174005801, 39.05182407164034, 38.91662873933512, 37.73503616933872, 38.710000461629946, 37.73691799374853, 38.34914952337142, 38.246860716515016, 38.10201319311548, 37.1297771751427, 38.35158523942508, 38.019457142460375, 38.42352530235894, 38.06706035829831, 38.723060330322696, 38.17730954927337, 39.012014072600024, 38.07693026035787, 38.506665468767025, 38.08404883177606, 38.41130325787884, 38.22587768171801, 38.4172892703558, 38.599085751821846, 37.88139963699908, 38.64147612124832, 37.566571273334894, 38.19163364400407, 38.26187291398161, 39.78143935900702, 38.807499944078884]
[37.6224010261999, 38.6221416057964, 38.937402389744435, 38.23889954456653, 37.27538036935234, 38.33352401290785, 38.45946126469412, 38.26939030359203, 38.21755623571083, 39.21752161697047, 37.75177271275641, 38.34934196277925, 38.57781610039292, 38.47041935865174, 37.44942715567749, 38.07150459211006, 37.51409952750355, 38.02640414399444, 38.48937584611359, 38.46554145222027, 38.84418775144796, 38.91662873933512, 37.54845823099741, 38.710000461629946, 37.73691799374853, 38.27453092891922, 38.12689103175816, 38.05677500356217, 37.084267852746784, 38.27244496224861, 38.0119233003399, 38.41998337657738, 37.990757694533585, 38.57352726205461, 38.126125702028034, 39.012014072600024, 38.07693026035787, 38.506665468767025, 38.04949068507047, 38.27620736123378, 38.150710428569376, 38.39492788753314, 38.599085751821846, 37.86498361023938, 38.363034745955275, 37.54484408720565, 38.17708677551893, 38.0876112832794, 39.76499879539335, 38.72030248707416]
[37.6224010261999, 38.556397846875214, 38.937402389744435, 38.238107302527666, 37.27538036935234, 38.17844746756963, 38.45946126469412, 38.07852207769722, 38.095741286187746, 39.20847922834261, 37.73950403585875, 38.2503525803113, 38.41299845262476, 38.29630914394869, 37.4352449543255, 37.90275397625079, 37.51409952750355, 38.016713727347806, 38.45004333119306, 38.29681715405237, 38.79912867544797, 38.90060923603255, 37.44630440794764, 38.63864085510909, 37.681413888311596, 38.27453092891922, 38.06013921872186, 37.952918657540685, 37.05214898521568, 38.26498978455159, 37.81439845932568, 38.31417518809114, 37.990757694533585, 38.39757963168351, 38.114012776674855, 38.98301547747248, 38.05091640307503, 38.422559891607776, 37.79427049978061, 38.19872824111154, 38.03328661692303, 38.36116460056698, 38.59801278949889, 37.645240398740235, 38.29843971846565, 37.54484408720565, 38.062082894733564, 38.0876112832794, 39.42973143716315, 38.68120249221966]
[37.57157194555164, 38.460979780092956, 38.80405404886431, 38.238107302527666, 37.18795995083498, 38.17844746756963, 38.445868640872675, 37.745293968946314, 38.078147799878586, 39.163986956641956, 37.73950403585875, 38.172675680916186, 38.39148589394365, 38.29630914394869, 37.4352449543255, 37.84721197931057, 37.51409952750355, 37.93854814228327, 38.45004333119306, 38.29681715405237, 38.79912867544797, 38.880167814147704, 37.34034612775145, 38.45699114492351, 37.6414530036496, 38.25816502370836, 38.06013921872186, 37.89646135658968, 37.006354837210154, 38.26498978455159, 37.70173969286201, 38.313610100676264, 37.88074041584615, 38.37357204893891, 38.04844334645442, 38.906505819436994, 38.05091640307503, 38.422559891607776, 37.74649016787653, 38.13547119726423, 38.03328661692303, 38.36116460056698, 38.54553813442328, 37.57089923933914, 38.128248850598986, 37.4769601024981, 38.062082894733564, 37.97714715614478, 39.338977615111034, 38.572398113726805]
[37.41125642780187, 38.435716223606406, 38.721154545526545, 38.238107302527666, 37.18307758404605, 38.16208191373659, 38.31384633483983, 37.73178713120662, 38.078147799878586, 39.00175614460829, 37.61193049051207, 37.944567577082466, 38.335100396513056, 38.29630914394869, 37.29728052834646, 37.78516773777646, 37.33713815305888, 37.93854814228327, 38.44533461133908, 38.14017913085522, 38.59400606965052, 38.77802500613423, 37.296576380676576, 38.45699114492351, 37.347760282429384, 38.23814704290418, 38.06013921872186, 37.89646135658968, 36.943055446834606, 38.134687169433356, 37.70173969286201, 38.13884511300695, 37.72460426157717, 38.37357204893891, 38.00052044650866, 38.8333655938855, 37.96890393380367, 38.422559891607776, 37.59139032369745, 38.13547119726423, 37.991005668782805, 38.21961720260402, 38.31192504017058, 37.53282917291245, 38.11227288147278, 37.32971906961742, 37.92762513231048, 37.94957047259408, 39.338977615111034, 38.56157426797276]
[37.185088385237115, 38.435716223606406, 38.721154545526545, 38.231203019130504, 37.01047977675872, 38.10625223979493, 38.24129443224689, 37.73178713120662, 38.022560497408264, 39.00175614460829, 37.51730106783284, 37.94114835333145, 38.30396239792443, 38.28692372187241, 37.25626059585774, 37.71929062603887, 37.301605898308196, 37.93669923264328, 38.44417426241497, 38.12442982415943, 38.57618611911577, 38.77802500613423, 37.23478955200376, 38.447715768247285, 37.347760282429384, 38.14193391738234, 38.0143209480869, 37.89646135658968, 36.943055446834606, 38.11746566224988, 37.62774484045526, 38.13884511300695, 37.711284998718796, 38.285737330105846, 37.997668717938275, 38.7840590736889, 37.76260336554581, 38.32837830114971, 37.59139032369745, 37.98829866667025, 37.991005668782805, 38.2059261460864, 38.31192504017058, 37.25226217233357, 38.11227288147278, 37.13270727467153, 37.833253566274394, 37.631962685115795, 39.10464582940644, 38.45330030075882]
[36.97904096834661, 38.08298317706453, 38.721154545526545, 38.074378095734545, 36.9157183651378, 38.043155257725275, 38.170414140525565, 37.71831834088643, 37.808575537769784, 38.809712549726264, 37.51730106783284, 37.94114835333145, 38.286935370693456, 38.28692372187241, 37.14203019606794, 37.68031437359179, 37.095711498466386, 37.887587572742525, 38.32286024964367, 38.12442982415943, 38.56517567135995, 38.761381662429784, 37.12253527824568, 38.359093737678045, 37.33310571888074, 38.09963421373489, 37.964896468533006, 37.89646135658968, 36.943055446834606, 38.11703502385737, 37.60230950449972, 38.11418606836304, 37.711284998718796, 38.15934538743414, 37.91400414614336, 38.75085567205133, 37.76260336554581, 38.32837830114971, 37.56435516923928, 37.96141472037621, 37.97902756818907, 38.06892821984886, 38.294211656244556, 37.25226217233357, 37.827558122699045, 37.117971396050066, 37.833253566274394, 37.5845215911487, 39.10464582940644, 38.38639031655665]
[36.605069141534855, 38.082053296458426, 38.648574676783866, 37.976391087716465, 36.9157183651378, 38.043155257725275, 38.12402329760995, 37.614032411852094, 37.471930200566476, 38.809712549726264, 37.442499698324035, 37.925448363022745, 38.286935370693456, 38.22475234458649, 37.04676405636373, 37.657299904375364, 37.095711498466386, 37.72146832271565, 38.32286024964367, 38.1172620342435, 38.383648075817845, 38.699998493797686, 37.12253527824568, 38.07146960731184, 37.31365392075885, 37.918069265467025, 37.6846480389088, 37.89646135658968, 36.88157647474348, 38.098674015000874, 37.59382120182978, 38.11418606836304, 37.50278195625231, 38.1455298067311, 37.91400414614336, 38.64574047163404, 37.76260336554581, 38.20063473093999, 37.43904294890292, 37.96141472037621, 37.97902756818907, 37.88598094116006, 38.233017081082984, 37.22543964704012, 37.827558122699045, 37.07479811668774, 37.78684711006107, 37.49866625247387, 39.10464582940644, 38.38242016116554]
[36.42414475981165, 37.92970184126995, 38.61154631394334, 37.8490832014515, 36.913865033966474, 38.043155257725275, 38.03494818026768, 37.571182405123956, 37.43844008234695, 38.72933411825751, 37.442499698324035, 37.925448363022745, 38.286935370693456, 38.168830045139565, 37.04676405636373, 37.571764442655514, 37.04224449947895, 37.61500719955687, 38.101963613641665, 38.006285204288375, 38.21164214083029, 38.63709668273052, 37.12253527824568, 37.94883389266398, 37.09460166314301, 37.90077873861179, 37.57812976125802, 37.86616443812741, 36.8325798741163, 37.932099150020164, 37.59382120182978, 38.09182840782792, 37.382320025704445, 38.0338792447587, 37.883899102515365, 38.31333452914424, 37.76260336554581, 38.20063473093999, 37.43904294890292, 37.94902894621177, 37.97902756818907, 37.8657789283657, 38.233017081082984, 37.090839131213315, 37.73527187954591, 37.05321783075798, 37.73629407311448, 37.4783371679723, 39.066926082546146, 38.38242016116554]
[36.42414475981165, 37.92970184126995, 38.57333773668053, 37.78597999166983, 36.909158185396, 37.95150584721513, 38.01643988710317, 37.523160164156785, 37.421719693904876, 38.70103552638937, 37.442499698324035, 37.925448363022745, 38.16511202946646, 38.117703960267136, 36.73522143550492, 37.390079945402775, 37.00046715962715, 37.61500719955687, 37.963178944590204, 37.98361092787272, 38.1647457731904, 38.49726687999591, 36.97613422072539, 37.91884850821809, 37.09460166314301, 37.8899620388097, 37.410753167105455, 37.748222599706644, 36.75230098227719, 37.932099150020164, 37.59382120182978, 37.71313714642075, 37.382320025704445, 38.01229940005042, 37.788349167532516, 38.28017539546562, 37.722661234338844, 38.15010046299973, 37.43904294890292, 37.93884042451351, 37.953425184883834, 37.8657789283657, 38.11307316018866, 36.95794617894507, 37.71177080695954, 36.991219312934035, 37.702758812602944, 37.4783371679723, 39.066926082546146, 38.28819219413278]
[36.304270984303166, 37.88684329237161, 38.385858764710214, 37.740542301314456, 36.874629472520816, 37.9033308988095, 37.83267781727848, 37.523160164156785, 37.421719693904876, 38.6851992835094, 37.35546258209037, 37.87531671943488, 38.09158799080232, 37.893566422501905, 36.675306159979534, 37.353078405031944, 37.00046715962715, 37.59276656203395, 37.963178944590204, 37.98361092787272, 38.161030013959454, 38.45313315443465, 36.97613422072539, 37.91884850821809, 37.09460166314301, 37.63753716228919, 37.219456826575524, 37.71876948616618, 36.75230098227719, 37.829114338861146, 37.59382120182978, 37.67862712250992, 37.28468614377622, 38.009418736898695, 37.628280212775614, 38.03633481681061, 37.698420953281264, 38.106767584979515, 37.43904294890292, 37.89813467312643, 37.836597211783044, 37.81301026232815, 37.77291067912499, 36.92004411795495, 37.65061585188143, 36.92627963284305, 37.392447617501105, 37.4783371679723, 39.014971115353795, 38.27619366700371]
[36.12134819938613, 37.83184545549671, 38.330185936033985, 37.62378840677846, 36.83721797847569, 37.85567896805932, 37.76293721319129, 37.523160164156785, 37.40675551236296, 38.64575959558546, 37.32428892783612, 37.642906080848846, 38.05450035580202, 37.81370192367375, 36.58639979005825, 37.353078405031944, 36.930292576534086, 37.524407378672706, 37.94006534089412, 37.95269125425937, 38.161030013959454, 38.45313315443465, 36.68578413851945, 37.90822946891266, 37.050618021001846, 37.52539795107067, 37.219456826575524, 37.71876948616618, 36.639852317894096, 37.829114338861146, 37.59382120182978, 37.67862712250992, 37.27977414017546, 37.83081936978906, 37.586465579729136, 38.002439685540686, 37.62048707925169, 37.992607307976876, 37.254877086050364, 37.80358775814781, 37.48801837225035, 37.55017613200766, 37.66395668278046, 36.917602920146905, 37.63734915247763, 36.83176941449183, 37.392447617501105, 37.39910875146971, 38.91504992178848, 38.098761157657734]
[36.112793203679395, 37.80337634195775, 38.31499118202595, 37.47271585897134, 36.79307952933677, 37.84284519203929, 37.72952102659525, 37.43266296983404, 37.15098741422087, 38.41264083660185, 37.260641454748296, 37.61678988445361, 38.04519574885926, 37.737452061608835, 36.58386700240062, 37.293565533078585, 36.930292576534086, 37.376024477028615, 37.89835108151711, 37.93395851173495, 38.12465257476843, 38.385279120306095, 36.679570369876885, 37.69771958353041, 37.032838894605426, 37.503796857558896, 37.160800715909836, 37.64430510286507, 36.5707889680573, 37.802550580867475, 37.59382120182978, 37.67862712250992, 37.27958418658678, 37.83081936978906, 37.42527016408879, 38.002439685540686, 37.50224718526537, 37.93505649635266, 37.16216065638089, 37.76126925897278, 37.47635604944911, 37.50304554187779, 37.57228632266129, 36.83715139024419, 37.51180107955037, 36.72382623002218, 37.392447617501105, 37.31782756245208, 38.7732334488211, 37.69661161893451]
[36.112793203679395, 37.80337634195775, 38.21678788160433, 37.38487122752778, 36.48907617445694, 37.71290134543471, 37.62372178906586, 37.43266296983404, 37.15098741422087, 38.286432572049, 37.054906140594326, 37.61678988445361, 37.96084977560621, 37.68928586618803, 36.549969097392264, 37.00824220729366, 36.92733635612486, 37.34730344126426, 37.53481702467203, 37.880030782735204, 37.91393575724279, 38.33126447334647, 36.679570369876885, 37.523639817053294, 37.032838894605426, 37.234110832734174, 37.160800715909836, 37.64430510286507, 36.561297550925396, 37.748207242214434, 37.54135835452517, 37.67862712250992, 37.27958418658678, 37.5846081403789, 37.39989921473124, 37.97692242021619, 37.46707283539935, 37.704436267172504, 37.16216065638089, 37.546043683392845, 37.344304500269025, 37.47224102640617, 37.53456527925131, 36.81262392085081, 37.51180107955037, 36.54848958781576, 37.37548764788126, 37.29011373732156, 38.74646259112321, 37.68140743780521]
[35.97397265251801, 37.80337634195775, 38.10322348766177, 37.37055005254184, 36.403275498309455, 37.630131150360896, 37.50005197237531, 37.29189604750568, 36.984879103197706, 38.190246164101254, 37.037168567842656, 37.46470806937514, 37.96084977560621, 37.68928586618803, 36.53717680329947, 37.00824220729366, 36.92733635612486, 37.310837819255944, 37.53481702467203, 37.800674091707144, 37.72019562023331, 38.28438769781094, 36.61482568919299, 37.39639799020846, 36.769091409461836, 37.15565516283526, 37.160800715909836, 37.46194094605964, 36.47273382918545, 37.748207242214434, 37.31813787226625, 37.51734846823058, 37.27958418658678, 37.5846081403789, 37.34072444970245, 37.87407492976617, 37.35117698865109, 37.41926425460247, 36.86235734874032, 37.50731695352194, 37.344304500269025, 37.42909585422132, 37.47762898294621, 36.787415959424614, 37.51180107955037, 36.54848958781576, 37.37548764788126, 36.86349092995003, 38.645047871374274, 37.53470492023713]
[35.96928317869664, 37.6340954040894, 37.95366424131356, 37.33514212502145, 36.38586430586484, 37.5515742979421, 37.38021383469001, 37.21717831796398, 36.931769468935855, 38.11256290968053, 36.95797791083148, 37.46470806937514, 37.95450782055055, 37.669447149154976, 36.48856579958765, 36.77815077691324, 36.830982818647065, 37.310837819255944, 37.49082300426596, 37.72931033524138, 37.62767505856663, 38.28438769781094, 36.61482568919299, 37.39639799020846, 36.69566353802013, 37.02751870201459, 37.02648865242686, 37.46194094605964, 36.269379306276235, 37.65736883097068, 37.31309615504187, 37.45543810134694, 37.14114247657459, 37.53794790662495, 37.267057995596176, 37.77440854977017, 37.20186454480879, 37.41926425460247, 36.679323290973215, 37.490051325043865, 37.19329626214998, 37.37938655651581, 37.47762898294621, 36.787415959424614, 37.41061456900475, 36.30441571680838, 37.28355160415514, 36.78720933132674, 38.430323212784295, 37.53470492023713]
[35.96928317869664, 37.560759662453265, 37.953143026534654, 37.23478578822525, 36.29132334610724, 37.5515742979421, 37.38021383469001, 37.21717831796398, 36.901751215044136, 38.015363348578376, 36.818674764302365, 37.32068958991447, 37.920050327820995, 37.669447149154976, 36.48856579958765, 36.76578180228825, 36.830982818647065, 37.1304655356153, 37.417794603021335, 37.72931033524138, 37.62767505856663, 38.2794169045727, 36.61482568919299, 37.28010350979384, 36.689860650628866, 36.855379600931805, 37.02648865242686, 37.44061242598147, 36.268109520879904, 37.65736883097068, 37.31309615504187, 37.28582789028424, 37.072245619005585, 37.48873923472563, 37.26533389660131, 37.74530125176757, 37.12010426187506, 37.372504235545556, 36.62817568282721, 37.35841542639991, 37.19040761869447, 37.221857653575476, 37.42019744251691, 36.72996509980484, 37.32506102581526, 36.30441571680838, 37.17403475111468, 36.705212460068076, 38.309751241625854, 37.33896700526173]
[35.93524604571822, 37.50315018016824, 37.856248242690455, 37.18694749617526, 36.26457807300996, 37.530174012971784, 37.22252986675032, 37.21052468814382, 36.901751215044136, 37.68076751640041, 36.76910008960188, 37.22579923255617, 37.920050327820995, 37.669447149154976, 36.371042926576145, 36.7524791799067, 36.78512740005702, 37.10470955026356, 37.40002989282219, 37.526503141630016, 37.431173284399144, 38.104297491611604, 36.52596694600292, 37.28010350979384, 36.68877081290108, 36.855379600931805, 36.78741050259818, 37.44061242598147, 36.20306173583361, 37.57503631251036, 37.28923578850958, 37.228873313780205, 37.0492914828971, 37.344982565058096, 37.132042811612564, 37.68540634133675, 37.116264338442555, 37.372504235545556, 36.57063062969551, 37.29567913504478, 37.19040761869447, 36.94639895998981, 37.38205507407217, 36.49974264349427, 37.27564381157153, 36.18970685777144, 37.10869741535839, 36.705212460068076, 38.27841416499235, 37.33896700526173]
[35.93524604571822, 37.37302601313817, 37.642548712929944, 37.055424373734084, 36.104162917261526, 37.37652069435251, 37.1413184999228, 37.16178136126955, 36.8828895012093, 37.67549524537303, 36.76910008960188, 37.136245644235274, 37.809512420572915, 37.59909928594385, 36.371042926576145, 36.70748880294628, 36.78512740005702, 37.04681662533776, 37.22063381725388, 37.403247023161406, 37.29109714198356, 38.104297491611604, 36.52596694600292, 37.22143478222205, 36.63143154988707, 36.791379059075894, 36.48952352342121, 37.34237749210586, 36.20306173583361, 37.57503631251036, 37.28923578850958, 37.228873313780205, 36.87514332935831, 37.28184405500609, 37.04423994542019, 37.63067841667191, 37.116264338442555, 37.32884777908203, 36.393601318449534, 37.208049467686415, 37.07730705033743, 36.88675371720904, 37.32150780126347, 36.42962352808097, 37.03059372197445, 36.173952086079154, 36.926204402055305, 36.43378488232614, 38.14409836101975, 37.33896700526173]
[35.91195844279757, 37.373023369606656, 37.642548712929944, 36.90912885413372, 36.082849885206045, 37.37652069435251, 37.1413184999228, 37.154814497541786, 36.82468692550732, 37.67549524537303, 36.67559919823223, 37.136245644235274, 37.789610853768956, 37.54418391901446, 36.20517050860371, 36.59667063028328, 36.6890977972065, 36.921381536045814, 37.17492751866466, 37.295302280581105, 37.04451003527735, 38.05840290330776, 36.39310254801417, 37.22143478222205, 36.63143154988707, 36.55508070536953, 36.428334766993466, 37.29586909189374, 36.10830408850299, 37.57503631251036, 37.23430844140581, 37.01766157567518, 36.86503657283562, 37.271125048847246, 37.0035140362973, 37.5250502613981, 37.00694365723282, 37.30133557185323, 36.33670233636535, 37.208049467686415, 37.07553251245617, 36.84473825677948, 37.030021364032514, 36.42962352808097, 37.03059372197445, 36.17245792695222, 36.814844155758365, 36.322400304263944, 38.04789470124569, 37.21446012880376]
[35.91195844279757, 37.226651599479126, 37.58609620107491, 36.90912885413372, 36.06907899189755, 37.05924208987348, 37.14123886716809, 37.090584103829165, 36.544014720565535, 37.59944879522712, 36.60714964911073, 37.136245644235274, 37.76714968283968, 37.54418391901446, 36.09234211201026, 36.49711487718126, 36.6890977972065, 36.72413582059141, 37.139372447453574, 37.19155741700861, 36.86769985132523, 37.90056515135744, 36.32300025973166, 37.22143478222205, 36.553294081420205, 36.53844770728826, 36.428334766993466, 37.216883778672575, 36.02738025173052, 37.45686021763959, 37.192262748216606, 37.01766157567518, 36.86503657283562, 37.10642205244156, 36.96844533255598, 37.332130033211484, 36.908236919691795, 37.264818687997646, 36.224639242962596, 37.05075433103535, 36.87209755806471, 36.682775994478945, 36.75177900271543, 36.30186428472713, 36.904810202088356, 36.17245792695222, 36.814844155758365, 36.322400304263944, 38.04789470124569, 37.09783186397801]
[35.91195844279757, 37.18960952840848, 37.40954448257451, 36.90912885413372, 36.06907899189755, 37.00583740901742, 37.042463836262684, 36.91904383742063, 36.52556067707626, 37.545929450697294, 36.49396488704548, 37.08586946943113, 37.74869952481448, 37.482982006809735, 36.08334760364033, 36.49711487718126, 36.640902768591744, 36.63912231964511, 37.13234077420512, 37.11284839655471, 36.81348289850295, 37.88050495519141, 36.32300025973166, 37.19698451665701, 36.5490065850234, 36.50451692719472, 36.365233907450445, 37.12764224826739, 35.95947898545833, 37.45686021763959, 36.993267328923416, 36.930128856320096, 36.82435485018026, 37.10280237527073, 36.95478033456378, 37.25674952867779, 36.908236919691795, 37.13194581943098, 36.224639242962596, 36.93493025985287, 36.823905727210246, 36.682775994478945, 36.71680649393406, 36.158828609498556, 36.69169787713311, 36.14598078274001, 36.757098094331255, 36.158213090567195, 38.00053427309207, 37.05919732685359]
[35.871505653864766, 37.1381486377998, 37.40954448257451, 36.84260300704139, 36.05500214703969, 36.93893789854581, 36.98842030368221, 36.64113131744181, 36.44875824635908, 37.545929450697294, 36.16573237638973, 37.08586946943113, 37.6751751784028, 37.482982006809735, 36.036108220541095, 36.47894205106534, 36.45721240738834, 36.63912231964511, 37.12946217171304, 37.11284839655471, 36.81348289850295, 37.88050495519141, 36.32300025973166, 37.14249199599674, 36.5490065850234, 36.48387292311372, 36.365233907450445, 36.729078023711345, 35.93206920990356, 37.417819792165595, 36.993267328923416, 36.89156380455448, 36.82435485018026, 37.022718097291985, 36.729237079780894, 37.25674952867779, 36.86166241255891, 37.13194581943098, 36.20948511230529, 36.93493025985287, 36.78942264671197, 36.682775994478945, 36.71680649393406, 36.1511001065851, 36.69169787713311, 35.85367195308287, 36.757098094331255, 36.05692823472139, 37.7016532637297, 36.984309621751656]
[35.847776763964745, 37.13513012277325, 37.40954448257451, 36.71979635126839, 35.98521096300809, 36.78953936378149, 36.89370294057395, 36.624293498628234, 36.44875824635908, 37.54378519044004, 36.08203079649563, 36.92360248934928, 37.6751751784028, 37.482982006809735, 36.036108220541095, 36.473055451460446, 36.40272092302875, 36.63912231964511, 37.07647581310014, 37.00741774452528, 36.795920893165885, 37.78581409372161, 36.32300025973166, 37.14249199599674, 36.52271591240219, 36.48387292311372, 36.365233907450445, 36.628934788795966, 35.82325646125251, 37.417819792165595, 36.95025931446193, 36.79900703384213, 36.82435485018026, 36.82768644384742, 36.729237079780894, 37.25674952867779, 36.7784733725195, 37.13194581943098, 36.16111402898023, 36.78577472257281, 36.78942264671197, 36.68176493313817, 36.71467877426667, 36.066520323167424, 36.617635025988136, 35.85367195308287, 36.74897483073925, 36.05692823472139, 37.6643392550477, 36.93381083610523]
[35.646668631771014, 37.12894392977512, 37.067822732747786, 36.58863248214048, 35.846643143970184, 36.78953936378149, 36.89205881892258, 36.570428178069236, 36.35207413898155, 37.54349027018948, 36.08203079649563, 36.85702475345955, 37.54296712661899, 37.410457463348806, 35.93154372917247, 36.33190202887205, 36.33239817461754, 36.622260777892784, 37.07647581310014, 37.00741774452528, 36.72278336344663, 37.69755602356631, 36.12504259671251, 37.055076993562906, 36.49115152313762, 36.48387292311372, 36.348522549446926, 36.56942713568091, 35.82325646125251, 37.280804823831275, 36.774841254931786, 36.73505395528106, 36.63158555174057, 36.79853045107791, 36.729237079780894, 37.22826096494633, 36.74959058766776, 37.13194581943098, 36.019286691410535, 36.78577472257281, 36.643627941917174, 36.54261381738254, 36.53728971861764, 35.97543451172465, 36.602587012430845, 35.837907346859325, 36.68991233744795, 36.05692823472139, 37.6643392550477, 36.87331114599759]
[35.46775433617179, 37.011727069917, 37.067822732747786, 36.50393720130391, 35.54656421706813, 36.69946545998003, 36.53516589267407, 36.52779531339574, 36.277497452272385, 37.352007010110206, 35.99449734108375, 36.74113506710118, 37.34339992434137, 37.407857116845754, 35.93154372917247, 36.31090072445504, 36.29724815766173, 36.622260777892784, 37.03976705670639, 36.84914650126292, 36.72278336344663, 37.690949265347186, 36.12504259671251, 37.055076993562906, 36.44332483498067, 36.412197203279035, 36.26676204322289, 36.38257573414243, 35.79617942627364, 37.102048038291244, 36.73069148671457, 36.71791869095914, 36.62322086440396, 36.64645472566711, 36.72120307889515, 37.11026684724113, 36.67581485761249, 37.09789290229291, 35.967294112886535, 36.78577472257281, 36.514330472288506, 36.461230124628976, 36.43562083494094, 35.924283472342566, 36.58970347355648, 35.79264892723739, 36.67167427502473, 36.01549426521398, 37.52698060485576, 36.70872275350811]
[35.38100231287708, 36.80027035071116, 37.05487217748767, 36.458335354059066, 35.54656421706813, 36.496545765725145, 36.45631062116238, 36.43212000951374, 36.277497452272385, 37.14255311121975, 35.99449734108375, 36.676827762147866, 37.18842209787301, 37.125176657554086, 35.93154372917247, 36.22489517356041, 36.12153581972952, 36.518717891725466, 37.03976705670639, 36.61134133161362, 36.64307661109609, 37.38095500311373, 36.02633291023717, 37.02149582000972, 36.405472506899436, 36.24868207753599, 36.22712221098176, 36.38257573414243, 35.62152652016467, 36.99747755841114, 36.63841629460335, 36.575390962455245, 36.521862011626936, 36.64645472566711, 36.61338723523828, 36.9131680283502, 36.64340724420936, 37.07258027540041, 35.80783540094457, 36.47326112696389, 36.42847951691333, 36.461230124628976, 36.4349277429605, 35.924283472342566, 36.58970347355648, 35.754381662029466, 36.66927884204078, 35.94049895170354, 37.491459962919286, 36.68040742471422]
[35.30730007610123, 36.79066583052705, 37.03034100521438, 36.42341025914542, 35.33566289212819, 36.39584933129633, 36.40363991472916, 36.43212000951374, 36.277497452272385, 36.979879417832834, 35.885610558963336, 36.45079279027631, 36.953322209960184, 37.125176657554086, 35.725191297220846, 36.22489517356041, 36.12153581972952, 36.518717891725466, 37.03976705670639, 36.3492915660433, 36.54582843394442, 37.3511126535889, 36.02633291023717, 37.02149582000972, 36.17777072359013, 36.2029237419192, 36.1772892375657, 36.38257573414243, 35.45471673225633, 36.92472381029937, 36.49493494742431, 36.530989803528215, 36.521862011626936, 36.63708896834945, 36.46103544034554, 36.90495304470727, 36.64340724420936, 37.00980179799508, 35.70083960023644, 36.4550443100263, 36.31125052143464, 36.461230124628976, 36.4349277429605, 35.924283472342566, 36.54638002241569, 35.55825597829052, 36.51767246061685, 35.86642344340447, 37.491459962919286, 36.67846774187606]
[35.26755363325701, 36.79066583052705, 37.0111862504635, 36.42341025914542, 35.112763745331506, 36.347569376182214, 36.40363991472916, 36.43212000951374, 36.26966966161438, 36.979879417832834, 35.885610558963336, 36.45079279027631, 36.953322209960184, 37.125176657554086, 35.725191297220846, 36.04640655106331, 36.11056719127006, 36.507411693748296, 37.02896083603868, 36.308734351899055, 36.453802696266095, 37.34322759174723, 35.88158464905524, 36.97693955735657, 36.14017974966371, 36.0551789823592, 36.1772892375657, 36.181605986148426, 35.40118766588322, 36.88560591068931, 36.40556300737773, 36.530989803528215, 36.47085579908753, 36.63673753669635, 36.46103544034554, 36.80780730429136, 36.54999155745965, 37.00980179799508, 35.675151218913925, 36.39146436216361, 36.25026196243906, 36.42871174027524, 36.4349277429605, 35.85038922210467, 36.49860350831252, 35.324758523810885, 36.49208431109666, 35.819001693566904, 37.365864582545576, 36.659848313716275]
[35.26755363325701, 36.670621444689544, 37.0111862504635, 36.31103576184399, 35.112763745331506, 36.28607703403881, 36.40363991472916, 36.35950204152988, 36.249968333837266, 36.930421559951, 35.79724823623554, 36.34574947766239, 36.890486232960725, 36.99098906525661, 35.725191297220846, 35.64330728134454, 36.076392777867206, 36.39141926716353, 36.86553372071811, 36.23756132304657, 36.43904846349457, 37.24731904546461, 35.754835258058904, 36.967278981623494, 36.010005164732874, 36.039220765694516, 36.1772892375657, 36.16231010811923, 35.40118766588322, 36.881896918650874, 36.36338428561681, 36.52394941709132, 36.45724051733485, 36.514558366361925, 36.43242450227939, 36.7848193908069, 36.42360887772925, 36.924737638732495, 35.60682264023554, 36.39146436216361, 36.21739202492658, 36.40127988371602, 36.42314158651401, 35.6762065970149, 36.42424094325329, 35.24787149626949, 36.47773551073831, 35.543669278802945, 37.365864582545576, 36.481164328312644]
[35.26296958059045, 36.67010254742539, 36.99607754667395, 36.28197379118917, 35.0858692560508, 36.27239528152363, 36.32608330774592, 36.09716998841669, 36.191272241117126, 36.930421559951, 35.6901653618598, 36.289699681648244, 36.890486232960725, 36.94662349239828, 35.63187162185717, 35.14633734135012, 36.01782174792491, 36.19136576951833, 36.82313636096743, 36.23716799161356, 36.34346801361575, 37.24731904546461, 35.61328776444286, 36.74783109764852, 35.97955693821298, 36.039220765694516, 35.91086193144806, 36.16231010811923, 35.150557434197694, 36.82081031351265, 36.18343311030477, 36.46116938510018, 36.25742475867763, 36.514558366361925, 36.2840156750057, 36.7848193908069, 36.42360887772925, 36.90360754020693, 35.596038702587386, 36.39146436216361, 36.21739202492658, 36.01816227823706, 36.39926287719561, 35.67055947508217, 36.42424094325329, 34.74349702399732, 36.32047879500091, 35.51352710173898, 37.365864582545576, 36.45952513834431]
[35.174634639519375, 36.63786901673152, 36.67294389074034, 36.00482525432905, 35.0858692560508, 36.07734522436236, 36.32608330774592, 36.09716998841669, 36.04266017876814, 36.91168298180909, 35.643178263591814, 36.289699681648244, 36.72201290543579, 36.81800908514915, 35.59619747941625, 35.14010566654576, 36.01782174792491, 36.11804618787576, 36.82313636096743, 36.03702444416412, 36.29983596446724, 37.21560669681834, 35.5700442716586, 36.674045949719776, 35.849531361689266, 36.032081063260776, 35.84744260630292, 36.16231010811923, 35.12322176318995, 36.6811757696402, 36.06796677616997, 36.46116938510018, 36.25047254519892, 36.514558366361925, 36.26305220568247, 36.7848193908069, 36.38343955190105, 36.835807082735755, 35.39378757936066, 36.39146436216361, 35.994259566595005, 36.01816227823706, 36.22967233014037, 35.56145086005432, 36.42424094325329, 34.73874589645819, 36.26068495528514, 35.51352710173898, 37.264109775386416, 36.45952513834431]
[35.11237919092491, 36.51688312489627, 36.67294389074034, 35.946651532174464, 35.05121175721071, 36.05493093504763, 36.27969251750373, 36.04926620053838, 35.88692311671781, 36.6599367002874, 35.64169809506585, 36.18470430054608, 36.66448427723549, 36.70187142187403, 35.5477266208578, 35.14010566654576, 36.01782174792491, 36.11804618787576, 36.8113326147451, 35.94659386014695, 36.092376565140206, 37.21560669681834, 35.51218592441468, 36.45516840710011, 35.83699292425618, 36.02336251107598, 35.84744260630292, 36.116395915713554, 35.12199265468006, 36.6811757696402, 35.98419136873082, 36.408826252980084, 36.20248907471388, 36.282188747878436, 36.26305220568247, 36.71912193361853, 36.33534044983454, 36.835807082735755, 35.39378757936066, 36.31680949944074, 35.994259566595005, 36.01816227823706, 36.22967233014037, 35.478415008900164, 36.41461609424183, 34.729297418048176, 36.13101880751376, 35.51352710173898, 37.24486620009223, 36.24739819093067]
[35.08631376151696, 36.50897079122656, 36.585601390094325, 35.946651532174464, 35.04753664074117, 35.85529228631076, 36.12172919925165, 36.04926620053838, 35.66840358764959, 36.6599367002874, 35.51620340013902, 35.826536645109236, 36.57081947339812, 36.6605617476405, 35.5477266208578, 35.14010566654576, 35.99984818374581, 36.10565870081949, 36.738116462854926, 35.93123848056249, 36.092376565140206, 37.0997284405217, 35.501523453469, 36.45516840710011, 35.83699292425618, 35.95078222786556, 35.75535098020107, 35.95085767527295, 34.95463910609374, 36.38701671373944, 35.91066835761684, 36.37743360372058, 36.10973950478423, 36.22048335290699, 36.14316252917099, 36.715915896754254, 36.328055422090266, 36.67791546284671, 35.38438491310713, 36.252847687641534, 35.990188260661895, 35.91501664519491, 36.19339073003424, 35.27624605477628, 36.27301360367567, 34.55822099476646, 36.01009189315276, 35.49337553705526, 37.236858285710596, 36.072455602274616]
[34.89825617027793, 36.50897079122656, 36.5326531857295, 35.90672850955283, 34.97019619692968, 35.72955573089952, 36.07903438935727, 35.895531820255215, 35.517344937899786, 36.6599367002874, 35.351536721509184, 35.543817393063065, 36.57081947339812, 36.62449455530449, 35.447321585648766, 35.08648237249559, 35.98993667489681, 36.094414574142704, 36.46601549347001, 35.85955285985025, 35.994737226358794, 36.96619622545568, 35.41665335142831, 36.399765553306224, 35.83699292425618, 35.85567687063856, 35.646625830360094, 35.95085767527295, 34.84794125369052, 36.38701671373944, 35.633780488421415, 36.37743360372058, 36.04073410800497, 36.22048335290699, 36.14316252917099, 36.686174902365835, 36.328055422090266, 36.58979944000231, 35.38438491310713, 36.21827138273849, 35.97201967765647, 35.85025252830421, 36.14594626578558, 35.16153898992303, 36.27301360367567, 34.44276661912341, 35.750848312670286, 35.465966459377825, 37.216085951153566, 36.0034128873436]
[34.89825617027793, 36.50897079122656, 36.50768797393715, 35.7230656569914, 34.97019619692968, 35.63093550231357, 35.93090800739962, 35.89549138331448, 35.421125604494115, 36.6599367002874, 35.34016802320094, 35.54062817685206, 36.23019693761477, 36.404186445037475, 35.3743434565401, 35.08648237249559, 35.817224443631495, 36.032331380981255, 36.31420274439736, 35.84414968317211, 35.98492861436942, 36.70011715490871, 35.41665335142831, 36.399765553306224, 35.83526060546619, 35.722886703101324, 35.612496617825464, 35.85405128507047, 34.84794125369052, 36.31988087871861, 35.601650930297616, 36.171255836088655, 36.04073410800497, 36.142451292946646, 35.88082224967247, 36.549202989507364, 36.30814009308284, 36.53931976817621, 35.23312329717347, 36.12219899005742, 35.85205609489732, 35.85025252830421, 36.09089978091623, 35.1009686222377, 36.23001979518637, 34.321610943943526, 35.590464661247054, 35.465966459377825, 37.01848947695638, 36.0034128873436]
[34.89825617027793, 36.490193013516375, 36.367326222071846, 35.7230656569914, 34.930937460816345, 35.617023345569365, 35.895987622668, 35.842416354803156, 35.421125604494115, 36.65841003708415, 35.34016802320094, 35.499153245941585, 36.16493292744006, 36.341728082883925, 35.31211526564708, 35.08648237249559, 35.80004133396497, 36.032331380981255, 36.269027756032116, 35.782464289409155, 35.79828950938084, 36.70011715490871, 35.36650255425187, 36.31222831127131, 35.67610534352649, 35.722886703101324, 35.612496617825464, 35.84632237387707, 34.84794125369052, 36.31988087871861, 35.601650930297616, 36.171255836088655, 36.04073410800497, 36.142451292946646, 35.775029498873245, 36.49110984111054, 36.293365625399055, 36.16238567516113, 35.185887816547975, 36.0085009366437, 35.720648490491286, 35.65817650696866, 36.01858055543051, 35.1009686222377, 36.15552184091938, 34.321610943943526, 35.51969452987133, 35.43913531743007, 37.01673242584663, 35.98180610637272]
[34.75001160075883, 36.36266210376142, 36.303360662953935, 35.67336075119575, 34.79087290570308, 35.556231591727496, 35.89155523062282, 35.79914491961405, 35.421125604494115, 36.65841003708415, 35.246037340365945, 35.47710565464328, 36.16493292744006, 36.148587669556775, 35.295709903450295, 34.99675604029805, 35.61473102466259, 35.965661691509084, 36.15740417481963, 35.66319889715798, 35.75885121444382, 36.6663568805795, 35.26703152914378, 36.16086462366634, 35.67177860649592, 35.63039525610293, 35.612496617825464, 35.79808128397151, 34.84794125369052, 36.25554547405913, 35.59049804636777, 35.97360521887783, 35.969686714484325, 36.142451292946646, 35.77353619320677, 36.49110984111054, 35.995259211252375, 36.09953110142408, 35.08648823649996, 35.998513877368595, 35.720648490491286, 35.65817650696866, 35.94500856025495, 34.98324763679794, 36.119985960772155, 34.321610943943526, 35.51969452987133, 35.43913531743007, 36.98623503317317, 35.92917355875652]
[34.69719066997094, 36.27080570157827, 36.303360662953935, 35.59381883329118, 34.608618902830095, 35.556231591727496, 35.81477812638257, 35.79019164597601, 35.32161280817611, 36.45045232969537, 35.20704720541752, 35.38867403228359, 36.013007339242314, 36.08095777725523, 35.23387017319861, 34.99675604029805, 35.60226241094285, 35.84092777795588, 36.1395704015494, 35.66319889715798, 35.75885121444382, 36.501004954746804, 35.1019286082455, 36.01694121770371, 35.6387387595772, 35.52778143480769, 35.5562984447355, 35.686136536120344, 34.84794125369052, 36.14591355521937, 35.464624305585815, 35.943348206854175, 35.808146302321326, 36.00633154080998, 35.724162690268216, 36.07014696630309, 35.72385830533529, 36.061131960223534, 35.072605695485024, 35.96896329242078, 35.686393359445425, 35.65817650696866, 35.93413078530387, 34.96366103478228, 36.08407045422795, 34.30833491703574, 35.18049212232371, 35.29858030774799, 36.843219882495404, 35.77316203149725]
[34.55011621982403, 36.27080570157827, 36.1550002626765, 35.40740240213804, 34.52484883414868, 35.52841144212462, 35.49517370630541, 35.73959324173169, 35.23760642474953, 36.45045232969537, 35.152444793875965, 35.38867403228359, 36.013007339242314, 35.873582736645474, 35.138471181692466, 34.98382034351751, 35.46938227009977, 35.84092777795588, 36.03907168849942, 35.64507540210119, 35.7334481693454, 36.40846434934266, 35.01892221816571, 35.98431609535063, 35.53053392969514, 35.52778143480769, 35.541017515958885, 35.61379020529849, 34.78501859670159, 35.86031679797073, 35.45827124415787, 35.742349618361644, 35.798367518025245, 36.00633154080998, 35.724162690268216, 35.98506578943112, 35.72385830533529, 35.903361478583484, 35.072605695485024, 35.96896329242078, 35.64280429991733, 35.625178909339326, 35.858504441285945, 34.93377999580447, 35.76950562205955, 34.27400456142141, 35.09312717413203, 35.29858030774799, 36.69939586205531, 35.76104622317132]
[34.50625042004726, 36.24223278449735, 36.1550002626765, 35.40740240213804, 34.46311735221061, 35.437657839502386, 35.4495866700379, 35.65909917280984, 35.23760642474953, 36.45045232969537, 35.05750443027478, 35.38867403228359, 35.96634312363831, 35.873582736645474, 35.138471181692466, 34.800980180146844, 35.38224033075917, 35.82467524044295, 35.89218135461462, 35.64507540210119, 35.7334481693454, 36.275385299599506, 34.93377668445038, 35.98431609535063, 35.41607970209047, 35.52778143480769, 35.495852365890705, 35.49904310934979, 34.606601038438704, 35.86031679797073, 35.325501798881604, 35.64960662090525, 35.567409909025905, 35.94269282552681, 35.716648672016944, 35.86972543629994, 35.694813946703235, 35.68064221297368, 35.05468269749008, 35.96896329242078, 35.63831118160434, 35.552353656263804, 35.84578630257461, 34.910370720814115, 35.76950562205955, 34.22776360937662, 35.06283421636918, 35.2207392424376, 36.31346572052773, 35.655048064076006]
[34.33278296165111, 36.1401096775195, 36.0148948705876, 35.38504096951668, 34.34029019529728, 35.14551886718014, 35.43749846290438, 35.498442501444856, 35.23760642474953, 36.41841489572281, 35.05750443027478, 35.38867403228359, 35.885528666087126, 35.802986175826085, 35.138471181692466, 34.800980180146844, 35.18259077403128, 35.73493971052385, 35.87069675007023, 35.64507540210119, 35.70807027779633, 36.275385299599506, 34.58967401202217, 35.88500884323501, 35.373950561710124, 35.485695957892425, 35.45524487557313, 35.477380040774335, 34.55845768951249, 35.745190721461086, 35.24783136475978, 35.602248283137286, 35.40341080652492, 35.797752964093014, 35.619795553158056, 35.86972543629994, 35.50826676159667, 35.58289146749975, 35.020660969920776, 35.934250410032675, 35.50166981638507, 35.49256250677302, 35.82908524438602, 34.89004434151517, 35.728740504503, 34.15476547230485, 35.00529235037874, 35.16847794814934, 36.31346572052773, 35.65206798061405]
[34.207713725802854, 36.02803518465274, 35.94497121634039, 35.38504096951668, 34.21393850604081, 35.03260518363995, 35.334138986361765, 35.413964271192015, 35.22835548193567, 36.41841489572281, 35.05750443027478, 35.19281223164524, 35.84647122176652, 35.64922574922682, 35.0201772306137, 34.7995155950759, 34.93332893682762, 35.60047522616648, 35.85028820472358, 35.64507540210119, 35.59251552459092, 36.044904760230644, 34.502835942931526, 35.75368088334326, 35.304346571127454, 35.481128384460604, 35.389929426169495, 35.422197503035534, 34.55292476042913, 35.745190721461086, 35.24200461764226, 35.594176690199305, 35.40341080652492, 35.778686508325904, 35.46992668225794, 35.639533066511014, 35.29146295204001, 35.36535867048916, 34.899098937059634, 35.934250410032675, 35.42820116781529, 35.32390023431141, 35.82712272942375, 34.76024896562241, 35.728740504503, 34.136719983757885, 34.9810171320831, 35.16847794814934, 36.29161959991239, 35.65206798061405]
[34.0736144765484, 35.95493367659073, 35.94497121634039, 35.2099296557358, 34.20929270779652, 35.0041574041173, 35.21525692658843, 35.413964271192015, 35.10752072406417, 36.344339989036946, 34.869916570488975, 35.15466608153511, 35.84647122176652, 35.56474382210655, 34.87489839203336, 34.79581467861947, 34.93332893682762, 35.5282279917021, 35.699041297229044, 35.64507540210119, 35.35745221652741, 36.00987542401388, 34.50273049319105, 35.68944345121638, 35.304346571127454, 35.314257696392346, 35.31521923023633, 35.39018094481109, 34.527659911090645, 35.745190721461086, 35.23058529533752, 35.539152789470464, 35.36189190442329, 35.55041744176568, 35.46992668225794, 35.623745227998356, 35.14997929972567, 35.076374999586946, 34.8679522267171, 35.84430904645508, 35.368776240799875, 35.25225278586698, 35.54743315267491, 34.73998046149861, 35.55118855325743, 34.136719983757885, 34.85615981681919, 35.07861874388854, 36.29161959991239, 35.65206798061405]
[34.0736144765484, 35.89763040752296, 35.94497121634039, 35.2099296557358, 34.20929270779652, 34.89420222014815, 35.08988175138224, 35.282264001474175, 35.058085953078205, 36.00450587938438, 34.869916570488975, 35.15466608153511, 35.687693863174566, 35.537086857997316, 34.873465127863035, 34.78999307592897, 34.90336676925604, 35.467176780587536, 35.65559060355699, 35.58749162932222, 35.35577517679849, 35.91460368528614, 34.50244153527673, 35.546715082397, 35.28605939701872, 35.253694269103434, 35.22618948549751, 35.39018094481109, 34.2941604226069, 35.61283934127471, 35.09898041690447, 35.50427808126443, 35.36189190442329, 35.55041744176568, 35.13737579586453, 35.57618502118314, 35.11096238398561, 35.03322874700872, 34.858155073464715, 35.7912401049016, 35.368776240799875, 35.08970447310061, 35.44268756187479, 34.63242623657413, 35.55118855325743, 34.10800815866346, 34.7817061405049, 34.952197267678486, 36.29161959991239, 35.61194638761053]
[34.0736144765484, 35.83973919252497, 35.86707053583325, 35.13730286141066, 34.12352340750259, 34.81419073997124, 34.9950479354367, 35.11555518028191, 34.94795224201883, 36.00450587938438, 34.843777512810725, 34.95263475042616, 35.48170066801642, 35.44970414472859, 34.87127742149347, 34.68248876374285, 34.90336676925604, 35.35930052046655, 35.65559060355699, 35.48636177933425, 35.30972717433949, 35.90657704696338, 34.34117204048865, 35.481661630624764, 35.28605939701872, 35.24555176905256, 35.22618948549751, 35.35370624397943, 34.188365546662126, 35.59456562160034, 35.007969991404735, 35.4457640690799, 35.24411727912988, 35.51203417915006, 35.000859823822125, 35.56763846395692, 35.0472032919347, 35.0052250184763, 34.729943387066704, 35.771410539100096, 35.35459619785742, 35.08970447310061, 35.44268756187479, 34.44803748458391, 35.465990571443875, 34.10800815866346, 34.7817061405049, 34.91598216022257, 36.29161959991239, 35.43195688861691]
[34.071660982188234, 35.65574374002732, 35.86707053583325, 35.0798152682754, 34.04583796069444, 34.81419073997124, 34.92956188694502, 35.11555518028191, 34.919196458629195, 35.86618922288515, 34.843777512810725, 34.795080860783784, 35.48170066801642, 35.4377251767085, 34.84830399033055, 34.662555980459466, 34.87908932629227, 35.35930052046655, 35.469482189771696, 35.44590957501981, 35.30972717433949, 35.79337349091527, 34.34117204048865, 35.481661630624764, 35.2179485349827, 35.157829272074665, 35.14646884201035, 35.34354774771218, 34.180623094954726, 35.59456562160034, 34.99961164059671, 35.41864128089162, 35.24411727912988, 35.479530441856056, 34.99887438906937, 35.46790143937537, 34.782901379452625, 35.0052250184763, 34.729943387066704, 35.603735061014575, 35.22601591715571, 35.026742354367066, 35.44268756187479, 34.44752693330862, 35.465990571443875, 34.098926502049935, 34.75759383615126, 34.91559536896388, 36.1668340508123, 35.43195688861691]
[33.98686907983208, 35.50396399197278, 35.69185870743883, 35.07943960181309, 34.015875732809015, 34.81419073997124, 34.879537511524475, 35.112083812239135, 34.919196458629195, 35.849566462845914, 34.71075068278613, 34.795080860783784, 35.35809399438417, 35.4377251767085, 34.840248704765855, 34.64050699443915, 34.87908932629227, 35.25894014450188, 35.27406421858396, 35.39454387806633, 35.239708646751104, 35.78723059552508, 34.179983759065536, 35.45291926273836, 35.161798710806785, 35.157829272074665, 35.11993887717384, 34.973302305519624, 34.16567315355981, 35.4015904714761, 34.818772776008885, 35.41023947999959, 35.24411727912988, 35.39357619466362, 34.89145040326678, 35.43628912748615, 34.71765032178884, 34.97804706266065, 34.60707055498317, 35.45945391448465, 35.22601591715571, 34.96154032853032, 35.38878641328897, 34.4385282414069, 35.362529250849, 33.92248492385541, 34.75759383615126, 34.89008725627993, 36.13111174539744, 35.28455436359356]
[33.96165443708385, 35.44369490130258, 35.658331852673335, 34.986830333721834, 33.842548990852286, 34.68185234274604, 34.875692615373396, 35.1043402631728, 34.91642555909362, 35.849566462845914, 34.70881527858637, 34.711740620750945, 35.311584329852735, 35.3252926414238, 34.77135428390474, 34.5554881527186, 34.647846244331404, 35.25894014450188, 34.9721552063377, 35.39454387806633, 35.13678615356816, 35.74518345103979, 34.160552773416555, 35.36854087000232, 35.14424578941822, 35.157829272074665, 35.097560586468255, 34.90443384133101, 34.16197513500859, 35.375404668043984, 34.68956315519884, 35.309458201025166, 35.227128791382725, 35.18364929895422, 34.81712245124563, 35.28036980172644, 34.66013899591674, 34.97804706266065, 34.41098235677062, 35.41991996973655, 35.22601591715571, 34.91451235979015, 35.38878641328897, 34.38992629892947, 35.34084404330598, 33.92067120586554, 34.61889347039852, 34.86308175942838, 36.09703628529365, 35.28455436359356]
[33.82819739368945, 35.44369490130258, 35.56274830647654, 34.81613720017557, 33.842548990852286, 34.66079298520475, 34.77493013983495, 35.0150489358674, 34.84395317419255, 35.831048214840635, 34.70881527858637, 34.56987432292089, 35.21567856214884, 35.26958934035897, 34.77135428390474, 34.5554881527186, 34.615183100628016, 35.22454508954426, 34.90176094894214, 35.32669620296714, 35.13678615356816, 35.74518345103979, 34.16048097794228, 35.36854087000232, 35.040419051282115, 35.08023615582366, 35.097560586468255, 34.79698836304537, 34.132491514751635, 35.308210778107096, 34.580810729840366, 35.309458201025166, 35.139379573985, 35.134240516909415, 34.65309732730892, 35.150030524557216, 34.599659891087775, 34.97804706266065, 34.39447729910283, 35.32669497580441, 35.19839124387117, 34.897771999968924, 35.37130494571783, 34.38992629892947, 35.21988046312849, 33.92067120586554, 34.61889347039852, 34.7773838596219, 35.96051445590169, 35.20736807915117]
[33.65723765837447, 35.389420510978724, 35.53287691333645, 34.80779200905063, 33.842548990852286, 34.66079298520475, 34.74049833666138, 34.97744153424878, 34.84395317419255, 35.67113685710676, 34.70468454431997, 34.56987432292089, 35.16060723214795, 35.26816257332149, 34.65610280308788, 34.33620287729089, 34.51649852696722, 35.117649177842125, 34.83283855361739, 35.31865887438136, 35.08498976061176, 35.74518345103979, 34.16048097794228, 35.21359158616633, 35.040419051282115, 34.744800872495574, 35.064725931911546, 34.73906105627084, 34.05359598072163, 35.258928213854134, 34.580810729840366, 35.15397080434596, 35.048465450619084, 35.132535602825115, 34.621925661996364, 35.14093093183265, 34.599659891087775, 34.88396439040207, 34.32294056048791, 35.25979921498641, 35.07914489859107, 34.897771999968924, 35.33561159822354, 34.24958963425392, 35.08313935969768, 33.914282272668835, 34.61889347039852, 34.7442742234015, 35.94135686302789, 34.849701907111545]
[33.64968898223913, 35.389420510978724, 35.436472132801086, 34.80779200905063, 33.68699151749398, 34.57140891639488, 34.689155515115445, 34.86265443342148, 34.619575686980404, 35.615930669707474, 34.70468454431997, 34.50110228656759, 34.99117507658621, 35.196106233752346, 34.65610280308788, 34.26273019623193, 34.51649852696722, 35.08609291576267, 34.65413705702469, 35.288795423822805, 35.08498976061176, 35.74518345103979, 34.11802397228056, 35.21359158616633, 35.01358761586049, 34.70922998602767, 35.04627668793825, 34.73906105627084, 34.02268848766796, 35.14459911889234, 34.506745328194526, 35.15397080434596, 35.048465450619084, 35.08808906085916, 34.61293617514832, 35.069499241220086, 34.534787110249795, 34.7607514859057, 34.20023089257321, 35.21779434763623, 34.987362879339194, 34.8697309514566, 35.302971615667275, 34.178911431814754, 34.86587975345064, 33.90185340680718, 34.52508380925026, 34.723912185969674, 35.631474085096876, 34.73345546488389]
[33.5559730104123, 35.389420510978724, 35.39880603486861, 34.80779200905063, 33.68699151749398, 34.32567827367663, 34.500051545017804, 34.79020771134593, 34.59709027117604, 35.572884479423756, 34.70468454431997, 34.476919845478285, 34.99117507658621, 35.174409349129384, 34.50876168671159, 34.26273019623193, 34.19393477198814, 34.9894039736558, 34.563074671267344, 35.210353680489646, 34.91933037687879, 35.74518345103979, 34.10200142716242, 35.21359158616633, 35.008337044613725, 34.70922998602767, 35.03322098395118, 34.69861172239123, 34.02268848766796, 35.05424627236415, 34.43809039324327, 35.011086360517695, 35.02414216212404, 35.084273076512225, 34.61293617514832, 35.06721714701054, 34.474534920432106, 34.74839795757972, 34.19027168351259, 35.148382176613566, 34.93941587473343, 34.8697309514566, 35.141001368250585, 34.16986276535772, 34.73397369195101, 33.90185340680718, 34.498425856370666, 34.53344076099614, 35.591236360307676, 34.7257970729179]
[33.49708257600522, 35.27458716829652, 35.3125955569262, 34.79549473410096, 33.64675933138549, 34.31620885879038, 34.452756882300015, 34.79020771134593, 34.59709027117604, 35.52607468760932, 34.551629438252995, 34.476919845478285, 34.99117507658621, 34.99422765732406, 34.49826059609574, 34.22015106344094, 34.1491724308675, 34.91857382359551, 34.495354678986104, 35.08979622186991, 34.83417443531939, 35.625197420255745, 34.10200142716242, 35.21359158616633, 34.79602592621721, 34.60508804931031, 35.03322098395118, 34.668360703429975, 33.93460121790452, 35.023188118424045, 34.364427390743465, 34.93188465262837, 34.96584281266863, 34.9917455567379, 34.5750931725521, 35.03412898929384, 34.47001090033271, 34.61239415722953, 34.12301824707026, 34.985421293192765, 34.93941587473343, 34.80755428268534, 35.077206448102814, 34.16986276535772, 34.637086083501615, 33.86089640268529, 34.49570607923683, 34.50289923265349, 35.57384310252197, 34.7257970729179]
[33.48372222589675, 35.23380274748398, 35.27341969555297, 34.671694430496835, 33.558801523794465, 34.290410114760945, 34.4258622045766, 34.79020771134593, 34.502389969977074, 35.450265110885894, 34.52130557508245, 34.43303750058051, 34.91133861893782, 34.94428674055663, 34.46529043157916, 34.176787003681035, 34.03390521869518, 34.80694640066643, 34.44058886466472, 34.952693389308244, 34.81791278366939, 35.544036691418206, 34.09954836393838, 35.052268488519374, 34.4667533826759, 34.58598757547982, 35.01411546832655, 34.56595417559379, 33.838920434336, 34.956295498219745, 34.02024732020442, 34.78051165011857, 34.93215676272398, 34.938185118431626, 34.459031587966265, 35.01675149540052, 34.366599429630455, 34.56838817689172, 34.021782300787436, 34.985421293192765, 34.73761504149758, 34.70207160135335, 34.9275759682787, 33.88177079359252, 34.6322691237162, 33.71019712702967, 34.49570607923683, 34.351460047693635, 35.31853327749761, 34.607415067701915]
[33.36515944528846, 35.23380274748398, 35.26746631100245, 34.52821515184805, 33.558801523794465, 34.240341123382294, 34.39512870708944, 34.61519576160115, 34.4275774603579, 35.27351695287247, 34.52130557508245, 34.41526986231358, 34.91133861893782, 34.92177634609882, 34.46529043157916, 34.15385048674991, 34.03390521869518, 34.757976561822616, 34.38744509186897, 34.86901778556883, 34.77330197138606, 35.43516066717573, 34.07993771913692, 35.051485135991676, 34.4667533826759, 34.57572717489594, 34.999637847761385, 34.56595417559379, 33.80514835921109, 34.82508160561264, 33.837059932690565, 34.652754758898844, 34.76184378098081, 34.927498268924026, 34.41835418894681, 35.01675149540052, 34.2775354022412, 34.52452163894078, 34.00142407279152, 34.86204834570553, 34.73761504149758, 34.6183766756943, 34.78555948341342, 33.783679355651465, 34.61803967161881, 33.63678034165721, 34.347564763716605, 34.15731301102561, 35.304146452188725, 34.469241127789836]
[33.16547862604447, 35.21982462060777, 35.24765161516015, 34.36794077060172, 33.48520773214917, 34.19940164961427, 34.35524968898386, 34.55674214724879, 34.319737981860456, 35.213437530690456, 34.41239013961306, 34.41526986231358, 34.861734438260285, 34.755859074906006, 34.38628441652624, 33.981817083474176, 34.03390521869518, 34.70462968262633, 34.38744509186897, 34.86901778556883, 34.71571166396371, 35.43516066717573, 34.04133428222565, 35.00825302149603, 34.393852336792484, 34.497425993212445, 34.894072671270365, 34.56595417559379, 33.80514835921109, 34.82508160561264, 33.837059932690565, 34.652754758898844, 34.47514146228017, 34.86972255958041, 34.41835418894681, 34.86330513584915, 34.197198309074906, 34.42239499017031, 34.00142407279152, 34.760664643392516, 34.598105723335685, 34.6183766756943, 34.78555948341342, 33.54160146526712, 34.61803967161881, 33.60077742063854, 34.347564763716605, 34.06700602929557, 35.304146452188725, 34.344265267224124]
[33.10543983062333, 35.21982462060777, 35.12746240179301, 34.33839890505237, 33.48520773214917, 34.134208218208066, 34.35524968898386, 34.55674214724879, 34.28136257530864, 35.1325240774854, 34.40272541576438, 34.40177145379252, 34.861734438260285, 34.755859074906006, 34.38628441652624, 33.981817083474176, 33.90097391404415, 34.600842286776505, 34.2526938199195, 34.68164912714356, 34.70386585655122, 35.33914598470417, 34.00935403246132, 34.75627592305479, 34.220995494170175, 34.471450529427, 34.768087949175445, 34.56595417559379, 33.75535855512757, 34.63763127731988, 33.837059932690565, 34.50468159350301, 34.401480203894394, 34.844224983222546, 34.306417744924204, 34.826926634197235, 34.067728953636326, 34.418200835274966, 33.98568827309349, 34.760664643392516, 34.598105723335685, 34.4516025443062, 34.7100542119232, 33.48164638150512, 34.57468761107485, 33.60077742063854, 34.279907187302506, 34.006985032753086, 35.262494238574206, 34.2293342431574]
[33.03641484326712, 35.19581749421477, 35.100410274970656, 34.242253733868644, 33.42146420618303, 34.10635161393074, 34.35524968898386, 34.55674214724879, 34.28136257530864, 34.980534139325655, 34.22848948854541, 34.29021676822804, 34.85861757782551, 34.55312113544752, 34.27252212359439, 33.86189918106345, 33.82809242797743, 34.600842286776505, 34.23659282600727, 34.627237343627264, 34.70386585655122, 35.30243030964683, 33.99909596981077, 34.581469819533346, 34.21149498394281, 34.391677473579016, 34.70382281828055, 34.31581254320497, 33.69298553783863, 34.508056836335015, 33.837059932690565, 34.50265478678509, 34.192641346628236, 34.75190789976142, 34.26770008298761, 34.78236969445755, 34.067728953636326, 34.418200835274966, 33.96181725208383, 34.677879958218206, 34.598105723335685, 34.38760002987068, 34.45137829601602, 33.44026163924848, 34.51805660542515, 33.496402018152004, 34.11428024550453, 33.99623421981859, 35.1869527439262, 34.17582123693728]
[32.9638281643909, 35.19581749421477, 34.97252069472064, 34.242253733868644, 33.26152758430928, 34.084997684979136, 34.28989499931402, 34.45391414013054, 34.27003770207691, 34.665810326545184, 34.219357632927355, 34.233335589810444, 34.766932674224684, 34.55312113544752, 34.22597544151012, 33.77539819184474, 33.75072179090193, 34.54800375536778, 34.23659282600727, 34.55260416039606, 34.69436926773136, 35.262353028139536, 33.830071403697616, 34.57964084083958, 34.17855852121585, 34.275034791827, 34.282020363895576, 34.182730776812114, 33.69298553783863, 34.46314004754663, 33.837059932690565, 34.47750466353487, 34.192641346628236, 34.612555466479705, 34.19677114340167, 34.58335900656157, 33.9870017411114, 34.2714418914716, 33.82731190384252, 34.64177137900792, 34.501023993517684, 34.35525008903975, 34.45137829601602, 33.44026163924848, 34.50287144216775, 33.339783091792164, 33.91348990924119, 33.82943152293234, 35.12344181181075, 33.96857809915586]
[32.9409941418502, 34.994346341220385, 34.97252069472064, 34.15668609224004, 33.22156075590862, 33.9866699266919, 34.28986195769302, 34.41753645824424, 34.006911339536714, 34.61135865686568, 34.16350314413379, 34.18512175052645, 34.69942586420864, 34.53856693814159, 34.1137887414455, 33.61265515494919, 33.75072179090193, 34.54800375536778, 34.12276666451064, 34.542622928489315, 34.66599316584639, 35.24512679314124, 33.68544760286681, 34.48989690514404, 34.173199982425274, 34.20279597803026, 33.99989257299449, 34.14826186010665, 33.66636017757303, 34.39462825896281, 33.74607663375191, 34.45405093715505, 34.105527102421284, 34.37609118248473, 34.19299573594145, 34.58335900656157, 33.88496140699963, 34.2714418914716, 33.67335160791633, 34.54897894157534, 34.43877601986317, 34.14787414755747, 34.408275373628186, 33.44026163924848, 34.50287144216775, 33.22830596855421, 33.91119348370739, 33.59757115196319, 35.02733927876433, 33.96857809915586]
[32.69330226215933, 34.994346341220385, 34.966779867240724, 34.05533530797919, 33.06435088736251, 33.9866699266919, 34.28986195769302, 34.33769797721595, 33.899087836545746, 34.53054617223603, 34.076296181278316, 34.18512175052645, 34.66545668756037, 34.41856043408851, 33.96759746220853, 33.55218609394548, 33.739728501672346, 34.492185104684054, 34.11497898068516, 34.50234115187901, 34.59536485819529, 35.135130121525414, 33.68544760286681, 34.16763447112967, 34.07238967283679, 34.09357613965535, 33.93772074344128, 34.146630328241734, 33.66636017757303, 34.39462825896281, 33.74607663375191, 34.352681041136535, 33.96968654414179, 34.37609118248473, 34.135556313341056, 34.40840272134114, 33.862170396183345, 34.18193135575824, 33.67335160791633, 34.35770665306466, 34.230807951863184, 33.9196470087075, 34.357317462781786, 33.329984869991605, 34.50287144216775, 33.19933741061358, 33.91119348370739, 33.59757115196319, 34.93240279031411, 33.75816001303828]
[32.69330226215933, 34.8426077935181, 34.966779867240724, 34.02129722489309, 33.06435088736251, 33.9866699266919, 34.193706293532145, 34.28160649988622, 33.77188824161105, 34.36915429855778, 34.076296181278316, 34.16663056523151, 34.401655594185186, 34.339361328055155, 33.87656921558848, 33.53084502916786, 33.69078909847532, 34.416347221577134, 34.05399580514006, 34.492507353482885, 34.55327886497458, 35.12237862466893, 33.536802203742056, 34.04219500463447, 34.05217312055986, 33.934579426093244, 33.93772074344128, 34.06795192859637, 33.60466698632386, 34.39462825896281, 33.64322526370861, 34.352681041136535, 33.91477405487917, 34.37609118248473, 34.07077088288629, 34.37045054585201, 33.78638274904268, 34.17927932968926, 33.67335160791633, 34.10633535350975, 34.230807951863184, 33.9196470087075, 34.252456203024956, 33.329984869991605, 34.34378332479302, 33.19795867484257, 33.91119348370739, 33.57854709961157, 34.82057794081991, 33.71489447880491]
[32.60532708104328, 34.8426077935181, 34.77917208549257, 34.02129722489309, 33.044456316829766, 33.778919873883936, 34.180022551338666, 34.234995782634265, 33.61425726050592, 34.35145320023813, 34.0373608183162, 34.13839263838311, 34.401655594185186, 34.18725131744007, 33.75364748070666, 33.322279353738836, 33.599723796387835, 34.19895347031628, 34.03433425940051, 34.43069223520838, 34.53429949980401, 35.03118986828118, 33.484453274175195, 33.98046501717363, 34.05217312055986, 33.83595113763579, 33.83681256103094, 34.06795192859637, 33.460325048425645, 34.36220971940891, 33.64322526370861, 34.01486319547627, 33.91477405487917, 34.37609118248473, 33.97939392779519, 34.37045054585201, 33.78638274904268, 34.03117668078103, 33.66612723575097, 33.98755114950394, 34.157629406878925, 33.85797332927149, 34.252456203024956, 33.329984869991605, 34.24472139549181, 33.04794811436346, 33.78933296460006, 33.51830119016207, 34.82057794081991, 33.71489447880491]
[32.60532708104328, 34.773911243718416, 34.77546461786224, 34.0176445331961, 32.9810903167778, 33.56070008776458, 33.96613148312353, 34.1564524260287, 33.423960932773625, 34.20994535047252, 34.00980340329282, 34.097952352839926, 34.355233464706764, 34.18725131744007, 33.71545825992242, 33.269343615165575, 33.54937931037925, 34.139651351097896, 34.02066220510322, 34.43069223520838, 34.47432039763808, 35.00968334265806, 33.30214826789913, 33.95150414714048, 33.943275809714955, 33.617702591254925, 33.82823865292959, 33.9519237828373, 33.460325048425645, 34.25948583597244, 33.44622732243454, 34.01486319547627, 33.87255779206851, 34.35011170477192, 33.97939392779519, 34.33783732924681, 33.68575483709057, 34.03117668078103, 33.60440985346838, 33.97885703300436, 34.157629406878925, 33.83151775875298, 34.151216580327585, 33.31157306506645, 34.203819506048696, 33.040173230373824, 33.64581476392267, 33.45754518438508, 34.805792634667476, 33.69101763919794]
[32.563037431820966, 34.51589168897937, 34.62183761065419, 33.96281668037814, 32.959076519517595, 33.523813896185814, 33.941552332946785, 33.99449520373475, 33.38397460846946, 34.17817009535761, 33.941219610858866, 33.90176452895368, 34.159022465950514, 34.06165673578761, 33.39863355265878, 33.265653455342964, 33.54937931037925, 34.10652529336986, 33.868266103830706, 34.407129942746195, 34.185945354731146, 34.955421787794, 33.11944646187158, 33.74421963733975, 33.714645415032976, 33.617702591254925, 33.52545805350304, 33.87310054125894, 33.442802174514405, 34.23856602945004, 33.273138526919496, 33.95030152674607, 33.87255779206851, 34.203232849363694, 33.93906929823114, 34.26609605073294, 33.631505143942334, 34.03117668078103, 33.51872894352024, 33.78597257337722, 34.157629406878925, 33.80294847428331, 34.09652033192387, 33.29567988685421, 34.04888461259917, 33.01214433281444, 33.623441247657674, 33.40977590953943, 34.72305762446142, 33.686743431347246]
[32.49112422593353, 34.136751166154866, 34.62130431301385, 33.95018765841758, 32.95676880167371, 33.376971713927844, 33.85191524921612, 33.86735521833141, 33.38397460846946, 34.08079195137483, 33.820073988229026, 33.72811516837599, 34.159022465950514, 33.86119498863288, 33.36556503634651, 33.243761369416575, 33.54937931037925, 33.94712416424987, 33.868266103830706, 34.35930398394283, 34.10413660641874, 34.749593149890494, 33.05499431720948, 33.71425241814062, 33.532267026801584, 33.573755466172216, 33.42261174316535, 33.84716160275859, 33.316508697535824, 34.0938845464966, 33.13227851117237, 33.83878306040907, 33.80727337534832, 34.14423304865715, 33.88113775385847, 34.246498025658425, 33.631505143942334, 33.9961914637731, 33.42360430706752, 33.515913559582856, 34.086989736670645, 33.786148740569296, 34.09652033192387, 33.253587653254115, 34.00166046470257, 32.94390877282895, 33.52128763420484, 33.32654184074812, 34.71441396232974, 33.636541127390146]
[32.48722626428417, 33.992412075087444, 34.62130431301385, 33.88482308182532, 32.858744011003616, 33.36643647724527, 33.51245234246915, 33.72132814685229, 33.260676770891806, 34.05778470893514, 33.79603026143775, 33.65373404091061, 34.159022465950514, 33.74095002169733, 33.30875599330799, 33.23384145472105, 33.532060451195015, 33.92538888305401, 33.868266103830706, 34.14642927645465, 34.084798541892226, 34.68696166223301, 32.99811834033751, 33.71425241814062, 33.44258791835574, 33.573755466172216, 33.32715480973475, 33.81976744642303, 33.316508697535824, 33.9865718297115, 33.04801158056638, 33.75991180110644, 33.77581470574599, 34.101944196106004, 33.76616957687101, 34.24063296120227, 33.631505143942334, 33.9961914637731, 33.40098907076395, 33.45403451315219, 34.04502550361537, 33.786148740569296, 34.09652033192387, 33.14446388568603, 34.00166046470257, 32.812028566472584, 33.375637887379646, 33.31081110525861, 34.70649368040794, 33.636541127390146]
[32.48722626428417, 33.940777611420586, 34.61009082846254, 33.5583894881487, 32.81005870026788, 33.36643647724527, 33.51245234246915, 33.72132814685229, 33.260676770891806, 33.91427013789773, 33.67858338131405, 33.45280874005282, 34.159022465950514, 33.63027928402423, 33.30875599330799, 33.15994305340411, 33.51360398114457, 33.8957214052841, 33.827766564644314, 33.82121595500399, 33.98541886028747, 34.68696166223301, 32.99104777640143, 33.71425241814062, 33.37683286440265, 33.410138879788185, 33.32715480973475, 33.81976744642303, 33.31634529273494, 33.89833358095461, 33.020782222204794, 33.72879661173422, 33.54138747613364, 34.101944196106004, 33.71772492306631, 33.98047671435531, 33.59000376165495, 33.924508409820234, 33.36536408484073, 33.412448223400474, 34.04502550361537, 33.786148740569296, 34.09466628834566, 33.120940510937594, 34.00166046470257, 32.812028566472584, 33.203771259096676, 33.23505081329415, 34.65391197738707, 33.61239458626835]
[32.37688141315534, 33.82334510679541, 34.560971270042124, 33.45218919484443, 32.81005870026788, 33.34278058506192, 33.49787804200023, 33.67202070392226, 33.16031540066235, 33.86751956443525, 33.658878224746445, 33.226841766056154, 34.13749137300822, 33.63027928402423, 33.30875599330799, 33.15994305340411, 33.5026874388418, 33.558014377232055, 33.79119880430926, 33.82121595500399, 33.89313907055866, 34.64993179590191, 32.94316010254366, 33.534398269662894, 33.2370426613747, 33.39273188213314, 33.25153815072851, 33.59184248508872, 33.253666571952316, 33.89833358095461, 32.962521083263226, 33.69035172593709, 33.54007104950507, 34.101944196106004, 33.71772492306631, 33.93903640070169, 33.524835260017056, 33.86147641642984, 33.26599585511076, 33.296313530650345, 34.01917129334351, 33.73393598671464, 34.09466628834566, 32.97151564172641, 33.73531057122446, 32.71847157531194, 33.12685488696146, 32.98502847946658, 34.588716023038046, 33.58895828485991]
[32.28111850082468, 33.82334510679541, 34.45482320161205, 33.39100360797333, 32.81005870026788, 33.16982917466849, 33.482227933940024, 33.618844730147465, 33.16031540066235, 33.843755220822665, 33.64713672069909, 33.22468256862653, 34.12602807714585, 33.33580590117762, 33.23141326628153, 33.15994305340411, 33.48864240620024, 33.50389717212658, 33.787117310578076, 33.82121595500399, 33.89313907055866, 34.53798077996449, 32.94316010254366, 33.534398269662894, 33.21292672605322, 33.37741476618776, 33.02141217086455, 33.43805488759161, 33.19408815916094, 33.871677979525955, 32.865958679640606, 33.69035172593709, 33.45303005051863, 34.09058996271101, 33.64232883791318, 33.9151096161751, 33.33519565505771, 33.86147641642984, 33.26599585511076, 33.236033375531015, 33.97791304986278, 33.70405547548897, 34.07327066044715, 32.97151564172641, 33.43293490376085, 32.565323760821215, 33.0969065271044, 32.851165017973344, 34.583943367883435, 33.580804152507895]
[32.28111850082468, 33.730713419220244, 34.45482320161205, 33.22072677285205, 32.75992444223256, 33.16982917466849, 33.37006362950031, 33.548491766842226, 33.14487452478731, 33.77824394966059, 33.64713672069909, 33.12373647522146, 34.068305973436175, 33.33580590117762, 33.12897210379493, 33.15599788062575, 33.228154332592155, 33.50389717212658, 33.74276887996615, 33.78476179680203, 33.799224304266275, 34.390495972797034, 32.90870517442871, 33.53098252892041, 33.091381410769806, 33.33508950034691, 33.02141217086455, 33.1878303078591, 33.128483583475756, 33.871677979525955, 32.85499687361531, 33.5642315395274, 33.267800118411195, 33.92185441415195, 33.54788444875654, 33.85899147722553, 33.21251577803439, 33.727899445524095, 33.26599585511076, 33.153690550540645, 33.8121826479797, 33.70405547548897, 33.677625188662006, 32.769781753945104, 33.42930405555468, 32.55900827508141, 33.068611633950425, 32.78328505760836, 34.583943367883435, 33.40387423247516]
[32.278672386900446, 33.730713419220244, 34.393614503720464, 33.181719617188335, 32.690438339493184, 33.16982917466849, 33.306468201914754, 33.51012876426497, 33.05492191262896, 33.77824394966059, 33.550462383328565, 32.94130474421931, 34.0513028479953, 33.23123947041164, 33.01761763975115, 33.07091297803183, 33.228154332592155, 33.1964612975648, 33.72607017595177, 33.78476179680203, 33.727263285227885, 34.29205121653098, 32.90870517442871, 33.45681414100464, 33.0549019341531, 33.231285452333346, 33.02141217086455, 32.971192068180905, 32.93711620951701, 33.80006378074252, 32.803021372081595, 33.48071789314815, 33.26328282809349, 33.748391022309605, 33.511577928407384, 33.74493453664944, 33.15341010466361, 33.50980851399676, 33.12934005767148, 33.0764909940698, 33.8121826479797, 33.70405547548897, 33.551280264296636, 32.57216742044339, 33.35294898652373, 32.48503277777702, 33.047775653619205, 32.6904318728284, 34.583943367883435, 33.34214784317279]
[32.278672386900446, 33.61111842694907, 34.352214854132896, 33.15482758790576, 32.55937883668206, 33.158135243188816, 33.21198171989637, 33.47437107323243, 32.96520950567909, 33.746646965978016, 33.53235106479631, 32.94130474421931, 33.88800463511376, 33.226085816503755, 33.01761763975115, 33.03333964959282, 33.17232191288609, 33.19081460767563, 33.668359800420305, 33.5993059752022, 33.727263285227885, 34.29205121653098, 32.90870517442871, 33.16804402520363, 32.8940299456258, 33.20050456339938, 33.02141217086455, 32.94882672943383, 32.81282597474102, 33.720362373542706, 32.72028389577925, 33.48071789314815, 33.21258931376828, 33.746994259580894, 33.511577928407384, 33.62830999404122, 33.15341010466361, 33.29608541985969, 33.12934005767148, 32.95248098043258, 33.79375523110288, 33.603978764822386, 33.52973757245378, 32.54065677091733, 33.23426058828643, 32.48016550977623, 33.047775653619205, 32.68763131829799, 34.47856773227172, 33.34214784317279]
[32.1719464587993, 33.51686591865434, 34.352214854132896, 33.15482758790576, 32.50583160307732, 33.156029387123354, 33.21198171989637, 33.43145408860842, 32.96520950567909, 33.68968119413457, 33.44666407442577, 32.87427304404892, 33.80758009747678, 33.20221343593747, 32.95919216671286, 32.92751939842233, 33.14555575818806, 33.19081460767563, 33.59314369246768, 33.44242778974455, 33.526310893700874, 34.29205121653098, 32.90870517442871, 33.16804402520363, 32.70531594159163, 33.17456408264325, 33.02141217086455, 32.83811303421005, 32.66060427401625, 33.68532470408817, 32.702163698745764, 33.48071789314815, 33.0581352299954, 33.45426409377444, 33.43398960750591, 33.62480452333469, 33.15341010466361, 33.25619887454144, 33.03384680233596, 32.95248098043258, 33.76212826001934, 33.56572668705796, 33.52581330303982, 32.54065677091733, 33.160196697898726, 32.358281952238826, 33.04746540718146, 32.673539422397695, 34.448721403925354, 33.34214784317279]
[32.157288888296236, 33.44014103876943, 34.30071515137989, 33.079311879293314, 32.43764406036989, 33.14002853127154, 33.11216144588174, 33.28149748068493, 32.96520950567909, 33.59263199198309, 33.44666407442577, 32.87427304404892, 33.71592006748075, 33.20221343593747, 32.94933586556952, 32.803680303257096, 32.98238493359184, 33.19081460767563, 33.59314369246768, 33.380172553234544, 33.526310893700874, 34.19406940855929, 32.829068243930834, 33.16804402520363, 32.65781344333546, 33.048659284155974, 32.92983479431214, 32.70817198671857, 32.57837794330685, 33.67911436231623, 32.702163698745764, 33.48071789314815, 33.0581352299954, 33.41092146616282, 33.36518575930944, 33.62480452333469, 33.15341010466361, 33.185037175842595, 32.945992545893645, 32.899987841041785, 33.73098834891867, 33.393121291523904, 33.502988947722116, 32.45564148568554, 32.997496301201856, 32.358281952238826, 32.99688938807467, 32.545606967830295, 34.412279291942674, 33.31569929247267]
[32.08977126245186, 33.42252050063264, 34.2803335726921, 33.079311879293314, 32.43764406036989, 32.99263282219656, 33.11216144588174, 33.23778857100943, 32.963466304706756, 33.59263199198309, 33.33627461876348, 32.838481031790735, 33.570382176927566, 33.02020607227941, 32.890095190243485, 32.500946403003645, 32.97980325382523, 33.01486001677641, 33.49960814613728, 33.246550956877954, 33.461727528147435, 34.19406940855929, 32.791620539214236, 33.100154849667376, 32.51853221438394, 32.97911527366938, 32.82697055901827, 32.70452252475061, 32.57837794330685, 33.67911436231623, 32.6921700341545, 33.386777297370394, 33.01478691037401, 33.18107597321834, 33.31040847760882, 33.50384959808292, 33.11800528137733, 33.1731268974187, 32.883224060687326, 32.856770459530914, 33.615091278114384, 33.34879690857578, 33.502988947722116, 32.409670838655344, 32.95319542629334, 32.10268373221597, 32.99258152951287, 32.492098076032356, 34.412279291942674, 33.214786741108334]
[32.02616662684407, 33.30332857957954, 34.2803335726921, 33.01434165451501, 32.43764406036989, 32.75882966607181, 33.08607193431084, 33.05279809900047, 32.90978501189262, 33.527202560927094, 33.19241170123297, 32.789718692169444, 33.56150974898906, 32.98919859647429, 32.87283791959437, 32.25980255167905, 32.96948678102241, 32.93064076207646, 33.431711746974706, 33.16291194070671, 33.32324156984977, 34.17365866264889, 32.75650940765918, 33.0494152421449, 32.39513633536841, 32.9102452695786, 32.783436421005106, 32.70452252475061, 32.52758303478304, 33.60925400373677, 32.59691243849023, 33.36128162092787, 32.99777139447335, 32.862375638760476, 33.15654692037733, 33.46263216976836, 33.07500620150008, 33.12222267311812, 32.67432648268987, 32.75550704185031, 33.55980956323985, 33.28323750724039, 33.44303596252019, 32.315982033833954, 32.86807311402482, 32.044780558779095, 32.8731507255295, 32.433142415184044, 34.412279291942674, 33.03957203234269]
[31.980945601906434, 33.24122823702406, 34.027141959684435, 32.91356974949002, 32.3875207442934, 32.7474769414802, 33.04706035665875, 32.96083332524316, 32.820572118792725, 33.392009759915865, 33.153682813662655, 32.789718692169444, 33.56150974898906, 32.98919859647429, 32.831519120962156, 32.137141134527866, 32.874904623247694, 32.87384545145691, 33.431711746974706, 32.91708855272574, 33.205132537442275, 33.96419524445476, 32.65328894898087, 32.96625009951679, 32.39513633536841, 32.85063172978542, 32.65205347463113, 32.70452252475061, 32.52758303478304, 33.57593960328592, 32.59691243849023, 33.29096387326725, 32.99777139447335, 32.791446256678576, 32.94304278156994, 33.433682917362106, 33.05892479172881, 33.0907000300162, 32.67406819543466, 32.73648107580952, 33.38709044062495, 33.06847037810915, 33.27233950537911, 32.2717001985048, 32.783061945636035, 32.044780558779095, 32.72915731077258, 32.41857472430979, 34.375590375514314, 33.02391631973974]
[31.87172121041009, 33.12992870739676, 34.027141959684435, 32.91356974949002, 32.3875207442934, 32.68117805517645, 32.99965949080804, 32.96083332524316, 32.79600585808827, 33.34357062639246, 33.153682813662655, 32.548030453168884, 33.48067751591772, 32.909419507087414, 32.746077827056745, 32.03345376338141, 32.71100018511835, 32.87215652281702, 33.32208405171419, 32.899884144982764, 33.178589183575845, 33.96419524445476, 32.636009600530386, 32.87602684473184, 32.39513633536841, 32.84406035256812, 32.54308507018432, 32.64598271555592, 32.3640226064646, 33.51266317283285, 32.59691243849023, 33.13017470802303, 32.88294845678033, 32.73934607438165, 32.78704993546957, 33.433682917362106, 32.96173752723426, 33.08809172847842, 32.635789010184126, 32.73648107580952, 33.298836774847096, 33.05991175270013, 33.2449011107682, 32.256740768732406, 32.783061945636035, 32.020239200020384, 32.728627949096264, 32.287979380260325, 34.31203407154071, 33.02391631973974]
[31.87172121041009, 33.054331512425776, 33.927091591552546, 32.9092367103882, 32.33244745703185, 32.68117805517645, 32.92081607129054, 32.96083332524316, 32.518345724190496, 33.21402413847242, 33.12810183136825, 32.548030453168884, 33.32623981147455, 32.909419507087414, 32.692127102420415, 31.975875309623767, 32.519010551762065, 32.67040735012518, 33.282150807492606, 32.775520324324404, 33.15539665030732, 33.92976743216424, 32.62697466948957, 32.64038192802637, 32.39155207171819, 32.77837123544509, 32.54308507018432, 32.51435721028448, 32.325386535958664, 33.50523243163835, 32.59691243849023, 32.946862149201756, 32.88294845678033, 32.6642031597846, 32.78704993546957, 33.29559395994731, 32.86834582945912, 32.91255930556757, 32.635789010184126, 32.70718602793839, 33.243870182888195, 33.042989956597864, 33.131356279467276, 32.15616668283884, 32.783061945636035, 31.99798019055722, 32.728627949096264, 32.22128829563927, 34.179119681123986, 33.02391631973974]
[31.752606846082358, 33.01606618399956, 33.927091591552546, 32.828372556093406, 32.29224496719733, 32.570266497943194, 32.88947715813219, 32.847982227850366, 32.518345724190496, 33.15092344020324, 32.85225657883494, 32.506929494321184, 33.32623981147455, 32.88086008811991, 32.683043040795845, 31.975875309623767, 32.519010551762065, 32.65038890383095, 33.22916946501811, 32.676389409869806, 33.15539665030732, 33.809845973911, 32.55574039638996, 32.64038192802637, 32.350913454000974, 32.77837123544509, 32.52193474279498, 32.43979117506068, 32.273308000703736, 33.46417984327472, 32.59691243849023, 32.894605636489004, 32.857183578890286, 32.62723962036589, 32.73717009491971, 33.21090664938449, 32.740145127120584, 32.90277980518093, 32.51924891969652, 32.64107045471589, 33.16038492395361, 32.949237427831136, 33.10503499043461, 32.14484539527625, 32.783061945636035, 31.831869710729745, 32.622733498466246, 32.10729612104522, 34.15664713019951, 32.79234503850331]
[31.55423558799854, 33.01606618399956, 33.82346836857626, 32.795448206173184, 32.254454912256605, 32.50557351372354, 32.87044499055897, 32.847982227850366, 32.45095439473844, 33.14054422444865, 32.85225657883494, 32.472386125900165, 33.26849834288038, 32.86433787046169, 32.48769718794564, 31.80767615319188, 32.5156192809206, 32.60224371899189, 33.111520806809274, 32.676389409869806, 33.050437479789096, 33.6576061774728, 32.49924186214422, 32.601468806202035, 32.17161426631978, 32.76268135406957, 32.494165214955416, 32.33965471704608, 32.263713066453974, 33.406921479371924, 32.2756279481864, 32.70110072250158, 32.82771351146032, 32.55035310958101, 32.69362717005633, 33.21090664938449, 32.740145127120584, 32.87844408214209, 32.44991111595745, 32.539888796326046, 33.16038492395361, 32.9191907529162, 33.01875718454872, 32.14484539527625, 32.69731274432577, 31.756347069159368, 32.52417061461989, 32.05207039586166, 34.12642883375334, 32.7680242636337]
[31.350009144806513, 33.01009271723413, 33.63456786980877, 32.75741640260959, 32.08010523090818, 32.28006518855746, 32.87044499055897, 32.78863526771717, 32.28525752722451, 32.996821554403255, 32.741264457891404, 32.46085725394651, 33.208558272434146, 32.86433787046169, 32.43059722871583, 31.71183340436272, 32.46092016603041, 32.521448408352214, 33.07192918212743, 32.676389409869806, 33.00847184485798, 33.54871414840913, 32.454306136108826, 32.57274478481609, 32.095304643382946, 32.727445502282464, 32.35148857351437, 32.331934393303, 32.23462978129182, 33.406921479371924, 32.19330523933897, 32.59160502457482, 32.82771351146032, 32.55035310958101, 32.67278235197169, 33.159899152687466, 32.69471449313818, 32.61499760636397, 32.42291567396367, 32.480547730755845, 33.04992831004925, 32.90590739111333, 33.01875718454872, 32.14484539527625, 32.59102147857403, 31.700258088131953, 32.43404993813691, 31.846421924357298, 33.979332977494764, 32.707605698838755]
[31.29699462212215, 32.87024513496817, 33.328782489691825, 32.62872850535943, 32.037529007062396, 32.262968218392224, 32.87044499055897, 32.60139368341511, 32.24286105864926, 32.96492195610701, 32.73681945850768, 32.46085725394651, 32.94784770575147, 32.86433787046169, 32.39940732293742, 31.502097780974008, 32.46092016603041, 32.521448408352214, 32.90410309791419, 32.6634805194945, 32.68731559084531, 33.50920607877257, 32.339883166655966, 32.57274478481609, 32.01438036046706, 32.65444740558365, 32.2434981189668, 32.331934393303, 32.09810521835352, 33.34636008727519, 32.1804280042732, 32.59160502457482, 32.71415904270157, 32.55035310958101, 32.60327639141504, 33.11844697095113, 32.62578946913474, 32.555813906156644, 32.42007338271999, 32.480547730755845, 33.00239756173257, 32.90590739111333, 32.84715255101827, 31.893952734608156, 32.416243256662014, 31.64882720760503, 32.43404993813691, 31.8337768093211, 33.90260370329178, 32.531524900293235]
[31.29699462212215, 32.866426592984304, 33.29885364651393, 32.44693248849889, 32.00785021845076, 32.15533807684743, 32.84192229669943, 32.59461861759702, 32.116402738130965, 32.92446283398333, 32.47959497920806, 32.30352156162617, 32.71119893047191, 32.86371233710258, 32.32985816818591, 31.438161148139237, 32.4456371311268, 32.354010379421105, 32.74298827185304, 32.65338069103766, 32.68731559084531, 33.318508157245255, 32.339883166655966, 32.47911515164343, 31.860041466200517, 32.620475471546605, 32.2434981189668, 32.17571389923366, 32.082156042316015, 33.18282617129351, 32.12638073616613, 32.48197196934937, 32.65322865702807, 32.4376693145532, 32.571503206142374, 33.11844697095113, 32.55999790557123, 32.547233254044215, 32.30304268796322, 32.480547730755845, 32.88180127855064, 32.570632565174705, 32.74077426428842, 31.852210625391713, 32.40599023544863, 31.64882720760503, 32.24692553139511, 31.81976272156088, 33.85763549232707, 32.37561934031288]
[31.272615514993824, 32.556589843478704, 33.29885364651393, 32.42375005648163, 31.841653718223558, 32.07470990097221, 32.53796832638985, 32.59461861759702, 31.967855708561252, 32.92446283398333, 32.47959497920806, 32.228872137783604, 32.71119893047191, 32.86371233710258, 32.317981753620224, 31.421559183487965, 32.35023318703101, 32.22494316280286, 32.694429619564204, 32.65338069103766, 32.55704947361981, 33.318508157245255, 32.25970485186717, 32.22699568678065, 31.783211673964843, 32.404862436211225, 32.215798708875134, 32.142132167193964, 32.060003774141286, 33.12428111921751, 32.12638073616613, 32.189107019530105, 32.636727672884724, 32.4376693145532, 32.571503206142374, 33.01980076821705, 32.551572537452216, 32.504568477485705, 32.26792912847093, 32.480547730755845, 32.88180127855064, 32.570632565174705, 32.621971627706614, 31.829502566082255, 32.32236665729931, 31.572528844180436, 32.18666528526819, 31.721750990800984, 33.68954777375706, 32.306104688323224]
[31.210344638235142, 32.519119966268946, 33.00378904558783, 32.39666732211263, 31.620137137389314, 32.06592987584603, 32.53796832638985, 32.556386286491076, 31.797642494724908, 32.919288934016855, 32.26828298803779, 32.1497177969754, 32.71119893047191, 32.818873496216284, 32.28682383116758, 31.39785875708726, 32.292454011907424, 32.22494316280286, 32.47081371757952, 32.65338069103766, 32.53815819982386, 33.224305877278724, 32.13472304370957, 32.22699568678065, 31.614904168436965, 32.389760801501424, 32.01957682368371, 32.10595605305442, 31.97327961062117, 33.12063232197208, 32.06217191420752, 32.174502845914404, 32.562209694134026, 32.4376693145532, 32.571503206142374, 32.88373217527957, 32.551572537452216, 32.504568477485705, 32.21340976995791, 32.42219287842424, 32.84202313552662, 32.47848049365589, 32.45677539801388, 31.752815307013414, 32.23389190062389, 31.515970063746742, 32.1711354098765, 31.65208080290292, 33.60057473096185, 32.18715231031574]
[31.193549069070816, 32.517229291151565, 33.00378904558783, 32.29743928751388, 31.562571516114524, 32.06592987584603, 32.53796832638985, 32.51093622159458, 31.609028757094585, 32.714126283808035, 32.14064366847463, 32.1497177969754, 32.71009143799142, 32.77102987676141, 32.207462130713665, 31.39785875708726, 32.285110041534175, 32.22494316280286, 32.47081371757952, 32.57542933061664, 32.51928835685301, 33.224305877278724, 31.91729024932735, 32.21274954200929, 31.601118617360964, 32.389760801501424, 31.955944923918587, 32.05110282343945, 31.623194691906498, 33.074557720563476, 32.019217551304784, 32.13451776850152, 32.562209694134026, 32.4112571478866, 32.571503206142374, 32.88373217527957, 32.50302139953126, 32.4359959975154, 32.03871232244159, 32.42219287842424, 32.75663029282564, 32.43350187955368, 32.36422618172227, 31.664762579259815, 32.22975002221076, 31.515970063746742, 32.15310683486763, 31.53167146081581, 33.60057473096185, 32.16900148401957]
[31.193549069070816, 32.37973436995994, 32.90867553552604, 32.17432251538952, 31.562571516114524, 32.04839547319843, 32.53796832638985, 32.45804735285456, 31.609028757094585, 32.64214675391783, 32.14064366847463, 32.133014255839726, 32.64960946335203, 32.501159611683775, 32.09848321825082, 31.3580478712798, 32.25862428828212, 32.22494316280286, 32.346563073860914, 32.4987618505126, 32.51928835685301, 33.224305877278724, 31.91729024932735, 32.21274954200929, 31.601118617360964, 32.389760801501424, 31.922613080511034, 32.04338130374225, 31.434073746913327, 32.99810355716659, 32.019217551304784, 32.07019600638112, 32.536357534512305, 32.37903077839595, 32.517520986826746, 32.83338725238012, 32.27470606036336, 32.3429174168193, 32.01765135775001, 32.386682849368626, 32.75663029282564, 32.40990940876022, 32.34277725821089, 31.639988680139602, 32.22975002221076, 31.408110966549287, 31.950928126810528, 31.53167146081581, 33.60057473096185, 32.14309033768435]
[31.047449517091458, 31.977010477416066, 32.75700841740404, 32.15101979142296, 31.547904955681354, 31.82884129437425, 32.36139597547534, 32.380256039812465, 31.56251183539741, 32.64214675391783, 32.1151967674385, 32.10178321216085, 32.61545611250929, 32.459066284868534, 32.096553413972025, 31.347687018384512, 32.25862428828212, 32.049469507894166, 32.34434251937823, 32.495357382680865, 32.48350072985611, 33.066187453744064, 31.91729024932735, 32.21274954200929, 31.55239036651654, 32.36809883390604, 31.902061209241488, 32.04338130374225, 31.357867743464926, 32.788031486236946, 31.934399517056068, 32.03125306528018, 32.43247845606085, 32.37903077839595, 32.438148637274665, 32.794073193180694, 32.249717383123325, 32.278343763631035, 31.85705341446171, 32.21899785215969, 32.62671953304467, 32.17536763318608, 32.30547208403869, 31.383661732081, 32.22975002221076, 31.40426094703127, 31.836011553741333, 31.53167146081581, 33.60054684854492, 32.056768992723896]
[31.022208774696573, 31.90184401479855, 32.68710857077984, 32.15101979142296, 31.474266589090735, 31.66752795933845, 32.36139597547534, 32.380256039812465, 31.56251183539741, 32.58016552072311, 32.04037069878183, 32.10178321216085, 32.61545611250929, 32.42474422593116, 31.99596875064209, 31.305694011686363, 32.25862428828212, 31.98586120292892, 32.342286522204745, 32.426894969072954, 32.48350072985611, 33.066187453744064, 31.867774523214695, 32.18301755869286, 31.447630428121812, 32.36809883390604, 31.886921004530688, 32.01453575061328, 31.235569640527377, 32.71611900895028, 31.90476615515331, 32.015601075493215, 32.43247845606085, 32.21191538621052, 32.36546466621624, 32.794073193180694, 32.162935816400946, 32.03536116402724, 31.85705341446171, 32.12274992298746, 32.52692461940732, 32.09399541722383, 32.30547208403869, 31.383661732081, 32.180084081462915, 31.40426094703127, 31.836011553741333, 31.50049089171203, 33.37204061472554, 32.056768992723896]
[30.98190854858467, 31.697161339129508, 32.53965233469123, 31.98947001986004, 31.418653374476218, 31.56484092390919, 32.32822118458368, 32.26324223440578, 31.561941171714004, 32.499103367514444, 31.932486843839378, 32.03900421577548, 32.56163687900563, 32.42474422593116, 31.953381711011115, 31.305694011686363, 32.25862428828212, 31.789678760684883, 32.24864151878134, 32.29968717429811, 32.43847728253064, 33.027395746781664, 31.831546151391546, 32.15192718135138, 31.3050095618866, 32.35751143002376, 31.886921004530688, 32.01453575061328, 31.15283596118161, 32.69363103742017, 31.848010120386476, 31.98177616573067, 32.4049860299893, 32.18266965641625, 32.200757797266014, 32.731786831466614, 32.15984684297355, 32.03536116402724, 31.85705341446171, 32.088180152918675, 32.36294482952392, 32.01527917883137, 32.29048070876071, 31.358668202113712, 32.06912341268617, 31.377903585329268, 31.716069905467386, 31.47604102037721, 33.26913895939546, 32.056768992723896]
[30.897147521424102, 31.697161339129508, 32.53541196129608, 31.982397551381347, 31.418653374476218, 31.39711811533032, 32.27385635691924, 32.213155918575374, 31.39851600283631, 32.36195158465788, 31.877851680007154, 32.038370010757646, 32.56163687900563, 32.22920253003664, 31.870945179172203, 31.060367692257195, 32.17060847841288, 31.714719493041258, 32.18324400548271, 32.29968717429811, 32.42558775434439, 32.98903653672755, 31.629276232675192, 32.15192718135138, 31.245875121841955, 32.249572838330565, 31.882239910992922, 31.91143138169894, 31.131391276031867, 32.646721273472835, 31.826295087453712, 31.92261448679047, 32.397995463902994, 32.18266965641625, 32.14251108889733, 32.6786993299796, 32.12385781166502, 32.01887853572778, 31.808664103160602, 32.088180152918675, 32.227916471766, 31.991135175207212, 32.27823640472639, 31.322720882242642, 32.02761196505264, 31.377903585329268, 31.716069905467386, 31.45038576567594, 33.07687046532267, 32.056768992723896]
[30.801288676318013, 31.697161339129508, 32.42728116562796, 31.840720440937798, 31.291411383469125, 31.31992081726911, 32.2171201595793, 32.213155918575374, 31.39851600283631, 32.27200094148348, 31.877851680007154, 31.9964112636555, 32.560004627161035, 32.09646656982095, 31.80663922394882, 31.037213210564175, 32.17060847841288, 31.477324955021835, 32.14198339388698, 32.12963573854758, 32.3122712999471, 32.98903653672755, 31.621848104203185, 32.121204365307676, 31.156728855643102, 32.249572838330565, 31.882239910992922, 31.91143138169894, 31.032617087146832, 32.54242107353996, 31.826295087453712, 31.92261448679047, 32.39723920866324, 32.11129685970974, 32.09609217401625, 32.54172282827877, 31.999038750588955, 31.92509277822719, 31.808664103160602, 32.06079733914778, 32.12123238382769, 31.89953851510605, 32.2234234720449, 31.297599780779855, 32.02761196505264, 31.29693244506633, 31.716069905467386, 31.39211707399982, 32.95441571753085, 31.979875254609738]
[30.784603418782876, 31.588088030081757, 32.36809800844261, 31.840720440937798, 31.17855869743088, 31.23893198975403, 32.039987979679935, 32.19583580113639, 31.39851600283631, 32.158312117991066, 31.877851680007154, 31.978249187811535, 32.560004627161035, 32.09186960751603, 31.801099103646255, 30.99376654949366, 32.01267671395125, 31.477324955021835, 32.14198339388698, 32.002870609211435, 32.29623418870938, 32.94733156438251, 31.547083334286263, 32.121204365307676, 31.150911667019233, 31.995908159224268, 31.782284237646643, 31.91143138169894, 31.01680073658785, 32.54242107353996, 31.826295087453712, 31.90975411618774, 32.25536565840356, 32.103044527476946, 32.04641911052185, 32.53077798812171, 31.97701751555237, 31.893911284762236, 31.785410352113985, 31.85574778366178, 32.12123238382769, 31.881009702570935, 32.2234234720449, 31.297599780779855, 31.794240493758025, 31.26712111351636, 31.481806268126842, 31.237941324194317, 32.826118777895225, 31.87518651618219]
[30.646891517934716, 31.588088030081757, 32.200151144153224, 31.840720440937798, 31.104083482633122, 31.23893198975403, 32.02097659851667, 32.164210544947856, 31.39851600283631, 32.09857291503065, 31.877851680007154, 31.954502688190313, 32.560004627161035, 32.09186960751603, 31.689245964551276, 30.726249681566866, 32.01267671395125, 31.394690739392956, 32.11266472057706, 31.736066275364827, 32.286562269427996, 32.904980089690575, 31.536400677588993, 32.121204365307676, 30.975329959180687, 31.831323749313164, 31.705696908868568, 31.84952917293605, 30.740950741360894, 32.54242107353996, 31.825394677388278, 31.85523160474653, 32.076360182742214, 31.951124504963662, 32.04641911052185, 32.50796612631459, 31.943116661885824, 31.784177059587023, 31.660615880450745, 31.84825082829908, 32.031865384073605, 31.87546757607737, 32.1609253523345, 31.219065519083113, 31.657727262354587, 31.213373547171262, 31.460426564971904, 31.231977322114908, 32.826118777895225, 31.855446916435774]
[30.59046756184214, 31.534514012056878, 32.200151144153224, 31.675882997712666, 31.092449306815762, 31.23893198975403, 31.990881501579103, 31.918528263592815, 31.30822833668187, 32.08693172203796, 31.877851680007154, 31.92844657386612, 32.497364220503684, 31.993093611792187, 31.606315753261175, 30.726249681566866, 31.991810020606636, 31.37348978018316, 31.948270746282226, 31.736066275364827, 32.286562269427996, 32.87684526572151, 31.418412089392895, 32.04371103530828, 30.92985869383826, 31.831323749313164, 31.705696908868568, 31.84952917293605, 30.613508394497547, 32.47075904250712, 31.82152192351082, 31.70999476147326, 32.06937884858474, 31.950247386701097, 31.99775693720384, 32.429966279972504, 31.78248745399958, 31.758578903767024, 31.543931331166032, 31.826253349064423, 31.967108300492235, 31.80063292653777, 32.07017888631292, 31.1799129416249, 31.563584673627467, 31.182160599419365, 31.343090429645844, 31.22840160271325, 32.74256237470025, 31.828838824332927]
[30.39567128509305, 31.534514012056878, 32.171490037563366, 31.675882997712666, 31.092449306815762, 31.229067154075715, 31.747390855451123, 31.894485837540707, 31.252329910252882, 32.08693172203796, 31.857923042801964, 31.880408365393123, 32.47462324544424, 31.993093611792187, 31.554683534376466, 30.726249681566866, 31.87662983038756, 31.337310082501897, 31.92042918022407, 31.68405129629503, 32.259788623690554, 32.81509255342027, 31.32008646786926, 32.039330784011646, 30.705360622609426, 31.659810278750957, 31.63967675382974, 31.80935886208433, 30.537365248199695, 32.426047800666154, 31.778626371263567, 31.658737641662448, 32.057212145887895, 31.942369694436856, 31.955254317068203, 32.26281282075614, 31.705586193236023, 31.69444250587977, 31.445118179406784, 31.73431739052561, 31.96162816413917, 31.70145011238885, 31.978888120178983, 31.128331230278075, 31.526817742911426, 31.067482401826464, 31.22650560794498, 31.22840160271325, 32.542091323897765, 31.730375761711525]
[30.383035609091905, 31.4227224589353, 32.09831580074453, 31.469668787460485, 31.020678339659412, 31.229067154075715, 31.713325884010953, 31.871219381525247, 31.252329910252882, 32.078660618496464, 31.801537190837486, 31.84074590862184, 32.44064062723885, 31.783640070356675, 31.554683534376466, 30.606763193678308, 31.86385524100955, 31.31005455221694, 31.870037647301835, 31.659832739277313, 32.10678773781865, 32.737411862940334, 31.24406356218542, 31.811106037133744, 30.63917388441494, 31.652459695178617, 31.63839784195515, 31.74327728845351, 30.537365248199695, 32.30611890927223, 31.568560335493338, 31.489317344475193, 31.94961598712748, 31.803946664468043, 31.89708357317604, 32.21649248756795, 31.663301078812843, 31.660042370082397, 31.406925354898938, 31.69287734280208, 31.659747829374176, 31.687091343724422, 31.953085213971423, 31.013595875916884, 31.47457350723381, 31.067482401826464, 31.16868051336085, 31.171826358532947, 32.481318991046386, 31.730375761711525]
[30.354804463909385, 31.42103231831738, 32.09831580074453, 31.43653984191344, 31.020678339659412, 31.21205856670361, 31.713325884010953, 31.80106128010932, 31.029316528866975, 32.03394433560301, 31.753164873492892, 31.84074590862184, 32.44064062723885, 31.783640070356675, 31.5357687147799, 30.40787251924319, 31.656518380182177, 31.20798951288712, 31.80416400966282, 31.65864960168447, 32.09652156062467, 32.490381245292276, 31.114266942189282, 31.774777399678108, 30.601360246265067, 31.652459695178617, 31.63839784195515, 31.65884257913995, 30.523466114922485, 32.30611890927223, 31.465894153065825, 31.489317344475193, 31.911669729802583, 31.650714884637654, 31.896938405038963, 32.09999294937933, 31.61942849462804, 31.45344791087594, 31.341062615255368, 31.69287734280208, 31.64170097480018, 31.673818695592615, 31.93536786667113, 30.947082185375052, 31.424688241317767, 30.804814398897555, 31.08486734830125, 31.136596692039035, 32.37240442894767, 31.591371841892858]
[30.32527926498259, 31.418738098213716, 32.0529822197786, 31.377043720407414, 31.01681113828108, 31.058926290770223, 31.585717938800553, 31.780988754743532, 30.93674358979909, 31.932080421022285, 31.503850835433365, 31.824579462590577, 32.37428854536095, 31.69084909520012, 31.532926704733406, 30.40787251924319, 31.435374127252118, 31.192916570917657, 31.739508401819837, 31.630646761382895, 31.97395622579964, 32.45794766420739, 31.114266942189282, 31.755412103309386, 30.56242409926471, 31.590562970091185, 31.5934820943771, 31.620154382780772, 30.46319783438692, 32.093721391960834, 31.44097941872186, 31.41791289175369, 31.55880136921587, 31.63269995346973, 31.727102716881898, 32.02318386327958, 31.477834550619935, 31.22193300105094, 31.272687961938317, 31.51555167200335, 31.59756075430234, 31.614135777655328, 31.86080777000053, 30.914108092518166, 31.39258107116517, 30.804814398897555, 31.084266159464345, 31.136596692039035, 32.35861143194204, 31.469716678339466]
[30.30634048193524, 31.348964823924923, 32.024182790041124, 31.320432260255995, 30.99487137443851, 31.058926290770223, 31.5390410743213, 31.76591328175914, 30.89367535780024, 31.831734215405675, 31.30930052089684, 31.676232711113368, 32.31392606227621, 31.614381602890557, 31.52879039134274, 30.40787251924319, 31.357239635223124, 31.169215409973788, 31.656042179398565, 31.629982961860897, 31.964295913641713, 32.41312015132418, 31.077926874866172, 31.67623460516679, 30.514182606067454, 31.499978317876433, 31.514349558763968, 31.490937487864976, 30.4410692602517, 32.021220803695726, 31.372446144274353, 31.390844319754514, 31.419625773298797, 31.578113467028963, 31.680990019104293, 31.948261533906418, 31.42381776366816, 31.16183895014337, 31.08082054736503, 31.3870734738603, 31.39905722630855, 31.408750501458996, 31.72575662935112, 30.619687129073817, 31.210624900866872, 30.688957440287094, 31.084266159464345, 31.06101441364561, 32.32948588564359, 31.465564263022998]
[30.145134299949824, 31.348964823924923, 31.863792993239116, 31.301305579008783, 30.98517974913296, 31.02174044879549, 31.384640025857344, 31.636860181611006, 30.79606029530326, 31.636453102008705, 31.287149173130683, 31.645206894618628, 32.253334648474514, 31.527875909418867, 31.438360810079576, 30.40787251924319, 31.357239635223124, 30.76650530983544, 31.520321909949196, 31.599794808859468, 31.871220961010447, 32.41312015132418, 31.031811812306216, 31.60156680859352, 30.422952993828734, 31.498999614008607, 31.437002302012807, 31.185294215051243, 30.4410692602517, 31.98204339537085, 31.30727880529214, 31.390844319754514, 31.275526979396023, 31.578113467028963, 31.680990019104293, 31.86159350113015, 31.177955014085846, 31.145599423643993, 31.08082054736503, 31.332651812507798, 31.363329340784087, 31.408750501458996, 31.628199870523172, 30.58751018105546, 31.210624900866872, 30.64907778123304, 31.039823823780218, 30.930294887167967, 32.28244102059652, 31.438503685340898]
[30.12919610983034, 31.348964823924923, 31.85255898027962, 31.12794604517084, 30.947492051972585, 31.02174044879549, 31.185477913246682, 31.636860181611006, 30.79606029530326, 31.624966512057416, 31.190913886577107, 31.62935937871331, 32.2451615428062, 31.520709477991154, 31.409520563142166, 30.31635765127089, 31.357239635223124, 30.67992727167889, 31.4236828652998, 31.599794808859468, 31.869450562275762, 32.38626200539552, 31.031811812306216, 31.534781310140083, 30.422952993828734, 31.423847619954824, 31.414923631428177, 31.064799317285615, 30.439546037464567, 31.853037538812213, 31.114210436878864, 31.389302272750058, 31.238300041098988, 31.57385843647388, 31.680990019104293, 31.748546464968143, 31.141214188375717, 31.105221603714238, 31.08082054736503, 31.245334762321477, 31.29686090715968, 31.408750501458996, 31.628199870523172, 30.51977014014991, 31.09736173690298, 30.64907778123304, 30.882617535012876, 30.930294887167967, 32.16537879310787, 31.438503685340898]
[30.12440908504696, 31.3286566660058, 31.799696472859416, 31.12794604517084, 30.934102328756914, 30.9400940232111, 31.166789843255135, 31.636860181611006, 30.782556784601706, 31.352598651495565, 31.190913886577107, 31.55546899615772, 32.20443190048239, 31.520709477991154, 31.356102133373987, 30.31449379325889, 31.24996782463514, 30.48585297689616, 31.114473017702363, 31.599794808859468, 31.77719469640642, 32.275034755010736, 30.91098832278633, 31.365073422538934, 30.403783382754398, 31.423847619954824, 31.388402455570464, 31.064799317285615, 30.4234422254234, 31.793747680801943, 31.114210436878864, 31.374982419301624, 31.238300041098988, 31.564828809055264, 31.680990019104293, 31.671414078855086, 30.99695083226277, 30.849978408820885, 31.08082054736503, 31.166979652347486, 31.223754784168285, 31.400950668124164, 31.557658298276028, 30.51977014014991, 30.924826477315463, 30.64907778123304, 30.85649492932747, 30.905381474181787, 32.07789761087848, 31.42478494319173]
[30.08836243052, 31.240107955650977, 31.640633565631227, 31.084707455167155, 30.87467124484895, 30.935134583015554, 31.08912958888621, 31.602799987240065, 30.727900164550476, 31.3355821737458, 31.025298952963965, 31.499754154660344, 31.892374227328776, 31.468519253666567, 31.346225789308356, 30.266107641461083, 31.24996782463514, 30.478120287526053, 31.099242426570918, 31.341866790131196, 31.671030765189066, 32.275034755010736, 30.76273327135757, 31.300247296852245, 30.384078053836994, 31.25424722799961, 31.25587563882761, 30.999172331830483, 30.4234422254234, 31.71683027136378, 31.080881613039104, 31.29804264137123, 31.159413535365594, 31.51389390076606, 31.431784968540974, 31.618641325732757, 30.93559895681137, 30.849978408820885, 31.08082054736503, 31.080278829210034, 31.223754784168285, 31.383232116930742, 31.465437033960193, 30.351726003378086, 30.87639591598914, 30.551762823495473, 30.85649492932747, 30.873106401393635, 31.986464996303965, 31.376118694434115]
[29.912720964920418, 31.19892705939738, 31.640633565631227, 31.036356353786392, 30.507873494531264, 30.872261525268566, 30.939179882152285, 31.602799987240065, 30.70151354234381, 31.28609628899732, 30.989913078611096, 31.349577445857015, 31.89106668819909, 31.444397818566483, 31.266163573933476, 30.225495380882016, 31.215425085807773, 30.45763299335473, 31.096442494843842, 31.00131166625136, 31.671030765189066, 32.26610130659005, 30.76273327135757, 31.04786903682131, 30.281554689769735, 31.2145467320661, 31.123834778839882, 30.999172331830483, 30.340671679770036, 31.661098854184836, 31.063138380429734, 31.23778659305749, 31.15853953650651, 31.49541423158805, 31.309503523225935, 31.58953658094642, 30.93559895681137, 30.849978408820885, 31.08082054736503, 31.077937487607933, 31.096125393857953, 31.19487890693574, 31.2774329878304, 30.332731336395057, 30.759350919283754, 30.480817710903967, 30.828760532254137, 30.873106401393635, 31.986464996303965, 31.285833550745622]
[29.902015138531663, 31.12055437983729, 31.498488654567012, 30.958362595299764, 30.505233895754554, 30.70731841390569, 30.927023866086625, 31.381668525552584, 30.70151354234381, 31.283353548428103, 30.948236628599794, 31.297583903665462, 31.84416207877075, 31.403268995364265, 31.153836333634683, 30.21799027708076, 31.02357741492208, 30.41799459821268, 31.096442494843842, 31.00131166625136, 31.61915094078958, 32.13504918533698, 30.717788632578767, 30.949575643480642, 30.18324085071971, 31.2145467320661, 30.981605821880134, 30.999172331830483, 30.32154872625589, 31.62024068987342, 31.04317836831907, 31.17571639502201, 31.13945203256002, 31.491901325948923, 31.300445697132233, 31.58953658094642, 30.93559895681137, 30.775865864697533, 30.875096530427662, 30.986804909878526, 31.085301027954294, 31.19487890693574, 31.251490685585857, 30.332731336395057, 30.459856484980673, 30.37380155105343, 30.828760532254137, 30.752440635147515, 31.957665315287432, 31.20861315201598]
[29.853046266138314, 30.91476996970411, 31.46494603993702, 30.958362595299764, 30.505233895754554, 30.657787632722073, 30.911814144659473, 31.381668525552584, 30.70151354234381, 31.282723276763043, 30.948236628599794, 31.102604952999833, 31.806544905138093, 31.37486649335953, 31.09184112098884, 30.21799027708076, 30.991700919304684, 30.41799459821268, 31.02552435912931, 31.000877727990265, 31.572018045847773, 32.071431845266865, 30.529156832627166, 30.949575643480642, 30.132059855500973, 31.03847127645127, 30.88721703098296, 30.957316178284884, 30.21541251782466, 31.4555392921308, 30.97991443226079, 31.084845171453452, 31.13115666310829, 31.393285116778678, 31.275837005542808, 31.447388865591808, 30.849586298838062, 30.775865864697533, 30.875096530427662, 30.875495325269025, 31.085301027954294, 31.17682934488555, 31.2135515692134, 30.224025370837932, 30.35760421377039, 30.07798372735899, 30.623782615679808, 30.75024687036963, 31.88379379254304, 31.168794056320063]
[29.853046266138314, 30.91476996970411, 31.357104147933143, 30.933943219938193, 30.457358827799748, 30.657787632722073, 30.773690221017528, 31.31737594321306, 30.581324228231164, 31.253874433510315, 30.661261371598687, 31.102604952999833, 31.737618221156293, 31.37486649335953, 31.043094622114786, 30.209461890823555, 30.801154728961116, 30.329428549370995, 30.98018664297003, 30.984129144644434, 31.572018045847773, 32.0360816019511, 30.501890946814257, 30.93363953402751, 30.10377407356939, 30.928880956799077, 30.86331228904844, 30.957316178284884, 30.191101738130754, 31.4555392921308, 30.97991443226079, 31.043389433715486, 31.13115666310829, 31.393285116778678, 31.267693890207017, 31.400577646865706, 30.849586298838062, 30.74312498178718, 30.803693638024402, 30.622535713838374, 31.06289949064014, 31.129735350232966, 31.20946429990213, 30.045411686663737, 30.35760421377039, 30.045356600673937, 30.623782615679808, 30.654338755153752, 31.55882085957891, 31.098795980067656]
[29.8465283792398, 30.834266768540374, 31.332475420183783, 30.807700397544522, 30.308492933292534, 30.616166488422692, 30.702343220521623, 31.274747832508478, 30.581324228231164, 31.21840553606745, 30.611483044618183, 31.102604952999833, 31.707761378216553, 31.218636859979505, 31.00179598868825, 30.209461890823555, 30.606833696609137, 30.18266524990537, 30.98018664297003, 30.893429384141694, 31.284195563169796, 32.0168060422849, 30.477968395966826, 30.914145757524647, 30.10377407356939, 30.852394361605512, 30.86331228904844, 30.957316178284884, 30.19025177330031, 31.410253828009065, 30.80193449263217, 30.895415691245375, 31.101528077936926, 31.356731462304253, 31.00335888426506, 31.400577646865706, 30.793992429662875, 30.600725431626756, 30.792149243814947, 30.570816181332788, 31.06289949064014, 31.080503365859784, 31.203778211271263, 29.973966028899248, 30.32861325493439, 30.01097152935812, 30.623782615679808, 30.424728310741862, 31.550863436628653, 30.941675040157133]
[29.8465283792398, 30.816644389829396, 31.179475372863994, 30.68390047633211, 30.28819281440601, 30.507315365109303, 30.69681692646838, 31.17356221461041, 30.420845020089292, 31.20954242147699, 30.555440969189497, 30.969473120199723, 31.567312298781637, 31.12710914532413, 30.972751389850167, 30.209461890823555, 30.581800718344613, 30.08357543252017, 30.964207143232166, 30.893429384141694, 31.125748840497852, 32.0168060422849, 30.44569629437471, 30.838985611371015, 29.95084698476952, 30.852394361605512, 30.851779116299202, 30.84702053938552, 30.15128985439287, 31.32535951083675, 30.80193449263217, 30.895415691245375, 30.90742602277434, 31.246846334780553, 30.958791101263472, 30.999918841114766, 30.738302065952148, 30.58584904302014, 30.723491291404514, 30.565736263433628, 31.054343196914818, 31.03033861886461, 31.181165260033858, 29.898380236567426, 30.32861325493439, 29.91372727906232, 30.3956232024305, 30.275442884848474, 31.540960002710666, 30.77377142865883]
[29.75108654259906, 30.813264358046844, 31.027740981744973, 30.62520134482593, 30.060247809352273, 30.507315365109303, 30.69654382724562, 31.151187422509715, 30.420845020089292, 31.163649204573794, 30.487349999406796, 30.85649961384925, 31.51736221428577, 31.098758399060433, 30.7604045554898, 30.13862917686068, 30.561768437987133, 30.054725048591127, 30.893052285847595, 30.845420208079133, 31.108982060637608, 31.816176045973055, 30.404879835377578, 30.80549705373727, 29.725572087044952, 30.799362578688783, 30.73938698653269, 30.84702053938552, 30.15128985439287, 31.288001637563877, 30.80193449263217, 30.872963537173046, 30.76393407883224, 31.193276794558038, 30.958791101263472, 30.966395737860154, 30.73275067552451, 30.500006362393435, 30.58375272249118, 30.516098224170882, 30.798263370438455, 30.93616141831197, 31.140258602563684, 29.84206057316162, 30.178733042391126, 29.770919499952946, 30.25382659403765, 30.199326294024125, 31.440499911669338, 30.77377142865883]
[29.664663934715264, 30.75136453453039, 31.005405735973984, 30.62520134482593, 29.893767964529594, 30.462062563031953, 30.42828752902013, 31.07443681147891, 30.420845020089292, 31.127045080012614, 30.460256541500364, 30.841986720272, 31.371670976402793, 31.06459768960152, 30.753923561909026, 30.08965623952792, 30.49699296454118, 29.996706491583915, 30.686912561596586, 30.755862806469917, 31.108982060637608, 31.704208590494375, 30.404879835377578, 30.775190652227376, 29.723634007471947, 30.586684233303952, 30.64044261011174, 30.8385446554349, 30.059394749386655, 31.288001637563877, 30.737083934808247, 30.85940631300125, 30.76393407883224, 31.12101153225107, 30.853191756705364, 30.966395737860154, 30.69734019381401, 30.4065078553186, 30.52283401993722, 30.4973656485287, 30.79724444613094, 30.791927869641608, 31.12930329738249, 29.827585215091847, 30.07511421225839, 29.7453928240741, 30.22926510190132, 30.19834331024673, 31.43236881142393, 30.672876719371157]
[29.541427037237764, 30.688001821554668, 31.005405735973984, 30.567091356946584, 29.87643172733097, 30.42889869071405, 30.316532916339252, 31.05826776954861, 30.40928793622117, 31.127045080012614, 30.460256541500364, 30.82736687429332, 31.30122297207088, 30.790069729381713, 30.6954628775054, 30.032292359541582, 30.430476038237295, 29.94947825262143, 30.57366164968324, 30.755862806469917, 31.108982060637608, 31.704208590494375, 30.343527070606278, 30.693130584388676, 29.723634007471947, 30.51235012305593, 30.53680967290929, 30.81524531822644, 29.923876734322796, 31.154150476298195, 30.7046056599465, 30.66302305255558, 30.644858856012075, 31.065932057557706, 30.808101284161, 30.966395737860154, 30.66994571964404, 30.243185082777597, 30.342704679593407, 30.48588173391724, 30.728770637582624, 30.791927869641608, 30.749104805261727, 29.827585215091847, 30.054588832474735, 29.677203336999025, 30.184651290495516, 30.130012326188442, 31.398303343018235, 30.569293322990774]
[29.3464382563358, 30.52439349703954, 30.88419802615831, 30.518246611339748, 29.816024211311408, 30.42889869071405, 30.316532916339252, 30.972807018373665, 30.403780749628034, 30.955624599256065, 30.45139313476944, 30.82736687429332, 31.206731437611648, 30.771147641952684, 30.66351376347449, 29.84947126443354, 30.338137422556024, 29.931225496724625, 30.501500629608408, 30.755862806469917, 31.053865115471773, 31.609658054747456, 30.231558059595493, 30.68576474376033, 29.522457216448505, 30.51235012305593, 30.504583833416188, 30.799945061205698, 29.89144997450549, 30.92970978365933, 30.5943252557133, 30.582126064461114, 30.60859713705917, 30.992913599821755, 30.647457749133878, 30.907130581157055, 30.66994571964404, 30.119815138158412, 30.342704679593407, 30.415282605416774, 30.728770637582624, 30.791927869641608, 30.685917419191718, 29.827585215091847, 29.94278576110821, 29.617307855946287, 30.184651290495516, 30.09207472682865, 31.389464106131594, 30.483642543014163]
[29.298314001547446, 30.481283415670628, 30.88419802615831, 30.44939594687753, 29.80377314904028, 30.407460873325494, 30.316532916339252, 30.763972342650884, 30.32503161363009, 30.897185052948647, 30.386073568829026, 30.82736687429332, 31.137167386816753, 30.735528015225327, 30.634757447471276, 29.84947126443354, 30.27955787917608, 29.831635528011816, 30.49958470611039, 30.737131401264843, 30.96790330517458, 31.55631745681172, 29.899002741717123, 30.482238756680214, 29.522457216448505, 30.508308732531212, 30.5044087236118, 30.774320546182526, 29.89144997450549, 30.920982772398865, 30.541106481853404, 30.582126064461114, 30.594880311516892, 30.960623954445584, 30.516330185440324, 30.838650390147354, 30.599650026296427, 29.995784242612878, 30.307578283047377, 30.3949294689812, 30.66994848922858, 30.7403260968645, 30.679145228337774, 29.827585215091847, 29.921755348871887, 29.617307855946287, 30.149015119194143, 30.09207472682865, 31.389464106131594, 30.22954110237613]
[29.207741499417597, 30.38760038434006, 30.88419802615831, 30.268056396621205, 29.794817597880503, 30.407460873325494, 30.296345161983034, 30.748203965487182, 30.215851053570283, 30.883296316734423, 30.33474488438653, 30.811265835053273, 31.11788015819109, 30.70663040006304, 30.59838374603301, 29.84947126443354, 30.24522926364653, 29.831635528011816, 30.486535804969463, 30.730427463927697, 30.96117943820144, 31.540203893355162, 29.864064815898182, 30.482238756680214, 29.487819130004777, 30.501187652810426, 30.392585499973528, 30.464930033364908, 29.891102542558816, 30.910067890498567, 30.47844662364893, 30.535819490838044, 30.2895994269498, 30.960623954445584, 30.516330185440324, 30.83558627977274, 30.55564807902116, 29.995784242612878, 30.190449059089804, 30.279183170111065, 30.479891745009276, 30.484285749624576, 30.679145228337774, 29.808142883694234, 29.921755348871887, 29.475447919912074, 30.13956381300479, 30.032296181916706, 31.263050426788503, 30.112848943912475]
[29.167784982893597, 30.3795114557307, 30.866171118798672, 30.245447686004848, 29.695510894319067, 30.368432478962, 30.215109838411827, 30.62257288144851, 30.215851053570283, 30.766869344155587, 30.330929550213618, 30.640508201674862, 31.094123143249924, 30.70663040006304, 30.40804488020546, 29.78547005959994, 30.12279293823052, 29.77306881628483, 30.3355461867505, 30.663839326324638, 30.96117943820144, 31.332498358686678, 29.742683477254825, 30.469422882292964, 29.487664499779157, 30.442081765891896, 30.355758092469546, 30.427179782302325, 29.72204654935452, 30.792933209047668, 30.29304254673563, 30.315813548657566, 30.269829108876415, 30.881101931522817, 30.417410302079254, 30.688644315660753, 30.494934961504168, 29.97012523721137, 30.10778535836959, 30.263524199767467, 30.479891745009276, 30.484285749624576, 30.668445459648844, 29.808142883694234, 29.845388650228607, 29.47437473534518, 30.120460778488315, 29.852259524567188, 31.19916732828417, 30.052745032814908]
[29.154074556685867, 30.351669817149947, 30.866171118798672, 30.22108748772945, 29.49809622856775, 30.32727006206722, 30.148204811322437, 30.487559025137386, 30.187286995202566, 30.766869344155587, 30.238032821148, 30.62885585198053, 30.87422640567309, 30.693611696170244, 30.40804488020546, 29.728855763829944, 30.12279293823052, 29.74724479255761, 30.28507705652525, 30.535776945188623, 30.96117943820144, 31.25870157693192, 29.582615760750155, 30.36866878175248, 29.486830725795322, 30.40622292259664, 30.18965711826063, 30.354694711623342, 29.70827861403827, 30.76940619610166, 30.26089626882714, 30.258870806165636, 30.221958165290452, 30.794607099111822, 30.378836691568154, 30.688644315660753, 30.494934961504168, 29.834166957224816, 30.08360180148896, 30.231099503567854, 30.159299293438142, 30.40490085945974, 30.65048867199974, 29.706595785440676, 29.834665640641663, 29.397325026777686, 30.019336860931872, 29.82540507073141, 31.158207287034408, 30.033506230846474]
[29.059747573506474, 30.351669817149947, 30.866171118798672, 30.20496428969576, 29.45409187723478, 30.26969043345675, 30.13113050040058, 30.453068696968625, 30.045858345245488, 30.719437687780907, 30.14795794091544, 30.553988962759227, 30.821811696110416, 30.678270393557106, 30.354082359787782, 29.52944455661531, 29.87440611838727, 29.74724479255761, 30.132216930122517, 30.446154316379516, 30.926684257556122, 31.18609527702579, 29.412601922210094, 30.279406694041448, 29.486830725795322, 30.40622292259664, 30.18965711826063, 30.354694711623342, 29.705546311262186, 30.757261180459288, 30.258545915103518, 30.24095690828198, 30.221958165290452, 30.603469677322266, 30.26450921330686, 30.53418927820267, 30.465856910675974, 29.760107005924795, 29.95442355997475, 30.18305215532491, 30.098576431975612, 30.383280881673347, 30.507351264153584, 29.668303213363924, 29.764296288041873, 29.27647480852961, 29.87740191726464, 29.649501178942433, 30.85428108075906, 30.033506230846474]
[29.059747573506474, 30.33190624975922, 30.775453732161804, 30.033380585617294, 29.45409187723478, 30.004755574732087, 30.07188044189914, 30.445264148496488, 29.90628371050834, 30.4944895653805, 30.14795794091544, 30.434648968636118, 30.71441400218285, 30.59153408284276, 30.310821685416755, 29.52944455661531, 29.87440611838727, 29.74724479255761, 30.087684147820273, 30.446154316379516, 30.758056466219763, 31.1835082669323, 29.412601922210094, 30.227956937080194, 29.460266012731733, 30.332428514567148, 30.00620878550104, 30.328484528730986, 29.606192961310683, 30.659165813820625, 30.258545915103518, 30.14213259165142, 30.221958165290452, 30.603469677322266, 30.26338255691196, 30.53418927820267, 30.4509723428914, 29.760107005924795, 29.91201005004981, 30.18305215532491, 30.034540313111044, 30.299154651991046, 30.274631191650865, 29.668303213363924, 29.739395459904337, 29.27647480852961, 29.762182766331023, 29.64575735264885, 30.85428108075906, 29.995999418489834]
[29.04612084325665, 30.288633767024685, 30.648746110043522, 30.016512424960304, 29.439240132549976, 29.901927439900668, 30.036362771942066, 30.365574395216573, 29.87596881365716, 30.48087754477275, 30.058062706755987, 30.434648968636118, 30.71441400218285, 30.561254726254198, 30.310821685416755, 29.40005787805792, 29.86896036107722, 29.667720785964114, 30.087684147820273, 30.446154316379516, 30.57676337501985, 31.017504164733378, 29.315020602160473, 30.146946346224514, 29.28729863280797, 30.272873251163766, 29.8661952169514, 30.328484528730986, 29.60517788819208, 30.650910860139078, 30.242163488681108, 30.14213259165142, 30.221958165290452, 30.539651102196093, 30.26338255691196, 30.48848458642767, 30.380857386854313, 29.760107005924795, 29.91201005004981, 30.1424752628632, 29.763683469186446, 30.21802899558596, 30.274631191650865, 29.668303213363924, 29.739395459904337, 29.154880205833773, 29.734565224357954, 29.627007349212754, 30.84919744215646, 29.921580255498572]
[29.01696019446345, 30.19133536260669, 30.639072886957024, 29.979579356817453, 29.249058877233676, 29.68740153995144, 29.897922053772692, 30.321283288886512, 29.71003988225861, 30.426362787901702, 29.95423284168502, 30.434648968636118, 30.51747840495812, 30.483745711281056, 30.15644259108255, 29.149373218919813, 29.86896036107722, 29.577617051392842, 29.978427493795856, 30.355003409926468, 30.459122549068134, 30.78394454446422, 29.225500437350878, 30.146946346224514, 29.28729863280797, 30.272873251163766, 29.8661952169514, 30.196177385274854, 29.57416657272832, 30.650910860139078, 29.989318460096364, 30.08145101648867, 30.204254128335652, 30.484414331458993, 30.259861134239987, 30.4331501868072, 30.37593300408387, 29.640310830161287, 29.848570661954803, 30.103816467946427, 29.758145070961007, 30.052208244206184, 30.162157917940362, 29.636422938566987, 29.739395459904337, 29.14697082038085, 29.72802647860999, 29.595500512019708, 30.68449630715268, 29.780508306200677]
[29.01696019446345, 30.160776299463635, 30.609136089327272, 29.929710257266464, 29.122718370541435, 29.529974824454563, 29.858356746028456, 30.232606500873203, 29.631498290328942, 30.322259583346796, 29.95423284168502, 30.434648968636118, 30.485006045338203, 30.192471940299857, 29.977302040034175, 29.149373218919813, 29.732146837064562, 29.37831829455302, 29.978427493795856, 30.268229913405197, 30.43170094216609, 30.7089890923484, 29.13089268334395, 30.06804367124379, 29.017153753042795, 30.196475850638222, 29.757396818713147, 30.176994322625056, 29.57416657272832, 30.611663651028653, 29.983721172568146, 30.08145101648867, 30.19640732660879, 30.451370870190885, 30.254141468002224, 30.344873387266595, 30.37593300408387, 29.629099684018353, 29.810900875061975, 30.024666563952707, 29.71353325589548, 29.84879605063967, 30.136206738856288, 29.45991324491856, 29.638288204523644, 29.12857281317622, 29.72802647860999, 29.494108263400683, 30.545108877257007, 29.77102324302076]
[28.816190716946807, 30.125066537901347, 30.595748595782805, 29.889974684347816, 29.122718370541435, 29.459894657893454, 29.80772754144727, 30.180812063724336, 29.559047245646788, 30.282449884248212, 29.865514907891463, 30.247865734394868, 30.46615533603498, 29.96480132343106, 29.941523694208655, 29.149373218919813, 29.732146837064562, 29.37238500472685, 29.943589318327735, 30.087959464430703, 30.326947611706736, 30.609338797045126, 28.974300460072197, 30.05729898709552, 29.017153753042795, 29.95239669139162, 29.696301947526546, 30.070573729654463, 29.4801903541223, 30.281956461540396, 29.892382650076865, 30.0125354555993, 30.068765007983092, 30.372833580797227, 30.128368120262984, 30.282423321238678, 30.21154721779419, 29.629099684018353, 29.6990047866314, 29.99138265164144, 29.446730660779984, 29.846085896499414, 30.04935792885103, 29.38873489621677, 29.6338338356647, 29.037901963025696, 29.65085851672066, 29.494108263400683, 30.482236610064387, 29.77102324302076]
[28.816190716946807, 30.09989880063578, 30.577178856110294, 29.889974684347816, 29.004918336701234, 29.31302862935878, 29.80772754144727, 30.078948334394617, 29.51015326670683, 30.15807169758869, 29.837905344641285, 30.113980707607404, 30.46615533603498, 29.96480132343106, 29.826593074375104, 29.076933013028686, 29.610709777738435, 29.361409925250065, 29.900984490317807, 30.012823873519373, 30.276668268395348, 30.541350239314312, 28.922765629738866, 30.05729898709552, 29.01395447106023, 29.937805471156583, 29.412148398562017, 29.97431008636702, 29.4801903541223, 30.239126775346204, 29.79463108303642, 30.0125354555993, 30.068765007983092, 30.329511832966887, 30.046356880721326, 30.185243480446275, 30.036359631624247, 29.58015761909045, 29.6990047866314, 29.98180973833202, 29.411629446825053, 29.810670441967762, 29.934673757334338, 29.294028570535534, 29.60154041882987, 28.948397559656247, 29.588975637681393, 29.488770644193117, 30.452502104604616, 29.77102324302076]
[28.79744324989552, 30.09989880063578, 30.551007523125588, 29.889974684347816, 28.970758787445344, 29.206583487692292, 29.60849449687813, 30.078948334394617, 29.461912930704152, 30.053963020748302, 29.837905344641285, 30.016103985869773, 30.429946240283222, 29.892264003390967, 29.744589391172156, 28.960708074975145, 29.572678108089082, 29.338404038076977, 29.887355384689222, 29.97324649424744, 30.264056479275872, 30.541350239314312, 28.872081383768126, 30.05729898709552, 29.01395447106023, 29.886562684268505, 29.39667402042404, 29.96642383011305, 29.309502839673296, 30.088813977870366, 29.772732499647276, 29.967113948258532, 30.068765007983092, 30.296369423433852, 29.97789750794496, 30.12784109047492, 29.845075876877736, 29.52135496203955, 29.653196954327683, 29.98180973833202, 29.347652094359535, 29.7370156760908, 29.91266502965677, 29.238847751351067, 29.59266271828368, 28.88564146322368, 29.588975637681393, 29.383726609378215, 30.452502104604616, 29.731529675132144]
[28.778471602555918, 29.9099874610095, 30.493046360357198, 29.8436418143156, 28.94827187923596, 29.183481079896886, 29.573186380274812, 29.903603030286025, 29.45266490977042, 29.946209859327865, 29.785181747747345, 30.016103985869773, 30.393846541872858, 29.833023448027927, 29.71164462484967, 28.893075742276057, 29.539253795100723, 29.326490312350586, 29.877045898311206, 29.95259082984983, 30.22944349771775, 30.541350239314312, 28.828516725681844, 29.878926044878177, 28.85231782483545, 29.78906994815872, 29.27482222280661, 29.89863261467402, 29.259779867989828, 29.811453152432733, 29.730570408939457, 29.95473037067452, 30.017299979370286, 30.293472632112888, 29.868536145754906, 29.995584276716585, 29.777789832425263, 29.46240326306439, 29.592401064762697, 29.96761888918587, 29.21443799952043, 29.7370156760908, 29.828509682155754, 29.238847751351067, 29.59266271828368, 28.88564146322368, 29.1923988148244, 29.383726609378215, 30.42680960833489, 29.458210698853215]
[28.682285371856686, 29.904339622052696, 30.493046360357198, 29.8436418143156, 28.93603689652307, 29.05294255149737, 29.47194455947753, 29.903603030286025, 29.40730207437206, 29.759165390841133, 29.77307211076303, 29.963013643395165, 30.31683508849544, 29.757428392170077, 29.66769372945272, 28.853960962639015, 29.465422718255923, 29.318256104214232, 29.84115057759456, 29.934324838228473, 30.18532044726454, 30.513105545399895, 28.828516725681844, 29.72398029579365, 28.60226582900632, 29.703390984206898, 29.212327313819635, 29.76110642435925, 29.24847131495676, 29.728597572546914, 29.730570408939457, 29.95473037067452, 29.841191527926657, 30.257185957542482, 29.864156334001468, 29.827282895312738, 29.50732446922611, 29.418165471467923, 29.566097751157695, 29.714067872837024, 29.139565043823175, 29.692412534026413, 29.66103069839396, 29.17271964635278, 29.578538823046244, 28.844291177846458, 29.042608322549455, 29.2506138285972, 30.420914992313413, 29.458210698853215]
[28.617467111953193, 29.904114912435528, 30.493046360357198, 29.707029308320564, 28.906894448792762, 28.890705113509092, 29.47194455947753, 29.903603030286025, 29.24631537551054, 29.68566628859718, 29.77307211076303, 29.954144334074176, 30.31683508849544, 29.74049377800305, 29.55564992383579, 28.832589670439102, 29.395746307355882, 29.183034961166396, 29.59329877531451, 29.923174132583654, 30.131715239858956, 30.488715459835902, 28.70403332222544, 29.628301728309896, 28.565659507777497, 29.520728538560075, 29.212327313819635, 29.674583158070675, 29.178676870890417, 29.682117682004296, 29.723934392570197, 29.865100703769873, 29.66168639813831, 30.255531494194816, 29.846617069242438, 29.75754796022843, 29.416356475602253, 29.418165471467923, 29.528783686266497, 29.682665424896197, 29.047822283254128, 29.685094675269976, 29.49487384290387, 29.028709569922988, 29.498476577935275, 28.828618798169124, 29.024077212822277, 29.230084472971747, 30.34963421456792, 29.458210698853215]
[28.496121269473576, 29.87516732414145, 30.493046360357198, 29.61677414461361, 28.906894448792762, 28.82761389256237, 29.39610010975276, 29.842802258540587, 28.981784593657913, 29.643922419000965, 29.683058832869335, 29.953242997746703, 30.271098157999937, 29.61642541248657, 29.394409099063353, 28.749691831039648, 29.395746307355882, 29.053936414106982, 29.58747081744581, 29.90862558611416, 30.10770312912548, 30.488715459835902, 28.70403332222544, 29.57364582501167, 28.565659507777497, 29.388601829007456, 29.17806513685925, 29.59099857494158, 29.17628903734967, 29.61320448304347, 29.54369685821128, 29.59259923019018, 29.595629390264257, 30.16718457263937, 29.758605244887356, 29.756764608953194, 29.324170075502327, 29.360392383703434, 29.497198135210887, 29.492473603655988, 29.047822283254128, 29.615133681673104, 29.382039147035186, 28.916291771958846, 29.47612290041519, 28.699549366966544, 28.935975953240312, 28.96461686252316, 30.257554577154803, 29.40874912951478]
[28.38705020141857, 29.70454862305934, 30.4099103481205, 29.5387167445499, 28.827348058144537, 28.822474604185846, 29.34800493512923, 29.834694779252942, 28.981784593657913, 29.5984176828228, 29.661330108257165, 29.774976606308666, 30.16386825496219, 29.60711149692538, 29.38999494481093, 28.647252955993633, 29.356100552293213, 29.030556246744073, 29.568963323145887, 29.88965250249513, 30.106294179378303, 30.360334717724918, 28.630829673603625, 29.519912077141658, 28.550646608474437, 29.219136732144136, 29.17806513685925, 29.54469450735386, 29.140518548810594, 29.55806009822868, 29.54119174590344, 29.590700950779034, 29.595629390264257, 30.16718457263937, 29.75678867979118, 29.636023277403325, 29.21328022848534, 29.35870591818981, 29.343398769371824, 29.45286191656835, 28.99376255335781, 29.515559893347096, 29.239535970244344, 28.84359696138091, 29.447330197823078, 28.45218068012749, 28.935691442799897, 28.95537603253076, 30.14796357744526, 29.407205889422016]
[28.38705020141857, 29.70454862305934, 30.278593879729335, 29.436049315404006, 28.755018983561637, 28.80411199654575, 29.232729836202868, 29.834694779252942, 28.849462444496236, 29.39879678598121, 29.60527617006676, 29.75908438609435, 30.16386825496219, 29.574624263716988, 29.260284310281282, 28.610089708672298, 29.356100552293213, 28.964394485477936, 29.552476042599515, 29.833428934675844, 29.998359503274536, 30.218082442445887, 28.264344828019784, 29.484584909224235, 28.550646608474437, 29.12851074495426, 29.089473614309163, 29.3823269411592, 29.014767753970652, 29.382498323827882, 29.48409477546365, 29.590700950779034, 29.564611383055997, 30.098292870308626, 29.711135432977624, 29.57008771729475, 29.105127970779677, 29.250558404981916, 29.18555922603785, 29.45286191656835, 28.93705926778238, 29.429714148770053, 29.22606196700243, 28.80953791220038, 29.447330197823078, 28.45218068012749, 28.68846143734178, 28.939260608407857, 30.14796357744526, 29.394711018439217]
[28.233280939298957, 29.558808295470858, 30.193897609635343, 29.390675899930194, 28.720413273014316, 28.609449615116297, 29.22172673258089, 29.65612802637916, 28.849462444496236, 29.289423265169443, 29.503564544222, 29.75908438609435, 30.16386825496219, 29.574624263716988, 29.260284310281282, 28.610089708672298, 29.356100552293213, 28.86504658566023, 29.552476042599515, 29.751641965871006, 29.91652188045009, 30.079855550525775, 28.264344828019784, 29.48353144293593, 28.54459930695146, 29.12734060537644, 29.087572393395124, 29.355493450172027, 29.014767753970652, 29.33540804612165, 29.431905122965105, 29.56891067179712, 29.459561260153997, 30.039457181645627, 29.589702159705222, 29.57008771729475, 29.080480094950378, 29.193256375577413, 29.169491843446814, 29.45286191656835, 28.934549003218894, 29.298199132749254, 29.188560660910696, 28.762414180318878, 29.387788154574046, 28.407079674030918, 28.68846143734178, 28.939260608407857, 30.14796357744526, 29.23868751095939]
[28.217008941415674, 29.54984978808877, 30.088494205867658, 29.364863895058896, 28.720413273014316, 28.571677306955024, 29.08579263997684, 29.569280766044223, 28.694489287052175, 29.289423265169443, 29.416772065681972, 29.657371455336666, 30.130335610466055, 29.547223029078985, 29.13080094064628, 28.610089708672298, 29.26968619714625, 28.86504658566023, 29.499610331560707, 29.73447345039984, 29.74571505798942, 30.06367416165272, 28.150865765279264, 29.442779496931575, 28.470564213345988, 29.118951580747478, 29.08012875951087, 29.195599650805924, 28.970848276241263, 29.31873098244177, 29.374318488495845, 29.56891067179712, 29.388745398050105, 29.817878972883214, 29.52465937085494, 29.57008771729475, 28.89527524457654, 29.1583681458804, 29.169491843446814, 29.42866923483, 28.893699674395002, 29.248135368568125, 29.163683670801333, 28.762414180318878, 29.33237738737201, 28.407079674030918, 28.323083782264263, 28.811958760522394, 30.141568919887828, 29.221740749684045]
[28.013997724543554, 29.361574402606255, 30.079860027783536, 29.315469261746454, 28.62742938283423, 28.571677306955024, 29.03363964605915, 29.47838510214188, 28.602490944717765, 29.289423265169443, 29.364571857037596, 29.657196538496446, 30.055684900000948, 29.54682461442343, 29.13080094064628, 28.520267301938237, 29.239010687404704, 28.738124610282387, 29.21930627085083, 29.610222611514047, 29.543843476646902, 30.031305615919138, 28.088907088243822, 29.302063998767597, 28.402223774849894, 29.118951580747478, 28.988249218652534, 29.109370227837793, 28.712807922088, 29.295402232496777, 29.311631822725946, 29.348369304995675, 29.246190969994693, 29.783837985051616, 29.41059582212851, 29.485944031460924, 28.866336316110004, 29.133285389745062, 29.078671480441436, 29.296954743365347, 28.863454610865126, 29.222547981587876, 29.163683670801333, 28.761824585351654, 29.138151754492135, 28.37789709863646, 28.317577850960276, 28.78452657547067, 30.07091797724068, 29.181233434223635]
[27.95393585136012, 29.361574402606255, 29.87727409113857, 29.315469261746454, 28.305274358654334, 28.32345518130262, 29.01301618308282, 29.438393345334344, 28.45605673409354, 29.17527779218027, 29.18138635406599, 29.62137798804929, 30.00570975600442, 29.50363025942362, 29.063692173452136, 28.49133673564193, 29.103905938256112, 28.7104397470636, 29.07175774492989, 29.459157030701174, 29.483408879490135, 29.899376010947076, 28.070565248281376, 29.256608530724712, 28.37093935506062, 29.118951580747478, 28.845744098052897, 28.869923817215568, 28.64385714087333, 29.237966377171052, 29.311631822725946, 29.292964942316246, 29.214216687067438, 29.56429345655032, 29.40276220430876, 29.48087049267668, 28.801305468075583, 28.934299674551717, 29.053934764162705, 29.02179877529889, 28.800663231971072, 29.09746794044139, 29.111231123537664, 28.67309271721773, 29.138151754492135, 28.34326117268022, 28.255491270726605, 28.782536519540212, 30.06439416504939, 29.024696743498982]
[27.88747292096682, 29.162126694029457, 29.78316438048959, 29.315469261746454, 28.27710889801932, 28.32345518130262, 28.99007921910324, 29.40543925320325, 28.37839521536238, 29.17527779218027, 29.157088356861845, 29.538785227198993, 30.00570975600442, 29.424758722855028, 29.023038055797212, 28.441757284181392, 28.931406262211812, 28.7104397470636, 29.057471935487126, 29.39174094713615, 29.328143993657438, 29.899376010947076, 28.058668382412588, 29.09847379620719, 28.249590644680058, 29.101037169481664, 28.684267231105643, 28.869923817215568, 28.56696516896227, 29.17495476224018, 29.271851975471385, 29.207510209453336, 29.193155788687402, 29.482682471716032, 29.40276220430876, 29.41704996484363, 28.722625198909945, 28.876813476709238, 29.017743558051308, 29.02179877529889, 28.6274715330698, 28.842374036085822, 29.100284967716494, 28.57405984818613, 29.010718612709177, 28.34326117268022, 28.216559127162544, 28.660254948356005, 29.929551589522998, 28.95515251410536]
[27.879016816476906, 29.162126694029457, 29.734891520198868, 29.03828401913941, 28.09892172642994, 28.148422551770288, 28.93212478690098, 29.036907883812994, 28.360048278716164, 29.145409857063566, 29.09994882584481, 29.516811067975944, 29.94320388887446, 29.409868371611218, 29.023038055797212, 28.40747859657884, 28.874531474205135, 28.668526049273517, 29.057471935487126, 29.383232244905237, 29.29442538048466, 29.899376010947076, 28.058668382412588, 29.00582511414124, 28.14560646218406, 29.07994743482896, 28.684267231105643, 28.648795592899113, 28.493105710010166, 29.085629751522408, 29.27063708036716, 29.014630779656578, 29.193155788687402, 29.358956961731188, 29.278234181883228, 29.41704996484363, 28.625965147528092, 28.834650720895553, 28.9642577162991, 28.931731610731397, 28.6274715330698, 28.808121473562686, 29.044212715180674, 28.482247574620317, 29.01044496094396, 28.264783545712554, 28.0275517055588, 28.45784101079086, 29.929551589522998, 28.95515251410536]
[27.846331028568237, 28.90350712712442, 29.728367315354138, 29.01378650627198, 28.09892172642994, 28.148422551770288, 28.862051401680123, 28.98579475112187, 28.318377644439202, 29.145409857063566, 29.07949238344496, 29.153143019863315, 29.786554579039695, 29.29878365672255, 28.992340075433777, 28.39640001371315, 28.79479082825848, 28.621158835818584, 29.026738320071594, 29.381141444121727, 29.18805895316051, 29.899376010947076, 28.01231088490449, 28.986741348263205, 28.14560646218406, 28.964124041519636, 28.684267231105643, 28.610138560277164, 28.481767615815308, 28.94806135987031, 29.251986768194122, 28.96309528523734, 29.118950544819562, 29.279280588241136, 29.114259194756936, 29.41704996484363, 28.53988121120412, 28.80478060456042, 28.812101170111667, 28.826915839836893, 28.613149600319872, 28.808121473562686, 29.036705950262444, 28.466415234856107, 29.003338291622686, 28.238211647833573, 28.004453873820353, 28.398234400324554, 29.920787447541763, 28.881674457964362]
[27.846331028568237, 28.643488590574258, 29.627974068576236, 28.95817521826881, 28.030216393577426, 28.055780274839258, 28.723805093455105, 28.88599150307524, 28.255961995985537, 29.145409857063566, 29.027871484587774, 29.153143019863315, 29.71737155052142, 29.277713690487055, 28.97946186541028, 28.39640001371315, 28.693978239230425, 28.521743457229775, 28.96128882314116, 29.19059692392027, 29.0881742189916, 29.82288825489464, 27.986632585509675, 28.947328419155532, 28.14560646218406, 28.964124041519636, 28.684267231105643, 28.551736458949954, 28.37079615096396, 28.94806135987031, 29.251986768194122, 28.826991791828892, 29.00191011948126, 29.276931614052536, 29.114259194756936, 29.313538005879582, 28.53988121120412, 28.676575572879262, 28.812101170111667, 28.693460491056157, 28.553980728535727, 28.633442431245875, 28.981482541903027, 28.393603320856492, 28.951361421007494, 28.19075780076499, 27.916759945711636, 28.255486816954345, 29.78892438458833, 28.881674457964362]
[27.82506140285045, 28.562282070120624, 29.59186069953277, 28.64628687622676, 28.001619741199335, 28.055780274839258, 28.723805093455105, 28.88599150307524, 28.119962706478834, 29.11602526722237, 29.027871484587774, 29.068210867764567, 29.61942717742874, 29.254224027717942, 28.934309101695327, 28.254979089265486, 28.693978239230425, 28.416971205426798, 28.88458053171064, 29.07886524639833, 29.07477365805458, 29.60430858795282, 27.970003373431222, 28.911024820738113, 28.14560646218406, 28.964124041519636, 28.684267231105643, 28.437560912200865, 28.35464302266842, 28.927433871697115, 29.215284691466717, 28.66835421709369, 28.76996528406019, 29.245235326463796, 29.0621885508506, 29.28354965053756, 28.489779942870676, 28.558459591467102, 28.812101170111667, 28.678856196055392, 28.49638102399816, 28.633442431245875, 28.969119365297274, 28.376175504439562, 28.936710123860074, 28.19075780076499, 27.916759945711636, 28.16749637542773, 29.64135725617522, 28.881674457964362]
[27.716143787926434, 28.431364852940966, 29.59186069953277, 28.518203324583943, 27.98899406675137, 27.800516274435502, 28.658430305568498, 28.77301053666224, 28.047147679212554, 29.042091261490487, 28.77322501939499, 28.953513036842338, 29.607756726847764, 29.254224027717942, 28.934309101695327, 28.10759219312022, 28.625700955903323, 28.264290624908618, 28.840656570382215, 29.000898242219357, 28.91738292177128, 29.411982118907197, 27.869669339086794, 28.788642865713843, 28.14293850976428, 28.911908671614214, 28.684267231105643, 28.411683190366876, 28.313268510339952, 28.90489559135189, 29.199369597498695, 28.648620295941818, 28.76996528406019, 29.21127364257983, 29.05712666084667, 29.266963280798752, 28.391030774604644, 28.417257909681688, 28.812101170111667, 28.6577420022428, 28.485804961679236, 28.633442431245875, 28.92118320670487, 28.376175504439562, 28.86398717690107, 28.089680343707734, 27.823517362961475, 28.12740479177065, 29.51992771215047, 28.83819372053756]
[27.716143787926434, 28.410450366206522, 29.58513090680716, 28.47854801026751, 27.984993923701854, 27.800516274435502, 28.65475175931443, 28.77027359908691, 28.047147679212554, 29.042091261490487, 28.6796402213888, 28.90617925959009, 29.578338658485137, 29.11174340825202, 28.92239335949647, 28.031779454205925, 28.56436049705305, 28.203800858859683, 28.80245154961392, 28.91589225090214, 28.91393261004267, 29.371130937634785, 27.869669339086794, 28.787875039390922, 28.129613311415664, 28.863372284712018, 28.548497442456586, 28.353408563584416, 28.2539655505869, 28.71599012080919, 29.041265423533456, 28.63586241327706, 28.758254427776713, 29.089308169849982, 29.054386838563186, 29.25456458185341, 28.277397942289905, 28.37270707589543, 28.812101170111667, 28.536413993679012, 28.48090107936418, 28.571246346333794, 28.883013521183464, 28.28864955228306, 28.858682390991156, 28.089680343707734, 27.823517362961475, 28.044082008528797, 29.464439919828216, 28.77252309063121]
[27.610404865921716, 28.408504183250578, 29.57702597512481, 28.476611777945408, 27.86073950689166, 27.795343544635852, 28.646258179923876, 28.7198610700826, 28.047147679212554, 28.970301185461572, 28.617985131759674, 28.83655436799952, 29.47563514942655, 29.11174340825202, 28.87477588775024, 27.943936585388304, 28.51535879362881, 28.203800858859683, 28.71452171157631, 28.698539172395407, 28.834454172584184, 29.29569408058058, 27.770452965406207, 28.787875039390922, 27.9361532582961, 28.863372284712018, 28.482228367751002, 28.306827516885665, 28.21950773407793, 28.71599012080919, 28.9159046251515, 28.517838281721833, 28.74589335058501, 29.07972246572159, 29.050621742716345, 29.194037729308896, 28.212041235684957, 28.37270707589543, 28.748122273159993, 28.424542369263406, 28.41364270156734, 28.477226099165694, 28.784301221764302, 28.0896793605448, 28.83619294650373, 28.027071670530823, 27.823517362961475, 28.012984203462526, 29.266499213835527, 28.77252309063121]
[27.605034512808338, 28.407944008638026, 29.469835189092088, 28.476611777945408, 27.86073950689166, 27.793532740034312, 28.596003398825736, 28.67170243838285, 27.989069958886024, 28.970301185461572, 28.53684727375964, 28.822584080480432, 29.353792709455444, 29.06337019289436, 28.739911436405635, 27.915578837979332, 28.51535879362881, 28.161851139730278, 28.63671398175736, 28.603232158674246, 28.834454172584184, 29.276490910081684, 27.725980028543187, 28.706097776237176, 27.817027755110793, 28.79313733910744, 28.27868756931872, 28.095199198872177, 28.073100499517288, 28.699491908390975, 28.782751730101324, 28.39351988885111, 28.576490874849792, 29.002915162109957, 29.049545066609245, 29.033504751712695, 28.029459733615397, 28.36383992219988, 28.7413416750515, 28.40528454484612, 28.407154807179033, 28.42485538727335, 28.77587569098884, 28.057847563838106, 28.80119260501241, 27.954422545375355, 27.823517362961475, 27.95622995905279, 29.249490365323688, 28.77252309063121]
[27.46974317406408, 28.230468485030872, 29.44230156090186, 28.476611777945408, 27.86073950689166, 27.713104262075472, 28.53939885056584, 28.67170243838285, 27.989069958886024, 28.76095787869972, 28.501698628649912, 28.822584080480432, 29.13573573958327, 29.03327133861664, 28.739911436405635, 27.834545252281693, 28.323555653030173, 28.161851139730278, 28.44462595448612, 28.36298462018646, 28.832176078148393, 29.276490910081684, 27.675819121954202, 28.696188538023314, 27.586082818356147, 28.608393828149225, 28.27868756931872, 28.045991474759678, 27.865049343308197, 28.627392689348063, 28.716002949798025, 28.39351988885111, 28.558146584969148, 28.86284565894447, 29.021080148135514, 29.007896174497052, 28.018453466723223, 28.352357498802803, 28.702759792642713, 28.287622156406655, 28.281453413536603, 28.42485538727335, 28.693689781625274, 28.054858629363103, 28.77778507704313, 27.894937272966843, 27.823517362961475, 27.866569841435343, 29.18724393337634, 28.673618374004896]
[27.46974317406408, 28.031549486803033, 29.381204805709206, 28.476611777945408, 27.697563723929154, 27.684172966306903, 28.53939885056584, 28.601994375788554, 27.989069958886024, 28.74839716735597, 28.403147186167036, 28.668204868086953, 29.099417405108674, 28.937122006794517, 28.662387770666633, 27.834375078815697, 28.162072735800628, 28.15858330635885, 28.44310516637689, 28.36298462018646, 28.779573562402014, 29.10571134077203, 27.66262965268403, 28.691771229300507, 27.543152064247636, 28.608393828149225, 28.271436608886823, 27.99677642913586, 27.85165776631599, 28.614248936375425, 28.6677392659343, 28.39351988885111, 28.442003038669704, 28.808588055751102, 28.870521608210833, 28.954046835346297, 27.996422349251965, 28.308785662639213, 28.702759792642713, 28.234730282530155, 28.184024754155764, 28.41291684367055, 28.636835250771753, 27.920968308749547, 28.66718282607244, 27.843821076321994, 27.64113373227882, 27.866569841435343, 29.077835535488227, 28.537614145210874]
[27.42551580351888, 27.94870092011888, 29.2066586467788, 28.384388308975524, 27.642800226550662, 27.552871155912918, 28.538622681429956, 28.433686696855194, 27.76959586768651, 28.616700012665284, 28.28466322117304, 28.668204868086953, 29.05352279558727, 28.877373042517775, 28.662387770666633, 27.834375078815697, 28.126571882394547, 28.116848568950342, 28.201085578629108, 28.233698066118667, 28.667733559479018, 28.997851643002967, 27.535101721865203, 28.627783820564197, 27.543152064247636, 28.539261668513824, 28.24658480090351, 27.961054919594677, 27.667014670860624, 28.56573074140969, 28.519453485983547, 28.329218217879873, 28.353395065909275, 28.733378219576004, 28.85141970154889, 28.954046835346297, 27.678754978347094, 28.304578298736253, 28.674756494984287, 28.161187620284135, 28.152311437616497, 28.41291684367055, 28.496054707747213, 27.911837865475274, 28.564641279545782, 27.783071562808466, 27.60407975368156, 27.76910817311681, 29.012168770333176, 28.522482447072196]
[27.414545881009257, 27.926248149234038, 29.18449054207295, 28.2831270938197, 27.49547896867357, 27.505791419673223, 28.396997866782943, 28.432237459729343, 27.76959586768651, 28.614735028590907, 28.217077201193746, 28.65495054632428, 28.94251377286895, 28.651170585346666, 28.564008240317587, 27.77751933149233, 28.08813938842739, 28.027695592236874, 28.201085578629108, 28.2266611831733, 28.667733559479018, 28.95111535759445, 27.535101721865203, 28.627783820564197, 27.422859077099464, 28.49785853184659, 28.169576165952037, 27.961054919594677, 27.631378427050187, 28.501948048035665, 28.483090681525248, 28.29355179275667, 28.27357012858821, 28.68889449213352, 28.73440406192765, 28.94170447694255, 27.60122277289218, 28.304578298736253, 28.55950705979608, 28.161187620284135, 28.152311437616497, 28.41291684367055, 28.411576046943225, 27.782106856748328, 28.51817714113958, 27.740610455113295, 27.540576127293168, 27.652410285130806, 28.884220091030944, 28.507402947669487]
[27.23399550469342, 27.700379086351482, 29.153461802773442, 28.27306506933789, 27.480106443768, 27.458966129485322, 28.29987164536643, 28.394870752565232, 27.73129820451274, 28.610015255810502, 28.140169477222553, 28.319508387477754, 28.847571343600436, 28.651170585346666, 28.44574835732873, 27.754613724061635, 28.08813938842739, 27.959349744140667, 28.111835952185373, 28.19556817007372, 28.58763020534501, 28.907251670185474, 27.52295955353002, 28.560732327006757, 27.422859077099464, 28.455791750200763, 28.054280539141633, 27.93608320647204, 27.524227273319305, 28.31181247411579, 28.40003828899652, 28.29355179275667, 28.159184144415757, 28.62673209870716, 28.612993019120164, 28.86096642206194, 27.60122277289218, 28.288242721102808, 28.322375976667466, 28.14038259183344, 28.152311437616497, 28.37983890436965, 28.354015079649468, 27.63231424243488, 28.50690034353258, 27.740610455113295, 27.460461061240217, 27.56478444479892, 28.60460426800115, 28.507257951503426]
[27.23399550469342, 27.596724058538932, 29.10053480059513, 28.106085692592718, 27.477421452217435, 27.454527998687478, 28.228386367007726, 28.353811051105914, 27.640814785079545, 28.573338410818657, 28.140169477222553, 28.319508387477754, 28.847571343600436, 28.651170585346666, 28.44574835732873, 27.566951795844897, 27.934780727783014, 27.940377806383644, 28.02302871473423, 28.137206124459368, 28.40008320778991, 28.907251670185474, 27.52295955353002, 28.475235858735072, 27.26905547197199, 28.38252822672348, 27.960944293698493, 27.93608320647204, 27.515492385215822, 28.22620769382761, 28.29213415206359, 28.13278009894565, 28.026841590983942, 28.493049908577937, 28.612993019120164, 28.77698657750462, 27.573788436587137, 28.258473846827325, 28.233182532748724, 28.01084771738899, 27.995392603005392, 28.225513762637, 28.354015079649468, 27.614526168341342, 28.32168981617672, 27.629059956822783, 27.423002560048683, 27.5384222791632, 28.514547054275408, 28.48112540487748]
[27.227955548282505, 27.596724058538932, 29.10053480059513, 28.106085692592718, 27.33133165003439, 27.450666632629332, 28.14771081886853, 28.277709319952276, 27.60368388549454, 28.539161082059344, 28.085357105297977, 28.271419768774173, 28.819598695426514, 28.57600592456543, 28.381877478916827, 27.419229189880223, 27.879104149769216, 27.726926387912027, 28.02302871473423, 28.035446807593964, 28.372081719031502, 28.843043079272583, 27.47272030885632, 28.43148240284964, 27.225901192281675, 28.34225223219795, 27.93691668280469, 27.87932360954896, 27.48026226955806, 28.22620769382761, 28.177768153990066, 28.054326357167657, 27.910200387312877, 28.3591506671341, 28.612993019120164, 28.767020552284258, 27.46809435417621, 28.21191843466398, 28.157101362084752, 27.919990832431335, 27.98338239431188, 28.183042065645658, 28.27450405164845, 27.614526168341342, 28.163604421501454, 27.629059956822783, 27.421484656218148, 27.450049485272643, 28.514547054275408, 28.46850450355563]
[27.20692875111854, 27.56964621286425, 28.896940377135813, 28.073348063730556, 27.31986435019587, 27.450666632629332, 28.143956396576186, 28.14277190334547, 27.541219927637275, 28.537904671310923, 28.077416002164775, 28.246998862709233, 28.7248253718143, 28.445674217467, 28.215271994131996, 27.36218891890666, 27.879104149769216, 27.465380604047915, 27.982983052616753, 27.93683168160237, 28.34298532500146, 28.675234980785472, 27.459463339554294, 28.30633405877406, 27.110628361284103, 28.19486091145567, 27.929794389847537, 27.765903682660856, 27.37528863350847, 28.160277272566702, 28.177768153990066, 27.985176685656626, 27.857870094884287, 28.25713078462685, 28.566690899524577, 28.755038549809218, 27.375301376850665, 28.172700637951692, 28.11498516634044, 27.87396947521976, 27.880305641438458, 27.96600553202852, 28.207052087363202, 27.510849400758946, 28.0772093718822, 27.56231810005366, 27.421484656218148, 27.39150462261868, 28.514547054275408, 28.292988517914814]
[27.203854476114515, 27.529635287854717, 28.896940377135813, 28.00704624931514, 27.31986435019587, 27.356900702447803, 28.065249180905823, 28.127307913305962, 27.541219927637275, 28.419539081570235, 28.077416002164775, 28.222371436684586, 28.70127717830017, 28.401450773663747, 28.1236925743219, 27.13095710275048, 27.824245918169304, 27.465380604047915, 27.88846167962459, 27.84482066464262, 28.205233396715727, 28.554280589977044, 27.425392527172324, 28.233985757647055, 27.057906202080563, 28.132575159364944, 27.90215160838747, 27.744432143751162, 27.24703453479565, 28.117961447747707, 28.136873560582877, 27.985176685656626, 27.857870094884287, 28.24886622567186, 28.467251174784842, 28.65224857057466, 27.35908954576299, 28.15056731686976, 28.037108067866438, 27.812238753397583, 27.880305641438458, 27.96600553202852, 28.12588431602861, 27.457647510381218, 28.026377695997905, 27.453794032644076, 27.37572597251189, 27.23462530708239, 28.514547054275408, 28.28369922646927]
[27.08355922613929, 27.4054203527865, 28.891133670011136, 27.8986272843703, 27.256454375643017, 27.264774139845095, 28.065249180905823, 28.079442907155844, 27.50166260028326, 28.095108106907382, 27.935131996310083, 28.183324972534518, 28.6411114626936, 28.401450773663747, 28.105043203799074, 27.13095710275048, 27.824245918169304, 27.465380604047915, 27.815839123574513, 27.84482066464262, 28.17830309909662, 28.554280589977044, 27.425392527172324, 28.232073447724304, 26.995547409197364, 28.02994301536528, 27.838350344195995, 27.637461318700254, 27.244097975876684, 28.10639940222805, 28.063545978677826, 27.797550413990137, 27.723977100619987, 28.16763276085436, 28.32473858478604, 28.624857509769726, 27.35908954576299, 28.10086026220751, 28.037108067866438, 27.763019810864797, 27.800291052552176, 27.907089812014295, 28.098564383022318, 27.322606321102597, 27.957179049595464, 27.376837219366884, 27.374868739199314, 27.064497085952326, 28.45035943554934, 28.16383206117461]
[27.08355922613929, 27.383541875401846, 28.879634464887012, 27.8986272843703, 27.249060552261, 27.264774139845095, 28.043482879235068, 28.033740167526275, 27.50166260028326, 28.079430527418943, 27.730988373334647, 28.07069904335038, 28.61696729460874, 28.401450773663747, 27.916642205356755, 27.088796651291354, 27.824245918169304, 27.374888350271597, 27.692578962396727, 27.783221811968286, 28.11816695282958, 28.472748196054557, 27.29497869926821, 28.12334507202012, 26.899389293187017, 27.945025347880414, 27.764125763191554, 27.62811994053746, 27.244097975876684, 28.062054155675128, 28.010067033627024, 27.785344402750116, 27.674141140978367, 28.127906755469997, 28.282678344892826, 28.624857509769726, 27.29253780780281, 28.064867441322576, 27.988731628100673, 27.74207699347353, 27.723677090335663, 27.89083099821943, 28.037578247883875, 27.31335271682359, 27.874571834190277, 27.3125242691092, 27.372008340497835, 26.90175951669437, 28.350332740373194, 28.153788120158413]
[27.034992458743652, 27.35937010566834, 28.750107668338302, 27.759710160234846, 27.21413839914363, 27.147214077085767, 28.03379155742715, 27.98318678178877, 27.451938773575193, 28.05756875527137, 27.7054494679318, 28.01419605883651, 28.61696729460874, 28.309270462162225, 27.86036137455995, 26.972816540795247, 27.824245918169304, 27.36317402891252, 27.692578962396727, 27.696253789890232, 28.070772409028933, 28.472748196054557, 27.29497869926821, 28.12334507202012, 26.899389293187017, 27.744433140173875, 27.734731114609144, 27.62811994053746, 27.20912502028125, 27.97740744904278, 27.892168566167264, 27.54515966533209, 27.654333140316787, 28.048605528718998, 28.282678344892826, 28.57417420574697, 27.254121279923528, 27.98479549620918, 27.74886779809691, 27.65933516985624, 27.689631020753712, 27.89083099821943, 27.996301154852283, 27.30326750573958, 27.85335391080512, 27.292304032016187, 27.209392432521934, 26.90175951669437, 28.268751733278414, 27.952839374505572]
[26.925227788080115, 27.35937010566834, 28.747121426959296, 27.493160608804637, 27.076501435082, 27.105002226790617, 28.01279898262403, 27.950868071894668, 27.346265634486116, 27.97475171435432, 27.7054494679318, 27.902626945883874, 28.550622145957316, 28.252057420723908, 27.799747319518985, 26.972816540795247, 27.780694098391006, 27.341561102391616, 27.692578962396727, 27.641379866046755, 28.04963430545585, 28.381496844434594, 27.29497869926821, 28.055591706560143, 26.899389293187017, 27.63955032438372, 27.734731114609144, 27.579876025444655, 27.20912502028125, 27.975779265353555, 27.890217981985177, 27.508717976507597, 27.64034375748442, 27.83992165118293, 28.174640728507107, 28.57417420574697, 27.23433628566645, 27.98479549620918, 27.74886779809691, 27.65933516985624, 27.689631020753712, 27.856944674513443, 27.631183319485963, 27.28934258559617, 27.767342979428133, 26.994665401712485, 27.01041641669671, 26.863363441401788, 28.19951231797301, 27.89607137901375]
[26.73121673024886, 27.35937010566834, 28.7030106430396, 27.449739206800235, 27.076501435082, 26.96548276683984, 27.990740846615903, 27.88721877626123, 27.277838715076655, 27.97475171435432, 27.59320152072117, 27.811696531047396, 28.44483312645467, 28.182696403244552, 27.78358902405946, 26.938873284694893, 27.723382155889492, 27.24487812913214, 27.645845731829915, 27.641379866046755, 28.04963430545585, 28.381496844434594, 27.288991367400932, 27.9979415670252, 26.827198909102368, 27.503055062968976, 27.712215350702273, 27.579876025444655, 26.993506940057262, 27.87998259069862, 27.84832969852771, 27.471925924843696, 27.514377342089386, 27.62147125249364, 27.922410870636064, 28.50429114195642, 27.225091167245715, 27.959873383634836, 27.66588633684276, 27.322926659297814, 27.64189432060159, 27.624337595956888, 27.587500349341916, 27.267633545298054, 27.702021953185806, 26.959891066140152, 26.89743740382272, 26.859319476199676, 28.18793245934727, 27.88523437535673]
[26.64492073345874, 27.342436736973788, 28.658007447748066, 27.378045408626935, 26.98071406780831, 26.840780850686723, 27.92607631510749, 27.7945011170253, 27.14335486457773, 27.96782843049357, 27.58564978315861, 27.749282815799273, 28.39121698933373, 28.094722761946834, 27.655648384906794, 26.92488315270466, 27.70378089037353, 27.200881880321372, 27.539465413216057, 27.627796196364564, 27.986863035715565, 28.340377380152933, 27.179431755831025, 27.978416824557325, 26.827198909102368, 27.503055062968976, 27.652493830329696, 27.579876025444655, 26.820412928818893, 27.6957737691723, 27.80963830152142, 27.471925924843696, 27.49722964400425, 27.538901521098545, 27.909536908051855, 28.246083379054745, 27.103175685129873, 27.90580218709397, 27.63120655648401, 27.30080982971102, 27.521954791989828, 27.624337595956888, 27.587500349341916, 27.248415869216295, 27.56685928984502, 26.71837118469673, 26.795962330424846, 26.859319476199676, 28.171015753287595, 27.63034240403014]
[26.62077572801062, 27.311077925426012, 28.582671451396855, 27.326845652243254, 26.924790669613014, 26.760400206324142, 27.885870264547396, 27.77925513846186, 27.12599693966259, 27.948987461319216, 27.585301488454974, 27.749282815799273, 28.39121698933373, 28.085747930537103, 27.650788276590113, 26.902648795198683, 27.63528812076374, 27.200881880321372, 27.483486703715716, 27.52774532805335, 27.984218238414304, 28.309597104952367, 27.07971638326445, 27.936717800118764, 26.827198909102368, 27.395433633095955, 27.64509183772288, 27.57449703430215, 26.820412928818893, 27.672758439682173, 27.68107218114044, 27.235943815977567, 27.49722964400425, 27.50299597474693, 27.888683818026873, 28.195280388096933, 27.044879003536767, 27.64958959606713, 27.393781925906346, 27.29187480866986, 27.521954791989828, 27.55048852325467, 27.479590226862637, 27.248415869216295, 27.56685928984502, 26.66494897053358, 26.773305851130743, 26.82523022342901, 28.124725264407374, 27.54907885950513]
[26.60053198903783, 27.311077925426012, 28.355767315912452, 27.326845652243254, 26.855966741576488, 26.757034115474863, 27.87032205868486, 27.674116441569737, 27.056036041941685, 27.903381944120394, 27.452649721731888, 27.701655109030433, 28.39121698933373, 28.041483332911564, 27.52786988898108, 26.783332007256774, 27.633921642361493, 27.15501793994642, 27.468920467753673, 27.508422644614747, 27.909735519814337, 28.234484333775317, 26.958990844232154, 27.795210272969733, 26.653420563636708, 27.31398655054219, 27.61690127884961, 27.51557459030273, 26.801404960727524, 27.568797323688962, 27.663235323208813, 27.086744193548657, 27.48427485712769, 27.50299597474693, 27.879268127763975, 28.195280388096933, 26.91777168451091, 27.64958959606713, 27.167390743053982, 27.225580132747837, 27.51477210972191, 27.413459847824264, 27.475051010101858, 27.194817582350204, 27.457937381809536, 26.66494897053358, 26.70470022567872, 26.81228799159125, 28.111241584178543, 27.5425906715053]
[26.563142240172432, 27.180535941340896, 28.115652428954593, 27.275679488237664, 26.62734130201364, 26.75216448383086, 27.87032205868486, 27.674116441569737, 27.056036041941685, 27.83968343817968, 27.452649721731888, 27.701655109030433, 28.39121698933373, 28.041138103244663, 27.52786988898108, 26.695348075531502, 27.633921642361493, 27.15501793994642, 27.440721981026552, 27.508422644614747, 27.907748381541666, 28.233520208947596, 26.726761631233124, 27.741904384673024, 26.653420563636708, 27.276295252004832, 27.529114860164924, 27.363877874996025, 26.801404960727524, 27.568797323688962, 27.620599644366187, 27.086744193548657, 27.44423582524343, 27.50299597474693, 27.741418375510317, 28.195280388096933, 26.91777168451091, 27.556356194948183, 27.167390743053982, 27.09747669860937, 27.461422809001352, 27.401925798158675, 27.475051010101858, 27.073362213101767, 27.358201872786747, 26.66494897053358, 26.63514875730462, 26.787006290816198, 28.111241584178543, 27.533856815789147]
[26.45313158410043, 27.12328290488538, 28.06064544892967, 27.260764459041894, 26.511178949273006, 26.68822178852747, 27.678681133536564, 27.671682031024865, 27.056036041941685, 27.663891511222438, 27.34066187261454, 27.643266465704727, 28.385212301993437, 27.985978610407578, 27.468741915822562, 26.695348075531502, 27.531707407719, 27.087418469324632, 27.376679313481663, 27.46033082973812, 27.88615865032987, 28.23099081146346, 26.712502806014516, 27.73645496765422, 26.653420563636708, 27.084310567881964, 27.49636158572768, 27.363877874996025, 26.789459296587843, 27.539459387559, 27.620599644366187, 27.086744193548657, 27.443960421936236, 27.50299597474693, 27.739936274851356, 28.05373453479166, 26.876098489973593, 27.55163000736054, 27.119513981778947, 27.09747669860937, 27.33818256679823, 27.308646032195202, 27.400974808740745, 26.902294210051913, 27.320645620230277, 26.66494897053358, 26.63514875730462, 26.77006355092134, 28.055340559836235, 27.37207462849736]
[26.33953878056108, 27.001820032682268, 28.02115649305328, 27.23150547199948, 26.489971581319764, 26.67521821846683, 27.67631269343817, 27.519639797516255, 26.944965033409467, 27.656639119057434, 27.32820837584387, 27.54217685021315, 28.288609471728982, 27.829531005306496, 27.327968971793887, 26.67304207465126, 27.443023521193727, 27.070647608163036, 27.368684900496856, 27.452589946960906, 27.810016206272053, 28.21486174742775, 26.712502806014516, 27.73645496765422, 26.528335133719008, 27.016065862117955, 27.473263117761896, 27.358679330288453, 26.755537666130216, 27.43602628121811, 27.599532065995856, 27.086744193548657, 27.443960421936236, 27.468039402821045, 27.60906457290964, 28.05114392282901, 26.876098489973593, 27.55163000736054, 27.069737356048638, 27.07743528369013, 27.31412458917802, 27.232168962347156, 27.289011417649583, 26.806749798015478, 27.267936669629016, 26.597790707118293, 26.633733861513356, 26.762335909904202, 27.98046889363598, 27.371940794315957]
[26.276434618727613, 26.929197214490944, 27.97427239969168, 27.134323997309473, 26.483575120079145, 26.66826345981307, 27.590503295536315, 27.455307040563195, 26.944965033409467, 27.604711810971008, 27.25630097578386, 27.54217685021315, 28.274584642320963, 27.81683496565376, 27.22805728164904, 26.67304207465126, 27.425240592740856, 26.965181562759756, 27.26808679612251, 27.39917688456285, 27.78394959552067, 28.21486174742775, 26.64942458804719, 27.64184645683274, 26.43389935609026, 27.000997362764632, 27.379674381192114, 27.27353903624917, 26.733318816551254, 27.229598544788182, 27.599532065995856, 27.086744193548657, 27.35433040979722, 27.40467054179569, 27.547240466865464, 27.902760634517506, 26.806778877780165, 27.462852543490584, 27.069737356048638, 27.042643483226367, 27.255752915313725, 27.162440753685267, 27.289011417649583, 26.806749798015478, 27.23540512232388, 26.52923400007513, 26.60346410887801, 26.75670466623715, 27.94159263839, 27.262360406343618]
[26.171875803068662, 26.89156716886624, 27.947338357999314, 26.982919017445056, 26.477245708555948, 26.611203774464478, 27.417423850848888, 27.455307040563195, 26.83921243419015, 27.363600322233147, 27.194508122861397, 27.522003212077966, 28.274584642320963, 27.799582598584927, 27.129287556471372, 26.670523054904812, 27.23286224258971, 26.965181562759756, 27.119930192973516, 27.265222787599367, 27.663430812751432, 28.143853110129168, 26.605304137675375, 27.563428775867965, 26.43389935609026, 26.89158906371252, 27.379674381192114, 27.23000148288235, 26.713224813105665, 27.204973537018123, 27.401841315073852, 26.999578150126258, 27.231163436363836, 27.40467054179569, 27.29670807542153, 27.86256266164828, 26.69280513851845, 27.367971924512325, 27.069737356048638, 27.039738113109383, 27.24894093112662, 27.008369552954587, 27.28336592849509, 26.747879610465098, 27.10943592227206, 26.520793562017275, 26.538737271470108, 26.723223106833757, 27.925828360262404, 27.259582510581602]
[26.171875803068662, 26.89156716886624, 27.854390477770142, 26.956781517386258, 26.37428589559995, 26.554564046964856, 27.400955653930385, 27.240274745345754, 26.83921243419015, 27.363600322233147, 27.189256846000035, 27.492571745690896, 28.15407734552981, 27.740248752067327, 27.129287556471372, 26.641725549472493, 27.229443530004424, 26.922054312122974, 27.11047175859097, 27.263003816872704, 27.562360199036117, 28.063831030217738, 26.57461267458543, 27.56171276766696, 26.43389935609026, 26.866919562414676, 27.211534640344773, 26.997562225439424, 26.69842418316211, 27.204973537018123, 27.261273420104864, 26.999578150126258, 27.22790359655246, 27.361534360168104, 27.221040368683042, 27.687471253586683, 26.62518166503836, 27.27087460204732, 27.016889547051484, 26.987850093730014, 27.24894093112662, 26.95301063898284, 27.14728731364044, 26.71096222985641, 27.10943592227206, 26.274828985738726, 26.451889489336743, 26.571868806237767, 27.890693686778594, 27.249950122077202]
[26.105699989904913, 26.834836911059558, 27.82078015751705, 26.956781517386258, 26.337391322958627, 26.51580932917068, 27.304510067779308, 27.039833962462275, 26.83921243419015, 27.363600322233147, 27.071550909234844, 27.492571745690896, 27.94884532569671, 27.690899343735985, 27.072041090757494, 26.48399856511326, 27.150624334049972, 26.87374663328232, 27.11047175859097, 27.201057386371634, 27.499874739368387, 27.905229040155525, 26.57461267458543, 27.56171276766696, 26.40490673279736, 26.862068183989543, 27.19992490209209, 26.813936539265647, 26.6964513798972, 27.204973537018123, 27.182939284354962, 26.976434309115596, 27.211524162185448, 27.25484991707156, 27.215380331591877, 27.687471253586683, 26.609487406182335, 27.229340149400326, 27.016889547051484, 26.906670402860065, 27.24894093112662, 26.89686191306088, 27.13568100430957, 26.64453765097277, 26.920358584749795, 26.175175489325245, 26.388382707170496, 26.534358533928565, 27.85633951180595, 27.172260839358643]
[26.093566614511815, 26.834836911059558, 27.717933191845127, 26.956781517386258, 26.276386240048293, 26.476916921381775, 27.288131142284577, 27.039833962462275, 26.83921243419015, 27.32846424465876, 27.031590794290032, 27.490788004146065, 27.94884532569671, 27.598000978452763, 27.072041090757494, 26.437745275803127, 26.99452044827094, 26.86727856777224, 27.106025624817523, 27.08041982761075, 27.373466977184563, 27.895529227978262, 26.46633294103716, 27.49352186603361, 26.27610892757094, 26.835501476697537, 27.19992490209209, 26.786345904815466, 26.620295336923345, 27.19976576278437, 27.14225668096193, 26.714521544971614, 27.174746656979455, 27.212397473876916, 27.089595603370846, 27.492868235643833, 26.47215151885673, 27.217440296865675, 26.932183654672325, 26.838080388885494, 27.24132510553246, 26.887813821642528, 26.870809595725763, 26.64453765097277, 26.889546867501487, 26.05508310225805, 26.388382707170496, 26.534358533928565, 27.84294983991753, 27.172260839358643]
[26.093566614511815, 26.834836911059558, 27.479092075419903, 26.90090865828921, 26.259660037934914, 26.38212750075819, 27.143338243429156, 27.02274136021878, 26.67281769215261, 27.281782636540633, 27.031590794290032, 27.490788004146065, 27.94884532569671, 27.598000978452763, 26.84100705189145, 26.38231867558012, 26.962002455395737, 26.806992021261387, 27.02453451666397, 27.078408379815905, 27.3236257422108, 27.87285618295268, 26.395549115960158, 27.4870125650536, 26.27610892757094, 26.77948603995342, 27.12608256490135, 26.76421609844009, 26.58774328817942, 27.19976576278437, 27.14225668096193, 26.714521544971614, 27.04275172408372, 27.208036140842268, 27.041115249356533, 27.473955510921677, 26.446993643515277, 27.166789146232116, 26.912288997708384, 26.79528691446501, 27.173247771673637, 26.832048236677007, 26.80059491521048, 26.54100972103044, 26.722095404925312, 26.05508310225805, 26.335418136114168, 26.421779211776947, 27.793359048081538, 27.172260839358643]
[26.06025672689858, 26.759358159670672, 27.446326767008742, 26.877775547265593, 26.18311939949648, 26.38212750075819, 27.095325109236178, 26.963194325739458, 26.648412906546632, 27.200847366372166, 26.988357416277903, 27.4444146149083, 27.848828292235623, 27.505004764148488, 26.823053025422517, 26.366180280396218, 26.9338472387352, 26.77767084440357, 26.999367272852528, 27.04790644531127, 27.3236257422108, 27.856012052784127, 26.28288292424304, 27.443370680423403, 26.261905055572278, 26.755863481099063, 27.12608256490135, 26.76421609844009, 26.41978037001411, 26.926758516140772, 27.14225668096193, 26.714521544971614, 27.04275172408372, 27.208036140842268, 27.041115249356533, 27.371263494529536, 26.423497073167376, 27.093201922566692, 26.89987341688617, 26.716145667194844, 26.965322274745915, 26.815020242793224, 26.7673858435238, 26.54100972103044, 26.679326637313398, 26.05508310225805, 26.20937346021903, 26.352870386800426, 27.786631974956673, 27.054374329073134]
[26.06025672689858, 26.711463936876413, 27.19331039670476, 26.72032994325624, 26.104001858852605, 26.33853074403961, 27.02425160248726, 26.84008316347403, 26.64649488777915, 27.200847366372166, 26.905513833258475, 27.286687377190056, 27.725071867707648, 27.451070754282284, 26.81294364633253, 26.366180280396218, 26.82401647860425, 26.65914276488575, 26.928820033123266, 27.028004475868308, 27.116586890260738, 27.856012052784127, 26.23095722243511, 27.357443006677876, 26.155004479773197, 26.592557963025275, 27.08300294870191, 26.73654363662491, 26.35124670139669, 26.717812841559436, 27.045749454932604, 26.654278995665514, 26.87559074819247, 27.09963973524675, 27.00349210060231, 27.34815122055833, 26.423497073167376, 27.069487092602607, 26.827865423401004, 26.688221996464215, 26.782282077332173, 26.81007527158828, 26.57285871712306, 26.48024548027349, 26.598177230077237, 26.05508310225805, 26.123714158417194, 26.352870386800426, 27.655799570082543, 27.000686227212288]
[26.06025672689858, 26.652152780751955, 27.168185626657362, 26.72032994325624, 26.048480395703496, 26.33853074403961, 26.947098078438756, 26.729756569542417, 26.568991303007444, 27.182801384243085, 26.760296678712063, 27.28410664897869, 27.725071867707648, 27.369354302277962, 26.686387789938074, 26.282605634094203, 26.767055541863623, 26.65914276488575, 26.735733341674102, 26.989097392882236, 27.109545145080943, 27.671229530543183, 26.16549816964752, 27.15261850535228, 26.113128707283533, 26.592557963025275, 27.03069416007101, 26.69189075143388, 26.35124670139669, 26.555166990394213, 26.97012959947019, 26.61959263142803, 26.645158782571364, 27.065770307149233, 26.96830356673603, 27.088886540064003, 26.373030292804764, 26.94380914455064, 26.75553099978743, 26.589729290757, 26.7704563155867, 26.81007527158828, 26.57285871712306, 26.376902491633956, 26.51162936756591, 26.014933105651426, 26.110633437566253, 26.352870386800426, 27.58037421876383, 26.980139514329842]
[25.847235450815752, 26.652152780751955, 27.02713371393826, 26.706932458767607, 26.039206287495176, 26.33853074403961, 26.93802966298555, 26.729756569542417, 26.568991303007444, 27.129150339135133, 26.707506918194838, 27.207226421821947, 27.65134168709837, 27.213771789851933, 26.669608645266106, 26.282605634094203, 26.72484391399331, 26.632574702936942, 26.73160726210393, 26.980874142345726, 27.109545145080943, 27.66436438343458, 25.975886392563687, 26.870794803268552, 26.113128707283533, 26.52861001951277, 27.006351199187606, 26.64723427883058, 26.322962221645035, 26.490609318040804, 26.90025130278051, 26.539194647683736, 26.5901980272729, 27.026820301870526, 26.88108838486143, 27.04814609123364, 26.373030292804764, 26.882819826953742, 26.736422576905774, 26.487470818854796, 26.726182346928066, 26.789820618419697, 26.472814984665252, 26.30802678404107, 26.51162936756591, 25.935696152413136, 26.110633437566253, 26.222693760569598, 27.521383642216023, 26.88642031881465]
[25.814737587381597, 26.64383206913762, 26.993966502337905, 26.68863134941522, 26.02257841075201, 26.33853074403961, 26.86155099526651, 26.614405195886786, 26.568991303007444, 27.07185817901248, 26.706547172761994, 27.204295590170382, 27.53086214827306, 27.121223169568292, 26.669608645266106, 26.203535366361336, 26.72484391399331, 26.472544176252946, 26.70430397999627, 26.915408029462338, 27.109545145080943, 27.545813006806164, 25.944124137956038, 26.86107120332656, 26.03064978634892, 26.52861001951277, 26.844009512388304, 26.621922657614856, 26.222864171519767, 26.442528982766383, 26.817683840101658, 26.499521156767287, 26.50897950345285, 27.007016051711638, 26.81818134604772, 26.997595792006223, 26.289487608027525, 26.82048129406756, 26.700838218508864, 26.452539822189266, 26.619855644958978, 26.739460779621687, 26.401246095920726, 26.261515461221393, 26.504357084432787, 25.881623748295436, 26.100587914362507, 26.214789074745852, 27.472750117159087, 26.777111564481096]
[25.779008198807837, 26.64383206913762, 26.993966502337905, 26.654911842251455, 25.963492992273224, 26.276205552913787, 26.86155099526651, 26.614405195886786, 26.470654745142962, 26.99625078841414, 26.62174718240949, 27.081292136078428, 27.499579738924645, 27.06670384220572, 26.651792874755955, 26.07969673049263, 26.66812670541997, 26.429883927178558, 26.696378773666588, 26.653375844464147, 27.109545145080943, 27.530147050805972, 25.90024048898473, 26.782591043453444, 25.970496904636537, 26.45344469977465, 26.738458958769684, 26.40730433536431, 26.116333611508605, 26.378665103942865, 26.810611823807527, 26.43026128238098, 26.33255783483534, 27.007016051711638, 26.80252497360189, 26.997595792006223, 26.205654868048214, 26.69130496201037, 26.691384114811093, 26.43434841676636, 26.619855644958978, 26.6642073207229, 26.38023482195258, 26.16469689681147, 26.43048461663102, 25.845015765413457, 26.04622182922468, 26.17123168541925, 27.356729685797063, 26.757597102218334]
[25.735999987708304, 26.513228961296214, 26.912956716912067, 26.654911842251455, 25.943915452324507, 26.182503207680877, 26.773618534552803, 26.614405195886786, 26.385617593474826, 26.99625078841414, 26.602067381765913, 26.99922539623687, 27.459822410276892, 27.042607720563616, 26.651792874755955, 25.977620435814806, 26.66812670541997, 26.33511740969512, 26.60764111043766, 26.653375844464147, 27.08951037186909, 27.530147050805972, 25.879834593029834, 26.565395104098513, 25.937303798868413, 26.45344469977465, 26.738458958769684, 26.306368691292143, 26.058948630495458, 26.369083454593373, 26.646054274011355, 26.38247692097294, 26.250694980390268, 26.97141572893732, 26.70759966260199, 26.959232629107987, 26.198645320403806, 26.500261344521466, 26.691384114811093, 26.3728622824268, 26.61279903213808, 26.6642073207229, 26.312912213485276, 26.16249589743979, 26.43048461663102, 25.761623405299567, 25.996361864994192, 26.106198811988463, 27.356729685797063, 26.53078814138346]
[25.680462224946165, 26.497708312086832, 26.888071072824964, 26.607904231914507, 25.943915452324507, 26.043668768734744, 26.667718419350006, 26.585133667649806, 26.316290603577585, 26.93633497803997, 26.602067381765913, 26.829222511710547, 27.41769678954992, 26.975781796004117, 26.47292276793354, 25.966838680338803, 26.658413623635493, 26.33511740969512, 26.60764111043766, 26.63174215752854, 27.04978334165055, 27.530147050805972, 25.848877362889436, 26.514083541805952, 25.856040920687803, 26.42615079251767, 26.712635279694535, 26.22644046464604, 25.93837886159252, 26.35382611954939, 26.58944390329237, 26.38247692097294, 26.216994972774067, 26.966992201642206, 26.70759966260199, 26.845315178804924, 26.071215917388436, 26.456185970241513, 26.68406704600661, 26.298101192898393, 26.57495031010536, 26.577874482336675, 26.312912213485276, 26.16249589743979, 26.302434925211834, 25.76124348736385, 25.8848799004564, 26.069880723490712, 27.290599654970627, 26.493165486052238]
[25.633450076619635, 26.497708312086832, 26.871619892952282, 26.607904231914507, 25.88804767242086, 26.027700619600257, 26.667718419350006, 26.51254463348976, 26.28803852353773, 26.884916840692135, 26.464797069587526, 26.740098436542944, 27.404675203816858, 26.888597272780636, 26.40773594666993, 25.966838680338803, 26.52271538397675, 26.285303483622926, 26.57541865114025, 26.611441680388527, 26.769591451668173, 27.510242112001123, 25.844150378030683, 26.431832752909337, 25.75530188395054, 26.319574722664196, 26.696791216270913, 26.22644046464604, 25.716104749167744, 26.33741903706116, 26.55471878379229, 26.35986978662992, 25.93658870792595, 26.783213739265648, 26.705676766646924, 26.845315178804924, 26.071215917388436, 26.237944682339382, 26.593211830867688, 26.0592956221509, 26.534303044418824, 26.539723706988504, 26.312912213485276, 26.13265223268062, 26.27555477140131, 25.72867979621832, 25.81599595934394, 26.069880723490712, 27.25254046343569, 26.37926203282917]
[25.462135310339416, 26.41076983902825, 26.866214155454678, 26.55501006971273, 25.8309557739261, 26.006084333447212, 26.579090479429993, 26.334945099829547, 26.25990238171901, 26.884916840692135, 26.358843854572065, 26.711328422884105, 27.3601534527924, 26.832884162560457, 26.369537765344177, 25.747597793936944, 26.52271538397675, 26.252456142660385, 26.54784078763489, 26.42199736247212, 26.644660704845023, 27.371577885428717, 25.74826421134527, 26.390808753214877, 25.75530188395054, 26.199067433702588, 26.619130961559016, 26.21251940280439, 25.716104749167744, 26.303232903265517, 26.55471878379229, 26.338074886488595, 25.93658870792595, 26.675778945369398, 26.610080339999648, 26.746654682285815, 26.071215917388436, 26.237944682339382, 26.534172817018288, 26.030079514130097, 26.534303044418824, 26.52984510900793, 26.293313417782485, 26.109757752852936, 26.25864237907798, 25.664921377649353, 25.81599595934394, 26.008628852725614, 27.11807475459535, 26.25931983030777]
[25.462135310339416, 26.393866682137183, 26.85854273769099, 26.52415291307715, 25.736084527080294, 25.96299267031793, 26.50305576868393, 26.240132880970616, 26.247824994784178, 26.86869097731959, 26.358843854572065, 26.630078783865507, 27.229893510037567, 26.73874327569523, 26.27693340406426, 25.67544958061769, 26.451663324128134, 26.171249142103306, 26.451021310483718, 26.35800697620858, 26.466885349940156, 27.207921459150622, 25.73145809588731, 26.32407191960193, 25.680806611707304, 26.173831120237544, 26.406058461735427, 26.175188847104778, 25.709740377385998, 26.25736272023114, 26.54723080283855, 26.262101461839087, 25.93658870792595, 26.67293920291703, 26.584266392907114, 26.644634413122866, 25.98463556302257, 26.18216355371543, 26.534172817018288, 26.006613485995807, 26.434397636755524, 26.374403049535506, 26.26154280179656, 26.101093575586464, 26.220637250747405, 25.64464825121268, 25.607212304062653, 25.938005914717166, 27.086930128731133, 26.000220629286805]
[25.369884913529607, 26.351775037346506, 26.848331344701297, 26.452110929508432, 25.631663650359183, 25.96299267031793, 26.389035843533513, 26.07927641027992, 26.006997505823442, 26.803971899273943, 26.320953897847573, 26.514904638785232, 27.212549157566826, 26.68231094195021, 26.206372154018634, 25.614631918281624, 26.451663324128134, 26.165021964182813, 26.424668913730358, 26.24095117989191, 26.466885349940156, 27.179897244347934, 25.600132959200586, 26.08486197939201, 25.498409081779318, 26.165228231520324, 26.362132979699545, 26.129570735274264, 25.690407665153685, 26.25736272023114, 26.360479278360703, 26.166428682081083, 25.725007848234476, 26.624819926060304, 26.40069698477427, 26.542763551586127, 25.971374296675855, 26.14241686497287, 26.46551066447595, 25.915390385302878, 26.396480563265026, 26.372986049194207, 26.12622674940993, 26.101093575586464, 26.094424172807294, 25.643336113719492, 25.606145975067374, 25.88312698287433, 27.027304838119203, 25.970984163200644]
[25.369884913529607, 26.351775037346506, 26.733662070778287, 26.393861972457024, 25.627735003645814, 25.85321232543451, 26.33951938685874, 26.07927641027992, 26.00592219532586, 26.760067357197915, 26.287222704525483, 26.506604240468363, 27.212549157566826, 26.661911376974853, 26.167085059944725, 25.53798824312829, 26.451663324128134, 26.078142016971565, 26.364515563827958, 26.21189668568072, 26.466885349940156, 27.11761071911411, 25.456319892711438, 26.08486197939201, 25.242374483995725, 26.081976220013825, 26.266306391144646, 26.129570735274264, 25.690407665153685, 26.1139198456693, 26.360479278360703, 26.166428682081083, 25.725007848234476, 26.624749859081554, 26.40069698477427, 26.44102219340818, 25.843096368705755, 26.06462098200468, 26.387439469448942, 25.886161436589685, 26.33088155652223, 26.345274395652474, 26.118050334935866, 26.080166010291492, 26.007085598598245, 25.618071951514803, 25.574811690285898, 25.799033079168446, 27.027304838119203, 25.970984163200644]
[25.367257249242645, 26.19493683736036, 26.688473722232857, 26.384676630974116, 25.598450980057684, 25.7493339768288, 26.171543929063706, 26.028417613832726, 25.885559247097763, 26.726735543654193, 26.12809196272618, 26.494366070810248, 27.117217511128768, 26.661911376974853, 26.077822314001622, 25.439243582309736, 26.451663324128134, 25.975480665983394, 26.335119939909056, 26.1978255811968, 26.217395331941912, 26.956423326176672, 25.393526558712757, 26.08486197939201, 25.20696557633791, 26.08178720774464, 26.235162309897966, 26.129570735274264, 25.690407665153685, 25.98817493251073, 26.341543958724053, 26.158969768124575, 25.65573796687619, 26.601959569770724, 26.350309514805673, 26.377512969499964, 25.780750892477307, 26.026629128860684, 26.34677959240982, 25.688040999967047, 26.18507401472805, 26.32010370262605, 26.069065824188193, 26.014936417502206, 25.92362197329977, 25.5478708230953, 25.526676971774137, 25.646291902640172, 26.823062024477473, 25.970984163200644]
[25.367257249242645, 26.191524174683302, 26.55364263029889, 26.327662231350086, 25.410187491560283, 25.666347233652353, 26.152901840765974, 26.009141182213888, 25.787104002223657, 26.66688115274627, 26.084460191084748, 26.425327326361803, 27.06019826729467, 26.64242372754605, 26.04699011260962, 25.386437750758407, 26.350051110624655, 25.975480665983394, 26.253680890260103, 26.05115968449811, 26.217395331941912, 26.783165595189605, 25.33069540484825, 26.054889286838478, 25.20696557633791, 26.072993921200606, 26.199304171066522, 25.985766952960983, 25.66760239239141, 25.98817493251073, 26.29242685868228, 26.158682409700155, 25.648848235140214, 26.590301078699632, 26.336542479351714, 26.273464060595153, 25.775552614896686, 25.985836525367993, 26.336214314863547, 25.629063980539, 26.18507401472805, 26.27836397761063, 26.033253453082487, 26.00144142054806, 25.710235184460316, 25.425991888367463, 25.400874725030484, 25.646291902640172, 26.823062024477473, 25.970984163200644]
[25.20934693388277, 26.105065647761343, 26.478611286048608, 26.226584668215217, 25.257603199703652, 25.63502504011139, 26.152901840765974, 25.96841477004483, 25.744929701311243, 26.5174990160342, 25.983089062805327, 26.40387954997459, 26.997384107298267, 26.60475104975822, 26.009970802494013, 25.348213233800895, 26.348869718524877, 25.939587691307175, 26.18853293282645, 26.05115968449811, 26.128398407222875, 26.683928953028715, 25.15571642459203, 26.04464349710944, 25.176092316292774, 26.069749463873272, 26.08528604757176, 25.958279469243585, 25.639861008698592, 25.886174939792312, 26.120495395572107, 26.155547446132044, 25.558090950537455, 26.45986673335883, 26.23612225839754, 26.15274723781374, 25.676763288870415, 25.96087617410931, 26.326679275805496, 25.570393319012037, 26.18507401472805, 26.227159684740805, 26.033253453082487, 25.83999359093239, 25.532069315312196, 25.285291891357893, 25.366420509574194, 25.646291902640172, 26.74462024332662, 25.917330481877848]
[25.207872678034427, 26.099153377669722, 26.478611286048608, 26.161727819699433, 25.191476655550566, 25.612814587729325, 26.058831759545548, 25.95804500749591, 25.739586772386552, 26.32235192032487, 25.97303104578599, 26.40387954997459, 26.91378664808721, 26.479393562922468, 25.910236976612453, 25.231158505046213, 26.285110163658413, 25.80722319155429, 26.170841303576577, 25.872708154432463, 26.128398407222875, 26.667316814397935, 25.119109371656386, 26.04464349710944, 25.088291412942112, 26.015363951050944, 26.059854650859148, 25.952203603719653, 25.539840030076967, 25.886174939792312, 26.03265809826337, 26.109701331830443, 25.474246757107498, 26.40348878584111, 26.23612225839754, 26.144526110020866, 25.676763288870415, 25.931369704223158, 26.243219753481366, 25.46528777662639, 26.032143430804933, 26.064804225751896, 25.987454505321928, 25.51581100556231, 25.5250869439519, 25.235210530978986, 25.364220695768015, 25.528772624688855, 26.672864062366443, 25.853815950662085]
[25.16693112528245, 26.049423497706652, 26.475513714458724, 26.100539914150794, 25.13875354348402, 25.49850867440974, 26.00151064028135, 25.940086046006577, 25.695204506571418, 26.271494911598637, 25.931920730671465, 26.40387954997459, 26.91378664808721, 26.193438856969344, 25.831092037660305, 25.167551974020594, 26.23582321460944, 25.61812705680571, 26.151200440838256, 25.82366543758089, 26.128398407222875, 26.667316814397935, 25.11709943200431, 26.029402367095486, 25.042596301982236, 25.851684772548687, 26.03626419803794, 25.907978245493346, 25.526425736004995, 25.78469292002422, 26.018070708796348, 26.047296322863463, 25.273724820003387, 26.40348878584111, 26.134754234810792, 26.144526110020866, 25.664702649939137, 25.88623525586329, 26.22540105969773, 25.46528777662639, 26.019056892958577, 25.98460728943731, 25.987454505321928, 25.405730508704956, 25.395839134800685, 25.221686392457094, 25.364220695768015, 25.528772624688855, 26.65921760101976, 25.783107309486063]
[25.08036705833158, 25.91798375970688, 26.475513714458724, 26.03262793344585, 25.08752925476702, 25.49850867440974, 25.999590996772433, 25.914406716932252, 25.659123779384252, 26.190755066253224, 25.8671833295921, 26.40387954997459, 26.91378664808721, 26.166201802988162, 25.79130091600308, 25.167551974020594, 26.197732613879754, 25.60846090664635, 26.14338980108114, 25.82366543758089, 26.027730231408434, 26.667316814397935, 25.0844117827416, 26.00934614365366, 24.968128433718068, 25.61948252018622, 26.032723846166807, 25.907978245493346, 25.388164131875158, 25.712181613363345, 26.01716210998431, 26.018280522253473, 25.273724820003387, 26.301663195519875, 26.11805183973229, 26.144526110020866, 25.664702649939137, 25.88623525586329, 26.195505427520335, 25.27904766735798, 26.019056892958577, 25.925910586304894, 25.958355896937622, 25.405730508704956, 25.36070525629639, 25.168801046482404, 25.341751737840575, 25.488084500587796, 26.65921760101976, 25.61028667875671]
[24.985978641937933, 25.906494719533537, 26.176937260096082, 26.004270509234892, 25.0387987902076, 25.366236318840258, 25.999590996772433, 25.914406716932252, 25.659123779384252, 26.137969836786596, 25.86685174742653, 26.104053514920242, 26.844408421056055, 26.078442151381324, 25.79130091600308, 24.961231174447867, 26.197732613879754, 25.598634866346348, 26.05249650470035, 25.79610795289805, 25.84726019158515, 26.667316814397935, 25.069170970146647, 25.865762921003352, 24.941824727748305, 25.61642396387912, 25.955512729502754, 25.90553671943252, 25.3648419622494, 25.695604796797994, 25.974332820142145, 26.01046141186986, 25.254681992352204, 26.13275798141989, 26.076715739496983, 26.144526110020866, 25.658341655042726, 25.790971033970315, 26.01606874970914, 25.27904766735798, 25.878574426065505, 25.824593237989955, 25.950719712394925, 25.359396191454255, 25.306086274202592, 25.129086948204737, 25.30199110788069, 25.383481398573757, 26.516988139515274, 25.557262641604197]
[24.985978641937933, 25.749918256739484, 26.176937260096082, 25.814572721235663, 24.989621132972587, 25.10714855340175, 25.854880330898244, 25.725417242911334, 25.58740827440045, 26.12446371111331, 25.813297918719663, 26.104053514920242, 26.80753022132197, 26.052532438288516, 25.79130091600308, 24.906148691502985, 26.128342997004438, 25.57858911779877, 26.04801929356517, 25.664394775351845, 25.815644106242672, 26.61651721334652, 25.06436678379952, 25.865762921003352, 24.934946886170422, 25.538860093028198, 25.778399477772467, 25.90553671943252, 25.3648419622494, 25.684801619183418, 25.974332820142145, 25.93946358220122, 25.254681992352204, 25.967917765942822, 25.866368260090013, 26.12420523828913, 25.572444820177175, 25.72132721416933, 25.883224335257477, 25.273566977135328, 25.838822879732696, 25.824593237989955, 25.950719712394925, 25.287244709790883, 25.24596090367799, 25.070901150196413, 25.187888569989987, 25.383481398573757, 26.48836364249586, 25.557262641604197]
[24.932450683741656, 25.67745773216604, 25.94427919099102, 25.699865746498926, 24.989621132972587, 25.0674219634285, 25.626515679560022, 25.725417242911334, 25.493242181811983, 26.12446371111331, 25.768231964604116, 26.03554906377268, 26.755315474714536, 26.026896054065823, 25.709664635012736, 24.895558396726674, 26.128342997004438, 25.57858911779877, 25.97675089097266, 25.6363276504895, 25.735563084523015, 26.515343431542544, 25.06436678379952, 25.865762921003352, 24.822202055336057, 25.455754550152385, 25.701332220128155, 25.88802498891031, 25.309467729250493, 25.684801619183418, 25.93637571769268, 25.835321545021163, 25.200262002573236, 25.8787097407134, 25.777970291983415, 26.104348920030304, 25.572444820177175, 25.72132721416933, 25.782272288643334, 25.273566977135328, 25.75511396634804, 25.772113269983368, 25.82180499913064, 25.271053605622427, 25.210463560361926, 25.07014354254398, 25.187888569989987, 25.324924761800936, 26.372675171063612, 25.37771505874809]
[24.71710316375626, 25.67745773216604, 25.798287108893447, 25.676304243116544, 24.974864397646503, 25.03024853806061, 25.62403854617491, 25.725417242911334, 25.427830274134394, 26.041535659100013, 25.723469297117198, 26.006750379499323, 26.680988328375793, 25.90956308042496, 25.66211754802468, 24.879823643582395, 25.99184335812631, 25.39475541643342, 25.754171734684444, 25.531833941900636, 25.672231576590644, 26.515343431542544, 24.92238295852202, 25.84566241895858, 24.807839227328873, 25.439916749426153, 25.691275503847173, 25.860816560200668, 25.256653675516215, 25.684801619183418, 25.931256236117463, 25.800739724567574, 25.200262002573236, 25.82047050407122, 25.756560852068265, 26.08002332170944, 25.51109577605655, 25.61486694851427, 25.71458471328621, 25.196628981588315, 25.732816222548045, 25.770034115930333, 25.72989247718644, 25.25248131534299, 25.104218115977535, 25.060986594836066, 25.155876536594914, 25.254466690313055, 26.303254706855416, 25.37771505874809]
[24.716147105629354, 25.633096039179655, 25.769278507211887, 25.560902325493736, 24.898690909043847, 25.03024853806061, 25.56529486367553, 25.6400153617478, 25.427830274134394, 26.033237877439348, 25.658137273141882, 26.006666961420933, 26.43162021878273, 25.857557930624626, 25.66211754802468, 24.875726261387147, 25.85386013787404, 25.32041226096009, 25.738291044371515, 25.417815528597668, 25.672231576590644, 26.45242920515608, 24.92238295852202, 25.811024118529577, 24.778901798655887, 25.412005565246393, 25.651508959890105, 25.856120944115883, 25.175344340764312, 25.683369091537674, 25.931256236117463, 25.7875590382966, 25.200262002573236, 25.734533313588134, 25.73506589223956, 26.01985299171057, 25.281459071772, 25.446357787465217, 25.54697221727764, 25.196628981588315, 25.680825416651373, 25.76510897926976, 25.69984426192655, 25.25248131534299, 25.050500425863245, 25.038721102148184, 25.100214159353534, 25.133520910358165, 26.23093446724742, 25.37771505874809]
[24.70760126600358, 25.576264611318788, 25.692341306922128, 25.450400585451675, 24.898690909043847, 25.00996193655403, 25.540333193099126, 25.6400153617478, 25.333454711532855, 26.033237877439348, 25.63429655242922, 25.97316527577025, 26.43162021878273, 25.833834120898995, 25.610138389857546, 24.845062462843877, 25.719431422239005, 25.28873317061073, 25.687261080203456, 25.342997372206206, 25.672231576590644, 26.45242920515608, 24.888511945662597, 25.811024118529577, 24.778901798655887, 25.285608057406996, 25.59091252601815, 25.843357185733492, 25.030900925073738, 25.658442225491633, 25.931256236117463, 25.7875590382966, 25.0866633797264, 25.69332429259593, 25.563988225681545, 25.934130779106123, 25.17803291290945, 25.3256475848246, 25.54697221727764, 24.935372926229576, 25.63809122556531, 25.683257541031924, 25.56156020067246, 25.026208032054964, 24.966223418692394, 24.95543464549291, 24.98155510444627, 24.989465891927686, 26.23093446724742, 25.37069322858719]
[24.688603131816556, 25.535138910136432, 25.681583793648333, 25.342240030882877, 24.772462456990894, 24.923362935237783, 25.540333193099126, 25.50638271895623, 25.268705992468202, 25.98073860499693, 25.51010014171975, 25.950499567057868, 26.104893759019536, 25.670129013212325, 25.580844526017707, 24.75148700121869, 25.617406734367933, 25.234520281163302, 25.687261080203456, 25.304359995753217, 25.651128633477434, 26.389335916782784, 24.83057490186495, 25.74978110178833, 24.778901798655887, 25.243238173560762, 25.451468771462668, 25.651103942330764, 25.02158465150629, 25.637855561258704, 25.86861378527825, 25.708115370208656, 24.97338620028711, 25.64978404194896, 25.47506261975507, 25.934130779106123, 25.0756522243229, 25.3256475848246, 25.534977241379018, 24.916650243957683, 25.55181768827242, 25.61289338334211, 25.554466209038413, 24.897094760481, 24.754364950800554, 24.737385266110206, 24.94681734304593, 24.97136969854442, 26.151420138025905, 25.167161125321897]
[24.684442280726692, 25.513032307992948, 25.641678156870263, 25.325186286318633, 24.722452152116936, 24.792521214229048, 25.53135965018273, 25.50135773644462, 25.21199035724413, 25.934852059385417, 25.483727337185336, 25.950499567057868, 25.970221301068555, 25.63261821616816, 25.537075076663854, 24.75148700121869, 25.469970878932706, 25.19319510748175, 25.526436185703794, 25.281947029672143, 25.589254971749213, 26.36374136750944, 24.77975501797894, 25.701466153944192, 24.615944586532926, 25.221564852196234, 25.45105555903039, 25.641476081452616, 24.945778300269744, 25.478499205377613, 25.824492173130842, 25.65023756623114, 24.97338620028711, 25.49732540102312, 25.47506261975507, 25.91293386711404, 25.020744294520718, 25.3256475848246, 25.4509749006765, 24.916318117474194, 25.523351398554578, 25.59386508139321, 25.4981290429448, 24.749874569229735, 24.754364950800554, 24.682311869216925, 24.94650452860985, 24.8786541966274, 26.047710373993958, 25.065450869756425]
[24.660927297669517, 25.484934000568618, 25.641678156870263, 25.297755525219845, 24.722452152116936, 24.668853074671695, 25.43652361383613, 25.477936545221375, 25.124469342405682, 25.925466568428654, 25.47102326469179, 25.886837187805554, 25.906000217952204, 25.63261821616816, 25.41062676704842, 24.648691647163087, 25.31412341475618, 25.124414705947572, 25.469365613358782, 25.268482853350807, 25.568800837536237, 26.307495369203547, 24.769689795103748, 25.684337206719714, 24.525294703528328, 25.217586506710614, 25.41599242509929, 25.51683777253504, 24.90758235463101, 25.274303069043874, 25.70467852492257, 25.613655758370516, 24.97338620028711, 25.47202163784301, 25.47506261975507, 25.908864089315614, 24.958150030341148, 25.3256475848246, 25.4509749006765, 24.916318117474194, 25.414521602048602, 25.547038405793383, 25.365096424544824, 24.665858713284905, 24.709167779731523, 24.621814602472085, 24.807283714103885, 24.878162607696378, 26.012361065584535, 25.065450869756425]
[24.514388258920345, 25.484934000568618, 25.528092541154912, 25.29006296263525, 24.591641137706755, 24.561828340001245, 25.420433498066853, 25.427546442827005, 25.063631146533034, 25.814306913165318, 25.47102326469179, 25.857017765205153, 25.898986510962025, 25.471421040089762, 25.37623134873287, 24.648691647163087, 25.23817020602994, 25.07681468775228, 25.457596227723684, 25.240603084168775, 25.450868062244147, 26.305078071922345, 24.73909574276214, 25.529735277690218, 24.498534831389225, 25.1722485393444, 25.396418725804608, 25.407416954239654, 24.753322437925725, 25.22665593315536, 25.675066401749213, 25.589218001408344, 24.964103106688206, 25.45043807896194, 25.36062128825089, 25.88913548279362, 24.958150030341148, 25.26187272140772, 25.398101564765994, 24.84843437677694, 25.385284462759422, 25.508737514288974, 25.27782125207295, 24.665858713284905, 24.568921807988822, 24.514906113526045, 24.798416606277176, 24.77519797669059, 25.885360601287154, 25.065450869756425]
[24.514388258920345, 25.420590597500613, 25.46326539598052, 25.29006296263525, 24.4567665401993, 24.430805583816543, 25.403764523204735, 25.361180846897522, 25.059505672331298, 25.814306913165318, 25.432394162937676, 25.745986538974694, 25.808737988869034, 25.45419133246181, 25.294325359090003, 24.648691647163087, 25.195890569683705, 24.97626414802436, 25.419128819701037, 25.200983184282528, 25.345277847413197, 26.249902510593778, 24.730944349370663, 25.45826722599845, 24.396520010190308, 25.06444451107841, 25.38352051028441, 25.349662227907977, 24.7374737469661, 25.186927799164174, 25.650455608738394, 25.412829495368193, 24.964103106688206, 25.45043807896194, 25.188578253503884, 25.852027007947264, 24.82040306735589, 25.202515379782476, 25.3732407004805, 24.771272977666037, 25.244919491935807, 25.508737514288974, 25.176330220672618, 24.6249865548175, 24.568921807988822, 24.514906113526045, 24.759292754664056, 24.75138442577735, 25.885313600228034, 25.02830596738824]
[24.484994654128435, 25.147026086310667, 25.4177597383008, 25.231577585431886, 24.392222088986124, 24.42034901634696, 25.401797075550952, 25.32728955156568, 24.951905378987938, 25.72435722036253, 25.3997566557829, 25.745986538974694, 25.808737988869034, 25.45419133246181, 25.286168109589916, 24.623203308298695, 25.178804840885995, 24.865292492017442, 25.4042636292558, 25.063821053420853, 25.192449328783233, 26.184941642736398, 24.594829392546337, 25.45826722599845, 24.33672095215462, 24.84669958052755, 25.366596116889195, 25.263349726279433, 24.7374737469661, 25.186927799164174, 25.44964769900189, 25.406101436583064, 24.943007069467072, 25.360592784138895, 25.052385443827244, 25.84733671908058, 24.728561838199216, 25.179639426142437, 25.254210756035093, 24.549256982554315, 25.176696913402203, 25.432050747055285, 25.176330220672618, 24.59944902057598, 24.568921807988822, 24.514906113526045, 24.6774760483313, 24.57792162140473, 25.680650757470794, 24.945313779218313]
[24.359731121881957, 25.129682560277647, 25.255960217024466, 25.128596532062453, 24.376708656935232, 24.42034901634696, 25.401797075550952, 25.30637587855796, 24.863672759354742, 25.671824478693203, 25.35915592359361, 25.723871353502354, 25.808737988869034, 25.374303859224078, 25.15990951355614, 24.579860144031336, 25.15899749642315, 24.80404936304692, 25.152086189676595, 25.024992990682996, 25.141896380343095, 26.140347575110848, 24.45965357370283, 25.45826722599845, 24.20863866940322, 24.84669958052755, 25.258652507522886, 25.263349726279433, 24.659844976623134, 25.186927799164174, 25.414828518358597, 25.384212033587325, 24.72661320790022, 25.338826301692173, 25.00978361434529, 25.78356395731554, 24.728561838199216, 25.14237918618025, 25.10711856482415, 24.54294260756615, 25.141429682648727, 25.41315555398586, 25.13466267412633, 24.56732999616778, 24.511209288544748, 24.514906113526045, 24.634206608004266, 24.54898376112127, 25.575718563609154, 24.927967783091137]
[24.32042567931929, 25.088600750622547, 25.255960217024466, 25.12633803945595, 24.346413734308527, 24.419544405076273, 25.283696755793585, 25.30637587855796, 24.69644663811277, 25.542348201946727, 25.308336627320834, 25.647521692129168, 25.804422470916165, 25.353204275479204, 25.15990951355614, 24.553463271243153, 25.123612867178124, 24.604872908278914, 25.152086189676595, 24.91242753992973, 25.129081204781638, 26.094010935944482, 24.438729777493258, 25.387378353249808, 24.126847206555045, 24.78940928529987, 25.258652507522886, 25.166006891636208, 24.65238211463064, 25.15317248081947, 25.332413195208357, 25.384212033587325, 24.65196912912427, 25.24563598261945, 24.87366734378646, 25.779493486009493, 24.724932954156515, 25.084487348806306, 25.077121201242345, 24.532451538279137, 25.025549246981083, 25.41315555398586, 25.108800984758002, 24.56732999616778, 24.452889923467556, 24.3428704752886, 24.634206608004266, 24.430187075659997, 25.575718563609154, 24.925101607300327]
[24.308720036075137, 25.070991833314807, 25.252592396709538, 25.12633803945595, 24.346413734308527, 24.40477484630835, 25.274543858793827, 25.236091426305123, 24.68399611385363, 25.537591767864544, 25.308336627320834, 25.611766643478198, 25.71574751109742, 25.33933692653769, 25.15990951355614, 24.48731062338199, 24.970240942650292, 24.51678192348416, 25.119466394417266, 24.865040584876752, 25.11735444629827, 26.04453691414044, 24.426013425396867, 25.355203689523854, 24.126847206555045, 24.688384684565836, 25.207180372730914, 25.12968196837632, 24.624510855665964, 25.15317248081947, 25.249045762791148, 25.270248022841592, 24.65196912912427, 25.24084545482795, 24.862531609897758, 25.779493486009493, 24.696756579179215, 25.01496282533923, 24.953988209388232, 24.50474437022621, 24.88646540114339, 25.371219030015737, 25.078416061518517, 24.418523706459865, 24.452889923467556, 24.259878955196246, 24.57493813271646, 24.28897266029518, 25.471199418366847, 24.91199944302275]
[24.24637423107216, 25.070991833314807, 25.20020930508888, 25.032440275061596, 24.346413734308527, 24.40213922586615, 25.21418400322649, 25.236091426305123, 24.557203688966435, 25.51447992928398, 25.22978067446215, 25.597803753440935, 25.485363492353308, 25.30622542005917, 25.05183222790117, 24.338309149591414, 24.970240942650292, 24.437265165657607, 25.023905210425973, 24.79514594636014, 25.11735444629827, 26.043267094472107, 24.382698241835914, 25.249154303948632, 24.070724763640367, 24.688384684565836, 25.103334550193022, 25.045369960927548, 24.431777157845207, 25.118096931792454, 25.238258139543785, 25.08446021860161, 24.65196912912427, 25.232687779416676, 24.862531609897758, 25.71913649700507, 24.696756579179215, 24.866617180241853, 24.924349515859184, 24.49254192528644, 24.818110570505517, 25.227536731881465, 25.078416061518517, 24.393092087749558, 24.326396221542517, 24.159767323151225, 24.492749367930877, 24.15165692739489, 25.471199418366847, 24.856357614919382]
[24.24637423107216, 25.044280859695593, 25.123559088497093, 24.946122163455506, 24.28985295504167, 24.152738760118954, 25.19115645349384, 25.172100007783268, 24.51008963447604, 25.42128342358142, 25.1999904398181, 25.597803753440935, 25.485363492353308, 25.2309074370364, 25.040164524713767, 24.27156692543619, 24.884437277813614, 24.406736827793978, 24.997237135110872, 24.787908286896716, 25.115081098451434, 26.029847470885294, 24.341652181681987, 25.249154303948632, 24.070724763640367, 24.521232812285497, 25.09171078528072, 24.974741911443697, 24.397535069014797, 25.04523539569219, 25.19979960560432, 25.08446021860161, 24.65196912912427, 25.116264886651116, 24.682122743030355, 25.67873416268312, 24.676381200395973, 24.866617180241853, 24.908182430729735, 24.49254192528644, 24.78087086638005, 25.12151007230342, 25.021578829275732, 24.393092087749558, 24.252913412670082, 24.057770495897092, 24.434815473814187, 23.9875310426001, 25.427107753745645, 24.856357614919382]
[24.24120151464573, 25.021224417515427, 25.11148218591446, 24.780543135785287, 24.28511358152206, 23.997656042844216, 25.141798416380983, 25.123075302961347, 24.49345172951201, 25.339609594094757, 25.153967889647156, 25.473607798582417, 25.32231071392878, 25.2309074370364, 24.92863369607164, 24.151698156642396, 24.877995047975297, 24.36316848652107, 24.926689177472838, 24.767362495035417, 25.072962760407613, 25.974693625083535, 24.341652181681987, 25.2085515800838, 24.070724763640367, 24.521232812285497, 24.991159643402803, 24.915114969013853, 24.389043495600994, 24.933776163186817, 25.157093825059945, 24.96513890000274, 24.65196912912427, 25.058326219102007, 24.682122743030355, 25.67873416268312, 24.601651034889738, 24.807036362831393, 24.877397000722468, 24.44003630714261, 24.75064136093456, 25.090086554949277, 24.898232440125874, 24.36110679291652, 24.217169036450557, 24.055831600310633, 24.385511700684642, 23.9875310426001, 25.39653666524319, 24.731043867466077]
[24.133771597312943, 24.87712812320292, 25.11148218591446, 24.780543135785287, 24.22804150408506, 23.903869273153283, 25.022010023186944, 25.123075302961347, 24.43676410097966, 25.339609594094757, 25.11045405784923, 25.461415574094577, 25.248985543477584, 25.2309074370364, 24.910047960543462, 24.017099808432086, 24.877995047975297, 24.36316848652107, 24.895103634599973, 24.72528262336673, 24.968569325388323, 25.949571509932344, 24.262823274229795, 25.2085515800838, 24.021786475997157, 24.359081801045196, 24.991159643402803, 24.915114969013853, 24.347129964696915, 24.914704166257835, 25.157093825059945, 24.85015535723354, 24.586272772599767, 25.053057460935303, 24.66895413569665, 25.67873416268312, 24.601651034889738, 24.6196864590918, 24.877397000722468, 24.398315762700307, 24.429349723218454, 24.97533306028427, 24.87933509521326, 24.36110679291652, 24.18725951933409, 24.055831600310633, 24.34546291655048, 23.891130006958015, 25.39653666524319, 24.731043867466077]
[24.133771597312943, 24.87392610070383, 25.083255042299147, 24.780543135785287, 24.196058271803658, 23.903869273153283, 24.946690773666763, 24.97609799483517, 24.152932206883133, 25.159201362089206, 25.10998467854559, 25.38292262810853, 25.248985543477584, 25.0708153181288, 24.79047083749614, 23.996946021527744, 24.877995047975297, 24.29645010783338, 24.76941940258244, 24.72025389244306, 24.907457853543058, 25.876208775008916, 24.245102088152628, 25.202252611151767, 23.957482435059934, 24.317162189672743, 24.9432026436264, 24.915114969013853, 24.347129964696915, 24.885833636573743, 25.032465474707276, 24.848259182340655, 24.507721147497016, 24.86796510426629, 24.65640791891771, 25.636261506635623, 24.546883896124832, 24.427083286124365, 24.859824273661353, 24.353623599298057, 24.42769430044068, 24.96190429840871, 24.865140999484222, 24.20884031215895, 24.18725951933409, 24.053407887630907, 24.302811619435595, 23.891130006958015, 25.39653666524319, 24.688214440382858]
[24.008853820337663, 24.81132348059848, 25.068632411894974, 24.604993879287676, 24.14868295820538, 23.859602701435527, 24.94129281698137, 24.934587759670308, 24.151196423557614, 25.15142643164307, 25.10998467854559, 25.338596269212964, 25.221553068898515, 24.790774778705405, 24.79047083749614, 23.996946021527744, 24.877995047975297, 24.230433388721163, 24.710341288734764, 24.72025389244306, 24.905875011507156, 25.74158545822644, 24.2240526210778, 25.065481179971414, 23.948327348773052, 24.19705278958116, 24.81434385700514, 24.862145674542127, 24.30987625971244, 24.82112323740028, 24.946795134835735, 24.848259182340655, 24.454429074844803, 24.76334034845965, 24.639745450446487, 25.63125696729379, 24.48047502072543, 24.398680969570268, 24.846970022773835, 24.353623599298057, 24.36220374959392, 24.867877259425946, 24.803384232571247, 24.19661605932286, 24.085502469794314, 23.88760026856508, 24.302811619435595, 23.872116452633968, 25.228264220975497, 24.646664863712974]
[23.881954137612922, 24.81132348059848, 25.068632411894974, 24.58770008519966, 23.99978029547482, 23.781150955675685, 24.90607449061407, 24.909049624296625, 24.10560013109669, 25.021389194252247, 24.996733419551486, 25.212427885130886, 25.165944290088206, 24.76295141276708, 24.630437546517665, 23.991442436819963, 24.837464516063687, 24.213666806112, 24.702370382275824, 24.43024541591334, 24.693101073777306, 25.68905731995365, 24.127036882643115, 25.063480144996607, 23.948327348773052, 24.19705278958116, 24.732038606168782, 24.800043988023454, 24.236939404183996, 24.72246710954361, 24.831831073466894, 24.76645367199567, 24.364227277558427, 24.76334034845965, 24.619951749694426, 25.446592982597302, 24.48047502072543, 24.39083120436815, 24.80058583982825, 24.252757729256835, 24.36220374959392, 24.795871075545413, 24.767838058896874, 24.18068771213977, 23.998333969155684, 23.815113138982603, 24.240018569501025, 23.84804146389537, 25.046026144777585, 24.646664863712974]
[23.828856773777385, 24.81132348059848, 25.044186652774115, 24.556715469794774, 23.960703103544578, 23.711475533139087, 24.742927550831222, 24.909049624296625, 24.088202759314107, 24.889401127429768, 24.980034038743508, 25.212427885130886, 25.1634825761882, 24.64046276772846, 24.59273753292604, 23.900162157994522, 24.806507526678338, 24.15839584771647, 24.701443420801724, 24.419503057529322, 24.693101073777306, 25.649213990902656, 24.099873534794867, 24.84937077414707, 23.948327348773052, 24.19497622911754, 24.684574528078837, 24.765467531072073, 24.16559284942016, 24.651186097681176, 24.79509519432718, 24.726182598183975, 24.364227277558427, 24.705177555963324, 24.619951749694426, 25.407160461920558, 24.48047502072543, 24.32804328449625, 24.73678951891159, 24.223322274914068, 24.320309475161487, 24.652174477035594, 24.740908503317595, 24.145011093461527, 23.98501941396054, 23.811816365646347, 24.111941116538596, 23.823706342099914, 24.74447134070575, 24.646664863712974]
[23.74959135750038, 24.81132348059848, 24.926153605330725, 24.525766845503288, 23.94071213666583, 23.711475533139087, 24.702931401165262, 24.806177332075073, 24.05859519502267, 24.857840181656318, 24.961181555612278, 25.212427885130886, 25.1067732671105, 24.581881622002122, 24.54890465813704, 23.900162157994522, 24.806507526678338, 24.022782306194866, 24.633500590864475, 24.36664616117978, 24.67191585825214, 25.610582314774764, 23.929388885127963, 24.717084977307188, 23.947808787155374, 24.19497622911754, 24.661802258552576, 24.70577439993388, 24.16559284942016, 24.651186097681176, 24.60551178160291, 24.608819137441525, 24.364227277558427, 24.698600937844237, 24.58340324166368, 25.20405161371438, 24.405231358190754, 24.32804328449625, 24.726021857857827, 24.158372506316624, 24.210207046776286, 24.55878022288953, 24.590297316504994, 24.088522751849933, 23.9222022711302, 23.770425592869078, 24.085754744947213, 23.74384243356274, 24.70234696589726, 24.646664863712974]
[23.74959135750038, 24.732954201848294, 24.926153605330725, 24.47873848590116, 23.94071213666583, 23.660914354249147, 24.64045909024722, 24.631606596562623, 24.05859519502267, 24.857840181656318, 24.869099432345337, 25.174551954776646, 25.067958432976322, 24.579148997354288, 24.51869421394987, 23.890035019707177, 24.739723592360367, 24.022782306194866, 24.544878164667402, 24.182771992054427, 24.657530284253927, 25.58433806850551, 23.929388885127963, 24.66085303309031, 23.947808787155374, 24.075663576782162, 24.635407019580548, 24.657648301191642, 24.111661886681368, 24.605241717374927, 24.498685010304712, 24.507450634007718, 24.364227277558427, 24.678172818610115, 24.525801777508043, 25.17046795297434, 24.405231358190754, 24.31083729408736, 24.696331535931055, 23.995782172342388, 24.210207046776286, 24.551616426574526, 24.590297316504994, 24.071411885233402, 23.91257195562916, 23.72967850767095, 24.06605327189074, 23.572919489244434, 24.70234696589726, 24.640978360558645]
[23.63288985732796, 24.671995932958108, 24.846536568992725, 24.47873848590116, 23.92979483533879, 23.60647241956872, 24.58807731636899, 24.537835744530543, 24.040512792730915, 24.85717693812396, 24.85267922917729, 25.04918429622844, 25.061567021926706, 24.503624528913235, 24.35713357320798, 23.75305340858218, 24.61083150636957, 23.89658322268172, 24.455834447831215, 24.08191053221345, 24.623186977365656, 25.552809079389068, 23.929388885127963, 24.66085303309031, 23.864630113830476, 23.991763221942147, 24.524237396311246, 24.614784918569445, 24.0095206605038, 24.605241717374927, 24.498685010304712, 24.49225227601002, 24.171101590953135, 24.66191140082441, 24.515922212960888, 25.13167824353328, 24.33781281551819, 24.249054808825086, 24.68190641737157, 23.959642411653626, 24.175192394791292, 24.538138678141184, 24.58534186793694, 24.01423711464775, 23.831735099814612, 23.71718645463517, 24.015662555227827, 23.572919489244434, 24.70234696589726, 24.640978360558645]
[23.614900576270408, 24.567546361999998, 24.79712790734682, 24.40464485045949, 23.923058129596537, 23.601785212467426, 24.447140725800352, 24.524922259016996, 23.99647003420959, 24.802788039256843, 24.85267922917729, 24.785949039671756, 25.002826660693177, 24.464949663354048, 24.35713357320798, 23.724713895244797, 24.61083150636957, 23.859413218828784, 24.37345677479389, 24.06499860210331, 24.59653328391762, 25.444871234935654, 23.927132783544344, 24.6480448665692, 23.841267943260295, 23.991763221942147, 24.315675408663605, 24.506430464536315, 23.97833477012188, 24.53030172842846, 24.498685010304712, 24.49225227601002, 24.011549083140412, 24.60920070502891, 24.515922212960888, 25.096716331609933, 24.252344662118865, 24.236924708084928, 24.61233806469519, 23.959642411653626, 24.175192394791292, 24.519139915798768, 24.572252576551172, 24.007900864381106, 23.831735099814612, 23.7154758012054, 23.994260622762617, 23.46943962153691, 24.70234696589726, 24.585099200328116]
[23.600786301247325, 24.486872747820975, 24.79712790734682, 24.23708086191796, 23.850557517588722, 23.601785212467426, 24.237814360376294, 24.50981143327515, 23.99647003420959, 24.73893355976721, 24.71062846895902, 24.785949039671756, 25.002826660693177, 24.43549740672115, 24.33162918372342, 23.67742864762539, 24.51511389048219, 23.829052075137245, 24.308971499980913, 24.02819517602365, 24.59653328391762, 25.404115473412013, 23.902637612033324, 24.646671863527754, 23.777435933713797, 23.928377041627044, 24.136290498925764, 24.32729866383341, 23.965497651459405, 24.508802127713103, 24.452199179810584, 24.45938412292428, 24.00459979367711, 24.46357766674667, 24.441412959652716, 25.096716331609933, 24.050185921401763, 24.125573104510217, 24.607330200876405, 23.91639991685664, 24.13237646242603, 24.40477234692465, 24.53407851308429, 24.007900864381106, 23.815421452296356, 23.670716456884982, 23.84091373679997, 23.46943962153691, 24.70234696589726, 24.461010405648167]
[23.596329259306675, 24.412340299985193, 24.79712790734682, 24.21930353552002, 23.850557517588722, 23.601785212467426, 24.13651808720737, 24.456933978630477, 23.899823821630143, 24.570973319287265, 24.687760101550587, 24.785949039671756, 24.853776125530054, 24.392272289262774, 24.33162918372342, 23.58826232782685, 24.443681235217298, 23.825071235777365, 24.20098019182398, 24.006305034023722, 24.577051092821968, 25.404115473412013, 23.715674858916906, 24.623974516509655, 23.777435933713797, 23.928377041627044, 24.039006457640976, 24.32729866383341, 23.965497651459405, 24.490442841603528, 24.383871033811772, 24.431024929883932, 23.97084865223048, 24.363101290578093, 24.440798386565753, 25.07045692695784, 24.03439554134778, 24.03378015762752, 24.580772482206445, 23.85342862466578, 24.128385634843113, 24.33700937617997, 24.322067649702692, 23.989563641009084, 23.815421452296356, 23.607680545725884, 23.814067847187005, 23.2388593760152, 24.70234696589726, 24.390326697984616]
[23.596329259306675, 24.412340299985193, 24.756722608529792, 24.191103002660977, 23.775478234657882, 23.415071672808974, 24.13651808720737, 24.43173700781572, 23.899823821630143, 24.559785031525138, 24.569249360363763, 24.68738359956625, 24.853776125530054, 24.392272289262774, 24.230242077357413, 23.54678893685883, 24.370745658857224, 23.822086997245233, 24.20098019182398, 23.99944807918834, 24.512517380206504, 25.34059143695539, 23.651905165610522, 24.572349102283646, 23.71556012383122, 23.850205235496777, 24.00924066043686, 24.28548775823243, 23.947376505518605, 24.403578336733545, 24.35677271336428, 24.404016626262916, 23.91282214891885, 24.338690444258884, 24.39346173757307, 24.971740142137143, 23.895027891716094, 23.98413439020577, 24.517011101339815, 23.672109272778222, 24.12602124554329, 24.03315441322521, 24.24017745450285, 23.835142707671004, 23.782212080568613, 23.491480262761065, 23.7881491445362, 23.2388593760152, 24.651209813395383, 24.316826310954973]
[23.574745510666155, 24.31735646786109, 24.74903107538303, 24.191103002660977, 23.69138477128621, 23.405767610728102, 23.994821069025832, 24.43173700781572, 23.85118253746461, 24.543597626922367, 24.569249360363763, 24.674211038935915, 24.667349947276396, 24.379886716518488, 24.08678954128861, 23.462478200483268, 24.326427370582294, 23.803028128084147, 24.20098019182398, 23.99944807918834, 24.38967951804704, 25.25432831898491, 23.651905165610522, 24.54836546629567, 23.674932317360106, 23.840386238962047, 23.910212972807376, 24.28548775823243, 23.928128400209108, 24.19645000596148, 24.300216734040237, 24.32702910344675, 23.859912347358097, 24.32295840593871, 24.305695612194747, 24.93978503019353, 23.85308912421797, 23.937701300243766, 24.413060139681928, 23.645333802119303, 24.12602124554329, 23.998571857630722, 24.24017745450285, 23.716081365165802, 23.68015987488892, 23.473537938818346, 23.742989128090507, 23.08526512621237, 24.59065196686573, 24.243585882206972]
[23.414913840948724, 24.294620965310013, 24.74497547129456, 24.068145957997743, 23.633026316107113, 23.398635122293744, 23.968048836895772, 24.28499284047909, 23.807748308297608, 24.543597626922367, 24.569249360363763, 24.67376189383497, 24.60867475031821, 24.34385360868999, 24.06628422892384, 23.459809505019557, 24.296160581055343, 23.710575987054472, 24.15132360308241, 23.96918078793984, 24.31129671437905, 25.195784239510264, 23.620657674603887, 24.45842589675562, 23.62165848615164, 23.684275864489006, 23.87187392039228, 24.241415849731233, 23.893827760969835, 24.149335118068354, 24.249721999304278, 24.290884287827254, 23.804027881205837, 24.282419323019344, 24.271592389490987, 24.763182075647318, 23.840916038605357, 23.865241439122272, 24.168028492515568, 23.534380696562586, 23.984405262750535, 23.87314884636024, 24.194243547069558, 23.716081365165802, 23.68015987488892, 23.473537938818346, 23.72113161947732, 23.08526512621237, 24.57238664808698, 24.156153728168206]
[23.188292357221542, 24.28790329959703, 24.711428554202005, 24.068145957997743, 23.599610206434356, 23.398635122293744, 23.906048944263922, 24.211158231968646, 23.50256960735954, 24.451408112108577, 24.542103023054676, 24.627827031733496, 24.550182296609417, 24.25525173951739, 24.06628422892384, 23.459809505019557, 24.296160581055343, 23.69936587113258, 24.017479515480296, 23.895075196661406, 24.244989774287994, 25.130425378358076, 23.603714001205965, 24.443304810070547, 23.62165848615164, 23.608600290785624, 23.87187392039228, 24.14796473767783, 23.893827760969835, 24.13448312555415, 24.168642829755516, 24.08847079956297, 23.804027881205837, 24.282419323019344, 24.15390496440613, 24.763182075647318, 23.64762298329198, 23.85747992167257, 24.09679832295294, 23.48235481212796, 23.982938766161546, 23.81402158147375, 24.194243547069558, 23.675687849089478, 23.540850682460537, 23.348485162764895, 23.558740116378026, 23.083970271668594, 24.532752569372484, 24.09171873687981]
[23.177408708226597, 24.286600465449435, 24.68681856201701, 23.879755797595354, 23.479604307296082, 23.24399942083805, 23.80355012101361, 23.983218835241352, 23.402701265559926, 24.448642779663935, 24.490983648324722, 24.627827031733496, 24.550182296609417, 24.215403389258526, 23.974752855845768, 23.256447400325754, 24.254206477415572, 23.660158520338083, 24.01038585358471, 23.831577636968593, 24.244989774287994, 25.068711474352163, 23.54220991709098, 24.401198395027556, 23.558309309029475, 23.608600290785624, 23.862648418154492, 24.145589382592437, 23.74897649426676, 24.13448312555415, 24.129670845836436, 24.052356829749623, 23.732199464534414, 24.25476769298445, 24.12570494434357, 24.755880139225987, 23.529652930404673, 23.80113886483198, 24.09679832295294, 23.431018272325574, 23.95236609455097, 23.80949112418526, 24.181994912273176, 23.572016378566616, 23.450675900136282, 23.283765655710067, 23.51256134324227, 22.904436415239452, 24.50930060347455, 24.09171873687981]
[23.153600546784155, 24.286600465449435, 24.601455898396654, 23.86463964340172, 23.479604307296082, 23.171227929611476, 23.80355012101361, 23.983218835241352, 23.37355754891259, 24.40527576253989, 24.456851777831577, 24.62366265218909, 24.48727820085441, 24.199288759151038, 23.903181071583212, 23.21223606318282, 24.224364940949393, 23.4592408649588, 23.901992682904904, 23.831577636968593, 24.244989774287994, 25.02492523524088, 23.54220991709098, 24.27843561798075, 23.490671442325343, 23.588748309365116, 23.85328893141292, 24.113969117473555, 23.70487799276156, 24.113791583837536, 24.109847091821575, 23.966213211108652, 23.64902792075773, 24.245557769069507, 24.112987316945944, 24.61692176536054, 23.499592482678956, 23.77987881401811, 23.951146412454403, 23.261017191836665, 23.939588239677043, 23.80949112418526, 24.181994912273176, 23.572016378566616, 23.42442829600231, 23.185422773608156, 23.259837266561856, 22.904436415239452, 24.449297017699514, 24.044725066275717]
[23.011914876774348, 24.234216515881197, 24.455106227371452, 23.83663125992114, 23.416591366329335, 23.170234164120185, 23.80355012101361, 23.828867033912687, 23.37355754891259, 24.36344768224467, 24.2755111288301, 24.62348801194197, 24.40046666076836, 24.199288759151038, 23.875382066464827, 23.151740814187946, 24.02503078989669, 23.4592408649588, 23.87175710395249, 23.76932866716901, 24.2185672892627, 24.982816341265202, 23.54064561751857, 24.024954431392523, 23.332959681495595, 23.499265909652486, 23.790967210674218, 23.869077463445876, 23.669074441415585, 24.113791583837536, 23.976179948829135, 23.92857887963939, 23.616778734760135, 24.245557769069507, 24.08284057315062, 24.587525417767857, 23.499592482678956, 23.603439509554576, 23.92094805760464, 23.261017191836665, 23.890205795086874, 23.77732629666537, 24.152481139968977, 23.571566473212886, 23.42442829600231, 23.17541084309871, 23.24472690852735, 22.820649522679734, 24.449297017699514, 24.016004456816948]
[23.011914876774348, 24.16997629116722, 24.455106227371452, 23.7883819888958, 23.416591366329335, 23.1437823888543, 23.68507040544388, 23.79577609093632, 23.33304917615891, 24.33085597214849, 24.273972793611286, 24.59496487372556, 24.33693512312601, 24.167997842292216, 23.803974170473047, 23.054631146122794, 24.02503078989669, 23.4592408649588, 23.87175710395249, 23.747037259280624, 24.2185672892627, 24.87833325334508, 23.494484567375356, 24.024954431392523, 23.26236038342999, 23.479454255497508, 23.790967210674218, 23.82573767369548, 23.651960420406017, 24.08120499779605, 23.94054376098757, 23.92857887963939, 23.556252369364596, 24.245557769069507, 23.9778851290082, 24.44189432946336, 23.488571763097987, 23.589475027665312, 23.916417864712066, 23.246178864200143, 23.82502370678279, 23.676075537876248, 24.13081547081169, 23.456415306616975, 23.39751172050413, 23.133291398881447, 23.179553929866735, 22.77668113067551, 24.385633056381657, 24.015504911900173]
[23.001496135438096, 24.16997629116722, 24.431263353520144, 23.7883819888958, 23.334171626701597, 23.14207718077946, 23.56022737332299, 23.74061246490171, 23.236924806188387, 24.261236790832992, 24.271045447339496, 24.59496487372556, 24.33693512312601, 24.115412746393716, 23.699696237299435, 22.999313969720664, 23.992267131865727, 23.444103372723347, 23.80199880842743, 23.74326878266141, 24.14005522127625, 24.83036362794929, 23.46789727126332, 23.97197058899165, 23.187725846864247, 23.42443162156136, 23.781722124770152, 23.69564223354005, 23.630861485737665, 24.047423817491147, 23.94054376098757, 23.885345354273703, 23.556152128881752, 24.167234726069942, 23.896955177219013, 24.34625436981858, 23.474317257544946, 23.589475027665312, 23.876881273393074, 23.15375820563944, 23.7744032055354, 23.597660512078452, 24.126432071929816, 23.442916070670147, 23.364350057498573, 23.00355632206975, 23.179553929866735, 22.77668113067551, 24.33506054563326, 23.922355796257918]
[22.842594978956715, 24.094088762476666, 24.342403829159867, 23.762792574724124, 23.20211653181106, 23.11818954058982, 23.55782154831027, 23.600917073423545, 23.191988318652147, 24.21536711408682, 24.24333047756719, 24.446039516228154, 24.23224351183623, 24.065100433392622, 23.65997364197449, 22.79594099045401, 23.963460919814644, 23.417686235825304, 23.79963688290831, 23.74326878266141, 24.103659312736454, 24.798985818799665, 23.42689990863237, 23.881674167136204, 23.07915589435941, 23.35886134830151, 23.736266012954655, 23.589720160744545, 23.56054859178754, 23.95775355462775, 23.94054376098757, 23.79534120394817, 23.556152128881752, 24.167234726069942, 23.842626380538558, 24.264601430602756, 23.461024337528606, 23.589475027665312, 23.876881273393074, 23.119551098237316, 23.432271643827256, 23.59182802608676, 23.97157466948492, 23.3762600062188, 23.34840915378576, 22.987252044121465, 23.09211931350711, 22.739658426544334, 24.28660999488535, 23.80768011940257]
[22.742045560539214, 24.021135755073306, 24.208087363684673, 23.697364009398605, 23.077043689091035, 23.027882761314203, 23.397063029135793, 23.564062712627738, 23.156972069180757, 24.196821061390047, 24.220997697286208, 24.446039516228154, 24.20414836522662, 23.996221013342367, 23.62695002384575, 22.795847306091996, 23.963460919814644, 23.407682271859883, 23.783299665000225, 23.74119980879401, 24.088076264172667, 24.7380183780615, 23.3715873905302, 23.876192921126297, 23.060651293913132, 23.252922645943393, 23.736266012954655, 23.5075258451159, 23.467793488682865, 23.937092183189314, 23.92098253177253, 23.652669678403697, 23.51454052506592, 24.123905122400764, 23.747303432240443, 24.19063167176116, 23.40601804829229, 23.587444015419603, 23.854480054802295, 23.08285793331337, 23.400449183348034, 23.58410158032081, 23.94072289821322, 23.292657937189173, 23.34840915378576, 22.987252044121465, 23.039396637281836, 22.739658426544334, 24.218552668706373, 23.80768011940257]
[22.742045560539214, 23.879539977977732, 24.191630233645007, 23.53276596548988, 23.00087620507356, 22.985421258644358, 23.272393613032406, 23.526262242547705, 23.137921460618536, 24.142409189197497, 24.20233466153276, 24.434835824872458, 24.058059682828087, 23.97396029365771, 23.494510956088288, 22.790212763846796, 23.84539750090682, 23.363243585517473, 23.774117530266107, 23.504288634727008, 24.043271386651462, 24.603995784827706, 23.3715873905302, 23.831451399500274, 22.940708454191643, 23.242575062407766, 23.599570118952755, 23.496191941960788, 23.430193836505833, 23.788317927427478, 23.85078799099655, 23.571653595954057, 23.489703158608997, 24.080761193896286, 23.747303432240443, 24.113294102488947, 23.195060969591363, 23.53061113167958, 23.791309737529772, 22.97457907798397, 23.275177368674346, 23.526752704192713, 23.761616281498085, 23.218031063481252, 23.345096880345274, 22.872477899363737, 22.98510004308521, 22.739488369967923, 24.15974889488927, 23.713504775067392]
[22.66855546817603, 23.811760843401622, 23.898579999448437, 23.53276596548988, 22.942216603344235, 22.857080641442913, 23.232200491892435, 23.453750429686103, 23.137921460618536, 24.142409189197497, 24.04787364131027, 24.28387300303101, 23.94078347907325, 23.934058928187614, 23.466479907358785, 22.73291741303342, 23.81750001831001, 23.334935492664677, 23.753487466869093, 23.4761884376352, 24.007078296888807, 24.59691148036477, 23.271804479703718, 23.8064876501224, 22.880392106439178, 23.23600837653436, 23.542274667047487, 23.23394875324816, 23.383124599266942, 23.752367096418926, 23.830791286427207, 23.537328230495916, 23.457073928194177, 24.079191308317597, 23.747303432240443, 24.094133242416365, 23.195060969591363, 23.35563839171659, 23.76290258128552, 22.952566744873664, 23.2414037984729, 23.425878408174047, 23.74715045341386, 23.130059571955005, 23.31547756522178, 22.77083634291883, 22.889103604042823, 22.718604562910848, 24.03680554411943, 23.693878565312072]
[22.619955024992358, 23.78432103595237, 23.824606876627787, 23.382406760320194, 22.89017182782475, 22.837476480045897, 23.066501175893993, 23.453750429686103, 23.137921460618536, 24.02244285367786, 24.04297227255608, 24.151497944153938, 23.85290593914739, 23.869871848626552, 23.361018786085413, 22.6174074959976, 23.808889201296218, 23.205718820718076, 23.670576495370568, 23.462127187652932, 23.91471914533374, 24.287789496517384, 23.18585222688891, 23.68187095185848, 22.841550760664752, 23.207551475226964, 23.360982938016853, 23.13399874615074, 23.383124599266942, 23.719531466432358, 23.696357514489424, 23.481698061874727, 23.383218861091912, 23.79965664616759, 23.64866037594365, 24.094133242416365, 23.195060969591363, 23.23277952008646, 23.64523741816445, 22.952566744873664, 23.2414037984729, 23.3823025127889, 23.664780253626244, 23.094414331551032, 23.2717243825444, 22.718738203252922, 22.795410137008112, 22.718604562910848, 24.03680554411943, 23.646530331444527]
[22.52350096620102, 23.653549899228278, 23.797907012614655, 23.382406760320194, 22.87530554822316, 22.72631325455036, 22.976011956180024, 23.44823151536486, 23.108201244117605, 24.012445004658815, 23.98407531442426, 24.08029200646099, 23.825729812687822, 23.70890534980186, 23.34022745256133, 22.6174074959976, 23.655446794335063, 23.161993958638806, 23.670576495370568, 23.462127187652932, 23.91471914533374, 24.271765282962686, 23.049410389031628, 23.587606574220636, 22.834995085415578, 23.19454557042193, 23.352769069284697, 23.11445155657296, 23.35197726977802, 23.692284522332443, 23.696357514489424, 23.481698061874727, 23.383218861091912, 23.79965664616759, 23.64866037594365, 24.08563206906829, 23.195060969591363, 23.23277952008646, 23.64523741816445, 22.913757038601066, 23.167316587030925, 23.3823025127889, 23.45786022762458, 23.077965514635256, 23.271347881289817, 22.635312663184692, 22.795410137008112, 22.604403036335025, 24.01274551396794, 23.543993184324158]
[22.482680874022964, 23.653213098537243, 23.797907012614655, 23.31570195288962, 22.81761233892586, 22.631065983193707, 22.879442811357926, 23.431608031521083, 23.108201244117605, 23.924792873321717, 23.76164647237109, 24.0065112630408, 23.82495858349572, 23.694371352187837, 23.34022745256133, 22.6174074959976, 23.59812572090862, 23.07614346289091, 23.61781070265127, 23.428651551476097, 23.8899355493673, 24.270962724934215, 22.982756686070946, 23.587606574220636, 22.808610146175226, 23.15785014359972, 23.352769069284697, 23.06718368477646, 23.230602064595463, 23.539274163913824, 23.60458467218302, 23.35516473054372, 23.3826185845623, 23.753632332639363, 23.64866037594365, 24.07414377910265, 23.195060969591363, 23.23241637846744, 23.616755235944666, 22.764144828353455, 23.14426661341173, 23.34731914950004, 23.451263227818018, 23.04727176531612, 23.25531772020344, 22.635312663184692, 22.74708359824749, 22.576527593903783, 23.99599390910484, 23.529707989016053]
[22.46526906434923, 23.63876409602556, 23.749323482610063, 23.292359025813216, 22.750136114733813, 22.522590598882164, 22.8761580658759, 23.431608031521083, 23.002496137112786, 23.900651829366474, 23.749423949315602, 23.805604522394464, 23.708473521050397, 23.694371352187837, 23.32142316961723, 22.513779442676416, 23.554459122297846, 23.054889394491834, 23.5171741045764, 23.38508375506963, 23.794241590842102, 24.270962724934215, 22.982756686070946, 23.47530544724289, 22.726876841273736, 22.994445085246365, 23.32602675175493, 23.06718368477646, 23.230602064595463, 23.473592732108646, 23.459126991846333, 23.20286293881498, 23.186041992508983, 23.713518947247003, 23.4637159036473, 23.8662769018781, 23.14101726753507, 23.216462051379388, 23.499153710200737, 22.715502019016593, 23.127443761402183, 23.25165547607391, 23.420050155778544, 23.00448253836498, 23.25531772020344, 22.622716134952128, 22.74655462042802, 22.544135087289366, 23.881979068323137, 23.529707989016053]
[22.41114141021031, 23.63876409602556, 23.746506301912774, 23.118691417843912, 22.70387275413272, 22.507726745903113, 22.84140707190445, 23.399917725948686, 23.002496137112786, 23.830755568754473, 23.659433826378027, 23.805604522394464, 23.684545489598477, 23.694371352187837, 23.212264559678243, 22.510960079679318, 23.426748003590582, 23.011893677199385, 23.31947115397071, 23.36220592459185, 23.730816778104725, 24.25845039425747, 22.972761605005683, 23.43291235873843, 22.57795643419513, 22.994445085246365, 23.08458263037134, 23.06718368477646, 23.146763723446846, 23.326984297111963, 23.446980912492332, 23.19187215733126, 23.090590519770366, 23.60724425613562, 23.366657936576605, 23.78945542263977, 23.14101726753507, 23.17951732273722, 23.499153710200737, 22.68759155178234, 22.99376732013012, 23.25165547607391, 23.407622890141518, 22.87284431467818, 23.249423564200313, 22.503710215343244, 22.620210342090093, 22.276130907446298, 23.859389537551948, 23.445726710948232]
[22.185783122043837, 23.48315287386453, 23.5411456536055, 23.043169764913188, 22.70387275413272, 22.48449703941683, 22.839383647860075, 23.183845009268488, 22.908383981697888, 23.753074017169133, 23.559337758679384, 23.534882903540613, 23.57468059573109, 23.601602313129003, 23.205289789880975, 22.448288979242648, 23.360666776712286, 23.011893677199385, 23.229208106116108, 23.36220592459185, 23.52915661553584, 24.17228037890619, 22.972761605005683, 23.412004760477952, 22.473523509553832, 22.994445085246365, 23.00144146987875, 23.06718368477646, 23.12420836153712, 23.297900769906228, 23.42080586600354, 23.19187215733126, 23.090590519770366, 23.564388733570834, 23.326917605874247, 23.778283160885856, 23.05074617748941, 23.17951732273722, 23.268395936421754, 22.68759155178234, 22.882141785877067, 23.211274021664913, 23.407622890141518, 22.86778435822352, 23.15616984107693, 22.503710215343244, 22.527329171686166, 22.265927064196415, 23.686890243841436, 23.37834216147892]
[22.185783122043837, 23.450966281793498, 23.46300936124308, 23.043169764913188, 22.683173360075926, 22.359567742100523, 22.826009627314857, 23.1010499708549, 22.760158896420347, 23.728022231535885, 23.44066862124125, 23.534882903540613, 23.57468059573109, 23.5004573000785, 23.181317928129953, 22.278270339836233, 23.33336817164082, 22.937040774622666, 23.201987425791195, 23.28312083544548, 23.491547665356187, 24.161721034861348, 22.927087847362763, 23.412004760477952, 22.473523509553832, 22.91135667344046, 22.984894849826738, 22.994695060772635, 22.970598822353562, 23.297900769906228, 23.28669663206012, 23.19187215733126, 23.05557896988236, 23.564388733570834, 23.326917605874247, 23.700822219045705, 23.05074617748941, 23.121299914473532, 23.252923279210595, 22.68759155178234, 22.882141785877067, 23.14094747981445, 23.329839005642377, 22.83564919223516, 23.15616984107693, 22.47851487346673, 22.527329171686166, 22.23592092688974, 23.664222497702053, 23.212536706068885]
[22.185783122043837, 23.381376799511983, 23.46300936124308, 22.993713696141707, 22.68041614909351, 22.282483612225274, 22.70013280652712, 23.058014282874932, 22.760158896420347, 23.728022231535885, 23.354479930462336, 23.471945993627287, 23.449117230960624, 23.466529277343884, 23.147520078684188, 22.148707888403425, 23.18033732086746, 22.91457491833101, 23.18788055544197, 23.211250387227736, 23.438101837186434, 24.063650264966377, 22.91194325272224, 23.26717254032703, 22.46527881392825, 22.9102053935251, 22.984894849826738, 22.965150064569436, 22.957083384159493, 23.297900769906228, 23.286604374225597, 23.182337979706837, 22.982522908668177, 23.433700448162043, 23.21469767227315, 23.700822219045705, 23.05074617748941, 23.055924620568156, 23.118236425738754, 22.528103595036406, 22.867121317295904, 23.02740003181281, 23.329839005642377, 22.83564919223516, 22.968010105800946, 22.47212675237227, 22.48006044064102, 22.17603329691205, 23.65437644253543, 23.12942758400562]
[22.18352417266532, 23.27625783614317, 23.29648332870614, 22.97279077121969, 22.644743207793464, 22.250543801521882, 22.604485224620596, 22.95984908161113, 22.760158896420347, 23.633467096928833, 23.333618064275406, 23.39605920837469, 23.401925519848326, 23.427970957251226, 23.039409617359603, 22.148707888403425, 23.090809875719337, 22.875795215975963, 23.1509141558442, 23.16445391386675, 23.39819410056275, 24.006233174875028, 22.894321091993607, 23.259318892692328, 22.449660774992925, 22.9102053935251, 22.961324536879857, 22.965150064569436, 22.918596172506287, 23.297900769906228, 23.234290765735107, 23.120065851645634, 22.935765447377094, 23.42197195377671, 23.20934991363427, 23.639576358027238, 22.943213340233463, 22.986521485904156, 23.087116596466576, 22.528103595036406, 22.85165182067901, 23.002611609619088, 23.285791024395053, 22.82236815852993, 22.945176478850296, 22.24269360013213, 22.452152057171325, 22.17603329691205, 23.607725304930604, 23.08252711248553]
[22.147809840764552, 23.198016863327645, 23.29648332870614, 22.797732812778236, 22.588294122707747, 22.21575694554076, 22.604485224620596, 22.95984908161113, 22.753051351389196, 23.620708297565663, 23.275651738212858, 23.366684927206887, 23.252920654303075, 23.427970957251226, 23.028074027177972, 22.131410496295466, 22.962294461659052, 22.875795215975963, 23.038157055124618, 23.16445391386675, 23.39655603452643, 23.920190043189827, 22.894321091993607, 23.259318892692328, 22.449660774992925, 22.787181396296106, 22.94926921678163, 22.965150064569436, 22.801971250494447, 23.221211473675407, 23.14990972247765, 23.02031105299743, 22.919800051310727, 23.415820836900494, 23.20934991363427, 23.605051674227504, 22.896893813047818, 22.96657782227545, 23.0661687159701, 22.446940154630898, 22.805672525200556, 22.94404011260057, 23.216043797318502, 22.804653821815453, 22.901795673008046, 22.170349577974836, 22.22986564056261, 22.106551649085908, 23.599383622129675, 23.08252711248553]
[22.013147135349953, 23.07312705897281, 23.262668006611996, 22.76663749709623, 22.58034469726926, 22.2004348093976, 22.604485224620596, 22.925919831113713, 22.68489254927011, 23.555142445480175, 23.18474173112123, 23.366684927206887, 23.252920654303075, 23.34240245844092, 23.0272583071904, 22.04562682092912, 22.939248262556003, 22.79567675250816, 22.9984479813002, 23.051110423151457, 23.320203762162823, 23.908007010031454, 22.85621906976158, 23.179241140339563, 22.265013291463166, 22.76656740497799, 22.92104750406537, 22.961654488705097, 22.798646838049088, 23.095917641678007, 23.0588243377199, 23.02031105299743, 22.919800051310727, 23.38462135932969, 23.151426651622035, 23.492472745213938, 22.896893813047818, 22.925268670235674, 22.959082008812306, 22.319191089489056, 22.788739080525616, 22.887999652786696, 23.130139208608778, 22.792094342677338, 22.8643295914664, 22.170349577974836, 22.22986564056261, 22.096999413204742, 23.552213021319186, 23.07232791378494]
[21.90376036062504, 22.9674813327293, 23.26221413836699, 22.65011499981049, 22.461212513864723, 22.2004348093976, 22.60021245708154, 22.892794825292697, 22.68489254927011, 23.53852009676594, 23.1604426103949, 23.366684927206887, 23.233447782746104, 23.268860902128008, 22.975954534249308, 21.924812655940553, 22.838198719731707, 22.763046283933043, 22.95106186118715, 23.051110423151457, 23.309290804708958, 23.908007010031454, 22.810225118845086, 23.13490374360048, 22.18368867499441, 22.756928472218753, 22.86049415388006, 22.93706423326787, 22.73136445480703, 23.010347938987557, 22.917375587862274, 22.891876213821043, 22.860400001494575, 23.12985235823857, 23.07458363911899, 23.440613043224978, 22.825151831503227, 22.87865572615701, 22.941293545984355, 22.213159417247386, 22.788739080525616, 22.75107324861991, 23.130139208608778, 22.683620302260984, 22.857598363862888, 22.091598881096367, 22.157398920979055, 22.044955369637158, 23.465268837975913, 23.07232791378494]
[21.845872218245226, 22.800573372161985, 23.094840573586865, 22.64879462242604, 22.301414803155783, 22.07941911329999, 22.60021245708154, 22.892794825292697, 22.62742242789921, 23.514769440921576, 23.07667399806935, 23.32303238352232, 23.227647668371024, 23.18688495151617, 22.908544821693994, 21.842909370925877, 22.743727287410344, 22.670094661541608, 22.95106186118715, 22.925914151354267, 23.309290804708958, 23.87941887055186, 22.622613205682832, 23.084992712035454, 22.05207231635818, 22.7245427191962, 22.779801597620445, 22.93706423326787, 22.628685533009055, 22.99675826128301, 22.897440084432244, 22.889564689203887, 22.84814439211086, 23.033448981788744, 23.020281525816337, 23.440613043224978, 22.778484462557692, 22.75627290854828, 22.8813271470627, 22.213159417247386, 22.731775515007932, 22.75107324861991, 23.106218008312492, 22.604512662256695, 22.818588328400818, 22.04965141286448, 22.051526550229106, 21.935127617770185, 23.329001819251054, 23.004715034706894]
[21.835577591388926, 22.770792902539856, 22.95520113196121, 22.573094817915017, 22.119900350433745, 22.00733910904396, 22.561821751736876, 22.853670735686695, 22.49315733144001, 23.432179978486325, 23.028948952841148, 23.244866430142412, 23.227647668371024, 23.143805442232676, 22.78802935921184, 21.742460763551815, 22.739684969695656, 22.573367532982584, 22.88066571075705, 22.880102152361225, 23.309290804708958, 23.860877162753457, 22.600598403928874, 23.076498350847015, 21.931779622460795, 22.689569465659524, 22.692225265648954, 22.928682799856983, 22.487680643708128, 22.911140851026214, 22.884364152812154, 22.848062329250904, 22.84814439211086, 22.878981048115147, 23.020281525816337, 23.274371093001157, 22.731835628562393, 22.73023738073038, 22.81929875819456, 22.213159417247386, 22.731775515007932, 22.7155622350773, 22.99826191201357, 22.531980256624458, 22.702797304238423, 21.899210404284943, 21.972631624987958, 21.85465069181351, 23.276185175117256, 22.994901412682744]
[21.823655751552884, 22.721576336721235, 22.880166218873285, 22.54872992145452, 22.09802574271978, 21.99464317552151, 22.54475826359205, 22.80305330598995, 22.477313979933534, 23.352981414480514, 22.98693893542743, 23.21703199373305, 23.080942764936847, 23.143805442232676, 22.71200824111911, 21.70580544221057, 22.704031571187024, 22.413514959710934, 22.766206367430403, 22.81212771196015, 23.281398859981557, 23.728290165399066, 22.600598403928874, 23.02951522307913, 21.817018866153735, 22.67932157677766, 22.667620417212913, 22.928682799856983, 22.45974594796997, 22.64857353576472, 22.884364152812154, 22.848062329250904, 22.814500883414205, 22.876938513992858, 22.96019661131883, 23.250364307167622, 22.698111860459328, 22.694057829480634, 22.77813746792689, 22.18694243558567, 22.731775515007932, 22.65723344492894, 22.949839477649032, 22.409108906097583, 22.702797304238423, 21.850790213621604, 21.938734445161707, 21.85465069181351, 23.15696517238477, 22.96892419036625]
[21.753422666600194, 22.692609066905362, 22.825249364579882, 22.531718733702142, 22.07963645284033, 21.94458531981425, 22.51498100948563, 22.712497269216463, 22.439864525677113, 23.338145261183335, 22.979135138853735, 23.197804066444643, 23.044378765181918, 23.107912077638062, 22.664335640809078, 21.70580544221057, 22.644805403169944, 22.185992604057823, 22.59204862387971, 22.800292314207972, 23.261309906603305, 23.609998311448983, 22.600598403928874, 23.029219528542892, 21.748606839676057, 22.67932157677766, 22.569477316519027, 22.90987235652783, 22.302817995993806, 22.64857353576472, 22.884364152812154, 22.80125816769084, 22.81099764805827, 22.747242653057853, 22.96019661131883, 23.17466939628207, 22.643985738754445, 22.694057829480634, 22.77813746792689, 22.18694243558567, 22.613320507188106, 22.638068614767416, 22.921515365068707, 22.363829732753793, 22.60772110125119, 21.850790213621604, 21.930422673507554, 21.85465069181351, 23.115462223406382, 22.893416463503097]
[21.750200767447474, 22.620774901128392, 22.825249364579882, 22.404751092492763, 21.95831007246434, 21.839384154610077, 22.485576733136647, 22.59986532564549, 22.36429330112306, 23.296458942301996, 22.81583170131667, 23.197804066444643, 22.870704218315037, 23.092887104794038, 22.63425935042712, 21.568130363807324, 22.611699755792806, 22.15892040294861, 22.59204862387971, 22.63140859325186, 23.13884925548046, 23.56795311529875, 22.519149160436267, 22.992419197016705, 21.74021415700838, 22.550438979992673, 22.532592479251072, 22.90987235652783, 22.302817995993806, 22.607158975067687, 22.884364152812154, 22.7860482846136, 22.757002206621745, 22.747242653057853, 22.877045918395048, 23.09553546973608, 22.58242821971376, 22.679600671140243, 22.71471470006412, 22.18694243558567, 22.39197162861724, 22.416758247119486, 22.860412312199156, 22.355123738027345, 22.54256861308759, 21.686012910479555, 21.874907737852187, 21.84688953772773, 23.10048880189006, 22.773774021486606]
[21.73952167109951, 22.60272447689868, 22.72175718126735, 22.352577581229042, 21.95098662943376, 21.72662545775079, 22.482292742548907, 22.57842596354147, 22.36429330112306, 23.289066392508353, 22.77498675105894, 23.197804066444643, 22.818325238688992, 23.055364696533836, 22.63425935042712, 21.54133965168984, 22.607265977162644, 22.056036811870797, 22.493744043172047, 22.55946977672138, 22.98476477136287, 23.540883546963826, 22.314395246532733, 22.992419197016705, 21.74021415700838, 22.52388259930702, 22.508789240697354, 22.872045607866276, 22.242430720273852, 22.607158975067687, 22.77444224662849, 22.78179212545485, 22.715801607201364, 22.665984092279082, 22.848252083820416, 23.087928404144172, 22.440038860425624, 22.588635166421387, 22.697680701761943, 22.088706285827033, 22.39197162861724, 22.416758247119486, 22.860412312199156, 22.333885805981748, 22.530657937762346, 21.6620465628593, 21.75874086194822, 21.714691236746194, 23.077671539213657, 22.695990909628797]
[21.685486702088944, 22.402586965332667, 22.72175718126735, 22.352577581229042, 21.927496042052933, 21.658287733807406, 22.375748801984475, 22.55993583929387, 22.362219086520312, 23.256900141675764, 22.717161458343764, 23.142562426614838, 22.767228863646018, 22.991304070436946, 22.601905131206752, 21.435860489142062, 22.598221023331682, 22.041327173950172, 22.433620909128404, 22.44646661582961, 22.83306918253266, 23.513909175123903, 22.314395246532733, 22.976574992848803, 21.716360717357805, 22.476086653079115, 22.508789240697354, 22.869201559157084, 22.227566660572137, 22.606213086971717, 22.77444224662849, 22.68912490990648, 22.63363318646973, 22.623967611473784, 22.788437787889862, 23.04233719296169, 22.41341213238958, 22.577104159082165, 22.6266420164744, 22.088706285827033, 22.35528531127494, 22.303176462484764, 22.599220171508556, 22.333885805981748, 22.469863257163944, 21.65165323525884, 21.656456632957212, 21.67696133926888, 23.077671539213657, 22.606022943884692]
[21.661536197877115, 22.368007601945017, 22.69349749814654, 22.32684968299884, 21.927496042052933, 21.653851252595775, 22.333917590966074, 22.391910646135052, 22.32834542413935, 23.20740886400692, 22.717161458343764, 23.132733914333365, 22.722986346928188, 22.908424832297474, 22.601905131206752, 21.387516220405892, 22.586746847536553, 22.01497532678207, 22.433620909128404, 22.359206326539855, 22.806442561988206, 23.48351239532046, 22.308609851853408, 22.973787873757992, 21.714446778751267, 22.44740423727032, 22.46198312305425, 22.74420253041252, 22.13996146934444, 22.478187606224928, 22.770879990074484, 22.627059159559934, 22.572008105282727, 22.623967611473784, 22.764065107108237, 22.94974061219609, 22.256995583933023, 22.365074169855983, 22.590129217289395, 22.08120680757928, 22.321158523163994, 22.303176462484764, 22.531219904763727, 22.320450561923888, 22.469863257163944, 21.53560489492397, 21.656456632957212, 21.67696133926888, 22.972997987797566, 22.51129902891027]
[21.555090810983465, 22.336431214257704, 22.69349749814654, 22.277812347608183, 21.927496042052933, 21.602484367627913, 22.192777762914254, 22.280729436237845, 22.305855603219634, 23.18729046825083, 22.60004230658667, 23.132733914333365, 22.67089482314232, 22.84614549890705, 22.533551166791426, 21.341341030575705, 22.53698984588444, 22.01497532678207, 22.329288245299608, 22.341893893206752, 22.76743577552893, 23.426808826228633, 22.1520242874965, 22.937121815921518, 21.714446778751267, 22.44740423727032, 22.378707510182334, 22.681471796001063, 22.02699116155194, 22.408103939763535, 22.65959039810031, 22.61467451864712, 22.54532862865824, 22.623967611473784, 22.51619015044199, 22.9430731596597, 22.187298400677676, 22.365074169855983, 22.590129217289395, 22.06703682026128, 22.30676180321739, 22.180757991090992, 22.526500103245432, 22.320450561923888, 22.445210899186296, 21.53560489492397, 21.571775443825675, 21.61801357693261, 22.94101171404204, 22.455120375788347]
[21.539625908180284, 22.281817087785633, 22.692626689191467, 22.277812347608183, 21.89268344684324, 21.5737495503815, 22.135525652959423, 22.280729436237845, 22.305855603219634, 23.098982436863338, 22.548421403666044, 23.132733914333365, 22.67089482314232, 22.704415022976896, 22.407192456573586, 21.341341030575705, 22.53698984588444, 21.90400017020776, 22.310627373079647, 22.341893893206752, 22.74823978436749, 23.313924482671695, 22.07012879823305, 22.86689772131033, 21.581898178198117, 22.44088179586891, 22.378707510182334, 22.631188202140486, 21.940822653958286, 22.32677822613084, 22.631958164819757, 22.51409089993187, 22.506899935379558, 22.621519959565706, 22.51619015044199, 22.779402279452587, 22.122385591240956, 22.325157301882236, 22.587308423870276, 21.941047130322648, 22.261843077510555, 22.108385004641796, 22.526500103245432, 22.305864967015715, 22.416002819824254, 21.52144718188019, 21.564247427108427, 21.61406062987188, 22.848572864445334, 22.433509024523254]
[21.468369616837407, 22.075971563298168, 22.680192762826312, 22.277812347608183, 21.833431695259808, 21.53992766805341, 22.092839307051925, 22.133377756918502, 22.299152766243584, 23.071093465410875, 22.548421403666044, 23.132733914333365, 22.66616715327689, 22.633110809214664, 22.366488062784562, 21.290327048304352, 22.52359771206046, 21.853499802838606, 22.27775746857127, 22.175385364195705, 22.66621989766353, 23.19687296767532, 22.000481853103146, 22.858833675777483, 21.533327824457025, 22.379796722903166, 22.330540008345412, 22.575286991547962, 21.940822653958286, 22.26626885848837, 22.58043097409666, 22.3995690614975, 22.313563303771353, 22.57747899328848, 22.51619015044199, 22.719044028569122, 22.1110211811638, 22.274890219269846, 22.587308423870276, 21.926883975197654, 22.172224822755766, 22.108385004641796, 22.382071160391995, 22.243382063695055, 22.360731327710006, 21.50654926136677, 21.485478781141644, 21.57739217950526, 22.848572864445334, 22.433509024523254]
[21.44630072285466, 22.00826551768876, 22.624176443737746, 22.21716367167727, 21.80409383128137, 21.513657918693045, 22.09048588846293, 22.076548635545954, 22.016929620243303, 23.018513164339545, 22.516549319949952, 23.053740439712918, 22.634347937890485, 22.510867733525846, 22.305009044011125, 21.290327048304352, 22.50018224358571, 21.790617307472143, 22.27775746857127, 22.175385364195705, 22.525085338892417, 23.133421420840612, 21.967362003393315, 22.817484603497206, 21.464598528132132, 22.25072894993533, 22.29074401257257, 22.525450938198734, 21.940822653958286, 22.26521468249104, 22.493349085559682, 22.3995690614975, 22.186010919440896, 22.483725143332958, 22.380375500274575, 22.719044028569122, 21.975934197899107, 22.122628157734468, 22.544376846299507, 21.816629499635372, 22.133477189290147, 22.092016624191295, 22.345197732104552, 22.175981946683702, 22.134082851081384, 21.437065254149623, 21.346564111644916, 21.511749621497096, 22.746963619525538, 22.413762216384992]
[21.41345149828469, 21.91216773204815, 22.502021050902492, 22.177503032492716, 21.529017374556734, 21.513657918693045, 22.090101303462994, 22.03007367666529, 22.016929620243303, 23.00060793414513, 22.390823579715175, 23.022488254613627, 22.562430367800822, 22.504399322491057, 22.244318944795644, 21.23569619369537, 22.50018224358571, 21.78076175325303, 22.251249340243504, 22.115627138896514, 22.525085338892417, 23.096114854423597, 21.836802477569215, 22.817484603497206, 21.42164581315898, 22.191121348793423, 22.25171990950752, 22.492104049827923, 21.937346519539176, 22.253674478238956, 22.36829230707277, 22.244214412978927, 22.13651446514711, 22.443802183125918, 22.334007288357537, 22.458361975824136, 21.84017536015366, 22.054434319144153, 22.369704174594098, 21.777994864125553, 22.11055989264171, 22.092016624191295, 22.251403416179734, 22.174903202568252, 22.0085904855208, 21.375595271293527, 21.343427698166618, 21.51092482914932, 22.732016645019463, 22.36293900157973]
[21.27888983993869, 21.91216773204815, 22.502021050902492, 22.154726282195377, 21.495035404238614, 21.485249285475398, 22.083722815615097, 21.992710527460623, 21.856669358352764, 22.936434645965114, 22.301383963119434, 22.865463541566484, 22.483906855876953, 22.504399322491057, 22.178474832952325, 21.162130541100986, 22.43242053690586, 21.736622865276637, 22.243903178132733, 22.115627138896514, 22.525085338892417, 23.096114854423597, 21.836802477569215, 22.817484603497206, 21.42164581315898, 22.069623067336032, 22.154661370130885, 22.43766596473171, 21.930523813531, 22.250748795658627, 22.286275178633566, 22.244214412978927, 22.13651446514711, 22.42749018903192, 22.259564291094755, 22.458361975824136, 21.80083934059963, 21.87410430793616, 22.257302635979443, 21.72866115408241, 21.9777872075125, 22.09062126721954, 22.148524401622257, 22.13928856465202, 21.989823795375138, 21.375595271293527, 21.343427698166618, 21.420395095939835, 22.602648495646754, 22.26788240694849]
[21.245894281836495, 21.91216773204815, 22.377460740717943, 22.154726282195377, 21.451173131371185, 21.43390812784431, 22.05988832011447, 21.983588487833135, 21.756646334616754, 22.936434645965114, 22.214447120092125, 22.864084933412883, 22.443074222803276, 22.504399322491057, 22.1059203940104, 21.12673866399108, 22.43242053690586, 21.706224905056377, 22.158075921577478, 22.060636263506495, 22.374519921190718, 23.06288739454529, 21.808612007443372, 22.785197124395097, 21.37465876568466, 21.974148314697942, 22.040590446537415, 22.426576495562408, 21.930523813531, 22.21027282352913, 22.185559234293198, 22.227558011446668, 22.078524642131587, 22.31656804151972, 22.16349287674794, 22.446435398607388, 21.80083934059963, 21.826321862247156, 22.102965395355273, 21.72866115408241, 21.808955670305586, 22.059295192161635, 22.146069438048766, 21.942285761432096, 21.888301952786797, 21.375595271293527, 21.3419370521688, 21.411887357309855, 22.56450015497226, 22.256100821515826]
[21.188043674135848, 21.886355624980208, 22.290864539147112, 22.154726282195377, 21.451173131371185, 21.43390812784431, 22.007065041320676, 21.969078183670707, 21.756646334616754, 22.862888563382107, 22.186470584269262, 22.734470890147048, 22.443074222803276, 22.436697562915093, 22.05563722259409, 21.06750734252704, 22.29527113093735, 21.702573096828985, 22.129119797979957, 22.060636263506495, 22.374519921190718, 22.975797708674953, 21.642396034753034, 22.747470834587848, 21.37465876568466, 21.91327958116611, 22.018284388812702, 22.311489817823436, 21.92387406534498, 22.121634547721072, 22.07165210730235, 22.203187179287323, 22.010260423274868, 22.175866631197017, 22.138029372764407, 22.396444782897714, 21.742734076286474, 21.814847319661247, 21.976323715343504, 21.640674570301407, 21.79735745638913, 22.059295192161635, 22.146069438048766, 21.75110675524362, 21.792986884944362, 21.2873579223347, 21.3419370521688, 21.383848352941175, 22.480761001014137, 22.182115576607245]
[21.156734579278755, 21.886355624980208, 22.290864539147112, 22.154726282195377, 21.451173131371185, 21.43390812784431, 21.9606472949719, 21.950390333428533, 21.740727648151328, 22.862888563382107, 22.068473627419166, 22.734470890147048, 22.377434921575567, 22.37841165265453, 22.05563722259409, 21.064504796002332, 22.2513050189811, 21.663703590422802, 22.076643687935718, 21.99801339346792, 22.345072919831164, 22.975797708674953, 21.490202302686214, 22.68955663975793, 21.12637992625215, 21.850026066616145, 21.96700699116982, 22.311489817823436, 21.864410874453636, 22.121634547721072, 22.008742333957713, 22.13664855497248, 21.891651276779637, 22.159656074548735, 22.07401406830936, 22.360263489718353, 21.660405193007364, 21.761218149967227, 21.909139447323433, 21.62384242263995, 21.741951048442683, 22.03948958190167, 22.14110436845139, 21.751065253306543, 21.711767874378307, 21.19576158546849, 21.255110709200704, 21.383848352941175, 22.359090306427294, 22.14051665950661]
[21.10010737322822, 21.8635400189722, 22.23028981752402, 22.154726282195377, 21.16010040448281, 21.373493991537085, 21.936454832926536, 21.92477310555937, 21.740727648151328, 22.825917109825816, 22.068473627419166, 22.70173631465375, 22.377434921575567, 22.29344064182949, 21.999475883365534, 21.011361568543446, 22.0815090721562, 21.659501064823775, 22.020448286101903, 21.96862299206678, 22.31778794264784, 22.975797708674953, 21.43017519969688, 22.57389653675196, 21.12637992625215, 21.84299814620269, 21.86766588233079, 22.17143924243009, 21.8167771030013, 22.07441341417845, 22.008742333957713, 22.128795890783955, 21.891651276779637, 22.089079381765877, 22.00788069334131, 22.360263489718353, 21.660405193007364, 21.64462037408588, 21.84873310543741, 21.5703069004243, 21.741951048442683, 21.970600418079766, 22.14110436845139, 21.552837720624723, 21.711767874378307, 21.113807720784088, 21.20147089051455, 21.278604191523655, 22.359090306427294, 22.013274028600275]
[21.098061086115628, 21.81161788190988, 22.159062153471545, 22.101596460575223, 21.095558366000922, 21.32528965951639, 21.911647360220503, 21.92477310555937, 21.699074952229758, 22.751774310123903, 21.98887407721162, 22.620548107171608, 22.22324529241233, 22.278237116892825, 21.915672726394074, 21.011361568543446, 22.0815090721562, 21.619821011474965, 21.961615017522444, 21.924997852041287, 22.241466126213442, 22.886652462309808, 21.419842702717375, 22.507562775437084, 21.12637992625215, 21.776137231151647, 21.79562851368332, 22.107084960426764, 21.8167771030013, 22.06939377759926, 22.008742333957713, 22.128795890783955, 21.8713215738263, 21.91239442676666, 22.000933252702918, 22.32100756634777, 21.660405193007364, 21.48118558459952, 21.830627358857207, 21.5703069004243, 21.741951048442683, 21.920344288800834, 22.036177321443585, 21.508860234049543, 21.694344743107614, 21.03026820436863, 21.20147089051455, 21.278604191523655, 22.323644943858017, 21.908117588377344]
[20.967401084659382, 21.75762797563194, 22.150679457816825, 22.038996888157442, 21.095558366000922, 21.203719865624716, 21.911647360220503, 21.898913258253565, 21.65892303193472, 22.71663820653787, 21.94093768684627, 22.60103123697973, 22.2209997306789, 22.26379104625129, 21.915672726394074, 20.908513591083192, 21.90606246378556, 21.391866750810017, 21.89653445714554, 21.87781417096757, 22.022922536900886, 22.857554121490455, 21.39001707575951, 22.413458819319732, 21.12637992625215, 21.696950855456826, 21.79483642154438, 22.095964939461325, 21.760593348572172, 21.971603742268513, 21.958371677739432, 22.090622904813415, 21.8276300363382, 21.904139762474717, 21.877622331630423, 22.27487530804392, 21.627404295289573, 21.42964363249768, 21.713216222154653, 21.5703069004243, 21.7099964421984, 21.844229310856765, 21.967210655650792, 21.39792474093995, 21.669326321562956, 21.03026820436863, 21.1907606927165, 21.24837683547708, 22.32019915599714, 21.908117588377344]
[20.967401084659382, 21.754581610008128, 22.150679457816825, 22.01019595799408, 21.095558366000922, 21.1798272697518, 21.77659051286131, 21.790354576341645, 21.65892303193472, 22.695336569277327, 21.893786987428406, 22.49057839205779, 22.190974151556137, 22.25181668574222, 21.892748551336393, 20.908513591083192, 21.895558999128163, 21.389497522162202, 21.89653445714554, 21.816864138912326, 22.022767094020082, 22.811020401050722, 21.39001707575951, 22.413458819319732, 21.12637992625215, 21.692372634972056, 21.741180041406544, 21.942792210154195, 21.719172407486447, 21.87736247302355, 21.938236437283287, 22.090622904813415, 21.792065459880597, 21.891195385714042, 21.818040748359145, 22.180993659678258, 21.627404295289573, 21.368625264816046, 21.559440519645175, 21.53151590370361, 21.668701674078672, 21.69082989508619, 21.94141844721843, 21.35272040999839, 21.669326321562956, 20.890913199887258, 21.1907606927165, 21.21175947044032, 22.27181183265528, 21.80263219145183]
[20.92617549229606, 21.716158117194997, 22.110425138096797, 21.900580396803328, 21.0031316188925, 21.149480578607605, 21.773340229189255, 21.75479292606328, 21.51198851748809, 22.615944574478164, 21.879449719251973, 22.448661410224197, 22.175184720824713, 22.20554255674901, 21.868199021645847, 20.834136757113026, 21.890945621590827, 21.355504546968767, 21.862847153436867, 21.778590311585642, 21.975724910324328, 22.675226166472534, 21.362927822717154, 22.32352047067163, 21.03869967756692, 21.692372634972056, 21.69634629557799, 21.942792210154195, 21.612821000418013, 21.772234899528968, 21.87149910704384, 22.049149873478733, 21.600127981300304, 21.868681220679218, 21.613754435059587, 22.14676741913442, 21.627404295289573, 21.325504093907153, 21.55823375304653, 21.458766769265015, 21.653317606450038, 21.569562561370883, 21.935267917040665, 21.317834770150856, 21.66484520593202, 20.859764971333533, 21.027322759419263, 21.147960500651457, 22.25487519734865, 21.73571291746215]
[20.85949666776289, 21.665085836350503, 22.028671092807244, 21.900580396803328, 20.983952584957212, 21.149480578607605, 21.679140829189002, 21.656214410333426, 21.425444003728934, 22.588029404281343, 21.85964573706052, 22.363851590453358, 22.111326328474668, 22.17311668464928, 21.636638851776645, 20.834136757113026, 21.881125897182017, 21.355504546968767, 21.80436229953394, 21.778590311585642, 21.94709192571035, 22.675226166472534, 21.34094747745035, 22.269876575733917, 20.96607062994903, 21.617137129444533, 21.636211187638224, 21.873698662930032, 21.47113780088561, 21.60856560344613, 21.83956488779686, 22.008584581062212, 21.517319844228272, 21.78883295264138, 21.594220048427793, 22.137853054868582, 21.59903467806937, 21.252039013523643, 21.55823375304653, 21.45352865804967, 21.653317606450038, 21.569562561370883, 21.90860385368639, 21.267077323032815, 21.62863763259737, 20.838506089997885, 21.019414351079416, 21.142245135357868, 21.995595777984043, 21.73571291746215]
[20.843964095890104, 21.640314324710424, 21.934930133848614, 21.900580396803328, 20.97143177781158, 21.083205667561188, 21.663459361766876, 21.542090086358684, 21.38656063644649, 22.5238739520224, 21.72250372715734, 22.313241259642375, 21.963320012683425, 22.17311668464928, 21.624615026760683, 20.834136757113026, 21.832879514627884, 21.213943664008486, 21.755063062607906, 21.706287396173323, 21.907167893543942, 22.65452104077779, 21.243067413671714, 22.269876575733917, 20.96607062994903, 21.6155450745933, 21.562815365837185, 21.870959312513584, 21.47113780088561, 21.60856560344613, 21.743999085038848, 21.937250834604093, 21.4382336970994, 21.615482830714974, 21.594220048427793, 22.114702547295632, 21.576831679556683, 21.232872579673817, 21.508071747523342, 21.427061489129393, 21.61475970658268, 21.569562561370883, 21.898475437207935, 21.22440239029006, 21.62863763259737, 20.838506089997885, 20.93990855094043, 21.125960414671084, 21.994895968789866, 21.724961619131356]
[20.78818136445853, 21.640314324710424, 21.85581058189816, 21.881905583473515, 20.965257477906412, 20.96340802249619, 21.610926050871747, 21.475878036218, 21.344594531328767, 22.455715746689936, 21.721302520055026, 22.308625425982843, 21.953741991314352, 22.09684176272855, 21.605434209893946, 20.834136757113026, 21.766580508879475, 21.207301208366424, 21.719431369356997, 21.641405506406787, 21.81870819190294, 22.560577821086643, 21.14139573590251, 22.269876575733917, 20.964035085704488, 21.606799780978715, 21.562815365837185, 21.86986647841558, 21.417022320704852, 21.593276866412083, 21.656436013527035, 21.8361072717764, 21.39701268708703, 21.573661540021664, 21.57450468483404, 22.0776864533512, 21.473557333794457, 21.138134452075057, 21.447671611967724, 21.35339694935627, 21.570579837839944, 21.51871412842279, 21.864772161393905, 21.214995460693906, 21.589635088147777, 20.827917700394067, 20.864766326825524, 21.125960414671084, 21.994895968789866, 21.708155391061247]
[20.757072482028953, 21.516560901071703, 21.837540683343533, 21.867315287163628, 20.90774832366471, 20.911699474809403, 21.549971622480307, 21.475878036218, 21.344594531328767, 22.398387755968418, 21.693679074391532, 22.264762251920455, 21.94976068845698, 22.09684176272855, 21.588034415376086, 20.80965652705399, 21.652911814480646, 21.207301208366424, 21.694069076205604, 21.565078001393108, 21.790949075116494, 22.446873121437278, 21.033027525912818, 22.184239690564375, 20.944963154764814, 21.604109149750897, 21.48552316160725, 21.675806897000314, 21.39793060749377, 21.57457353988604, 21.620473941710927, 21.8361072717764, 21.39701268708703, 21.573661540021664, 21.51014855407787, 22.04194205159751, 21.45639430479761, 21.127212322495303, 21.41123576474617, 21.33434277139452, 21.372045041653955, 21.51871412842279, 21.859680140656998, 21.108671881743852, 21.589635088147777, 20.797293805608653, 20.821746265658454, 21.063017373295384, 21.988847979876063, 21.708155391061247]
[20.671255903620345, 21.47539728903283, 21.792999277402323, 21.829090048808347, 20.857780811545656, 20.89871945357039, 21.420042390091446, 21.465937737626454, 21.275613006143864, 22.32359738464608, 21.66977875992196, 22.202109822050865, 21.94976068845698, 22.095620712054007, 21.376738574091167, 20.78332619634122, 21.652911814480646, 21.169406108047205, 21.406982747122694, 21.50272184549143, 21.782906066073036, 22.429152664107555, 21.033027525912818, 22.000713494006977, 20.944963154764814, 21.562115079180202, 21.457627659886278, 21.675806897000314, 21.38075672237907, 21.57457353988604, 21.620473941710927, 21.765266837719945, 21.32011968042119, 21.517651075882974, 21.461675840447477, 22.02438966226479, 21.45639430479761, 21.102464976396902, 21.388429436193295, 21.28767014703463, 21.17755156304433, 21.43100786355628, 21.78647510359307, 21.08753456428456, 21.469073726850088, 20.730406864710268, 20.773276516694335, 21.063017373295384, 21.96197090137731, 21.708155391061247]
[20.55258981384363, 21.471077317570845, 21.782302268413495, 21.800803658142357, 20.791678214483163, 20.884920617415624, 21.387738346354887, 21.457111668952695, 21.258679646914807, 22.32359738464608, 21.586681184787427, 22.16151349279167, 21.88264301796417, 21.87812166642188, 21.334221833553848, 20.78332619634122, 21.652911814480646, 21.15436291766398, 21.287405062692944, 21.416313578436295, 21.777775669556842, 22.383637837455353, 21.033027525912818, 22.000713494006977, 20.873127328784513, 21.509462651557694, 21.394837799525583, 21.675806897000314, 21.3568009196431, 21.57457353988604, 21.56090846599516, 21.679436431048696, 21.32011968042119, 21.517651075882974, 21.46086766052051, 22.02438966226479, 21.450158211275898, 21.102464976396902, 21.315805890876334, 21.28767014703463, 21.166888687771483, 21.363585593355946, 21.78647510359307, 21.044334700821715, 21.429371247900633, 20.730406864710268, 20.762816595504535, 21.034218970161643, 21.95404047615343, 21.56438909526633]
[20.55258981384363, 21.471077317570845, 21.744646411028516, 21.752317972640846, 20.763720625407053, 20.793546218135255, 21.358345949705487, 21.36734130211915, 21.1845171495998, 22.17552359926746, 21.586681184787427, 22.16151349279167, 21.766932481532887, 21.856340488753705, 21.30795020888912, 20.78332619634122, 21.475973568817412, 21.035772805853394, 21.287405062692944, 21.239836243150176, 21.760269191694086, 22.310498201252653, 20.897414667531717, 21.953129903131668, 20.873127328784513, 21.279843025974138, 21.327682919633634, 21.654210071318868, 21.200083159336394, 21.55720310119933, 21.510857268339727, 21.502334591354327, 21.205773277481544, 21.466794363045217, 21.46086766052051, 21.99296499240602, 21.35238298874159, 21.102464976396902, 21.272786005135295, 21.201746108031934, 21.166793384828157, 21.277021901355234, 21.74491535719008, 20.93648400811523, 21.388357912967745, 20.694460997576478, 20.675449923221993, 20.934643956850614, 21.949867843400533, 21.56438909526633]
[20.469148205586983, 21.44028670952159, 21.737182875986154, 21.752317972640846, 20.667703689035864, 20.773842352676656, 21.313223821018312, 21.34910994613518, 21.01158766098451, 22.101326498352137, 21.586681184787427, 22.108875341063982, 21.760058909964776, 21.850581291314093, 21.208751986768807, 20.741413122949222, 21.38647539116939, 20.872077764796686, 21.28022474607355, 21.211843283127205, 21.760269191694086, 22.261850975539176, 20.83452717693416, 21.953129903131668, 20.8109821014325, 21.27902118614393, 21.092321138304413, 21.654210071318868, 21.200083159336394, 21.549099504072835, 21.42189562631423, 21.484685840875027, 21.205773277481544, 21.356624023132166, 21.399321872342966, 21.99296499240602, 21.334888343797328, 21.091350972030256, 21.272786005135295, 21.14214286910798, 20.974781479175068, 21.269660454280874, 21.703207292093378, 20.927547784337207, 21.232395217802235, 20.641686046626564, 20.614550637958097, 20.820942020291536, 21.906009732801607, 21.56438909526633]
[20.34905061436865, 21.414954689351102, 21.69172608489887, 21.64782259459651, 20.642258191307263, 20.73552362809362, 21.274496021909282, 21.34910994613518, 20.907805131099263, 22.0575686151747, 21.531189452506176, 21.927218777631207, 21.753394205234606, 21.793305465165435, 21.199416701470266, 20.68978474705174, 21.35238274363349, 20.862541142654194, 21.26949805663402, 21.19321481405317, 21.705846040628, 22.224194867825123, 20.820220108285792, 21.84189929121403, 20.80747293637039, 21.205517504744634, 21.074364635275423, 21.64309830692456, 21.059725634124895, 21.482558374158412, 21.311261836934605, 21.484685840875027, 21.197539306287304, 21.356624023132166, 21.399321872342966, 21.961123338381547, 21.329872946844247, 21.02907319968092, 21.1562629248397, 21.14214286910798, 20.974781479175068, 21.269660454280874, 21.7002773383887, 20.84318188451495, 21.157969090311205, 20.58125602973152, 20.602252174894936, 20.79248641662967, 21.734092822402808, 21.49222475344253]
[20.34905061436865, 21.414954689351102, 21.61413184735114, 21.463045703443605, 20.575889785248542, 20.594988624440994, 21.241894200876594, 21.339616790662365, 20.907805131099263, 22.0575686151747, 21.45061981143022, 21.886363439143913, 21.704427977154758, 21.789832373271746, 21.062111771244183, 20.664249767202296, 21.287722938817247, 20.824479378079204, 21.207585352227937, 21.184491869366003, 21.701864067556503, 22.224194867825123, 20.81802115654176, 21.830319365953613, 20.80530211399655, 21.014622822691074, 21.034333718127407, 21.597907628447985, 21.054150954279788, 21.45696477933144, 21.311261836934605, 21.445923777048467, 21.120025359021447, 21.257432267162187, 21.39180291835622, 21.928644672365188, 21.329872946844247, 21.02907319968092, 21.080546181390837, 21.113609025762816, 20.890887679333918, 21.23026093458026, 21.59840225578298, 20.839956087630938, 21.073000226616188, 20.54613224824996, 20.602252174894936, 20.77421987694111, 21.68769055491408, 21.398729931688443]
[20.22225344537037, 21.386605969310104, 21.570232723946358, 21.463045703443605, 20.575889785248542, 20.594988624440994, 21.168217594771797, 21.339616790662365, 20.79936537955794, 21.948430268982964, 21.395497737701028, 21.691549673776287, 21.618239022532265, 21.723239093902947, 20.98625411747556, 20.664249767202296, 21.252441670768885, 20.824479378079204, 21.20301817116671, 21.149338581239107, 21.701864067556503, 22.12715709459968, 20.815569790380817, 21.794678678839055, 20.750155208355284, 21.007533614498442, 21.019262451346894, 21.457995310522584, 21.054150954279788, 21.424176487878487, 21.296258573474834, 21.385679044208057, 21.083157539825088, 21.257432267162187, 21.338416287610098, 21.78130556372593, 21.2530868193045, 21.02907319968092, 21.062689658695973, 21.102446363956744, 20.890887679333918, 21.07616670210641, 21.3693632278733, 20.767062493949847, 21.04734545649919, 20.54613224824996, 20.571605367967937, 20.634801625669276, 21.674554215362484, 21.398729931688443]
[20.218970457236782, 21.386605969310104, 21.51646722174386, 21.42744865412893, 20.542843514624632, 20.51682080020391, 21.075441090574188, 21.281401307643527, 20.677626081197296, 21.888618392589528, 21.354522332934057, 21.613998170832406, 21.566626359327312, 21.571033460282308, 20.84177353378116, 20.614244023651942, 21.247400434345206, 20.775711259264117, 21.20301817116671, 21.144136399407092, 21.679116784288944, 22.08183036159147, 20.76960116660946, 21.74284898410165, 20.71540809294401, 20.950183826414253, 20.996817099863314, 21.37670050248994, 21.03135374653062, 21.380564801126354, 21.296258573474834, 21.385679044208057, 21.083157539825088, 21.222932267588295, 21.299072801628533, 21.78130556372593, 21.195005115427758, 20.999636051108414, 21.062689658695973, 21.052206397478823, 20.880969008855725, 21.071955443878156, 21.366674325440876, 20.650575147388686, 21.033338767308642, 20.521568793681304, 20.47574578671498, 20.581472921504307, 21.59570448157125, 21.38584503791424]
[20.19623005783335, 21.321299469752827, 21.51646722174386, 21.376508448752563, 20.39701215034024, 20.457505071667402, 21.0051579982866, 21.10809238687309, 20.59954551209333, 21.888618392589528, 21.329825928639615, 21.613998170832406, 21.524479222514792, 21.53720547432141, 20.832788704938025, 20.518389570750752, 21.207133249228683, 20.775711259264117, 21.15325939933915, 21.119840508043858, 21.66220106360995, 22.08183036159147, 20.72569056137857, 21.501713106912355, 20.71215757070945, 20.93026960804837, 20.996817099863314, 21.32189147208988, 20.936254228787245, 21.267477424289638, 21.271755408202957, 21.356853065190148, 21.021876930361625, 21.206675587323296, 21.282873598646947, 21.758145832133415, 20.94103360524156, 20.96957449071074, 21.013606432723332, 21.012456217382827, 20.878018875357867, 20.972514541923054, 21.271336047348328, 20.584248877085166, 20.983047298269746, 20.428090442058082, 20.404573421141826, 20.56747706148243, 21.544939895691073, 21.338016717688074]
[20.19623005783335, 21.201053882040608, 21.490218370986746, 21.151168426269518, 20.349384104624818, 20.424033378951197, 20.88723264966908, 21.051569648643596, 20.59954551209333, 21.888618392589528, 21.329825928639615, 21.56289678073183, 21.433381681770747, 21.497752048721953, 20.812261334563203, 20.42608970497809, 21.153252043180274, 20.716069529162578, 21.081155107130748, 20.975062520443874, 21.66220106360995, 22.022217596416972, 20.69948836510961, 21.386104479079364, 20.508391063315724, 20.93026960804837, 20.943179322132686, 21.320338048796838, 20.936254228787245, 21.196807351064223, 21.17697623949235, 21.35149037927472, 21.021876930361625, 21.16969638265831, 21.232401558184325, 21.70634401802343, 20.893613129108964, 20.96957449071074, 20.96485266857125, 21.002220095680297, 20.844224182578216, 20.950939882274785, 21.271336047348328, 20.56394645713304, 20.903012142615214, 20.40676332088362, 20.323256857804843, 20.487503169857444, 21.4785817616743, 21.28110119563657]
[20.11460425453934, 21.038797583162694, 21.31375514825147, 21.151168426269518, 20.183465621694047, 20.424033378951197, 20.885592198191265, 20.974076432432675, 20.59954551209333, 21.81621374924786, 21.28734151405437, 21.5424157278493, 21.41814014232545, 21.488627523554896, 20.77360230285371, 20.406777932494947, 21.153252043180274, 20.716069529162578, 21.079270887731784, 20.888859079957218, 21.551014700500758, 21.90936018194404, 20.539127327359733, 21.195596298894163, 20.441058930941686, 20.843969551568748, 20.879129533605145, 21.24145656572036, 20.78779587846511, 21.155991229186743, 21.103029570115037, 21.35149037927472, 21.02029287127835, 21.168840948514077, 21.14764384157731, 21.70634401802343, 20.80441897676422, 20.924472553148846, 20.954894817383593, 20.968699087449323, 20.761159692920614, 20.90397387541602, 21.161914968372045, 20.53988974368866, 20.83068607507612, 20.350735866116956, 20.172824715460386, 20.359190166047235, 21.4785817616743, 21.019022608588845]
[20.03706082604465, 21.038797583162694, 21.29675682122978, 21.14666960176882, 20.08520039338579, 20.42220481569772, 20.885592198191265, 20.940549331970608, 20.53954739248197, 21.808063905462824, 21.248721123950297, 21.45143570868951, 21.314199253265592, 21.445808248240446, 20.498632974479197, 20.34678748731913, 21.133582692018752, 20.68785496765235, 21.0589189533955, 20.876094377210997, 21.522359684336596, 21.83095600454441, 20.5015141635031, 21.14430012621985, 20.41738302193778, 20.77303170908054, 20.879129533605145, 21.15585521616349, 20.725197367278007, 21.13409867145187, 21.051152599666526, 21.21094108507314, 20.93211094325499, 21.160965504644388, 21.142692534446915, 21.619666094933184, 20.793235122817762, 20.904664603917414, 20.901681755931026, 20.687917756308952, 20.747689827279356, 20.858478281448704, 21.077878531715818, 20.49931972173577, 20.8041429690227, 20.348138461173477, 20.147963513055863, 20.31763155573674, 21.414733176584882, 20.955154413867014]
[20.0323701163376, 20.83912953231287, 21.262122908071298, 21.064537685945425, 20.074036876136667, 20.36254280195285, 20.875431228947342, 20.923553201138173, 20.460992024120145, 21.807653232852005, 21.178765446380822, 21.37800808417868, 21.226405248500136, 21.388415621571976, 20.454429805206583, 20.324815414842504, 21.07657533659077, 20.686942520265497, 21.006260857522015, 20.876094377210997, 21.463306146184, 21.78535800765966, 20.5015141635031, 21.05085425831926, 20.336975473109693, 20.758437216605905, 20.83525220093228, 20.811355588729718, 20.63138325179441, 21.079720575918337, 20.99145663449304, 21.104411860961655, 20.93211094325499, 21.10362766774429, 21.051779680060402, 21.44582771386858, 20.757958847178877, 20.879507607809618, 20.901681755931026, 20.600777476672427, 20.73166571370274, 20.858478281448704, 21.042316190213246, 20.439779359878365, 20.70726164520613, 20.243144598552, 20.142079489667346, 20.30998096805309, 21.32307818730277, 20.955154413867014]
[19.905421959369253, 20.802044110584095, 21.246193014052032, 20.993475014654393, 19.989614043490484, 20.344400483198605, 20.852906815089145, 20.872740452247132, 20.45103844050392, 21.684746539815183, 21.165519394029168, 21.37800808417868, 21.109013875367914, 21.321527330477505, 20.45168011456196, 20.31078870911599, 21.07657533659077, 20.596542066737037, 20.912103033854915, 20.806825974506474, 21.381122627846597, 21.78535800765966, 20.433745668158803, 21.05085425831926, 20.336975473109693, 20.698663486222742, 20.767705527931433, 20.766141350168954, 20.58304216524087, 21.079720575918337, 20.99145663449304, 21.064485740883622, 20.787764689571194, 21.10362766774429, 20.938879280113316, 21.44582771386858, 20.75352351223527, 20.800509884302816, 20.8989397021689, 20.57043419082409, 20.623032603249452, 20.836503286456832, 20.95649763142518, 20.402579371163608, 20.663768185913717, 20.243144598552, 20.011724476950445, 20.261384097940805, 21.172381666167365, 20.950793265282222]
[19.86836724061755, 20.802044110584095, 21.13230268653008, 20.980832862613482, 19.93745729174128, 20.344400483198605, 20.819514061987718, 20.810738870986956, 20.45103844050392, 21.667823195155467, 21.121772294351796, 21.325618918306493, 21.105310267695323, 21.278679720125083, 20.437407271271745, 20.307335218559597, 21.064918425456646, 20.582834413186678, 20.907440794975596, 20.673590275983468, 21.381122627846597, 21.7164299045001, 20.433745668158803, 21.05085425831926, 20.270825309712734, 20.679085392190533, 20.744424511802777, 20.731854308747785, 20.526550023809484, 21.079720575918337, 20.92733459674644, 21.029711299302726, 20.756524882358608, 21.08156756188261, 20.84664893149253, 21.33705606807159, 20.661408674329785, 20.739743841273658, 20.758333655855346, 20.48007874273687, 20.578222692391943, 20.803455096314057, 20.838342089665115, 20.374951847162645, 20.602033853014298, 20.233177438310822, 19.94623159267141, 20.261384097940805, 21.121209257089184, 20.87795364169789]
[19.784960355800692, 20.77836721755203, 21.13230268653008, 20.919142679940485, 19.87457928865427, 20.29867568443907, 20.772742672386688, 20.74657662952584, 20.285045692350902, 21.54282652852882, 21.121772294351796, 21.315455347839958, 21.105310267695323, 21.278679720125083, 20.40216702111233, 20.24937708930645, 21.02158420543115, 20.432138267384143, 20.755857355307526, 20.535848558772358, 21.355475974387794, 21.7164299045001, 20.429612008191146, 21.039929162861476, 20.270825309712734, 20.660562694741245, 20.686393823498033, 20.63015837708152, 20.443347189470295, 20.985252377710076, 20.883051684972976, 20.978571517172583, 20.71129239538184, 21.057352867073565, 20.84664893149253, 21.33705606807159, 20.65720985780775, 20.728592629486904, 20.758333655855346, 20.47601909322082, 20.257687128917816, 20.803455096314057, 20.825286982887196, 20.374951847162645, 20.55496716913988, 20.154393321898873, 19.796314942138885, 20.249511949754417, 21.09673367479068, 20.87795364169789]
[19.715881764654384, 20.62829164241584, 21.050605013766955, 20.919142679940485, 19.87457928865427, 20.230745339081352, 20.772742672386688, 20.603078238113014, 20.278170920423943, 21.489568199073723, 21.079864856199684, 21.308918032397663, 20.982600021128203, 21.19842104321884, 20.329820585545882, 20.084150924584765, 20.913279766349756, 20.384648111600573, 20.694261782439323, 20.535848558772358, 21.15779306139145, 21.60184858281086, 20.429612008191146, 21.039929162861476, 20.24353500305234, 20.596713728475397, 20.66809703521765, 20.623233185501373, 20.34066869743477, 20.902553349396026, 20.820907374433766, 20.946295153312953, 20.648004447185283, 21.057352867073565, 20.74107452369134, 21.26344529385353, 20.65720985780775, 20.6646421362963, 20.74053469741357, 20.090193592125377, 20.24431153516118, 20.769217634222155, 20.81997996465116, 20.343484958288098, 20.510327521147474, 20.09952571797627, 19.78929178567651, 20.217426682543817, 21.016974827606084, 20.876790616703566]
[19.70187634047409, 20.62829164241584, 21.043656111085415, 20.915381247117853, 19.87457928865427, 20.230745339081352, 20.73407075632714, 20.48499137189153, 20.240422856296895, 21.415678864466663, 20.954673055465076, 21.25440895154447, 20.982600021128203, 21.167280745435143, 20.268191056259425, 20.077838557336776, 20.899039508344952, 20.361322616902434, 20.694261782439323, 20.453454635398913, 21.04616320071126, 21.57398247951302, 20.42796948509083, 20.99602609681154, 20.20304756154267, 20.513453737145003, 20.64195485837656, 20.613760641032304, 20.31682392015677, 20.83518193741309, 20.820907374433766, 20.916252740874036, 20.617815623964972, 20.986173798163627, 20.7010867040258, 21.10573130976779, 20.521072842794418, 20.459111837121064, 20.738868414211804, 20.029686038176884, 20.140332906451864, 20.769217634222155, 20.748623823682863, 20.234099615492557, 20.504273392029482, 20.020398264661395, 19.74973835631378, 20.20100093592624, 21.016974827606084, 20.824653968896477]
[19.649856461804916, 20.616736089473143, 20.977845234068457, 20.86912062188963, 19.806620508957568, 20.14697113805717, 20.700375627319733, 20.47694182494252, 20.19225738460509, 21.408511207642327, 20.85589608879431, 21.19984282752937, 20.982600021128203, 21.13259843883103, 20.076985469587864, 20.038533066857866, 20.80146605944656, 20.337622692469516, 20.5531334555373, 20.29428721350759, 20.928613582633414, 21.54960841413463, 20.3958911910645, 20.941945808327905, 20.185481979938874, 20.395410779680272, 20.566380177338374, 20.51462434216149, 20.308725101382784, 20.8138970101651, 20.798872657180233, 20.70702627344492, 20.450930045740463, 20.986173798163627, 20.650550903574135, 21.095205141966566, 20.488253481157837, 20.419821240920246, 20.730880781879737, 19.98088973374603, 19.993528962547952, 20.689054237943292, 20.69761977327813, 20.13694329674308, 20.496226905004765, 19.94811140066519, 19.715489788747863, 20.154759440178925, 20.966845553368007, 20.797779549775605]
[19.62691078689873, 20.599740912425194, 20.963286912839624, 20.724494589760603, 19.714287976587578, 19.968639487230284, 20.66688943453908, 20.3715190328405, 20.11036938770223, 21.368044650231518, 20.66314377296149, 21.19984282752937, 20.982600021128203, 21.04899120638371, 20.057056155036015, 19.935430200485772, 20.77505844053932, 20.30376826595718, 20.433706448580388, 20.263471031026057, 20.92043405876733, 21.54960841413463, 20.379582843526947, 20.92265956997639, 20.126055108208153, 20.35181139836844, 20.52979418126387, 20.513729020368125, 20.258662152846014, 20.777325081268753, 20.79014776234179, 20.686381537508094, 20.450930045740463, 20.899695929632486, 20.650550903574135, 21.022410909913695, 20.488253481157837, 20.292033794279806, 20.687600991680526, 19.97915796943176, 19.925442235029834, 20.645048782089827, 20.65155023196315, 19.997839204523128, 20.451107247584414, 19.850108915477257, 19.656340507204966, 20.154759440178925, 20.877501989430908, 20.787124004556016]
[19.62446713505716, 20.599740912425194, 20.871022221964246, 20.567546862344265, 19.707605947469087, 19.938525114592103, 20.627465349795962, 20.3715190328405, 20.101355755076256, 21.36084912557372, 20.601417863098398, 21.196606392296776, 20.957421601439208, 21.047468745645993, 20.056935753900998, 19.866164379066845, 20.77505844053932, 20.231234095971917, 20.433706448580388, 20.240248411444917, 20.856408506953315, 21.47693507299214, 20.364251871884157, 20.828746582951574, 20.01611898699324, 20.32203418580857, 20.34752485415971, 20.5002432394411, 20.16964135751192, 20.61919374561524, 20.718811155261143, 20.599522186083764, 20.450930045740463, 20.887297837365548, 20.590975677374935, 20.99516027818386, 20.44145670314437, 20.256692315851662, 20.631026659650285, 19.886952681198125, 19.904410124921174, 20.40431273981964, 20.527828117714005, 19.975772841791358, 20.39306958368419, 19.802227472022572, 19.65233528894743, 19.99734409970687, 20.845789869471098, 20.747278474383798]
[19.59937993275388, 20.574235159567905, 20.87067806783862, 20.55484086970406, 19.707605947469087, 19.938525114592103, 20.449897692122804, 20.3715190328405, 20.101355755076256, 21.183414046887016, 20.601417863098398, 21.167223913040623, 20.897097887580824, 21.02707381451843, 20.036332988032804, 19.767297668494887, 20.76759032733654, 20.18552964115981, 20.430260744846372, 20.240248411444917, 20.842006783311543, 21.47693507299214, 20.333564229809426, 20.799658098605583, 20.01611898699324, 20.32203418580857, 20.236430898044656, 20.41112472621843, 20.16508090637931, 20.606867826237544, 20.697122746793664, 20.599522186083764, 20.420321140336952, 20.81925438706839, 20.518995482876846, 20.95640824813754, 20.38091209602827, 20.219191438124753, 20.59169548395447, 19.836194405508667, 19.861377156860005, 20.32437792433825, 20.457787851983852, 19.960038147278972, 20.39306958368419, 19.684693709081877, 19.576439553810722, 19.988661981694356, 20.833511804641812, 20.6265213711738]
[19.587509531505766, 20.574235159567905, 20.847502617225974, 20.523515354478167, 19.668789966396965, 19.915152248313195, 20.380308136503405, 20.3715190328405, 20.101355755076256, 21.085235825594015, 20.593975783548625, 21.135806319322118, 20.88794884418235, 20.90765986491315, 20.033783872771487, 19.729184837513237, 20.731978560681256, 20.11393822765042, 20.31750050876486, 20.16371512040435, 20.716316375737502, 21.45122897457005, 20.29827073041093, 20.794947628078642, 20.01611898699324, 20.30319059522555, 20.220962528947602, 20.363642374343524, 20.127262622824965, 20.606867826237544, 20.642982094597382, 20.49581334109406, 20.397353126788342, 20.765462815463696, 20.439164118510803, 20.932534475388778, 20.333142638168333, 20.176858661347595, 20.55271565242582, 19.653244342959834, 19.818860239990148, 20.286123132696947, 20.4574881908919, 19.959671747731527, 20.370355338354674, 19.59531360448764, 19.556231824408517, 19.866870919733863, 20.82953498565913, 20.6265213711738]
[19.54238767722623, 20.54786610518029, 20.79819035066216, 20.4824848913453, 19.626531674359992, 19.915152248313195, 20.25938149366842, 20.3715190328405, 20.084760037797402, 20.884536457560067, 20.593975783548625, 21.002270395840256, 20.858217193312477, 20.90347456827146, 20.01909351066966, 19.702579305462415, 20.718246216633634, 20.106274707709428, 20.31750050876486, 20.162507557660575, 20.620349537556866, 21.32285883998265, 20.279463685067732, 20.72072306050807, 19.893186038215685, 20.26599116343618, 20.220962528947602, 20.318950753204593, 19.78429260437689, 20.51989489448075, 20.58941738463491, 20.492549226034818, 20.390704976050834, 20.647014387609943, 20.427278065866638, 20.932534475388778, 20.320984693774374, 20.16965139590139, 20.546421505314374, 19.653244342959834, 19.641755693478387, 20.25188348062606, 20.349227124998606, 19.90536021303773, 20.368278036963453, 19.474217206030563, 19.556231824408517, 19.852770244217673, 20.82053228410266, 20.54231793238412]
[19.520182687799995, 20.45493901928807, 20.67130104974, 20.41384936490714, 19.60560298928848, 19.862486982213518, 20.208968105764345, 20.314771555519567, 19.97145977735901, 20.84919725376767, 20.527222503391073, 20.992756722024957, 20.858217193312477, 20.880275435877653, 19.949129137256158, 19.61637209244314, 20.678292101203507, 20.057603697362218, 20.208809332441174, 20.110986646636583, 20.620349537556866, 21.32285883998265, 20.144883361366038, 20.72072306050807, 19.823931157784898, 20.226472504727116, 20.153908872447808, 20.124469315939148, 19.766243599102545, 20.418443941625206, 20.58941738463491, 20.475140187758594, 20.390704976050834, 20.6407089433931, 20.40203640470363, 20.820411760491314, 20.1812643354832, 20.16965139590139, 20.47559125911362, 19.447656804458937, 19.64158241116068, 20.211614025138044, 20.349227124998606, 19.90536021303773, 20.299240732591137, 19.376453782558077, 19.450642456130076, 19.80415384123112, 20.753484573925263, 20.50684301717288]
[19.508670388372515, 20.44999858375875, 20.62851915720313, 20.353043694767535, 19.59854345330945, 19.840822313965816, 20.19575078474852, 20.26652036545119, 19.899238225150448, 20.55502451561234, 20.483869878411877, 20.992756722024957, 20.833237683723393, 20.87628947748757, 19.949129137256158, 19.57957657073453, 20.67057664582035, 20.00012901310091, 20.188379053593096, 20.085432629751455, 20.606840836972662, 21.32285883998265, 20.07683624839588, 20.676283965846164, 19.810071338989523, 20.060462954559107, 20.07923468608319, 20.12167660188058, 19.68199502160611, 20.402782396845986, 20.510671472650753, 20.35168555871045, 20.259586180484185, 20.57247439783378, 20.252767651647453, 20.753194457203985, 20.16346844523546, 20.16965139590139, 20.37302428057921, 19.447656804458937, 19.60362779303627, 20.11549056390286, 20.305604763882904, 19.90536021303773, 20.23648855081364, 19.376453782558077, 19.408673656995504, 19.67910832397321, 20.651340446050394, 20.482977384522545]
[19.41875419177004, 20.361354439913512, 20.628008446320035, 20.353043694767535, 19.516883976257546, 19.78102390120526, 20.19575078474852, 20.176461970514694, 19.821518611856096, 20.53180640779548, 20.483869878411877, 20.883179725231475, 20.62653690378259, 20.795766256114575, 19.949129137256158, 19.556159346047394, 20.54565987423087, 19.96620987747503, 20.1852358837043, 19.895304082069817, 20.349754556452105, 21.227604534482975, 20.07683624839588, 20.50797140618776, 19.805254816537207, 20.04533116497844, 20.072832067221853, 20.080568650470656, 19.68199502160611, 20.1895302017464, 20.43478435517955, 20.35168555871045, 20.259586180484185, 20.57247439783378, 20.252767651647453, 20.75109562219796, 20.08029273466945, 20.106868023095533, 20.33214742897829, 19.42548008555779, 19.550860706637533, 20.057963971540723, 20.305604763882904, 19.891807880053847, 20.204348791047426, 19.288741084024434, 19.35162498917399, 19.67910832397321, 20.63383615216624, 20.437050910047848]
[19.332903958070283, 20.327071417873643, 20.43667881064126, 20.353043694767535, 19.514803085464873, 19.663621820176427, 20.097435462442668, 20.04299243491171, 19.780710118362123, 20.53180640779548, 20.400012409298874, 20.883179725231475, 20.594658535272025, 20.680289877667395, 19.949129137256158, 19.54497722615604, 20.32352200434864, 19.880227004890962, 20.084086951814818, 19.880922706920035, 20.3159223955902, 21.094490552228923, 19.97135149743381, 20.495685823989795, 19.775878747217973, 20.028272627053763, 20.06719945051951, 20.057966160096136, 19.668899194376973, 20.16318935374673, 20.421741849803695, 20.35168555871045, 20.251484510709062, 20.548152903298593, 20.2327046154265, 20.73189832614227, 20.07037538753216, 20.07042827562122, 20.29782083953956, 19.39310499967318, 19.528206300889096, 20.057963971540723, 20.305604763882904, 19.8360211480163, 20.19912117432812, 19.27403817847833, 19.298334860221413, 19.623551398140826, 20.602632886035057, 20.318254823141782]
[19.31905307847395, 20.300664060306726, 20.43667881064126, 20.26581362946059, 19.49806177578533, 19.59823292580171, 19.95931174431588, 19.880886746828494, 19.780710118362123, 20.493099673643183, 20.338030107265467, 20.848856479466452, 20.55324201711833, 20.631142827843547, 19.834598599089606, 19.53742084520913, 20.304332956198994, 19.857938330209972, 20.079661672031285, 19.877267800773826, 20.29839216723626, 21.080071304436267, 19.97135149743381, 20.458764544469734, 19.772733466073255, 19.91560844010537, 20.013048947447132, 20.000432500284443, 19.60211932385179, 20.041893728812642, 20.25523386805498, 20.35168555871045, 20.216204215389432, 20.548152903298593, 20.224970749327078, 20.63649335071609, 20.046906549751963, 19.98779380205568, 20.198313160280822, 19.39310499967318, 19.525413074452572, 20.032560044950724, 20.193260517339905, 19.8085745910642, 20.19205277553907, 19.1818518009267, 19.298334860221413, 19.547362084877527, 20.52304863995946, 20.298751387977312]
[19.31730737643158, 20.088831677857705, 20.344768238204374, 20.210616132649186, 19.490151109042706, 19.575275821852795, 19.89226317855425, 19.880886746828494, 19.651443704258316, 20.493099673643183, 20.183055261721517, 20.8442082786113, 20.527398265183997, 20.594531628195245, 19.789314749684518, 19.50364721765349, 20.279942585101942, 19.79484690037195, 19.91205123506996, 19.877267800773826, 20.2519502467596, 21.080071304436267, 19.97135149743381, 20.458764544469734, 19.731062673832305, 19.84501086801053, 20.013048947447132, 19.84363439396043, 19.60211932385179, 20.014803899434394, 20.200241027038754, 20.296695654708678, 20.100981982951907, 20.517776248142628, 20.181066998110317, 20.5950260394467, 20.00250395832544, 19.961980154863845, 20.03965546377459, 19.328851221342983, 19.525413074452572, 20.032560044950724, 20.050202169845555, 19.7054790875056, 20.176617115411435, 19.161175944293365, 19.28143525490503, 19.537580120743243, 20.484412399154635, 20.283742314125856]
[19.295472123694207, 20.004849424494974, 20.294667995680026, 20.187635091177235, 19.447379762391645, 19.557891582630912, 19.887775101525875, 19.880886746828494, 19.64639321219925, 20.48998874872972, 20.151131246693456, 20.738974969002573, 20.49235750694833, 20.57691035918787, 19.750290612987335, 19.479886253927795, 20.279942585101942, 19.727611453439913, 19.845319825856794, 19.877267800773826, 20.187838649593907, 21.06645036070059, 19.940077973313997, 20.382340470307717, 19.627414722798807, 19.75905423843945, 19.98519895921455, 19.84363439396043, 19.518378511448958, 19.982933396916756, 19.98107913348618, 20.296695654708678, 20.082139369708777, 20.352217278113773, 20.088512473452436, 20.482378448638986, 19.950835305326088, 19.925439323905394, 19.997640166620794, 19.26806236601297, 19.525413074452572, 20.032560044950724, 20.033927600974295, 19.557794961325925, 20.07034089985044, 19.161175944293365, 19.262778573579503, 19.43441041612669, 20.444873348728315, 20.259093606750803]
[19.235611405718338, 19.996904710204, 20.2649076233308, 20.16651218859371, 19.439082295450355, 19.534972032152172, 19.81016407236043, 19.81512671677243, 19.64639321219925, 20.464658219048943, 20.037926991897354, 20.731050963047135, 20.343863212053783, 20.51868448306181, 19.748124840248398, 19.463269116615624, 20.279942585101942, 19.632609920094673, 19.78919652500372, 19.84665563896192, 20.187838649593907, 21.031355624694207, 19.86459649230327, 20.378691339712127, 19.627414722798807, 19.730392995451233, 19.98519895921455, 19.771599779811634, 19.51487993912378, 19.966534589462604, 19.970530783438114, 20.22292142612753, 19.98817720216494, 20.258477919232792, 20.06321650867539, 20.379119920274622, 19.700352737345604, 19.839348983380155, 19.978925012513912, 19.26806236601297, 19.462683266038376, 19.967844827511744, 20.033927600974295, 19.511447012423996, 20.069614269191018, 19.151443299042228, 19.243223845454708, 19.316123003570617, 20.412066919298766, 20.13413559993793]
[19.138177239676345, 19.8698627921626, 20.259474847019113, 20.15040873370817, 19.391602361471204, 19.446254429637413, 19.729689065395963, 19.79295855489226, 19.644120189269017, 20.44786419963604, 20.03463788040968, 20.666160876336725, 20.329199461687278, 20.453044388042294, 19.748124840248398, 19.45164915508409, 20.184206551493055, 19.6031869169954, 19.768333842221004, 19.697159822192276, 20.181818712662498, 20.918598411082918, 19.85030794591994, 20.353194028456798, 19.576717802031062, 19.726840287585652, 19.876679447569604, 19.76834958491519, 19.359919232559633, 19.959591863561048, 19.827752702504917, 20.204318848471427, 19.98817720216494, 20.2467981063919, 20.06321650867539, 20.379119920274622, 19.64538246856268, 19.837315541289893, 19.89154730653319, 19.261250458027348, 19.408257833830177, 19.861580163848288, 20.033927600974295, 19.50974317108044, 19.861541847721465, 19.14146614981874, 19.243223845454708, 19.226065489055042, 20.412066919298766, 20.073449740793485]
[19.13065573812259, 19.806870656982163, 20.122061418990437, 20.15040873370817, 19.356802850315155, 19.429949954127274, 19.69876166310538, 19.746702891003903, 19.58421408129709, 20.426204104893625, 20.032449994368015, 20.57169943184926, 20.288957827534638, 20.43932643622221, 19.708632275759875, 19.359702825577365, 19.97755338120168, 19.6031869169954, 19.768333842221004, 19.68005550856747, 20.125461336553368, 20.85577218131511, 19.85030794591994, 20.25757747616543, 19.489804890006116, 19.726840287585652, 19.855732472292367, 19.702593807488835, 19.20866077363909, 19.863965623084226, 19.802044903882262, 20.197584010998476, 19.91518854732913, 20.174001387236682, 20.059951548746255, 20.349324074483338, 19.58385178679809, 19.837315541289893, 19.89154730653319, 19.261250458027348, 19.199145051154314, 19.78281458892635, 19.90507709730967, 19.489066095714275, 19.861541847721465, 19.14041059156698, 19.236490556435733, 19.10546545437132, 20.411800645516003, 20.024666330678976]
[19.02882153101184, 19.706427777672406, 20.055183904705196, 20.08715998661767, 19.32163917020803, 19.32205020955015, 19.662202214698503, 19.746702891003903, 19.50755470632877, 20.426204104893625, 19.943021774750132, 20.39434896539185, 20.221492008050397, 20.387029857160968, 19.701800364584034, 19.20494684820425, 19.83873241169122, 19.54311592454028, 19.747146950061268, 19.67253817603998, 20.018582587748487, 20.813727880672396, 19.77598205328531, 20.252739744251937, 19.45579021606467, 19.726840287585652, 19.84052044125927, 19.702593807488835, 19.127862258277826, 19.856247692344972, 19.802044903882262, 20.131177979293767, 19.898697885991616, 20.112185062727512, 20.059951548746255, 20.30434091231612, 19.58385178679809, 19.7826138015097, 19.89154730653319, 19.245360240160817, 19.148857745517084, 19.60440819527127, 19.774123511958486, 19.467363948125502, 19.851532963326086, 19.14041059156698, 19.206812632676964, 19.10546545437132, 20.400421027869776, 19.94616660266536]
[18.988708704099935, 19.64290345500283, 19.955536353203865, 20.028795168381272, 19.292548119014118, 19.320918650591864, 19.653003997146925, 19.715619163462698, 19.50256856383614, 20.371881186456143, 19.93686290374804, 20.34379848783946, 20.212752741126433, 20.37880905189836, 19.701800364584034, 19.176068173828327, 19.83873241169122, 19.503366836512996, 19.60190322837143, 19.61974617373759, 20.018582587748487, 20.794346526388455, 19.77598205328531, 20.170666867435767, 19.4410741200849, 19.726840287585652, 19.800987208950232, 19.702593807488835, 19.082615011929466, 19.760679090190177, 19.73101334338056, 20.131177979293767, 19.890777474200622, 20.112185062727512, 19.913107419995278, 20.245818556437605, 19.557238898380223, 19.651643375770625, 19.73143646666814, 19.231654548706, 19.130092598736006, 19.540270273817477, 19.75215704359379, 19.384408941519673, 19.71586167168511, 19.14041059156698, 19.194410853647355, 19.077441749161174, 20.361544546354228, 19.927163084977483]
[18.988708704099935, 19.621285034484572, 19.89732490405715, 20.016015996298435, 19.27926498530112, 19.2211173146628, 19.653003997146925, 19.715619163462698, 19.445280481161728, 20.326168637617872, 19.884461093522866, 20.226354150857688, 20.193581567300235, 20.29541667033297, 19.690708357099005, 19.176068173828327, 19.821159670212555, 19.492372256268816, 19.559126678490866, 19.5338158878777, 19.967089800490967, 20.696792015190415, 19.677595960189233, 20.1335280985483, 19.42596037726883, 19.591175732808143, 19.616422018928528, 19.68630478377151, 19.082615011929466, 19.760679090190177, 19.637241858940985, 20.107963668998373, 19.86544802790134, 20.112185062727512, 19.904714386884073, 20.23816584359501, 19.52761773395293, 19.619746117954882, 19.73143646666814, 19.194084845878045, 19.130092598736006, 19.520667469179532, 19.75215704359379, 19.38208106076911, 19.69694711296689, 19.023140020253795, 19.170113440515223, 19.025618463818173, 20.361544546354228, 19.887081310082905]
[18.970978392713494, 19.621285034484572, 19.886371290154113, 19.935334108897937, 19.262324291624697, 19.185857561102104, 19.630406618803345, 19.715431794378198, 19.445280481161728, 20.26110652939563, 19.811434656307757, 20.150275842294498, 20.162588306676547, 20.24981239885331, 19.685345556573075, 19.176068173828327, 19.821159670212555, 19.469687054507197, 19.54516962305551, 19.44759924652086, 19.845846916846213, 20.6380835964832, 19.630855757539337, 20.097320582492706, 19.261630696686826, 19.491641155057927, 19.616422018928528, 19.68630478377151, 19.04894599545894, 19.760679090190177, 19.57314601526114, 20.086342463357692, 19.8219377887631, 20.09995887079477, 19.823902535963164, 20.23613670617386, 19.429618109477257, 19.60276353467438, 19.73143646666814, 19.137096645503583, 19.019293222460835, 19.4638564788507, 19.6937058294965, 19.159258590956917, 19.689556925112814, 19.023140020253795, 19.146946427732153, 18.985075942377076, 20.31507241765941, 19.86143463695369]
[18.651559017494797, 19.61433036221127, 19.8607136289275, 19.857837907700425, 19.160296608680813, 19.175940670267494, 19.55426600290602, 19.690510965551685, 19.420103730965927, 20.26110652939563, 19.777421860408406, 20.01494332881116, 20.046675683973668, 20.17707284375778, 19.664164139774805, 19.123484769298592, 19.820759505751415, 19.469687054507197, 19.479676535762508, 19.33727527565648, 19.845846916846213, 20.619257308699098, 19.627229933505173, 20.088608576101073, 19.245342281462495, 19.473279005134508, 19.540465274034194, 19.63008304203144, 19.03850601477449, 19.667418111057486, 19.543008745451555, 19.995469085020595, 19.782815480541593, 20.039038967455532, 19.73203257798746, 20.14245738044925, 19.429618109477257, 19.464451651564453, 19.675304624582743, 19.114735904188574, 18.959316975256286, 19.4638564788507, 19.619942692828182, 19.13974846350696, 19.62000182821715, 18.988665439964883, 19.044095429760223, 18.895523794917302, 20.295266743005424, 19.851723504607715]
[18.555326298470614, 19.61433036221127, 19.76027828719695, 19.758365563429773, 19.160081714541814, 19.085537651515512, 19.52064775579736, 19.687962285187727, 19.420103730965927, 20.241061496593368, 19.771019354650974, 19.97544550179357, 20.023988792648545, 20.10743043623549, 19.64997084325602, 19.05130303161024, 19.820759505751415, 19.34117355298111, 19.479676535762508, 19.325743721284688, 19.774639811498904, 20.598239685256885, 19.594763606321482, 19.967536888964695, 19.245342281462495, 19.320198302826576, 19.43143484989101, 19.63008304203144, 19.03850601477449, 19.65830275100962, 19.48305543518124, 19.947752082534343, 19.737266193256367, 19.923559335423484, 19.73203257798746, 20.120677326757825, 19.429618109477257, 19.464451651564453, 19.594344134585135, 19.07661342299569, 18.959316975256286, 19.463481283174467, 19.580443517662, 19.021008017453433, 19.57077051905201, 18.92784568411478, 18.951726966461216, 18.895523794917302, 20.27957263597299, 19.851723504607715]
[18.549001452426356, 19.542295183509935, 19.734341317973936, 19.73319804661888, 19.160081714541814, 19.06694306205473, 19.52064775579736, 19.67677040632726, 19.393524610273857, 20.19160476024472, 19.686627656221837, 19.97544550179357, 19.93466235229581, 20.062386392500976, 19.5606759796997, 18.9714621745055, 19.77631101383638, 19.32536079629688, 19.479022858272845, 19.29355425843042, 19.772712258498526, 20.591166881695955, 19.529443699280222, 19.741357468603645, 19.113918267745728, 19.320198302826576, 19.43143484989101, 19.533188887612493, 19.03850601477449, 19.58775180158139, 19.48305543518124, 19.66755494541514, 19.684487901509634, 19.918439464428307, 19.66455266365249, 20.030917343387273, 19.42849242850673, 19.459864666253857, 19.579743233292, 19.07661342299569, 18.924239579647274, 19.38945263019937, 19.55012506472683, 18.940670142782643, 19.555827991014144, 18.92784568411478, 18.93242692609781, 18.883112384333522, 20.0818271221222, 19.85064871822437]
[18.501086526998172, 19.542295183509935, 19.679682489419047, 19.73319804661888, 19.091709003297137, 18.98344626208558, 19.52064775579736, 19.67677040632726, 19.361577139545705, 20.184208328967536, 19.676564065429556, 19.94734700105236, 19.815278321200545, 20.034236384284117, 19.501412145758128, 18.960416480900626, 19.772005077078916, 19.316902508893673, 19.479022858272845, 19.265724185905565, 19.765484502867086, 20.591166881695955, 19.4659889828021, 19.6333083502658, 19.102826181703996, 19.26976994202931, 19.423540348755672, 19.516374356697163, 19.03850601477449, 19.58775180158139, 19.46285177838748, 19.66755494541514, 19.668702365828608, 19.9113955145287, 19.614303328850678, 19.932824144162122, 19.32690444373164, 19.399805972131457, 19.579743233292, 19.07661342299569, 18.924239579647274, 19.376222691117412, 19.386401366358605, 18.90056020143908, 19.44812474774085, 18.879147134457888, 18.919880056248715, 18.87068554391181, 20.03336889171132, 19.775032201892]
[18.490597363344463, 19.527875726121795, 19.67953548100935, 19.73319804661888, 19.077955691814502, 18.98344626208558, 19.485315476211078, 19.607074886336257, 19.30712616786777, 20.115327311067272, 19.657206412263754, 19.833430227417317, 19.65617759182211, 20.00555204614999, 19.391164915475525, 18.925635469507466, 19.751659008615384, 19.316902508893673, 19.414740819492145, 19.237123628968003, 19.739951792267796, 20.57969949914993, 19.39316528663836, 19.609161087493014, 19.1006296389938, 19.19431132951203, 19.334866639899975, 19.516374356697163, 19.017634793469604, 19.512630699525744, 19.342435292045252, 19.66755494541514, 19.666275186033694, 19.891236518873967, 19.52264690916788, 19.86629305330743, 19.32690444373164, 19.351901980650005, 19.54969596677145, 19.07661342299569, 18.924239579647274, 19.350274937296724, 19.291713515904473, 18.886711326384987, 19.444143688509502, 18.804628321576644, 18.84250589207239, 18.87068554391181, 19.920652392238726, 19.738118737879265]
[18.490597363344463, 19.457553877269284, 19.67953548100935, 19.721941133866036, 19.05283055988901, 18.956850765545862, 19.31928532676224, 19.503732175335024, 19.298369966779312, 20.051721741897552, 19.594872852296923, 19.833430227417317, 19.65617759182211, 19.9258406393913, 19.303122230073424, 18.862980292358834, 19.705050696011888, 19.25877873264018, 19.376821287375765, 19.237123628968003, 19.581740379974892, 20.515179224438107, 19.28862055024948, 19.57951129643804, 19.05716256851633, 19.093219976768612, 19.165953692544925, 19.47615550696479, 19.00789382336104, 19.512630699525744, 19.342435292045252, 19.634992584206298, 19.57095270879566, 19.80630325999992, 19.52264690916788, 19.854813757555455, 19.162187625010024, 19.28858117371766, 19.49680656486207, 19.07661342299569, 18.91239414682722, 19.350274937296724, 19.291713515904473, 18.821995767040484, 19.443254646289933, 18.804628321576644, 18.72464734182224, 18.834579722833276, 19.90615104853752, 19.738118737879265]
[18.440254358739598, 19.434384101718717, 19.613482588599492, 19.68044006394839, 18.977216136415613, 18.908999035239255, 19.270204584920474, 19.490798227721303, 19.294666598233896, 20.029628300391117, 19.593161314870834, 19.660478056962823, 19.639459484907004, 19.86116699492215, 19.217288706338138, 18.862980292358834, 19.57106400346658, 19.241099385113966, 19.34450491373048, 19.22692763208483, 19.579893021075893, 20.514892766065635, 19.254283828979446, 19.57951129643804, 19.056421881969296, 19.093219976768612, 19.148972295407724, 19.309616043686596, 19.00789382336104, 19.409068604760897, 19.27960900311634, 19.609901086992057, 19.57095270879566, 19.76798620114804, 19.379089957762943, 19.82950726940472, 19.084392059055567, 19.281273836829445, 19.49680656486207, 19.055888423365786, 18.907121912936116, 19.32391614451996, 19.291713515904473, 18.712436997159127, 19.407503609127858, 18.800614649684576, 18.702457171726593, 18.829021247466944, 19.869812397531284, 19.728241617948626]
[18.39293885281164, 19.383457664655758, 19.613482588599492, 19.657915838097367, 18.969206204021262, 18.873535072307057, 19.191823162793234, 19.483419650216042, 19.29038189809134, 19.97467323274401, 19.434948783377312, 19.65153791234556, 19.513265246528842, 19.805306425248222, 19.21020392563296, 18.862980292358834, 19.566111505518183, 19.164344605338805, 19.307081765735578, 19.19540773998407, 19.579893021075893, 20.47144719712709, 19.254283828979446, 19.57951129643804, 18.935197736546122, 19.041811980935705, 19.148972295407724, 19.309616043686596, 18.92105996049016, 19.393601787903272, 19.27960900311634, 19.593989074892743, 19.56289158122281, 19.73897628425554, 19.355218388652666, 19.80275110825737, 19.06939459861257, 19.25486831258787, 19.49680656486207, 18.95805646745625, 18.886841611766027, 19.223517999072715, 19.24536416863783, 18.664389942234514, 19.20260025300052, 18.792268018099428, 18.639798791377647, 18.774406509304722, 19.84113055857349, 19.700274660008663]
[18.387918450869854, 19.383457664655758, 19.590443433715215, 19.613481568934198, 18.936914455077368, 18.75972374935489, 19.191823162793234, 19.483419650216042, 19.28465006353637, 19.829160067363564, 19.29336172340232, 19.547001660323662, 19.513265246528842, 19.69061898562517, 19.122178430781183, 18.819335338273255, 19.482933013499235, 19.15827981363541, 19.307081765735578, 19.116982119099156, 19.501193844539905, 20.304184695041336, 19.19638337644991, 19.544863362709872, 18.851801094281317, 19.02473223047653, 19.124202443491374, 19.256289275539103, 18.907123569811784, 19.34981643867051, 19.27960900311634, 19.593989074892743, 19.503833572906096, 19.683477808840756, 19.28104439459526, 19.71769760867442, 18.87065922756996, 19.248511382749815, 19.46597341824585, 18.932179051302672, 18.80139482494298, 19.205862278386967, 19.187758557241473, 18.664389942234514, 19.14517099606838, 18.778660333992246, 18.598306108191565, 18.650318637657588, 19.63395258989014, 19.625586426847846]
[18.353200947879195, 19.311845540318615, 19.467435303159192, 19.604496256855143, 18.916204404998755, 18.645849432388623, 19.0666681216913, 19.461508821590048, 19.28465006353637, 19.728354642239587, 19.22655179818702, 19.535071120089015, 19.506708175700247, 19.688496865467446, 19.050338894144843, 18.814423204628127, 19.482933013499235, 19.135945765757118, 19.269441062087335, 19.116982119099156, 19.493688088235515, 20.20894130254256, 19.175235311896085, 19.530613720003384, 18.8337984395893, 19.02473223047653, 19.100331259889277, 19.082700759661556, 18.879358156713394, 19.29517869571069, 19.275788937252674, 19.547840948321273, 19.462255879732584, 19.683477808840756, 19.28104439459526, 19.70521507451614, 18.87065922756996, 19.248511382749815, 19.46597341824585, 18.918001765643236, 18.80139482494298, 19.195051189920186, 19.055019368432283, 18.63632122729385, 19.14517099606838, 18.76834387284282, 18.537633141156352, 18.531063146444765, 19.551808006947578, 19.484515828450064]
[18.353200947879195, 19.311845540318615, 19.434155799855652, 19.599104481602613, 18.88435126229401, 18.493388782932232, 19.063050620878347, 19.43463332779793, 19.28465006353637, 19.690503021253534, 19.22463301552765, 19.511582902795237, 19.377548452125755, 19.623930348668356, 18.957745754064817, 18.75502903360541, 19.389881527494204, 19.135945765757118, 19.22426339907663, 19.030591821561025, 19.493688088235515, 20.110178042883597, 19.049146612571043, 19.530613720003384, 18.8337984395893, 19.02473223047653, 19.060658182165213, 19.082700759661556, 18.879358156713394, 19.23179743667489, 19.215102300272385, 19.521764505499597, 19.399193862577157, 19.683022362871274, 19.28104439459526, 19.68783115597746, 18.87065922756996, 19.20462458580704, 19.305677024995706, 18.805557826154665, 18.796229094550547, 19.120261232516402, 18.83164436605491, 18.63632122729385, 19.07861962401618, 18.69451754056571, 18.479822840257896, 18.497947449942846, 19.502937690079456, 19.465032669707742]
[18.199419871499803, 19.30183515547473, 19.391141278875317, 19.465211161903508, 18.88435126229401, 18.37652468627861, 19.063050620878347, 19.37866285360088, 19.276024029596734, 19.607620593923706, 19.22463301552765, 19.500470310420774, 19.348530292443225, 19.413787507711504, 18.957745754064817, 18.74922746684726, 19.322153773460485, 19.073539722250043, 19.22426339907663, 18.979207648751487, 19.45005969400984, 20.075226352741492, 19.005163932790296, 19.478669098693913, 18.79077738871722, 18.956638349689353, 19.006006452791773, 19.032193698932236, 18.749966740466093, 19.202173319352358, 19.184457714650296, 19.513544098892435, 19.399193862577157, 19.65091794507745, 19.246826289590654, 19.679608964698794, 18.87065922756996, 19.132631732334165, 19.216788550539523, 18.775040453514276, 18.7158254705716, 19.120261232516402, 18.80222417757279, 18.63632122729385, 19.07861962401618, 18.62381473806684, 18.354972762683374, 18.45432214661959, 19.502937690079456, 19.443492678444677]
[18.17357455193005, 19.2614209819418, 19.375360703351635, 19.45487045615895, 18.846871991674796, 18.362016443585684, 19.063050620878347, 19.377824772202064, 19.206124336080894, 19.563424833596788, 19.12000987053763, 19.494826064099822, 19.340622882571147, 19.255488615543793, 18.91192428782016, 18.66194177863402, 19.248382034258924, 19.013065463916174, 19.181376933203133, 18.979207648751487, 19.45005969400984, 20.073277427528136, 18.97621891292095, 19.355576930326382, 18.689182946800972, 18.909967927179117, 18.904968450735726, 18.990350823830276, 18.675592807511865, 19.12196714832117, 19.049625725993188, 19.501441950702844, 19.317488025795768, 19.576617075736834, 19.23329065802155, 19.564771425758288, 18.842059997850217, 19.085337898588705, 19.196198298202745, 18.718952654942843, 18.70592659002141, 19.026377174718903, 18.7067570633613, 18.63632122729385, 19.07861962401618, 18.61270479841494, 18.31449886236727, 18.442305587404867, 19.502937690079456, 19.418331170281824]
[18.158271566625906, 19.1758469521613, 19.299710581141966, 19.41250116671713, 18.8392559209204, 18.362016443585684, 19.014967301444738, 19.322795363600612, 19.118731218278093, 19.563424833596788, 19.116866287737096, 19.489671533460665, 19.327786696950174, 19.255488615543793, 18.903495250533997, 18.6396272519304, 19.239414252589295, 18.917612851972144, 19.176181351786497, 18.911054336432656, 19.45005969400984, 20.051151852009713, 18.966726448817983, 19.277474493974385, 18.668154694430516, 18.909967927179117, 18.90149016950668, 18.982087845457613, 18.669674417612267, 19.087484048685194, 19.002902526733408, 19.316622739648217, 19.312284441488448, 19.576617075736834, 19.220371683141543, 19.38916615466894, 18.7652611302592, 19.014250084751687, 19.127943485429945, 18.718952654942843, 18.699530932442418, 18.999861508279615, 18.606812559980728, 18.536551388326966, 19.041163097522677, 18.59688813429134, 18.31449886236727, 18.38854745257801, 19.474892773751254, 19.382164195949045]
[18.052510361727688, 19.11060420335284, 19.29468669080115, 19.3704690030309, 18.816362372558814, 18.27678061509719, 18.888243009947765, 19.25517629390803, 19.118731218278093, 19.563424833596788, 19.08215258022542, 19.476902599130444, 19.291204491794005, 19.14741911763873, 18.882395420014614, 18.63902706139614, 19.238977976654603, 18.917612851972144, 19.176181351786497, 18.813857350933315, 19.3950661372118, 20.051151852009713, 18.954424489758143, 19.277474493974385, 18.633933427612114, 18.8767664428437, 18.87069728020352, 18.982087845457613, 18.669674417612267, 19.07842912455922, 18.938372887660428, 19.257789558982715, 19.312284441488448, 19.52890072625225, 19.144490435829262, 19.34329216033659, 18.706532679602823, 18.863202808695814, 19.113701761611235, 18.611213849644002, 18.673183135864708, 18.999861508279615, 18.588900985630385, 18.536551388326966, 19.041163097522677, 18.59688813429134, 18.308173543449975, 18.34919939205995, 19.44674835757575, 19.348346009979856]
[17.99521486642553, 19.08986918398091, 19.27536725573301, 19.275082276273334, 18.810275764493962, 18.249050283548684, 18.8638695004286, 19.165648070626855, 19.078395592808164, 19.544527794976062, 19.08215258022542, 19.444444564410457, 19.223675511964565, 19.086676155519278, 18.811659742761186, 18.606979446517265, 19.2197033866754, 18.910067390841043, 19.124819991769495, 18.813857350933315, 19.356401555935513, 20.0196017527553, 18.906969491866434, 19.277474493974385, 18.624406640546145, 18.783231196617756, 18.848397851776003, 18.982087845457613, 18.647764682577204, 19.017741602986682, 18.878021027875473, 19.257789558982715, 19.234774811670547, 19.297719327666094, 19.078465072011365, 19.3184488285976, 18.706532679602823, 18.82973267093763, 19.02526867053978, 18.544465720191788, 18.621400376214154, 18.921450837721995, 18.581171459583185, 18.487168863338823, 18.987712096509224, 18.57810718893566, 18.29096668596602, 18.34919939205995, 19.44674835757575, 19.303105186432223]
[17.988954538140884, 19.074313803022676, 19.18032358138083, 19.219044586485715, 18.79318075645263, 18.141648058221357, 18.849579081255673, 19.16351904621352, 19.04451145805158, 19.526643777654034, 18.963335337529642, 19.444444564410457, 19.22243495792005, 19.086676155519278, 18.805009715625943, 18.464039991956145, 19.194044477235355, 18.82486881468316, 18.85421436616535, 18.801242230360092, 19.35031032377541, 19.978276882745245, 18.8157884641555, 19.26104514623571, 18.624406640546145, 18.743395445034924, 18.848397851776003, 18.943501669180996, 18.61608542047629, 18.9973507218722, 18.878021027875473, 19.23089083656974, 19.18597064216784, 19.198041334173496, 19.054404268302356, 19.3184488285976, 18.706532679602823, 18.80653192210241, 18.976811080113652, 18.488804171533577, 18.577779854597566, 18.897031030479774, 18.449949334196184, 18.487168863338823, 18.931845125013126, 18.52900746288575, 18.28272596222953, 18.34919939205995, 19.40197352296987, 19.17250356351233]
[17.967794826301656, 19.072232037935112, 19.13981208498175, 19.118831322506004, 18.745443419985786, 18.141648058221357, 18.821081550805236, 19.080455753973133, 19.04154420673193, 19.419848127173015, 18.868312470923197, 19.335772852989926, 19.192304524553467, 19.006387986335387, 18.777801391214204, 18.464039991956145, 19.089218557904996, 18.82486881468316, 18.768959793960743, 18.79703768348984, 19.242403189043326, 19.885812974653028, 18.73882219632097, 19.26104514623571, 18.594588217716556, 18.743395445034924, 18.78845999445871, 18.88233919994168, 18.53449700296985, 18.98013529805679, 18.878021027875473, 19.18725392676691, 19.08132506353683, 19.19430793239524, 19.029395630835293, 19.22855360808793, 18.669567893336275, 18.758787567973837, 18.976811080113652, 18.488804171533577, 18.577779854597566, 18.884317558495088, 18.406951128896992, 18.355297867127984, 18.916214034207155, 18.514676379606122, 18.259955819770603, 18.254432762674206, 19.38431533368866, 19.156260217683226]
[17.956565209000093, 18.995495093194442, 19.106652655855083, 19.104155026444268, 18.73998868215772, 18.100306338431267, 18.821081550805236, 19.009013029728678, 18.969074623085312, 19.2873435537904, 18.86642623564308, 19.22064320004455, 19.155056200199237, 18.986290390305687, 18.692973263231284, 18.419524101380823, 18.992287856633805, 18.79076671569964, 18.768959793960743, 18.776653942506144, 19.18515061001669, 19.801348752600703, 18.73560299088928, 19.25153599749742, 18.56023412389646, 18.740793783221665, 18.710954778597618, 18.88233919994168, 18.51004294222914, 18.95806981810265, 18.821804580342047, 19.127972286024374, 18.96976959567599, 19.1739603865234, 19.012403199489, 19.155069043619683, 18.54572241789033, 18.723299608485995, 18.93643196746416, 18.369472208026195, 18.465782199224737, 18.85345310416118, 18.406951128896992, 18.334679951737023, 18.887257383400318, 18.38872502126849, 18.230354922927532, 18.254432762674206, 19.382139112416052, 19.11610152674323]
[17.956565209000093, 18.84735286970507, 19.089958375851136, 19.036795762617068, 18.72290954542287, 18.04016225513514, 18.70282300535745, 18.90731223260733, 18.969074623085312, 19.26175853102888, 18.82784200021931, 19.18661734062901, 19.14295483939664, 18.887659650499863, 18.666762287620465, 18.293653399599936, 18.894128758615196, 18.752837456081444, 18.687022159887114, 18.771783896124596, 19.172785316071984, 19.78984367023727, 18.65974923048447, 19.156289613240528, 18.528490717858695, 18.607210881430944, 18.582159408976537, 18.85758830060336, 18.450503213733263, 18.82916569990227, 18.731152847728033, 19.087512212445738, 18.931081716306863, 19.1665314402811, 18.910226332659626, 19.155069043619683, 18.517384974613297, 18.686388107079203, 18.93643196746416, 18.369396996473238, 18.44202501364319, 18.828742746702687, 18.406951128896992, 18.334679951737023, 18.87817571527565, 18.369298859380518, 18.228560695620924, 18.199689884297086, 19.350085297614328, 19.11610152674323]
[17.944037810268338, 18.84735286970507, 18.965610614847435, 18.956189923615128, 18.63364585078519, 17.966145695936227, 18.620596925290762, 18.802672149779582, 18.886392599000978, 19.14159432950445, 18.81655173032726, 19.18661734062901, 19.053143053548602, 18.887659650499863, 18.645241765074644, 18.167781110000085, 18.852737853520626, 18.625232026877732, 18.634353720786685, 18.742634297007616, 19.13124607224159, 19.789829079322473, 18.636444052318236, 19.156289613240528, 18.477913509864944, 18.603140741042512, 18.531954877136968, 18.84531072039352, 18.377142698112003, 18.79085812640279, 18.705708755231775, 18.956386108978975, 18.870891963572284, 19.06693871776447, 18.811952355247637, 19.146349225750136, 18.513146685651364, 18.686388107079203, 18.929955752118484, 18.194802757396793, 18.44202501364319, 18.626365777002473, 18.374166214217077, 18.279114818159275, 18.823456082249283, 18.369298859380518, 18.186992506571382, 18.199689884297086, 19.25738096558942, 19.11610152674323]
[17.863153484134777, 18.7520287130814, 18.965610614847435, 18.951053636255367, 18.532981691181693, 17.966145695936227, 18.620596925290762, 18.75980600960475, 18.745190087719966, 19.14159432950445, 18.76618259825885, 19.140132111702208, 19.048953701525296, 18.831705579503886, 18.629244353879386, 18.10425683389438, 18.844044999055292, 18.557983249717495, 18.612948922137655, 18.684516647994464, 19.112094407613373, 19.688318738717115, 18.636444052318236, 19.093774690006693, 18.457413322728193, 18.592522160729374, 18.456782165684935, 18.84531072039352, 18.320359759077284, 18.71033082445311, 18.661520979095712, 18.897172801193275, 18.804066114491206, 19.06693871776447, 18.80435893810943, 18.996693682818062, 18.502946203094176, 18.602324764771545, 18.763001218302925, 18.18661017712362, 18.421516622200976, 18.606957130291516, 18.34544181256871, 18.232150503994166, 18.74377339762562, 18.30359876993331, 18.18515169939286, 18.14879289832404, 19.231496809343582, 19.062422175501638]
[17.827452159146503, 18.74462219425502, 18.965610614847435, 18.897684971671772, 18.489867692955904, 17.845407835281254, 18.60874686447449, 18.68930468913297, 18.60014581592305, 19.026881419439, 18.76618259825885, 19.140132111702208, 18.968420046782352, 18.831705579503886, 18.592906354977224, 18.10425683389438, 18.81814270102408, 18.557983249717495, 18.596243992722417, 18.56709745494638, 19.020282390278936, 19.614716815455758, 18.596683153860177, 19.02573917134572, 18.395804495120924, 18.549317471774486, 18.447949615876233, 18.73418459050823, 18.311510415033432, 18.708847570751686, 18.648283937221443, 18.779907922319563, 18.756404249105504, 19.05670987108, 18.722778007461518, 18.996693682818062, 18.452372053329235, 18.595980508640583, 18.69366079572658, 18.11761281817352, 18.31179018834618, 18.595626425412643, 18.29693196815624, 18.210899952367782, 18.699228493168356, 18.243791886851607, 18.146411053363828, 18.00147510116296, 19.210270066646245, 19.015989482249427]
[17.680932601647687, 18.74462219425502, 18.95216382495725, 18.856405769222672, 18.398221381746026, 17.839759589734562, 18.603733772114907, 18.6297537601859, 18.60014581592305, 19.01332309528211, 18.76618259825885, 19.125803256960534, 18.887458442133116, 18.831705579503886, 18.505478038094726, 18.060069340294927, 18.777245238204006, 18.463806107906727, 18.596243992722417, 18.51342788429907, 18.969394279097976, 19.611104692015427, 18.504436094482944, 19.022889810751913, 18.387185267016456, 18.51983246401121, 18.447949615876233, 18.704654184425046, 18.297071760928535, 18.63672031692016, 18.59065779960677, 18.72801657658145, 18.689786736413346, 19.02967586748256, 18.709078199513396, 18.996693682818062, 18.403525988021734, 18.551748368426843, 18.63347325144436, 18.044631679879593, 18.31179018834618, 18.529438414665226, 18.288788497543766, 18.20704316306926, 18.593112875281424, 18.074042583478274, 18.07019184488045, 17.955499337372935, 19.1433080416135, 19.014871197906796]
[17.680932601647687, 18.744182633166044, 18.899849033969833, 18.842287502484655, 18.398221381746026, 17.765482152783953, 18.52632813374985, 18.6297537601859, 18.52509546836752, 18.9827412608452, 18.756980915357925, 19.114897117707336, 18.865630947366064, 18.75128094641027, 18.502290644405075, 17.99253288677225, 18.71001442622255, 18.440108340293317, 18.5624680108722, 18.51342788429907, 18.924518508461244, 19.57172496314826, 18.48998097221584, 18.99737244260519, 18.387185267016456, 18.500888729027434, 18.418515768412455, 18.674680518515068, 18.289034265756126, 18.602586277083986, 18.571295484506333, 18.61800804453221, 18.6843967210475, 18.968945019343362, 18.616554606431265, 18.996693682818062, 18.23093383828662, 18.496124799085273, 18.62489604572546, 18.044631679879593, 18.31179018834618, 18.459555821284795, 18.288788497543766, 18.14681551888598, 18.565828022939264, 18.056968327220574, 18.012041332735578, 17.937231364194965, 19.047762584137747, 19.00296052738699]
[17.653440780967202, 18.716838638268047, 18.872052470237115, 18.76477513807095, 18.340097768171994, 17.69174238088148, 18.482406620497862, 18.54260758715756, 18.45177598323744, 18.9827412608452, 18.67170734989739, 19.114897117707336, 18.862841488124285, 18.75128094641027, 18.497876544995286, 17.907486775279313, 18.672125933582816, 18.346901249980544, 18.51392932863049, 18.481007783419606, 18.902565571483912, 19.440767356085566, 18.35208792829446, 18.929017072257057, 18.38070370531092, 18.430401553236983, 18.418515768412455, 18.665111092757098, 18.24759487174075, 18.588730493444125, 18.569016998397597, 18.597370705154596, 18.590249739942415, 18.913024672227362, 18.5876505129989, 18.996693682818062, 18.21885636135115, 18.486552750420913, 18.612925281908797, 18.044631679879593, 18.20853420855448, 18.35458972224752, 18.272450010409596, 18.14681551888598, 18.556032656436905, 17.996003041364638, 17.982596764174115, 17.937231364194965, 19.02575753806686, 18.957212064754906]
[17.513150828493753, 18.66487379024297, 18.73681046509523, 18.707489523949622, 18.299044947984573, 17.663607479516244, 18.480534450904354, 18.49169504488697, 18.379974988269414, 18.949848096147157, 18.530287025786585, 19.097632635207532, 18.862841488124285, 18.74625621292127, 18.382055577617287, 17.838622885922057, 18.672125933582816, 18.32849793645493, 18.50440635281633, 18.391977362925868, 18.815234208534626, 19.40107532888677, 18.30710161774492, 18.927725352590354, 18.337049652906224, 18.378339925585088, 18.36978691410642, 18.655303307543676, 18.2134340708322, 18.560213767685077, 18.50349099165848, 18.5766228304999, 18.57201535049229, 18.890479917968086, 18.5783673543818, 18.95278063265878, 18.117721885166663, 18.4809501624325, 18.575058781823316, 18.04217835585625, 18.18847629777542, 18.33381165277309, 18.266510656714324, 18.12976338567078, 18.459657569806858, 17.964222416906637, 17.874100744583636, 17.87252441520142, 19.024874346087323, 18.852770621915845]
[17.48636639048859, 18.6648378146411, 18.71823044415492, 18.707489523949622, 18.26990506951783, 17.663607479516244, 18.414871524633988, 18.4753482126151, 18.311002364895252, 18.949848096147157, 18.478559315957646, 19.068781135265272, 18.804118088350315, 18.704254318527678, 18.28902598004283, 17.82440729856999, 18.637331533051082, 18.300754561367775, 18.50440635281633, 18.38494436643808, 18.815234208534626, 19.336192178384444, 18.264121617398278, 18.841359702759192, 18.194318841441408, 18.305269731714713, 18.318679960504017, 18.62217841045578, 18.188846012553437, 18.440499854174714, 18.489228615019517, 18.561464193329535, 18.557892907537997, 18.652026937191245, 18.568491936820692, 18.92047409059327, 18.020725961803937, 18.396143174561296, 18.56327258933033, 17.926919748218907, 18.18847629777542, 18.271686384424434, 18.266510656714324, 18.013213869620014, 18.444034231759787, 17.89488254716237, 17.843756121183723, 17.87252441520142, 18.994023202386916, 18.820415311676765]
[17.453897514395955, 18.6648378146411, 18.662685263633875, 18.653534150464306, 18.14889685286131, 17.596394959187755, 18.382969786795975, 18.443398525108396, 18.1924980276457, 18.858281665762092, 18.428274778666182, 19.00116177520265, 18.705485293891947, 18.646455066671297, 18.253181669526622, 17.76840759736272, 18.63404771010345, 18.300754561367775, 18.466772514003214, 18.360228609302848, 18.815234208534626, 19.207048044523077, 18.177058454296976, 18.82406491635514, 18.13546703732128, 18.305269731714713, 18.2684819157494, 18.62217841045578, 18.148356660694425, 18.43137922050757, 18.489228615019517, 18.535404283385965, 18.557892907537997, 18.62125804635037, 18.451212260754545, 18.871301893390886, 18.013239238838345, 18.267420639974592, 18.524784534596222, 17.921869750023664, 18.045028916084128, 18.271686384424434, 18.266510656714324, 18.010587533589902, 18.444034231759787, 17.860440560138755, 17.843756121183723, 17.854074849764675, 18.93643179796133, 18.758783409243836]
[17.453897514395955, 18.59771373522283, 18.582131394926154, 18.618686789445203, 18.134835544712324, 17.53106243254782, 18.318127703240787, 18.42273297031503, 18.177532251553377, 18.74822234570771, 18.426602127571012, 19.00116177520265, 18.689300494138212, 18.527716304212987, 18.22167253070168, 17.682333670902313, 18.554258931322, 18.294543748252458, 18.464066328344245, 18.360228609302848, 18.68420340336657, 19.197496767630675, 18.043307004036855, 18.763833244872004, 18.13546703732128, 18.24790234893923, 18.267901290047746, 18.573370576492902, 18.119311256220072, 18.38035899846978, 18.349634416561308, 18.50156307701133, 18.48132633386188, 18.562066045505297, 18.426052541432803, 18.817056212531966, 18.013239238838345, 18.20069082483816, 18.524784534596222, 17.921869750023664, 17.97337459478883, 18.271686384424434, 18.266510656714324, 18.010587533589902, 18.364330568871786, 17.832573026503088, 17.78379685644662, 17.82477023427923, 18.871220661020537, 18.69625005237912]
[17.368918760276674, 18.55400358896268, 18.582131394926154, 18.618686789445203, 18.039085707408784, 17.48095832707178, 18.279770027182998, 18.240552902686392, 18.140838887526442, 18.721902596169127, 18.426602127571012, 19.00116177520265, 18.63245705080028, 18.471889406101315, 18.203383241079877, 17.572838057113906, 18.5190257424001, 18.189605730238558, 18.42546469380889, 18.318415116348007, 18.664217376149573, 19.15836050803632, 18.043307004036855, 18.763833244872004, 18.09854868738126, 18.24790234893923, 18.192137028847764, 18.53973117840612, 18.1108363471836, 18.372904394804504, 18.260829177403195, 18.366903924252394, 18.371474842855044, 18.496209914738582, 18.364473019244862, 18.808528327911503, 17.937429200217746, 18.185424877429746, 18.490930949161474, 17.921869750023664, 17.90991719204498, 18.20274970393057, 18.18040816996035, 18.010587533589902, 18.34132038046505, 17.819986994244868, 17.778257163947664, 17.812081629225993, 18.798760349753667, 18.69625005237912]
[17.314957163134963, 18.508081225066178, 18.58178734475038, 18.608931985135282, 17.981231580544343, 17.461524580795373, 18.210852306404085, 18.188308245104075, 18.133059138224834, 18.6845388580953, 18.415576053111756, 18.79528600920121, 18.62093342466571, 18.46373366166312, 18.203383241079877, 17.54415346902102, 18.50937082831992, 18.117341576116935, 18.408528202957967, 18.26072277068023, 18.475331490419933, 19.136861977745355, 18.043307004036855, 18.710492289020344, 18.09854868738126, 18.17340732302214, 18.08936362205123, 18.32840644232983, 18.01641280535643, 18.365454050078732, 18.260829177403195, 18.23930687968073, 18.33800539156245, 18.4222055471137, 18.318152032151033, 18.793222114032755, 17.847537514229764, 18.099309998947525, 18.27122627461469, 17.921869750023664, 17.899253598763423, 18.202089472145122, 18.096245507534586, 17.964150667046518, 18.300935861128995, 17.819986994244868, 17.63041017162254, 17.7372212701733, 18.594247981976302, 18.589223887708403]
[17.314957163134963, 18.49731393858563, 18.58018771759489, 18.491674540616057, 17.940000818177033, 17.43357960109308, 18.177362599938807, 18.17059748265046, 18.097890908803542, 18.68442921585961, 18.415576053111756, 18.731221932440853, 18.48963427190397, 18.452698008412415, 18.141201658983498, 17.505441807878174, 18.499164037365535, 18.111607054991033, 18.336026669959466, 18.26072277068023, 18.475331490419933, 19.11394261941271, 17.935739204882076, 18.661071937706218, 17.96464208703606, 18.063489830668612, 18.08936362205123, 18.264245316565713, 17.960658805084925, 18.336809661627093, 18.23090145238645, 18.19309210225891, 18.320531900153185, 18.413640780462337, 18.215547475770506, 18.757023687878025, 17.736271085712097, 18.055078144723108, 18.167649039198174, 17.888073403068596, 17.820790651603268, 18.194735105831644, 18.096245507534586, 17.812763798733794, 18.300935861128995, 17.733849083183838, 17.616760311112742, 17.619232466210825, 18.594247981976302, 18.448509003251765]
[17.31348040433159, 18.488043408055155, 18.526209209065446, 18.42049758401654, 17.88305583356272, 17.40461153699797, 18.177362599938807, 18.17059748265046, 17.961072827994247, 18.613583097439534, 18.342094994161158, 18.606786395584322, 18.48036632338133, 18.396143293306704, 18.112843283363766, 17.505413972665384, 18.482430490991334, 18.09816037082947, 18.32497211412805, 18.240720446788362, 18.440171712278243, 19.08050406120343, 17.889689474677578, 18.500531632909954, 17.92548905559479, 18.028090262598, 17.998885753393914, 18.22673071397354, 17.94360085010395, 18.23997009933425, 18.20093684124067, 18.178151366840503, 18.2276556951387, 18.395034092380914, 18.126658469054718, 18.757023687878025, 17.736271085712097, 18.055078144723108, 18.102793672106625, 17.80769987772411, 17.814205428075084, 18.165589252363326, 17.997031396832206, 17.74010770765063, 18.195622929230517, 17.705783930562724, 17.616760311112742, 17.609784794421593, 18.481377071855132, 18.394270881464017]
[17.29475200582675, 18.46283020554548, 18.492424665310033, 18.396196256410068, 17.79883761808953, 17.378886442450607, 18.126687746215662, 18.15115040434015, 17.92677336779921, 18.613583097439534, 18.342094994161158, 18.606786395584322, 18.48036632338133, 18.391115505567505, 18.092918772244072, 17.37885779195626, 18.43123696626417, 18.050824559876894, 18.269827343731198, 18.1959759194026, 18.344860631754774, 19.08050406120343, 17.8701291529954, 18.45116648831324, 17.869479096182815, 18.009855438349298, 17.938669852430735, 18.066615146241798, 17.871448140547063, 18.163656492402346, 18.189602115932207, 18.177844809309917, 18.200324852114782, 18.36394594375637, 18.121409885848472, 18.745737869695272, 17.673387878305522, 18.055078144723108, 17.976632530134324, 17.779036063057188, 17.814205428075084, 18.00062030426156, 17.932318588740753, 17.73191017802439, 18.180099292430004, 17.695173077894978, 17.56460463230251, 17.552973577236497, 18.432611589397872, 18.355675314427735]
[17.22274161447544, 18.389439932815343, 18.466957840001356, 18.37030644973148, 17.778630238570905, 17.378886442450607, 18.080856393766982, 18.1406233624815, 17.899719706080123, 18.6074394889094, 18.329679414740344, 18.47474594558089, 18.48036632338133, 18.346447520148107, 18.05953678801799, 17.354918198667498, 18.43123696626417, 18.050824559876894, 18.21980197319228, 18.081347667797992, 18.29041401848449, 18.96704242096115, 17.820326482684912, 18.438205141776663, 17.869479096182815, 17.949843339919056, 17.90716029822708, 17.996292091065822, 17.819978592457254, 18.141038517677007, 18.189602115932207, 18.16964289553241, 18.148250840236347, 18.304991643017622, 18.063875434609532, 18.745737869695272, 17.658455823570915, 17.995976246442627, 17.925826447433767, 17.719638737717172, 17.814205428075084, 17.92530891064525, 17.84914260256353, 17.669771561510863, 18.12476668330558, 17.695173077894978, 17.49373745389379, 17.537766979812382, 18.36586262062071, 18.328768674546303]
[17.122176812793473, 18.389439932815343, 18.345085493478354, 18.33486732178323, 17.707742214000266, 17.2533615988793, 18.077200106327563, 18.073130524535088, 17.85522054539593, 18.59316720239351, 18.319697864867692, 18.47474594558089, 18.42139508588192, 18.326503923757134, 18.05953678801799, 17.317961366968774, 18.279200852683307, 17.911804017439227, 18.1820964254628, 18.045089808752646, 18.29041401848449, 18.770912147887866, 17.736281776233042, 18.425186134718288, 17.78098406655033, 17.9361224994782, 17.814513879139746, 17.968926956208236, 17.790510140863187, 18.05589860759813, 18.188848344557574, 18.117848882700226, 18.133847849364862, 18.304991643017622, 18.054430034495493, 18.725875655703657, 17.627297811185446, 17.908250990009197, 17.887345962235376, 17.70276706884754, 17.814205428075084, 17.888359196751544, 17.821132005086184, 17.596674786986863, 18.12476668330558, 17.65296385627981, 17.45960021272298, 17.52959738497187, 18.210977054714554, 18.284324214247256]
[17.063904269209107, 18.37598757723432, 18.30002346839302, 18.241357829994254, 17.707742214000266, 17.250024869314746, 18.04895042227897, 17.997145993956707, 17.842159171711394, 18.590770476030627, 18.242286559697998, 18.381529621091858, 18.384112401031636, 18.241006158116512, 17.92597493550519, 17.212568331435346, 18.179290164997695, 17.887171562006717, 18.15010570350219, 17.851513017907802, 18.255631970427014, 18.770912147887866, 17.67569240677186, 18.425186134718288, 17.740067213820986, 17.878320347005616, 17.78005047028235, 17.940531606011625, 17.732949199269477, 18.04990477451191, 18.146030907174644, 18.066129235371882, 18.117415298550018, 18.301929123597883, 17.975717611073442, 18.62579037427409, 17.627297811185446, 17.816701367592014, 17.887345962235376, 17.659048595360765, 17.70201835068385, 17.86534348422274, 17.821132005086184, 17.51822084865858, 18.09455259418155, 17.580003757164903, 17.379612841028653, 17.4903512989197, 18.081556718870264, 18.256238413243533]
[16.989451424973222, 18.1876717430572, 18.252163313858468, 18.175650746717796, 17.641138023680952, 17.227043980249647, 17.935152912439463, 17.97064927020313, 17.842159171711394, 18.590770476030627, 18.19583930987414, 18.381529621091858, 18.384112401031636, 18.130682993199564, 17.8626465731531, 17.212568331435346, 18.099051822671157, 17.879790737502255, 18.01759592269998, 17.851513017907802, 18.20884276791012, 18.753389579526367, 17.67569240677186, 18.425186134718288, 17.63737150844754, 17.821710429090153, 17.701625480989463, 17.940531606011625, 17.732949199269477, 17.977960911883642, 18.13765849424552, 18.061854197529748, 18.101625261809254, 18.236458914720977, 17.844698033501697, 18.613448048029635, 17.59270380243858, 17.727387613942305, 17.887345962235376, 17.650238580683702, 17.699303468259195, 17.832641204655868, 17.821132005086184, 17.512959545159077, 18.02261751833339, 17.580003757164903, 17.35248272448934, 17.463307968476038, 18.081556718870264, 18.20664637911808]
[16.865178194128653, 18.148031112857616, 18.16912097421485, 18.10298814131893, 17.63394536543629, 17.194423495876798, 17.890280457732803, 17.941179391876368, 17.802429382832912, 18.590770476030627, 18.19583930987414, 18.331935889539444, 18.31334676733575, 18.117538374112097, 17.80356053707772, 17.185890463724707, 18.05972890303251, 17.879790737502255, 17.979029139083657, 17.795237297424713, 18.146505533948407, 18.720777201061402, 17.582430366132158, 18.354506797475185, 17.441771979202162, 17.80088986109468, 17.682928983685315, 17.86570619939419, 17.70346027522678, 17.955107931143502, 18.07159009430169, 18.048181639884895, 18.068341230002055, 18.087384630743195, 17.820201406796315, 18.543023530338026, 17.580641068823315, 17.617179301683116, 17.83876707927062, 17.643345215548614, 17.615877243567436, 17.81566949502207, 17.751476019446653, 17.34483453230397, 18.02261751833339, 17.56017554707953, 17.35248272448934, 17.45197370400685, 18.049485096625382, 18.162180111975204]
[16.748064663929867, 18.122367746916296, 18.104332896517036, 18.080543392039047, 17.615961253851545, 17.187516353510354, 17.869607550398438, 17.881650201830407, 17.802429382832912, 18.5247898651463, 18.14424026187152, 18.19214655106566, 18.266934615125916, 18.108702441014163, 17.750376243265695, 17.185890463724707, 17.99844779720426, 17.815475064350252, 17.861116108834022, 17.760573675490463, 18.110654840996187, 18.720777201061402, 17.503661505941007, 18.337650233488887, 17.359655251806693, 17.77722198189137, 17.662141105384727, 17.797252823282133, 17.667007749125844, 17.85913313212241, 18.065213545362138, 17.972719084722357, 18.03333274387156, 18.087384630743195, 17.82001431042314, 18.521822770843507, 17.572300843704834, 17.603610898267384, 17.83876707927062, 17.617460757813905, 17.542360673952484, 17.815012080789888, 17.71044992059983, 17.34483453230397, 17.972245561559873, 17.482870977147677, 17.34895560368575, 17.324091546225144, 18.038150013643893, 18.090620785104658]
[16.744654538034954, 17.99276279461221, 18.067607794219192, 18.0770077219488, 17.60380621837573, 17.091975637529302, 17.864911299209172, 17.824609104862574, 17.77744675391075, 18.458641244858853, 18.050162642123766, 18.19214655106566, 18.107134081401064, 18.108702441014163, 17.704624105469666, 17.185890463724707, 17.974581937089958, 17.784611904939716, 17.861116108834022, 17.57116700491217, 18.110654840996187, 18.720777201061402, 17.42472286805726, 18.299888646548453, 17.350335366789807, 17.67943379421318, 17.574594986126744, 17.797252823282133, 17.658011583888925, 17.850556243723954, 18.065213545362138, 17.886213210649668, 17.989942789279596, 18.044952001379876, 17.764764382786005, 18.47130560785569, 17.544285074128943, 17.58307748574404, 17.83610088655786, 17.617460757813905, 17.513161831741606, 17.815012080789888, 17.68783114667739, 17.333734039471455, 17.93604424312026, 17.452553250128805, 17.330691717287237, 17.324091546225144, 17.99544471355631, 18.082821534601447]
[16.737896184570015, 17.89130445813557, 18.017618685080237, 17.943449686774777, 17.591073477845658, 17.066040511863363, 17.83291301042133, 17.789315780341898, 17.724049774901708, 18.44020993147391, 18.03932577692064, 18.19214655106566, 18.099008464990238, 18.108702441014163, 17.671768094489146, 17.07302565649972, 17.81001343879252, 17.722847987500742, 17.86105249912754, 17.47108852402209, 18.109177311956067, 18.62954390934892, 17.383118205573517, 18.27395593448412, 17.341590211896204, 17.669513025821033, 17.564589081658635, 17.797252823282133, 17.63775383466856, 17.812504853242032, 18.065213545362138, 17.865344705627326, 17.988580425968436, 18.03448714343529, 17.764764382786005, 18.4454499664718, 17.5436000855651, 17.5605450145331, 17.770815570288242, 17.58173936569305, 17.495196154917245, 17.716510474906663, 17.644981372839474, 17.333734039471455, 17.93604424312026, 17.37745601270398, 17.330691717287237, 17.28579372340547, 17.970119517615093, 17.941486062113388]
[16.737896184570015, 17.856675676820537, 18.017618685080237, 17.929939001871507, 17.591073477845658, 17.055627312894313, 17.832000554052218, 17.76396957188967, 17.719988985499175, 18.407372338157636, 17.943478837833503, 18.108283596251958, 18.099008464990238, 18.047550299842108, 17.62166208907763, 16.926088316417868, 17.80443072073333, 17.719718175317773, 17.808299765200445, 17.464139088884988, 18.029611458653328, 18.57881327145306, 17.339475434194142, 18.224308959334213, 17.341590211896204, 17.529229653649555, 17.528372489637185, 17.797252823282133, 17.63775383466856, 17.76013979684482, 18.03026420631615, 17.865344705627326, 17.98280404715769, 18.024953771484682, 17.764764382786005, 18.38834478936021, 17.5436000855651, 17.44103002461826, 17.770815570288242, 17.55708579055333, 17.455250529067634, 17.626397480288052, 17.632300443632367, 17.16179299735718, 17.93604424312026, 17.30905996641725, 17.31822379920648, 17.24142899837714, 17.902454867380214, 17.941486062113388]
[16.707833997212823, 17.844461337669554, 17.9938470863598, 17.793106499012982, 17.586668829227214, 17.053901547210295, 17.832000554052218, 17.71403485161975, 17.691943901845452, 18.297179385119435, 17.943478837833503, 18.108283596251958, 18.08059951970484, 18.005139601969073, 17.525143005280103, 16.843269193194363, 17.734069484513945, 17.546126230700068, 17.731998588764277, 17.420750094999683, 18.027142382268135, 18.42061953834793, 17.280228390973008, 18.18120917632238, 17.260610524543562, 17.529229653649555, 17.521006439142134, 17.739671021497763, 17.574797417074034, 17.727230780293688, 18.03026420631615, 17.858472733472336, 17.922129106356373, 17.987583564444098, 17.755013462147513, 18.322175274324756, 17.471063727558402, 17.44103002461826, 17.770815570288242, 17.55708579055333, 17.435503934160458, 17.626397480288052, 17.613881593497144, 17.09237678421427, 17.845992415612454, 17.193348859028575, 17.31822379920648, 17.109900188880918, 17.856831618553777, 17.913533665046863]
[16.70621237040119, 17.83541413469549, 17.94139673758294, 17.752061881778502, 17.58149642464109, 17.000932514031636, 17.78916611563168, 17.67483836164344, 17.58978360247289, 18.223220319985252, 17.940604394122094, 17.999705513081306, 18.058946697481787, 18.005139601969073, 17.525143005280103, 16.78539326815225, 17.734069484513945, 17.475891986682058, 17.70316039696167, 17.402270397220192, 17.94537258926937, 18.414800882854813, 17.229681847591543, 18.07223844857797, 17.24330131783962, 17.490372935768487, 17.521006439142134, 17.66315774510453, 17.56318104490871, 17.69818516643259, 18.03026420631615, 17.845328372118985, 17.813770394355608, 17.938476642797458, 17.691765780223818, 18.282370836094735, 17.450267859876, 17.40270172650053, 17.763804086543633, 17.465121890951966, 17.407586614176097, 17.463604533455232, 17.554801457010974, 16.98956065309083, 17.845992415612454, 17.173536605412565, 17.248208363717414, 17.096292540665083, 17.703147914080382, 17.8430039140967]
[16.704099952156177, 17.80192285486507, 17.86889018031505, 17.716434295263497, 17.56046626288748, 16.98630132442485, 17.702369115935387, 17.67483836164344, 17.583861160730653, 18.181650015304623, 17.89093865273969, 17.92624909843654, 18.0057894327119, 17.99802731558924, 17.518414211105778, 16.73103856163392, 17.680875676739486, 17.470177237778323, 17.70316039696167, 17.27916238701233, 17.94402686346794, 18.389467693867765, 17.207420781573035, 18.04200276850341, 17.24330131783962, 17.436750584875046, 17.500895659180134, 17.597415554101342, 17.48504735366683, 17.691913300734747, 17.999672207426926, 17.51138970828641, 17.813770394355608, 17.934244864144055, 17.581217421586206, 18.265426080037603, 17.415571954429385, 17.40270172650053, 17.719508249557656, 17.429249422467656, 17.36188037590302, 17.40583671797207, 17.5131975842579, 16.94439592174935, 17.845992415612454, 17.163452009159275, 17.17864249023623, 17.075232470903583, 17.606932078362945, 17.797402648177574]
[16.686249554276237, 17.68482925180195, 17.82839371916409, 17.663527255254063, 17.51707219959398, 16.98630132442485, 17.53381530016039, 17.67483836164344, 17.473029135884996, 18.164951560960183, 17.791932185215554, 17.89854153970727, 17.996846373290055, 17.99802731558924, 17.48269076800272, 16.68523138451213, 17.63651899087011, 17.45829561151143, 17.67834013566803, 17.26024686562254, 17.85195577871346, 18.33097421250286, 17.179899194905687, 18.032368832561893, 17.23071648657305, 17.430496052386047, 17.424935724771114, 17.478565199160933, 17.419880354837527, 17.690608653047565, 17.947717196070233, 17.51138970828641, 17.75395124794222, 17.92252888418129, 17.471015007154495, 18.265426080037603, 17.249588938071895, 17.388380602748462, 17.62689436392452, 17.383738633314646, 17.36188037590302, 17.401799533580146, 17.483859074609853, 16.906986186297463, 17.845992415612454, 17.10259070270916, 17.11954117851551, 17.060393371439126, 17.606932078362945, 17.7883571903593]
[16.686249554276237, 17.532936633014195, 17.721674074490316, 17.536384452307253, 17.48428580489634, 16.98630132442485, 17.47713195040118, 17.589077282858852, 17.4565441793101, 18.117118583183732, 17.791932185215554, 17.86422872788964, 17.908914736984094, 17.98595437246035, 17.469171435213735, 16.67309711532523, 17.588384111640607, 17.456701662031612, 17.65920722575669, 17.235550243787134, 17.811262079830676, 18.233599163208872, 17.173039610958035, 17.887592288057636, 17.19436987440394, 17.430496052386047, 17.38834766012618, 17.478565199160933, 17.419880354837527, 17.585188093966376, 17.881177520735868, 17.458841498099936, 17.740495736413372, 17.908145739765366, 17.417563068106347, 18.225401094263525, 17.239942142856428, 17.333793404773644, 17.62689436392452, 17.383738633314646, 17.28119981767286, 17.351644520429904, 17.469496964442737, 16.815619863437963, 17.807737896616754, 17.07940431442933, 17.049885613298624, 17.060393371439126, 17.511667724202738, 17.648413061312255]
[16.64947324125463, 17.518028971676454, 17.690949957466056, 17.425914882535505, 17.448414922355244, 16.771320439380823, 17.407531746948386, 17.511761068423517, 17.420544557357157, 18.027877172791918, 17.791932185215554, 17.83270884986461, 17.887209356018516, 17.96667110245113, 17.418818578308805, 16.635687344040388, 17.545469281701834, 17.456701662031612, 17.65920722575669, 17.18184827642532, 17.726774985657386, 18.228836041034064, 17.142978602810494, 17.860923769907565, 17.122505904375686, 17.28601758694996, 17.38512403304203, 17.474194907550604, 17.37762062307929, 17.582610464270026, 17.79344226974725, 17.458841498099936, 17.728494438378167, 17.908145739765366, 17.41621638488483, 18.181273312815463, 17.116218467285915, 17.254967855863924, 17.605137565913264, 17.32436024742099, 17.28119981767286, 17.351644520429904, 17.39440841104073, 16.804755780092044, 17.77528361846211, 17.05686304598567, 17.01670348835055, 16.96789954309761, 17.511667724202738, 17.632618129507385]
[16.64646670364373, 17.490951258953338, 17.68859684679062, 17.360038913730307, 17.218382449152443, 16.608403593791653, 17.407531746948386, 17.499854562748077, 17.403544800572565, 18.012725910053675, 17.791932185215554, 17.814372177508414, 17.887209356018516, 17.872559476386307, 17.418818578308805, 16.635687344040388, 17.43597648639546, 17.454873538006687, 17.562167105218975, 17.18184827642532, 17.710545838525327, 18.210768654550698, 17.121586886446572, 17.770454675683332, 17.096260170141438, 17.28601758694996, 17.335379085075335, 17.427825057118206, 17.26756630609348, 17.51465452888277, 17.699742065977723, 17.458841498099936, 17.67171959352921, 17.828682595250047, 17.41621638488483, 18.170552826975833, 17.09723990690157, 17.204540874603214, 17.605137565913264, 17.31106389537959, 17.136453256585376, 17.31689997513851, 17.32143678444321, 16.77969898513868, 17.7512940733536, 17.032018295298457, 16.932536221765293, 16.9237980211809, 17.482924738242822, 17.609063838349886]
[16.64355858343498, 17.490405740345995, 17.613185115834114, 17.323127467856928, 17.106892431687605, 16.580057283690625, 17.26248266523193, 17.481294319771926, 17.356006616403686, 17.972376334222204, 17.763879151476587, 17.756087033650477, 17.832634934071105, 17.817417300120134, 17.390912650633446, 16.621538832484525, 17.29683503286291, 17.41751623146097, 17.475291842886527, 17.117323123936124, 17.660529664466946, 18.210768654550698, 17.121586886446572, 17.770454675683332, 17.078563280762644, 17.174478966289144, 17.26950803596924, 17.391448100068345, 17.23019482257654, 17.512576778809567, 17.699742065977723, 17.429634858621355, 17.639905461178117, 17.76793979946965, 17.347043489546746, 18.170552826975833, 17.09723990690157, 17.20076371630458, 17.52334338840535, 17.241545565080923, 17.078176126448632, 17.271760168398977, 17.17770642597208, 16.77969898513868, 17.7167602959247, 16.951695719837346, 16.932536221765293, 16.9237980211809, 17.482924738242822, 17.60100714308836]
[16.642233739619193, 17.37204856602198, 17.613185115834114, 17.27494074651309, 17.106892431687605, 16.52460746772979, 17.23982438357493, 17.481141383927767, 17.326425025711995, 17.972376334222204, 17.659067062644173, 17.756087033650477, 17.812950753683666, 17.817417300120134, 17.275637688165784, 16.621538832484525, 17.152119011576158, 17.250814802691536, 17.475291842886527, 17.117323123936124, 17.586037130397944, 18.192103222608882, 17.02224533686329, 17.69810012469883, 17.012762138455287, 17.143732084726345, 17.25104597619214, 17.34780685692437, 17.2021886468441, 17.304903626230992, 17.699717681630112, 17.4204659703125, 17.621200962156635, 17.724099241760705, 17.2393231234425, 18.111178813788293, 17.007516301822392, 17.20076371630458, 17.515917264789397, 17.241545565080923, 17.03096647121327, 17.256573692423167, 17.133708225149913, 16.77969898513868, 17.7167602959247, 16.883701615184677, 16.932536221765293, 16.886256147243742, 17.482924738242822, 17.47780589272212]
[16.642233739619193, 17.3274268905702, 17.613185115834114, 17.27494074651309, 17.02906220327186, 16.49133246244693, 17.189292937464838, 17.384234916033723, 17.303293552729723, 17.919247471043544, 17.608160907484077, 17.756087033650477, 17.744374768854065, 17.81612610525155, 17.220611929023825, 16.57874929152887, 17.152119011576158, 17.166631526212512, 17.445437320673783, 17.117323123936124, 17.51076645284397, 18.192103222608882, 16.987489351121315, 17.633847051583977, 16.836802320967884, 17.087679750122398, 17.17839889641088, 17.34780685692437, 17.123248380626684, 17.26539981481553, 17.569748748921835, 17.403093450588468, 17.60733636668868, 17.723900666062217, 17.206442879607483, 18.048013251899864, 16.980721565928512, 17.073645525796486, 17.50847336591803, 17.12475956383643, 17.03096647121327, 17.22127310648346, 17.133708225149913, 16.77969898513868, 17.646524449046638, 16.850969172986066, 16.86948959240295, 16.82946046946214, 17.482692441458767, 17.388656958223557]
[16.56759853426526, 17.32456126246227, 17.601780065960533, 17.27494074651309, 16.92656112766739, 16.49133246244693, 17.128601246235323, 17.300237045223092, 17.248547614254818, 17.67336598270498, 17.590854289852015, 17.69178876809274, 17.72422155438712, 17.788752869239637, 17.148444592009525, 16.49023745010633, 17.14439175232068, 17.15533069450122, 17.442894476048423, 17.100176432432665, 17.452276139835053, 18.11561302494681, 16.956455111781782, 17.496101347868606, 16.80216556032583, 17.087679750122398, 17.12445556465529, 17.34780685692437, 17.113177996233247, 17.231297626905764, 17.40810888226042, 17.291255584481068, 17.50471100060069, 17.721764297898527, 17.13135683422779, 17.94231411842612, 16.912953768598015, 17.073645525796486, 17.4583496496723, 17.12475956383643, 16.978819977983676, 17.160182298893186, 17.131670776919, 16.75325116156152, 17.646524449046638, 16.848263812499006, 16.86948959240295, 16.730371601142856, 17.349940410329367, 17.350608362059244]
[16.53446998762298, 17.300364563655307, 17.587465136053247, 17.263376624099834, 16.836575276964545, 16.49133246244693, 17.11423580423951, 17.237951993083676, 17.189653017673077, 17.67336598270498, 17.509118283248732, 17.65560422230189, 17.60956136452835, 17.719331903595645, 17.14696749002091, 16.463287674089692, 17.14439175232068, 17.15533069450122, 17.387127371023325, 17.02995363323743, 17.437403601803524, 17.964293089627837, 16.9432724161155, 17.42997052598018, 16.80216556032583, 17.037579353718648, 17.102924452541878, 17.3037895204236, 17.113177996233247, 17.18793201310652, 17.379751751730918, 17.26422683167179, 17.50471100060069, 17.636082124110665, 17.091340183003428, 17.92147835994259, 16.912953768598015, 17.040094564922974, 17.4583496496723, 17.059067757483774, 16.965587522589214, 17.156457892130042, 17.11723910844407, 16.75325116156152, 17.646524449046638, 16.825056795670495, 16.729488489978518, 16.694400946774003, 17.307811033537963, 17.251871301109464]
[16.521840434252333, 17.264815005117338, 17.547036256590616, 17.22509054156931, 16.818674022548976, 16.4486082568176, 17.066231683030324, 17.217556324576453, 17.165453370731377, 17.66396949173774, 17.463304068852455, 17.641518082322687, 17.60956136452835, 17.66272914932811, 17.08795354792435, 16.40993214587271, 17.14439175232068, 17.106091598575823, 17.26685701911557, 17.009326975972172, 17.364985896626685, 17.95903538287211, 16.922198540645734, 17.42997052598018, 16.751766010902145, 16.98252169452688, 17.07682844398868, 17.286386876896586, 17.113177996233247, 17.13169022908351, 17.374796047844292, 17.24376658588792, 17.493547228756825, 17.636082124110665, 17.081494946751526, 17.905680370152147, 16.887438917532734, 16.97942522973738, 17.424236973348577, 17.05820957116008, 16.94177899606395, 17.14896299970506, 17.054139843460725, 16.725166987013363, 17.53815051383017, 16.802258975294006, 16.72592357039874, 16.65175453509833, 17.29990274166467, 17.0974037394953]
[16.513373576840113, 17.264815005117338, 17.479684841566637, 17.16399189368847, 16.7830116827766, 16.431161552165364, 17.065677298060038, 17.10849779301186, 17.164745140064316, 17.66396949173774, 17.432869032038866, 17.603682159842446, 17.561767965831496, 17.613915018079563, 17.02266103074033, 16.40993214587271, 17.09786913067201, 17.041341920953165, 17.249456447206256, 16.916926905400363, 17.277984481166506, 17.90674163066774, 16.91376624165302, 17.42997052598018, 16.73194066943528, 16.885224391425886, 17.007306214946276, 17.269067140965497, 17.069939048047832, 17.121339595142775, 17.267462992950822, 17.20661648991117, 17.434174665893053, 17.636082124110665, 16.970635734776117, 17.712475525944644, 16.81761490570165, 16.897454248369478, 17.39092414982249, 17.047018213129924, 16.862378342004416, 17.14896299970506, 17.036674405025316, 16.725166987013363, 17.505351436944146, 16.802258975294006, 16.59141334652074, 16.647077470874457, 17.29096669728235, 17.0661548479643]
[16.426462428812258, 17.264815005117338, 17.47963866030172, 17.15368978576536, 16.74206245888895, 16.410603807723838, 17.06135477845114, 17.05292706588987, 17.128718384885538, 17.622547215625, 17.39848883530891, 17.5680128148944, 17.561767965831496, 17.613915018079563, 16.976370088020424, 16.392908927040782, 16.991027591772504, 17.013945384588123, 17.207990138099547, 16.901488401132365, 17.21372250314899, 17.851546766703233, 16.84045016594947, 17.346603958058306, 16.73194066943528, 16.85610974041636, 17.007306214946276, 17.269067140965497, 17.04649501208103, 17.04440378962275, 17.26584632626416, 17.20611344004181, 17.320671433050094, 17.5342201183785, 16.970635734776117, 17.633911012437743, 16.81761490570165, 16.897454248369478, 17.363748392899, 17.023590576476984, 16.862378342004416, 17.147040741109407, 16.996729803486694, 16.61227703933428, 17.49067212449822, 16.785970597596627, 16.55291543357336, 16.642766797072152, 17.286289744869855, 17.0661548479643]
[16.421267569400293, 17.262742235184128, 17.370085409954832, 17.15368978576536, 16.71404991861517, 16.410603807723838, 17.055313688901002, 17.03375184892023, 17.021574846618893, 17.59434457427539, 17.39526542612355, 17.5680128148944, 17.504810689727513, 17.59315249248001, 16.88364519825641, 16.33381017769283, 16.991027591772504, 17.013945384588123, 17.16721651843566, 16.84906721382285, 17.11645040653924, 17.851546766703233, 16.795324153086717, 17.25157846006804, 16.729413419987207, 16.819190905025398, 16.993140376517033, 17.22024395983518, 16.935330011095783, 16.998719545229264, 17.195326666991633, 17.196075747732095, 17.3140985447313, 17.516047992688037, 16.917529900943048, 17.633911012437743, 16.792140763772046, 16.89140544220479, 17.327438521971317, 17.023590576476984, 16.847607118164866, 17.11417769774105, 16.996729803486694, 16.581160433884673, 17.299059232612414, 16.74770249889381, 16.55048371716731, 16.642766797072152, 17.28483803387875, 17.003646315446083]
[16.292879777428144, 17.21811246278977, 17.267976129643554, 17.102810795443798, 16.70681014877149, 16.35612056298084, 17.055313688901002, 17.020687401815877, 16.984432501333306, 17.578730371135748, 17.32449872926769, 17.506363791643697, 17.472455105618742, 17.580568678185703, 16.86698300293453, 16.3145157958746, 16.991027591772504, 17.005411719411466, 17.160912223921912, 16.77745210710412, 17.085222250490432, 17.76133690851244, 16.795324153086717, 17.154716364747582, 16.708871010113334, 16.800799225629113, 16.904130929027424, 17.22024395983518, 16.933780081490415, 16.970942626404316, 17.125192951187312, 17.115902529896708, 17.236044292161083, 17.502693865668714, 16.861330581381036, 17.589873886358603, 16.78310824608761, 16.81404635250398, 17.307640388469196, 16.988738276385682, 16.77223514095531, 17.085187652775897, 16.977426458679307, 16.581160433884673, 17.285411124439193, 16.677163183139452, 16.50895056673329, 16.539462223099246, 17.2264144652929, 16.959703298199436]
[16.292879777428144, 17.17277043845873, 17.259664996050653, 17.098569301413328, 16.654685817473705, 16.341161205686923, 17.048875800001674, 17.015557249658393, 16.934517522600437, 17.560901638011778, 17.236927457840796, 17.506363791643697, 17.421131810739297, 17.53466818216717, 16.79989375588756, 16.29952431435492, 16.934062261194327, 16.943787985880967, 17.11897904981538, 16.74935916522541, 17.085222250490432, 17.69030804142009, 16.782318731053188, 17.154716364747582, 16.65843321777647, 16.703341001185038, 16.903439232558846, 17.12256367365631, 16.933780081490415, 16.970942626404316, 17.125192951187312, 17.088211493589863, 17.207339431243295, 17.502693865668714, 16.807820045040824, 17.589873886358603, 16.78310824608761, 16.745481937270974, 17.277164462821368, 16.895988982380754, 16.69273780271551, 17.047706934264333, 16.912794168491452, 16.560241008564567, 17.285411124439193, 16.65534570537638, 16.461275874991355, 16.522738680569347, 17.207042960185667, 16.944653467068086]
[16.182332015658556, 17.00189546299663, 17.242117147854426, 17.003181969808004, 16.62310949777845, 16.241086695765254, 17.02706556723836, 16.9511918005131, 16.90702709710455, 17.498039598654834, 17.22745765765846, 17.473983641655487, 17.378552147139487, 17.41416579402143, 16.786739250063516, 16.26496967267074, 16.934062261194327, 16.875726834455293, 17.11897904981538, 16.74260373804151, 17.05634787534968, 17.627829850074242, 16.737515467553152, 17.09193001351908, 16.60527719578993, 16.658793378956904, 16.88810322661549, 17.096906963246248, 16.87805443728151, 16.96695825559231, 17.125192951187312, 17.078687213605075, 17.15565563923257, 17.45281156536011, 16.769102222242914, 17.43861153456431, 16.78310824608761, 16.651397673397277, 17.241372361343423, 16.87588030574984, 16.640171064952767, 17.00918707014796, 16.903587107919684, 16.472314926622385, 17.23853603740483, 16.601522418679668, 16.421854756190783, 16.50427260255386, 17.198867684389807, 16.921463319492908]
[16.182332015658556, 17.00189546299663, 17.16600474675153, 16.95396198024971, 16.585843863272327, 16.235157315260928, 16.998740617986694, 16.86232457067093, 16.898594938464054, 17.493129931347134, 17.22745765765846, 17.426044509032714, 17.378552147139487, 17.357840743167092, 16.77700261341708, 16.252852528484375, 16.93048367570351, 16.829174596173466, 17.05933536020519, 16.71824023265443, 17.041786733054607, 17.6112968178279, 16.67092882964919, 17.09193001351908, 16.58526258327181, 16.637221494051126, 16.865306910351904, 17.090437051796517, 16.8376179004451, 16.895102318218367, 17.098438604707873, 17.006553466153598, 17.13164832336843, 17.409848477911222, 16.65546598240106, 17.337546279853576, 16.750702528376944, 16.651397673397277, 17.239482832209898, 16.86810497681674, 16.634943494412944, 16.98963817255151, 16.812075520251078, 16.422478132542988, 17.218757862850474, 16.464677724967324, 16.3900928462477, 16.428183624029153, 17.198867684389807, 16.83402792840233]
[15.992837047008965, 17.00189546299663, 17.139242168196066, 16.928857008654052, 16.485656395725307, 16.182577660805133, 16.90800207294996, 16.83855530379023, 16.842190536098123, 17.48625792782845, 17.162903256913893, 17.401634116184745, 17.32199501988864, 17.326650006305503, 16.77700261341708, 16.144601041476268, 16.910155463926074, 16.825299773348963, 17.0449316019622, 16.673145593933075, 17.025964039224892, 17.51872686035145, 16.58402925118396, 16.983974685531393, 16.56606699165659, 16.612629383307496, 16.805893283688683, 17.082295335210752, 16.727367409915722, 16.878341231975188, 17.098438604707873, 17.006553466153598, 17.102546705933456, 17.366076250949263, 16.65546598240106, 17.279384585189938, 16.70069261762447, 16.65091514601764, 17.170916729376692, 16.73420094484309, 16.595931311151833, 16.9713498083451, 16.78555013715247, 16.332267072516935, 17.179697266445263, 16.43764452022345, 16.3900928462477, 16.428183624029153, 17.11532728813549, 16.811722456401675]
[15.970471197603093, 16.994512944555698, 17.035312378479883, 16.872051376598087, 16.473111811569606, 16.158385905307274, 16.878587944510432, 16.783875567929208, 16.842190536098123, 17.458311898441934, 17.074153388305632, 17.396924033324638, 17.297095513415968, 17.277400362202556, 16.764209874680763, 16.11285193579141, 16.86238604833695, 16.78156848293496, 17.0449316019622, 16.603255456386073, 17.000993380472256, 17.51648601066111, 16.55438849715636, 16.901604066978315, 16.53627987039561, 16.586336072865798, 16.70673459920699, 16.995188771234456, 16.687838757231173, 16.840194616194687, 17.057889837049636, 16.891709707675773, 17.08677564514344, 17.267035078136622, 16.65546598240106, 17.222465345222965, 16.668992867512305, 16.604511757157514, 17.101399471787033, 16.68678583381884, 16.55013953993633, 16.950865968381486, 16.763649387796615, 16.32862163335855, 17.141114317458012, 16.43764452022345, 16.34917144468512, 16.397692606117204, 17.11532728813549, 16.811722456401675]
[15.912024497073082, 16.97979752970398, 17.021547289320395, 16.853922262273205, 16.426540509836833, 16.158385905307274, 16.824867698477178, 16.67272030555427, 16.782391155299905, 17.383415909124352, 17.00392946513414, 17.320867517717055, 17.29708848228138, 17.277400362202556, 16.764209874680763, 16.11285193579141, 16.817162361204783, 16.652156552849213, 17.024505344922773, 16.591866878901115, 16.949668634099886, 17.509941899424422, 16.55438849715636, 16.901604066978315, 16.497639435555044, 16.584557968968227, 16.669232464528612, 16.97318840789544, 16.680380929956897, 16.769123574673657, 16.947962203311032, 16.79897646570434, 17.011129013989382, 17.267035078136622, 16.65546598240106, 17.17429992378868, 16.610654099310857, 16.604258191368558, 17.101399471787033, 16.59376350027688, 16.55013953993633, 16.887886104152265, 16.751485843160474, 16.314122763631747, 17.131640312865777, 16.29585076545061, 16.298177830710074, 16.327527876601955, 17.11532728813549, 16.7895401697902]
[15.909048842287524, 16.97979752970398, 17.006959599988768, 16.79427454497262, 16.40849278361487, 16.110643812378136, 16.813968396838188, 16.67272030555427, 16.75494207517559, 17.383415909124352, 16.995864531329943, 17.286171202797387, 17.196300891944674, 17.185606848631792, 16.54712202776515, 16.088646820721806, 16.78253720504265, 16.561466354197012, 17.024505344922773, 16.582802215294205, 16.91862263029707, 17.466946296269878, 16.551169584561784, 16.85641307321726, 16.490218270989175, 16.541689307458704, 16.56763298218479, 16.931507563218155, 16.644212811927368, 16.769123574673657, 16.87818270132265, 16.763731355907673, 17.011129013989382, 17.172561827381372, 16.640170920338512, 17.099509892400505, 16.603171232378998, 16.556503100727646, 16.996983161857635, 16.554139649872127, 16.477171787700264, 16.8670200153353, 16.740463025866493, 16.28843221664395, 17.07318306297206, 16.295545935177984, 16.256692611290458, 16.268861705581628, 17.106867102691524, 16.7895401697902]
[15.814867541093975, 16.791866765200883, 16.988389464817814, 16.700731524820718, 16.37273168552239, 16.063352338107627, 16.772639088002283, 16.665907646640996, 16.73981326435966, 17.28615161046585, 16.995864531329943, 17.178902566831084, 17.187168735667786, 17.14083254933349, 16.514669231199086, 16.067348791014275, 16.78253720504265, 16.495983778051688, 17.021062995766037, 16.348104673299808, 16.882156216413513, 17.416234667050766, 16.450177079951942, 16.815251934493148, 16.440864625889315, 16.541689307458704, 16.56763298218479, 16.931507563218155, 16.630913490885227, 16.763293888525332, 16.87818270132265, 16.736318590529162, 16.97508208429705, 17.172561827381372, 16.605091714778684, 17.024554915405407, 16.523600399403033, 16.530028445383863, 16.86022397855437, 16.534138743212594, 16.477171787700264, 16.82152339882437, 16.740463025866493, 16.221364247691827, 17.052283858206557, 16.28116905485421, 16.186101098886514, 16.268861705581628, 16.971308487537687, 16.7895401697902]
[15.754254753199069, 16.762425014859854, 16.97422318945951, 16.690247753400318, 16.33935310881467, 16.063352338107627, 16.691691813206294, 16.63480490291115, 16.722840780730962, 17.240814091431, 16.957417706399035, 17.154986402178906, 17.123793196978234, 17.124342746027214, 16.514669231199086, 16.067348791014275, 16.71985483144512, 16.463817182561872, 17.021062995766037, 16.348104673299808, 16.882156216413513, 17.377300180751632, 16.450177079951942, 16.815251934493148, 16.430518022284893, 16.488844333938506, 16.56763298218479, 16.895385457913246, 16.571677813857143, 16.756992429867754, 16.68091100791398, 16.67008132974815, 16.938716785056194, 17.148903099186786, 16.58312095087219, 16.99143579000439, 16.511678804223788, 16.51757448412666, 16.847302054182364, 16.468142064628182, 16.477171787700264, 16.78659633145522, 16.72856824530447, 16.209572410468333, 16.92921763259391, 16.20385658347214, 16.186101098886514, 16.196902968163915, 16.924157273262914, 16.77046944562327]
[15.754254753199069, 16.740794903266114, 16.954959652309842, 16.6573725278016, 16.318754563876023, 16.059789365801116, 16.686050852817825, 16.54229325593105, 16.562641453616287, 17.240814091431, 16.900826332990505, 17.053025559534596, 16.96910966036459, 17.064522898561382, 16.501748812060825, 16.063343838225762, 16.58005855973703, 16.342386534446224, 17.007656651063833, 16.348104673299808, 16.87728989212561, 17.377300180751632, 16.423516670206972, 16.815251934493148, 16.41926366649551, 16.488844333938506, 16.56763298218479, 16.87499321917705, 16.540884612411407, 16.683958794440535, 16.665093581308618, 16.652458296776537, 16.792357504040194, 17.140440714781015, 16.517547424398874, 16.987332084449605, 16.505696001435258, 16.50259631644375, 16.815458949527216, 16.4593389752662, 16.40837676615635, 16.74733750057964, 16.72856824530447, 16.195989114219493, 16.826806395732458, 16.156990857846033, 16.18232252902481, 16.15552726617558, 16.86690131975409, 16.765864193354176]
[15.754254753199069, 16.64309040641849, 16.88387370307817, 16.487632014853553, 16.269477900578835, 16.033328681606857, 16.686050852817825, 16.518111904803913, 16.562641453616287, 17.186989495324497, 16.865792765431824, 16.983482477671316, 16.939258561067884, 16.973062014241115, 16.489547686808695, 16.0553677270535, 16.55238860779511, 16.34083789410574, 16.975496967902767, 16.348104673299808, 16.845006981758203, 17.324939078242306, 16.386869431193304, 16.815251934493148, 16.380115593211155, 16.380517982070575, 16.485706981099263, 16.867262687215664, 16.525635914049083, 16.640396305702005, 16.625889184639263, 16.621063550669952, 16.717655783003003, 17.12028212064218, 16.506112647512772, 16.987332084449605, 16.484564911123368, 16.42237561342275, 16.764092012382058, 16.391014853486627, 16.404384380535795, 16.706814647141375, 16.721773516788968, 16.195989114219493, 16.742588354778498, 16.116890404925726, 16.13226182881676, 16.15552726617558, 16.86690131975409, 16.76126906671256]
[15.636000147300013, 16.634284930413042, 16.785601477554458, 16.451836840398542, 16.21639748549324, 15.987382260787555, 16.685465629424627, 16.441555315468367, 16.515733102224083, 17.15383068228424, 16.83940132180531, 16.906646758013512, 16.8369419527606, 16.930581447357618, 16.403033263791976, 16.054240917521998, 16.508019735788736, 16.319941802528398, 16.901832245461108, 16.28494369784716, 16.794128900758746, 17.21540350288317, 16.348377024291203, 16.805322963771165, 16.33045955876225, 16.348061490452828, 16.470647945173425, 16.770477627449743, 16.507760145578168, 16.640396305702005, 16.49570649596341, 16.605211355718154, 16.708521486379645, 17.12028212064218, 16.506112647512772, 16.947217059617838, 16.425955782575045, 16.353364984765506, 16.752257945446587, 16.368073763181894, 16.29061952381278, 16.655529587206587, 16.666485125498596, 16.164445629948016, 16.698150261521768, 16.116890404925726, 16.099697996369947, 16.15552726617558, 16.86690131975409, 16.708008948716255]
[15.546981561901982, 16.622353859578823, 16.740416482315755, 16.422073676567432, 16.21639748549324, 15.95351020835184, 16.678907051835317, 16.280779131696534, 16.479915219327687, 17.15383068228424, 16.796122336240867, 16.888293667121033, 16.8369419527606, 16.76918802385892, 16.376052783423383, 16.033848933871223, 16.45636830134229, 16.272955369063673, 16.85952326366313, 16.270010484957183, 16.794128900758746, 17.112597910013534, 16.237499895587575, 16.720347398248872, 16.28568979623576, 16.338298631743378, 16.393217915622124, 16.475856218916547, 16.507760145578168, 16.640396305702005, 16.45921493262565, 16.510326323181424, 16.700961223090964, 16.99700682129882, 16.502525060036906, 16.8689884006612, 16.380038862341724, 16.32691035017752, 16.74642288456726, 16.368073763181894, 16.29061952381278, 16.636180636289254, 16.623997637719178, 16.103556365269235, 16.66361234725264, 16.083441430692467, 16.071201698013958, 16.15526367653818, 16.86690131975409, 16.69240527300133]
[15.522538726439763, 16.61817263552673, 16.68261212764093, 16.3648362487259, 16.138733340188388, 15.939812246003722, 16.427729048361485, 16.280779131696534, 16.4359062333945, 17.04306732149799, 16.774935937332675, 16.846723917012532, 16.802813719619035, 16.74179020261996, 16.372611104614116, 16.027956534249917, 16.42470078055231, 16.25284563127808, 16.827536710394874, 16.206486179302896, 16.769423223166385, 17.112597910013534, 16.237499895587575, 16.68602375931503, 16.238103418617452, 16.296000254796496, 16.391262476054443, 16.437397790156115, 16.458567924683727, 16.63592778986162, 16.447912354273647, 16.510326323181424, 16.69007419193385, 16.914033902860588, 16.502525060036906, 16.833437917718207, 16.372496318872965, 16.207443329486477, 16.71477525456472, 16.294172355676814, 16.280099882297794, 16.620747936553084, 16.544212211958104, 16.103556365269235, 16.658232342105023, 16.083441430692467, 15.987569262654446, 16.079678901348757, 16.824032938945415, 16.67341150534416]
[15.45722824343522, 16.462987769202932, 16.67374144794287, 16.27879485568245, 16.087630860767042, 15.925696833183022, 16.415117476180747, 16.261142315685976, 16.385993527499306, 17.010832246352823, 16.73163611183572, 16.826287123490882, 16.802813719619035, 16.73176304362005, 16.274035418833968, 15.944326231379302, 16.42044265489188, 16.231553412645564, 16.80032252137573, 16.172784971901855, 16.769423223166385, 17.09832360463622, 16.104911330280704, 16.679297725376337, 16.181874079267146, 16.29027665076168, 16.357823639455262, 16.437397790156115, 16.430448046869458, 16.63592778986162, 16.4325554563865, 16.500443366169435, 16.6570352290083, 16.87507504875736, 16.48313130185606, 16.833437917718207, 16.329484891625857, 16.207443329486477, 16.67083579657947, 16.20281788504007, 16.260541922428672, 16.603294542471712, 16.53852890598179, 16.023965058224995, 16.652506865696044, 16.08338464260145, 15.987569262654446, 16.07173075724534, 16.804732399503138, 16.609567380266903]
[15.451358551429456, 16.370705058039373, 16.670964786289215, 16.27879485568245, 16.03161581223653, 15.924517925157673, 16.415117476180747, 16.245229872753136, 16.306932453068367, 16.883021785743164, 16.721191368755456, 16.808689936991687, 16.802813719619035, 16.600051919851076, 16.234751983369282, 15.885852801224042, 16.413635524320632, 16.184784802898395, 16.735948540269185, 16.172057484443005, 16.76167236074047, 16.977311283272524, 16.06850558843501, 16.673602887406666, 16.178939863103956, 16.2640803569609, 16.320714402326804, 16.437397790156115, 16.408589512526078, 16.604482755446504, 16.399928156817307, 16.43664994752485, 16.6570352290083, 16.84322225183259, 16.47372341986523, 16.824259969590834, 16.269587923361975, 16.207443329486477, 16.612363005586158, 16.198490125081054, 16.207306073599018, 16.56317613502265, 16.453634610635557, 16.023965058224995, 16.640181435735208, 16.02085262598725, 15.98019538907553, 16.05672621238035, 16.772389790311205, 16.456739762807178]
[15.451358551429456, 16.35591932887636, 16.65024657444016, 16.27879485568245, 16.03161581223653, 15.86978080383706, 16.397965838097072, 16.170472696279337, 16.173642798377333, 16.856136371846816, 16.617495634292418, 16.725244496910285, 16.770033619893507, 16.53686400832758, 16.115423396470185, 15.873228637838452, 16.40677291319647, 16.119166423972814, 16.720505185626, 16.116886063003403, 16.75298176768434, 16.965718276252982, 16.06850558843501, 16.61055756881619, 16.153572633009816, 16.220370120164628, 16.320714402326804, 16.36576535654232, 16.359178166874393, 16.604482755446504, 16.356037158429128, 16.402248837662786, 16.517762396514406, 16.76779191160358, 16.430633975440735, 16.824259969590834, 16.190534063438204, 16.200546087108073, 16.461290938922215, 16.12248536878066, 16.207306073599018, 16.512789141601978, 16.344243925529085, 16.023965058224995, 16.640181435735208, 15.986927702203468, 15.961276675770577, 15.964432675753851, 16.69420802326091, 16.42057425000754]
[15.451358551429456, 16.18733567576708, 16.631206648194997, 16.27814027446731, 15.951288934505788, 15.774449701052081, 16.336584383039753, 16.153468700450013, 16.124056295290607, 16.854868548813464, 16.560941056630337, 16.69269111269711, 16.64834170398712, 16.4841137452645, 16.10928362652068, 15.861650178544124, 16.379434219735778, 16.119166423972814, 16.685062497813945, 15.987090027855306, 16.675064010241844, 16.953027207769388, 16.041703254211836, 16.56638710847242, 16.08957743826894, 16.193991514246896, 16.290752752787903, 16.36028878877922, 16.303869673231567, 16.53632755192753, 16.3324490838937, 16.32533205788359, 16.326244691977656, 16.66579922519484, 16.250693988344977, 16.824259969590834, 16.13764262798367, 16.162520831633618, 16.460031270437522, 16.12248536878066, 16.153911293826088, 16.503531777724408, 16.343121181160395, 15.997983326381245, 16.518370219933196, 15.96951419348434, 15.866961690699029, 15.86604408403046, 16.63637256580525, 16.42057425000754]
[15.424516121944265, 16.179151996756154, 16.619164194418904, 16.25784429393027, 15.940767439284008, 15.757430973108072, 16.304775897313835, 16.028796353855864, 16.11542060111917, 16.757534524623487, 16.51166782361851, 16.646651583085653, 16.59677242987525, 16.476091800815986, 16.10928362652068, 15.81358610867294, 16.344580936533532, 16.055276849315913, 16.654624828050085, 15.89838940324095, 16.64316641928834, 16.948367197299905, 15.897278166399769, 16.536689081468424, 15.97941342055303, 16.150564232040146, 16.28223983999244, 16.351641629511796, 16.17567704448092, 16.354121168657013, 16.212638139043154, 16.260141883880447, 16.290882805848042, 16.652162310687437, 16.250693988344977, 16.75027472310985, 16.06647640791628, 16.14924652542878, 16.431697283374753, 16.08471245090011, 16.110576416771295, 16.503531777724408, 16.331075970819555, 15.905874852261661, 16.41111526571612, 15.878402356503832, 15.80446565611316, 15.800987335628173, 16.622895788758438, 16.304712354070553]
[15.312601162704198, 16.093417664626106, 16.57635720419382, 16.243711585109143, 15.885795207360951, 15.754280553142602, 16.29246985088933, 15.97259194810402, 16.06587003898541, 16.70015759445814, 16.4544137496987, 16.62508856101447, 16.561591118254874, 16.455892845026078, 15.972002041190791, 15.81358610867294, 16.265472538892418, 16.03627058517275, 16.594472915824408, 15.88649097251247, 16.589125153915425, 16.939290455837284, 15.880535677257484, 16.46898713457997, 15.950898132382818, 16.068130306999873, 16.27175921087718, 16.35144530555034, 16.122644494828926, 16.326049082322147, 16.198845797479187, 16.25602667488432, 16.070120959798952, 16.58924849572761, 16.101102944691156, 16.68215024035381, 16.060564578095196, 16.14924652542878, 16.425500339187728, 16.050183197511043, 16.090974602903646, 16.42369054086289, 16.331075970819555, 15.861424510051659, 16.382579247887602, 15.807862431974765, 15.75121588018347, 15.785066131488469, 16.622895788758438, 16.260468708770908]
[15.111608737300568, 16.057840702885958, 16.492586255907653, 16.179101824159595, 15.816669748588527, 15.660434311481518, 16.262966549436772, 15.84797862369669, 16.014797852356086, 16.69120389236887, 16.4544137496987, 16.580538506288782, 16.554678170971318, 16.424515244845896, 15.972002041190791, 15.738927807203249, 16.179756561519536, 16.03627058517275, 16.54127227581806, 15.878499554821065, 16.579812325412487, 16.939290455837284, 15.880535677257484, 16.4283706819822, 15.950898132382818, 15.999934388868875, 16.27175921087718, 16.320981428067057, 16.07036170129644, 16.289550946251644, 16.160075567402522, 16.247934987391538, 16.070120959798952, 16.552054299617264, 16.076549873486744, 16.68215024035381, 16.06036164819907, 16.061709394193418, 16.41827044454519, 15.976078309678584, 16.051618852334588, 16.395317631645707, 16.224877751780877, 15.772658987682343, 16.29262823027964, 15.807862431974765, 15.737020205875229, 15.784993226955885, 16.614544174747458, 16.200242882441454]
[15.09175148644859, 16.03902396033214, 16.366499963356198, 16.170414633252538, 15.781345675439544, 15.577925331066771, 16.196058631713314, 15.84797862369669, 15.976124282270138, 16.63665943538529, 16.43330126309175, 16.55783449740503, 16.522377358052374, 16.4206881236357, 15.956840123857267, 15.711305882404304, 16.17226077725822, 15.994708523549098, 16.453009622219028, 15.875215622476645, 16.489003448934632, 16.939290455837284, 15.784228211382, 16.34705466459276, 15.947230048750063, 15.98927110266923, 16.161082705563324, 16.194822640304476, 15.983723662375144, 16.26485841558152, 15.979253787382575, 16.2275939773317, 16.056703569834617, 16.53805745600447, 16.00134552395397, 16.68215024035381, 16.013732556773117, 16.061709394193418, 16.412758408869898, 15.97155312025067, 15.995587589449707, 16.395317631645707, 16.182791309925733, 15.751950605402607, 16.285647245421604, 15.772637642630425, 15.703438078313098, 15.777008349566648, 16.580727837307762, 16.137118384084573]
[15.066850260045456, 15.975268867498746, 16.27921923489679, 16.065549807937785, 15.755153606198743, 15.465004385274474, 16.16788687744733, 15.842749942441088, 15.898839315038577, 16.625526794401974, 16.428017705608355, 16.522993958699047, 16.512159563236157, 16.411784489518766, 15.934884352366245, 15.617505707223046, 16.07950498725832, 15.994708523549098, 16.351567032725633, 15.835802692098914, 16.428068954450907, 16.939290455837284, 15.754285327346874, 16.34705466459276, 15.914167180381165, 15.966806278810171, 16.127824968105347, 16.160298981648545, 15.921253164736942, 16.26485841558152, 15.97756189169564, 16.209906287185657, 15.928571377617704, 16.36873803676529, 16.00122994220679, 16.668534966062165, 15.953919273884429, 16.021457777755053, 16.403909087615368, 15.879224687848327, 15.936613899433954, 16.347894233205217, 16.16516425681686, 15.704371766360293, 16.238369749857956, 15.75486096585874, 15.703438078313098, 15.752825476980604, 16.56170256963672, 16.12356618401932]
[15.066850260045456, 15.916677893111816, 16.245837964656808, 16.065549807937785, 15.641693718153821, 15.435166641491392, 16.14964243783868, 15.83512750751306, 15.791197453335561, 16.625526794401974, 16.35185262404076, 16.522993958699047, 16.450391411796694, 16.399487346424706, 15.879376451914016, 15.577905256316779, 16.014298696975253, 15.872200031562533, 16.306870181495256, 15.835802692098914, 16.413850521256922, 16.873875523237665, 15.751312921069328, 16.34257158323694, 15.900746547341722, 15.908876184917379, 16.081646846817563, 16.134876885600704, 15.913565842738723, 16.22523690689136, 15.912684894705441, 16.209906287185657, 15.832181076358546, 16.335920615709703, 15.957547821163885, 16.592330920576355, 15.932350791120161, 15.980537737453243, 16.306736403553565, 15.846697938076776, 15.913198498764544, 16.279061541755233, 16.16270966094938, 15.668147727533704, 16.21737231436482, 15.73467660281174, 15.703438078313098, 15.743720254673349, 16.451618264360718, 16.088889417593677]
[15.064247008350899, 15.912313807774458, 16.245837964656808, 16.02534923835607, 15.626589938363026, 15.399780289854878, 16.134620520870822, 15.83512750751306, 15.791197453335561, 16.598685775496154, 16.35185262404076, 16.522993958699047, 16.40354510498514, 16.382035485482227, 15.879376451914016, 15.53210668574854, 16.014298696975253, 15.846154798190543, 16.25872934781261, 15.832454406506448, 16.325862072629157, 16.78821013333219, 15.739226239448604, 16.27155499848788, 15.88110886568657, 15.830771398548174, 16.0285316878164, 15.980789414087411, 15.913565842738723, 16.213945068805877, 15.886740618720648, 16.043223613536593, 15.767680895344014, 16.31902786455194, 15.924846159174141, 16.477001540985164, 15.860125421898928, 15.980537737453243, 16.306736403553565, 15.806404287331967, 15.909767441909988, 16.182982340247445, 16.096469435702904, 15.655671144663984, 16.21423759618737, 15.703843012319343, 15.572156825899025, 15.721050495364944, 16.37400574686931, 16.088889417593677]
[15.026142815979174, 15.912313807774458, 16.23202309811632, 15.935916066789165, 15.626589938363026, 15.361309657616156, 16.134620520870822, 15.780598332922228, 15.760498598812898, 16.54903557938237, 16.35185262404076, 16.522993958699047, 16.347552904315172, 16.2647544339731, 15.879376451914016, 15.531207054233835, 15.980783075396142, 15.843477707501245, 16.253954816467317, 15.777584077413184, 16.29075115698475, 16.786406827934258, 15.721464234102788, 16.231890312728122, 15.711215238899097, 15.812213643538396, 16.023977282229204, 15.980789414087411, 15.913565842738723, 16.19680064019402, 15.877498652577794, 16.00374217857331, 15.75087497577611, 16.200875432155403, 15.911160553948369, 16.429418480861646, 15.843865031908487, 15.936696507320955, 16.29962936929959, 15.806404287331967, 15.84792538277396, 16.15825928838317, 15.923450449338116, 15.655671144663984, 16.190067575368296, 15.674195184205178, 15.572156825899025, 15.6874329991656, 16.29382360859495, 16.088889417593677]
[15.026142815979174, 15.899054777926157, 16.17466554250501, 15.894333687328132, 15.459679509022044, 15.34940200509175, 16.13072024657754, 15.74037233281913, 15.659200505849304, 16.54344626020018, 16.35185262404076, 16.479323720719798, 16.30838475373939, 16.254783429035932, 15.879376451914016, 15.4504892107763, 15.980783075396142, 15.827590485827391, 16.189315964765584, 15.777584077413184, 16.29075115698475, 16.786406827934258, 15.663812816829918, 16.18367019290869, 15.711215238899097, 15.754769069099629, 15.897430060966462, 15.980789414087411, 15.913565842738723, 16.166702686139853, 15.877498652577794, 15.93958725220782, 15.711874197633454, 16.108956081492984, 15.911160553948369, 16.419275527219135, 15.748193938901391, 15.936065116352768, 16.29962936929959, 15.782002888349629, 15.845522188292145, 16.12329569330913, 15.870240910838486, 15.556058918654866, 16.119354465438146, 15.591014457133147, 15.56576687850557, 15.6874329991656, 16.29382360859495, 16.07490926778725]
[15.011626439494856, 15.787927945517819, 16.107295729392145, 15.894333687328132, 15.442900792213171, 15.184601049032143, 16.086775388857394, 15.703194165358548, 15.650925210857386, 16.500821141817926, 16.3371179662587, 16.44561233123483, 16.253098542367088, 16.254783429035932, 15.786881948898635, 15.442945047446122, 15.972817055573827, 15.827590485827391, 16.145529279718268, 15.747213367703107, 16.29075115698475, 16.668057699233856, 15.625676282068891, 16.18367019290869, 15.711215238899097, 15.709732620474924, 15.88252715251781, 15.960387128980027, 15.90721693504518, 16.079503999143462, 15.7398550811299, 15.93958725220782, 15.656722591912796, 16.06289815430543, 15.911160553948369, 16.403237278878272, 15.71058667978014, 15.92074530236601, 16.294370397430416, 15.782002888349629, 15.819424388036506, 16.019462734286897, 15.8396934277252, 15.531951448793711, 16.08630356451249, 15.503528533290009, 15.465427482152762, 15.683290505313256, 16.2433774996049, 16.052105322717797]
[14.989749560107802, 15.765719946127902, 16.00267720390368, 15.816122845658963, 15.43312085641882, 15.184601049032143, 16.021375791983424, 15.681717988701337, 15.650925210857386, 16.408891383293387, 16.23480267575448, 16.369608029819787, 16.218337907376185, 16.227856024528784, 15.766311912490186, 15.44132644469388, 15.969770922594714, 15.76620721264896, 16.027940634464898, 15.744585925628035, 16.283093225678474, 16.625781025442155, 15.574916599082409, 16.13827681709774, 15.639017804785642, 15.706263209803305, 15.873286936425803, 15.960387128980027, 15.871692058119084, 16.023490014343658, 15.72729366462507, 15.823497068178057, 15.631718929336376, 16.030890302840014, 15.908966064414026, 16.370344322953144, 15.648949987793404, 15.835557696487228, 16.230610832661753, 15.758483470710692, 15.784115143777834, 15.982615364476278, 15.789963097776257, 15.494598770263059, 16.031726164507674, 15.503528533290009, 15.435932703642312, 15.618558113739846, 16.206940090816413, 16.031963915685754]
[14.989749560107802, 15.75477727362285, 15.985136363851932, 15.793146336398712, 15.43312085641882, 15.144165549110284, 15.94642420178666, 15.574962365549723, 15.585749102215114, 16.408891383293387, 16.212069309886555, 16.369608029819787, 16.190240341976427, 16.196409577671318, 15.714588422258029, 15.386949243026056, 15.95276546124293, 15.76620721264896, 16.01237640942239, 15.671520779465173, 16.245369534957458, 16.55902843211511, 15.48201862018603, 16.055514325869563, 15.608961847065533, 15.656008191886368, 15.750480480907004, 15.960387128980027, 15.796878436083954, 16.001759188700085, 15.686154390957364, 15.79405144511486, 15.601604690603272, 15.932424855690039, 15.908966064414026, 16.35520751112778, 15.51450419170067, 15.735114598381864, 16.128180700801995, 15.698305451499724, 15.75145486111792, 15.897483130391146, 15.716413690776033, 15.447914014634568, 16.031726164507674, 15.503528533290009, 15.435932703642312, 15.607744532051754, 16.206940090816413, 16.01120200090067]
[14.959814517214118, 15.743470537160144, 15.968845809854091, 15.793146336398712, 15.400423833841785, 15.144165549110284, 15.891974782458286, 15.563819919796307, 15.533126455458675, 16.408891383293387, 16.199453660364878, 16.348529864842757, 16.083181783618798, 16.167731947081148, 15.714588422258029, 15.357093720664954, 15.93347606077082, 15.608280375622536, 15.99305857365026, 15.667966902735586, 16.185513052626916, 16.341038144053027, 15.479179183188412, 16.055514325869563, 15.608961847065533, 15.656008191886368, 15.701905191387073, 15.879900584445068, 15.766299138030627, 15.896414744026368, 15.686154390957364, 15.79405144511486, 15.601604690603272, 15.865221949828669, 15.809916644178864, 16.294649414042198, 15.507467911977315, 15.694059490688971, 16.128180700801995, 15.671757823349642, 15.65966849035183, 15.846762338414283, 15.693921878269862, 15.409865353604431, 15.950078875693118, 15.471654443907445, 15.435932703642312, 15.475354324600096, 16.204516564445317, 15.958487181347664]
[14.823812027105351, 15.743470537160144, 15.909638983860035, 15.793146336398712, 15.267561494883505, 15.078619701800392, 15.884389666471233, 15.524061345951125, 15.49478305937956, 16.314512698659634, 16.162280511649016, 16.270324892747748, 16.080982598503063, 16.1408472405694, 15.64801889639196, 15.321999875120326, 15.911381133230865, 15.55058030637573, 15.929697181489914, 15.606029230375132, 16.185513052626916, 16.31801430605239, 15.479179183188412, 16.04355163162374, 15.599086956162264, 15.610361179115577, 15.647933368576684, 15.781274690231982, 15.71296916258218, 15.833791019853885, 15.686154390957364, 15.784194760925743, 15.592947010209661, 15.800474456747617, 15.73974484467981, 16.247053767020777, 15.499830381723772, 15.694059490688971, 16.12732631435602, 15.636202753821092, 15.646203952460107, 15.786997224819435, 15.641472765180026, 15.364093126086516, 15.894043478054721, 15.423027300995207, 15.355601724754127, 15.377993963191903, 16.173929356123374, 15.819755843589244]
[14.821723532720853, 15.634465838046642, 15.881709853304372, 15.721468627867546, 15.267561494883505, 15.078619701800392, 15.884389666471233, 15.524061345951125, 15.49478305937956, 16.302785969363622, 16.162280511649016, 16.20085799550609, 16.06522675494624, 16.0373027082288, 15.617077260143867, 15.312548376293648, 15.911381133230865, 15.460340831412225, 15.882122183234932, 15.586905878882934, 16.06065957533601, 16.289452070051432, 15.47210702128353, 15.985959529907245, 15.513539716536588, 15.610361179115577, 15.62103841734584, 15.742974939175145, 15.676712417413375, 15.832805114925993, 15.686154390957364, 15.784194760925743, 15.557580146559422, 15.800474456747617, 15.73384755850051, 16.247053767020777, 15.477910759553165, 15.67279184263673, 16.10661059761751, 15.580183572419608, 15.644792576804733, 15.716787213444423, 15.5881483532392, 15.328270760244232, 15.885596145630563, 15.375068942405388, 15.27703671818366, 15.358130951943707, 16.113219070324156, 15.794298442374387]
[14.80515166522324, 15.604015080543572, 15.871083544302191, 15.636924289620879, 15.255842565521817, 15.046723921579769, 15.884389666471233, 15.485674413395893, 15.44192844956263, 16.29882178382376, 16.162280511649016, 16.164153836873357, 16.030653101497556, 16.014702713281473, 15.556953098178166, 15.26183485688187, 15.812394755936428, 15.425523267136025, 15.872107706430953, 15.585846309086392, 16.06065957533601, 16.28432655161178, 15.40381223129435, 15.91092664953658, 15.487503407945155, 15.583924538572777, 15.537152288228953, 15.742974939175145, 15.598819751527909, 15.806805805544139, 15.686154390957364, 15.784194760925743, 15.535679461424223, 15.679224532122197, 15.67128549849252, 16.175736005894034, 15.477910759553165, 15.660021463609741, 16.07697153840684, 15.545977773068724, 15.606538213610168, 15.716787213444423, 15.567014229481998, 15.31607930645111, 15.832085592279762, 15.315639715678316, 15.247461247795258, 15.304024932650464, 16.064742846654745, 15.686810195457943]
[14.73055113428336, 15.603096727124878, 15.836489941354031, 15.530037635992773, 15.205153464539837, 14.994393085320343, 15.862141559812418, 15.485674413395893, 15.423267410291142, 16.217279299166876, 16.142298305046694, 16.090263418596113, 15.952841771949858, 16.005742315571194, 15.452447956333732, 15.143827247378448, 15.71401571658588, 15.407505061143656, 15.848536878479782, 15.544275131814587, 16.047299767061897, 16.251679873960235, 15.39589934430326, 15.794337401630784, 15.42652870875222, 15.580369928783991, 15.534081840665147, 15.717429401791724, 15.573784437321146, 15.785693877605388, 15.686154390957364, 15.74260808819488, 15.535679461424223, 15.610628722540167, 15.67128549849252, 16.15303673493417, 15.477910759553165, 15.59210201794906, 16.073767351265722, 15.545977773068724, 15.53664502202329, 15.714799076319235, 15.53053983952305, 15.31607930645111, 15.732345859845731, 15.288721874129255, 15.230926087667626, 15.30216094680893, 15.993990354408618, 15.646614716208465]
[14.713487708196425, 15.554925099844468, 15.797729646420365, 15.530037635992773, 15.201416993669222, 14.975958526997266, 15.815962699407649, 15.450738966381712, 15.394348118423954, 16.19319108051124, 16.086230299333927, 16.042324349642087, 15.90912397225959, 15.991344413962889, 15.442704012443972, 15.098212239076991, 15.71401571658588, 15.392134960071036, 15.84564421062024, 15.529272275753893, 16.026876828492536, 16.214632931825786, 15.317345834935864, 15.79091892208435, 15.409305970987552, 15.553650410609382, 15.470722616297968, 15.684051570598342, 15.573784437321146, 15.740372785880009, 15.612644844721235, 15.737404870813112, 15.506070049654, 15.610287923323316, 15.65647887148713, 16.124152033429382, 15.443742979261604, 15.557823934452404, 16.06714495921324, 15.499530387776499, 15.462847187892086, 15.714799076319235, 15.522190043488445, 15.270099039771935, 15.708228981525831, 15.168259022130973, 15.192091164813258, 15.30216094680893, 15.993990354408618, 15.637151490377212]
[14.665617469325886, 15.554925099844468, 15.753961239054055, 15.517772441354321, 15.188094691168924, 14.90958422670892, 15.803993247025065, 15.432800100249668, 15.394348118423954, 16.188532129124447, 16.051944060890754, 16.024625981266844, 15.83833386267185, 15.948197489437513, 15.442704012443972, 15.060831668444393, 15.67656071088609, 15.295905404075768, 15.83176783378627, 15.460341940037225, 16.010032315229008, 16.178748687253467, 15.248999298135837, 15.79091892208435, 15.36523946881432, 15.435123208557192, 15.412866456869484, 15.677247137758354, 15.553876539796367, 15.721511112593305, 15.59324858375831, 15.659394948521845, 15.478443541759498, 15.604919182728912, 15.647321928094087, 16.021449509234774, 15.437195618970401, 15.502476664628494, 16.038094364477693, 15.34536255663787, 15.436115703244951, 15.656694890906476, 15.512270973538534, 15.12654624370678, 15.619379962290049, 15.088861965699575, 15.12635836590552, 15.25295277309138, 15.993990354408618, 15.596309073460727]
[14.665617469325886, 15.554925099844468, 15.702750207890958, 15.517772441354321, 15.0775710589004, 14.899462166233565, 15.738163411699205, 15.410439319864858, 15.37744953281101, 16.183622029157522, 15.976598897646591, 16.00391930438446, 15.831869444809968, 15.90942075495895, 15.435362967412084, 15.036377206456768, 15.67656071088609, 15.23673835699169, 15.74008529442967, 15.412735826558954, 15.989848670416526, 16.145701776125254, 15.189905237876237, 15.721509629682052, 15.279562099304044, 15.410476518795068, 15.361804639065742, 15.640196364931807, 15.54821461628355, 15.721511112593305, 15.504347801520742, 15.556103868736965, 15.478443541759498, 15.590904503183191, 15.61646507283497, 15.945105376003173, 15.315712168336763, 15.433806313668333, 15.924001292715284, 15.259576369133601, 15.373982113759343, 15.623042969338536, 15.469142601796893, 15.081046342109653, 15.612821541231977, 14.970212359807551, 15.109116715528017, 15.225975836674603, 15.964633758180492, 15.556694302759968]
[14.64025275638227, 15.542941894920313, 15.690183317672941, 15.508537561537906, 15.064103240622568, 14.885447818175544, 15.69707766705893, 15.38796749162818, 15.297201654292062, 16.177339460680287, 15.944075312724696, 15.936185677674029, 15.831869444809968, 15.864498621795047, 15.433072862755926, 15.036377206456768, 15.63242733157971, 15.214693310984206, 15.687696254111827, 15.400189933919155, 15.845623394196679, 16.11420574296533, 15.154462633780302, 15.703795744786678, 15.241167450069401, 15.410476518795068, 15.361468604460669, 15.63545996277258, 15.464884928302027, 15.721511112593305, 15.476865536986804, 15.496642649031788, 15.443867561337981, 15.580638038929084, 15.490567275215076, 15.848435388834833, 15.304283505719724, 15.424717241940801, 15.832132006371548, 15.228004031661564, 15.331451576057749, 15.59638756493502, 15.469142601796893, 15.081046342109653, 15.537747679500892, 14.962774705020838, 15.109116715528017, 15.201092999634033, 15.864036417640751, 15.556694302759968]
[14.606635185767468, 15.459701086962053, 15.609155388465448, 15.508537561537906, 15.032787458918273, 14.842958269630623, 15.595237483695252, 15.382451101509165, 15.295196450838983, 16.177339460680287, 15.944075312724696, 15.840013160741563, 15.7769615735456, 15.84608021623286, 15.313246978655679, 14.966719076422873, 15.525587917393569, 15.20308037671963, 15.642040494284142, 15.360319871963151, 15.843176244727681, 16.10232300393618, 15.044440645745178, 15.6927020225616, 15.241167450069401, 15.38272363967252, 15.335604384991615, 15.61880822524311, 15.464884928302027, 15.654718686592412, 15.476865536986804, 15.496642649031788, 15.443867561337981, 15.576097066484124, 15.478636594129245, 15.791031994417455, 15.276356937164541, 15.417856012334124, 15.832132006371548, 15.200225658162239, 15.331451576057749, 15.51575555535955, 15.32618866901306, 15.042500964168164, 15.535836612183209, 14.96262002427918, 15.090850008319427, 15.087783768901266, 15.822736945763106, 15.556694302759968]
[14.55137452214657, 15.459701086962053, 15.609155388465448, 15.428576691140623, 15.003956626963305, 14.842958269630623, 15.595237483695252, 15.320214005380887, 15.295196450838983, 16.110746575220322, 15.925711425651215, 15.800256031127816, 15.66906886393807, 15.763205827011097, 15.28855008453244, 14.917366134107336, 15.497802997516734, 15.175643286673795, 15.604220539098552, 15.33181078397655, 15.746660388122006, 16.08779560831354, 15.044440645745178, 15.68930756898779, 15.226550718831055, 15.364176814136218, 15.291099330679339, 15.614531804984978, 15.382086151907853, 15.50258185612222, 15.47142047201964, 15.490300261543599, 15.391197656241479, 15.549569362579167, 15.42843579438619, 15.723494299643283, 15.276356937164541, 15.407920591156449, 15.734760570113844, 15.191247885595875, 15.30161205002969, 15.51575555535955, 15.302859425021547, 15.040382723196313, 15.509930205465542, 14.96262002427918, 15.061002720843675, 15.005283090329375, 15.78444227319317, 15.518709817322337]
[14.547955968348685, 15.449416864688299, 15.539476025295732, 15.411028226742783, 14.965651739838439, 14.785106293264443, 15.512565382034694, 15.256075402562288, 15.295196450838983, 16.08307178355551, 15.878549739339283, 15.740059766185585, 15.601474844217739, 15.744385315061503, 15.253863741833536, 14.884674387776908, 15.473286303773047, 15.175643286673795, 15.603315510898176, 15.295914250565668, 15.712425775208061, 16.07548588927883, 15.008197708248023, 15.679973456613586, 15.226550718831055, 15.336194037532803, 15.291099330679339, 15.610615384697098, 15.369052991143443, 15.452989151804559, 15.420311724061719, 15.421297350125155, 15.320480092134733, 15.527369042878751, 15.419026759479806, 15.720342424526422, 15.25428440656545, 15.292527048228157, 15.637259520179118, 15.171368991659307, 15.245841584207522, 15.469314238186012, 15.196112900203934, 14.985896029884415, 15.447870961029974, 14.942421439029573, 14.963414702172695, 14.966239563837316, 15.774207154784804, 15.468647898795592]
[14.504187214244746, 15.42659667759196, 15.480140293582286, 15.382902289424447, 14.936798236424726, 14.726457324947853, 15.512565382034694, 15.15462972136127, 15.295196450838983, 16.08307178355551, 15.71098086336102, 15.73820802285756, 15.601474844217739, 15.744385315061503, 15.183963167716561, 14.873137124221936, 15.473286303773047, 15.167426016608323, 15.551103963301774, 15.276392597437638, 15.60506260007465, 16.04246696655141, 14.994099131297585, 15.639749780059645, 15.141452771269309, 15.254252882643703, 15.26935700826354, 15.546344552288582, 15.369052991143443, 15.452989151804559, 15.226307488667425, 15.40189403107492, 15.25264492606728, 15.466018761287785, 15.419026759479806, 15.720342424526422, 15.18193266726836, 15.181472388542023, 15.61911802266037, 15.076732170396014, 15.245841584207522, 15.439100523756162, 15.19374826132506, 14.912016459077032, 15.447870961029974, 14.911419501211025, 14.906555969473118, 14.932512456424458, 15.774207154784804, 15.44069476332702]
[14.467738269797499, 15.425463790342496, 15.479508749420933, 15.353160559216075, 14.868545074981535, 14.673716572667326, 15.460187314305276, 15.089056887368566, 15.286645673917945, 16.067607782359637, 15.59844913642797, 15.69862329361975, 15.505343470496413, 15.696440605722875, 15.158499822816102, 14.855367111472626, 15.379274434014823, 15.122460013664597, 15.505482719495678, 15.21032620826902, 15.585942286513802, 15.989668925581778, 14.917783312428298, 15.60470552592859, 15.141452771269309, 15.154002832654474, 15.23514876188985, 15.532973952889279, 15.220429601883348, 15.409839881086006, 15.208574239638285, 15.374242692693901, 15.25264492606728, 15.452805371250031, 15.38054668029567, 15.703624275760216, 15.071730045272556, 15.181472388542023, 15.549091225821105, 15.048628367465199, 15.136978101218972, 15.438780407971308, 15.170676468242931, 14.912016459077032, 15.403744356321749, 14.911419501211025, 14.906555969473118, 14.891948920318637, 15.728814256090677, 15.433347671976213]
[14.416976511336449, 15.423618528601072, 15.465340587965105, 15.282602806287041, 14.868545074981535, 14.64916312618684, 15.460187314305276, 15.012804526504686, 15.2156251182615, 16.041082597932085, 15.572441499259275, 15.631418635198068, 15.505343470496413, 15.696440605722875, 15.138909281827242, 14.826819898595764, 15.302187700466273, 15.09360410305592, 15.411008256965522, 15.206925674927493, 15.549264447369007, 15.95288573864423, 14.879807367634598, 15.529498644616178, 15.124370410393079, 15.12474084479715, 15.216087345020537, 15.492861351435215, 15.16348778609489, 15.332743254934318, 15.198881643008184, 15.365302519097805, 15.244029140275762, 15.389595375995265, 15.335612263971324, 15.583252273858813, 14.981249904754742, 15.144620988046068, 15.463503178065855, 15.029437503828486, 15.136978101218972, 15.397036060309347, 15.14245280933589, 14.894560895803576, 15.403744356321749, 14.90660933305171, 14.8592968088796, 14.891948920318637, 15.728814256090677, 15.400433649231179]
[14.383313868013195, 15.392531549932261, 15.443735280489879, 15.274475915048015, 14.861212525914464, 14.639121680650254, 15.453186996752809, 14.932638422196078, 15.180474055453454, 16.011072944056753, 15.395323518414889, 15.631418635198068, 15.500802056034127, 15.652334921596793, 15.110422476634122, 14.813263140206194, 15.302187700466273, 15.049601682876107, 15.370845918106502, 15.137407719640063, 15.515246063977468, 15.95186015708396, 14.879807367634598, 15.386520948669775, 15.093803285830825, 15.088033066579436, 15.216087345020537, 15.452385296275628, 15.101544457789327, 15.244242217328553, 15.159359655484867, 15.3293363253262, 15.176344521847463, 15.302367450798561, 15.25740168702448, 15.57185992267435, 14.913915119543622, 15.096546734355599, 15.444104252134434, 15.00489408597738, 15.07032429205771, 15.315251365151294, 15.108991203739446, 14.894560895803576, 15.322650637420093, 14.898126292566507, 14.834974474787543, 14.861936858311648, 15.712520019119372, 15.343040102148194]
[14.364774663233495, 15.379759481364715, 15.4144282446848, 15.274475915048015, 14.861212525914464, 14.591807651626784, 15.429734313044218, 14.843051109252013, 15.150262507942188, 15.936739046791905, 15.379117529376211, 15.584723992130241, 15.497002007957832, 15.621902631775464, 15.085018843072632, 14.786616843818248, 15.238871674115078, 15.013758006065137, 15.302786107324664, 15.098372913506726, 15.440303753947557, 15.931279883855083, 14.875303346252892, 15.308446916291192, 15.09125506345465, 15.087108741584398, 15.164013874083565, 15.364962161373274, 15.06667211241604, 15.192560916986412, 15.159359655484867, 15.316273913459037, 15.112868872840115, 15.302367450798561, 15.232881962968822, 15.560790632719755, 14.913915119543622, 15.070185385622807, 15.387829262152627, 14.928468016249317, 14.999148250901026, 15.154760539004764, 15.040501359715217, 14.888072584806704, 15.3106157955014, 14.855578700236691, 14.824002901726919, 14.837052866357434, 15.684991359077426, 15.171679844769267]
[14.341696820303852, 15.379759481364715, 15.358215494777415, 15.214561302428667, 14.844530773352393, 14.591807651626784, 15.342459712001295, 14.842746462175052, 15.05664318864946, 15.936739046791905, 15.377853014159072, 15.56385508543382, 15.497002007957832, 15.619074229844255, 15.085018843072632, 14.728555467458923, 15.192347240293888, 15.013758006065137, 15.234076301532497, 14.94574567253639, 15.417922256327728, 15.77379113383255, 14.873595234301291, 15.169967225143441, 15.071672793692148, 15.037043751553515, 15.142358004563567, 15.364962161373274, 15.06667211241604, 15.082968984237414, 15.021405702224012, 15.234150735186, 15.109327910707552, 15.2729491360024, 15.232881962968822, 15.549688559118275, 14.874334985872784, 14.985329434826946, 15.387738152943086, 14.919982554014107, 14.968147651919656, 15.154760539004764, 15.040501359715217, 14.84130314288366, 15.300185264723172, 14.800674295328713, 14.742040839652475, 14.833531030746688, 15.634136222929177, 15.171679844769267]
[14.341696820303852, 15.37346945820019, 15.3314970264968, 15.186089050410024, 14.821054350964403, 14.562239816300126, 15.331354653801895, 14.837867793813995, 15.042966537661362, 15.936739046791905, 15.360281559966907, 15.559155454418507, 15.497002007957832, 15.619074229844255, 15.084670668743158, 14.718025621673913, 15.143119013997264, 14.993514452580715, 15.234076301532497, 14.938464180581438, 15.339677851089903, 15.757071380427528, 14.83736367956856, 15.152388447891237, 15.071672793692148, 14.957658145690568, 15.142358004563567, 15.289538891653375, 14.999516985151956, 15.082968984237414, 14.98350531667424, 15.168710727151653, 15.109327910707552, 15.247705443260543, 15.231898693496657, 15.479709787771203, 14.871104776828863, 14.89729335996708, 15.368568371306628, 14.85605668273593, 14.922682991995554, 15.13469866741587, 15.022604847285487, 14.833145656203413, 15.212565248554018, 14.696908365462429, 14.728136352387889, 14.805830227364712, 15.615607621460786, 15.171679844769267]
[14.174438545586764, 15.363983260476619, 15.25391639555948, 15.163820353902796, 14.764912872211244, 14.539187686673642, 15.259326449520875, 14.835708681292028, 15.001351504708207, 15.91915169677082, 15.360281559966907, 15.511063869737374, 15.461674651693901, 15.618351334189668, 15.084670668743158, 14.703302508323636, 15.084433076599723, 14.932102730949245, 15.155251180906134, 14.918343722190974, 15.272085736766599, 15.737929607577001, 14.752573429808617, 15.108677941441792, 14.990343870393309, 14.84477372313832, 15.120501259350197, 15.28453428515544, 14.964597279292207, 15.028994748052236, 14.940511814998573, 15.103546546048614, 15.109327910707552, 15.206614697386716, 15.215228774548521, 15.382958353158836, 14.871104776828863, 14.827779265174774, 15.3390247050688, 14.822505942510542, 14.922682991995554, 15.118644191630215, 15.022518478361434, 14.704137152496935, 15.133486439930916, 14.629874185354339, 14.728136352387889, 14.805830227364712, 15.567011818773514, 15.126448575337202]
[14.16347165609593, 15.34874786276527, 15.251037465592287, 15.145093545285714, 14.718491704750651, 14.514341787879085, 15.253995601200284, 14.773973434738327, 14.992592317493271, 15.85315467649438, 15.360281559966907, 15.414919113705944, 15.418496137397597, 15.618351334189668, 15.04315508358609, 14.66021814423993, 15.084433076599723, 14.920600540345637, 15.148039351347744, 14.89204584463081, 15.205794664754587, 15.63608806389281, 14.5963025375125, 15.106041869197071, 14.864497234997248, 14.84477372313832, 15.103990653228886, 15.276518880055704, 14.92401614526231, 15.01096094916843, 14.92603146462388, 15.07330497918063, 15.109327910707552, 15.147691606859349, 15.182406064932357, 15.30718811471723, 14.826289976973277, 14.826604670266807, 15.25487418800849, 14.79015347019575, 14.799703764204537, 15.100688802921496, 14.9854398558652, 14.670422038663549, 15.061387854389105, 14.50794156991731, 14.669552362316143, 14.805830227364712, 15.538449800260063, 15.126448575337202]
[14.131831225016175, 15.348365573703006, 15.208576878284651, 15.12271630453318, 14.708857542121468, 14.514341787879085, 15.253995601200284, 14.772735269367638, 14.968167996380814, 15.83468025223674, 15.342619935593685, 15.380447840258942, 15.40072689520033, 15.614917332961692, 15.02484800201105, 14.66021814423993, 15.080187065768095, 14.903661198197117, 15.116331569804021, 14.882959162008182, 15.205794664754587, 15.577385742234402, 14.57009215271132, 14.924043361743196, 14.854979663460716, 14.84477372313832, 15.057010302669322, 15.237199207608114, 14.900134600495244, 14.990745549467636, 14.868559381035524, 15.07330497918063, 15.040894176322286, 15.145898591144647, 15.057183656040698, 15.27277643841983, 14.773333323296683, 14.816865357149817, 15.213367744738855, 14.773323606315438, 14.763339452611735, 15.090956707550152, 14.921711817624793, 14.62834823765607, 15.058001831301997, 14.500545650963094, 14.667503408216623, 14.805830227364712, 15.494188171099916, 15.060587806419921]
[14.131831225016175, 15.329818865182318, 15.102278754919302, 15.07388861113669, 14.599998090693305, 14.47620001957721, 15.224807405515378, 14.767405476642598, 14.909142221070075, 15.81147886448663, 15.305771548800541, 15.27441519964112, 15.385704808187285, 15.575118857741131, 14.968041827462216, 14.523903815757787, 15.076794750131551, 14.883577531580894, 15.082516405170315, 14.876633380102646, 15.152529727114274, 15.571947658540495, 14.57009215271132, 14.887799016789739, 14.821191454580946, 14.84477372313832, 15.033353509622856, 15.237199207608114, 14.897350193133496, 14.939180456100427, 14.846252886315616, 14.946074335538153, 15.016802582035709, 15.118322671142266, 15.038772737047585, 15.27277643841983, 14.720589273317762, 14.774592735926309, 15.178718520471648, 14.763535455414075, 14.682366325228367, 14.94652528395029, 14.822930302892496, 14.547020880700284, 15.002384714511757, 14.500545650963094, 14.632052873153958, 14.710294415099316, 15.361553403585209, 15.060021326392416]
[14.123216779680726, 15.314013225563121, 15.076397495626583, 15.01342708002927, 14.597435844133992, 14.372422787068041, 15.076492056333956, 14.724467867715237, 14.863999702972595, 15.665055664954815, 15.225650576365078, 15.22155021370116, 15.287885346275974, 15.551633388358933, 14.919665774967147, 14.507996206567716, 15.052987081984284, 14.821717385756376, 14.973258576678614, 14.861685262210022, 15.136890001274406, 15.571876553751114, 14.511229752831227, 14.881729576363124, 14.782487428749329, 14.706641415828376, 14.990261010002815, 15.179989261791906, 14.896046119380912, 14.88644012674169, 14.83814113927834, 14.945608460655174, 14.973350556293983, 15.10817100575353, 14.984761161031381, 15.26023002569938, 14.696198690452727, 14.755043268276358, 15.146662753861516, 14.763535455414075, 14.682366325228367, 14.936469098485912, 14.822930302892496, 14.540970817345908, 14.991033047723217, 14.494175014557229, 14.612046477179996, 14.701048640300295, 15.326600945077212, 14.94742053345946]
[14.005726904215056, 15.277416682129076, 15.076397495626583, 14.999541997549176, 14.597435844133992, 14.372422787068041, 15.032180884949875, 14.7161836814141, 14.793699807376175, 15.601120134607331, 15.207677967287989, 15.21897491002675, 15.144853388938467, 15.526323464389222, 14.842486811762878, 14.41698940748528, 15.001579510843587, 14.819571834858134, 14.973258576678614, 14.827968234525116, 15.114832694799082, 15.571876553751114, 14.493760226580909, 14.868335834713156, 14.782487428749329, 14.69815936254064, 14.94651020581544, 15.165331848786826, 14.814673859464932, 14.825325796899245, 14.812133642486888, 14.92269284726485, 14.934303483380102, 15.059575773454622, 14.984761161031381, 15.26023002569938, 14.646103347103878, 14.748344254770245, 15.146662753861516, 14.751741441701634, 14.672164118822787, 14.828564434598434, 14.734645855263755, 14.533686305631079, 14.98427623321273, 14.479577470015917, 14.524618880403414, 14.630457751073692, 15.326600945077212, 14.904035555941467]
[14.005726904215056, 15.257411100534535, 15.02674972301033, 14.998007280747512, 14.597435844133992, 14.33037464440049, 15.025360745368172, 14.715917988180859, 14.771245592052733, 15.5433345613602, 15.207677967287989, 15.211257370567367, 15.102999141904945, 15.470128415752677, 14.82445102149418, 14.391014085297329, 14.992356249254405, 14.815832865912341, 14.973258576678614, 14.757049170219727, 15.114832694799082, 15.457740415520064, 14.493760226580909, 14.808145912623866, 14.677573583917802, 14.613211233029734, 14.895577993874912, 15.088809472983352, 14.791710409592934, 14.814619806438492, 14.812133642486888, 14.874242464330482, 14.86467270327525, 15.045769445193793, 14.974359953948099, 15.259121439588117, 14.624093580999125, 14.748344254770245, 15.096213366202415, 14.720284876070426, 14.654802379589308, 14.815138842448794, 14.70795373940852, 14.525971063577533, 14.969149544613728, 14.442958493714892, 14.516845539517357, 14.630457751073692, 15.243788295834046, 14.85648507160071]
[13.896744597160904, 15.18596156757512, 14.991428204623588, 14.983106437425311, 14.519046138897021, 14.33037464440049, 15.010784112806723, 14.667317124208012, 14.751206771050601, 15.476648491867234, 15.17747319229348, 15.211257370567367, 15.083635632540858, 15.399448095671426, 14.799531279055135, 14.388078196291119, 14.968926774292877, 14.698936270489753, 14.966645999724625, 14.651012099731753, 15.077414806892103, 15.457740415520064, 14.412567377547507, 14.80076392673801, 14.636833401362981, 14.574142713728827, 14.859843854279154, 15.059886870687617, 14.756410226827796, 14.724230602411541, 14.795590852187539, 14.874242464330482, 14.808503394237755, 15.045769445193793, 14.974359953948099, 15.211566436439043, 14.624093580999125, 14.696767422720956, 15.047874795736863, 14.715346735432732, 14.63805298362779, 14.744734578869203, 14.70795373940852, 14.525971063577533, 14.966249118775485, 14.391860223503235, 14.510213817407209, 14.626802469244018, 15.187189080535822, 14.809425007562648]
[13.845439419528242, 15.1355825160362, 14.991428204623588, 14.983106437425311, 14.515752827533811, 14.176327461297996, 15.007384911470828, 14.528688747434398, 14.751206771050601, 15.42868448967413, 15.173984956675529, 15.211257370567367, 15.078194735579606, 15.292419638535327, 14.680845392225667, 14.380633731981456, 14.89388891124437, 14.638298957964878, 14.940730596861988, 14.636005861124904, 15.058877687927929, 15.429268743190358, 14.38884312209731, 14.76582999704035, 14.636833401362981, 14.475199689526232, 14.850738081920735, 14.954278535431357, 14.753967932182013, 14.724230602411541, 14.795590852187539, 14.874242464330482, 14.808503394237755, 15.008328333842337, 14.883410425975063, 15.211566436439043, 14.598463291247118, 14.659084947444807, 14.994719220678814, 14.715346735432732, 14.629273129065306, 14.729261221624313, 14.69544545416872, 14.458113151908213, 14.909508477847826, 14.369570043737653, 14.475282578907116, 14.570653906337617, 15.187189080535822, 14.791220381674318]
[13.78913514676638, 15.114715115457622, 14.94328552421232, 14.908611248375303, 14.511597584666367, 14.175621103267627, 15.007384911470828, 14.436938469313583, 14.64618836224422, 15.401527266506202, 15.165885666889391, 15.155638040434521, 15.078194735579606, 15.271784945896902, 14.68021683515837, 14.370100750098905, 14.822799087468287, 14.593968188796191, 14.906242152497754, 14.599505366722099, 15.013820847914383, 15.345750096022774, 14.339979923861787, 14.738858906323745, 14.551083066835712, 14.475199689526232, 14.679793633805582, 14.950951108704263, 14.74452747078954, 14.724230602411541, 14.795590852187539, 14.824977261903948, 14.792976064640516, 14.912555620478013, 14.797982190399841, 15.210970984884227, 14.473685950625844, 14.631276875021063, 14.993159041622567, 14.706024802333213, 14.552451484574737, 14.71158087362482, 14.597605647296785, 14.435847067589322, 14.828545824425081, 14.348290724813134, 14.47348411910075, 14.502863736118233, 15.184133553908302, 14.791220381674318]
[13.76221520824842, 15.090275993192467, 14.927945769591991, 14.861496112537036, 14.49450040378908, 14.175621103267627, 15.003780395340993, 14.371521271925047, 14.615073397221959, 15.400782489132553, 15.138683694250613, 15.07737013467038, 15.070813205822537, 15.24994116463655, 14.619811943077764, 14.267471517055071, 14.756170095016634, 14.567775805387935, 14.8969205440856, 14.512501827755278, 15.003412452693528, 15.341042536495172, 14.293365928153568, 14.711649569530584, 14.45557294998988, 14.475199689526232, 14.574250535185138, 14.950951108704263, 14.6907293165191, 14.724230602411541, 14.786108437226394, 14.746011204114566, 14.76282081064615, 14.911380579004305, 14.77668065409398, 15.149708240700466, 14.458747438392015, 14.57559142823357, 14.961393064649446, 14.630584151424216, 14.529370417745138, 14.610181190641237, 14.597605647296785, 14.368635136268855, 14.799753240593455, 14.342581179799643, 14.424557017006446, 14.48571486757226, 15.01319920916039, 14.791220381674318]
[13.76221520824842, 14.977228676516788, 14.891352630074579, 14.844463517619001, 14.432693938950163, 14.167439883477972, 15.003780395340993, 14.367171551969614, 14.615073397221959, 15.38015972619416, 15.039199154392975, 15.03018705462217, 15.05995995506309, 15.231545440509425, 14.619811943077764, 14.260378551517942, 14.68461585499455, 14.502931013837985, 14.815275172397653, 14.509645518406876, 15.003412452693528, 15.272698797548847, 14.249491322591945, 14.633701009289814, 14.443189151561365, 14.475199689526232, 14.458327196783193, 14.911608215976091, 14.669456450752431, 14.66527684045667, 14.759854909205027, 14.746011204114566, 14.753148476153333, 14.888341258381013, 14.706190124662374, 15.09894110199007, 14.437936665059919, 14.484463517039046, 14.933025039227406, 14.493566029063231, 14.517767124458658, 14.59611623760706, 14.597605647296785, 14.325815456532538, 14.736834180659255, 14.342581179799643, 14.403070576636917, 14.448403562497996, 15.01319920916039, 14.769241877928149]
[13.75002388952852, 14.936203582478612, 14.890509011512588, 14.730453125934655, 14.409487793883576, 14.157860753338213, 14.927849584098931, 14.333682063165117, 14.61366734348631, 15.342112252383766, 15.020164728786373, 15.02366960696763, 15.05692196403767, 15.219490456678034, 14.540792791701023, 14.192589747155527, 14.68461585499455, 14.502931013837985, 14.786545230627107, 14.493029654656947, 14.978848132160056, 15.272698797548847, 14.248570063130936, 14.61478879131823, 14.415978774716336, 14.472614238148608, 14.458327196783193, 14.889999190613683, 14.66327613351694, 14.599236843234275, 14.704942751594754, 14.731684296670261, 14.744336985811595, 14.886776828839526, 14.65538734905805, 15.09894110199007, 14.437936665059919, 14.436484934019694, 14.923188666010038, 14.445231586522059, 14.498132255672576, 14.574441314822275, 14.491871833804577, 14.283335529773808, 14.70051821066821, 14.339962206357896, 14.385384605313012, 14.444399175878416, 15.01319920916039, 14.746768369549793]
[13.75002388952852, 14.908986102586345, 14.890509011512588, 14.68384264495532, 14.394984709510354, 14.028012764447634, 14.87155420522608, 14.333682063165117, 14.55979392449151, 15.337716825464588, 14.963935352084922, 14.977441043750176, 15.018002003668922, 15.193996564865415, 14.540792791701023, 14.172181736636025, 14.605255108401943, 14.492497378541504, 14.776988265060671, 14.469827548714585, 14.95635869903, 15.248763195349934, 14.217304902869444, 14.61478879131823, 14.375173297762462, 14.358635724008462, 14.380898881713597, 14.800864915603219, 14.650792650454298, 14.549887202944785, 14.704942751594754, 14.731684296670261, 14.681389979266836, 14.886776828839526, 14.498291274307661, 15.022122225912844, 14.437936665059919, 14.367406166195144, 14.906569042100383, 14.400781648791213, 14.47153074441342, 14.568981398227498, 14.485592113231576, 14.229755866820653, 14.674262156037045, 14.290256110879668, 14.369142964562155, 14.444399175878416, 15.01319920916039, 14.716317985195214]
[13.75002388952852, 14.756725945202817, 14.868839227734814, 14.498570919162603, 14.394984709510354, 13.955807676812622, 14.860764679269206, 14.333682063165117, 14.505168925344543, 15.29367493562034, 14.944275291111722, 14.773790286853378, 15.01719958742793, 15.142307922854537, 14.529269568894154, 14.141517807390988, 14.453159599597583, 14.492497378541504, 14.769298263723263, 14.436196448159098, 14.919752023533153, 15.233899242273429, 14.188005742293095, 14.586304944119146, 14.375173297762462, 14.302265148612424, 14.334638141181653, 14.738413314602123, 14.599112503924733, 14.53626435008494, 14.704942751594754, 14.708868514779363, 14.681389979266836, 14.837041384815967, 14.361261623163369, 15.022122225912844, 14.421357632205906, 14.367406166195144, 14.857831331957254, 14.369407618248697, 14.47153074441342, 14.506962583302073, 14.485592113231576, 14.22053410115114, 14.674262156037045, 14.222300253121787, 14.256579662197506, 14.415007679527438, 14.940764140512167, 14.681127352250039]
[13.749916140500707, 14.727223895176223, 14.865550323403516, 14.459545433435682, 14.35861041707636, 13.955807676812622, 14.804440927581922, 14.333682063165117, 14.478520139705989, 15.239471312797786, 14.87581562933732, 14.699912277962326, 14.971682684988124, 15.132301944859927, 14.489539678664363, 14.076295093179231, 14.453159599597583, 14.435671907725862, 14.769298263723263, 14.436196448159098, 14.87278226393596, 15.20162543930926, 14.162286523667769, 14.57190543439776, 14.356571259576572, 14.286063646432908, 14.330657022077748, 14.646415094982697, 14.502640596918514, 14.53626435008494, 14.678842345019248, 14.708236193369128, 14.651514279487339, 14.785959683234484, 14.361261623163369, 15.009597017003196, 14.411126278653807, 14.349600837013616, 14.85036788987619, 14.23381348611097, 14.451298255585906, 14.490349584729461, 14.463474322397479, 14.204421649402173, 14.665533892747217, 14.217545361269762, 14.232199920547185, 14.374224998787971, 14.940764140512167, 14.681127352250039]
[13.646332581822842, 14.686021283621717, 14.7746957640446, 14.459545433435682, 14.300413739650324, 13.874739626530308, 14.781223393857335, 14.291063770950279, 14.465240812925709, 15.140552702247794, 14.871703853232408, 14.6743889011809, 14.909434921504024, 15.132301944859927, 14.455001266747104, 14.027419664463114, 14.434764014679152, 14.406299852865311, 14.753026961451102, 14.345961890272303, 14.87278226393596, 15.20162543930926, 14.111566922908386, 14.57190543439776, 14.264108327184852, 14.267802401989707, 14.330657022077748, 14.5624706127981, 14.485344182288316, 14.51262578250188, 14.661199981471132, 14.680135345305832, 14.630468192537517, 14.785959683234484, 14.361261623163369, 14.98656213049416, 14.369070588893544, 14.346746468635803, 14.713659902497572, 14.087252568159116, 14.381387795141865, 14.490349584729461, 14.354186033697994, 14.204421649402173, 14.608260821887196, 14.206736839948556, 14.184647050522766, 14.333741260011603, 14.911223761534549, 14.649543001572098]
[13.56318536305198, 14.633213431299401, 14.66599866634576, 14.439365252855572, 14.28903153348377, 13.802076978303788, 14.727125184070228, 14.252743100039998, 14.420245862394935, 15.018587168311816, 14.82139592470113, 14.64420779503649, 14.86662003716961, 15.062342875996347, 14.348985473679738, 13.836653175746937, 14.434764014679152, 14.399137871095473, 14.62707115475666, 14.345961890272303, 14.802188820241508, 15.13682384925149, 14.111566922908386, 14.531786873335946, 14.210765218112016, 14.211308958166788, 14.320478156970717, 14.529887835899828, 14.46524099260036, 14.51262578250188, 14.620653005091693, 14.65637843465999, 14.579312763509147, 14.761755662300317, 14.282700050740294, 14.962617299152503, 14.30073689226416, 14.289797239569726, 14.690587443184986, 14.051991358819013, 14.337565380532183, 14.481509554618913, 14.354186033697994, 14.175096028213892, 14.608260821887196, 14.153537191050034, 14.106537617801521, 14.333741260011603, 14.856625370626531, 14.624575820614098]
[13.56318536305198, 14.629411335720244, 14.66593955860832, 14.36785902995968, 14.28903153348377, 13.693012437323944, 14.690249813092919, 14.212717539125743, 14.372723100837709, 14.94852314522726, 14.803352983592566, 14.638090600620094, 14.86662003716961, 15.029724891295507, 14.336108897864094, 13.75913370299013, 14.403546470414117, 14.362736820823244, 14.555025444301961, 14.266986392115541, 14.734871527816614, 15.13682384925149, 14.107146370570709, 14.52286949294351, 14.18834782074821, 14.211308958166788, 14.278677686098604, 14.516764833742652, 14.393107143588873, 14.5107955819138, 14.563443651980643, 14.646699356871329, 14.579312763509147, 14.74418554248769, 14.170616098369333, 14.94134469341131, 14.30073689226416, 14.281130184362343, 14.641480305311836, 14.026648109663153, 14.335516053524689, 14.444682082812431, 14.354186033697994, 14.163047930317504, 14.554715928271364, 14.140563861094225, 14.058630941046122, 14.313875849144093, 14.856625370626531, 14.624575820614098]
[13.56318536305198, 14.574409578470574, 14.658125795297428, 14.347218573786341, 14.281531534812782, 13.688806485417325, 14.606151470028186, 14.11270422765666, 14.36463173750838, 14.931731014045633, 14.803352983592566, 14.638090600620094, 14.86662003716961, 14.978017798635932, 14.322931005836338, 13.75913370299013, 14.39721385174666, 14.345312328977304, 14.548837366905923, 14.188888741565261, 14.708557661269197, 15.110801929280612, 14.086884345402595, 14.420115104819235, 14.14754846409952, 14.211308958166788, 14.248524739278372, 14.411025789677657, 14.319839109895089, 14.489438478267578, 14.56019243795473, 14.61080621643183, 14.552795370135915, 14.675811025929097, 14.0997142289302, 14.887572799242577, 14.2741466077626, 14.218194556843958, 14.628092310000705, 14.003585655298963, 14.335516053524689, 14.379978885241337, 14.354186033697994, 14.160538053878463, 14.507371984321, 13.97945601273627, 14.037604693919672, 14.204681836672197, 14.805126104470085, 14.607031170645996]
[13.519209447977579, 14.571024682384484, 14.650309467758692, 14.336467115554735, 14.060777257645347, 13.640433765008183, 14.604615588005142, 14.067632344466045, 14.250106098367706, 14.901145464254839, 14.787722440654989, 14.576471228574476, 14.802883976198581, 14.884548488047077, 14.270256542825567, 13.751809454768079, 14.368417843078745, 14.345312328977304, 14.522357174838458, 14.188888741565261, 14.704692618428572, 15.022709287523053, 14.063898535638604, 14.397391051931896, 14.140651987657844, 14.211308958166788, 14.150541571897856, 14.383557370869315, 14.319839109895089, 14.475693522960142, 14.504259601430173, 14.570445261977095, 14.469405935567584, 14.635706828358057, 14.076720877697273, 14.8645713409912, 14.189627419574407, 14.140159695006792, 14.622535933366402, 13.981642872169067, 14.335516053524689, 14.226825619687821, 14.354186033697994, 14.124410686894493, 14.460033933432348, 13.902802105223405, 13.997644104880314, 14.200108665636023, 14.613055526217568, 14.607031170645996]
[13.519209447977579, 14.547670318560582, 14.536623381972808, 14.314555705539458, 14.03762496663011, 13.613617861442108, 14.574626011412217, 14.044774403863482, 14.182445030403965, 14.875580195141364, 14.674570712006027, 14.565128440483605, 14.694540257755625, 14.834623373128304, 14.137270273788982, 13.751809454768079, 14.327663809453707, 14.244927063493474, 14.434287562031049, 14.084107753326105, 14.6826374648424, 15.019548565284907, 14.042637577013462, 14.389539671513598, 14.135142321207928, 14.207611558339545, 14.072163911371927, 14.27780825748387, 14.290085361327936, 14.464379652189843, 14.406716667742469, 14.499896369666995, 14.433562944715039, 14.635706828358057, 14.027946159291833, 14.85915655239221, 14.125833861032902, 14.132180923217287, 14.571829833906227, 13.966598997668683, 14.323948265600794, 14.205657190054534, 14.332284812708508, 14.123174923866703, 14.425107124009998, 13.88309000732236, 13.961717481718244, 14.192273732588314, 14.613055526217568, 14.56485539809501]
[13.510205175233079, 14.45350813804871, 14.414624165387206, 14.313552256386771, 14.034458444996464, 13.562402465775966, 14.574626011412217, 14.044774403863482, 14.178407419852084, 14.869981710157523, 14.653297365256117, 14.538256935274504, 14.676410587125162, 14.834623373128304, 14.118099261160733, 13.750979561462481, 14.327663809453707, 14.24086872014218, 14.392749268365728, 14.035745039846802, 14.665117216289758, 15.006518126046723, 14.031501470249875, 14.353123110039684, 14.104134782481362, 14.188684010215672, 14.068855293078082, 14.259310679281757, 14.188170903369855, 14.43449157415406, 14.406716667742469, 14.497035856630273, 14.418809082016992, 14.596957788689727, 14.01794146545621, 14.85915655239221, 14.09202579820555, 14.113869681457809, 14.538774383790036, 13.858467071362771, 14.290336849223877, 14.17975188037541, 14.28873685681667, 14.077562603005129, 14.363094311348044, 13.86551378592198, 13.945248226035346, 14.0274414580097, 14.559138665989945, 14.55418286892692]
[13.493759915154328, 14.446498453071488, 14.404900960257716, 14.285800499185928, 14.00749013843586, 13.562402465775966, 14.504394919648897, 14.005631731661111, 14.177788142741969, 14.869981710157523, 14.590374317647099, 14.504275649871541, 14.6526876670701, 14.776035574453513, 14.10792302448159, 13.704574017318873, 14.273081379656816, 14.22469570792723, 14.371050148919121, 14.035745039846802, 14.598126612020673, 14.982618704381116, 14.031501470249875, 14.353123110039684, 14.06987280263038, 14.16121329791666, 14.068855293078082, 14.219021623345302, 14.175477355676112, 14.406749519100742, 14.339668766929762, 14.346549477311317, 14.396258763277274, 14.588575612852987, 13.99720102153238, 14.776191258730687, 14.086596085991506, 14.113869681457809, 14.516357644221836, 13.852041973583232, 14.228251210207969, 14.17975188037541, 14.25960726610811, 14.003651204575181, 14.348577570915495, 13.78616506119024, 13.865681009928233, 13.97981408558378, 14.524261378928447, 14.55418286892692]
[13.427487984349966, 14.382067471326966, 14.304546207680172, 14.262704442250243, 13.982602988142881, 13.562402465775966, 14.450473801854358, 13.977534890140419, 14.170057560546667, 14.75889369342909, 14.54799126113923, 14.478124981503402, 14.565494270392659, 14.725264523265926, 14.103082930996212, 13.70433823682817, 14.204442718102442, 14.224688609493473, 14.339974297129649, 13.954197753344294, 14.53431369307167, 14.904023539367392, 14.000861882160663, 14.353123110039684, 14.03129331766704, 14.14388869337778, 14.019313092113975, 14.19769824075278, 14.169042240649821, 14.360908218622257, 14.314465781677224, 14.346038446049516, 14.332768834383426, 14.53212855713951, 13.962759924582468, 14.766797570140392, 14.086596085991506, 14.113869681457809, 14.497326221294008, 13.852041973583232, 14.21295245820691, 14.154463293857043, 14.240573705227423, 13.977343416652861, 14.307097544643478, 13.782631315254013, 13.804971869256065, 13.96063681264663, 14.429183280413252, 14.544574540785453]
[13.4164064792634, 14.377924219683365, 14.2810519415221, 14.177123600924006, 13.959253029390116, 13.521614730749528, 14.424009051520063, 13.891544134641544, 14.090722706739495, 14.749554018703488, 14.53970234448613, 14.478124981503402, 14.547729540063902, 14.715745067768008, 14.059908271099797, 13.675028238366712, 14.196256626926232, 14.220011329353913, 14.252090498508178, 13.890549857877744, 14.49502738669583, 14.898770092810505, 13.965215377640599, 14.331910596082697, 14.017014397654473, 14.10987277259907, 14.018249202292072, 14.190087274644393, 14.14478455392936, 14.360908218622257, 14.309627914623828, 14.292644279296093, 14.332768834383426, 14.506831847432773, 13.92097348411112, 14.750953920382766, 14.074566781583508, 13.98512464031803, 14.497326221294008, 13.836263037998037, 14.186088504563362, 14.154463293857043, 14.216394814231165, 13.936878488784538, 14.213689934844883, 13.722100178898666, 13.788742427712782, 13.936464115727329, 14.377212536046281, 14.527028191658548]
[13.4164064792634, 14.340991999793497, 14.194637241599565, 14.163485931389568, 13.928990356653287, 13.485046486980067, 14.424009051520063, 13.861406138909166, 14.060664753532256, 14.718764712528397, 14.420901375432857, 14.400379208879816, 14.525094083040448, 14.49189831155923, 14.037703584680226, 13.629018734171392, 14.102824875069121, 14.177289591943566, 14.250481765875964, 13.863156004616247, 14.449762622195692, 14.877457502703297, 13.930373990050052, 14.294411633813178, 13.974967886621812, 13.975730086666593, 13.962528013357002, 14.187961742322287, 14.14478455392936, 14.345689370576867, 14.158917983468921, 14.292644279296093, 14.332768834383426, 14.496430519238293, 13.89255922464846, 14.628127822730425, 13.963362220763372, 13.98512464031803, 14.425394332130168, 13.836263037998037, 14.08979144947387, 14.154463293857043, 14.214182619131439, 13.936878488784538, 14.206974475193977, 13.71341504839321, 13.763251182064298, 13.936464115727329, 14.360247643159855, 14.494554583746327]
[13.4164064792634, 14.340991999793497, 14.194637241599565, 14.159788869523704, 13.928990356653287, 13.42102598988048, 14.379184569627261, 13.794594019829287, 14.060379575575666, 14.718764712528397, 14.417218942772683, 14.36737694626836, 14.505806957602474, 14.426154342853618, 14.037703584680226, 13.596743928275696, 14.036549920577022, 14.146943868117944, 14.250481765875964, 13.773955345170895, 14.431303972235145, 14.863802975277855, 13.898599179574845, 14.247087079665226, 13.937559429929134, 13.955399516283288, 13.948276371341569, 14.142073441909256, 14.14350827992384, 14.327497143763697, 14.093977829221203, 14.292644279296093, 14.197161699749193, 14.496430519238293, 13.859363589024145, 14.583009329079625, 13.894333864097081, 13.90087905841765, 14.402321127711428, 13.789010101855727, 14.067879780394936, 14.143225079851641, 14.183833089495007, 13.936878488784538, 14.20355476278753, 13.636516084690282, 13.664004511080538, 13.887305122880804, 14.2927077439253, 14.293746538485816]
[13.407719344866525, 14.255099110644412, 14.189059991966342, 14.159788869523704, 13.92557056219601, 13.405244686729244, 14.324814095048936, 13.791083841270074, 14.014033028960716, 14.718764712528397, 14.305152257490864, 14.354062843466654, 14.469539704499287, 14.391882681927404, 14.037560974080929, 13.596743928275696, 14.018382359327678, 14.108623034854105, 14.201659215496088, 13.746241127522092, 14.420967126365554, 14.84355915206137, 13.86590450496512, 14.186237836749655, 13.899856090724981, 13.87441174388828, 13.94180693287446, 14.119911146835557, 14.069378029699333, 14.327497143763697, 14.083289666176867, 14.185152234625894, 14.090579171149944, 14.45478931260484, 13.859363589024145, 14.467502467489728, 13.880758088553454, 13.90087905841765, 14.356199913646325, 13.778357578318895, 14.034146274713276, 14.133750542468823, 14.164445770848967, 13.895440200547592, 14.102592807037075, 13.635025578438098, 13.654465165705801, 13.882859326676543, 14.289426573395493, 14.269453175894526]
[13.40104605581746, 14.255099110644412, 14.18504360323235, 14.043691985433735, 13.908378576368358, 13.405244686729244, 14.232537526661776, 13.746055868897537, 14.01306858221941, 14.64065893190723, 14.293699217781613, 14.354062843466654, 14.445642496065863, 14.36637392256344, 14.01439702121873, 13.561191739020137, 14.000370002751566, 14.079261421754728, 14.15952193133312, 13.741932503310398, 14.406302519541594, 14.7858377434597, 13.836318720967446, 14.139715232848072, 13.886775885574036, 13.773721885896105, 13.94180693287446, 14.089924912771327, 14.069378029699333, 14.327497143763697, 14.064485003650782, 14.125899648219297, 14.076017314533596, 14.426179764635538, 13.839980947093618, 14.448163382629437, 13.880758088553454, 13.861402834962965, 14.27650852797098, 13.670744935246779, 14.034146274713276, 14.115285602477064, 14.160846508834974, 13.784517903440559, 14.088622920387996, 13.601721205952463, 13.623415716377082, 13.882859326676543, 14.289426573395493, 14.247706995968136]
[13.324423969982377, 14.246090487123846, 14.14432871314519, 14.043691985433735, 13.897503784021094, 13.405244686729244, 14.14703159062745, 13.746055868897537, 13.945226704500726, 14.601843824410404, 14.24472526985257, 14.277567321563163, 14.3290670927999, 14.325701837696807, 13.953603856583106, 13.550694659542392, 13.951074594152413, 13.975414987462386, 14.14606856526635, 13.71730905830671, 14.359739775048535, 14.753029819613946, 13.786955366799257, 14.139715232848072, 13.865000230194829, 13.773721885896105, 13.94180693287446, 14.089924912771327, 14.00939424610102, 14.302788957450048, 14.053713090494824, 14.013018751205816, 14.076017314533596, 14.426179764635538, 13.81419720544439, 14.38078998269377, 13.880758088553454, 13.859601429083302, 14.269451285913615, 13.593863879813062, 14.020841504875728, 14.055298736158733, 14.150665548170727, 13.701249836403708, 14.088622920387996, 13.559055091849114, 13.623415716377082, 13.822395882601398, 14.2666511664419, 14.234002904434877]
[13.324423969982377, 14.219816918083762, 14.142663302423012, 14.043447960964636, 13.8922674380352, 13.38956625069542, 14.125140842319814, 13.719026992630825, 13.92423986279473, 14.593007924665264, 14.24472526985257, 14.2215197992029, 14.298145770318019, 14.318160580537329, 13.89104567994105, 13.516336435115239, 13.946573120977893, 13.936477301163626, 14.110770705324004, 13.676827306443489, 14.359739775048535, 14.718459325931377, 13.786955366799257, 14.088334899676642, 13.844966827940633, 13.773721885896105, 13.886071724567136, 14.027469267026742, 13.883376143215708, 14.302788957450048, 13.964491012653117, 13.948188489766943, 14.03954616784942, 14.426179764635538, 13.771870204560333, 14.38078998269377, 13.82202905403184, 13.84817247411174, 14.207032083816307, 13.590213973344039, 14.004812364033564, 14.048021623294773, 14.005516452774554, 13.678234873866211, 14.082722172373007, 13.518937349051509, 13.601886915933108, 13.810490651370833, 14.141789284228114, 14.168949781533318]
[13.287209564274026, 14.215075315138463, 14.119175687269438, 14.028770450363425, 13.858989378166275, 13.369797669459834, 14.101475419538456, 13.67490712534119, 13.873970146496362, 14.53414317074061, 14.199472581912449, 14.172498347150361, 14.298145770318019, 14.301895635846256, 13.870361596014723, 13.484588974052992, 13.941283600732453, 13.936477301163626, 14.10435722202251, 13.676827306443489, 14.330896129214699, 14.648082528976861, 13.786955366799257, 14.088334899676642, 13.824575680264683, 13.773721885896105, 13.886071724567136, 13.904038699838765, 13.856325000714582, 14.243508636704101, 13.902104226048914, 13.938115031024257, 13.991856013985222, 14.340938937972942, 13.712292591923637, 14.275061981589985, 13.82202905403184, 13.83998873059222, 14.088555997445786, 13.571859939785247, 14.003756923260573, 13.92640732076357, 13.906194692909025, 13.612388382789357, 13.969937146853567, 13.517000117055137, 13.601886915933108, 13.785302494463934, 14.141789284228114, 14.058174993972042]
[13.287209564274026, 14.177217913731974, 14.110556680698608, 13.97670003750277, 13.779733834448711, 13.369797669459834, 14.085792333949826, 13.603161321658883, 13.873970146496362, 14.501873412996545, 14.18810754672339, 14.149989389002503, 14.282245835584286, 14.266959558240847, 13.83437626859939, 13.484521411930178, 13.941283600732453, 13.856453598714001, 14.10435722202251, 13.60380445778057, 14.330896129214699, 14.648082528976861, 13.651297100965248, 14.019188044055403, 13.824575680264683, 13.765482143763581, 13.886071724567136, 13.869752340500776, 13.788804002041696, 14.193686891542876, 13.797708737820141, 13.935030252288305, 13.969086441293381, 14.315709583451001, 13.703024403039649, 14.213655651146578, 13.82202905403184, 13.775521753352738, 13.959004922473131, 13.5656585327757, 14.00117778710083, 13.890481182925111, 13.888145214019627, 13.60500330802562, 13.927436077632517, 13.517000117055137, 13.571245438977721, 13.775583555061496, 14.141789284228114, 14.034053299744153]
[13.172655434760463, 14.177217913731974, 14.08915544130229, 13.967996542168578, 13.716592838626289, 13.355546730560482, 14.058580588202101, 13.55194109702656, 13.868880166530312, 14.464847036902833, 14.134264031677244, 14.138003470219072, 14.25759880082004, 14.196211493255749, 13.802603282682423, 13.463288220335517, 13.820796001564895, 13.85332186695113, 14.10435722202251, 13.577097065071296, 14.237213315174575, 14.648082528976861, 13.610831629450615, 14.019188044055403, 13.807768876172645, 13.765482143763581, 13.84450833911347, 13.841671121876493, 13.742273006918055, 14.174596818334772, 13.743522469411953, 13.875131290651717, 13.897643745897607, 14.243750925973234, 13.630780489349524, 14.213655651146578, 13.75412937334129, 13.762037380136281, 13.948450893428866, 13.563116511723104, 13.980740983605505, 13.855067548836667, 13.873424076705684, 13.5890133227734, 13.904003857195885, 13.480882568166106, 13.571245438977721, 13.763957782954687, 14.141789284228114, 13.985376344240738]
[13.162692496804107, 14.158132774886791, 14.0508476152269, 13.949563123568415, 13.691528631293355, 13.304185158150736, 14.04991660635439, 13.444650973021286, 13.832392538902628, 14.46420914834413, 14.085526946872514, 14.126940710897566, 14.142469366666315, 14.187854032210543, 13.802603282682423, 13.45507551861244, 13.806809066634832, 13.848339031816488, 14.055851752338251, 13.577097065071296, 14.174403186407636, 14.648082528976861, 13.607834284980374, 14.008937770915008, 13.788435258370928, 13.73667907885428, 13.816481589894163, 13.813079728173955, 13.709091286269171, 14.028278593115507, 13.743522469411953, 13.853764354236285, 13.897643745897607, 14.243750925973234, 13.540098744659485, 14.206804431552774, 13.722004575072152, 13.710901019188233, 13.922148161437201, 13.497910758708064, 13.980740983605505, 13.855067548836667, 13.873424076705684, 13.565501663944167, 13.892511280482058, 13.437467024064173, 13.560558912665002, 13.648840032164504, 14.09842862486235, 13.960205109383995]
[13.02661956108975, 14.118360602885877, 13.996320095254168, 13.91355576115831, 13.60944711022779, 13.253580502493937, 14.002359137305808, 13.398455434272154, 13.790732461077749, 14.41715222317389, 13.962940856292638, 14.103593178687214, 14.133387123649332, 14.187854032210543, 13.802603282682423, 13.426433885858149, 13.739411944137368, 13.815391445317823, 14.051707981647274, 13.571807159694874, 14.174403186407636, 14.648082528976861, 13.580430692485868, 13.997947697944426, 13.692807909825868, 13.692477311429666, 13.810123770842916, 13.813079728173955, 13.631798737637542, 13.911784007763941, 13.707576088039293, 13.853764354236285, 13.897643745897607, 14.233301977282883, 13.522393560524137, 14.149643793133212, 13.722004575072152, 13.710901019188233, 13.804554610386228, 13.497910758708064, 13.92875623841395, 13.82683982858352, 13.830338711557857, 13.564271477445365, 13.848668028739137, 13.437467024064173, 13.560558912665002, 13.58323427069701, 14.059103194353971, 13.956179872514602]
[12.99073391324237, 14.118360602885877, 13.987777564168647, 13.906432102247507, 13.600765777424517, 13.251648095349776, 13.9861019617716, 13.38715607441747, 13.736799719208369, 14.360918257860453, 13.886615152743556, 14.092039367843146, 14.062878119185351, 14.136160526540397, 13.802603282682423, 13.348476453350617, 13.707953657366414, 13.805612621431015, 13.98664916488267, 13.542825916299694, 14.096802938498836, 14.620370415658096, 13.558778249964732, 13.987040669289183, 13.692807909825868, 13.676666584423952, 13.810123770842916, 13.812559077359566, 13.630498266198861, 13.902141355017374, 13.707576088039293, 13.843329382642287, 13.840511128063957, 14.133729203911951, 13.4882224562045, 14.149643793133212, 13.710431369144583, 13.710901019188233, 13.77531179586254, 13.489151824420123, 13.902527935849594, 13.825241768331034, 13.82642705705602, 13.537150877114561, 13.848668028739137, 13.431519856443334, 13.477039136281217, 13.55112587326876, 14.043801498785765, 13.956179872514602]
[12.971323233791656, 14.107310642835898, 13.901446089165097, 13.858572558641603, 13.600765777424517, 13.231881155767615, 13.929870585949601, 13.310918143887687, 13.728540825341554, 14.32811090594743, 13.886615152743556, 14.059863519692616, 14.062878119185351, 14.095024053524526, 13.705245247301992, 13.348476453350617, 13.6470525575506, 13.805612621431015, 13.973889046487376, 13.528752662450785, 14.075198327462136, 14.529932491016154, 13.510191856203756, 13.972732260425824, 13.654558258524208, 13.663383841201346, 13.766172828241924, 13.77604183366201, 13.619761515248637, 13.878871096184014, 13.695441863410599, 13.803834857668244, 13.834992373918691, 14.0835621857133, 13.4882224562045, 14.12784793765405, 13.710431369144583, 13.701614550979667, 13.768714403429474, 13.40181885256995, 13.884960933711216, 13.768131830262798, 13.776488395228672, 13.505776170470693, 13.848668028739137, 13.376450850482858, 13.44282004452251, 13.472279194922516, 14.001236967142173, 13.909142637386045]
[12.956244088940043, 14.080988041944869, 13.88523719761381, 13.839216356837843, 13.556566694663683, 13.231881155767615, 13.92470030611678, 13.277745067293598, 13.69412761609171, 14.32811090594743, 13.837435609810436, 14.032006723684836, 14.00803960211268, 14.035922415082178, 13.703927816522157, 13.33530696679333, 13.574267918732454, 13.805490200505568, 13.94775675364886, 13.528752662450785, 14.051204551646896, 14.499962189263949, 13.496432956622098, 13.962437829505944, 13.561242461632997, 13.569289841511898, 13.758931182052526, 13.638844712960227, 13.598899589213037, 13.805427415050252, 13.695441863410599, 13.768655379700652, 13.834992373918691, 14.0835621857133, 13.457610115862996, 14.09468221209517, 13.64252461819881, 13.635576584392314, 13.735674571099239, 13.331260001557126, 13.723254403793868, 13.70763830034996, 13.71187014332923, 13.478529447978456, 13.766373881711377, 13.35277842331665, 13.439809238958011, 13.435662610468947, 13.985163580289182, 13.88952737538352]
[12.949649475719696, 14.080988041944869, 13.88523719761381, 13.777680994099418, 13.54783156845454, 13.168604182048218, 13.868230884037597, 13.249785877881664, 13.67496746278402, 14.286238953053177, 13.806431800301164, 14.030351801931165, 13.962026649215224, 14.035922415082178, 13.583273106810282, 13.245417115322756, 13.574267918732454, 13.788176420569993, 13.905228801829598, 13.528752662450785, 13.98587506294752, 14.47514968870451, 13.483064257565042, 13.879265155363731, 13.561242461632997, 13.529484689369735, 13.752808901103924, 13.638762128152544, 13.563686315843839, 13.805427415050252, 13.683463732140684, 13.724636289507709, 13.826724255576163, 14.07807907974156, 13.457610115862996, 13.947981977043293, 13.632354312574876, 13.625717100437239, 13.68612395217205, 13.304813641085593, 13.72265734936389, 13.705951230775781, 13.71187014332923, 13.451023226431385, 13.742016462037308, 13.231616344399413, 13.326656252572914, 13.3618231805817, 13.934730550296745, 13.829151534807895]
[12.949649475719696, 14.066903024588408, 13.732305042759867, 13.692643386534362, 13.515256084865246, 13.168604182048218, 13.868157575607018, 13.242175881130388, 13.625085327107268, 14.248231770214122, 13.74259569305056, 13.980041499541253, 13.962026649215224, 13.920624367263098, 13.583273106810282, 13.185041194736238, 13.560779147536483, 13.788176420569993, 13.905228801829598, 13.526065095663458, 13.970112581708662, 14.426834548561146, 13.333768691877196, 13.839166558681574, 13.546260187205352, 13.486975848121357, 13.716775612702913, 13.613509931109206, 13.469630815697505, 13.799727639777444, 13.56961596516236, 13.687057200224851, 13.794033697855474, 13.98629477087655, 13.452662314684892, 13.899580748698355, 13.519406317322316, 13.616748069983524, 13.624609179768518, 13.304813641085593, 13.675222603093733, 13.690324428573343, 13.659535975135958, 13.451023226431385, 13.711026982835543, 13.22273666070671, 13.314088530402879, 13.294790683180896, 13.893844741894728, 13.826976590214647]
[12.92732271895087, 14.066903024588408, 13.729445168979378, 13.673055421215228, 13.494529830941849, 13.164798117558897, 13.803254616171193, 13.209625517355956, 13.617511049244154, 14.144719590850034, 13.690041906312942, 13.95955182361744, 13.962026649215224, 13.920624367263098, 13.572264966384449, 13.142440950768735, 13.525316505822497, 13.749890341395751, 13.85927920832855, 13.526065095663458, 13.919542222035961, 14.426834548561146, 13.332264749761965, 13.827761850955739, 13.441629842514464, 13.439267400818062, 13.628391765679272, 13.607818605921068, 13.435858847205498, 13.74596293884195, 13.453295119061906, 13.687057200224851, 13.786554087294627, 13.970618279834872, 13.44395212015878, 13.885075917975286, 13.47453633226506, 13.554176707818973, 13.604299922646268, 13.304813641085593, 13.669917771022472, 13.690324428573343, 13.616076476124515, 13.327320780880939, 13.703008172859777, 13.22273666070671, 13.28777945254077, 13.294790683180896, 13.88739526765875, 13.79447634337624]
[12.844415741095006, 14.027166198680352, 13.71750461534116, 13.602522231931772, 13.469899426215203, 13.051383796912045, 13.803254616171193, 13.209625517355956, 13.611178818958484, 14.123783245819638, 13.665047455074298, 13.952794484690136, 13.889915860665136, 13.920624367263098, 13.572264966384449, 13.099514312693941, 13.480797077533532, 13.685688690501213, 13.853108954829818, 13.483504757751149, 13.90002988706991, 14.40741788620058, 13.327484786936902, 13.816278176436464, 13.386414042262384, 13.425139902494873, 13.590760428616282, 13.531439846513228, 13.435858847205498, 13.701861183365821, 13.453295119061906, 13.687057200224851, 13.757547947471323, 13.970618279834872, 13.3520965812702, 13.885075917975286, 13.461044480277002, 13.45235545593761, 13.531971963470022, 13.280110122432415, 13.625840748585045, 13.669472305501973, 13.591440535125008, 13.320511288300954, 13.695745762227642, 13.181322472641298, 13.27534586344142, 13.282156798083804, 13.88739526765875, 13.79447634337624]
[12.794944314955268, 13.892051133197095, 13.71750461534116, 13.600199830623893, 13.44866464863062, 13.014688404638147, 13.803254616171193, 13.209625517355956, 13.595460356640796, 14.118588010783029, 13.621041703246345, 13.880661352212678, 13.885570236051738, 13.859301016542043, 13.547869660382105, 13.099362993536857, 13.480797077533532, 13.595177235678559, 13.844025484768395, 13.465960387247232, 13.881884341369823, 14.392732407078825, 13.307684261060382, 13.782937850818172, 13.386414042262384, 13.410227316864274, 13.518670101364771, 13.518156006248091, 13.420125439382455, 13.669692373377377, 13.433919750492194, 13.654376033025759, 13.711511569367621, 13.867963553138438, 13.33197540551638, 13.885075917975286, 13.445838380850478, 13.44076308912211, 13.52952750521809, 13.280110122432415, 13.50346011430625, 13.605810704073951, 13.544814728901347, 13.270981925362468, 13.682275210323533, 13.13499818591229, 13.255800539113626, 13.234700118414793, 13.875297243902164, 13.680772399369399]
[12.79050657762929, 13.838703679655708, 13.71750461534116, 13.520773610151243, 13.400275539935013, 12.912216761167892, 13.803254616171193, 13.209625517355956, 13.595460356640796, 14.00927387094543, 13.613033988813527, 13.854753455373048, 13.885570236051738, 13.859301016542043, 13.526589693244057, 13.0573741158688, 13.428044414039707, 13.591893126043084, 13.839348644023314, 13.43814353083773, 13.841157890037527, 14.295876325773014, 13.288029083968116, 13.758332920576077, 13.307341837468163, 13.385666914139781, 13.512165592672105, 13.518156006248091, 13.344283424710412, 13.62519833610575, 13.37842942419675, 13.637077471372118, 13.662047824258948, 13.867963553138438, 13.304263342149124, 13.867880083657457, 13.422957217935828, 13.43882372964239, 13.52952750521809, 13.257722493397779, 13.471563905677403, 13.598530404395268, 13.521264334897651, 13.259624070723556, 13.682275210323533, 13.10945496780385, 13.217387127242011, 13.225739558312409, 13.830419595878563, 13.673820322646488]
[12.79050657762929, 13.830605134352714, 13.71750461534116, 13.520773610151243, 13.354683539118508, 12.876014121899237, 13.77559270266642, 13.209625517355956, 13.57911022538982, 14.00927387094543, 13.613033988813527, 13.838422002226281, 13.810548706819219, 13.859301016542043, 13.475652243667344, 13.026414800456234, 13.398214951892133, 13.53364541440165, 13.82351667074126, 13.43814353083773, 13.805229388645056, 14.284236843255439, 13.24002285769728, 13.721637982806294, 13.291623556995262, 13.36789340118024, 13.512165592672105, 13.518156006248091, 13.344197403841338, 13.62519833610575, 13.365047774488286, 13.598550390025583, 13.631516758035612, 13.867963553138438, 13.299654401269692, 13.846077381457382, 13.396528818303542, 13.345736159219673, 13.50855886462972, 13.257722493397779, 13.471563905677403, 13.597710532848946, 13.521264334897651, 13.259624070723556, 13.64201180883905, 13.087194467422776, 13.183791272283244, 13.220094668257962, 13.737275037617485, 13.619633299962217]
[12.739869194943362, 13.82270761240635, 13.676571617664331, 13.5102444909176, 13.334761242869556, 12.807439660731456, 13.732199362324462, 13.201155446228682, 13.533906191882016, 13.997789085430096, 13.575958667815405, 13.830638714361266, 13.79528522541384, 13.811115231071227, 13.43783469791208, 13.020441864148543, 13.381427780961161, 13.53364541440165, 13.79556744035897, 13.43814353083773, 13.783545616320414, 14.255054397626754, 13.169471103594237, 13.721637982806294, 13.291623556995262, 13.356717858406048, 13.49391385678958, 13.518156006248091, 13.32494189833688, 13.62519833610575, 13.351693492601981, 13.585016270296865, 13.624311872730022, 13.774452478740594, 13.295564572639517, 13.775942650787169, 13.388337082464664, 13.28471363905508, 13.432988770965641, 13.257722493397779, 13.471563905677403, 13.536744957014463, 13.521264334897651, 13.204061472202799, 13.606212680374952, 13.06108133929311, 13.177865628552329, 13.154237243071757, 13.720089249330167, 13.597679797982519]
[12.730825052898572, 13.798629526521353, 13.640663629512431, 13.493601105908022, 13.28968396194006, 12.79669339874351, 13.70804808436713, 13.201155446228682, 13.51379413351296, 13.874754007125793, 13.557866565404922, 13.82018627378784, 13.759847750918988, 13.806158415997249, 13.425499543290623, 13.015645354482459, 13.313058716577796, 13.502131810204142, 13.77490927340109, 13.419083719879135, 13.783545616320414, 14.242390602562352, 13.130512275091116, 13.677318703944229, 13.254643754180776, 13.356701222619696, 13.484770967789066, 13.36852226905076, 13.32109173485959, 13.62519833610575, 13.351693492601981, 13.57378412114681, 13.598210529733862, 13.75991134538079, 13.287031998489857, 13.736005464645222, 13.388337082464664, 13.239658335248823, 13.40850297996452, 13.193078178595664, 13.433134556200855, 13.469138015563932, 13.463704697848266, 13.17709041977362, 13.549978591237174, 13.058342489064046, 13.16664488356714, 13.125203261298532, 13.696337744157825, 13.592406260453936]
[12.717654394444157, 13.785538616203263, 13.568187531452333, 13.470985138416598, 13.2567666927411, 12.79669339874351, 13.661286257643855, 13.19810129926194, 13.51379413351296, 13.835252584068721, 13.5457836639774, 13.82018627378784, 13.759847750918988, 13.803906015969517, 13.397641921941887, 12.992756514439298, 13.285319323655745, 13.451152874188136, 13.67543382496957, 13.399305783093022, 13.783545616320414, 14.172541255374785, 13.130512275091116, 13.643183666858102, 13.254643754180776, 13.325432154818708, 13.480345421992249, 13.340675307776758, 13.32006262656903, 13.62519833610575, 13.34448785810551, 13.557397617863035, 13.577423157555554, 13.693738101774276, 13.229372513380548, 13.645303795820478, 13.3726366604237, 13.188121695463138, 13.40850297996452, 13.157953576960603, 13.423633895597243, 13.444893619651292, 13.463653879721857, 13.147368336532958, 13.416594044598662, 12.998185635782317, 13.125440423822493, 13.085133124750417, 13.696337744157825, 13.534207136873153]
[12.67361561621791, 13.69288035072492, 13.48780740359231, 13.35175605332339, 13.2567666927411, 12.692771182260305, 13.646213017686325, 13.161809502679304, 13.416074178850357, 13.831512786940632, 13.490685561153132, 13.817060076612279, 13.742941012678918, 13.795837114500818, 13.381133513387676, 12.927804979636457, 13.285319323655745, 13.434335275970136, 13.59876761052115, 13.37857662331491, 13.761698599362626, 14.141758499448411, 13.082211894049337, 13.617614194479305, 13.23010269766091, 13.311629991702802, 13.476099094988788, 13.340675307776758, 13.32006262656903, 13.57485240374911, 13.34448785810551, 13.554106031604515, 13.46456200727894, 13.684519221075828, 13.21791794138773, 13.567030201377767, 13.356106088883783, 13.13939181857449, 13.40850297996452, 13.093769482299553, 13.355677292209672, 13.411463600731754, 13.407584197303834, 13.121973394976418, 13.405115879841457, 12.998185635782317, 13.104983845339541, 13.085133124750417, 13.690691904306657, 13.534207136873153]
[12.670046538327227, 13.663599029123617, 13.448108333756997, 13.33632318942413, 13.256598018341839, 12.675085921553395, 13.63364779453712, 13.121373796644558, 13.390280324686865, 13.75599910377583, 13.467749862871074, 13.809610615057306, 13.706035296535788, 13.778779993204102, 13.31202985765167, 12.857203379418241, 13.272347972127614, 13.429947095043598, 13.587481930180132, 13.373820841487808, 13.761698599362626, 14.101793183914499, 12.94977026344662, 13.617614194479305, 13.173066568980072, 13.258013283303166, 13.471438458154527, 13.340675307776758, 13.32006262656903, 13.550594978438602, 13.306493263915783, 13.516904363117032, 13.41052973011065, 13.64834352280397, 13.136836516724491, 13.51543812988361, 13.317298015840214, 13.121187866652837, 13.40850297996452, 13.051567553858849, 13.329029078218687, 13.39470513472607, 13.398522225996407, 13.11997370889928, 13.353509452683713, 12.998185635782317, 13.104983845339541, 13.068028552728828, 13.666475865616537, 13.481223642613898]
[12.601605698372074, 13.655522774499854, 13.427043148036827, 13.325806864540084, 13.243925056784457, 12.64139177820334, 13.628240024162745, 13.115801764391563, 13.339686591234516, 13.737232062183782, 13.451098269862067, 13.717987966781772, 13.69526660163747, 13.74357438227193, 13.28763430101264, 12.793574825862207, 13.264605157856147, 13.38326224252691, 13.556345688992497, 13.304672295841698, 13.675964247355186, 14.094679495669471, 12.94977026344662, 13.614707681168719, 13.173066568980072, 13.118301927033077, 13.446463984222717, 13.305912576566755, 13.286160165487399, 13.497496354962891, 13.25601692260724, 13.485983270906274, 13.399734677592395, 13.597342055390422, 13.04324281392648, 13.47829467191186, 13.26169127483627, 13.081398052500097, 13.408268063052793, 12.967778178506336, 13.282634856156724, 13.371344043326895, 13.398522225996407, 13.11997370889928, 13.248502127458291, 12.988639458885705, 13.0926861634935, 13.043802906001446, 13.59362023885394, 13.448130842616555]
[12.578026184120995, 13.64197179645259, 13.315403522628438, 13.290163587083574, 13.208918797447248, 12.64139177820334, 13.551431228864612, 13.085724555270911, 13.313198156017217, 13.715568813723056, 13.435637455848337, 13.674038453471402, 13.6901435614872, 13.688015011354441, 13.242781739201778, 12.767691138362174, 13.258027528951079, 13.3190236305467, 13.556345688992497, 13.281029047032977, 13.656861180787606, 14.052004848220747, 12.948742614498855, 13.534252230170509, 13.148480228400762, 13.118301927033077, 13.416142176067023, 13.277383796373751, 13.286160165487399, 13.497496354962891, 13.25601692260724, 13.44338826403615, 13.29554851880134, 13.595597612220624, 13.04324281392648, 13.452884041165978, 13.26169127483627, 13.057193462342337, 13.329120077561026, 12.956568697506668, 13.282634856156724, 13.337560195173785, 13.376942609962464, 13.11997370889928, 13.232019235744911, 12.987915534754958, 13.0926861634935, 13.043802906001446, 13.536888915731362, 13.436181308219364]
[12.505588371994884, 13.610732986578057, 13.311473187465404, 13.272978222320774, 13.203379756363287, 12.64139177820334, 13.551431228864612, 12.986929604652733, 13.302750500060503, 13.624984448825327, 13.435637455848337, 13.623533430039547, 13.649153554973546, 13.682043599155588, 13.21685744758376, 12.767691138362174, 13.24301052485526, 13.296746139041897, 13.386327906194984, 13.251772645851878, 13.62627398066158, 14.02170532602101, 12.89327380291121, 13.513282720527704, 13.033766864801683, 13.109769608656364, 13.388157284454007, 13.277383796373751, 13.25922902553636, 13.449247721783781, 13.231694877255762, 13.438863155656161, 13.29554851880134, 13.57571661532485, 13.004632018292057, 13.419896914372899, 13.26145732226542, 13.057193462342337, 13.264757342981294, 12.956549465017627, 13.282563313328106, 13.333894215902642, 13.374880414342044, 13.064207188009807, 13.221934392322552, 12.927740958222566, 12.992163063999858, 12.856242538220608, 13.5222364561321, 13.373281312607725]
[12.505588371994884, 13.574907376094336, 13.28007592657288, 13.247248123668285, 13.084088231705092, 12.64139177820334, 13.446811406837611, 12.960054099321795, 13.302750500060503, 13.618125538472318, 13.363268248362122, 13.585544211710701, 13.601291946656875, 13.64294543850267, 13.216838924038814, 12.767691138362174, 13.12483112437297, 13.29553516318128, 13.353527423196983, 13.227604109210892, 13.583813601482538, 14.02170532602101, 12.870380773699509, 13.500195625392942, 12.95591384379949, 13.106667335792201, 13.368414664862366, 13.19444324735817, 13.205435741963663, 13.409827031888494, 13.231694877255762, 13.40744535588764, 13.290344640505316, 13.468009306239406, 13.004632018292057, 13.376130412451579, 13.164286509864272, 13.009831618803227, 13.215283810746627, 12.956549465017627, 13.183653820245079, 13.326004528766015, 13.292018234557663, 13.052651100844491, 13.168514561328877, 12.89684888943755, 12.992163063999858, 12.851842796518833, 13.511142555717544, 13.367345826553626]
[12.500457801310379, 13.560738075965327, 13.28007592657288, 13.179731128867724, 13.084088231705092, 12.554689053475098, 13.37903299880623, 12.891981383796477, 13.270066886844853, 13.593706767244274, 13.33821800958032, 13.530854515321261, 13.566904965464733, 13.585908785458708, 13.213717536356773, 12.745939234293534, 13.106048680765326, 13.284213608151742, 13.340037330977319, 13.197153010081298, 13.576588088902469, 14.02170532602101, 12.860252815890851, 13.487959168894886, 12.95591384379949, 13.106667335792201, 13.302340308427102, 13.167889901945648, 13.112490764368772, 13.37330501949217, 13.184059254074588, 13.365867591557173, 13.273163256116845, 13.427146649974688, 12.957296576056393, 13.363755769280036, 13.164286509864272, 13.007099771101881, 13.186304452858451, 12.937167574058526, 13.183653820245079, 13.300183272893303, 13.21605891959888, 13.017758713030762, 13.104282325178811, 12.882247562485933, 12.992163063999858, 12.844718015468658, 13.453088750921165, 13.342189938628545]
[12.47081341250374, 13.476025780105465, 13.28007592657288, 13.11211859298362, 13.07938230848032, 12.554689053475098, 13.311488071935008, 12.887241115756234, 13.239555336350179, 13.57521826041704, 13.33821800958032, 13.525505628836992, 13.541064100436225, 13.562449500244929, 13.207489633148366, 12.722785043560462, 13.073413737985096, 13.263742347078965, 13.340037330977319, 13.161666956515017, 13.569205841228458, 14.02170532602101, 12.813936709958833, 13.467565199430302, 12.910447629593577, 12.998166807427975, 13.297899979940762, 13.134888705554527, 13.097485847106578, 13.274265210628704, 13.156142748616642, 13.331643178167365, 13.273163256116845, 13.37372643709875, 12.946934015717977, 13.363755769280036, 13.110876960250987, 12.996925310222073, 13.128504667018092, 12.930287879054072, 13.122175656152526, 13.234335146803478, 13.160588830922785, 12.921876770942125, 13.074380710334642, 12.878424067205021, 12.919454305180418, 12.82564756600966, 13.416789691553882, 13.320311523718805]
[12.449389600335376, 13.475941882026598, 13.28007592657288, 13.075364145263723, 13.01083231046024, 12.52848248027418, 13.311488071935008, 12.827098570472398, 13.217611966189793, 13.464895444117195, 13.32690417594166, 13.459513590479919, 13.491229865752311, 13.562449500244929, 13.174441981535386, 12.686733620420704, 13.045248305759362, 13.251719044567675, 13.340037330977319, 13.161666956515017, 13.552432069691525, 14.007470759975467, 12.811640333828725, 13.456702805970597, 12.898099542318965, 12.985410863724201, 13.281419098237247, 13.012941850041575, 13.068181697397602, 13.255286677961113, 13.137874165452951, 13.225926572760011, 13.22598248802758, 13.344162056446475, 12.946934015717977, 13.329873186890746, 13.042894520078345, 12.960752275998535, 13.10188476366993, 12.815714218399131, 13.108314676326625, 13.21431900270025, 13.116650784486978, 12.921876770942125, 13.074380710334642, 12.830002676815912, 12.919454305180418, 12.82564756600966, 13.356725472422633, 13.284978434432478]
[12.449389600335376, 13.472501372682554, 13.26824263026424, 13.075364145263723, 12.957823212184366, 12.458655268040172, 13.264142785592913, 12.76968484163881, 13.18319939159933, 13.440768239097604, 13.32194438162692, 13.459513590479919, 13.407932925249336, 13.55611797118209, 13.118484832246764, 12.686733620420704, 12.992494795892886, 13.241513075186083, 13.325278563037468, 13.058654913703382, 13.544046426615742, 13.903630873260749, 12.75555435903004, 13.440215493599885, 12.897515854716668, 12.9772090348872, 13.231251240027223, 12.995383998291345, 13.067031722134384, 13.243449362220968, 13.137803620230361, 13.219937144347762, 13.208840723704913, 13.303657530589643, 12.848811892448879, 13.267335631402071, 13.01770142512849, 12.939988895794528, 13.101150162609978, 12.815714218399131, 13.064869128570086, 13.209349949749356, 13.043501596093245, 12.854405120579404, 13.074380710334642, 12.80127799952667, 12.919454305180418, 12.814642008890104, 13.356725472422633, 13.284978434432478]
[12.449389600335376, 13.455046933444638, 13.247889734596956, 13.02581061804032, 12.94689747416436, 12.45027747669235, 13.181906743341893, 12.765942358979988, 13.128376414167056, 13.406318685366108, 13.31258844147149, 13.434661764770905, 13.397399959675193, 13.515794317960149, 13.072737001733525, 12.67636490874808, 12.98915859469217, 13.237951366776702, 13.31110092737772, 13.016163782903737, 13.515213271646738, 13.836846497187206, 12.745156587891918, 13.360058912568075, 12.87714291696597, 12.9772090348872, 13.177788904296454, 12.973924128951504, 12.930339865217993, 13.152485131013657, 13.10842782924299, 13.102976066885864, 13.140723026056616, 13.259219929847607, 12.743027278500401, 13.256436495449412, 13.014212525918591, 12.922583150352509, 13.045767915285875, 12.797660711910673, 13.057291245759988, 13.202136181196982, 13.031275915933492, 12.752025350690912, 13.015826578751405, 12.679116047946005, 12.919454305180418, 12.799181929455852, 13.356725472422633, 13.284978434432478]
[12.44793498309803, 13.387236684027261, 13.246264511082979, 12.938521583961933, 12.932421490699317, 12.363012304473445, 13.15632627396584, 12.720608579980128, 13.062807151546812, 13.406318685366108, 13.27594798895531, 13.373396860128384, 13.392644868111182, 13.515794317960149, 12.980308807462137, 12.631750157184827, 12.969989575725188, 13.178790564835726, 13.24895445351467, 12.998342201239911, 13.515213271646738, 13.808050649685788, 12.636333672719118, 13.276615234246657, 12.875673676272168, 12.94111541516919, 13.173908116571596, 12.953862706803985, 12.918471586360173, 13.152485131013657, 13.085922047138785, 13.0372621180416, 13.083700352522357, 13.230940394504211, 12.71559656655791, 13.227596633502785, 12.98651700851446, 12.922428557110104, 13.020385493441584, 12.752013934561809, 13.029224515090144, 13.197568154527517, 13.012309773199945, 12.694259231723205, 12.99728624890298, 12.679116047946005, 12.857688882183046, 12.769291673896644, 13.319700527574486, 13.276355077732344]
[12.381225758922, 13.305157075354384, 13.235958495620014, 12.90405368787643, 12.894634807007373, 12.315932995611815, 13.15632627396584, 12.69216645536093, 13.036244200626237, 13.406318685366108, 13.260295706368495, 13.315724689128933, 13.392644868111182, 13.45348954047265, 12.920649795453794, 12.611451122378522, 12.96326194307888, 13.151156755658818, 13.2235193339632, 12.992607109741504, 13.405080953492648, 13.73384547093853, 12.62800850515861, 13.263244543589565, 12.863118237050937, 12.937217115916525, 13.146995849095912, 12.951624467319807, 12.88859867059547, 13.137869319665521, 13.078789119898284, 12.96525351378007, 13.083700352522357, 13.051306091231396, 12.70383328108402, 13.171152666549313, 12.934138896633737, 12.786606516092842, 13.001483607288378, 12.752013934561809, 13.019898381856603, 13.151022413960868, 13.003908077651465, 12.694259231723205, 12.966958311190751, 12.541054697402235, 12.853420727486968, 12.714231756648996, 13.288222360452703, 13.269350023334658]
[12.381225758922, 13.304706083573297, 13.218524720304464, 12.90405368787643, 12.871577439623234, 12.292117672426349, 13.15632627396584, 12.69216645536093, 12.995599127410518, 13.360178683710393, 13.206071154270541, 13.307051217358552, 13.352895032716612, 13.446918204592851, 12.886711938925526, 12.549474390786106, 12.96326194307888, 13.056656429822805, 13.218082181725668, 12.940039930763055, 13.384105742855633, 13.73384547093853, 12.620125950004269, 13.184155504336488, 12.855780083923344, 12.937217115916525, 13.125545024155263, 12.939135521572279, 12.886109400339809, 13.125545906211254, 13.074885912857365, 12.898086266767375, 13.058440560726847, 12.976575196842873, 12.66768847731979, 13.11046855400139, 12.918809685614752, 12.763054788205036, 12.971794767707603, 12.682114341783905, 12.96583635945496, 13.080355053262497, 12.932040766033003, 12.563676772884083, 12.9307756495131, 12.511349849173884, 12.750073975773352, 12.703528220235615, 13.154329647085296, 13.269350023334658]
[12.306466331753352, 13.244230115030955, 13.20521140614667, 12.90405368787643, 12.867947886166487, 12.248579837809784, 13.107679650790534, 12.65894841882512, 12.980251714216838, 13.356412090081182, 13.164001057776147, 13.293849198347445, 13.332836292547196, 13.406520192471612, 12.821201219270183, 12.525802881526387, 12.952376163443697, 13.043349552848147, 13.110781032402528, 12.886248253806803, 13.384105742855633, 13.699111130366822, 12.612208751599857, 13.174916227930774, 12.855780083923344, 12.903549114955036, 13.043416099018282, 12.918030432178426, 12.882783123967295, 13.125545906211254, 13.04374418819981, 12.829616426799344, 13.058440560726847, 12.976575196842873, 12.552141881558791, 13.07328445298256, 12.916594648306212, 12.72567514306848, 12.950238072198477, 12.64711257837258, 12.958794622986108, 13.054456200553094, 12.885445187094295, 12.563676772884083, 12.909312278693658, 12.506603364036842, 12.736601497876759, 12.628571707805698, 13.128068530317915, 13.130232337071652]
[12.30213593387857, 13.239900802483984, 13.151945944830928, 12.879153446568875, 12.85536168765906, 12.226203670452366, 13.085691024789543, 12.654056673611816, 12.967360312620968, 13.29058252343124, 13.148153421469118, 13.269530179411785, 13.25470987117878, 13.339940920802736, 12.784638927910928, 12.465959984016378, 12.945036287642447, 12.985305293200389, 13.110422339262126, 12.851111068644457, 13.362553681937516, 13.669519222523126, 12.612208751599857, 13.090397133502838, 12.848892829020254, 12.87009046007827, 12.911758408348465, 12.844076024629945, 12.873513971351747, 13.062443177457808, 12.93898722893854, 12.801984842815841, 13.024766984795628, 12.942716693459877, 12.545881642429425, 13.03653089024524, 12.871553297120423, 12.71070638033552, 12.950238072198477, 12.562507607996016, 12.928436455858124, 13.034077281828022, 12.884632566129511, 12.548853303274566, 12.909312278693658, 12.44235055952211, 12.642075479890233, 12.590414642013602, 13.128068530317915, 13.100470389191148]
[12.30213593387857, 13.14691585189173, 13.087776580220858, 12.764297988446774, 12.812161861450722, 12.199844882053846, 13.083139847477597, 12.654056673611816, 12.934273262170473, 13.283771885158307, 13.12568729423528, 13.247862333415494, 13.185858826813657, 13.262022715812256, 12.76310047090659, 12.407270396715719, 12.853002899918447, 12.880672087094585, 13.057344927125323, 12.82359676473563, 13.322419001297197, 13.649297223029635, 12.572441875340658, 13.090397133502838, 12.837382300458248, 12.869568560097639, 12.843679885318844, 12.783370138589202, 12.873513971351747, 13.062443177457808, 12.916981150301002, 12.778878094229702, 13.012838937768569, 12.942716693459877, 12.531091547257542, 13.018628114223016, 12.87012712309388, 12.665796099626268, 12.928995322695425, 12.527234793278762, 12.928436455858124, 13.027093025695006, 12.874667943473707, 12.494774075487971, 12.847418778054418, 12.44235055952211, 12.567128737985001, 12.590414642013602, 13.128068530317915, 13.049233977153738]
[12.30213593387857, 13.136657601309157, 13.031432632018877, 12.691445246936379, 12.77162026881728, 12.103314711811702, 13.048287027078047, 12.635368009195679, 12.875599835422218, 13.283771885158307, 13.055531933376027, 13.247820142445686, 13.146272044699362, 13.256118211802999, 12.76310047090659, 12.397222795971503, 12.813497640902778, 12.86690481714501, 13.02811927228752, 12.720760251216541, 13.276792043967532, 13.595059005013075, 12.538261677017829, 13.085583877379772, 12.798914407202975, 12.825606747801974, 12.840409519920792, 12.764869587386418, 12.8243021020197, 13.012266738619008, 12.87909114115108, 12.718882845247446, 12.99365769974818, 12.942716693459877, 12.465617524209023, 12.985870244838205, 12.869871020445695, 12.652947077481636, 12.872342067490669, 12.527234793278762, 12.913015994318773, 13.0142598527996, 12.757052415083724, 12.474463404396433, 12.791463872466123, 12.373365480792682, 12.50107676865425, 12.556594776743804, 13.121205260785311, 12.987018264217024]
[12.260492088639172, 13.0501927231591, 12.92516781867673, 12.67082937603937, 12.762215918878509, 12.064448922672247, 13.029148102403543, 12.631494542137517, 12.875599835422218, 13.28006033661938, 13.035557177709602, 13.121942260496997, 13.073159011367403, 13.221347619965169, 12.747723942031248, 12.397222795971503, 12.744266364245131, 12.819796148519591, 13.025637632463049, 12.70507761789305, 13.230073335738831, 13.590034350864823, 12.538261677017829, 13.045462534818583, 12.757818671320454, 12.825606747801974, 12.798519721861016, 12.714110159489964, 12.81976125072211, 12.933350230544557, 12.847762094343313, 12.695278656347767, 12.99365769974818, 12.942716693459877, 12.444215216081773, 12.985870244838205, 12.849939451874608, 12.599607688817986, 12.825888623635404, 12.519896911981524, 12.877681840324087, 13.0142598527996, 12.757052415083724, 12.456993264983094, 12.783011858476378, 12.326926600883349, 12.50107676865425, 12.556594776743804, 13.013679195209637, 12.987018264217024]
[12.258358385054382, 13.031323661301585, 12.9018555718172, 12.664261412003132, 12.75525578148875, 12.039570082844756, 13.002245145254975, 12.516826348476636, 12.875599835422218, 13.231821308204184, 13.035557177709602, 13.090940150120531, 13.018133152985289, 13.221347619965169, 12.73381300926788, 12.355906578474542, 12.740279547199547, 12.812563129310565, 13.01659844349059, 12.616544158192989, 13.217014921510843, 13.581233089099078, 12.517174270166759, 13.034598807554186, 12.69258242689949, 12.809382642870364, 12.78390922113101, 12.686453432986735, 12.794116598806987, 12.879056836054309, 12.703113758042953, 12.695278656347767, 12.898113428306843, 12.942716693459877, 12.444215216081773, 12.985870244838205, 12.849939451874608, 12.599607688817986, 12.801654613416995, 12.481712676943909, 12.877586948001895, 13.010012485033567, 12.757052415083724, 12.430976290308669, 12.783011858476378, 12.303274703094825, 12.466857906520953, 12.542986648816616, 12.976862015017284, 12.933710574815455]
[12.218459606047636, 13.019282041128724, 12.9018555718172, 12.652124391090663, 12.656001281206267, 12.013035287763369, 12.970971631481893, 12.4457063428741, 12.806220281484912, 13.08977674752656, 13.006677607664864, 13.086171315115081, 12.98140943863809, 13.20768156679598, 12.712110352241828, 12.355906578474542, 12.702391154710101, 12.76934156293687, 12.997668243956008, 12.557487935012055, 13.179986101499182, 13.543086246394171, 12.514631378279427, 12.999723315529192, 12.666701670764002, 12.730027237449224, 12.750972418752912, 12.678739389104367, 12.746344574262242, 12.879056836054309, 12.700520692279508, 12.65987215615568, 12.87641495093737, 12.934006341619497, 12.391499644721574, 12.985870244838205, 12.762910704368233, 12.593955708099562, 12.715878193106608, 12.455288655036323, 12.846752834659432, 13.005565271874435, 12.674410740960385, 12.397425381264423, 12.731620006378403, 12.291397322255559, 12.429261938193623, 12.367435564346406, 12.881563753477156, 12.933710574815455]
[12.178882232747094, 12.976440086451163, 12.846272442781915, 12.648367548453832, 12.58756828840562, 12.013035287763369, 12.95457658598347, 12.44262720740497, 12.732608465287186, 13.063677972714524, 13.004939188056522, 13.058681317318895, 12.98140943863809, 13.15720809343353, 12.696141591934168, 12.313926018592811, 12.702391154710101, 12.705809314797733, 12.97856737119493, 12.52261715145968, 13.179986101499182, 13.447632102888235, 12.49863842169342, 12.930178729715214, 12.666701670764002, 12.697825107394975, 12.711102882685779, 12.669000637727251, 12.66498806591644, 12.878392037401898, 12.678238962872713, 12.641393444559876, 12.745737952886355, 12.907247751922307, 12.391499644721574, 12.982410543656325, 12.73273846541212, 12.536297345895406, 12.66824837054106, 12.455288655036323, 12.771790389715468, 12.98891933324685, 12.589809964538329, 12.36561083837922, 12.727846918464586, 12.289938448260257, 12.401704435634672, 12.314335600026412, 12.881563753477156, 12.919283472006782]
[12.13221605070853, 12.96457053816771, 12.846272442781915, 12.609030289626249, 12.517488173003404, 12.008495333197278, 12.95457658598347, 12.433886123626698, 12.659229462734409, 13.013357442622658, 12.988160530868464, 13.022205564773714, 12.98140943863809, 13.15720809343353, 12.599257185346136, 12.308495724744706, 12.700031343920616, 12.705809314797733, 12.977949689646659, 12.52261715145968, 13.12447739232814, 13.433115692831723, 12.49863842169342, 12.872851112453015, 12.643970985781595, 12.674897182673412, 12.709475677964454, 12.66506225477317, 12.602893144398717, 12.839272976401741, 12.596747802974686, 12.624120189184382, 12.735748965120578, 12.902006952313059, 12.37390478038591, 12.982410543656325, 12.666717890503042, 12.50944691146328, 12.66824837054106, 12.396586897221734, 12.751684876984658, 12.927647223414585, 12.563011095138675, 12.36561083837922, 12.690953548432969, 12.275904780588764, 12.36315330609374, 12.28852284342194, 12.817394460630528, 12.882056797954155]
[12.128848041225947, 12.941564335626378, 12.819774487046079, 12.579329919480076, 12.486867905793101, 11.987130086902082, 12.95457658598347, 12.404622012721825, 12.659229462734409, 13.013357442622658, 12.920496679776244, 13.022205564773714, 12.881062353822761, 13.104498016374052, 12.591124674192296, 12.300949561472127, 12.615148205416638, 12.705809314797733, 12.906105307412167, 12.45564234182937, 13.075482642854354, 13.386082936988837, 12.49136013625791, 12.845138735796855, 12.636402525059204, 12.639238153790483, 12.697845938874243, 12.566237996937534, 12.602893144398717, 12.839272976401741, 12.596747802974686, 12.624120189184382, 12.733047265455543, 12.869368144382824, 12.339917111400856, 12.95859096833998, 12.608543664849037, 12.407288013521308, 12.66824837054106, 12.323858042690413, 12.720547058315258, 12.771779877031216, 12.558372714707698, 12.36561083837922, 12.666845347374162, 12.206077012765572, 12.36315330609374, 12.28852284342194, 12.817394460630528, 12.841371044700546]
[12.128848041225947, 12.90791375054314, 12.77381856710003, 12.554308132278832, 12.481228980446877, 11.962449455127354, 12.912624904515734, 12.404622012721825, 12.625455752827605, 13.013357442622658, 12.900277296507642, 12.970482643513344, 12.880928649343579, 13.067116212286118, 12.587285567751715, 12.300949561472127, 12.513756364496551, 12.678294089821174, 12.89323078368509, 12.378112921635351, 13.041408920889339, 13.386082936988837, 12.450306765311051, 12.759417872266406, 12.573166889203664, 12.597635203878529, 12.65723266693565, 12.54975591366094, 12.493005474549612, 12.72501025685489, 12.55871576503473, 12.624120189184382, 12.711578660988398, 12.846106944897963, 12.336489329732023, 12.943634288587953, 12.608543664849037, 12.385375764018764, 12.66824837054106, 12.317256905454645, 12.606089924626609, 12.586306359281078, 12.524155574554797, 12.363084237671867, 12.631811186743342, 12.1816057276295, 12.295591748221703, 12.280386882805233, 12.760505961328036, 12.759373159423408]
[12.092126542987508, 12.815256964635086, 12.734898437989115, 12.550257637352077, 12.481228980446877, 11.957192822486494, 12.88252021246925, 12.365287223468187, 12.537229216009923, 13.013357442622658, 12.890070468350881, 12.951844784528163, 12.855150188044709, 13.006442241636563, 12.587285567751715, 12.253611646918621, 12.490750975712656, 12.658973408304607, 12.750385654651728, 12.375690302194059, 12.992008361131507, 13.347703807618066, 12.38531267574746, 12.721942511701263, 12.532812916241996, 12.55479949408897, 12.65369920317509, 12.538189180621334, 12.453272441124211, 12.684990756379698, 12.529330111097227, 12.612207350597677, 12.69147316596939, 12.800655636093108, 12.329574082988634, 12.900426987968197, 12.596474013335774, 12.367894298973882, 12.634675859366627, 12.283554151559734, 12.602852526701806, 12.586306359281078, 12.48652780138273, 12.30365414246015, 12.631811186743342, 12.168187249009616, 12.27334773019302, 12.277468658477831, 12.735065960789498, 12.722331417313507]
[12.092126542987508, 12.807204087882775, 12.71929182733115, 12.529949528269324, 12.471399799173088, 11.957192822486494, 12.81495124519709, 12.352164283092275, 12.481517596512784, 12.961088855371807, 12.848003895249258, 12.942829170342453, 12.821603073246786, 12.997391899999707, 12.587285567751715, 12.21820265906925, 12.470570030215297, 12.627962674237128, 12.750385654651728, 12.36717535790211, 12.976005401839775, 13.338143747401455, 12.357296075329256, 12.673105311724811, 12.3337206405908, 12.55479949408897, 12.598289809413988, 12.503963362297574, 12.40924378056299, 12.632519625157679, 12.481475584896279, 12.610764401705183, 12.644635409429522, 12.762382571506542, 12.313000799808114, 12.880182312427985, 12.594887776656957, 12.352489652436994, 12.537715296828926, 12.279769388734406, 12.573474129658864, 12.567940735856379, 12.457322517677927, 12.272927426630442, 12.579053560231385, 12.101514545675053, 12.196599021849735, 12.196985806948579, 12.734577324441442, 12.689297355315972]
[11.994717575916873, 12.766639502171683, 12.667170432598404, 12.521358550206402, 12.451304351675224, 11.94766786013143, 12.696378436091326, 12.3313428590276, 12.475614153865612, 12.9595174180389, 12.823231200686752, 12.925234857066851, 12.764793153883668, 12.98140524708943, 12.551135966138096, 12.21820265906925, 12.466852424103633, 12.614283665158922, 12.739249286645299, 12.36328979102495, 12.929421758696131, 13.330424758072477, 12.357296075329256, 12.656784062406132, 12.230882759100288, 12.476448863740195, 12.562700680777851, 12.47529642076672, 12.40924378056299, 12.618748770590036, 12.463660698725452, 12.568644097252655, 12.61915220706974, 12.692089182771674, 12.287149383043928, 12.815558469938301, 12.585928154446984, 12.351024372338689, 12.499012615267949, 12.279769388734406, 12.572907862673087, 12.531166888485137, 12.457322517677927, 12.267898756781895, 12.550758504602609, 12.09940948943785, 12.182012430428196, 12.196985806948579, 12.681461763568665, 12.689297355315972]
[11.971414780878414, 12.750668912640547, 12.655097838749203, 12.494245138249541, 12.336364157319107, 11.929039692430305, 12.696378436091326, 12.291761424614005, 12.38594285074405, 12.954265747382768, 12.813422671704581, 12.918446237732478, 12.738486085379291, 12.963813950474243, 12.509145547245756, 12.188294570680176, 12.45218909352349, 12.613990176003693, 12.720335644766655, 12.278319847292499, 12.894124695386784, 13.310474174236361, 12.279399639243318, 12.656784062406132, 12.224844123901295, 12.46588980271289, 12.528071941945672, 12.467420481470217, 12.40924378056299, 12.534221581423942, 12.424042011878404, 12.51754780598132, 12.613588553182396, 12.665504141120476, 12.239274873979904, 12.739133474588115, 12.585928154446984, 12.349031257572149, 12.399612467402031, 12.279769388734406, 12.563097410922769, 12.531166888485137, 12.441813795305777, 12.192716114976553, 12.54493148197854, 12.09940948943785, 12.182012430428196, 12.146790416009114, 12.64114904781972, 12.64489797250942]
[11.925838513500295, 12.708574567769178, 12.624340096917647, 12.436722209516141, 12.301970483217383, 11.92331042674314, 12.688648941585283, 12.220277243125008, 12.34312417707694, 12.954265747382768, 12.788056890284697, 12.918446237732478, 12.723512011996576, 12.93691683818707, 12.47615816862486, 12.184926822035013, 12.308408055451322, 12.594340785674692, 12.60505751701327, 12.259507222624388, 12.894124695386784, 13.286504990107039, 12.268136286946085, 12.604142228377546, 12.221909215481814, 12.450799545512199, 12.454370890900453, 12.40145137353663, 12.40094363889715, 12.517773008111224, 12.405833536512342, 12.489157234811728, 12.596401718557109, 12.565717202230154, 12.229411507992406, 12.729578659689512, 12.562617456491797, 12.349031257572149, 12.363582996973074, 12.219781052303944, 12.503984989677893, 12.43228417295431, 12.441813795305777, 12.192053885328155, 12.494031562049939, 12.09940948943785, 12.182012430428196, 12.143211516032052, 12.64114904781972, 12.615053640118756]
[11.853765041770611, 12.670170549758105, 12.558547840280191, 12.417182001716906, 12.145438001575021, 11.913205334256928, 12.659256163203567, 12.140398323609883, 12.34312417707694, 12.918947278089624, 12.788056890284697, 12.918446237732478, 12.682735086491709, 12.92254150282948, 12.42645256370951, 12.108081188447217, 12.258416980009134, 12.575083810155649, 12.59323183077503, 12.259507222624388, 12.863199608173128, 13.226028338468257, 12.261434243469546, 12.578318662883532, 12.158045327225345, 12.410508539244836, 12.424597980030299, 12.3882914511421, 12.362786645636344, 12.517773008111224, 12.405833536512342, 12.489157234811728, 12.589007687087863, 12.482229035795232, 12.178406623372544, 12.715277470457439, 12.562617456491797, 12.33772466272917, 12.307241234334736, 12.219781052303944, 12.477421083288167, 12.426017757726118, 12.348605205375042, 12.173099189275481, 12.494031562049939, 12.096169986358325, 12.18146798846892, 12.131146835872297, 12.64114904781972, 12.615053640118756]
[11.852411153198961, 12.659355884411557, 12.510085587479455, 12.338621342161485, 12.114002380725589, 11.910675092643649, 12.64852508984441, 12.140398323609883, 12.342320247134188, 12.81334059503121, 12.68549312716376, 12.86898680410169, 12.67459486441976, 12.89996883914092, 12.367504562732801, 12.088032245199246, 12.221377900943505, 12.571626364137213, 12.564901917862068, 12.199656330518732, 12.8582970149243, 13.17928213640641, 12.217897561875706, 12.578318662883532, 12.118147231121686, 12.405143741239716, 12.393116932992209, 12.3882914511421, 12.346988912996963, 12.507492705687069, 12.38072994147854, 12.391832785145345, 12.581671106388455, 12.438528051579208, 12.164917424605287, 12.71403769160746, 12.559803882794672, 12.33772466272917, 12.307241234334736, 12.20870065528938, 12.412153098206485, 12.353203416709771, 12.336663098223037, 12.168641187660493, 12.4845338311201, 12.082655103966237, 12.167210519478607, 12.033904912367436, 12.60642778766913, 12.593500068421122]
[11.79771724055319, 12.648875624722576, 12.50182806399168, 12.271189349999181, 12.05039596523375, 11.886848449945266, 12.646679687407975, 12.1139145568907, 12.335592010122033, 12.78492969991996, 12.668765125828134, 12.864044703567282, 12.67459486441976, 12.894114664608068, 12.277808984424292, 12.0381989280619, 12.17644151268014, 12.571626364137213, 12.564901917862068, 12.135593096276015, 12.853356062670423, 13.159637549287543, 12.204899025426077, 12.498309637113982, 12.101136638119154, 12.341231308882149, 12.357588145961937, 12.354634844030386, 12.329069967821606, 12.485999032586486, 12.361579382596457, 12.391832785145345, 12.550958388599364, 12.438528051579208, 12.12345629188657, 12.663927901908606, 12.509555327812013, 12.315622569880786, 12.305541527852807, 12.20870065528938, 12.412153098206485, 12.279782275657945, 12.327861451127742, 12.158489426687519, 12.471945770338415, 12.082655103966237, 12.153928909294656, 12.03068843512823, 12.60642778766913, 12.587041964502003]
[11.764175775384762, 12.626937186987151, 12.50182806399168, 12.232251949656654, 12.044299272394156, 11.881710814873804, 12.643303923551398, 12.063073109719637, 12.303932381700946, 12.78492969991996, 12.668765125828134, 12.814179560639332, 12.60120421955914, 12.78748284991175, 12.237834039711107, 12.013886341892713, 12.17644151268014, 12.499508660205016, 12.48851001576919, 12.113030029003234, 12.766732277676251, 13.127283694826293, 12.160169837901961, 12.408167909384598, 12.081635724726077, 12.341231308882149, 12.285367146825063, 12.33852053961144, 12.25712198504726, 12.469220722960603, 12.353311847424104, 12.391832785145345, 12.520068482932139, 12.409955850120014, 12.109669510810518, 12.5536027335724, 12.484203029625144, 12.308999064921757, 12.299315345050712, 12.171538426748308, 12.4057553043643, 12.26771914212533, 12.272930860424434, 12.141019946833831, 12.394347623095458, 12.012267073202937, 12.153928909294656, 11.944559307808735, 12.591193663959867, 12.586307730058454]
[11.732813107486498, 12.555103738729391, 12.478134615422544, 12.12018703323821, 12.036381961574046, 11.881710814873804, 12.613990139804672, 12.011742983173757, 12.29514048999238, 12.754251116106648, 12.571976293140565, 12.71808805471397, 12.582569585655317, 12.78681461265117, 12.20843902650978, 11.980223242619699, 12.17644151268014, 12.479618332104472, 12.479885038223635, 12.098893098573766, 12.634581486916991, 13.100218218108967, 12.045712417179224, 12.349796539269981, 12.01818119897541, 12.285827291047017, 12.283574940302005, 12.301475707457337, 12.231278594864614, 12.428663299902812, 12.307268160417932, 12.234193863774026, 12.520068482932139, 12.409955850120014, 12.101533330031042, 12.5536027335724, 12.484203029625144, 12.292464856614993, 12.296281604564545, 12.159173341371323, 12.337240318561062, 12.252660903898537, 12.272930860424434, 12.141019946833831, 12.39335990640129, 11.989968419764935, 12.111124716160333, 11.93360737426013, 12.591193663959867, 12.572550522804198]
[11.664606329587992, 12.555103738729391, 12.359246346910577, 12.096384667377285, 12.004291455159763, 11.873398208296923, 12.613990139804672, 12.011742983173757, 12.279898308675559, 12.706153684260133, 12.551254878712632, 12.697564326496508, 12.55349219611366, 12.777569384424762, 12.18251621116489, 11.94254974218968, 12.135028838422524, 12.479618332104472, 12.479885038223635, 12.068639258552189, 12.565374233530388, 13.093075552014284, 12.043854272459502, 12.241621476208037, 11.974459695282938, 12.238064671335147, 12.283574940302005, 12.286358105548668, 12.231278594864614, 12.321537099608456, 12.28881374539199, 12.234193863774026, 12.448028937102837, 12.35911854457548, 12.097334698787432, 12.531283953524438, 12.454606664782355, 12.224745667211497, 12.2916360739944, 12.125326184917263, 12.337240318561062, 12.252660903898537, 12.272930860424434, 12.105632108112392, 12.391144113474002, 11.929527413059134, 12.08140179862404, 11.93360737426013, 12.44262654342977, 12.562353478777112]
[11.619061622526605, 12.543441081796924, 12.33391613936199, 12.061377622795927, 12.004291455159763, 11.80602650178858, 12.580375121569904, 11.940742853008958, 12.273978586089365, 12.67733195185769, 12.551254878712632, 12.655662728743456, 12.543469726252088, 12.777569384424762, 12.161329776046989, 11.871042070625432, 12.13105323392843, 12.453230294590458, 12.460293192208958, 12.068639258552189, 12.521139814620444, 13.093075552014284, 12.043299680804877, 12.235658881307128, 11.957041948091291, 12.110084223868963, 12.252825312426957, 12.286358105548668, 12.224225272639742, 12.26028095179128, 12.26788850911699, 12.234193863774026, 12.429750119442325, 12.34315722717985, 12.097334698787432, 12.505670501481877, 12.426433752657468, 12.189549204025564, 12.255200083389337, 12.125326184917263, 12.30324623200384, 12.252596125393827, 12.141875217664559, 12.062473672851734, 12.39050220923822, 11.9243232480493, 12.037798880795666, 11.93360737426013, 12.429434667193986, 12.499317414081535]
[11.566750713573521, 12.450602715062052, 12.33391613936199, 12.061377622795927, 11.993349729348541, 11.740676216187827, 12.5757411606772, 11.921615439892882, 12.261658522937148, 12.626028409068098, 12.47362020111541, 12.623857981549786, 12.508437681995499, 12.720320003878147, 12.147498439195974, 11.815796650723573, 12.13105323392843, 12.371201863839335, 12.446482887218767, 12.068639258552189, 12.470420343121157, 13.065241015346652, 12.004597904154222, 12.213498722392902, 11.94254877922536, 12.09930101365162, 12.239617052890967, 12.238652648204361, 12.222815935013761, 12.197201949124706, 12.206672468387442, 12.234193863774026, 12.353699031930683, 12.266283983829961, 12.08795560832639, 12.423670645165261, 12.331885440874453, 12.13891375181313, 12.250298415908777, 12.075368892799652, 12.296004418269234, 12.213653776723302, 12.138206350767573, 12.050700394592855, 12.352019119065988, 11.920482804195343, 12.03070023759857, 11.932542542653376, 12.412638832898349, 12.495532986737672]
[11.53655122455234, 12.39858315771706, 12.317392999570178, 12.061377622795927, 11.993349729348541, 11.65999354087106, 12.522132255125234, 11.921615439892882, 12.218593061685604, 12.591393701374875, 12.450097006436797, 12.589056669371876, 12.468131229751112, 12.689806824632118, 11.978994476343992, 11.780996528884845, 12.110688068837073, 12.337735691054043, 12.43795688841412, 12.060383659567908, 12.427172406344827, 13.056144192516076, 11.976677305956972, 12.188873206224864, 11.864238107789767, 12.09477401383388, 12.239617052890967, 12.18603089490426, 12.21308641716997, 12.197201949124706, 12.198520064013769, 12.234193863774026, 12.344742050325296, 12.204351203847855, 12.070862474533392, 12.423670645165261, 12.235741607644565, 12.0878182443794, 12.152460520297486, 12.045054353746929, 12.290935356361079, 12.176003527169545, 12.079857287919081, 12.038611701898763, 12.301599083758491, 11.871414630099187, 12.02312599971307, 11.90629800856571, 12.399170439365117, 12.451168983947525]
[11.53655122455234, 12.376357810134383, 12.313611826740283, 12.053941775482176, 11.978746444712387, 11.654711087844897, 12.505222560339078, 11.911317896867953, 12.149868003327857, 12.591393701374875, 12.41868136864044, 12.589056669371876, 12.467288235747457, 12.633932432707274, 11.978037336168958, 11.751631298964238, 12.110688068837073, 12.27305267463074, 12.39796561458454, 12.060383659567908, 12.415637670463388, 13.039853229988314, 11.920364103153018, 12.185806132438861, 11.864238107789767, 11.993423040796028, 12.164534333064275, 12.18603089490426, 12.166662402439332, 12.142857807313645, 12.198520064013769, 12.216734398269246, 12.326864478749531, 12.204351203847855, 12.044251289972005, 12.376588343524288, 12.229054167529721, 12.027028547693542, 12.148819182474716, 11.956333226490111, 12.247249847389037, 12.07868343600183, 12.075242290368989, 12.030999006366999, 12.218340509170766, 11.823574011955987, 11.995022987179343, 11.873712368472725, 12.397094230595801, 12.44732669819374]
[11.50606531227919, 12.285084389803043, 12.29263553337919, 11.988325805853197, 11.954336200181702, 11.644914919282806, 12.445209907860642, 11.845009817892937, 12.105684098683437, 12.574533252465994, 12.41555120910526, 12.582941321785892, 12.447890925564701, 12.628421891521048, 11.970777621780545, 11.727192546390516, 12.07886911167289, 12.251434356653322, 12.391711965141388, 12.034539292111946, 12.400984775502332, 12.986593980177583, 11.88866262077021, 12.182640430601902, 11.839089880003439, 11.962528048200943, 12.096119959474073, 12.10891321518344, 12.128540939605452, 12.142696046503415, 12.163960399191907, 12.181498078192694, 12.268460776467832, 12.136463456945389, 11.976613120365803, 12.372921495514927, 12.219654629567989, 12.010277491947587, 12.148819182474716, 11.948981378618603, 12.220593252666978, 12.039811054265524, 12.06633275234973, 11.94389665994731, 12.215518899294317, 11.760099992925907, 11.975499952021668, 11.873712368472725, 12.370407324984393, 12.424062608173248]
[11.50606531227919, 12.220056849730593, 12.283211602291676, 11.937864413832262, 11.905658139272909, 11.608327705978452, 12.445209907860642, 11.835439532961148, 12.079020023556293, 12.574533252465994, 12.346815898383074, 12.568419178360077, 12.440395402316762, 12.603733688006681, 11.970635770141007, 11.622268323479684, 12.034422467560573, 12.251434356653322, 12.36967758718041, 12.015075178775295, 12.345928439506332, 12.986593980177583, 11.877840892684969, 12.182640430601902, 11.821383603215594, 11.944019569593104, 12.068633846502514, 12.03534751052953, 12.124189165472506, 12.126990297636395, 12.057778567779403, 12.181498078192694, 12.241120387191476, 12.136463456945389, 11.947160975882017, 12.33615613146006, 12.219654629567989, 11.927073147069455, 12.137973834445816, 11.944015835583519, 12.176874494572846, 12.025805559594327, 12.045745596479847, 11.94389665994731, 12.155814550889234, 11.753609891174236, 11.975499952021668, 11.803513306817592, 12.333556368185091, 12.386803135989192]
[11.50278249899957, 12.199700459812632, 12.251617614391533, 11.892982373163953, 11.853415540234618, 11.554753389919926, 12.445209907860642, 11.835439532961148, 12.06400516371229, 12.467067993022415, 12.286409085067028, 12.560384678201292, 12.437900815473672, 12.565835117991087, 11.89694930243682, 11.604861019500778, 12.0203895163773, 12.234489786832613, 12.36967758718041, 12.011868785381884, 12.300539727173396, 12.927583445279055, 11.826954413347469, 12.121337166791642, 11.806693130429124, 11.944019569593104, 12.068633846502514, 12.028190799893489, 12.100951022660288, 12.121561306123242, 12.038301736678445, 12.086959873355564, 12.192690070241412, 12.11004083553305, 11.93373714449493, 12.330780141676387, 12.174619846001551, 11.927073147069455, 12.064839293749813, 11.920008011779004, 12.11527340451724, 11.975877603919377, 12.045745596479847, 11.935931196936906, 12.155814550889234, 11.737897841656855, 11.890311389436253, 11.803513306817592, 12.312264823565073, 12.384540088244353]
[11.50278249899957, 12.19820833288191, 12.179718702133226, 11.851311220166384, 11.852961866478516, 11.522951705513252, 12.445209907860642, 11.834030507106412, 12.04411968612732, 12.434755269567415, 12.286409085067028, 12.560384678201292, 12.394280710247264, 12.486896432141112, 11.892942978946886, 11.581659043386173, 12.015672935124108, 12.233804973249825, 12.289182914111947, 11.985331448662421, 12.237330023359306, 12.829940080871916, 11.826954413347469, 12.074615800584159, 11.80213156222147, 11.874617017945255, 12.068633846502514, 12.0264239096637, 12.078273863439724, 12.118320020540265, 11.965228016183284, 12.086959873355564, 12.18686761274888, 12.069256330808557, 11.915488935075242, 12.24660904172902, 12.088733025022261, 11.913788121434587, 12.064839293749813, 11.912507097453295, 12.040215038798555, 11.975877603919377, 12.014778779120249, 11.91033689235112, 12.155814550889234, 11.712471767129028, 11.850952785063402, 11.7255206827805, 12.312264823565073, 12.254741045803007]
[11.478206576563093, 12.156489622882859, 12.113842282660636, 11.851311220166384, 11.852441848723476, 11.502049533385515, 12.410975481998621, 11.796637047480697, 12.04411968612732, 12.417539724806081, 12.270380279276747, 12.557152154320992, 12.382384636605726, 12.478949662261321, 11.865460411887309, 11.57546153085833, 11.93517333826112, 12.177386390872549, 12.278266398253766, 11.985331448662421, 12.212324630597696, 12.829852057999835, 11.821592856924946, 12.043816528898677, 11.80213156222147, 11.874617017945255, 12.05394711430289, 12.010736183112567, 12.055248931636305, 12.118320020540265, 11.965228016183284, 12.050885141136803, 12.115880943643926, 11.967412138953762, 11.817738029317857, 12.239357460676898, 12.062572434825876, 11.862598855127008, 12.029310684809122, 11.912507097453295, 12.007315293630265, 11.972149404911104, 12.010738458221132, 11.88062948507786, 12.102956582107696, 11.703953719451329, 11.83818217395061, 11.682403067402927, 12.258619961027236, 12.254304177181044]
[11.476374801841882, 12.125082054515413, 12.023567002994842, 11.842538448833889, 11.752445149850079, 11.445272175325973, 12.330695073956793, 11.796637047480697, 12.025172622524877, 12.376956503123248, 12.258561756114737, 12.538521548568767, 12.366958105960105, 12.434745175438355, 11.865460411887309, 11.49906775974408, 11.892815797299408, 12.137487086448974, 12.261802724480098, 11.985331448662421, 12.197721965226204, 12.813969346743164, 11.796604632619509, 12.038962400021912, 11.784851344128914, 11.85292404723782, 12.038375566095787, 11.97387032606473, 12.02974638858161, 12.09531044860972, 11.965228016183284, 12.043306371106123, 12.069645518583124, 11.908716563199372, 11.793032322738705, 12.239357460676898, 12.05698548477622, 11.857244895381095, 12.011681416410562, 11.847261130878517, 11.985403483399661, 11.96734464143358, 11.9485460426179, 11.80420637631902, 12.102956582107696, 11.691163177426333, 11.816338152648054, 11.658957333349507, 12.22351405485691, 12.210066761944116]
[11.439953614272467, 12.119812281997568, 11.975944106536508, 11.800469641895278, 11.725816479390897, 11.444765974262674, 12.309916582735784, 11.771512179524862, 11.998754561772927, 12.376956503123248, 12.258561756114737, 12.420946272297229, 12.234982437425492, 12.434745175438355, 11.859579070615476, 11.49906775974408, 11.859759441649173, 12.127430321088063, 12.229597248040333, 11.985331448662421, 12.159440895781051, 12.777661039856751, 11.752854313955888, 11.996610145342597, 11.758258967527215, 11.85292404723782, 12.01587582790377, 11.927545655751956, 12.01225424773508, 12.09531044860972, 11.929221624484768, 12.043306371106123, 12.051904925329904, 11.895905178133688, 11.793032322738705, 12.208367922997054, 12.046942484840514, 11.853809821448928, 12.004384270811794, 11.792287313665858, 11.949154339902467, 11.897933609510659, 11.904950360133274, 11.734308672568213, 12.036887436502651, 11.670666477977491, 11.782826165957587, 11.627116055728338, 12.215028421849844, 12.205371960980273]
[11.432450322689164, 12.119812281997568, 11.968635552525342, 11.783980350426628, 11.71077237670215, 11.44363087955604, 12.23390127917566, 11.771512179524862, 11.977846274644246, 12.286904230832011, 12.22770955535322, 12.416313366964456, 12.211597584055571, 12.399396898560116, 11.820869865328032, 11.49906775974408, 11.859759441649173, 12.086302087771939, 12.217284959543218, 11.985331448662421, 12.130977668871585, 12.753561736074694, 11.717799772865314, 11.97850455960869, 11.728193603320356, 11.838588295883188, 12.01587582790377, 11.927545655751956, 11.849039261574362, 12.072257645516801, 11.901042967763317, 12.014723871622337, 12.051904925329904, 11.895905178133688, 11.793032322738705, 12.208367922997054, 11.987769612568215, 11.818088541480606, 12.004384270811794, 11.772019673176136, 11.919611027463072, 11.879184523458003, 11.904950360133274, 11.630908703897887, 12.003349610207819, 11.670095624234296, 11.782826165957587, 11.589964288489956, 12.173029727933722, 12.13838256896815]
[11.432450322689164, 12.109145357667355, 11.947050871970715, 11.710343479875025, 11.71077237670215, 11.436555502901822, 12.190128337993636, 11.744185441255265, 11.928415828804132, 12.285097169449234, 12.22536989621679, 12.398857187040747, 12.129737478211371, 12.363917410921568, 11.820869865328032, 11.488544958520631, 11.839331828987543, 12.086302087771939, 12.207039264618542, 11.900966273806858, 12.077761114839543, 12.753561736074694, 11.713977365623649, 11.91854213654318, 11.715622770717143, 11.830084197510791, 11.998061186853324, 11.79443318880971, 11.842182031249937, 12.025562336926514, 11.848742756335872, 11.99500445195352, 12.01759315665846, 11.865517661812522, 11.725176091892056, 12.208367922997054, 11.892526179512274, 11.74607584242226, 11.986349946587097, 11.725383947797408, 11.919611027463072, 11.807189452374473, 11.904950360133274, 11.60771748164996, 12.003349610207819, 11.645680007956571, 11.760013516603685, 11.57534851976431, 12.134796687347405, 12.130213006727601]
[11.367705264229357, 12.109145357667355, 11.926962145268813, 11.696011166793694, 11.615005866797343, 11.359255956303588, 12.164644950743092, 11.730129696598024, 11.836951204807757, 12.26357584266106, 12.203648387311185, 12.394052438502822, 12.129737478211371, 12.331799436049831, 11.800277815982067, 11.418698526343325, 11.829258098079215, 12.02022165864318, 12.196057892435011, 11.830025746117855, 12.062152898523593, 12.700393255365864, 11.713977365623649, 11.909180469081488, 11.715622770717143, 11.830084197510791, 11.99746463753489, 11.755216903871837, 11.79206855190626, 12.00570924643635, 11.831859881383526, 11.91863016541365, 11.994884625414823, 11.776375416753599, 11.725176091892056, 12.201924457687726, 11.862704824634458, 11.74607584242226, 11.96945860423924, 11.696841751508572, 11.90046701976334, 11.772435382364847, 11.904950360133274, 11.60771748164996, 11.99480807685447, 11.632033388161508, 11.736326125938161, 11.53274411798591, 12.063414253526682, 12.093712427927755]
[11.270546652161862, 12.075330180347569, 11.901292597478136, 11.66560064087472, 11.583455875106388, 11.292989299259967, 12.084795069760315, 11.701106172501891, 11.804132679276625, 12.240435103557592, 12.094509893917877, 12.349288895427236, 12.129737478211371, 12.277742488221547, 11.74030405588745, 11.38173965810511, 11.809070194309083, 11.987823487760991, 12.156768018395997, 11.830025746117855, 12.062152898523593, 12.658053679482931, 11.667474207088622, 11.909180469081488, 11.68610531694205, 11.786573828957312, 11.925420234296656, 11.726689991967879, 11.79206855190626, 11.975144717005687, 11.820127121751293, 11.902811592967074, 11.908775416712961, 11.773934164924535, 11.722545083287631, 12.09629919842373, 11.81022514851002, 11.72798293763508, 11.96945860423924, 11.660134877167042, 11.819733482588783, 11.719834705929454, 11.848444334550969, 11.570323995690151, 11.861684581476418, 11.599426669057785, 11.69250746175601, 11.53274411798591, 12.047408932289555, 12.08162541534682]
[11.270546652161862, 12.042630373878612, 11.88245969957121, 11.66560064087472, 11.553526812710096, 11.269930701257028, 12.06856653267644, 11.678651013802858, 11.804132679276625, 12.240435103557592, 12.09434478216771, 12.341103245297163, 12.075897158253685, 12.238557395296011, 11.736126686550284, 11.334680030952953, 11.785397674402443, 11.987823487760991, 12.086827367973603, 11.823442737033153, 12.062152898523593, 12.648881319584165, 11.597728113180162, 11.870723106890972, 11.628033478963227, 11.786573828957312, 11.902557606705509, 11.68892696272284, 11.79206855190626, 11.930551378885996, 11.771426368089653, 11.900327837952736, 11.87632053502306, 11.764899496528901, 11.720851408786508, 12.092345116768852, 11.78079637447485, 11.703727357924661, 11.892256256818854, 11.651024679071206, 11.808608337693778, 11.719834705929454, 11.842797459577845, 11.507496810920117, 11.861684581476418, 11.552613588998508, 11.605618931683747, 11.464737377760791, 12.047408932289555, 12.040712956278465]
[11.254361347844835, 11.9267867798537, 11.803214191867765, 11.65655604993853, 11.523642955249843, 11.252721268014813, 12.059394884446396, 11.615913250059966, 11.802407673455786, 12.157410771280496, 12.091740434935286, 12.328862443691985, 12.026993942916716, 12.19140880733684, 11.690670193781894, 11.334680030952953, 11.75063418814757, 11.868237924105191, 12.075477966703442, 11.805317045393437, 12.056482727383269, 12.608721136576303, 11.560306181378493, 11.841824711824303, 11.608655770084917, 11.729224414768542, 11.902557606705509, 11.68892696272284, 11.680904493578927, 11.854305485735491, 11.71257642372286, 11.77029135866679, 11.86394728636456, 11.763410697476226, 11.642494597394919, 12.034996268756466, 11.777891927783887, 11.66697046928257, 11.834328560819984, 11.646098564300045, 11.808608337693778, 11.708743431269568, 11.802606171218743, 11.47267416502529, 11.815892006854114, 11.525529965220487, 11.596402633257656, 11.462640673631054, 12.021656278924693, 11.983355715513222]
[11.241226359936116, 11.914475818909409, 11.778289112262032, 11.647085670007247, 11.523642955249843, 11.252721268014813, 12.059394884446396, 11.540180797600499, 11.802407673455786, 12.157410771280496, 12.031135668731789, 12.328862443691985, 12.012268436543682, 12.161437773855816, 11.664228727836061, 11.326659441316844, 11.723149589757162, 11.838592526094095, 12.072198045019803, 11.805317045393437, 12.039269412816228, 12.608331139018386, 11.555683166407983, 11.841824711824303, 11.607363857611768, 11.724210475909421, 11.833430134693012, 11.67423004033789, 11.680904493578927, 11.824627414602299, 11.71257642372286, 11.77029135866679, 11.862479126655831, 11.75082833980937, 11.638094638349756, 11.9939434679555, 11.777891927783887, 11.624595376961121, 11.810585103000065, 11.636742049483361, 11.758665284211947, 11.69340048551842, 11.80099736015062, 11.43164972809459, 11.814548138251515, 11.468340960495212, 11.536709491401526, 11.462640673631054, 11.9846151961988, 11.9362279884945]
[11.209989669698365, 11.898109347527324, 11.7760435061547, 11.61420632906873, 11.509979870426546, 11.212270183502412, 12.00006372150327, 11.540180797600499, 11.802407673455786, 12.152455666128498, 11.99317635111515, 12.318058457989627, 11.961073753937415, 12.14287684626008, 11.663525391312135, 11.294324233028332, 11.715697728577569, 11.804764440170066, 11.963263681365397, 11.772635739471761, 12.037324279375852, 12.606829163254684, 11.551366209222518, 11.806735776988582, 11.583589600583668, 11.724210475909421, 11.8278025895723, 11.660361088149239, 11.680307721541507, 11.783255000136885, 11.700529947391555, 11.736286059379234, 11.832581434875053, 11.731021436654519, 11.607252000276436, 11.970717125510184, 11.740443679862429, 11.590246055813003, 11.810585103000065, 11.630353821598222, 11.756507385439722, 11.67727360367606, 11.77087271549739, 11.393362174290539, 11.743643139835623, 11.468340960495212, 11.50511571047171, 11.462640673631054, 11.961507734659914, 11.9362279884945]
[11.173459251268198, 11.876456678664812, 11.7712634652902, 11.580835354835024, 11.506730857363895, 11.212270183502412, 11.904786346985073, 11.49432684821135, 11.788557535599088, 12.087964450813356, 11.980046011761583, 12.244249757326799, 11.925007712036258, 12.093640576916847, 11.640135249144164, 11.294324233028332, 11.715697728577569, 11.785546710950717, 11.956783159230808, 11.756081886319873, 12.037324279375852, 12.59047594027945, 11.51554381112527, 11.776224775282072, 11.57205884990264, 11.699301633974812, 11.725887702928294, 11.612532206722236, 11.636248327295764, 11.7627664997534, 11.691187365810402, 11.681276699108889, 11.74973226733762, 11.707270068265819, 11.607252000276436, 11.970717125510184, 11.740443679862429, 11.57250966162068, 11.810585103000065, 11.618280759943413, 11.755562953179412, 11.655366079874454, 11.76163633555959, 11.371018874369344, 11.743643139835623, 11.420390507177984, 11.412921354018467, 11.396618930854157, 11.958537413336474, 11.928983568691692]
[11.165713378001294, 11.876456678664812, 11.7712634652902, 11.538847328804433, 11.492113638951189, 11.19459433529263, 11.84973766369013, 11.46193278871794, 11.740993417609607, 12.028648896342597, 11.965269506196895, 12.17211105488298, 11.83771445945836, 12.058563320300404, 11.572322682644723, 11.277812012388578, 11.715697728577569, 11.748528067671376, 11.880722267670205, 11.749011708850642, 12.008384163786062, 12.586351944223217, 11.481109698943225, 11.759965708227945, 11.511076251438155, 11.64253722310998, 11.694106392837348, 11.593620116325122, 11.611893481138884, 11.745465900262118, 11.684207092801522, 11.615490105792592, 11.74973226733762, 11.688254849128205, 11.600546679666687, 11.935221164786773, 11.725944830639431, 11.520732742436312, 11.762870681023049, 11.614618247217471, 11.74696647990109, 11.59735999646856, 11.76163633555959, 11.353426365258112, 11.647059237040324, 11.420390507177984, 11.380739683391356, 11.396618930854157, 11.950455815447127, 11.919862767556035]
[11.165713378001294, 11.848231669605692, 11.758690351588694, 11.472687738731823, 11.492113638951189, 11.184101595564607, 11.761859787867632, 11.432466250046925, 11.740993417609607, 11.951917193767049, 11.950271434163735, 12.138725929630112, 11.827461548723914, 11.946692831717307, 11.543488777875087, 11.234887660404244, 11.715118227673189, 11.748528067671376, 11.86671469418977, 11.736846583061306, 12.008384163786062, 12.582811489228558, 11.476086472236247, 11.677458540727008, 11.46114775084493, 11.617189715239935, 11.606420483568014, 11.559549242395883, 11.573123614185539, 11.710012980108285, 11.602628453531924, 11.6141317472934, 11.747535016128133, 11.67665133088031, 11.511365740990808, 11.935221164786773, 11.695448576042626, 11.516633492789191, 11.741284935651404, 11.579183761392338, 11.69791330478049, 11.59255216855576, 11.76163633555959, 11.347659641114571, 11.647059237040324, 11.399839127801869, 11.33806520568457, 11.389780016844345, 11.92991132587514, 11.858799364667533]
[11.143223274810813, 11.848231669605692, 11.714674429937475, 11.465552192062649, 11.47719019685252, 11.16265840746061, 11.709278001979117, 11.430666887300873, 11.713402995181443, 11.900300929754199, 11.905741703645981, 12.100016500496675, 11.797726553350143, 11.766142350971224, 11.543488777875087, 11.218014185512583, 11.658749255241835, 11.648353460650164, 11.828297256208618, 11.655203860662315, 11.919591291292665, 12.525859266969498, 11.462605169409661, 11.635977806912246, 11.436609945411671, 11.604753543706412, 11.588545885710339, 11.546537741836728, 11.524667662448934, 11.66224054195263, 11.598749634838843, 11.604886895681725, 11.746567802544867, 11.674557031226318, 11.486513537749365, 11.91197668637586, 11.632227997722245, 11.504070884602104, 11.728047132240945, 11.47299453502303, 11.674776109392013, 11.581712838806709, 11.722516729520335, 11.323373474196424, 11.6433829443843, 11.399839127801869, 11.303094757973314, 11.370993539499553, 11.911685840632707, 11.814861288739987]
[11.143223274810813, 11.848231669605692, 11.710400449378744, 11.460748836174286, 11.418469984039877, 11.103535156039642, 11.709278001979117, 11.377250098007305, 11.684892786462168, 11.789508518861624, 11.830118453687438, 12.05668144846733, 11.793717611029864, 11.766142350971224, 11.507976543721425, 11.210712907318761, 11.617756714456913, 11.589375728747353, 11.828297256208618, 11.655203860662315, 11.867654090878887, 12.489758344664782, 11.438795305257253, 11.63585920682258, 11.406552822102066, 11.542986411455761, 11.542385083308208, 11.504043343366217, 11.453080357732457, 11.6347915072901, 11.598749634838843, 11.604886895681725, 11.638065106151164, 11.674557031226318, 11.471176390745187, 11.867794586570644, 11.6295161662852, 11.426213926128403, 11.678813432994051, 11.435766844079524, 11.674776109392013, 11.581712838806709, 11.64247699040209, 11.291808811120031, 11.600322383674177, 11.34463588207458, 11.241538670039487, 11.362083438722275, 11.8879229857783, 11.805063767992154]
[11.091631838635005, 11.834071470539026, 11.692767939659237, 11.428513656077111, 11.379426150281267, 11.042923240701658, 11.640623763059217, 11.356679972108775, 11.653529182751821, 11.766307717688537, 11.830118453687438, 11.955487343657463, 11.793717611029864, 11.766142350971224, 11.507976543721425, 11.14671071365223, 11.593681660035557, 11.589375728747353, 11.805472387219837, 11.62658934953804, 11.810732440227696, 12.437202038438436, 11.393924051707335, 11.606892298140242, 11.395289573282835, 11.542500357204045, 11.526492559379054, 11.454966736619488, 11.452745882959928, 11.615445338735167, 11.552546819719804, 11.591646917582176, 11.628696833202733, 11.671441102007373, 11.393887953683468, 11.865035051717339, 11.613925147768413, 11.374961407823296, 11.655956219106262, 11.411489367602616, 11.674776109392013, 11.581712838806709, 11.539587944909995, 11.247073519205518, 11.573841452240552, 11.277690378232656, 11.183726535626063, 11.342805193350015, 11.8879229857783, 11.788162901135017]
[11.086137873738366, 11.732791979345379, 11.668026257020719, 11.425110339849308, 11.379426150281267, 11.042923240701658, 11.617862189828873, 11.311501475970653, 11.600052252430169, 11.749272356116876, 11.79123377858883, 11.948102219721383, 11.793717611029864, 11.67480344810048, 11.49585180467095, 11.096081191692425, 11.593681660035557, 11.558606189201916, 11.758883723398828, 11.62658934953804, 11.76292344108499, 12.337235490351421, 11.393924051707335, 11.58131772064785, 11.395289573282835, 11.489107850129717, 11.52415281882402, 11.42360621549659, 11.419238928339785, 11.60392978101147, 11.54230431352138, 11.559742114492835, 11.614759622506181, 11.646579417935637, 11.355746513633404, 11.829040511089403, 11.544620015609723, 11.373776473207249, 11.639045447993315, 11.378054092004117, 11.66334398821615, 11.569545889043056, 11.437262410867044, 11.238161494512017, 11.56277549791245, 11.275850736505175, 11.17969009938889, 11.326291970500035, 11.871128043414627, 11.770194059383936]
[11.048525947250194, 11.6960118573101, 11.643392751500226, 11.404638472540734, 11.379426150281267, 11.040225970299122, 11.61274778519611, 11.259962177981526, 11.550684890299113, 11.722212164820714, 11.766825371400412, 11.940633818551282, 11.768738597026283, 11.67411445738732, 11.474851289863635, 11.095681026120321, 11.571558518150221, 11.546260235502, 11.731924105618358, 11.591712076540068, 11.762386146549218, 12.282515338015546, 11.375764357492939, 11.58131772064785, 11.383862049321518, 11.455284572248644, 11.424626391073359, 11.398341657128924, 11.408325107295553, 11.583740558032732, 11.473480794555226, 11.486105633545595, 11.538469163965038, 11.605331682115978, 11.340643202034993, 11.776991344581273, 11.529679299046762, 11.356956285872247, 11.639045447993315, 11.334176453151064, 11.609741114466797, 11.569545889043056, 11.418365960958411, 11.167032204983732, 11.499781839015899, 11.262652638969605, 11.175092649303917, 11.326291970500035, 11.83157135865453, 11.770194059383936]
[11.048525947250194, 11.653347515835103, 11.63353652036032, 11.385671854190216, 11.353205893977574, 11.037131095349745, 11.59728588704834, 11.238267165096621, 11.53796156648539, 11.715253568469738, 11.717070761947598, 11.893421682847626, 11.768738597026283, 11.646389050887795, 11.463116599013544, 11.086757353235091, 11.562833203290293, 11.533185121383498, 11.686860378261247, 11.498999476020552, 11.759102534144168, 12.200291439803559, 11.375764357492939, 11.554097109777915, 11.371850375047671, 11.392966406128062, 11.396001187579497, 11.359635663445738, 11.408061122533487, 11.543937800099275, 11.44916997435826, 11.464594845543697, 11.491866577830208, 11.567208356459341, 11.295556939392952, 11.776991344581273, 11.48780683960172, 11.2943354638285, 11.607193129056345, 11.272432959842835, 11.596432726042547, 11.569545889043056, 11.385560534181943, 11.149184162314887, 11.471825971011674, 11.219497108311952, 11.175092649303917, 11.322455049666107, 11.83157135865453, 11.693358552895821]
[11.008967949920827, 11.651580786904688, 11.619364728119198, 11.32404301379295, 11.353205893977574, 10.953819114893141, 11.58653020934763, 11.226224849056411, 11.534084290569627, 11.69693881911044, 11.717070761947598, 11.893421682847626, 11.751912321931112, 11.635961012593633, 11.4117337168035, 10.926194420559524, 11.545560024934568, 11.486190839434325, 11.686860378261247, 11.498974031672489, 11.750056016462041, 12.197753370414848, 11.365430127330619, 11.503571608143993, 11.369927428679322, 11.360550430292648, 11.382498123246451, 11.273148614197144, 11.392269466465454, 11.528544327120578, 11.439098295937272, 11.384441733333961, 11.470541891372843, 11.540687155541693, 11.295556939392952, 11.775561198959121, 11.425328109437412, 11.265879522500585, 11.520815628370421, 11.25696043951585, 11.572311166638045, 11.567009749934968, 11.376512567876807, 11.121452345084958, 11.451333823515535, 11.194659400198985, 11.155106491227896, 11.321161050979164, 11.747218917489374, 11.693358552895821]
[10.985775771594561, 11.651580786904688, 11.590054323112936, 11.261558060829893, 11.314797130489293, 10.950066617763408, 11.58653020934763, 11.18409409380494, 11.533393674215313, 11.671646671288064, 11.663841657800084, 11.80559307341638, 11.739103288385314, 11.619465177709673, 11.35377475374373, 10.926194420559524, 11.47598295491206, 11.469472527335109, 11.686860378261247, 11.467740514946176, 11.736397405337904, 12.197753370414848, 11.322111885043315, 11.501272270985124, 11.364463758554468, 11.352750999459852, 11.324569138781651, 11.23499256350187, 11.36721820369805, 11.494718189154911, 11.439098295937272, 11.384441733333961, 11.445703636381733, 11.540687155541693, 11.295556939392952, 11.754199974454458, 11.397593167770461, 11.261340872603508, 11.452274445719958, 11.23802017719824, 11.515748558959492, 11.567009749934968, 11.333229448680925, 11.110941454321676, 11.440509842632025, 11.184812494218237, 11.13961172058369, 11.29790741016046, 11.731029083103568, 11.634151408412674]
[10.933547429868785, 11.620951008469484, 11.590054323112936, 11.250264618266737, 11.272149188447674, 10.939992503970734, 11.548728419787727, 11.157108538712237, 11.497214208076144, 11.66123769698397, 11.659099255007801, 11.78746422705766, 11.666207737758867, 11.602061210900224, 11.314909776248196, 10.88479504845586, 11.446866526501172, 11.469472527335109, 11.666720723113913, 11.415429566187875, 11.736397405337904, 12.19000363797872, 11.236756004025246, 11.501272270985124, 11.30899956230345, 11.349324801544094, 11.324569138781651, 11.228538917809356, 11.30263929997967, 11.486595172500937, 11.408224566154106, 11.384441733333961, 11.445703636381733, 11.457027783215281, 11.274300151438165, 11.699778204458228, 11.352662950200685, 11.21963433800094, 11.430976469289305, 11.158079178066306, 11.506628152265627, 11.561730392337193, 11.273471767509402, 11.110941454321676, 11.393855221970673, 11.15976292047123, 11.1234516046042, 11.252407850754409, 11.710228798680829, 11.634151408412674]
[10.916948045303169, 11.565904050600404, 11.546142805913037, 11.237625604861098, 11.272149188447674, 10.886175633800509, 11.502271180088687, 11.060485641800735, 11.497214208076144, 11.620581232576276, 11.574200248954371, 11.775955767702886, 11.593001914688125, 11.570080744539347, 11.302591058377235, 10.883148145452633, 11.367505407318642, 11.469472527335109, 11.606181399277938, 11.393240359749514, 11.698864645121526, 12.126535316458256, 11.212641341787412, 11.501066896524362, 11.268044618494704, 11.349324801544094, 11.305658158333497, 11.18300239768244, 11.30263929997967, 11.447654788391574, 11.348846253290887, 11.366610464077644, 11.400576273708563, 11.457027783215281, 11.266427696082042, 11.699778204458228, 11.313957994676144, 11.188404329736846, 11.40915817543295, 11.144057680101948, 11.452211210775747, 11.516434731024242, 11.272717143415955, 11.110941454321676, 11.38169046821764, 11.133797774288503, 11.116898865211535, 11.234661637522594, 11.667652897867073, 11.583820866139494]
[10.913015822527813, 11.565904050600404, 11.528280492705049, 11.107169243990356, 11.23140021511892, 10.800306726299885, 11.46641523043127, 11.060485641800735, 11.477250472271203, 11.589769235993078, 11.537656856668452, 11.772579645396004, 11.535622769337841, 11.570080744539347, 11.29885127795697, 10.870314103348525, 11.361615692866414, 11.441641227982673, 11.606181399277938, 11.345735683532615, 11.698864645121526, 12.126535316458256, 11.165208352673883, 11.501066896524362, 11.219640225157658, 11.329480928416908, 11.278687671852849, 11.178774777938642, 11.2737238178658, 11.429701228460207, 11.28108838744164, 11.356898046047084, 11.313812610684582, 11.451830775459436, 11.262070195108658, 11.679889894481567, 11.313126500388327, 11.155636777672976, 11.38707966318937, 11.126956955552037, 11.444320906559827, 11.461189217095296, 11.23543644072895, 11.078602598603663, 11.361968260984709, 11.074682638158638, 11.053308905077953, 11.20075616671151, 11.539015444834247, 11.564368804088737]
[10.862875284047009, 11.565904050600404, 11.528280492705049, 11.096343257327224, 11.225414580219587, 10.779708837851896, 11.442488415770185, 11.015536675344947, 11.477250472271203, 11.482417767601108, 11.526529308851813, 11.711389765159655, 11.49750313738919, 11.52173543975326, 11.292200442966124, 10.866479448178328, 11.347508811477208, 11.441641227982673, 11.606181399277938, 11.310472345111886, 11.688318729416263, 12.11289968142589, 11.159731180817431, 11.453553057983452, 11.145813578404065, 11.311977905157736, 11.25671464754894, 11.178774777938642, 11.269491400639927, 11.403351860883456, 11.218145618426092, 11.32737476425172, 11.288948427235855, 11.424082861604612, 11.253939836278661, 11.660733356825217, 11.253369273381558, 11.074336769618508, 11.38707966318937, 11.091272497671097, 11.340156330388673, 11.452346037688002, 11.231230852670276, 11.044079718238201, 11.358214060583679, 11.074682638158638, 11.053308905077953, 11.17056984898427, 11.512644880174282, 11.564368804088737]
[10.847950119547347, 11.530763487369246, 11.471872286621151, 11.030291513337014, 11.210419499593943, 10.768712582856569, 11.442488415770185, 10.994404812621237, 11.38897211259827, 11.46517255390062, 11.526529308851813, 11.633036810530708, 11.469498076979196, 11.500312651136209, 11.243328124472146, 10.866479448178328, 11.347508811477208, 11.441641227982673, 11.58455345785821, 11.292173867915967, 11.681648267623533, 12.11289968142589, 11.080097027371998, 11.417676306658278, 11.115648472825765, 11.29447189984445, 11.204053625092723, 11.171207116198454, 11.209112905365867, 11.360682911216788, 11.179544662194198, 11.310024963752502, 11.253980563497796, 11.41118257529196, 11.239678763519567, 11.648717529405278, 11.210439487057737, 11.037045705491812, 11.374146682655049, 11.091272497671097, 11.262609258400252, 11.381457280375466, 11.209998554676478, 10.988798133939433, 11.357202508692243, 11.012919799614123, 11.000984728107374, 11.139177118225962, 11.501155637774376, 11.549527289392847]
[10.843595456556228, 11.521384071046901, 11.293445561234801, 10.92210337790812, 11.148328849279256, 10.745772186024713, 11.432081922399682, 10.975104854253924, 11.385303830578064, 11.46517255390062, 11.526529308851813, 11.625805724668107, 11.463505267011517, 11.481280588887374, 11.170171189419724, 10.866479448178328, 11.317919139094103, 11.440664288156707, 11.545086840922048, 11.204513015636902, 11.67493527781657, 12.082973109266245, 11.067237575992186, 11.378483658352458, 11.115648472825765, 11.269460004033695, 11.117986928484163, 11.171207116198454, 11.196075180460381, 11.350819956586927, 11.159181309066579, 11.278643895924944, 11.253980563497796, 11.377554863594982, 11.229059642319765, 11.612066567938076, 11.205682037713807, 11.021894329903347, 11.318156380588032, 11.072255674551608, 11.251400613814578, 11.378080810091229, 11.159538744998953, 10.970216847597753, 11.338626454203963, 10.930815181712713, 10.996023021317127, 11.09305295363678, 11.43196641254116, 11.532414146534526]
[10.828234358010517, 11.472817881306918, 11.275425688396988, 10.901535354560414, 11.145268031591476, 10.696277832253847, 11.382094941432992, 10.97177472984653, 11.26400079002862, 11.444461063957302, 11.47974421066191, 11.581370872846312, 11.39312022543339, 11.429720285533659, 11.167288337448657, 10.83239829672585, 11.302439225954906, 11.440238515490785, 11.53043699748321, 11.169721432396146, 11.630218540174111, 12.042881188839416, 11.067237575992186, 11.378483658352458, 11.108404715902449, 11.269460004033695, 11.094070910410682, 11.165848134051396, 11.173250249767186, 11.350819956586927, 11.135618118890445, 11.278643895924944, 11.252512565845532, 11.374622341370896, 11.206182750074415, 11.564769326738537, 11.147995886436966, 10.973384391392724, 11.278119585077043, 11.070369664090475, 11.240517653525469, 11.336142328186186, 11.125074258251765, 10.928688283634024, 11.283964274717682, 10.903403012578746, 10.996023021317127, 11.050887465463788, 11.419125998255867, 11.513780465013651]
[10.819690002650075, 11.46406128870631, 11.275425688396988, 10.866687495172474, 11.100434018168189, 10.64761389403078, 11.312161484013442, 10.97177472984653, 11.111825312043567, 11.421487655415914, 11.452577469140452, 11.56537196336087, 11.39312022543339, 11.381960834768648, 11.148337659170608, 10.817586997028148, 11.297425596456332, 11.408550512600806, 11.431003075968647, 11.168725659135992, 11.602964322945919, 12.039306744973254, 11.001874880312679, 11.328958899041028, 10.999250600510972, 11.267042205287025, 11.08484682673744, 11.126526812577396, 11.147222528631511, 11.19060366555286, 11.10557552703425, 11.196489770140772, 11.229882678506405, 11.374622341370896, 11.204749029665106, 11.564769326738537, 11.141623661605514, 10.969778684653281, 11.212929433404735, 11.017715398043986, 11.1912481153864, 11.320191995820299, 11.073687006408772, 10.83297704197209, 11.283964274717682, 10.88093796548695, 10.990867961000403, 11.050887465463788, 11.387365731581072, 11.500648908334059]
[10.807091782941075, 11.46406128870631, 11.270464898401006, 10.837107661222191, 11.087147371114368, 10.603328157669655, 11.299146167360577, 10.914192707299529, 11.077554035927376, 11.421487655415914, 11.381914140631228, 11.546919098244242, 11.39312022543339, 11.381960834768648, 11.148337659170608, 10.817586997028148, 11.238303833769432, 11.37658891766706, 11.41962850969765, 11.164789798082978, 11.558134974982883, 11.951241834327345, 10.917883638142193, 11.287012981601183, 10.999148528803607, 11.167242030614824, 11.08484682673744, 11.108022550896523, 11.114713650477132, 11.19060366555286, 11.095179374684738, 11.191539964597828, 11.180338875415435, 11.368659007968056, 11.180534431243094, 11.564769326738537, 11.134685785643528, 10.962975948168557, 11.210464621471177, 11.017715398043986, 11.092134562554046, 11.320191995820299, 11.03928803641764, 10.83297704197209, 11.269137926053496, 10.872113615901913, 10.990867961000403, 10.963321210460942, 11.375288395106255, 11.47778207600459]
[10.807091782941075, 11.454324102259381, 11.270464898401006, 10.837107661222191, 11.037528280412472, 10.603328157669655, 11.287581990639714, 10.914024588627882, 11.048466317932476, 11.363077777844332, 11.381914140631228, 11.51676369012164, 11.383402383304214, 11.381960834768648, 11.126119370196264, 10.817586997028148, 11.15185788471614, 11.359020293974668, 11.371701913737251, 11.11322224150298, 11.544953185359276, 11.926317101702583, 10.87470851365362, 11.233300487517774, 10.989681165331314, 11.167242030614824, 11.054352650502317, 11.105206066961518, 11.114713650477132, 11.166667055446624, 11.081351557937092, 11.18744916128016, 11.180338875415435, 11.27741543886273, 11.083382622283697, 11.497649185223807, 11.11714696529588, 10.962975948168557, 11.20770621407401, 11.017715398043986, 11.092134562554046, 11.289991564478733, 11.03928803641764, 10.83297704197209, 11.207571749105755, 10.871157238596867, 10.953983271302143, 10.922648035607347, 11.315167318836039, 11.431014537420705]
[10.78417685393293, 11.415212435547465, 11.227741983887572, 10.83447371533857, 11.00421643313776, 10.568900903235965, 11.287581990639714, 10.889444300569622, 11.026639745461923, 11.332461227730725, 11.352605173027785, 11.492434579062973, 11.365359177369326, 11.381960834768648, 11.119547145645456, 10.817586997028148, 11.08074319206902, 11.325922018604825, 11.371701913737251, 11.11322224150298, 11.538868269673168, 11.862503530968755, 10.839976325820476, 11.195468079369729, 10.989681165331314, 11.16618184353818, 11.028674242872345, 11.069423087346, 11.039653495167553, 11.156534174967979, 11.07796290351318, 11.168851534746148, 11.156297013878666, 11.229140301882605, 11.039759993866621, 11.462581166901199, 11.091873054903083, 10.942993253186394, 11.185106041313485, 11.009952258243016, 11.050337896943585, 11.282591046241528, 11.03928803641764, 10.822793179758401, 11.207571749105755, 10.871157238596867, 10.923748077126762, 10.895148258520587, 11.269235744177276, 11.429319767482893]
[10.746964936077212, 11.412256015638196, 11.186886218514477, 10.788389310350492, 10.98493616467449, 10.54594416701472, 11.157547293743605, 10.878174788979464, 11.015428762373942, 11.332461227730725, 11.334354342364211, 11.426106466967028, 11.359991344097487, 11.29572792027572, 11.11309008502993, 10.81698132918721, 11.027499635475056, 11.304884091970518, 11.34429305251632, 11.058262156246213, 11.485468016832566, 11.819983474282253, 10.817434176833334, 11.112644792391434, 10.944994565093676, 11.116443209540673, 11.028674242872345, 11.066486625280634, 11.014955032231928, 11.12987757046525, 11.06629930458526, 11.152125462324417, 11.107676752791182, 11.145000483466866, 11.039759993866621, 11.462581166901199, 11.091873054903083, 10.85876281094512, 11.153050270887956, 11.009952258243016, 11.050337896943585, 11.254390034635291, 11.02637264873228, 10.798959556739405, 11.1893631831989, 10.862809856721448, 10.900551151213902, 10.849156774790256, 11.26790775072534, 11.400985345198793]
[10.65902557756613, 11.378179310642498, 11.12061005394034, 10.737792201457655, 10.978135915680333, 10.522502475305568, 11.132188579183756, 10.797184946224231, 10.96415314079235, 11.319703501927991, 11.307583580644417, 11.423366426574484, 11.33522100216387, 11.28629993276062, 11.078900423867143, 10.785679939181168, 11.009779837495149, 11.273975493227791, 11.309322312461973, 11.015979773243949, 11.427898097768978, 11.799783845802144, 10.784456530860425, 11.087954184236468, 10.921489628350656, 11.06468149120308, 11.02800945375945, 11.066486625280634, 11.011326350251059, 11.096803355812323, 11.058478531883752, 11.12510735636047, 11.105849362897063, 11.145000483466866, 11.039759993866621, 11.456662009458734, 11.091873054903083, 10.847227603482368, 11.138516526552667, 11.003494850041518, 11.004748800902558, 11.17465914197817, 11.013663204827122, 10.694873284791944, 11.187484726190487, 10.84995755290677, 10.874793466351905, 10.849156774790256, 11.26485640419435, 11.398707172517106]
[10.626530104052149, 11.323877274501914, 11.117473146631093, 10.701543201750505, 10.962339018011455, 10.519798829494821, 11.101127555024624, 10.774265104353653, 10.945978918752878, 11.311970444422505, 11.283253620280545, 11.397662088838604, 11.27599753953322, 11.21555640491503, 11.042808307265394, 10.76906454541843, 11.004765168855586, 11.239799789087705, 11.29063096421726, 10.97912840291329, 11.39878015397122, 11.750321485724452, 10.784149449813238, 11.07218962301619, 10.861225561361763, 11.06468149120308, 11.0203906126257, 11.045091703653203, 11.011326350251059, 11.036482974737833, 11.02711118666181, 11.117776101703303, 11.096359853588066, 11.13174707836144, 11.039759993866621, 11.456662009458734, 11.086551539063244, 10.824661993675019, 11.136352295499758, 10.962601224504336, 10.976108060497578, 11.143739616027428, 10.99871554436469, 10.681763588845154, 11.134056980082956, 10.84995755290677, 10.859665200830126, 10.84722892045539, 11.232981871190812, 11.349305176649606]
[10.443938335921251, 11.31177694612721, 11.111092867257462, 10.692523019260411, 10.94171131597087, 10.500989985782706, 11.054463564993464, 10.765142199385192, 10.937729733420012, 11.219126011397746, 11.234439430085562, 11.33243914063847, 11.22619517275869, 11.16940701649306, 11.042634051943537, 10.757237860817614, 11.004765168855586, 11.228824078285307, 11.208514353942888, 10.906943751204512, 11.372724297443423, 11.712763507377598, 10.772859667372193, 11.062288348137635, 10.8551759356064, 11.039617320084377, 11.018139290310124, 11.020636777427775, 10.996547293625037, 11.015342351470858, 10.96733173807063, 11.109216048078405, 11.053963247017105, 11.116327284134302, 11.026256380255694, 11.43885613852343, 11.079598250222306, 10.806981515146296, 11.098907456085865, 10.929398145123042, 10.961258203351559, 11.114215892155341, 10.938171920295622, 10.663176471820204, 11.016328205376102, 10.838763669135012, 10.859665200830126, 10.793722386771872, 11.214790157131002, 11.25617860572591]
[10.426978716632316, 11.163308783707137, 11.040625128533167, 10.689965208439537, 10.914557342148159, 10.475643022358195, 11.054463564993464, 10.763427337793576, 10.910131505935038, 11.207942131630736, 11.175861936362534, 11.33243914063847, 11.22619517275869, 11.146480838167335, 11.004873916599887, 10.747134036592254, 10.99636310735671, 11.211353764413627, 11.176112492348969, 10.904670513525213, 11.353360557667527, 11.646615181103318, 10.737614829749917, 11.062288348137635, 10.788898291226257, 10.994925999963842, 11.003671099562004, 10.943245700211428, 10.971414896485248, 11.015342351470858, 10.940612728823314, 11.085227035150712, 11.053963247017105, 11.107339855349137, 11.009682913698843, 11.43629737473889, 11.043181689007714, 10.795530266456144, 11.08800622241956, 10.887248542944338, 10.961258203351559, 11.088128186329383, 10.901790436992695, 10.625879530005275, 11.009344058848566, 10.819520732404813, 10.845266882470671, 10.776105773165469, 11.214790157131002, 11.240247210023032]
[10.411795083027098, 11.139453238480991, 11.040625128533167, 10.65869916800356, 10.913387917049551, 10.429165931614886, 11.054463564993464, 10.758859027803844, 10.871686174300937, 11.207942131630736, 11.16590907576831, 11.318989033076537, 11.21922012204227, 11.121877695527491, 10.972432799651614, 10.728644810757391, 10.963614657158967, 11.166135508463578, 11.176112492348969, 10.791073581240074, 11.303700879240981, 11.646615181103318, 10.71960256857694, 11.053133915619608, 10.739187604874953, 10.929296991419164, 10.97563376317861, 10.845850807693004, 10.920913586339099, 10.964461968962377, 10.916251709456242, 11.07118926643417, 11.053963247017105, 11.079659112232687, 10.973458452693308, 11.43629737473889, 11.043181689007714, 10.735446494099753, 11.085289144269122, 10.874614590468651, 10.961258203351559, 11.061173423861671, 10.888496429724619, 10.623212603594862, 10.994201715985474, 10.793937560630827, 10.830479387988317, 10.773791511371911, 11.195950739543957, 11.240247210023032]
[10.403884037479056, 11.092387088281711, 10.939357104079265, 10.65869916800356, 10.891645390448112, 10.372865951953091, 11.030829406886715, 10.720115224380045, 10.845753073512338, 11.189833719638962, 11.159488727214468, 11.270155930075788, 11.214463615148023, 11.102653667484834, 10.906702486983997, 10.698680726424328, 10.945179358442912, 11.150624641396911, 11.176112492348969, 10.786276996094447, 11.265959577479968, 11.596810188753617, 10.672493221479197, 10.959293243789231, 10.713370625556852, 10.909624501944242, 10.967283748261849, 10.836158057714506, 10.878086939923097, 10.951079536727985, 10.886330197117221, 11.070347144994539, 11.035439968282445, 11.054598561528664, 10.93590824410156, 11.38799007921951, 11.043181689007714, 10.70384242920604, 11.029852945224683, 10.78812922701875, 10.903466759272549, 10.978509511788547, 10.879781050110761, 10.58560253472829, 10.952998576047298, 10.77085914401503, 10.803434401467642, 10.724221184702197, 11.195950739543957, 11.173840765421698]
[10.394149506619227, 11.042873589576839, 10.875777959438667, 10.65869916800356, 10.869133729315998, 10.299709057341309, 11.006463275798177, 10.720115224380045, 10.842496577057746, 11.189833719638962, 11.15227634303778, 11.243575620033244, 11.205060825945228, 11.102653667484834, 10.856923170360915, 10.692906107903422, 10.905277768147641, 11.137373122668157, 11.147049114010628, 10.770054956055834, 11.251752665516106, 11.587669618730112, 10.663276151409914, 10.8896852627554, 10.648865328890126, 10.909624501944242, 10.965502973338937, 10.804353885364216, 10.832673635200216, 10.951079536727985, 10.865604573526628, 10.977046868511158, 11.035439968282445, 11.049338515359574, 10.9299953563701, 11.28190997305327, 11.0240623925817, 10.676999635132677, 11.018330637563368, 10.784722420388432, 10.902453417708571, 10.969232329005951, 10.87160095019482, 10.58560253472829, 10.94496444291218, 10.715691343601584, 10.70749621551718, 10.685910873212663, 11.17041597112296, 11.105153525368525]
[10.370243178141974, 11.008869452148128, 10.843891020580632, 10.65869916800356, 10.869133729315998, 10.294977032068548, 11.006463275798177, 10.720115224380045, 10.819498284626878, 11.183181235476123, 11.107974429839576, 11.211215851136918, 11.181870593041152, 11.07810917698655, 10.797316671570087, 10.643654586970486, 10.898760101813853, 11.098658428147337, 11.056465256692881, 10.767912164758396, 11.22345949159703, 11.519886088715664, 10.663276151409914, 10.883574458574328, 10.614866183534215, 10.89676831546588, 10.940338185168866, 10.804353885364216, 10.809076573588147, 10.94448231223025, 10.865604573526628, 10.972074665457864, 10.984473916791178, 11.049338515359574, 10.881789486020342, 11.278803093684147, 11.022494551317466, 10.645029635844354, 10.970719071837395, 10.758217972872298, 10.902453417708571, 10.896596581906602, 10.856106941002663, 10.58560253472829, 10.91523263051638, 10.68756162499897, 10.62366226450441, 10.678237838879426, 11.161234238092005, 11.085292725652076]
[10.345029555705954, 10.92271180040215, 10.793860458777228, 10.619193332170799, 10.795994758239935, 10.282602826778833, 10.947334937118105, 10.71066472981652, 10.819498284626878, 11.183181235476123, 11.097741301318159, 11.1934222606583, 11.140744726352175, 11.054930294581103, 10.778440880681094, 10.61659028733928, 10.889662662139452, 11.02774915270323, 11.05576705789355, 10.728869030876234, 11.22345949159703, 11.465394961055786, 10.659205525744362, 10.88166542574853, 10.595640011940198, 10.850737196043283, 10.906616177280076, 10.78744847685262, 10.807179757905113, 10.934428655968821, 10.806927923153742, 10.936098242902068, 10.939606268701521, 11.049338515359574, 10.833213028197136, 11.216255723672889, 11.022494551317466, 10.630659123193578, 10.931420620058962, 10.738335236462804, 10.895747334913896, 10.858300253520754, 10.829735399049685, 10.551242036575943, 10.903509451910754, 10.653621936911946, 10.606768645815627, 10.664982737111842, 11.13779665281882, 11.054562855383185]
[10.334529151646747, 10.860245902132608, 10.793860458777228, 10.588527000142175, 10.795994758239935, 10.277821515618115, 10.91946286081407, 10.699955916026626, 10.782144485847668, 11.17433422815041, 10.958511029664358, 11.182124417976377, 11.122758216262936, 11.047311942511618, 10.733915303178751, 10.61659028733928, 10.856110087423023, 11.021536454967524, 11.024613200456788, 10.643392591408794, 11.147691729559352, 11.438301661006957, 10.590223537740991, 10.805011094505335, 10.5590011486936, 10.833665304630097, 10.88255501564349, 10.708220987906634, 10.778447880275316, 10.884007630640003, 10.791744659909009, 10.877449134483154, 10.874087013250254, 11.001925085741089, 10.820395392073845, 11.190781246507719, 11.017193253254506, 10.623352571342465, 10.886418865928142, 10.73619536108414, 10.849127675875813, 10.858300253520754, 10.829735399049685, 10.530877028141258, 10.897675833705563, 10.649894964658035, 10.54177251513494, 10.615945686092758, 11.12375625955656, 11.016283943682055]
[10.294263788313256, 10.824134899680644, 10.793860458777228, 10.579134388695739, 10.72071362979218, 10.277821515618115, 10.901163588535464, 10.643137512785227, 10.660104415363389, 11.120515101096014, 10.954819033057976, 11.182124417976377, 11.118978729681924, 11.027322577869452, 10.733915303178751, 10.555585728668863, 10.837363887977144, 10.97853400805671, 11.004804836080185, 10.64086139739237, 11.125578977225286, 11.438301661006957, 10.590223537740991, 10.781026632631733, 10.5590011486936, 10.784526541980394, 10.88255501564349, 10.672996932717075, 10.740287941854117, 10.87846406025344, 10.791744659909009, 10.82374116736782, 10.874087013250254, 10.966375446032675, 10.816028426960955, 11.152591286044514, 10.995753962654918, 10.5804392454536, 10.836627239691166, 10.719131804524126, 10.810655388017533, 10.770050033252621, 10.825386947515145, 10.526428587830356, 10.789062127706117, 10.649366873633515, 10.54177251513494, 10.604215768264272, 11.114840879409453, 10.992838950265982]
[10.294263788313256, 10.824134899680644, 10.766460137085629, 10.571243255323669, 10.68838429634337, 10.255942226623471, 10.860986163003599, 10.584567068667196, 10.628374781279861, 11.108961663319429, 10.951519859506433, 11.173446189770539, 11.114126965396592, 10.996958704187278, 10.733915303178751, 10.527682974548226, 10.835506844011354, 10.965533740808134, 10.989414411054343, 10.611403805030738, 11.066374181286488, 11.438301661006957, 10.58015450239871, 10.731784814464245, 10.5590011486936, 10.773920453587246, 10.864331559214316, 10.672996932717075, 10.740287941854117, 10.813330999167984, 10.73815772585757, 10.816451842143916, 10.843528730175551, 10.93045070803051, 10.714597823391426, 11.108031480769604, 10.984367017046203, 10.577430389295184, 10.824210208919512, 10.694519615512052, 10.73227029935136, 10.703198564535285, 10.81013937562304, 10.501283844806085, 10.745592586346856, 10.63386027088371, 10.482874374391672, 10.529658178907578, 11.05577288529377, 10.956496583424624]
[10.285050516906407, 10.821094118998525, 10.74020976704777, 10.571243255323669, 10.63944409385875, 10.239158114097904, 10.857430267126347, 10.582739556277382, 10.59819696948775, 11.082196968526052, 10.951460399499307, 11.14105754755838, 11.114126965396592, 10.964970587316703, 10.68136864799634, 10.527682974548226, 10.809624510190488, 10.920123762476857, 10.935884058809826, 10.588473776155414, 11.007075613162023, 11.422569253393682, 10.571275033717932, 10.647454936423717, 10.516273953815354, 10.766157726127835, 10.754108819539331, 10.672996932717075, 10.683723991939347, 10.790067724273978, 10.704846318298113, 10.765324195124553, 10.769356724891637, 10.91692916664744, 10.680178331718645, 11.108031480769604, 10.958789178621641, 10.576913947811523, 10.795319220477332, 10.65858695482783, 10.676624953829391, 10.676311505231743, 10.787909393709626, 10.482710476678722, 10.674624263226391, 10.599825934002155, 10.434647373396015, 10.458253366998523, 10.963053511249253, 10.889219609237779]
[10.235696822840703, 10.820862280283128, 10.640202215627564, 10.541841300672406, 10.63944409385875, 10.168198754369422, 10.838156812351082, 10.576370223117916, 10.584180498899203, 11.03096645025165, 10.913825524074587, 11.087976074199583, 11.05435246750602, 10.91217432738998, 10.68136864799634, 10.497479832031363, 10.767377076944015, 10.908077315788082, 10.935884058809826, 10.588473776155414, 10.952864721399708, 11.403185626511386, 10.538755199744315, 10.647454936423717, 10.514101398877155, 10.72967461020271, 10.719810453290782, 10.664533205048235, 10.669796805916743, 10.750940009421296, 10.704846318298113, 10.747441666134762, 10.726745271952879, 10.897886427668444, 10.672724531190259, 11.09969593891614, 10.93298893404592, 10.565351665787528, 10.78462011029893, 10.609296095366874, 10.613432747455885, 10.585769842699355, 10.707329910298169, 10.45303926452802, 10.608125571156219, 10.526980885070031, 10.429706819678973, 10.428666784868616, 10.963053511249253, 10.85897889578112]
[10.235696822840703, 10.773078214947784, 10.591928822215541, 10.486334155626253, 10.633127121014034, 10.168198754369422, 10.838156812351082, 10.542480502451996, 10.576139228520269, 11.013202948564507, 10.840106518452142, 11.081777403856549, 11.039283953346391, 10.903433689185125, 10.666258196836562, 10.461911675127443, 10.762438093856309, 10.750817259774882, 10.898547087544049, 10.564304511532422, 10.93860824266262, 11.358114450062796, 10.521121799579918, 10.626138582166085, 10.406526714498, 10.70831681931251, 10.691038080566054, 10.631206408220457, 10.631245169319527, 10.750940009421296, 10.663907987032015, 10.696605779020732, 10.723358349852688, 10.876366475428009, 10.666645164786157, 10.987642192577194, 10.86591589023267, 10.544551292902765, 10.78462011029893, 10.582276275486475, 10.602844816315093, 10.57795326883332, 10.701923060342839, 10.44197520658552, 10.602831361549004, 10.498093079315987, 10.384429889830512, 10.428666784868616, 10.907941782770324, 10.82545640619809]
[10.195398761047166, 10.771523309660584, 10.533455629502331, 10.47960806398758, 10.619897572984659, 10.168198754369422, 10.822692232969604, 10.53569601678878, 10.56223488716207, 11.008318132306632, 10.820572142165188, 11.059559817709854, 11.023584432400135, 10.903433689185125, 10.666258196836562, 10.448259374365689, 10.726084896864652, 10.724194369866122, 10.849235857575007, 10.51445934535862, 10.878920331655943, 11.287856605356357, 10.510417915633274, 10.626138582166085, 10.397321477152076, 10.704878889569901, 10.677703673104478, 10.617418238696052, 10.581998467487704, 10.738205075649796, 10.663907987032015, 10.620869723338657, 10.64890416629222, 10.864452613063369, 10.637297492588479, 10.947018581648466, 10.86154247743509, 10.499976471076383, 10.630311787443734, 10.536479088499744, 10.552214822237243, 10.57795326883332, 10.659047919749105, 10.388605842805813, 10.580926172624476, 10.471104235670774, 10.375974681547135, 10.412498096994392, 10.907941782770324, 10.804490056948842]
[10.155725627275668, 10.771523309660584, 10.531096668860448, 10.43645664085241, 10.61068454757532, 10.166762207187128, 10.814793822055227, 10.52414634987566, 10.539873995661164, 11.008318132306632, 10.783739014340053, 11.041866888607421, 11.014899605581185, 10.897696061201078, 10.639448357927373, 10.448259374365689, 10.726084896864652, 10.715525679733778, 10.849235857575007, 10.51445934535862, 10.878625843328155, 11.274603659700341, 10.493346116832765, 10.626138582166085, 10.352185930946444, 10.669130781215506, 10.665289425774688, 10.599631175313837, 10.54120537686832, 10.738205075649796, 10.620176455476194, 10.620869723338657, 10.63358281744451, 10.84066801978057, 10.589815132472669, 10.912457595972764, 10.804159002619645, 10.478070472142756, 10.600351590547827, 10.531812370095894, 10.516333300679818, 10.57795326883332, 10.642520764188696, 10.388605842805813, 10.580926172624476, 10.377671969340136, 10.344391715951087, 10.376466378424515, 10.875866939801808, 10.796856902997462]
[10.121032520183768, 10.771523309660584, 10.531096668860448, 10.43645664085241, 10.53036922010155, 10.163367429010226, 10.811292586799686, 10.522947349710293, 10.53549725753469, 10.958684550565877, 10.768442390118302, 11.040173593706687, 10.961460534123809, 10.860656598835826, 10.630364139780577, 10.423737492317134, 10.724790404477275, 10.700130284835211, 10.840629360504597, 10.51445934535862, 10.818954502290838, 11.231598026867038, 10.483507154950662, 10.605749288124418, 10.329987612433424, 10.650439527590688, 10.665289425774688, 10.59702945675159, 10.511444087260832, 10.737127924825643, 10.566388479210737, 10.514582534766713, 10.602067214924404, 10.830511302609176, 10.56679891422597, 10.910411865568339, 10.774240634728422, 10.422210959232462, 10.59991156414842, 10.479479518187379, 10.516333300679818, 10.55253022075091, 10.58290067515474, 10.358734850423449, 10.580926172624476, 10.303495516910456, 10.298450731722998, 10.367428528748146, 10.830622758223932, 10.796856902997462]
[10.101391304864922, 10.768330106877551, 10.504818158833428, 10.409417552005543, 10.45642443748366, 10.034826948551816, 10.764873898705712, 10.46954459074863, 10.53549725753469, 10.922560092580325, 10.751199636159399, 11.032710104370295, 10.961460534123809, 10.80885156809909, 10.579387970213762, 10.369050427005618, 10.62697311773304, 10.700130284835211, 10.840629360504597, 10.48411175203511, 10.766770883625624, 11.180733255836703, 10.439811230471795, 10.572782295005647, 10.32651212380351, 10.59637596843721, 10.665289425774688, 10.581507724079284, 10.503638509529775, 10.72868404366985, 10.529398145509038, 10.498190717268098, 10.567502750017539, 10.764502340674408, 10.563790703216295, 10.861665659760238, 10.750327393648728, 10.414444849709685, 10.568551321953313, 10.434283739349095, 10.507587246404276, 10.51536011989982, 10.58290067515474, 10.349274349354758, 10.57699276577291, 10.255410427106657, 10.29274622705363, 10.367428528748146, 10.816373344751351, 10.752506920911895]
[10.101391304864922, 10.768330106877551, 10.494912106653274, 10.358056947390981, 10.454321861779404, 10.027173085283104, 10.744831559034962, 10.46272821092644, 10.491655145061973, 10.900078193054707, 10.727179573580395, 11.032710104370295, 10.941395426205862, 10.80885156809909, 10.533105523724592, 10.326152229623062, 10.62697311773304, 10.689266375580507, 10.840629360504597, 10.475097070042523, 10.748724665790942, 11.115293002164364, 10.391053730980646, 10.48888889902553, 10.315151078888505, 10.569536812144202, 10.640217903592879, 10.554197121644275, 10.503293127712178, 10.72868404366985, 10.529398145509038, 10.498190717268098, 10.567502750017539, 10.750125953561833, 10.546574524337453, 10.861665659760238, 10.708450936064864, 10.312498833163996, 10.49308771481454, 10.421802823121517, 10.481891764840379, 10.499373718158079, 10.560915800209942, 10.349274349354758, 10.560839148316512, 10.255410427106657, 10.279272320447637, 10.360177563987696, 10.815995607187306, 10.745218750959092]
[10.101391304864922, 10.688038691318877, 10.488870427619611, 10.324019882154433, 10.43278762519639, 9.93777174956158, 10.694503695240758, 10.439251275263251, 10.491655145061973, 10.884847064415192, 10.717345515117236, 11.002007243360167, 10.886973971624595, 10.788968639728115, 10.512376146935257, 10.295471798607137, 10.551918861786579, 10.680777523369729, 10.826796633863712, 10.459388433348659, 10.716080541845525, 11.096749073468832, 10.338079933037033, 10.48888889902553, 10.294670845558052, 10.513478225503116, 10.640217903592879, 10.498361898600324, 10.487225461040575, 10.71807054209888, 10.524543868575172, 10.498190717268098, 10.512747618302157, 10.635419563437143, 10.519731392983287, 10.860223725921722, 10.650797512410543, 10.235201638322497, 10.47160783088357, 10.407981717410316, 10.390119193862628, 10.499373718158079, 10.548705141544279, 10.345647945704664, 10.540708529541885, 10.249067558220098, 10.272423340989118, 10.332501148924413, 10.812947905470667, 10.723912095242857]
[10.06248528066924, 10.645012031659112, 10.488870427619611, 10.300347758886646, 10.412821831080084, 9.93777174956158, 10.676404887696622, 10.393001592540216, 10.460901572825751, 10.863333350636148, 10.717345515117236, 10.95504984016332, 10.862763379661228, 10.777592857962674, 10.480866306007174, 10.295471798607137, 10.551571485426988, 10.638725285262295, 10.796126986392036, 10.44610515772697, 10.716080541845525, 11.016497506538403, 10.321849086486766, 10.481610699269604, 10.294670845558052, 10.512395547034586, 10.625507042338764, 10.49771374784164, 10.402100870252813, 10.652057178918227, 10.523008453150224, 10.471159050713169, 10.401574219673629, 10.549163202746481, 10.519731392983287, 10.775812628533775, 10.624391188241432, 10.234769919080081, 10.47160783088357, 10.386811115281546, 10.383497778683909, 10.470397147210514, 10.512740065044712, 10.332528087447137, 10.516978788879142, 10.244521875606164, 10.22299364967951, 10.330913170480418, 10.781926651423374, 10.661340459324453]
[10.021957040230472, 10.617536314638707, 10.483529247716039, 10.300347758886646, 10.40836256353842, 9.91314939671847, 10.593308540078722, 10.35400662097283, 10.458310787642217, 10.83373870709677, 10.717345515117236, 10.95504984016332, 10.83981441388059, 10.772932580210842, 10.446674972356535, 10.295471798607137, 10.549372491162641, 10.598025126020879, 10.763590195541868, 10.391095199052591, 10.69133621037271, 10.990988270001347, 10.313709796165481, 10.451102336035035, 10.263723324812254, 10.44833395670867, 10.45373575450986, 10.438300050917885, 10.39185158545923, 10.601934960096552, 10.46063580826639, 10.443831865606052, 10.387051679055668, 10.541662762099206, 10.46629722457973, 10.724457999466152, 10.535829606546644, 10.231306197956782, 10.444359650605637, 10.366214525631005, 10.341928021991418, 10.442988840627184, 10.512740065044712, 10.314811326054809, 10.489202805456753, 10.206207358963145, 10.201262544151765, 10.30484251074785, 10.72021131949646, 10.661340459324453]
[10.00809380006324, 10.611639862595464, 10.44988941295725, 10.290092644995287, 10.34289211539853, 9.90817331815542, 10.562528154655492, 10.338364026384875, 10.351869672903264, 10.831391008447337, 10.70455153593559, 10.88838045215984, 10.71613853455632, 10.763195158221128, 10.401793636760118, 10.248131983116517, 10.517004483973484, 10.59392056957753, 10.741065145486685, 10.385050115156806, 10.69133621037271, 10.979894730459977, 10.313709796165481, 10.363709202896477, 10.242127178984118, 10.438017144189763, 10.44493309415443, 10.39830842994106, 10.39185158545923, 10.552858493827387, 10.46063580826639, 10.393518286749398, 10.36666935327381, 10.541662762099206, 10.386368757775013, 10.670350351915319, 10.488681773186723, 10.231306197956782, 10.425323584499875, 10.344867295952104, 10.341928021991418, 10.442988840627184, 10.512740065044712, 10.249295753481599, 10.44907653485336, 10.20265044231193, 10.179068555172497, 10.287378896747876, 10.681725964538568, 10.661340459324453]
[10.00809380006324, 10.60030495465303, 10.437321984372364, 10.285131268882935, 10.325939060753079, 9.894645329681103, 10.557829935954276, 10.334423564713958, 10.351869672903264, 10.74944297530887, 10.70187063607717, 10.88838045215984, 10.697289006271607, 10.750518437266788, 10.381927026062304, 10.239723078425067, 10.48721446454603, 10.59392056957753, 10.69149286284075, 10.38113935646416, 10.632750394547882, 10.9678044910511, 10.249855394244477, 10.348744267808257, 10.239265781685521, 10.431839942484661, 10.390173416490686, 10.363520340007003, 10.39185158545923, 10.546810368861781, 10.441360285602778, 10.324251748452046, 10.36666935327381, 10.540685301231902, 10.386368757775013, 10.65464170784686, 10.436285940523538, 10.209845340017464, 10.420452074292058, 10.332142334807221, 10.327059115246346, 10.3338673076809, 10.50512871147623, 10.211946739092658, 10.422186362733514, 10.193427573861076, 10.160936903017458, 10.287378896747876, 10.679222344456667, 10.654877988684543]
[10.002433000404805, 10.588705259749904, 10.406296443110262, 10.285131268882935, 10.285625853462678, 9.891185314908729, 10.547773147274055, 10.315293464090233, 10.351869672903264, 10.684149167323607, 10.665153110080876, 10.835405923869077, 10.697289006271607, 10.715547116844515, 10.356550242111613, 10.239723078425067, 10.47301786707642, 10.560400545172337, 10.643927062517157, 10.363629273938534, 10.617354793306852, 10.925042920620784, 10.249855394244477, 10.348744267808257, 10.238496076172764, 10.431839942484661, 10.356612112122722, 10.341201465578177, 10.369834060406017, 10.49149795848436, 10.395695152380862, 10.318542195573567, 10.356632851411309, 10.46357041866507, 10.350977361658638, 10.595165870391615, 10.41143121333165, 10.203527650305515, 10.379863685748905, 10.280373558296672, 10.327059115246346, 10.3338673076809, 10.441655163977062, 10.186593624877645, 10.404994958377781, 10.179675600109253, 10.140931136319917, 10.287378896747876, 10.662478070789453, 10.632874975389276]
[10.002433000404805, 10.571722460800185, 10.406296443110262, 10.278255665852038, 10.25986230984078, 9.887372064178322, 10.520441757060057, 10.295871796068752, 10.346506661699594, 10.664091624707005, 10.655450440760683, 10.761638688870407, 10.676118226547077, 10.706181251893655, 10.338945388417262, 10.20207919737887, 10.461622256496259, 10.558869578305899, 10.608302341431395, 10.34240659147996, 10.602701589205175, 10.925042920620784, 10.17317039202273, 10.348744267808257, 10.237119087926107, 10.38681640411517, 10.277777615398708, 10.315014618324804, 10.298686626050252, 10.464034163949318, 10.395695152380862, 10.316118377434979, 10.349934958574668, 10.438764802648226, 10.321650571971173, 10.595165870391615, 10.364877727364094, 10.201204490337023, 10.353361700554592, 10.255065181811563, 10.28488864852179, 10.3338673076809, 10.398653646655891, 10.180637265340701, 10.37240356074292, 10.141204549857772, 10.087277218537226, 10.287378896747876, 10.656169391338427, 10.632874975389276]
[9.981389535730937, 10.553521709625182, 10.352736545881253, 10.227002922649456, 10.25986230984078, 9.886582193285296, 10.470662352926887, 10.291485636177132, 10.336407636241855, 10.592642148427716, 10.634747366886419, 10.748702575834574, 10.676118226547077, 10.655085316764218, 10.338945388417262, 10.201855137213013, 10.424290262844742, 10.558869578305899, 10.583697461916394, 10.34240659147996, 10.602701589205175, 10.908599357234575, 10.157132183334301, 10.309480764037394, 10.195047866292558, 10.363542449427825, 10.276599701257414, 10.315014618324804, 10.280577099734275, 10.445872788748023, 10.350712829273489, 10.309104411422803, 10.305267418233328, 10.431188574899256, 10.321650571971173, 10.525977185775481, 10.352938750178973, 10.201204490337023, 10.353361700554592, 10.196181948917483, 10.260312468652458, 10.318732149137503, 10.398653646655891, 10.104123519899266, 10.346437768133015, 10.108760009546303, 10.060953099587893, 10.271664918198695, 10.632537555895505, 10.632874975389276]
[9.930860988916582, 10.550347076031855, 10.352736545881253, 10.217541114329773, 10.243369283187459, 9.829900857766429, 10.4319764485459, 10.22964031846096, 10.298072017811352, 10.569506857086965, 10.625880870275829, 10.739024459687364, 10.65943337213945, 10.59367797311111, 10.333155858248016, 10.182083255269882, 10.37473927358166, 10.513616900574782, 10.583697461916394, 10.285302868082386, 10.566904540219046, 10.906177340669506, 10.126933923942325, 10.275020265823946, 10.177905689936328, 10.33105221724293, 10.248611876883093, 10.306551044569778, 10.243525572546542, 10.39664049268659, 10.328551573134485, 10.286712723849465, 10.303116212779972, 10.414458482197448, 10.315170963547278, 10.517178210557244, 10.346315932424284, 10.1841153622085, 10.317640726261772, 10.18953622859126, 10.257682500302348, 10.300545964860088, 10.398653646655891, 10.06648799161745, 10.329503212914085, 10.082164883259672, 10.058713620588192, 10.219936033979758, 10.610984134552103, 10.576646742257864]
[9.901082232697558, 10.508522452620934, 10.279917685477253, 10.205666003596257, 10.17865391394685, 9.810472898805154, 10.412032553059115, 10.159273379029546, 10.296287880086043, 10.557636412620912, 10.625880870275829, 10.739024459687364, 10.64216056293826, 10.593604477401207, 10.285558588523461, 10.137211843977102, 10.32603690842791, 10.476513865260982, 10.583697461916394, 10.220310455297968, 10.566904540219046, 10.906177340669506, 10.108985025419042, 10.27125701787622, 10.159821610998005, 10.273217382720878, 10.244706008543343, 10.277670131260944, 10.17196665190109, 10.384566575009568, 10.292187228949924, 10.279597411860427, 10.277759568591103, 10.368056312503684, 10.315170963547278, 10.477050180598972, 10.291163513509423, 10.160327893057117, 10.27751578157095, 10.148608255075091, 10.15644793843682, 10.289359719568681, 10.341672786274257, 10.052367034039504, 10.305912079375062, 10.054714509819087, 10.050726523032354, 10.166208456423448, 10.574371726975091, 10.576646742257864]
[9.840221683935441, 10.494214620055718, 10.279917685477253, 10.186098900716347, 10.140102387999558, 9.780483078127398, 10.389215936755434, 10.144173715825843, 10.289194481705088, 10.535573681613586, 10.597123603725716, 10.672291481508536, 10.64216056293826, 10.583826366909351, 10.28136753763512, 10.106330220207266, 10.307568191688485, 10.448494418688524, 10.559131970641717, 10.19000155820145, 10.48177702148684, 10.906177340669506, 10.085355064539232, 10.229584267838788, 10.113566780068457, 10.273217382720878, 10.221898748832436, 10.259809021537409, 10.17196665190109, 10.382485084559132, 10.26292297012234, 10.209402133947037, 10.277753037215723, 10.359478355964775, 10.298662346756329, 10.454158140247, 10.26090028153881, 10.094112840839085, 10.24962201530254, 10.087715828041194, 10.15644793843682, 10.277163298374477, 10.341672786274257, 10.0323723472701, 10.286189841430788, 10.008857609407078, 9.995063354299846, 10.125488156669759, 10.562102021023653, 10.576646742257864]
[9.754748009393625, 10.490223724733172, 10.188870399335269, 10.177472298125455, 10.053989097742171, 9.735184162844485, 10.387791043076467, 10.138652218005358, 10.266044921626296, 10.527834453355597, 10.502004383620896, 10.672291481508536, 10.634086446648526, 10.543487696904997, 10.263955914613035, 10.106330220207266, 10.291607105339448, 10.397406965668676, 10.514831969882009, 10.157935725549574, 10.42445407662171, 10.906177340669506, 10.076803977455311, 10.229584267838788, 10.073144148441155, 10.273217382720878, 10.221480950939295, 10.253598840366017, 10.158568556648515, 10.360158815161085, 10.262794334610506, 10.149338080831445, 10.272420123378623, 10.346478889556817, 10.282506096067552, 10.446972977088038, 10.26090028153881, 10.094112840839085, 10.24962201530254, 10.026657773086336, 10.133429591334046, 10.25110508571858, 10.288705091505713, 9.988557837839217, 10.275884922710048, 10.008857609407078, 9.970310063725073, 10.096407163974472, 10.514643843037089, 10.521200191910859]
[9.73573513570493, 10.48782087813095, 10.168019422723876, 10.150631351427538, 10.053989097742171, 9.657250964109426, 10.377896918610668, 10.08200051953475, 10.258352224759246, 10.452022814519038, 10.47589475379134, 10.640852402638647, 10.634086446648526, 10.534010126461979, 10.202444576426974, 10.077857014365975, 10.278043526761682, 10.397406965668676, 10.511011659812569, 10.121660227810548, 10.409022509040643, 10.896827650111693, 10.076803977455311, 10.200556004799404, 10.066676766386951, 10.216531139269476, 10.219315796590843, 10.23808454057438, 10.14962415899301, 10.322304220081714, 10.256322142590559, 10.129573886842257, 10.244102017536402, 10.32669335685846, 10.234691516790447, 10.427084989244154, 10.26090028153881, 10.086388454083913, 10.249045797592728, 10.026215941602498, 10.133429591334046, 10.244016334295791, 10.276372896961629, 9.939428553441546, 10.269066519151167, 9.969900985482974, 9.970310063725073, 10.064244592133836, 10.489992261309093, 10.46473754782578]
[9.712808822856097, 10.48557605345366, 10.141583881608769, 10.128175248675316, 10.039198614044048, 9.614481416131648, 10.377896918610668, 10.064624142515688, 10.25829665697319, 10.44052040554354, 10.375725646455965, 10.613945169983053, 10.615689288331179, 10.477716267098918, 10.202444576426974, 10.06667753284967, 10.17385871145795, 10.319355415054725, 10.49578988062299, 10.11581923964137, 10.366433787413737, 10.860450585345298, 10.076803977455311, 10.150838902200633, 10.057405179548798, 10.208468048527793, 10.159591366259614, 10.209388867291885, 10.137145354957958, 10.261353649115302, 10.196822728106495, 10.123069565598987, 10.235465190005812, 10.301749557956994, 10.22218145518269, 10.427084989244154, 10.248716028726344, 10.019501752094346, 10.249045797592728, 10.005873589210902, 10.11298584559631, 10.244016334295791, 10.222172267460763, 9.91520288839507, 10.269066519151167, 9.957660081465182, 9.925841233530667, 10.064244592133836, 10.441201390346123, 10.425772565292997]
[9.672576373193804, 10.481378806452144, 10.141583881608769, 10.111014469876197, 10.039198614044048, 9.582562460009305, 10.374950904363462, 10.0373676184668, 10.217476829366666, 10.411297971188187, 10.360573253373605, 10.574098488512359, 10.602468693935977, 10.476999830598624, 10.196191024712235, 10.058091092394331, 10.10602324639874, 10.314110640451654, 10.414858505942208, 10.090329314600272, 10.30475630044695, 10.845442712282061, 10.061778400020778, 10.140518862362143, 10.017635211341583, 10.177612058544808, 10.105226145727551, 10.209388867291885, 10.115520084626704, 10.201617112661694, 10.166017053080843, 10.123069565598987, 10.232177612362708, 10.301749557956994, 10.22218145518269, 10.405470041510114, 10.207303595731672, 10.006605335286451, 10.170669495333637, 9.977000878766125, 10.11298584559631, 10.184289838549281, 10.216731945535912, 9.90602683675575, 10.211339325289483, 9.884175392055283, 9.919904130633947, 9.991884808963293, 10.441201390346123, 10.394232217043761]
[9.650822516316426, 10.472013871358625, 10.056415867813632, 10.09226586927397, 9.990585633899599, 9.582562460009305, 10.372786091767347, 10.0373676184668, 10.187039599326397, 10.35997611606834, 10.319504402285594, 10.549802270840932, 10.57284834466874, 10.461697092847817, 10.181502584937594, 10.016474805545439, 10.098240165288736, 10.237461591646317, 10.308202357966955, 10.079724256832609, 10.259435341237257, 10.784713178328026, 9.957428145546157, 10.12237535595043, 10.017635211341583, 10.176467165343038, 10.07312620457888, 10.172442262383843, 10.115520084626704, 10.169643248471662, 10.094246713554876, 10.07994601871591, 10.22120794492719, 10.301749557956994, 10.171301500776819, 10.398674529655182, 10.17214457179131, 9.991889296328612, 10.157270832069553, 9.928806543665761, 10.099988463678097, 10.165238380661723, 10.212870621969603, 9.90602683675575, 10.17545102583217, 9.813821071052592, 9.869158602405623, 9.991884808963293, 10.419039103264879, 10.367318794486554]
[9.628844096446791, 10.419913496785238, 10.0105978986192, 10.089066418529304, 9.979784137793647, 9.561983048256186, 10.314542876996603, 9.995793153866881, 10.146784960531633, 10.313843019350783, 10.275011352617915, 10.492674590880796, 10.546562698439462, 10.454763847206408, 10.108146739093414, 10.015475276354566, 10.098240165288736, 10.210594335687576, 10.299011274765034, 10.069316039803532, 10.257162263856355, 10.777413641444182, 9.957428145546157, 10.121783298598833, 10.000167957184566, 10.154602571289558, 10.039916969963656, 10.095190146527436, 10.115520084626704, 10.169643248471662, 10.094246713554876, 10.05333614214337, 10.168246238721997, 10.273521573556973, 10.171301500776819, 10.396373877393192, 10.171139355866655, 9.991889296328612, 10.141247547301901, 9.89788830168176, 10.099988463678097, 10.165238380661723, 10.193302878933588, 9.859176398929897, 10.113834466089648, 9.813821071052592, 9.845500826558002, 9.985966508092691, 10.395398048378121, 10.350047490292134]
[9.618821035972461, 10.410269673144992, 9.991213097754164, 10.051374747449108, 9.979784137793647, 9.561983048256186, 10.282582834192656, 9.943401720968456, 10.136730450423332, 10.25684339693167, 10.260075154178947, 10.465113931458859, 10.539431820246156, 10.445409546721141, 10.108146739093414, 10.00534509746452, 10.048866239184925, 10.18530392357096, 10.232624547228953, 10.022463859441073, 10.191370481310427, 10.724227951329787, 9.947986726839025, 10.0973104227053, 9.993466287443395, 10.055586512750654, 10.009088352593318, 10.091962943990596, 10.099553587425923, 10.14729059248065, 10.04935971902618, 10.05333614214337, 10.16800754012905, 10.232124513129621, 10.093743118214626, 10.3527383575995, 10.143115162597942, 9.991889296328612, 10.141247547301901, 9.892476404981934, 10.099988463678097, 10.140332491632503, 10.171989406412251, 9.822756931870149, 10.108581596571005, 9.780708804777637, 9.822436591470247, 9.985966508092691, 10.38995193868512, 10.286810867485187]
[9.585247891564801, 10.391934583122007, 9.981847580292404, 10.028529184498769, 9.975033317619147, 9.530850548995891, 10.282582834192656, 9.939749257028122, 10.093791881276752, 10.239261174867831, 10.260075154178947, 10.455549736097606, 10.509155414477737, 10.445409546721141, 10.102884932170744, 10.003943135176668, 10.04554448120514, 10.178445184193812, 10.232624547228953, 9.970717080210047, 10.191370481310427, 10.678413203542616, 9.937621292236463, 10.0973104227053, 9.980455390168201, 10.055586512750654, 9.917142576792605, 10.0094512562254, 10.088555687553592, 10.12554410210178, 10.01657132747037, 10.01365211947244, 10.167558519248365, 10.18985030792263, 10.083340541575222, 10.305906482127275, 10.102278642563835, 9.93905388406998, 10.141247547301901, 9.87014751900679, 10.099988463678097, 10.134396169450044, 10.147780043185865, 9.822756931870149, 10.07041801085552, 9.755274260290118, 9.772197724119197, 9.918892097230547, 10.360855431601589, 10.276222206901076]
[9.582312348205686, 10.358565773450804, 9.975268686229057, 9.992322982821264, 9.95276425988107, 9.499223276178867, 10.261182958568977, 9.923862067493314, 10.07974295083375, 10.239261174867831, 10.252487372288549, 10.455549736097606, 10.475870426826019, 10.416658179925413, 10.102884932170744, 10.000996937323068, 10.022464209625747, 10.178445184193812, 10.213733615297011, 9.952789754358319, 10.191370481310427, 10.660253039683976, 9.937621292236463, 10.0973104227053, 9.962786917824571, 10.035755283037389, 9.910074415540603, 10.004521610016726, 10.024449245097653, 10.12554410210178, 9.95375872075574, 10.01365211947244, 10.167558519248365, 10.166442757154336, 9.99487085821713, 10.292941667468643, 10.080015421692098, 9.890158157858354, 10.096553011549332, 9.828093949513194, 10.050597274637507, 10.1247559586754, 10.147780043185865, 9.786731556942945, 10.058236970487382, 9.755274260290118, 9.76293304168204, 9.90182323575279, 10.35025691288492, 10.253671380285116]
[9.581363959544692, 10.307811461356781, 9.915070838781627, 9.956316710167261, 9.932281368149697, 9.498316407677441, 10.232098064267962, 9.89714389964536, 10.070077619253322, 10.206350904231474, 10.227034064003645, 10.444675620144304, 10.475870426826019, 10.404615398242656, 10.080372624567426, 9.975222907697777, 10.017451572074183, 10.163517812373119, 10.15660573984687, 9.948466076264975, 10.163453928386728, 10.660253039683976, 9.934816340159305, 10.079414812224206, 9.916700351030626, 9.960475848920561, 9.89053756775474, 9.975714955143994, 9.97793091047433, 10.12554410210178, 9.938623047853756, 10.011074075918302, 10.140535180856597, 10.144224212927167, 9.99487085821713, 10.292941667468643, 10.045750927690092, 9.883257196373908, 10.065977710588376, 9.774718161509242, 10.048628471742614, 10.087941090647117, 10.111752708838603, 9.769208902502545, 10.010919867751166, 9.73275897729975, 9.762671130796939, 9.90182323575279, 10.235087124408803, 10.246737666759891]
[9.575741477496788, 10.304985271669604, 9.911909322291882, 9.956316710167261, 9.916458066349133, 9.44677334457058, 10.23204441952392, 9.89714389964536, 10.060091136751922, 10.20348957863293, 10.191820739070447, 10.388290667217905, 10.363804764055136, 10.392450873321833, 10.07351215507866, 9.856849945801638, 10.012305805567177, 10.144121887580066, 10.121335539745607, 9.942036875599227, 10.151518417367093, 10.624148694958867, 9.922222305918186, 10.020522817349454, 9.889841177792146, 9.945115351720139, 9.868660702389537, 9.949212877446314, 9.938933305965259, 10.029381771468355, 9.934872249635129, 10.011074075918302, 10.087431644133252, 10.103397207342981, 9.96340148341775, 10.278022216995629, 10.045750927690092, 9.825838609578776, 10.012487812118337, 9.762153539210768, 10.026145260498136, 10.068073108164853, 10.085783118809914, 9.703873727095715, 10.010919867751166, 9.73275897729975, 9.762671130796939, 9.840918477716352, 10.205935172494037, 10.195787033246363]
[9.546822453107318, 10.265601002095824, 9.862524935434985, 9.931399142927077, 9.916458066349133, 9.417292533977044, 10.20653408768621, 9.809336054566137, 10.032913737762224, 10.185503113293443, 10.184422948071848, 10.377493798391907, 10.31931060636546, 10.297411226192427, 10.025069047130367, 9.851382891957709, 9.997658582381868, 10.096558092131389, 10.09331858974323, 9.937878540223723, 10.14145406668558, 10.579370745480606, 9.913698678059541, 9.992518692248296, 9.889841177792146, 9.932758089305022, 9.844807873790263, 9.930483968862527, 9.933622046882673, 10.015283153743074, 9.8997872949991, 10.011074075918302, 10.058128838398241, 10.049868758851458, 9.960465702146205, 10.276738305696403, 10.045750927690092, 9.789159027178858, 9.995116472797264, 9.75653311137024, 10.00747882601318, 10.006920841706236, 10.069309579084585, 9.622923054384056, 10.007723568012292, 9.687736443004738, 9.761519270131341, 9.838723264970332, 10.161953070778674, 10.193860073817003]
[9.521992674234129, 10.253703958616837, 9.862524935434985, 9.92558297222459, 9.915043476569522, 9.402989519828814, 10.173380241551255, 9.76113415064302, 9.988911137727076, 10.144257670697346, 10.163896766781342, 10.368854593461148, 10.28029687426839, 10.248120457259946, 9.990350723083091, 9.825973391038383, 9.986116269164096, 10.066966383290758, 10.079353034571795, 9.928162668930003, 10.14062333036819, 10.552102365256285, 9.903597853207135, 9.960634215722958, 9.830772843730134, 9.845706487125463, 9.809550853524437, 9.899798728046262, 9.912555292962933, 9.998139709367077, 9.87680467492508, 10.000896577435734, 10.024740529212352, 10.049868758851458, 9.938920047508338, 10.258370857549297, 10.038073895515236, 9.766150802416323, 9.982458158022165, 9.75653311137024, 9.993664678065336, 9.998320420853204, 10.069309579084585, 9.613161761142809, 9.995968130477888, 9.647226025941688, 9.722307715211674, 9.824062530241198, 10.132038966718238, 10.177180787661833]
[9.457491791385106, 10.21724274274827, 9.856103223651877, 9.908508569734485, 9.79851012630635, 9.398347874815512, 10.108425402312687, 9.717196255135798, 9.981639126595496, 10.130225646746002, 10.163896766781342, 10.34090113585567, 10.225284101610765, 10.233465629656662, 9.972083349341492, 9.818939653170895, 9.948110951541475, 10.065767473207426, 10.079353034571795, 9.89546430092599, 10.119391514900071, 10.545000359995694, 9.887740715710015, 9.931638975093566, 9.81913945637108, 9.839124678352372, 9.796998461723243, 9.894199527009706, 9.901883815291288, 9.984160939012487, 9.87680467492508, 10.000896577435734, 10.024397267597013, 10.041042321980425, 9.931819534205593, 10.247842540028707, 10.030584700084717, 9.752322123339093, 9.982458158022165, 9.747413658311043, 9.971849305077392, 9.984196393056049, 10.064233105486801, 9.574728533591083, 9.963706039166894, 9.647226025941688, 9.689177575166907, 9.817012900397113, 10.111936629575396, 10.167171188474633]
[9.457491791385106, 10.180344971104374, 9.83795778485649, 9.868378289620846, 9.770907241761487, 9.358371690126551, 10.073880407666682, 9.669156142469015, 9.970936107116776, 10.10466291610297, 10.156496852174275, 10.34090113585567, 10.188216679541737, 10.214217841324547, 9.972083349341492, 9.818939653170895, 9.922269625132879, 10.063276703828924, 10.03645307009702, 9.830807129677174, 10.08956086774931, 10.464486240022671, 9.872318570887527, 9.917068876804333, 9.799696344659093, 9.81024971419326, 9.766105249395808, 9.873170474211692, 9.856401504391636, 9.95384798554652, 9.869169059031444, 9.990135788515895, 10.024397267597013, 10.036980514679634, 9.91958693508002, 10.172957520593272, 10.023511833061502, 9.752322123339093, 9.97882552390659, 9.747413658311043, 9.956722318300573, 9.958818975003894, 10.050792117951406, 9.56656089859209, 9.953662480788221, 9.635809570350357, 9.689177575166907, 9.765758216775646, 10.033991348700917, 10.167171188474633]
[9.43896941145316, 10.118452702479802, 9.824147533569493, 9.83895510115099, 9.767119474293306, 9.355762899884335, 10.044434269172994, 9.668040940253727, 9.951346884890203, 10.074714718077505, 10.13521849790157, 10.333604518600785, 10.1589652398489, 10.209029171431784, 9.960114716512127, 9.7687746112346, 9.91455259173224, 10.047037053845354, 9.987508973470852, 9.817202168812155, 10.052681124897253, 10.446951353014692, 9.848807003838797, 9.897859199486044, 9.77689064843596, 9.751100575874794, 9.766105249395808, 9.769873968976402, 9.856401504391636, 9.920840861096355, 9.838323020572423, 9.990135788515895, 10.016877726333743, 10.024578618750159, 9.865792739497277, 10.151560177559727, 9.997370500761388, 9.70140705257875, 9.957729644011089, 9.744613481937842, 9.956722318300573, 9.95044239905296, 10.025909628291412, 9.536365718527058, 9.883051628168266, 9.601689507368457, 9.689177575166907, 9.748323534194514, 10.012585227515356, 10.167171188474633]
[9.412320247641984, 10.051127250926838, 9.762406371986126, 9.811198886596992, 9.759822246135013, 9.33674819815163, 9.999106209282779, 9.646577116817912, 9.938930507041913, 10.066975694472166, 10.083836563324724, 10.270920096905904, 10.156858603104697, 10.158662402917061, 9.952672068133083, 9.764321921964614, 9.837344642967288, 9.962572264256785, 9.980248033442155, 9.80681879330869, 10.043114398181899, 10.426586329799054, 9.79589813652191, 9.887921067323763, 9.76924230471497, 9.71731877193087, 9.74457290409361, 9.71640529362147, 9.855763144946962, 9.920840861096355, 9.821660233933233, 9.933434368606274, 9.984583848627233, 10.01206460989552, 9.851218472750626, 10.12144373930953, 9.997370500761388, 9.700551390861756, 9.957729644011089, 9.73711740391407, 9.950277044183792, 9.879109636121575, 10.01763088326139, 9.50140320820335, 9.855195859572794, 9.566120374989946, 9.689177575166907, 9.737793315583552, 10.012585227515356, 10.110164262814248]
[9.396821301546087, 10.051127250926838, 9.733449052729531, 9.811198886596992, 9.759822246135013, 9.331416026095956, 9.972903515530179, 9.578779274158146, 9.872183793527508, 9.980576677516563, 10.083836563324724, 10.109059630265886, 10.109484508570421, 10.073898990931728, 9.903716857701141, 9.738697685391497, 9.794436316438452, 9.929569458422634, 9.954162255490923, 9.80681879330869, 9.98446985782508, 10.426586329799054, 9.751692920677062, 9.848323521222923, 9.76924230471497, 9.713182265732128, 9.73147496582556, 9.71640529362147, 9.805022886122176, 9.874758681396392, 9.807121345531405, 9.913007269793443, 9.962081605918986, 10.006998631500936, 9.840436000694542, 10.105267319758866, 9.997370500761388, 9.655051497532195, 9.916617968814764, 9.73711740391407, 9.909050251876073, 9.835143706319482, 9.977623472839415, 9.50140320820335, 9.806016077335107, 9.540026924708867, 9.689177575166907, 9.722130174211951, 9.992305150100037, 10.076915961043136]
[9.372489088897119, 10.051127250926838, 9.722218255420946, 9.8060991477709, 9.75681066706856, 9.328475382002036, 9.963660537259658, 9.578779274158146, 9.861531367684396, 9.904545170703221, 10.05516664308073, 10.075316140503086, 10.04084778247586, 10.04664363357531, 9.877981152489289, 9.709885268643669, 9.764956607473852, 9.903182058726951, 9.928762898882733, 9.804388767278642, 9.976504811852607, 10.410691313206339, 9.711977845343803, 9.838881973683709, 9.741422097649277, 9.692136493518843, 9.72614537690471, 9.707571910784464, 9.805022886122176, 9.719127019430996, 9.804063769448742, 9.860361119061148, 9.947418031863808, 9.979085738444294, 9.833302836723913, 10.0886327790458, 9.934290194612084, 9.643862245585074, 9.9072118917332, 9.66005477527176, 9.909050251876073, 9.81583160247242, 9.956752588106863, 9.491270967156078, 9.782438615637535, 9.508302632047435, 9.689177575166907, 9.689751839665123, 9.976498167011181, 10.018418053104577]
[9.324514267001069, 10.015348665952597, 9.670401428937117, 9.76086690155891, 9.696009366179776, 9.328475382002036, 9.794754980641105, 9.57793972362388, 9.849809720387707, 9.867990799666728, 10.013377608933876, 10.075316140503086, 10.012437437194947, 10.03955834350095, 9.863810140563134, 9.705539740602845, 9.753680821738863, 9.875650885257306, 9.901049952295095, 9.64250465484639, 9.932186701275947, 10.402580645170815, 9.672583368513887, 9.838325966909071, 9.71397472499117, 9.601788175947298, 9.721808027703759, 9.68973611378017, 9.805022886122176, 9.713540092050547, 9.771806235273761, 9.787185648322366, 9.901941605445355, 9.943026588568786, 9.777995753245865, 10.0886327790458, 9.930879160383615, 9.601071768463175, 9.905210843833448, 9.62428192083678, 9.8899966395478, 9.81583160247242, 9.920935731439974, 9.477188783049288, 9.77823023603163, 9.488912263835442, 9.660857487416125, 9.657560321173166, 9.955825438139259, 10.009538758225471]
[9.319761172094214, 9.96461701806987, 9.670401428937117, 9.741936727198768, 9.688072879646876, 9.275536585994796, 9.794754980641105, 9.574196563226357, 9.817933803324724, 9.850016203087858, 9.993327192562699, 10.042503113702402, 9.956188206857993, 9.979606352504986, 9.831412152957192, 9.705539740602845, 9.746247963943052, 9.868687908533383, 9.880122843171849, 9.629696655781338, 9.932186701275947, 10.300058592501177, 9.656982002087389, 9.838325966909071, 9.699257123810336, 9.59049038924569, 9.721803781903308, 9.68973611378017, 9.738579511372835, 9.67873671795023, 9.739386055690044, 9.777957948860182, 9.889077443926505, 9.90428913078103, 9.760321618856002, 10.074900591044322, 9.930879160383615, 9.601071768463175, 9.882244297484984, 9.614766331510902, 9.8899966395478, 9.783543870409158, 9.883975434709644, 9.423229362926303, 9.750288889392397, 9.458615171296191, 9.660857487416125, 9.598418009130118, 9.922144333313044, 9.969448977475746]
[9.307167688192092, 9.96461701806987, 9.670401428937117, 9.697052178031138, 9.645501356314282, 9.25060545849117, 9.780131850985626, 9.555751603243229, 9.769286440511411, 9.833272704497842, 9.983385901151767, 10.03930927373343, 9.956188206857993, 9.979606352504986, 9.816630187293367, 9.636060611372532, 9.746247963943052, 9.862038627753517, 9.880122843171849, 9.629696655781338, 9.884010458910918, 10.300058592501177, 9.649851442850295, 9.823128637898435, 9.675780919113526, 9.588951061993189, 9.721803781903308, 9.68369181989874, 9.738048753547151, 9.655403613163898, 9.724156098304428, 9.725002774460155, 9.871380063757478, 9.8897598371379, 9.754199045745631, 10.04670696791322, 9.915131754735352, 9.573976879480345, 9.83385287614309, 9.614766331510902, 9.821200899390998, 9.782441446558513, 9.839095338112553, 9.399431958039978, 9.736205597209894, 9.437662992869729, 9.648049880609218, 9.587869496387164, 9.921613049405126, 9.946261112575687]
[9.254766739021349, 9.907005578842007, 9.63189380922633, 9.693499311280956, 9.645501356314282, 9.233437000351548, 9.758099260426922, 9.555751603243229, 9.751069495017436, 9.833272704497842, 9.983385901151767, 10.022907087613426, 9.935994091114404, 9.972889624237684, 9.812312015168539, 9.601445309482822, 9.718733297675335, 9.862038627753517, 9.858698569474429, 9.61486979252502, 9.867744680805092, 10.286622275960534, 9.644797722101439, 9.817388387744128, 9.564607299883946, 9.58450802252839, 9.704968597094037, 9.660773050621945, 9.702701764455131, 9.65309320381952, 9.691322369190704, 9.706056153728465, 9.868962326012499, 9.884779356872626, 9.715201993592066, 10.020957695879947, 9.872711221414043, 9.540725479567936, 9.821200222377671, 9.560592013970673, 9.821200899390998, 9.778058308736448, 9.829979934556892, 9.370227834354285, 9.629936849985882, 9.422729721757605, 9.596660545919693, 9.568702780519704, 9.917116096385042, 9.936333841844524]
[9.254766739021349, 9.907005578842007, 9.595851175509793, 9.611068227315698, 9.63080893446665, 9.174760925003039, 9.719310362461352, 9.551866955585414, 9.674016662406714, 9.767812402281633, 9.938374357286808, 9.99748971898676, 9.862449921417056, 9.972889624237684, 9.792114216901803, 9.595874963749491, 9.644265690194041, 9.847497496933595, 9.831900743912568, 9.574145050822183, 9.849422494555107, 10.286622275960534, 9.624955359758763, 9.813551478890952, 9.508515642049163, 9.573892337947997, 9.704968597094037, 9.660773050621945, 9.675045296377325, 9.65309320381952, 9.659284673560416, 9.6747733590996, 9.821084569957058, 9.772572575244054, 9.709024072092017, 10.009390027352016, 9.859924037110527, 9.540725479567936, 9.796367118548606, 9.554757549667993, 9.80724816649159, 9.776080846077914, 9.819372176731449, 9.340735019823393, 9.584308822119878, 9.415156867044931, 9.596660545919693, 9.52915446073009, 9.911409747164644, 9.926018202172358]
[9.215639794289306, 9.907005578842007, 9.566999622044317, 9.594517233308542, 9.588451269067361, 9.174760925003039, 9.64676067296439, 9.510059456584614, 9.669742962066271, 9.746627079475699, 9.90036494505041, 9.99748971898676, 9.862449921417056, 9.951674265700163, 9.757563227099041, 9.572861498898618, 9.644265690194041, 9.781689517100489, 9.824244640743796, 9.574145050822183, 9.788597689187917, 10.286622275960534, 9.584295490242521, 9.79709972602853, 9.486987736816193, 9.515643735751523, 9.66887602189587, 9.660773050621945, 9.646402203579385, 9.649377571878793, 9.637522177225158, 9.671507665638973, 9.7938008170504, 9.765223110552524, 9.588341718743969, 10.004395608259887, 9.83272425995369, 9.531682924177243, 9.785821234808354, 9.525339777360397, 9.792244098630821, 9.701829264044784, 9.737943782280174, 9.325234273792155, 9.552689906530354, 9.415156867044931, 9.580997264013828, 9.50787498603255, 9.894123671112702, 9.89180077886318]
[9.186804688840287, 9.885407778179665, 9.566999622044317, 9.570227571245116, 9.57340137018188, 9.11024910924604, 9.64080221568781, 9.471924320308016, 9.646201604088953, 9.721867665051525, 9.90036494505041, 9.986208679476183, 9.84307078104871, 9.939841003841641, 9.73782425083184, 9.562323488271831, 9.644265690194041, 9.745613834808987, 9.824244640743796, 9.502003905468886, 9.733284130758221, 10.259231095435073, 9.486324411718437, 9.788864917640947, 9.417763099410555, 9.514774914213351, 9.66883691400017, 9.639336413436734, 9.646402203579385, 9.619750105678602, 9.626146817140697, 9.608791038981009, 9.770779417395655, 9.758742312176066, 9.54657843048726, 9.996041491328507, 9.81180112958493, 9.490145500651664, 9.785821234808354, 9.524845673675225, 9.792244098630821, 9.692405255118704, 9.711685122212728, 9.29899263275731, 9.548833870050213, 9.409988755954322, 9.505239346070619, 9.449024432739835, 9.870152904157974, 9.850440076629498]
[9.167474016405532, 9.875380020076065, 9.530352917255552, 9.370241304322153, 9.57340137018188, 9.102488931710262, 9.64080221568781, 9.460311574501878, 9.633279201169643, 9.708536942141762, 9.896122089026973, 9.928319761323717, 9.823725443136084, 9.930698067219364, 9.73782425083184, 9.54829175741895, 9.60458577224737, 9.697085632115819, 9.800446577778418, 9.483438364014656, 9.656930943787074, 10.245280927993846, 9.484213560129405, 9.747278042072267, 9.412605565062318, 9.505605328000165, 9.637546139250327, 9.614667041467907, 9.621643808145626, 9.61437769434354, 9.626146817140697, 9.608791038981009, 9.761944481614062, 9.75641765591335, 9.54282123175842, 9.959851093672745, 9.79810244938868, 9.46439544428944, 9.74882051160769, 9.524845673675225, 9.696542638858503, 9.669519936360595, 9.704217172283801, 9.24077011123659, 9.497989832089003, 9.345196345447178, 9.493506914875166, 9.439628161432937, 9.820911826685084, 9.850440076629498]
[9.148386896457176, 9.875380020076065, 9.526493018388, 9.363563774722735, 9.565037815420649, 9.098128385524046, 9.584403822897311, 9.392396008747903, 9.62417902892826, 9.708536942141762, 9.896122089026973, 9.888820758529366, 9.823725443136084, 9.885151361011026, 9.710931275057755, 9.4926849115929, 9.588317270188105, 9.697085632115819, 9.800446577778418, 9.45759584309839, 9.656930943787074, 10.20417505089673, 9.428518410268605, 9.65290648075122, 9.412605565062318, 9.484933270990583, 9.600724799274206, 9.614667041467907, 9.620696120021972, 9.59463775288653, 9.626146817140697, 9.58458253187975, 9.69546428649644, 9.726540322256826, 9.463522925092992, 9.937598051694664, 9.771240039372609, 9.46439544428944, 9.702502053222094, 9.519578063234576, 9.63476485369469, 9.637683166632025, 9.702133809959468, 9.232298946346265, 9.481365235638371, 9.337768429507332, 9.485948537017313, 9.42866490193041, 9.814839499172447, 9.800521419339464]
[9.148386896457176, 9.827261020435845, 9.497874023025451, 9.36133014989288, 9.540439318874189, 9.09339658946402, 9.579701906935671, 9.357585094483392, 9.62417902892826, 9.704593477919673, 9.829922621567476, 9.873211587998489, 9.807036320773472, 9.884375534400354, 9.684832538123118, 9.445281576213187, 9.497498684917648, 9.697085632115819, 9.788915081219772, 9.45759584309839, 9.636595355391107, 10.20417505089673, 9.428518410268605, 9.596360989098898, 9.412605565062318, 9.456878976894693, 9.582666610360384, 9.597442723486907, 9.617744072666408, 9.59463775288653, 9.626146817140697, 9.564374665889938, 9.685137855324879, 9.657862162022816, 9.463522925092992, 9.886064109805897, 9.76115131535855, 9.457909159314866, 9.698751225190453, 9.486026960749609, 9.6175987329563, 9.617710547506064, 9.645605635945401, 9.17632522634495, 9.464630754757751, 9.337768429507332, 9.439799019119851, 9.418766558937161, 9.809321758078365, 9.751645724024629]
[9.138129342081388, 9.77434787785283, 9.497874023025451, 9.340657260417752, 9.515882820169248, 9.085165396305445, 9.551587838891933, 9.329021116147349, 9.579772910003083, 9.704593477919673, 9.787264384671271, 9.873211587998489, 9.807036320773472, 9.863978313336071, 9.635246903329724, 9.436754444248669, 9.447425878299793, 9.621537085000407, 9.786680409945017, 9.420453150518366, 9.630647744620875, 10.189954322593554, 9.426986400947246, 9.57478207367422, 9.39441278439167, 9.427711319804395, 9.582666610360384, 9.564465592903673, 9.589387251604336, 9.543493418764083, 9.57064038042844, 9.551004926663493, 9.631419689700916, 9.626417840057412, 9.431577282969853, 9.886064109805897, 9.74846119994672, 9.45053318114527, 9.683732709700712, 9.482755618825205, 9.565763044224147, 9.598502653821047, 9.641658376316087, 9.17632522634495, 9.462510614039507, 9.335235166438604, 9.436693229581788, 9.3608225650346, 9.721347682122643, 9.734879138869772]
[9.128710571711283, 9.77434787785283, 9.497874023025451, 9.333252553813164, 9.515882820169248, 9.085165396305445, 9.534282899289716, 9.29154540372932, 9.56514714893463, 9.688207832809104, 9.787264384671271, 9.873211587998489, 9.768003422555498, 9.863978313336071, 9.557751828701404, 9.436754444248669, 9.447425878299793, 9.582506271511647, 9.750380912227815, 9.420453150518366, 9.58108723109067, 10.178795422058375, 9.388570548538368, 9.551433212023046, 9.39441278439167, 9.381361454796673, 9.570812852439149, 9.538746215996673, 9.585394707251714, 9.520609582630339, 9.551671839944033, 9.532739660640848, 9.585329729906462, 9.626417840057412, 9.431577282969853, 9.883987537311182, 9.74463886170506, 9.432947358098383, 9.674551135878474, 9.472211436213154, 9.507370509355827, 9.554769656720847, 9.637591967020779, 9.17632522634495, 9.457491137818883, 9.297889969865253, 9.391976298459047, 9.341152084743403, 9.712417162844481, 9.712696351352395]
[9.128710571711283, 9.769336792840274, 9.459781808217656, 9.267240736177191, 9.453760637840682, 9.06521190938745, 9.474232305742754, 9.288785386665873, 9.557190822093252, 9.688207832809104, 9.780002624036573, 9.86575086697424, 9.768003422555498, 9.76079959145901, 9.514463541441128, 9.400129033356428, 9.446151160945224, 9.532462243732665, 9.720584462439753, 9.420453150518366, 9.576020226900805, 10.164903526499149, 9.381147926950197, 9.516425921928361, 9.385464110584405, 9.3749170439124, 9.570812852439149, 9.49571168558903, 9.575239691939032, 9.498002758389873, 9.486150806670725, 9.504626967597414, 9.517690703634468, 9.626417840057412, 9.431577282969853, 9.849205737521524, 9.68745360606636, 9.411556950248169, 9.629491801176862, 9.454386828652407, 9.463740004846741, 9.520318701174123, 9.637591967020779, 9.15132125079311, 9.447577711516223, 9.26536896026819, 9.391976298459047, 9.328709355625733, 9.618970817322422, 9.69407897796039]
[9.085184093620663, 9.707527171500832, 9.437194706201078, 9.259528465339915, 9.429816242350876, 9.056229739236075, 9.464631574663183, 9.276819679001303, 9.48768550500787, 9.687080014846861, 9.764231204001398, 9.86575086697424, 9.762052481575902, 9.737660673705564, 9.47915525109595, 9.378607704503638, 9.421742829538422, 9.502995645912131, 9.696792263246612, 9.373896985006386, 9.576020226900805, 10.129989945007399, 9.321326242388022, 9.516239764484869, 9.361910254982652, 9.3749170439124, 9.554067070177009, 9.471137574884413, 9.559445541923091, 9.498002758389873, 9.450573793936268, 9.414157010346692, 9.468888908110449, 9.599273075064458, 9.387488530460429, 9.835861097646642, 9.679685122438315, 9.350512321004166, 9.55732227500425, 9.43707510224245, 9.449239317294026, 9.485101262591764, 9.568980244448776, 9.140404157977603, 9.401466938278167, 9.248845849106493, 9.313991573838067, 9.315719775049583, 9.611175476123135, 9.677829704293153]
[9.0795894558559, 9.69635432474966, 9.389554689532694, 9.252546719317289, 9.428324332658926, 9.034187282866192, 9.463065640867004, 9.261552449803645, 9.473951432832658, 9.676383005872571, 9.749455258175065, 9.81301248075447, 9.695265400178789, 9.721199586963634, 9.451506689691616, 9.298694326130128, 9.341910543798612, 9.478279708151485, 9.677903884006156, 9.276827102970733, 9.548317455815038, 10.128299104906512, 9.292868406867859, 9.516239764484869, 9.312199522049568, 9.343087644455027, 9.544556995651583, 9.41629580707525, 9.54505665422904, 9.4565756854443, 9.450573793936268, 9.384157518242162, 9.465551317552638, 9.531885508290317, 9.338351540183611, 9.835861097646642, 9.679685122438315, 9.345262786567957, 9.541114407858815, 9.434627547825212, 9.440460237244887, 9.472944781446657, 9.568977117833743, 9.140404157977603, 9.373699204619438, 9.2383302404486, 9.26751446823167, 9.306149199641533, 9.611175476123135, 9.65318122527303]
[9.062218303369743, 9.69635432474966, 9.389554689532694, 9.198981755762961, 9.370026762687639, 8.982599047933316, 9.413728979669305, 9.219557226654157, 9.459500582477663, 9.627686684937183, 9.725957408321223, 9.733852499031107, 9.631909469028272, 9.721199586963634, 9.403959872436833, 9.248141577880059, 9.341910543798612, 9.473452536238572, 9.642967650110567, 9.266808906474793, 9.548317455815038, 10.128299104906512, 9.273001891132338, 9.411313711740934, 9.293438488425556, 9.287889941611542, 9.504224438987901, 9.385953283553146, 9.54505665422904, 9.4565756854443, 9.441387194193588, 9.384157518242162, 9.465551317552638, 9.47281822510497, 9.233580361081142, 9.815690744778172, 9.651861912207043, 9.345262786567957, 9.52431276516643, 9.406237214086364, 9.407476408091508, 9.469046208274984, 9.568977117833743, 9.140404157977603, 9.363675917288052, 9.235323722488937, 9.250045899987464, 9.269107898892937, 9.600372481152975, 9.64461077474802]
[9.01098678694973, 9.695856408370267, 9.385040097571862, 9.129191144783452, 9.336899091783817, 8.968581042382665, 9.372845314909146, 9.200405755190255, 9.453740911774151, 9.540645748405884, 9.704252141009416, 9.674322987210266, 9.624034132692367, 9.706520375037657, 9.365759014213646, 9.232375979018126, 9.293151129664611, 9.462386088474968, 9.625576408120597, 9.22006943400082, 9.54216863813944, 10.059263092988699, 9.262171641508369, 9.386468758203756, 9.290714805163898, 9.27049335892264, 9.445135622594517, 9.369600883255714, 9.509900100167718, 9.436953714441767, 9.417658912950802, 9.371361418714097, 9.44982703363199, 9.47281822510497, 9.219690109191411, 9.76230704789369, 9.646087457570854, 9.309327313867627, 9.499114110953407, 9.358263178974104, 9.406414943026046, 9.418352742640701, 9.55781912211894, 9.139817223878076, 9.300820712643883, 9.210390314543664, 9.246741322850983, 9.266586068294497, 9.599215527414339, 9.564911178669785]
[8.951747154542936, 9.683666013694122, 9.385040097571862, 9.100521742101947, 9.301136229821795, 8.961580732812795, 9.368772931073782, 9.200405755190255, 9.432739994250761, 9.537117619944004, 9.572875036487236, 9.641023402879293, 9.610647958517882, 9.681679505817112, 9.350463795320408, 9.210031345760685, 9.281959864433219, 9.444077372904914, 9.62351281832898, 9.213367753467278, 9.54216863813944, 10.057435248466076, 9.220902665029964, 9.386468758203756, 9.281802245293516, 9.27049335892264, 9.39247733506377, 9.310311321039924, 9.426212609159816, 9.39933435709399, 9.388271910037718, 9.368493691325913, 9.44982703363199, 9.447758831735218, 9.218628494615263, 9.750467918550564, 9.592470937180426, 9.309327313867627, 9.455108027148274, 9.354008315306322, 9.400478276047727, 9.418352742640701, 9.505203380361129, 9.136518221856726, 9.293187935209293, 9.169331255257617, 9.216225484902925, 9.259945710122532, 9.544941176167518, 9.542953902052862]
[8.895936638140245, 9.671281618797332, 9.376966084530151, 9.082645897107039, 9.245612872464195, 8.939991248722025, 9.368772931073782, 9.15119711948071, 9.423545580489721, 9.537117619944004, 9.521503399248184, 9.530147315905811, 9.606688909115737, 9.624704905400694, 9.350054846616807, 9.200944140665266, 9.26351053287974, 9.399808747401323, 9.616762175565825, 9.201269609383166, 9.539618867338962, 10.028582230652018, 9.208814952754048, 9.386468758203756, 9.264699949561528, 9.262215901216262, 9.315490205852665, 9.270230629347092, 9.400681187799329, 9.38207787742779, 9.368308031395213, 9.346786714154096, 9.446167965249979, 9.437016323937025, 9.192067142502989, 9.74125366070407, 9.517401666372695, 9.305379283575755, 9.390761622692661, 9.344077058025757, 9.340071554500948, 9.411897678041758, 9.452741422706847, 9.106703561892889, 9.253311681118815, 9.122117629835993, 9.210986357805798, 9.235662703780402, 9.5302881288327, 9.522927018149291]
[8.895936638140245, 9.66924732548238, 9.366140096956624, 9.06775712262523, 9.196938759744699, 8.902067458296253, 9.253442075977114, 9.144783337344103, 9.36847118533763, 9.537058242353263, 9.452562277027585, 9.517793194027435, 9.606688909115737, 9.569164266705835, 9.332964711482768, 9.178963924372031, 9.26351053287974, 9.339955024638703, 9.571554423280698, 9.201269609383166, 9.491053519410068, 9.984001517949855, 9.207968136914726, 9.382951188533289, 9.26284101695848, 9.251441341231086, 9.315490205852665, 9.243349509817861, 9.400681187799329, 9.366717668944148, 9.298947755073147, 9.307920883406348, 9.38983033723812, 9.437016323937025, 9.192067142502989, 9.683115261071357, 9.513319712667354, 9.245316788122684, 9.390135222234436, 9.308869738439444, 9.294791703514662, 9.410187079237057, 9.393036954206, 9.098929508348387, 9.21904517399894, 9.079977585707741, 9.19118985276341, 9.235662703780402, 9.522941566794609, 9.501543754834492]
[8.842167680918044, 9.668115097253434, 9.366140096956624, 9.056313781129617, 9.169512581691738, 8.902067458296253, 9.237483778196815, 9.090765845092005, 9.351664240823302, 9.535076746673772, 9.451146071640308, 9.517793194027435, 9.600925841243996, 9.561968460156601, 9.332964711482768, 9.168623238017766, 9.257112211336146, 9.31825341463217, 9.571554423280698, 9.177333007411104, 9.473361299090417, 9.967828980971177, 9.190570146521555, 9.350648702716148, 9.23990855971453, 9.189374093296223, 9.315490205852665, 9.231343893420439, 9.347987148852214, 9.31511926649327, 9.229998124700517, 9.307920883406348, 9.37742477406248, 9.430121220553739, 9.15306980111909, 9.649840534791846, 9.498713937656909, 9.232579177928347, 9.349375723668594, 9.302068300772854, 9.278358643754014, 9.410187079237057, 9.365778460363881, 9.087680333342655, 9.206412941051422, 8.989333569987926, 9.17704043368607, 9.203324967871206, 9.522936937760036, 9.501543754834492]
[8.82455299415928, 9.65749351029557, 9.345673477059552, 9.056313781129617, 9.169512581691738, 8.85834250404458, 9.237483778196815, 9.086280402144647, 9.327241012348926, 9.535076746673772, 9.451146071640308, 9.44571505575292, 9.549661473526484, 9.561968460156601, 9.326689145185886, 9.128296083507871, 9.257112211336146, 9.31624019514459, 9.534085750419688, 9.175328892128311, 9.459586176200846, 9.952122041442099, 9.190570146521555, 9.319485242226472, 9.231965176560228, 9.152881964551472, 9.292695376738196, 9.171051224647144, 9.341393300892381, 9.308884596897148, 9.229998124700517, 9.307677489424496, 9.373211050669084, 9.426330419808014, 9.14207330880127, 9.631774214003844, 9.494195021428526, 9.200780431431667, 9.257825898860183, 9.237238696877672, 9.22806648894695, 9.372904489304588, 9.342842306011764, 9.055004726924022, 9.163298981170001, 8.97491218976528, 9.17704043368607, 9.164970777903186, 9.503743178162447, 9.501543754834492]
[8.82455299415928, 9.592128233888076, 9.320494292258925, 9.047987220251846, 9.169512581691738, 8.849269515955148, 9.237483778196815, 9.06878437161106, 9.297293236546576, 9.436362405366964, 9.445622288707728, 9.43567565453279, 9.536674743174334, 9.546940876783339, 9.326689145185886, 9.065286358380327, 9.220063617011757, 9.313946863631589, 9.52500165304276, 9.170360936137035, 9.459586176200846, 9.949369015606084, 9.14327259618222, 9.311543509879453, 9.18849528510394, 9.138217416054363, 9.260807562989392, 9.169847621581713, 9.251860175644122, 9.296813728571257, 9.210933839451544, 9.300034982926814, 9.353783664026997, 9.413819841557023, 9.14207330880127, 9.548456532605668, 9.437029315377504, 9.135207151726252, 9.253100556114866, 9.224540256230508, 9.209911839566155, 9.257609104124137, 9.249184464554226, 9.023438934590649, 9.061456033394286, 8.934070127676005, 9.043092701622237, 9.164970777903186, 9.436864738117018, 9.501543754834492]
[8.79455871484829, 9.577438781019524, 9.271366824004716, 9.027573917135845, 9.169512581691738, 8.833425551744858, 9.222052239651887, 9.057735757147475, 9.267711785659271, 9.42535635106995, 9.42776514430556, 9.428955685953486, 9.534067551140598, 9.546940876783339, 9.322316973396052, 9.060150046346775, 9.220063617011757, 9.285432916882531, 9.465454431253974, 9.134598841453101, 9.459586176200846, 9.860297362514672, 9.135243710272949, 9.304206028441124, 9.18849528510394, 9.118060390350724, 9.232943568688178, 9.147555983273993, 9.251860175644122, 9.276238534605593, 9.2086084677263, 9.294221814877055, 9.343866391231582, 9.384834587607045, 9.122627445506769, 9.544944996871012, 9.424702230280145, 9.096989233340333, 9.241146783368865, 9.201052470579627, 9.157997514504482, 9.23694829144496, 9.239291317213903, 9.023438934590649, 9.061456033394286, 8.927060090935832, 9.01737401859603, 9.159756770421435, 9.436864738117018, 9.485006221372064]
[8.776246475149168, 9.542542183481284, 9.252447603036119, 9.0038276061696, 9.156388471238511, 8.807052675114567, 9.177611883246058, 9.010946314944253, 9.249772215305548, 9.379624512338122, 9.413487630023752, 9.428955685953486, 9.529910709155558, 9.523372138584639, 9.261590921801595, 8.96747643048352, 9.15384150638604, 9.26962914718408, 9.446077941628255, 9.134598841453101, 9.459586176200846, 9.81651526436514, 9.12989412563985, 9.284744850649398, 9.150427892832417, 9.11039633129307, 9.2255881238862, 9.140343777810546, 9.243322559231334, 9.24876140262972, 9.180110706844259, 9.270652942915762, 9.319815780738747, 9.344434188077946, 9.09897693616789, 9.533520711392145, 9.388234837622445, 9.076680300868441, 9.218004542517665, 9.17114505921817, 9.153056130336077, 9.20746056068825, 9.186629627167818, 9.01491315777276, 9.033594439920304, 8.892264292999522, 8.981507691805168, 9.13059716909582, 9.417346847716258, 9.464338896401017]
[8.681700834097388, 9.51037417539347, 9.222682527648121, 8.96119103196604, 9.148196678520891, 8.758398626405441, 9.173596906783468, 8.962274038859121, 9.21032701922063, 9.379624512338122, 9.407622620790184, 9.384775452888173, 9.503713875911995, 9.511716875430594, 9.245926308519525, 8.924662944175598, 9.15384150638604, 9.262233496274607, 9.446077941628255, 9.12229685694397, 9.44930223094223, 9.806844162826673, 9.125731619545755, 9.23026648680855, 9.089583340820273, 9.036026133514929, 9.215753974962109, 9.12220464648541, 9.22768811994781, 9.19666236373565, 9.180110706844259, 9.270130868353322, 9.24715535812319, 9.287257326310382, 9.08997388717364, 9.491647702520892, 9.36764130973381, 9.076680300868441, 9.184110567082557, 9.154593176379738, 9.113878195831143, 9.19074405879967, 9.180225308103738, 9.00006448306437, 9.023613242349949, 8.859789542280533, 8.915494489910902, 9.12825827683662, 9.409433403471287, 9.464338896401017]
[8.654914959024902, 9.505865597568167, 9.222682527648121, 8.924879281413556, 9.1252761993853, 8.747123341877824, 9.165414022320618, 8.93595485591175, 9.194809146457912, 9.363195487809469, 9.376972897003085, 9.384775452888173, 9.484881405884796, 9.453134684910545, 9.245926308519525, 8.912483656189584, 9.14247763311317, 9.256473001103581, 9.446077941628255, 9.086499745052377, 9.421380340701678, 9.806844162826673, 9.075022713574128, 9.218007223554656, 9.086727060486288, 9.010952970433191, 9.214465122004231, 9.057023644937283, 9.22142228348188, 9.19666236373565, 9.180110706844259, 9.128243082107977, 9.20228505048309, 9.287257326310382, 9.081472711503777, 9.419862531208654, 9.336660566054444, 9.074047402492, 9.184110567082557, 9.154593176379738, 9.08026506654617, 9.129790467448718, 9.157228718638272, 8.938746126121385, 9.015898399341284, 8.854841022585134, 8.912348714114376, 9.083633018690215, 9.335049682368808, 9.444817525370556]
[8.629466232745305, 9.503392393105887, 9.216056846145936, 8.924879281413556, 9.1252761993853, 8.725520820210262, 9.165414022320618, 8.93595485591175, 9.112457972214472, 9.343748063074116, 9.336535137653977, 9.384775452888173, 9.409099050773978, 9.439475111347349, 9.205435796841316, 8.895755195196116, 9.134960244700107, 9.247173823835883, 9.446077941628255, 9.075625997615578, 9.421380340701678, 9.796997313430023, 9.070575500208262, 9.207033171339926, 9.061830007764138, 8.994565657038711, 9.173443987908989, 9.021901373342823, 9.183291801531523, 9.19666236373565, 9.177371692774768, 9.128243082107977, 9.193596303278346, 9.282303828303068, 9.081472711503777, 9.392411337932735, 9.314894488594248, 9.070258114528905, 9.18302964117302, 9.125576280947067, 9.07956435292557, 9.091313920492388, 9.152902143648099, 8.843431805223291, 9.015898399341284, 8.825390449754863, 8.907044877436912, 9.034369791831505, 9.312908908148913, 9.41978376340872]
[8.603726631322266, 9.439418524153266, 9.17647964066756, 8.899546809320777, 9.106610203438994, 8.725520820210262, 9.13903189170226, 8.9017884131638, 9.106446261925749, 9.333249783631933, 9.314279169147103, 9.372388433244021, 9.408780328316166, 9.436567237509314, 9.165719943409535, 8.878650137078242, 9.134960244700107, 9.22240676415702, 9.398017193824188, 9.06479720330723, 9.419089724890515, 9.76601135317703, 9.070575500208262, 9.193047069074085, 9.034647784438306, 8.994565657038711, 9.16895418434464, 9.021901373342823, 9.111818980514599, 9.19666236373565, 9.140305343146547, 9.128243082107977, 9.18150610381431, 9.270972301315057, 9.044930111458807, 9.392411337932735, 9.314894488594248, 9.005907453447028, 9.17724410849213, 9.116297473818488, 9.055993261528386, 9.091313920492388, 9.048988547893213, 8.843431805223291, 9.008292913596012, 8.825390449754863, 8.901849510816927, 9.02911289019951, 9.312908908148913, 9.373340247535268]
[8.578520012647294, 9.439418524153266, 9.144742287287963, 8.899546809320777, 9.0366839974513, 8.689745382378671, 9.095418695378688, 8.9017884131638, 9.050328187061053, 9.323608264605534, 9.307854254928827, 9.35104117360863, 9.405397223249706, 9.429606001045645, 9.156448808542496, 8.82415613869875, 9.13495894743878, 9.22240676415702, 9.398017193824188, 9.06479720330723, 9.365383114852724, 9.748721743317905, 9.05676559510036, 9.179690332077124, 8.972659445736548, 8.966936753450938, 9.123824029487578, 9.007926242522814, 9.103407672699232, 9.17824527291397, 9.078399411210766, 9.128243082107977, 9.130535031526751, 9.237846171751041, 8.980320316359437, 9.392411337932735, 9.2297417226176, 8.970245206939202, 9.102824294903037, 9.097410574845796, 9.055993261528386, 9.081448845504042, 9.012704450473915, 8.810857008010327, 8.997227338693207, 8.816848903764765, 8.818625510946129, 9.02911289019951, 9.271584889110333, 9.35275074960198]
[8.578520012647294, 9.395880275754376, 9.11975745502986, 8.888035126469552, 9.017011745882119, 8.677949113667756, 9.067243531639178, 8.899619105690444, 9.044704759973586, 9.32180020362841, 9.28581407529237, 9.321943603703085, 9.390527079284942, 9.390619125804609, 9.1000989175967, 8.82415613869875, 9.13495894743878, 9.22240676415702, 9.33488340085697, 9.06479720330723, 9.313767297237218, 9.724153522405908, 9.024233436479689, 9.143450661929126, 8.950154766091558, 8.953925725830512, 9.123824029487578, 8.977639920206917, 9.066409159435436, 9.133207501828386, 9.046457136624237, 9.128243082107977, 9.08400044643291, 9.212727110254615, 8.960784614569134, 9.387640184886733, 9.214447516890363, 8.931580118759413, 9.080292461887712, 9.085378085373373, 9.055293510617892, 9.07919134775661, 8.998619044216051, 8.803263892358666, 8.997227338693207, 8.810590995155241, 8.802873539993948, 9.021340848332164, 9.23649190109938, 9.318400812055001]
[8.505006250109096, 9.384654256068218, 9.11975745502986, 8.888035126469552, 8.973804932191054, 8.63880082806989, 9.032194334288041, 8.869695408001103, 9.044704759973586, 9.30505128981016, 9.271771864896172, 9.304042573643823, 9.380424632311081, 9.375099486885262, 9.081031464309897, 8.82415613869875, 9.112439893758893, 9.189982817464927, 9.334349102576912, 8.983449093525255, 9.308411750321602, 9.66915779742457, 8.959809329893618, 9.124162832245009, 8.931906601816774, 8.93396496060185, 9.09834218317343, 8.955578455419131, 9.056676132351718, 9.087512609330998, 9.012045251570978, 9.08796986489827, 9.073708781389893, 9.200438138589051, 8.95805270729883, 9.344005209773398, 9.2100867905616, 8.931580118759413, 9.076438995053007, 9.056846565485305, 9.055293510617892, 9.062694835272321, 8.992587503324469, 8.789356652396828, 8.98854966278823, 8.787029544457402, 8.778801682472738, 9.012862242135629, 9.203023446371457, 9.305105515427549]
[8.48666237317567, 9.354263683922076, 9.11464656945068, 8.846239126898567, 8.95595179810589, 8.605813262200334, 9.006348683280763, 8.857631063322293, 8.981746456654434, 9.30505128981016, 9.23997704026281, 9.304042573643823, 9.380424632311081, 9.353161186778127, 9.061475531492087, 8.812445736056546, 9.112439893758893, 9.185446287627403, 9.304458552428953, 8.962691430768789, 9.24832206856789, 9.618669395456655, 8.942082806125287, 9.124162832245009, 8.89649015324376, 8.889450952846516, 9.098244596978024, 8.955578455419131, 8.969524454189564, 9.087512609330998, 9.012045251570978, 9.068334111123477, 9.020275891532357, 9.198825278298331, 8.95805270729883, 9.243833081624889, 9.193206890053975, 8.911649473030304, 9.073048194182952, 9.015588449870021, 9.010479570442447, 9.052136435779563, 8.957468991249112, 8.75399534739673, 8.979853385793234, 8.7770703207777, 8.778801682472738, 9.002146674266003, 9.177980350675721, 9.273649086998269]
[8.465036643808265, 9.35223777507142, 9.107822255760286, 8.807074008373164, 8.950892524541056, 8.588823810714116, 8.976132082363037, 8.836906357900133, 8.981746456654434, 9.30505128981016, 9.23160280809154, 9.304042573643823, 9.367937170533438, 9.353161186778127, 9.060263213834912, 8.812445736056546, 9.095314909792366, 9.168796022450422, 9.22518804239468, 8.962691430768789, 9.239622638262238, 9.615636275445945, 8.934953699303614, 9.038672227900248, 8.887433497544356, 8.888676754015268, 9.098244596978024, 8.955578455419131, 8.948096409224469, 9.087512609330998, 9.012045251570978, 9.0459003799214, 9.020275891532357, 9.165927354505275, 8.956674866095842, 9.212841782468763, 9.163367037669898, 8.911649473030304, 9.01440977787562, 8.99547238193387, 9.010479570442447, 9.011363000108995, 8.930094439777719, 8.693723628540246, 8.903000573318142, 8.722581458897556, 8.75895413734023, 8.96615568030543, 9.166997497543809, 9.248119779497305]
[8.465036643808265, 9.327657826184142, 8.992098827012892, 8.783505184548048, 8.922342755627943, 8.522778881945705, 8.958574174052803, 8.831812621735274, 8.946331633961274, 9.274087952813584, 9.183403491334293, 9.278239341366115, 9.313361896271923, 9.326542484538598, 9.060263213834912, 8.785198187792016, 9.075416532543084, 9.151877868471493, 9.20446695873969, 8.957132331480427, 9.22911551764292, 9.593742865563332, 8.87422104537018, 9.02078898354403, 8.833285638773102, 8.88007182742032, 9.077349665161409, 8.908894243119763, 8.911709926515966, 9.087512609330998, 8.988973910996956, 9.039548169886814, 8.903464434194824, 9.153502214209635, 8.90164172017576, 9.189785193892641, 9.16045750262566, 8.861434537886556, 9.01372427528539, 8.99547238193387, 9.002760707531797, 9.011363000108995, 8.90842480626936, 8.66237833639157, 8.903000573318142, 8.692889929297696, 8.722612711214202, 8.951154789461146, 9.166997497543809, 9.231361607245109]
[8.458926543379533, 9.316877061383849, 8.973708220932764, 8.77878898426226, 8.87993785968917, 8.490760768514239, 8.938998867232916, 8.819435565858049, 8.91028965513441, 9.259488342387048, 9.167676043238862, 9.268246496170928, 9.297365422556268, 9.294920987164607, 9.001084971897212, 8.747917892673971, 9.054864912065614, 9.06935336040986, 9.161535211095588, 8.935639431376067, 9.207035592361521, 9.593742865563332, 8.87242390336346, 9.02078898354403, 8.762109848789638, 8.82294065974924, 9.000234611740668, 8.908894243119763, 8.906903144226174, 8.988531167457406, 8.912833479924117, 9.036546091153614, 8.8587599521479, 9.099163488744285, 8.882035588714938, 9.162938152476357, 9.128387127857904, 8.818116811432613, 9.001056184345371, 8.966275500561741, 8.97550077948118, 9.011363000108995, 8.897908119100645, 8.659514815754225, 8.884935113860381, 8.66465028825071, 8.689557392377854, 8.917285142878832, 9.11753445062908, 9.205075016417293]
[8.456582562910217, 9.26556985864495, 8.973708220932764, 8.760070420582002, 8.87993785968917, 8.485763744205707, 8.886321527361357, 8.792160930194644, 8.872601517904775, 9.215119925149576, 9.15720413570026, 9.268246496170928, 9.214065595596594, 9.271205517571328, 9.001084971897212, 8.735910233387068, 9.021073930203768, 9.004073468860687, 9.14740633033891, 8.934937667142972, 9.12396208978593, 9.556252587218484, 8.85513194222327, 9.002999643583056, 8.724565813280448, 8.808977883366115, 8.957885688522639, 8.883215644727347, 8.903239834557299, 8.988531167457406, 8.902177413501311, 8.977409514395555, 8.8587599521479, 9.087342335015817, 8.878759755584628, 9.155863095744516, 9.108725739930433, 8.810900158969691, 9.001056184345371, 8.953497732165888, 8.961791100694779, 9.011363000108995, 8.897908119100645, 8.63746391473217, 8.884935113860381, 8.66465028825071, 8.670825605188933, 8.871624676727127, 9.052610418058697, 9.205075016417293]
[8.433542257929918, 9.259593141906617, 8.893833296580098, 8.740786295538495, 8.868287235456133, 8.48537116659478, 8.886321527361357, 8.780396776116245, 8.872601517904775, 9.172464122894686, 9.116820397832234, 9.250621424937062, 9.159221726085613, 9.271205517571328, 8.96877804313451, 8.735910233387068, 9.000601160820136, 8.983689782182319, 9.13597417213471, 8.847952933461674, 9.084969598683733, 9.509723910490624, 8.85513194222327, 9.002999643583056, 8.701995688129973, 8.783539863562192, 8.957885688522639, 8.872015754777173, 8.870870671180173, 8.982853067172602, 8.902099914296505, 8.977409514395555, 8.85100928070595, 9.077087487349136, 8.87199563378143, 9.155863095744516, 9.08451893510109, 8.785388714910683, 8.953752508822127, 8.941557583654012, 8.961791100694779, 9.004554192083631, 8.897908119100645, 8.63746391473217, 8.803706528740472, 8.65470314928027, 8.669911886529524, 8.856219091415303, 8.994149347123013, 9.203556029878857]
[8.433542257929918, 9.214062036468436, 8.88527321905381, 8.740786295538495, 8.851193319680473, 8.477087579289671, 8.88317176277523, 8.66645320660543, 8.862354625253337, 9.132459944230522, 9.114654388330436, 9.248119254099134, 9.045175784470421, 9.264457098627565, 8.96453479198556, 8.727603743399163, 8.961468909782276, 8.980718379101967, 9.13597417213471, 8.818192903891097, 9.033892579329386, 9.470416699784868, 8.830086596773691, 9.001334150750269, 8.65811013698811, 8.783539863562192, 8.957885688522639, 8.84192229341855, 8.870870671180173, 8.982853067172602, 8.882046138243899, 8.977409514395555, 8.82168407934037, 9.008232240153813, 8.845300137507799, 9.130055057015227, 9.057737951245382, 8.771591024130261, 8.90859288472636, 8.91741634050707, 8.877570187843654, 9.004554192083631, 8.897908119100645, 8.63746391473217, 8.803706528740472, 8.64988412418455, 8.66811879386539, 8.854548563002254, 8.908272368994153, 9.202854077744451]
[8.395296217365338, 9.18938555624705, 8.854357059417044, 8.726072265758754, 8.83724712513174, 8.433488704610802, 8.85289697338013, 8.665817853726672, 8.862354625253337, 9.126326207601542, 9.094439818578376, 9.248119254099134, 9.037482093693388, 9.190690524211195, 8.96453479198556, 8.675364520849328, 8.95132249121871, 8.964495281858573, 9.128340452298229, 8.812676557142748, 9.010006052354052, 9.46108146976539, 8.793651909594077, 8.988071189921511, 8.630505278423886, 8.780449355612674, 8.894721455476324, 8.832661177753682, 8.828411346262179, 8.930100033837254, 8.882046138243899, 8.920753211134507, 8.819370614834805, 8.970698361123166, 8.8237764140456, 9.09106754739455, 9.03732865128944, 8.751245629443098, 8.895958294847219, 8.851710160300817, 8.877570187843654, 8.98571887363038, 8.897908119100645, 8.625420720532574, 8.799248664478657, 8.610393458453233, 8.652879962905914, 8.852050489923723, 8.893442654867243, 9.178648937447772]
[8.39181425395092, 9.188154087423978, 8.854357059417044, 8.726072265758754, 8.829546014889093, 8.388931949417977, 8.85289697338013, 8.665817853726672, 8.82354133059025, 9.077853029791905, 9.094439818578376, 9.231954370882995, 9.00177344056248, 9.186209754962903, 8.913228362262569, 8.656663510861572, 8.94067696533845, 8.903132820220424, 9.128340452298229, 8.790678613151039, 9.010006052354052, 9.452877771993021, 8.777406512066133, 8.923033084803633, 8.619311076582818, 8.75343261681663, 8.864728357443141, 8.770715490346939, 8.823832020325485, 8.92469851035913, 8.872603929596954, 8.861808838186999, 8.819370614834805, 8.951516760169099, 8.797749992797785, 9.086419812242386, 9.03474814053901, 8.751245629443098, 8.88942044245833, 8.796781590109578, 8.820546372189535, 8.954692700495091, 8.850801793705909, 8.625420720532574, 8.791329367085371, 8.603543268949421, 8.621676281961522, 8.825792077256974, 8.893442654867243, 9.138830937525622]
[8.39181425395092, 9.17899851120272, 8.847412600351344, 8.709352639744134, 8.826391289416577, 8.37946397556742, 8.830127563948022, 8.665745330456259, 8.82354133059025, 9.037997623783209, 9.071318765085191, 9.229990698238199, 8.911775315865203, 9.067231361019818, 8.907934610911292, 8.656663510861572, 8.925804089352086, 8.827664866553288, 9.126373195972382, 8.790678613151039, 9.010006052354052, 9.452877771993021, 8.67685130693241, 8.8658388680936, 8.601968797887869, 8.743128347677148, 8.84474447054661, 8.761423590144037, 8.794109421355419, 8.895040136364798, 8.872603929596954, 8.85789489963214, 8.802905938816473, 8.895552502702335, 8.797749992797785, 9.05001797672686, 9.01508648991888, 8.751245629443098, 8.883742913624612, 8.775119887766035, 8.820546372189535, 8.950313225608136, 8.807795338374737, 8.595280640279634, 8.753919340248654, 8.59014426052094, 8.610600647227136, 8.825792077256974, 8.891309979616114, 9.093712222192122]
[8.39181425395092, 9.178904788516004, 8.747509248937059, 8.669828282592885, 8.81358660346631, 8.37946397556742, 8.809893778205211, 8.627352808880543, 8.7523158621363, 9.015642074035872, 9.046330321017567, 9.219259958162777, 8.911775315865203, 9.045372328167266, 8.834313863908699, 8.656663510861572, 8.915519782054217, 8.824392088749422, 9.032925033728926, 8.790678613151039, 9.010006052354052, 9.393280188686756, 8.674474982294381, 8.854540641606917, 8.601968797887869, 8.743128347677148, 8.812342055919729, 8.735183063438068, 8.748784476163674, 8.883286115078786, 8.8582610617309, 8.818997149263973, 8.779504885596005, 8.887731441281327, 8.796447825022273, 9.039446005016636, 9.010723078209171, 8.725857251119645, 8.841203325484098, 8.758899821125201, 8.820546372189535, 8.950313225608136, 8.751721722902802, 8.587907785364191, 8.744258644313287, 8.59014426052094, 8.610600647227136, 8.822431454627727, 8.868848074060583, 9.058899837957764]
[8.334962838078528, 9.146899757211521, 8.730055885687372, 8.584247420772888, 8.808245142954675, 8.378741703639026, 8.800792494344511, 8.60071723578562, 8.726309152953831, 9.015642074035872, 9.01306860491005, 9.208838453818514, 8.888089591527871, 9.045372328167266, 8.788802922315938, 8.599088119247678, 8.856239300802063, 8.813134427210493, 9.000115332878329, 8.768231453429559, 8.98197961798389, 9.393280188686756, 8.674474982294381, 8.825033423713865, 8.579681323436148, 8.740207603772134, 8.779877872383496, 8.712035621122466, 8.748784476163674, 8.874018898020665, 8.843163443469129, 8.813650264684572, 8.779504885596005, 8.8650849611604, 8.756583030873637, 9.039446005016636, 8.989037792577275, 8.718817718309499, 8.8226942090129, 8.73310511451156, 8.796978922839594, 8.935125703479045, 8.747054376196468, 8.551510983925269, 8.72238674707868, 8.541001071776456, 8.610600647227136, 8.800253945373688, 8.868214008299844, 9.020660378067557]
