[3459436055.9650893, 3762899064.9405417, 3589178706.9706903, 3665183230.1738496, 3622236664.951749, 3609670597.5354476, 3610662183.3991165, 3539279048.8967543, 3413625137.9142146, 3476837190.605207, 3609822939.2882004, 3588848788.441966, 3624982403.825963, 3504079802.3032484, 3630292311.669618, 3582925431.781021, 3344544913.7403216, 3550061964.653511, 3600940055.221392, 3438415327.345163, 3668853291.852439, 3512240555.641771, 3708732935.607909, 3449825625.1348715, 3545522344.377965, 3639503747.9888024, 3460268819.7094927, 3442933000.531827, 3543640804.5428452, 3539027630.944007, 3624564621.8506, 3591743750.2130027, 3622968609.543292, 3639892030.2759237, 3508370083.763253, 3669523087.288661, 3425384029.5143414, 3437497698.1228724, 3531662439.3375654, 3605891156.449093, 3572353624.586324, 3350658766.1390314, 3677404726.90174, 3651509923.7667894, 3745467128.8537626, 3489034615.325879, 3559745644.3620176, 3502684589.0631676, 3705962500.15301, 3470044037.847326]
[3459436055.9650893, 3762899064.9405417, 3589178706.9706903, 3665183230.1738496, 3612204611.878699, 3606391447.4508505, 3610662183.3991165, 3536665773.6168876, 3400170433.456095, 3476837190.605207, 3605863409.827462, 3588848788.441966, 3624982403.825963, 3504079802.3032484, 3625206787.671357, 3554675756.1126757, 3335356494.6995955, 3526015530.024871, 3600940055.221392, 3438415327.345163, 3617787380.7713904, 3512240555.641771, 3708732935.607909, 3449825625.1348715, 3541654857.8749037, 3639503747.9888024, 3460268819.7094927, 3442933000.531827, 3543640804.5428452, 3539027630.944007, 3589592534.5741096, 3591743750.2130027, 3622968609.543292, 3633989832.853553, 3508370083.763253, 3669523087.288661, 3415937948.7744946, 3437497698.1228724, 3531662439.3375654, 3579575755.528857, 3540945792.6561193, 3350658766.1390314, 3636284313.1177645, 3651509923.7667894, 3745467128.8537626, 3459978151.5928206, 3559745644.3620176, 3502684589.0631676, 3658046212.678273, 3470044037.847326]
[3459436055.9650893, 3762899064.9405417, 3571906541.5775275, 3662442987.629901, 3606415976.581809, 3559298887.1601076, 3594998534.590075, 3536665773.6168876, 3392559219.3835897, 3476837190.605207, 3605863409.827462, 3588848788.441966, 3537829810.621648, 3504079802.3032484, 3582571624.684054, 3554675756.1126757, 3335356494.6995955, 3490213554.5004683, 3527909508.1817713, 3438415327.345163, 3606316670.3663855, 3493644728.995916, 3708732935.607909, 3449825625.1348715, 3515813563.1205454, 3626021289.8679495, 3460268819.7094927, 3379808091.7151155, 3543640804.5428452, 3475533917.4430237, 3589592534.5741096, 3591743750.2130027, 3614534982.2621355, 3603224083.9856997, 3463174385.2000365, 3669523087.288661, 3415937948.7744946, 3437258113.6767035, 3528184666.472863, 3568845224.815112, 3492634828.825324, 3326520216.6350203, 3585342942.605513, 3651509923.7667894, 3686959355.797969, 3459966437.628546, 3559745644.3620176, 3494104674.9387636, 3643836058.113307, 3470044037.847326]
[3456301605.7371473, 3712134474.567514, 3571906541.5775275, 3598771097.5367036, 3511068504.3970346, 3559298887.1601076, 3529444435.256064, 3525705327.892787, 3350558012.741882, 3462709151.20284, 3601520443.4420357, 3530824219.7573586, 3442490547.017736, 3504079802.3032484, 3562364456.935855, 3543960938.373941, 3292369134.461062, 3490213554.5004683, 3527909508.1817713, 3430927912.8421764, 3606316670.3663855, 3466030368.7957296, 3628603318.663803, 3439294766.8728204, 3510843536.633236, 3606804334.314763, 3428502306.3458576, 3345887768.165689, 3508319662.621829, 3475533917.4430237, 3508436723.6165824, 3591743750.2130027, 3554953743.661622, 3592458533.210105, 3461953629.3431063, 3632830492.0266013, 3415937948.7744946, 3416810274.2169538, 3513485913.6661177, 3529741220.236905, 3488456706.5497637, 3326520216.6350203, 3574250581.392409, 3565248389.0013, 3681094124.448002, 3459966437.628546, 3559745644.3620176, 3444812791.067958, 3643836058.113307, 3470044037.847326]
[3456301605.7371473, 3694094469.87965, 3571041074.3974557, 3597498307.3263574, 3475581972.93706, 3542752553.641561, 3484940115.5146585, 3509781962.5075912, 3341833996.7557597, 3462709151.20284, 3554885744.944744, 3490591740.281179, 3362384768.5395465, 3504079802.3032484, 3551738313.6494074, 3543960938.373941, 3292369134.461062, 3490213554.5004683, 3527909508.1817713, 3425636046.1171403, 3599323316.5069456, 3466030368.7957296, 3615739706.8984747, 3425948623.325326, 3478900769.5442123, 3577069282.112212, 3387326110.040097, 3338522677.512494, 3489314945.9231277, 3445743629.354235, 3377322522.1310377, 3565782867.988265, 3522672520.8998466, 3585114353.0801225, 3456840439.204732, 3602688108.544645, 3415937948.7744946, 3411886028.970696, 3491791941.962222, 3498980634.0130754, 3474232965.453267, 3326520216.6350203, 3496992832.4999857, 3525617423.194375, 3658673849.7427964, 3451070745.838127, 3546434991.1443605, 3444088763.970515, 3643836058.113307, 3470044037.847326]
[3456301605.7371473, 3654210678.9985476, 3520824603.440108, 3597498307.3263574, 3420696963.212228, 3457956478.195427, 3394976878.077876, 3509781962.5075912, 3335904095.968726, 3439118835.2632265, 3526503792.974229, 3385179204.4262786, 3344918297.8622293, 3474295627.0129066, 3485403818.5775476, 3501209062.604753, 3292369134.461062, 3478632505.1409607, 3460689686.303643, 3420961114.7637014, 3555864214.213019, 3408509924.2222714, 3571420246.0250015, 3392562086.933385, 3476852820.5876284, 3575841397.696724, 3386329477.089482, 3314548128.9507217, 3416710587.896266, 3444269127.088877, 3377322522.1310377, 3506912916.458827, 3481677515.853128, 3584509770.213051, 3447642818.6058335, 3583890295.789939, 3367545511.4571233, 3401343711.7089643, 3428627778.7261767, 3464411624.0317574, 3449574268.3585334, 3325150928.061009, 3496992832.4999857, 3485076699.714761, 3557535553.6994834, 3424676520.8004136, 3453459808.542689, 3357398842.271121, 3627431330.176679, 3455342435.662408]
[3453292325.2234163, 3629971490.696884, 3497835082.9149904, 3472527102.0710297, 3406785682.663976, 3404537237.3441935, 3380616572.962653, 3415040008.0421295, 3331127668.744294, 3422091298.7301507, 3462897010.7042055, 3338023164.486909, 3340894042.143535, 3444372686.6837015, 3374693118.449062, 3482003647.563192, 3282064108.2194386, 3454725922.0151625, 3441515594.989283, 3331178957.2102385, 3493604350.3981996, 3378992677.7428007, 3551234154.2754145, 3379849368.7551527, 3416841415.0658007, 3491301051.3514266, 3376950042.0726833, 3242812118.518208, 3345393028.6812305, 3444269127.088877, 3377322522.1310377, 3506912916.458827, 3391946147.625244, 3523277780.7558603, 3441752858.070048, 3578464790.852536, 3367545511.4571233, 3401343711.7089643, 3417388639.6483393, 3401317906.6727495, 3405773482.8846955, 3258332581.50941, 3447573161.4494743, 3475314070.0141816, 3526660541.1447306, 3424676520.8004136, 3411214321.8137774, 3299582805.769404, 3627431330.176679, 3440343910.9448843]
[3410590395.8702955, 3596178144.8441696, 3468637225.8645883, 3443923100.7598586, 3387504390.431937, 3364234489.947961, 3349671245.3885403, 3402607347.493495, 3257573620.106243, 3385918478.414453, 3448433976.6445456, 3312199694.86213, 3295307243.2849894, 3363160584.077996, 3372507933.6249037, 3475849415.4906754, 3269505025.254723, 3432355769.121402, 3399992446.772773, 3289529934.913031, 3429613270.549771, 3349261355.5409694, 3533682205.3230424, 3379849368.7551527, 3367383262.52541, 3480263417.1034126, 3342462744.9101324, 3242812118.518208, 3345393028.6812305, 3405938231.2033224, 3284008310.6984153, 3456030028.7427015, 3362318790.965055, 3477282637.7416687, 3418147333.9575953, 3559695007.4133162, 3349210943.6231427, 3330924872.5080924, 3352565860.0722647, 3384890139.5994024, 3321821990.993482, 3257420862.3230066, 3447573161.4494743, 3354609149.4993467, 3510782974.5173697, 3317552385.9697733, 3379708067.4595, 3299582805.769404, 3564772719.507266, 3367635935.179491]
[3306954826.3092237, 3528965368.268241, 3434628430.416664, 3351824163.821227, 3363023739.454823, 3280370385.7874074, 3319790389.1693206, 3367657177.293027, 3207609377.962056, 3275768804.229778, 3425435471.972194, 3278254632.9688025, 3257756597.3321185, 3303637538.7715254, 3354086005.785818, 3431241761.3127494, 3261509415.095271, 3381125927.0843706, 3365407575.9320874, 3280581200.441678, 3424940373.908112, 3289177723.2980013, 3457659750.291913, 3340463921.5880966, 3337866681.046135, 3341971969.5343676, 3304778579.569342, 3217819228.207259, 3292244942.144179, 3338629159.315109, 3284008310.6984153, 3397340790.6667624, 3305902219.004819, 3336221216.662046, 3367702262.950308, 3448352830.290162, 3263877800.3167224, 3298063216.1872754, 3265981323.6678996, 3324271423.5815086, 3254896539.1105695, 3235983591.8722696, 3374049327.7025566, 3350854754.5912848, 3499900864.759864, 3305513127.064334, 3318989484.808713, 3245324537.905997, 3491943786.126761, 3262734911.731475]
[3292909377.4393053, 3484391176.0384927, 3387456962.836178, 3331916420.2317224, 3359226361.6891522, 3251260766.462294, 3261002423.621469, 3317940991.579518, 3117340564.9629874, 3151948581.1255083, 3334467410.083391, 3156212136.7404275, 3183974327.769826, 3253359954.4041433, 3189952494.725892, 3403204791.5825906, 3240729516.8121395, 3345454680.595499, 3315634167.082658, 3270789644.5504603, 3298962813.126694, 3213611443.6388583, 3423438745.858764, 3305945270.5665784, 3237984231.9941993, 3341971969.5343676, 3242620642.1689844, 3193463872.505305, 3257261886.9457464, 3328037787.5105333, 3228735060.465236, 3316043579.9463596, 3286107671.3345146, 3321139966.5098395, 3297360924.8138013, 3429724069.2641864, 3248372419.0973544, 3273867917.7587643, 3228975604.604125, 3300228381.5795927, 3198131987.681935, 3141361904.0528216, 3302529466.742749, 3248265650.1575212, 3463050010.139071, 3305437553.7291017, 3279427168.024132, 3240805553.4623733, 3440801784.6321096, 3134482428.565839]
[3206589337.739087, 3473403508.793441, 3305153039.6899786, 3325551794.0925736, 3348936866.335961, 3247405748.9056907, 3222159357.3701644, 3274562066.7490425, 3092048419.8778467, 3060938630.305512, 3249705311.55096, 3136385251.0618706, 3155868751.685589, 3172241633.589768, 3189952494.725892, 3400745259.7905974, 3223604946.587458, 3288713089.771252, 3149759716.1738515, 3253552168.738056, 3213699261.246646, 3178833789.970132, 3372192624.374587, 3167096057.915417, 3227392223.233775, 3267619444.6057005, 3148611378.1426263, 3125365676.708725, 3208553024.4983363, 3283830874.736832, 3212181255.5568223, 3215323463.53308, 3284351032.352927, 3266180622.153554, 3234957903.002311, 3412058076.8924093, 3240483945.6085835, 3183796241.402987, 3211153659.5368977, 3234299107.3833876, 3184391819.6573415, 3074584698.535083, 3284693081.494975, 3183586340.5808578, 3395829706.508282, 3283506805.542922, 3255919717.863005, 3223590209.82145, 3412400298.9402547, 3108253122.3844237]
[3183516535.2984943, 3337402366.8553123, 3212039271.989323, 3217254087.8946123, 3300932081.788787, 3244090729.20791, 3208450766.6387205, 3228170081.33366, 3065781341.830752, 3022527699.103928, 3202387825.080094, 3069409620.9413576, 3134799539.097352, 3085343820.304863, 3180104066.07141, 3267858485.528308, 3185705009.7054725, 3259229794.77874, 3124753808.5091896, 3202990186.3765926, 3178765467.3728514, 3132959931.563966, 3359394643.9201193, 3136704235.798951, 3173054441.363509, 3200743462.1904964, 3147013317.2462473, 3029272292.3301992, 3152155749.976862, 3218982011.1227274, 3080397493.929689, 3191511173.4615965, 3249105120.4877725, 3219629101.2149515, 3222446817.1015015, 3209404271.2938414, 3139491331.2856517, 3094232322.1900783, 3177984953.3974338, 3197199550.478386, 3139236832.515488, 3022630428.278659, 3246905015.421934, 3110118471.20868, 3284693485.6219053, 3176325263.204796, 3202949944.339706, 3144963455.608957, 3295528214.522944, 3084858706.3010015]
[3154177794.9500856, 3278110745.3289275, 3116956313.9772534, 3143722369.423341, 3198864786.798551, 3186508823.9201097, 3088625572.3235946, 3186264856.9626694, 3058672898.7476463, 2995176276.3902745, 3186680123.6645403, 2981756068.266017, 3134799539.097352, 3079672405.270346, 3159501343.9800997, 3178240839.7882156, 3090746008.3155336, 3188857816.2186646, 3105612084.4241753, 3159966742.385135, 3141855115.1096797, 3063729635.365607, 3332281150.2641706, 3014965931.99162, 3124261404.052167, 3057309090.5717688, 3138868437.835785, 2938164581.8428416, 3049916677.4657865, 3192405101.5866995, 3035258955.685197, 3174061498.4097676, 3201740494.250788, 3124972215.2655506, 3182030366.7722473, 3068305107.0894036, 3099840791.3599005, 3069361380.4337916, 3154400216.972328, 3171955188.810664, 3073650307.306719, 2968520420.9157295, 3215339526.713396, 3087795880.5411463, 3222685973.5505767, 3127246799.8721695, 3114561930.7729554, 3055238245.711068, 3237899479.6872115, 3084858706.3010015]
[3147190946.0448265, 3245317252.768466, 3014448462.2669077, 3026826414.90479, 3160176147.8616962, 3131854135.277362, 3065491010.011243, 3111679553.585794, 3030249493.619937, 2957621102.938802, 3186680123.6645403, 2968813614.568571, 3082079431.7626143, 3051907348.153122, 3047617972.185462, 3139627838.085637, 3040694517.4920197, 3160843883.4809866, 3075825544.7888875, 3148977121.0885634, 3058732277.9767714, 3004792140.0919857, 3297977760.1860685, 2887173829.396246, 3083603134.5112677, 3053166894.3632293, 3069117980.9961796, 2914129363.0221434, 2986506804.667533, 3140161946.3313823, 2999945633.1168327, 3037559627.81772, 3190215057.636933, 3052170563.0931497, 3130276064.47797, 3013925919.637174, 3095655599.5235395, 3033261238.0346823, 3132548907.595121, 3105681608.3036027, 3050857269.8317747, 2968520420.9157295, 3201459192.196782, 3081771237.1421685, 3171393460.8266244, 3048565270.093122, 3078261729.3732386, 3050084545.9960465, 3117737483.536689, 3029893972.458583]
[3109804559.6965675, 3123297418.365723, 3010513439.7025566, 2990268113.7449636, 3044119516.937541, 3078651827.090823, 3018040244.8759747, 3093548101.0833874, 2947735841.558727, 2922851039.4356127, 3105893036.3021755, 2968813614.568571, 3048440631.303772, 2976967858.1480436, 3047617972.185462, 3039090460.0922117, 3006029075.0975533, 3041545457.0182085, 2979091144.867178, 3064618418.6201577, 3027636231.0207205, 2991094830.6849008, 3176955677.1969595, 2833357530.160134, 3059415067.265604, 3028900716.8338895, 2966851386.9162097, 2848925021.1943426, 2982395053.526946, 3101433067.748502, 2924960002.9659524, 3037559627.81772, 3138222551.713278, 3015537065.004159, 3063481844.782171, 2991084229.50212, 3041725035.7261257, 2986071004.2621655, 3132548907.595121, 3082801456.2290673, 2962822159.3484955, 2914035453.268321, 3123960766.4409285, 3027610870.007475, 3056747860.126499, 3011612357.5017176, 3045826375.9432, 2895554963.1942286, 3024242961.543997, 2949131274.8508406]
[3099579112.4902253, 3068578524.1493163, 2978382846.8424945, 2877876866.38498, 3033055871.8662214, 2969876779.610529, 3001101021.4892836, 3075983588.4750814, 2859807043.235075, 2881373238.538748, 3080905410.6372786, 2930596794.0406, 3018792521.6719713, 2877364734.5286875, 2983988255.374603, 2984134647.650294, 2860416657.090299, 2999377620.8264523, 2915441058.7143292, 2948909615.5113916, 2991435148.2459493, 2924833253.949327, 3067556298.1578293, 2707853217.1762686, 2894770078.145058, 2973240745.0886908, 2915324649.2158036, 2844434271.7646112, 2927815187.5851703, 3001232598.0940266, 2900587493.5676055, 3029781458.838584, 3046561653.9971943, 3007044006.683675, 2940970600.6273117, 2934014059.905255, 2946893568.6379023, 2970732753.3734303, 3043122413.666934, 3040365011.4888277, 2932183112.9097166, 2862923769.1534033, 3053133930.872214, 3012156245.3676343, 2995411050.7144504, 2917574176.0071716, 2994121028.2348456, 2884408043.20922, 2936629364.801534, 2871921946.2135005]
[3050757697.501082, 2989359365.048877, 2889486449.0265994, 2794502688.959203, 2965014473.9055347, 2924857703.4625034, 2932315257.289572, 3002112783.145525, 2742551203.111764, 2810437861.6763773, 2979234439.7077875, 2914957844.666933, 2969219307.8358164, 2779867049.574539, 2967687059.2381053, 2966632462.021276, 2834431840.0238085, 2974618828.1247306, 2887364343.4696074, 2900591361.586026, 2988077596.433612, 2845602839.8472705, 2938180306.456714, 2665702751.964814, 2803202545.6815133, 2963365554.293491, 2865094177.320041, 2803109684.634781, 2893513980.229971, 2967476074.1173563, 2838764584.3627014, 3017070223.202817, 2986056990.1379647, 2935114238.66647, 2880079681.365472, 2909552510.7939157, 2861211789.18839, 2920902170.424284, 3013502207.4376106, 3024570258.1928487, 2887813261.81876, 2862923769.1534033, 2956291528.9922404, 2984025441.6313396, 2890315826.532876, 2842990716.1511025, 2894350859.4232035, 2859870133.731934, 2908357048.5964713, 2860197782.1613746]
[2864281689.0785713, 2970032414.7965508, 2852924605.4702387, 2787916535.980057, 2916508973.0108876, 2823838561.1021924, 2896629479.448049, 2936200047.7961364, 2649233210.427169, 2756580861.3511066, 2931011057.5443096, 2778067309.012895, 2931435098.4421415, 2765579192.193376, 2923059696.5276713, 2897800602.388219, 2744789537.773618, 2893684517.502556, 2852108745.6716223, 2848500350.193433, 2856413498.0697536, 2818323805.508704, 2905529248.4933977, 2654001387.740741, 2788395402.0479865, 2929616942.096842, 2811847974.294878, 2776035756.7867074, 2837517530.2324424, 2871561914.6617327, 2838764584.3627014, 2989946290.874893, 2930439503.869396, 2873155141.5045204, 2834197895.737762, 2845335229.14366, 2818376368.2298956, 2811662693.866741, 2802462482.269994, 2894406063.6834145, 2812706280.5955296, 2787421226.4961195, 2953719925.3706846, 2966800936.7087536, 2843526271.722316, 2815921661.271726, 2800445075.339808, 2783637316.323254, 2830142614.287011, 2819001668.158745]
[2823479548.070018, 2932200347.3820634, 2756646526.9755507, 2743046198.2919707, 2859461189.5791645, 2792122046.850238, 2736344316.5775666, 2850777617.2673073, 2626668027.758231, 2658285379.146875, 2783384546.7103148, 2748868029.142959, 2890701172.653113, 2719592310.742748, 2889008170.4891095, 2810633802.9490824, 2733282515.1381288, 2842338696.658323, 2754227812.1880484, 2811608974.0146475, 2836592753.330188, 2763222356.584146, 2853054949.8094587, 2637125160.80024, 2787761902.8940635, 2884639626.557809, 2750190844.529073, 2766151484.334216, 2795176132.22256, 2843370158.3743453, 2775722750.638596, 2962014787.1948733, 2871502971.825989, 2808539399.9793425, 2763123407.2626123, 2796472072.7681165, 2818376368.2298956, 2765239058.8956404, 2668649553.488353, 2871664179.723796, 2773121894.455118, 2686116363.4627213, 2918985024.116985, 2958240357.3558474, 2734954849.5865645, 2780991667.0092382, 2766785773.2865305, 2726113753.784739, 2763993130.9246597, 2764084750.0678773]
[2776435031.7946, 2917002083.6683817, 2730529787.786947, 2725443475.182559, 2728688919.4906, 2790557563.3538265, 2705031463.43509, 2841128656.2067776, 2586188901.9428473, 2629417989.5678763, 2686703019.0947413, 2645378005.629133, 2722351253.3802404, 2671228656.7659273, 2794753254.490485, 2806118812.4927974, 2646531710.5230412, 2774073136.060725, 2714559150.1889553, 2723714665.6932917, 2689535758.288275, 2678375703.598592, 2784593512.328538, 2633423933.934535, 2656949076.3229365, 2806151029.6123376, 2738357247.1292963, 2709969254.4247003, 2734761119.225662, 2746018043.431268, 2696122228.1543374, 2940758145.4961834, 2757488931.859679, 2743442986.1457453, 2645663132.343514, 2720413866.525163, 2782419967.968379, 2751125080.066703, 2623079300.937876, 2815588336.264434, 2737464679.3872595, 2663454389.8081045, 2871830144.4017034, 2947216072.7828093, 2647899434.7907763, 2685989829.7603683, 2749235364.544619, 2581700602.8861527, 2695738928.810601, 2737601240.835303]
[2727578484.0652246, 2805578535.525882, 2670666267.733238, 2675485679.537355, 2699694488.5459857, 2727589911.8227057, 2696558362.587978, 2799277935.9658337, 2557719945.8214564, 2580199428.846405, 2575655762.8325415, 2559897127.1202693, 2684071251.669299, 2585982350.5408154, 2720297928.925555, 2769357097.389617, 2633217211.27839, 2740586983.1345625, 2714559150.1889553, 2661886443.1923795, 2560221500.4450507, 2618456710.3344436, 2689645739.9276567, 2564390382.4896708, 2614921158.039823, 2772151093.163409, 2688501697.7376757, 2605925414.5050507, 2676087746.107255, 2718038283.8195925, 2620592470.376743, 2909941518.3686876, 2611148855.9391155, 2721465465.675439, 2560982889.0706644, 2699845953.5062513, 2780399945.6116667, 2685204593.2349763, 2592130601.264194, 2725650798.310254, 2704426358.195054, 2654501593.8519216, 2781458417.9311376, 2925572039.466672, 2584520214.6347313, 2643227913.619213, 2711575241.530838, 2560681760.327687, 2653927479.959889, 2713295443.3425894]
[2661687167.4892592, 2766409267.471745, 2670666267.733238, 2659277297.2037306, 2569247503.0667367, 2654058926.047664, 2668925700.2541275, 2775030816.374825, 2522997343.451045, 2580199428.846405, 2567638163.912015, 2521380711.8490157, 2646366090.646705, 2520829002.6807904, 2626690040.3807216, 2729176987.270165, 2608439152.3550587, 2735574042.5314345, 2695918320.313287, 2576097378.460994, 2529024578.7123556, 2510373267.406438, 2678140938.959485, 2534604523.767866, 2586197383.98068, 2708004652.2233644, 2668117399.5926714, 2602308916.987979, 2608871515.3094893, 2610488297.748821, 2600632818.189516, 2883628879.220291, 2537397507.914611, 2657199448.9791484, 2514942925.3331385, 2671026095.221085, 2764486399.265917, 2657192692.367393, 2541419176.250209, 2649193838.982736, 2692562255.367702, 2632872392.369595, 2697977500.23109, 2878471105.431941, 2575288018.5436325, 2607010222.755519, 2681999764.1478424, 2520277397.1638646, 2612100738.489576, 2685290499.750239]
[2609408804.0006356, 2699158640.509623, 2615616302.42855, 2514828482.6793365, 2485169758.1703463, 2589672042.5372567, 2639378329.705311, 2635314223.6797557, 2489775864.57633, 2503167819.104795, 2541581167.718552, 2515358987.4495564, 2630655458.865111, 2510863773.1464543, 2599917064.305158, 2689507350.0554423, 2606907681.2056584, 2723771438.2563725, 2606260468.2282667, 2570462426.990012, 2512986583.1427393, 2445837061.984891, 2596293515.18519, 2513864716.0313945, 2564419358.7389345, 2660906566.944928, 2626657139.3361435, 2523169518.4375615, 2555810352.8084936, 2598475561.450429, 2554084909.1512666, 2822163224.3055053, 2481409832.426851, 2576151451.0824175, 2509163627.739519, 2534251731.4747562, 2724955307.5179114, 2594297157.415887, 2519047578.7104187, 2584620723.9296217, 2653876670.322183, 2566628025.303103, 2626192492.8173666, 2824586281.2952642, 2523253244.485482, 2549688373.7623854, 2608832091.2459297, 2476086543.4982376, 2599799517.330017, 2685290499.750239]
[2594383817.7482414, 2636191054.863096, 2580563890.3170004, 2454552241.486371, 2435854453.255658, 2564615598.7797112, 2585196847.6671686, 2619845259.4042087, 2476849195.207731, 2484161371.842284, 2532839290.2864656, 2473569154.709132, 2570491844.4459906, 2477437706.013564, 2512264196.971353, 2645760992.5608993, 2564812950.825185, 2678481881.567806, 2582812868.4821334, 2521514755.06201, 2466188298.482295, 2399618364.1738725, 2572541913.997861, 2416139354.725851, 2564419358.7389345, 2587561255.8358617, 2607592936.0937805, 2501007763.030799, 2537931228.803529, 2505057289.5237284, 2552419859.5848126, 2763521778.0022707, 2466429328.352929, 2553217053.7498655, 2463717564.038319, 2506161614.481162, 2629386102.919397, 2553394774.1467366, 2377997197.594393, 2584620723.9296217, 2593734550.265668, 2468466835.1772604, 2569349977.336439, 2766329645.788575, 2473495387.533471, 2536737122.8312974, 2537644293.787726, 2467667514.575115, 2559759626.07723, 2631228987.40907]
[2520513255.102128, 2522045192.0822306, 2520787417.385232, 2402670714.4482174, 2433424826.23619, 2534878564.881449, 2417453313.34523, 2521951408.5322385, 2329904893.573711, 2333870298.215978, 2500389790.2073207, 2376353106.236522, 2457061816.4552407, 2454473787.6536303, 2471818327.0499, 2645760992.5608993, 2456363341.723635, 2619202662.359788, 2569237747.7980795, 2461808843.117706, 2436510148.1611567, 2333177053.5862603, 2458028093.98772, 2371237837.070124, 2538199831.607211, 2483926554.592065, 2531938181.501031, 2470354754.5372, 2454907530.4871745, 2446370453.9993362, 2452517335.4609327, 2588807623.0679483, 2459052304.0580716, 2499550022.600282, 2427597715.160241, 2424281339.090825, 2582040826.3103704, 2522911688.931953, 2359520058.712912, 2550557452.4049416, 2501543818.7373385, 2459219744.371689, 2483028176.242731, 2628000575.0021687, 2403360768.270216, 2536737122.8312974, 2516418377.30653, 2446515746.4790382, 2503764746.7015963, 2584090194.0251293]
[2484692588.346057, 2393603902.358965, 2453406053.0812645, 2387015558.9330125, 2391246066.1751356, 2477315798.233636, 2375360135.3838096, 2460056491.9020605, 2252731101.71553, 2333870298.215978, 2350444455.944988, 2311490173.804657, 2444988835.8589616, 2414232972.1085753, 2455729379.468408, 2573663188.1211586, 2450938210.3168235, 2483145906.0736337, 2470711859.585903, 2429726079.220218, 2358252973.5405707, 2325773705.1253386, 2453019452.443594, 2336007361.796092, 2523762143.43226, 2449832199.5729237, 2482814286.2325325, 2425978913.0891953, 2371351016.878654, 2436835312.378914, 2393155436.400361, 2569117941.613632, 2429859478.8127756, 2477562341.884143, 2397937301.6670947, 2376459018.2729044, 2464481576.87944, 2490649324.6363897, 2314077049.7682, 2514704850.65469, 2391687474.9476657, 2451832075.067836, 2426139456.660931, 2571904314.393255, 2372946149.1807055, 2509673829.5102177, 2427953905.272776, 2429642572.306651, 2468867642.707498, 2581064665.455208]
[2466999061.6606965, 2362424541.9423585, 2453406053.0812645, 2384310063.124695, 2368458722.4780455, 2421805153.1023684, 2352975570.379119, 2361510986.7063994, 2219736612.780558, 2322767419.975581, 2320425632.9804654, 2268180146.749097, 2402382959.890377, 2392622045.884285, 2397594956.731158, 2528918534.9076715, 2442075649.2911115, 2414515952.732065, 2452136755.134848, 2409587753.8069434, 2344859427.514451, 2296405421.2696624, 2308343185.1651835, 2273490313.8424153, 2447174666.397649, 2426539609.2632413, 2453083744.4656367, 2394163808.541271, 2364347205.7670374, 2346280291.1137605, 2356171909.28648, 2471020589.3709135, 2411535755.6222396, 2458941119.3930597, 2316243281.602122, 2301814299.0192842, 2447607702.728301, 2415356502.4467297, 2266406260.986115, 2500965243.762059, 2372260387.3428717, 2323624631.786167, 2421216894.191689, 2532041660.9951115, 2310737462.2184887, 2354041244.504453, 2361354654.225109, 2323807784.457276, 2448057179.6201344, 2545147057.5758967]
[2378650489.380286, 2350699282.50721, 2339795570.1823525, 2349075992.6787367, 2331915706.4646335, 2310237634.7163744, 2307176034.4272428, 2345490281.074629, 2166245483.628088, 2293838280.776925, 2294703749.6546817, 2216585796.9935417, 2381923728.0744524, 2375865705.237418, 2296248121.7583327, 2516426179.642214, 2380880279.374112, 2398297347.5085416, 2441769198.9127564, 2361156867.710761, 2316781905.675118, 2275204969.7519345, 2274264615.4549556, 2272981248.6622586, 2369063786.8090405, 2379594224.093338, 2395307545.288457, 2394163808.541271, 2319074085.7111864, 2327785252.2029257, 2347850069.5929112, 2349838073.070324, 2347660997.565707, 2428329081.668043, 2270953128.4337697, 2220679600.0690746, 2447115035.279318, 2387372268.942492, 2265802684.5326414, 2412444481.582184, 2319176232.188578, 2267058971.1092496, 2388271032.271835, 2441953122.6754417, 2273093983.034506, 2338657989.6294684, 2290639209.3695297, 2166200415.572413, 2348410417.668017, 2475898659.725318]
[2356116201.6213064, 2335962961.5077376, 2314156685.281034, 2344059940.0704665, 2266259212.637792, 2275222111.269295, 2306423932.08406, 2326024988.8936677, 2156686380.772189, 2288689073.782241, 2262007402.553128, 2187629344.7049127, 2332780928.3784223, 2331905140.9413385, 2214004516.6290607, 2434527622.1220236, 2355734552.3005967, 2357093186.1597395, 2396003350.421556, 2350844208.4696684, 2299628368.1032825, 2270428740.364505, 2239498951.7429996, 2258728892.676161, 2331535229.8307314, 2322233928.2942424, 2344978091.2450404, 2330973840.5552526, 2288620523.7548094, 2296303208.900022, 2297455040.5003366, 2345232948.3367553, 2297467280.3239636, 2362695718.986021, 2236814065.514591, 2157677601.396167, 2373617183.993859, 2315529193.645233, 2209196451.2810445, 2348729896.367845, 2295599854.3788247, 2164824316.88047, 2307438527.8909664, 2329188550.1884565, 2265986616.9478664, 2330660613.942143, 2280088267.7233214, 2158272116.5087285, 2265291519.7855115, 2393702548.9748507]
[2342677595.63399, 2230391644.330492, 2308318076.139541, 2237421219.6937647, 2189116731.4662256, 2202083320.3445644, 2229938282.5286965, 2289914217.9425993, 2155041254.104868, 2269204488.457835, 2245643955.17543, 2153107951.315027, 2312332254.1679015, 2237450372.6637974, 2180213709.966637, 2400054249.1844015, 2267449556.849379, 2295903575.2110467, 2380201034.329376, 2270086047.204013, 2173432465.877231, 2212883178.492736, 2187353869.7994466, 2236612276.205121, 2312830006.3365264, 2246361550.7461257, 2311860646.566655, 2286318440.7932105, 2274064371.3022833, 2289960078.880282, 2287513388.5356836, 2280724677.3199577, 2256996746.339146, 2240230215.336376, 2214547043.6383376, 2065139876.6495895, 2307976082.59245, 2299867206.3874307, 2200406170.3977423, 2228907097.0169663, 2242697959.0502954, 2092439830.5223076, 2255846919.3706717, 2248506972.2755976, 2251199373.3106866, 2294992148.9982257, 2218032664.875318, 2105525126.4993675, 2174420195.7761765, 2319222325.9779406]
[2301447002.254104, 2157300747.624982, 2245254134.4637294, 2228381179.5745196, 2112855408.5672352, 2160288937.231882, 2201926749.385984, 2280159516.311291, 2123387805.3907962, 2215260047.7988095, 2203601352.5584784, 2120255998.4463718, 2284525355.9159193, 2217146437.861223, 2069311504.8465774, 2336402070.289171, 2254188859.996194, 2267262146.703555, 2297006229.8741326, 2156096017.513089, 2063237323.1342244, 2164819534.8066998, 2186049321.9120092, 2227788694.3272743, 2271321091.9994, 2154990947.24961, 2100446245.5283303, 2192730310.033427, 2263554998.4004664, 2269744016.945109, 2226313077.6545897, 2205942621.9630632, 2226883100.4767904, 2224028857.2688427, 2192431457.998738, 2053165343.344169, 2215885136.7184763, 2203912529.0066576, 2200406170.3977423, 2189157140.0617833, 2187366462.2941985, 2092439830.5223076, 2230048234.199356, 2216047938.554396, 2201044501.421248, 2274032470.3695664, 2176197941.3561845, 2029672822.2870438, 2140854318.4170346, 2272727512.216633]
[2294518571.8621955, 2149271893.8717966, 2167551076.7059526, 2174476107.7052584, 2101743220.5372276, 2122093849.2895668, 2157355347.288413, 2168451982.618886, 2057453736.9444935, 2158225318.155717, 2146715303.791874, 2086015588.3388762, 2241816617.286337, 2145817969.7399373, 2069311504.8465774, 2237365380.0956473, 2233152173.7131357, 2225795107.796982, 2297006229.8741326, 2105569848.6023421, 2046520313.5237796, 2138394638.21456, 2146941120.7152913, 2192119524.3209867, 2190517087.983427, 2132249855.1741676, 2049166384.5011954, 2157113313.7301, 2132924337.3514705, 2260240197.529152, 2214378081.303962, 2165644310.8206263, 2221188408.569139, 2168614554.269764, 2141457513.8298259, 1968623609.3448517, 2172593647.332416, 2177538748.869335, 2190906296.652734, 2180807598.925308, 2156406603.0187526, 2040962946.024725, 2136768396.0792632, 2139771219.962738, 2153311570.561987, 2224786773.6200757, 2125403910.6158357, 2029672822.2870438, 2113435834.6614356, 2221318640.974838]
[2185518001.808236, 2034641251.5481315, 2125796199.614077, 2116172162.1330447, 2079682479.6629682, 2095455608.585413, 2071200749.0798023, 2115312513.1075473, 2030004761.6212356, 2114446147.4833984, 2132196643.9921882, 2071109041.7606068, 2172348020.1138935, 2084490237.601129, 2047046459.8941512, 2236147551.198139, 2183105497.1249347, 2121417756.747031, 2253956629.698806, 2086614194.4597888, 2002096625.507069, 2126300468.3517838, 2135641072.2509007, 2074558305.2020931, 2162707398.306953, 2096253944.4306717, 2006943481.750423, 2138096326.1699657, 2122222026.320898, 2211871600.924527, 2160314788.144474, 2160791668.351808, 2183834615.9544787, 2140743146.2003295, 2122743595.9245586, 1936856893.1648464, 2126968837.3769538, 2126964852.3874192, 2139198423.631351, 2076323602.026881, 2146662479.8204198, 1998346987.876494, 2131532986.373986, 2109053821.5184352, 2137303809.0069034, 2195798534.9323435, 2100411814.251281, 2010733339.1516724, 2112384085.6120973, 2138207501.022189]
[2119464759.806786, 2025081946.915707, 2078231656.8154335, 2107883318.0322273, 2063729843.4321327, 2085569038.7069194, 2015123652.0805926, 2076261742.541494, 1991899427.5271983, 2052706459.4275253, 2080960991.4858806, 1995363455.0558205, 2127723501.6370845, 2059092913.8708668, 2047046459.8941512, 2199738379.323985, 2099892812.438985, 2094697877.496837, 2216417861.4292626, 2048313386.827591, 1939804660.443957, 2073067194.5338273, 2105893545.3326988, 1994862288.637647, 2126316347.3994923, 2064832823.991759, 1985259687.009421, 2097480274.5761955, 2096645966.7655258, 2148591032.045808, 2133524048.2683501, 2116994590.8869202, 2175258582.849493, 2115412362.6681838, 2117758163.109911, 1889539962.9313798, 2080574966.1376312, 2077186448.6767998, 2087985626.5379176, 1984258739.79417, 2066415722.2006168, 1946554855.655141, 2092158899.3029182, 2103651516.9168606, 2132191959.665757, 2124360636.5548985, 2010851155.1448624, 2008861851.119994, 2057153869.1833978, 2120839549.8261712]
[2097204594.0735335, 1934540595.255014, 2029366630.8471153, 2088950538.531948, 2020204575.3889244, 2075692528.3305995, 2009302426.99828, 1995345617.5624824, 1959691563.4688156, 2051182446.8553157, 2036488109.321272, 1972409767.4887536, 2071718415.533495, 2003924891.3897598, 2029983284.5298455, 2171542166.4383297, 2019534941.1663647, 2058020859.368672, 2198549364.6656747, 2009672847.11176, 1904352657.9437509, 2043660919.470134, 2086648663.26898, 1992014404.351995, 2073107162.7005913, 1999711952.0708168, 1957925578.6374898, 2089006690.7520843, 2047162800.1020024, 2107466146.8770757, 2131573796.7200146, 2079354073.3181472, 2110658908.407076, 2079435282.5270019, 2059569265.4202087, 1871303029.2521255, 2070485006.7038155, 1995622454.0004506, 2018936392.937247, 1938718452.3733547, 1981858368.9262376, 1944423094.4667096, 2066343959.5856209, 2085335692.9689746, 2131840452.5597534, 2069155020.060267, 1986016504.7172043, 1945582430.122485, 2010597175.8664565, 1971272834.1672664]
[2076733207.7179084, 1920122745.766108, 1950360556.8744273, 2020425190.5665462, 2020204575.3889244, 2031807741.9954638, 1924796016.3092365, 1952184487.8780715, 1889567792.8308215, 1959384587.339267, 2000815967.1578286, 1925945027.0067744, 2011640847.7972093, 1990771911.27984, 2007586367.2292888, 2158713657.813842, 1986214952.242435, 2004387984.1248944, 2156096452.4787025, 1942986987.2127132, 1818959888.9100266, 2028784699.4909012, 2008547415.4860904, 1965109190.998732, 2016212383.3582013, 1999711952.0708168, 1927616799.2273624, 2019057587.1467404, 2022827959.6700673, 2101421145.0976233, 2110585724.7330747, 2073253109.5864968, 2015687363.655288, 2011559075.5163174, 1992583878.0810475, 1828800721.0557983, 2012204549.8749986, 1956370183.9041152, 2000652823.3570294, 1903032939.1715024, 1900633343.5006573, 1930183862.986403, 2037345446.774667, 2076932550.494115, 2065335460.2007232, 1984394820.7097962, 1979167831.805806, 1873137991.3620179, 1965513011.8744712, 1940944959.0012767]
[2065725129.4755795, 1908282098.3496804, 1930358116.4766068, 1987961379.887291, 1998574354.5481925, 2030297399.4610143, 1855641765.6370997, 1924034903.6507118, 1887058281.787408, 1935668997.8936486, 1957244007.857053, 1907145582.3850474, 1980670495.1146302, 1952536317.8397305, 1940360475.265473, 2137092883.413835, 1937732254.9725063, 1934342950.5904548, 2047407853.0343432, 1942986987.2127132, 1818959888.9100266, 2005419136.7515895, 1907774756.7692719, 1898794353.0012727, 1918223221.7410836, 1954777001.2793908, 1905440672.4402614, 1911063281.3724313, 1983355052.1482358, 2068758164.4533992, 2075107243.2588813, 2012045877.0681427, 1944160250.4940522, 1989659549.6197124, 1966582157.8970692, 1775810917.772122, 2003915914.6525185, 1900258513.5122948, 1954792065.7254357, 1858820195.503142, 1890292818.0229537, 1908110703.2992759, 2015301218.3008785, 2037211803.7011733, 2053686478.5553424, 1960025970.1481507, 1947966757.33564, 1851398770.7451806, 1892598129.6713455, 1897966148.4826093]
[1965618106.8962066, 1908282098.3496804, 1908511664.58815, 1985527626.1705341, 1926664487.94841, 2026127200.4128108, 1853604878.4934325, 1916443347.9518542, 1878570856.7420204, 1874608230.052766, 1905542081.028316, 1869412710.0440335, 1908186320.8243325, 1949282897.5098662, 1909054318.4704475, 2092141623.8893623, 1894025913.247435, 1859179545.105133, 2002502863.1565201, 1869813815.8298805, 1737279946.3486106, 1959601221.8730137, 1886279467.9394288, 1891942576.498581, 1870471382.577465, 1924989911.566599, 1858387669.6067505, 1856023339.2103791, 1970194812.6058059, 1997502025.3291569, 2036200634.7160046, 1976356775.575316, 1912380714.5046031, 1846791446.3999581, 1898105511.5146928, 1774497466.7508113, 1994190222.994699, 1881996481.190745, 1933297117.0786095, 1851300483.9973094, 1860428030.9692874, 1879696900.6642308, 1939848096.6919289, 2022669080.6224303, 1989956031.8214447, 1959681204.4652429, 1826499198.119278, 1846883997.8732057, 1888122512.1729007, 1893146122.0697904]
[1919835470.0999107, 1880661191.1234696, 1892161435.6280124, 1941631896.4278831, 1918411846.7825303, 1929215973.566579, 1767005630.6735454, 1892063312.138495, 1878570856.7420204, 1846006393.7413585, 1891511713.863877, 1848407260.1480834, 1903408067.324555, 1884149728.976878, 1908247549.8429554, 2043888654.6147294, 1819782686.2211175, 1817863243.5771286, 1930943766.9035466, 1869813815.8298805, 1710716707.9497187, 1947032577.2283566, 1823669865.718443, 1889866496.7874444, 1813839097.3507614, 1866732347.1999497, 1815137084.6104362, 1838242144.916066, 1902285882.581325, 1953047360.5809026, 2002536362.1532998, 1934152304.104622, 1868938571.459085, 1834592666.9448833, 1887300719.5002644, 1733887117.6630313, 1957242027.8163319, 1869107234.158636, 1894470881.9389768, 1851109099.5562954, 1856773224.1033828, 1845048920.989531, 1923006286.0804935, 1988217289.100409, 1962233978.4522552, 1926712174.1011238, 1803555201.941584, 1781871897.0942378, 1839690942.0491486, 1893146122.0697904]
[1865884570.805643, 1854011304.5695558, 1890583938.0567806, 1920754812.901437, 1874589746.1963966, 1894588551.3980803, 1757385046.176854, 1856450859.2798603, 1878570856.7420204, 1834046757.8583615, 1877136191.7803879, 1799988010.9886098, 1865234123.2225373, 1848505099.6419532, 1870073323.6421528, 1949665144.6902664, 1792661127.0304177, 1775753211.9908288, 1854394776.75434, 1841615723.8030102, 1668441572.5640142, 1936867137.3644605, 1819384474.0919597, 1869528980.0960464, 1770315540.4201055, 1785290104.1263344, 1785508243.5968196, 1803314608.452249, 1872161853.1249003, 1838011653.7395282, 1965504411.2696865, 1855777746.8886743, 1868938571.459085, 1834172701.9797254, 1878264581.1964836, 1686098923.2679708, 1933704641.703097, 1864995328.0247943, 1840090190.5117974, 1809033246.7855313, 1848262064.364423, 1845048920.989531, 1844810973.4092069, 1939070863.183519, 1943957016.0993671, 1916737571.1372085, 1779206259.6123161, 1781871897.0942378, 1832382052.516194, 1868331084.765098]
[1833308896.7565694, 1784613882.8263435, 1890260059.9762845, 1855989121.67691, 1798103163.0650067, 1870798010.91501, 1757385046.176854, 1802799661.3639064, 1859124237.0577722, 1803765450.7015407, 1820951354.6592674, 1791356533.2762878, 1795462344.692279, 1844098031.0898716, 1861147822.1517005, 1915951869.418867, 1689030075.742431, 1738127828.5961537, 1833273679.20793, 1800614522.163794, 1668159720.8368182, 1861878688.1262627, 1814430406.439748, 1847642172.3393505, 1770315540.4201055, 1760003791.5832183, 1769184499.855395, 1770981919.7848172, 1845564486.016407, 1830096952.4305434, 1918256924.6866245, 1855777746.8886743, 1838271717.303739, 1833417345.0545082, 1855575887.9874294, 1670664108.8059118, 1899587341.7127652, 1841730961.2149959, 1775692955.362598, 1768390883.2618828, 1809544090.981004, 1832997643.7868493, 1802971130.1643188, 1843527604.1089206, 1915997611.4585426, 1880892271.7729115, 1769669074.1341248, 1757271997.7084937, 1770921308.4772556, 1838747737.3672872]
[1800483864.065831, 1702852237.3610628, 1878522397.119683, 1768601070.9534717, 1798103163.0650067, 1865020198.0777283, 1734409309.348906, 1771754075.7639217, 1792523088.109996, 1769266200.1303303, 1779251289.088248, 1731941437.8944163, 1795008090.4517732, 1804605044.459516, 1833701298.2107606, 1886811036.1102738, 1665604438.573146, 1691657117.1062112, 1810333509.8348813, 1750665218.460104, 1661878608.116964, 1835902682.896218, 1790365751.7456024, 1815741767.605085, 1699751250.424556, 1722007214.3780808, 1746750230.767887, 1729810664.3470097, 1835612393.3570023, 1810273219.048682, 1894457690.51893, 1855777746.8886743, 1782796316.9322197, 1778813983.379753, 1829440210.1639106, 1664304616.3105311, 1885293203.6979833, 1803297102.1204216, 1723932514.3305233, 1733047043.3075771, 1792859775.5237064, 1814221343.030283, 1763305946.1869655, 1837387963.9145958, 1834141157.747181, 1837093950.1089249, 1746344642.0111015, 1714593410.4503062, 1762253260.561442, 1777163977.13894]
[1798156597.0296204, 1702852237.3610628, 1849222958.7698708, 1721752623.01574, 1781246676.3966095, 1797871471.39858, 1703462591.138534, 1704371676.907384, 1790874873.7844758, 1738973135.5758128, 1756732908.133021, 1716844160.4065924, 1793491945.8002143, 1790858487.4833367, 1777954658.6843402, 1868744935.8455906, 1649595824.2332258, 1691657117.1062112, 1758339878.4979331, 1731409283.1042771, 1603959412.3012955, 1805135186.9663823, 1768878261.9881492, 1775575964.2923923, 1646248763.7173977, 1670083602.834995, 1746618197.9818969, 1666514013.490744, 1801417423.8378139, 1778539513.1373997, 1841285045.6507926, 1854025255.8764014, 1747685106.302297, 1751632493.3850663, 1804029877.1285293, 1546470036.6257968, 1751554218.292319, 1742212103.017735, 1708561468.4804747, 1688860293.0097253, 1766649823.125143, 1761433675.2499313, 1716451043.0674148, 1801636376.7930977, 1777590189.0333514, 1817682368.3844597, 1714388591.712277, 1692991116.2698054, 1717011624.3021502, 1739494812.478836]
[1775393344.7279751, 1664926022.6601806, 1835325939.5350788, 1668600458.7574005, 1739585549.6362152, 1785486523.6927464, 1701277563.683779, 1659567702.602331, 1739372400.827683, 1666739224.05183, 1751473532.1153717, 1702950220.7723584, 1742460935.387568, 1766590791.1642876, 1729897730.8716545, 1802033658.660113, 1649595824.2332258, 1689473662.7337065, 1750381953.203584, 1712776995.1996315, 1571853903.6960795, 1763383561.641407, 1764831440.9554214, 1746220237.975533, 1627396612.5959742, 1669623244.1188676, 1703521663.6746569, 1637846478.452766, 1744881332.5416725, 1771019171.3780086, 1793191827.3095734, 1827136564.46827, 1742110331.628704, 1680888106.7645905, 1775096423.9607482, 1546470036.6257968, 1751554218.292319, 1728896366.095573, 1678076820.261757, 1665116969.3094354, 1670730336.5502996, 1729832815.6988933, 1677825688.8400233, 1791709833.4085438, 1777590189.0333514, 1808133936.627206, 1688750904.7375066, 1679643063.7911153, 1654355843.9128187, 1739494812.478836]
[1775393344.7279751, 1633951499.18988, 1770207533.3383107, 1653160482.266116, 1687457547.793637, 1733252730.9350307, 1636832448.096306, 1605345260.5453422, 1636610449.1384902, 1642907896.358235, 1735691411.4405136, 1642151861.0187042, 1682715144.4657006, 1690786393.428697, 1658630950.843576, 1767342145.4173298, 1616435953.4763026, 1685068940.9466295, 1697938531.8956451, 1682655485.2688031, 1571853903.6960795, 1728120049.4867225, 1720661322.7785544, 1626159628.982304, 1565708093.9820092, 1669623244.1188676, 1686703985.3135087, 1584879640.104426, 1670740383.3718865, 1738232069.7905583, 1724704871.834507, 1798673802.3816612, 1695852723.901169, 1608283916.827085, 1771421548.0774693, 1533922001.4262738, 1735822017.1810048, 1648710303.7079165, 1659920846.4935665, 1664061982.3779092, 1618536504.561644, 1711209720.117916, 1677825688.8400233, 1751411370.2714043, 1747783598.7562103, 1749680986.800544, 1650654684.3798852, 1621686407.5290878, 1638372404.050027, 1739494812.478836]
[1730785381.7898383, 1633951499.18988, 1680720323.5703034, 1642174544.0817974, 1656796472.234476, 1675012218.8320537, 1605939452.5007038, 1578905748.8522973, 1614852564.2545907, 1627891330.9327192, 1683875264.1263182, 1593925001.1405172, 1646172210.5358162, 1645011566.2271712, 1612864836.128254, 1757194358.7772262, 1608630456.4792008, 1679279828.2193966, 1648105055.8059244, 1668127000.6439655, 1495821658.8054512, 1702678718.1955187, 1686279392.6194704, 1612965246.9286163, 1559999395.4342637, 1643135375.8496518, 1681696490.3881967, 1573280528.4941676, 1665124091.29024, 1657474594.4366403, 1708542495.6290684, 1796413336.1613986, 1686752987.5248742, 1576596184.9861329, 1701241075.4437053, 1533922001.4262738, 1693262414.8401911, 1614271477.2389941, 1644353496.162887, 1651159799.459235, 1598808115.1056972, 1619381380.2853029, 1633936686.0794692, 1751411370.2714043, 1720870985.960752, 1731748959.7251873, 1644130261.7965512, 1597676567.2931542, 1572413619.819168, 1738732531.4461513]
[1699397830.3651385, 1545156713.0056825, 1656920489.635094, 1628176886.849629, 1626670205.707292, 1602185591.9889262, 1605939452.5007038, 1555297666.7393007, 1582556166.8407912, 1548729110.6646943, 1613275023.4276927, 1563375864.5450032, 1601658865.3820567, 1588164947.8340955, 1597273050.93806, 1744358167.5489097, 1585220494.3853416, 1656617176.991202, 1617590336.697897, 1609357865.4467325, 1482387806.4239068, 1690600237.6350975, 1633309461.1185405, 1565037738.5525455, 1544736684.770082, 1601989906.4914336, 1645715032.2237728, 1573280528.4941676, 1635806670.8323455, 1621307941.3418808, 1662637015.3810558, 1665478355.2287397, 1656117520.30724, 1535566749.9152286, 1601081679.4061277, 1489842457.0914302, 1686120358.9689612, 1537835967.244677, 1627310252.422909, 1651159799.459235, 1581565226.994824, 1582378782.3913863, 1618294983.6284916, 1710189721.2146616, 1709992841.0923724, 1731305585.854065, 1619110090.071465, 1588034605.9395237, 1556571730.462278, 1720107464.8052437]
[1539730868.7589643, 1538079820.6345625, 1605943387.44995, 1598723738.4969704, 1590058909.2427135, 1596612128.0404267, 1600877143.5726135, 1537382413.1017954, 1566393666.91814, 1548729110.6646943, 1557971640.823237, 1550697597.5691037, 1593550874.9107146, 1532658441.921575, 1586742052.6855721, 1727638570.8012109, 1578559644.5363312, 1611045251.4871569, 1568402817.148272, 1572898773.9647462, 1422730698.3770013, 1680562394.6642606, 1607195434.188313, 1475527937.9052181, 1528950569.1466813, 1595569877.7192876, 1632178904.7931638, 1573059007.3793242, 1605723450.6592596, 1595655869.920871, 1621053326.540337, 1629325768.0257354, 1584088420.1515684, 1535566749.9152286, 1601081679.4061277, 1488582313.7300048, 1612079487.9760711, 1504795674.9018502, 1627310252.422909, 1616132869.9848926, 1577192685.1909704, 1569964566.3177571, 1595025776.6759152, 1675930597.3977594, 1657762070.7104125, 1699128997.365457, 1617915055.054316, 1534819492.6409965, 1546965898.267704, 1695210017.964076]
[1492985748.0628526, 1520667103.025612, 1561284372.575275, 1582436158.412876, 1567909013.0852838, 1555817357.8585393, 1594600534.7251825, 1537382413.1017954, 1501675407.2419474, 1548729110.6646943, 1532884013.7050433, 1547884991.702026, 1535224167.9738255, 1516607554.4464025, 1572570895.5309844, 1622294640.4674716, 1568078467.6588674, 1600920125.319434, 1560776240.1398635, 1566554139.5677066, 1360532713.4666617, 1675327934.9521165, 1600112972.3736236, 1468673608.6302407, 1509984711.1850853, 1587558068.8697171, 1568027572.4417412, 1507584648.936186, 1490929253.9022844, 1540176064.6603599, 1604711357.2211814, 1590691871.7125707, 1558291331.3571954, 1533716793.053771, 1601081679.4061277, 1482896190.3161652, 1595621487.9381976, 1447762137.0648122, 1569902887.808387, 1577380897.0630424, 1567716543.4205396, 1554688365.5658169, 1561289885.6998851, 1664956507.8173099, 1633838335.9717002, 1681430206.4483712, 1597795538.951949, 1483421208.4791417, 1538986838.1987004, 1637880939.0944703]
[1482773688.0256724, 1519878604.8712733, 1561284372.575275, 1570231704.1296568, 1536575000.134665, 1533753455.1922324, 1594600534.7251825, 1527832089.5569835, 1485712185.0326877, 1541231424.8181114, 1532884013.7050433, 1530552690.946744, 1530564592.134238, 1493809012.628038, 1509873775.8405478, 1614286683.4161973, 1547388752.5886312, 1543626876.3971817, 1547203865.2024646, 1524326883.6602893, 1353842119.2751763, 1664397435.280841, 1564193227.4720802, 1463177125.8631654, 1494047678.945483, 1551464329.3471584, 1557374017.7065685, 1507584648.936186, 1445398884.973572, 1505256530.754924, 1580546298.4421039, 1554378834.9908454, 1531888065.8794534, 1516757894.561657, 1582555331.214827, 1479453462.9163845, 1556774404.3503203, 1420470495.366922, 1566557025.541917, 1577380897.0630424, 1540820465.480955, 1553661487.733314, 1504428210.803028, 1622068396.6807616, 1560598586.5434563, 1615949772.3034744, 1567101167.066037, 1481474416.1739635, 1521171348.813544, 1623963955.508643]
[1482773688.0256724, 1463807857.889401, 1509261525.8974109, 1541439294.3001444, 1511613208.5633254, 1518889543.474885, 1580633645.3671694, 1488925323.1891103, 1462509694.2252254, 1497095313.393309, 1486093417.376265, 1516373192.6804764, 1510433479.4319587, 1471150475.7350826, 1462103171.8556423, 1605606786.601867, 1531227380.5838547, 1514304565.0393836, 1455043222.7527332, 1516680044.8704379, 1351344044.8984616, 1662197389.6552215, 1547970176.0926082, 1459961276.61888, 1476905678.6979325, 1527174485.175855, 1557239909.3424973, 1490363180.2969813, 1439991689.8634617, 1481571985.1013465, 1522588625.2649984, 1543855028.2858295, 1523697956.3359983, 1479513607.361103, 1566640308.50658, 1474402626.5057428, 1503733394.4208586, 1387814681.0176692, 1535656832.4927292, 1529877076.1353137, 1528663943.3934045, 1520656407.8887603, 1499385821.894743, 1587349120.833013, 1515200386.5821357, 1559047461.1474156, 1501078863.887462, 1441260812.9297476, 1488090533.253494, 1548093877.7361953]
[1465705170.9173913, 1448799577.2430935, 1492960256.4779983, 1523366730.190641, 1511613208.5633254, 1508577494.6892645, 1542351723.7642746, 1440340229.3386188, 1424034773.730144, 1462440466.6189208, 1456328817.3485997, 1504808952.8698506, 1460154172.2285728, 1471150475.7350826, 1457324537.5937397, 1578205339.056107, 1527893976.292024, 1487527748.9980922, 1451611132.4125085, 1516680044.8704379, 1347599623.2330832, 1645612804.4219565, 1509207352.0692856, 1436345551.776158, 1397302247.9477434, 1475743090.2849107, 1530835231.946311, 1476733415.3167336, 1422881968.822987, 1468272858.9896607, 1500001278.3637044, 1516237822.3866234, 1497258519.4498363, 1472693072.127636, 1501822070.6091022, 1461964359.6557765, 1465572254.9763808, 1379739653.837066, 1521882833.339194, 1484694080.6871417, 1473044347.1435716, 1486866669.8463287, 1489977721.290011, 1517907044.7068775, 1452509088.9944558, 1512443095.0324244, 1479181308.366682, 1406684484.3716152, 1473631164.4025843, 1548093877.7361953]
[1399989373.7745662, 1429902823.7364802, 1428451944.5853758, 1493805149.9742782, 1510278616.6590228, 1457823169.495457, 1506194043.2533233, 1423521262.09966, 1361869441.857158, 1452740074.017301, 1425809967.021117, 1459658440.8325152, 1451219510.9963024, 1453684726.763995, 1445490079.6765313, 1568383919.78604, 1505277767.6395779, 1486539583.8146622, 1381758981.2103715, 1516680044.8704379, 1341351744.9626508, 1625644085.4319592, 1497274379.4147253, 1429300158.3662312, 1351358995.2326481, 1447787347.9487681, 1494575177.0356925, 1438203716.4964128, 1354655178.5226672, 1453621245.82785, 1484928745.3708692, 1503517830.1717458, 1475243358.6305304, 1472693072.127636, 1497896253.4467258, 1453763305.3857584, 1465572254.9763808, 1345963608.378876, 1467391482.8798668, 1481956892.0892296, 1464364713.279177, 1482052418.991136, 1467803571.0018392, 1510882263.359421, 1434608611.2556148, 1491240436.5434139, 1450094099.8658726, 1399991855.477978, 1439314971.6155472, 1532218899.124329]
[1383638475.6703384, 1429902823.7364802, 1354603571.462392, 1472729141.8757088, 1476579581.5756934, 1452755141.9653642, 1500328950.7012525, 1418531200.616524, 1343943908.8285491, 1439497388.3532221, 1418369560.2653453, 1446419488.9992337, 1449951024.276786, 1445304037.5962696, 1441460776.70705, 1522400033.63656, 1491511323.5558789, 1474077786.2025075, 1377629933.1303172, 1502063854.6797385, 1316205361.9355054, 1562447246.9601495, 1497274379.4147253, 1388805390.9063773, 1348557409.5302691, 1447787347.9487681, 1477224979.0521867, 1416221945.4386427, 1354655178.5226672, 1386588774.610581, 1452410463.358268, 1490877183.7875378, 1418925608.558068, 1425088015.1281312, 1465252940.274456, 1444361884.1573622, 1465046884.6455042, 1304707714.787049, 1428906285.6352458, 1467314442.9032502, 1417815006.0669591, 1451680764.5663264, 1442988442.0907245, 1484774977.3771505, 1397321116.9406323, 1470978283.262566, 1444576374.1820571, 1371377263.9670413, 1429920365.3392818, 1472433166.5553744]
[1344749786.7876408, 1395322327.3677201, 1322719098.195704, 1468781814.3814132, 1402536061.0090635, 1450066192.3951895, 1470631664.7384834, 1391247080.789357, 1332282714.2778409, 1423241687.603127, 1373564113.9198456, 1436932709.805402, 1442070878.4862912, 1419806603.457996, 1439938464.6117463, 1485068346.767923, 1478799921.1945772, 1468143930.507628, 1328698891.5680635, 1462054955.688066, 1316205361.9355054, 1511287607.9344394, 1490766047.7699394, 1369919430.7678273, 1311409109.096474, 1404969268.5894182, 1429970828.1430285, 1386715492.1667724, 1343940136.9622078, 1381751924.0681682, 1441000828.1743743, 1444008253.7570326, 1391943076.2381186, 1385383533.780859, 1430771267.2912717, 1438868655.5208726, 1445775480.1978574, 1288863546.4765077, 1428906285.6352458, 1458862532.8830674, 1358960824.8185494, 1438458725.6268227, 1418779572.7544181, 1391852153.9574707, 1382354430.4088225, 1457135359.3065562, 1418179770.389196, 1359741051.3551047, 1398338618.7796845, 1439762000.8253412]
[1335370268.6896415, 1381213188.6933992, 1272702788.7523513, 1430754066.0294368, 1375952025.424544, 1423907976.7509775, 1462588306.470261, 1359617337.7226167, 1290661001.11619, 1395351958.1315742, 1301780751.5787647, 1381993533.2124205, 1394133361.3358994, 1412704116.0931034, 1379711220.2888062, 1463532160.8252828, 1471539020.471285, 1433447150.2114685, 1314472092.3936338, 1442875096.694334, 1295035221.0100322, 1479090776.2257822, 1440549327.857007, 1346853831.1814418, 1311409109.096474, 1376416993.3017592, 1399334122.450267, 1337086638.3836844, 1313570767.829812, 1360080764.95872, 1429998828.8500113, 1432629423.2779813, 1353329024.916632, 1352740503.3072894, 1374441169.5577025, 1399210543.310192, 1426253184.7463653, 1264292722.3595123, 1402897162.8967862, 1393196755.772006, 1326827502.9760633, 1404191338.4279294, 1404423197.4526815, 1305353801.8547254, 1345236017.56059, 1405143679.9741302, 1379834525.206128, 1346355676.943219, 1392503908.915587, 1393990984.2760289]
[1320393762.870369, 1381213188.6933992, 1268651655.024776, 1394674386.472528, 1375952025.424544, 1419044109.950757, 1423428137.4107566, 1318516538.7596493, 1290661001.11619, 1338143549.260164, 1295391196.1761768, 1351913391.7957737, 1374505489.472299, 1392107284.0595813, 1379711220.2888062, 1452494248.1781864, 1421388360.6933184, 1360270001.9143493, 1314472092.3936338, 1429554521.2083378, 1287028631.105656, 1430968009.944859, 1402361025.3513007, 1346134477.154405, 1298149968.4132957, 1358447093.8930526, 1366372605.8405674, 1320647134.4765387, 1307534495.564052, 1314324744.854117, 1389466241.9083467, 1432629423.2779813, 1349535069.043221, 1334398725.8683171, 1374441169.5577025, 1365389350.4709263, 1418728056.8058372, 1232372489.3171763, 1364631081.7292705, 1362167977.1180441, 1297364577.479652, 1381658129.379759, 1397830750.3016226, 1305353801.8547254, 1326801396.6371, 1405143679.9741302, 1317893508.5463223, 1331395368.7591522, 1372861573.119897, 1366496212.4194274]
[1277456176.7243376, 1355647073.2807593, 1268418732.9285686, 1361388570.1025453, 1314694960.9404435, 1418827535.0700917, 1410083391.098321, 1283975385.9950192, 1273482406.916005, 1324487280.5310273, 1271307607.907566, 1349248767.5223095, 1336819418.8355594, 1372475380.6816995, 1378278754.0629077, 1432706059.4654908, 1363135766.72588, 1336666526.558511, 1302151456.5163183, 1429554521.2083378, 1234158211.3254552, 1402328326.5216343, 1401590389.794381, 1346134477.154405, 1293079354.9902797, 1331908426.299744, 1331778359.7222419, 1289752830.5479126, 1291111142.571138, 1301390942.7452526, 1383244087.6008446, 1410464052.293497, 1293462601.2841568, 1317627582.8759434, 1338053211.0295098, 1336158798.0462012, 1392781946.8898318, 1208289832.9679475, 1348212071.7506037, 1332924580.8436542, 1277817922.469935, 1312527824.455952, 1390369100.552174, 1288033950.645209, 1283835385.6079292, 1383923792.5425925, 1290619605.2511516, 1318900422.280073, 1372485680.9201205, 1364543081.7733252]
[1225648445.0770595, 1355647073.2807593, 1259982111.2427585, 1351258119.7974167, 1305547576.0787888, 1389141535.5457027, 1402698072.3439085, 1279673449.830765, 1256805682.448412, 1319988336.0205586, 1265071799.654364, 1281366723.5276027, 1321922468.2807992, 1368646836.504684, 1374649172.9383872, 1425713391.3011165, 1297922781.3550558, 1321957275.8968034, 1268461420.1425967, 1376118293.278269, 1205166176.5492516, 1364998697.0310934, 1351479656.9543958, 1346124881.3264496, 1285979053.6889648, 1285749549.7305348, 1318189100.7252455, 1289752830.5479126, 1287803482.8079817, 1288214662.891552, 1383244087.6008446, 1363301646.2057126, 1235243351.2428713, 1294814224.7329335, 1284858808.9865298, 1306748190.189415, 1361802795.8551514, 1186533114.4298277, 1344251890.9940624, 1280691208.6101987, 1264404890.9493923, 1293229857.4021087, 1356848587.5277834, 1287836336.06622, 1250217753.0870833, 1369673327.2981544, 1267676485.7019773, 1317491884.4494429, 1341719375.4253535, 1339536849.5395837]
[1205871937.7436182, 1315020552.5812516, 1255861893.6474957, 1300692938.2809908, 1300872637.9299579, 1377609941.6578376, 1345290202.9282012, 1277764055.7696707, 1242385524.7181325, 1291604654.2574651, 1265071799.654364, 1265700822.9822981, 1285009574.518587, 1332863698.6099334, 1372375469.264079, 1391679177.2712376, 1283293437.327398, 1263724198.2275047, 1234955550.7926073, 1370077861.559793, 1178076942.4659123, 1316251149.5158215, 1348721206.8594205, 1325644176.9211075, 1271093559.5472305, 1258560719.0732963, 1314064428.4554255, 1257676937.7961211, 1287803482.8079817, 1288214662.891552, 1378953762.36507, 1338019817.714728, 1235243351.2428713, 1266035131.1780076, 1247031726.7251334, 1256829399.109784, 1332134577.3535094, 1177996456.0601687, 1336089138.2947655, 1260598282.8481252, 1218795761.3560522, 1277724701.0767937, 1311827551.6674795, 1257125934.9231772, 1239522672.5507228, 1364406707.4713664, 1247840764.981862, 1296223641.7805707, 1341719375.4253535, 1313496391.3332713]
[1189289311.8717828, 1304650781.8396866, 1243306091.5977128, 1249097676.374096, 1286363569.286294, 1359831857.248548, 1334070624.3099587, 1277317269.4980729, 1237900016.101934, 1265411633.357469, 1265071799.654364, 1241537948.3791263, 1272582642.8655987, 1323773856.9392667, 1299084731.4641986, 1350505591.1541357, 1277123778.2823017, 1263724198.2275047, 1215068333.3890991, 1351273312.171581, 1176521045.9953377, 1308978090.5419774, 1297334329.382837, 1268664203.3573463, 1216241632.5281575, 1253277757.9217346, 1295665623.4002156, 1217096409.0595329, 1276707492.7196403, 1252686801.409679, 1354831546.737792, 1338019817.714728, 1235243351.2428713, 1266035131.1780076, 1234890352.3572469, 1222539096.4662051, 1309581636.9027543, 1143538882.8871744, 1334789829.4968393, 1216309026.6452813, 1205587443.5254157, 1237375225.6933198, 1311827551.6674795, 1253713795.079227, 1210891421.9055557, 1354930203.599189, 1191123266.8715255, 1283768190.9001431, 1298447158.9302633, 1290747341.26137]
[1172223886.7927125, 1250049820.0544217, 1234086324.0859377, 1236017484.2450273, 1259946359.6730113, 1322540751.5492702, 1330691286.9231212, 1277317269.4980729, 1207642694.4681735, 1199335154.8132615, 1242249705.3773212, 1227023098.0203366, 1264907496.0319448, 1284986851.6924949, 1275767442.1933846, 1343511807.5278149, 1229200953.8269603, 1263724198.2275047, 1213047615.0423195, 1295097514.052756, 1174929991.1877227, 1248618002.0211885, 1260739916.9213161, 1253342157.5184445, 1216241632.5281575, 1241272246.6396692, 1272419540.3234963, 1204347173.2413404, 1267668564.5441482, 1251666066.192279, 1344625313.8060348, 1309405580.1322644, 1204531714.7662935, 1244102041.1698785, 1222693516.7460742, 1217578466.9653387, 1294041530.0321014, 1143538882.8871744, 1300488614.528273, 1179077557.2999053, 1190623310.2328212, 1231094478.5423036, 1276028702.7321064, 1226221506.8552759, 1202343643.4031377, 1314222507.297071, 1180597829.6278222, 1239583735.2070107, 1285330335.7056398, 1283682703.8433256]
[1155595853.2333653, 1227191936.7855384, 1201124883.424319, 1224249879.1359935, 1246315282.7097287, 1272094435.2393396, 1296527005.1050277, 1216827491.717811, 1173530738.297357, 1188243229.3195176, 1220010642.934905, 1209745487.8645272, 1255481411.4885175, 1284986851.6924949, 1264575141.6746964, 1293419239.140406, 1201061773.273117, 1263724198.2275047, 1202873704.539021, 1270217079.478358, 1163230841.9529195, 1238056569.2494578, 1248614438.6876013, 1253342157.5184445, 1203390044.2982662, 1207825256.999978, 1261441497.4723964, 1163978543.7788992, 1256549182.4253964, 1243628051.3476284, 1327622581.0848365, 1287085099.7901406, 1188159409.2176666, 1222447397.1730905, 1222693516.7460742, 1158716475.1327302, 1271647671.2688942, 1141358185.8352761, 1255006829.5558026, 1156419179.64538, 1190623310.2328212, 1227565191.236963, 1274570666.9229176, 1207256760.5947661, 1192643215.7014585, 1285842339.516399, 1155989492.7516046, 1224377889.2228146, 1285330335.7056398, 1253413260.132805]
[1133042861.7017102, 1200163516.246829, 1192096423.1530993, 1205466604.2029397, 1246315282.7097287, 1272094435.2393396, 1287073340.913416, 1195071433.8411112, 1162288837.8599486, 1154511014.9318306, 1194342638.8664174, 1197170811.1933522, 1214700019.3771825, 1284986851.6924949, 1252476611.4728239, 1270756108.7235723, 1183873668.4016674, 1244562757.6073263, 1197121353.8965359, 1265397711.9596014, 1110591940.069486, 1189124421.4444368, 1237742661.1276941, 1250770820.2244492, 1184161593.4489934, 1207825256.999978, 1261441497.4723964, 1108359067.372795, 1233107277.384209, 1185485244.835811, 1302935433.9265344, 1267800675.4165764, 1144473850.927219, 1213180219.0152578, 1205842218.9837549, 1156806891.1960404, 1223482144.0109448, 1101809538.4218779, 1207903425.258311, 1141184405.9643161, 1180456825.260961, 1220907879.628205, 1261117902.7404819, 1201399329.0994647, 1178149305.3701177, 1258930468.8144505, 1150108349.3033497, 1189700390.981647, 1251212410.708301, 1247050049.9908118]
[1120627745.0844479, 1193619500.5604768, 1177170507.9411626, 1174959492.8979473, 1246315282.7097287, 1233876328.7503195, 1252597227.042648, 1172112270.4196982, 1149660937.8095222, 1134823419.0739627, 1183447336.6055698, 1174042222.0198886, 1209821304.596233, 1251396090.4877453, 1245493146.0985548, 1253257059.7211509, 1180383468.8543684, 1230639302.0322518, 1182508716.3817627, 1258907909.5035944, 1100025106.26724, 1157071958.0696352, 1214388034.7630525, 1221113591.1612122, 1174080799.2945678, 1207383743.7703586, 1227499651.1656065, 1099162716.4641786, 1225943864.8277907, 1185485244.835811, 1298845082.1974788, 1254582122.3684988, 1144473850.927219, 1181401997.569909, 1186821438.6553679, 1150290793.3753026, 1210273259.2650342, 1089826017.1756685, 1196429817.5327013, 1136153362.5469952, 1180456825.260961, 1203121346.065726, 1257259184.3301077, 1189307485.747965, 1176836475.0882754, 1255029709.0917263, 1121660889.3152122, 1173349314.805491, 1238533042.2493627, 1235949436.8285017]
[1120627745.0844479, 1178418208.961536, 1160875309.5502334, 1162680342.8490438, 1202341864.9607203, 1219358311.0892012, 1228286601.7896018, 1149522004.6025922, 1112790584.5328536, 1109638678.3767724, 1164454141.1516018, 1116587387.3823967, 1190385250.9756997, 1246759438.4676251, 1195147258.851238, 1239723451.8231144, 1177779669.2592196, 1221341572.4107728, 1149598635.154801, 1244594281.96092, 1100025106.26724, 1152872875.4951243, 1189981035.2304666, 1177293710.6864102, 1159735162.4123755, 1175617813.9632843, 1192194412.9609094, 1082171284.7819333, 1212565587.9005497, 1168507603.491504, 1291709024.4900582, 1233431609.3431857, 1131987018.0968575, 1181348320.921572, 1155067013.8574486, 1142907279.3414283, 1204831938.325318, 1087359874.8223424, 1192171951.4370503, 1131996200.9048054, 1139969803.0874796, 1203121346.065726, 1239935189.6109319, 1173077518.2276044, 1152491761.35404, 1215375743.2633827, 1107109746.488377, 1173349314.805491, 1208522979.375733, 1232699021.3508925]
[1099670346.4816437, 1168864556.6674361, 1160875309.5502334, 1145690810.7679121, 1179294683.7103486, 1198971636.6036227, 1228228333.7757394, 1129694269.8363256, 1063607505.3617818, 1106427292.1613905, 1129822871.4106793, 1103088016.7580466, 1155184509.1426933, 1225056099.868668, 1174059643.6933162, 1211228225.2506926, 1167195301.9001079, 1200482980.4947906, 1119062987.5760486, 1239565051.845271, 1092311356.7525303, 1116714609.4283097, 1169554686.7562664, 1177293710.6864102, 1135241051.2069545, 1156071891.4145246, 1143545940.3721051, 1082171284.7819333, 1169027675.479007, 1149342485.6234257, 1246701362.3048332, 1228371841.7469468, 1101283244.829813, 1132412930.019383, 1120734547.6872468, 1126189456.4864242, 1196754857.166779, 1072818155.4494699, 1185188006.9089007, 1130298531.178851, 1097960210.3714721, 1201792904.0623589, 1201045130.664414, 1173077518.2276044, 1130594725.8971457, 1174080593.0033982, 1107109746.488377, 1142492378.7616143, 1204595044.5675037, 1187181547.309903]
[1099670346.4816437, 1152253532.575683, 1160875309.5502334, 1131515760.7131214, 1161707972.8039575, 1176958215.5077775, 1216208388.4458885, 1043774621.6984415, 1063607505.3617818, 1065344338.9389031, 1125265334.5091908, 1100103914.457767, 1132440984.66064, 1172847789.3797545, 1163443764.1924329, 1169637264.1447763, 1148523683.0463557, 1190375403.1220212, 1119062987.5760486, 1208083733.457292, 1090839643.3778577, 1097276161.8563647, 1148767152.1159787, 1169338843.2352684, 1102007418.3465612, 1122359306.0460374, 1118054706.3461328, 1078737929.9892488, 1164040406.319574, 1141865691.985511, 1241515811.7515216, 1221332084.6861188, 1086790145.683174, 1066324553.7008114, 1096537603.9094334, 1119214854.5673227, 1177843683.0881033, 1072818155.4494699, 1123047002.6201155, 1126047071.2481961, 1088993236.4297736, 1149227898.1159713, 1169585714.8450756, 1152172071.3421283, 1126172980.9269104, 1169596761.6175418, 1081489493.7215893, 1142492378.7616143, 1199319388.3599057, 1184770501.732856]
[1060660775.8860762, 1149136245.4568403, 1151991166.76335, 1127710713.9173672, 1126973711.404855, 1135912298.2195108, 1161959446.786165, 1043774621.6984415, 1063607505.3617818, 1045275820.1188034, 1088283319.6895444, 1087137248.1813037, 1124000469.300792, 1162771807.6041749, 1163443764.1924329, 1169637264.1447763, 1147140748.340601, 1171172446.5146642, 1115878848.6025627, 1180811811.637607, 1082813247.8992887, 1069175811.8741095, 1110812141.1835914, 1133857354.4625657, 1102007418.3465612, 1102237137.397292, 1107358260.7928371, 1051751983.1456776, 1145432771.202008, 1127802714.7186522, 1220993949.5605457, 1220561836.7994208, 1049563683.883503, 1060003847.6405226, 1092128212.5370395, 1102103120.124045, 1161826559.4388318, 1070182030.3763365, 1102673836.454317, 1122169820.39819, 1086929679.868609, 1123799847.305242, 1165964679.4880912, 1151381161.3437195, 1121363240.3532686, 1156211593.453797, 1069907771.6573524, 1135506512.4300685, 1168212669.753141, 1159761591.7407558]
[1038818135.1955389, 1118687703.8511033, 1148824194.0337152, 1127710713.9173672, 1126973711.404855, 1125716777.725866, 1158509643.3230426, 1043443821.359778, 1063607505.3617818, 1038151748.60963, 1046550832.2555364, 1087137248.1813037, 1124000469.300792, 1126134242.294009, 1161136021.5210261, 1166633701.9580374, 1105951727.339994, 1153697457.6774209, 1115863851.881492, 1169922185.9777162, 1061515568.0060135, 1069175811.8741095, 1095608761.9708307, 1133857354.4625657, 1083712768.3252091, 1068553112.2873871, 1101020310.8907056, 1051725022.4129997, 1109282200.4662445, 1112547540.6469903, 1214994389.5939143, 1213751632.0843606, 1032392374.6679308, 1059926286.5540632, 1078559464.1658814, 1088032597.330873, 1154297916.0439794, 1050232137.8773177, 1051910106.7031815, 1122121036.4328535, 1086929679.868609, 1113947503.9277356, 1147805896.1202977, 1150223941.371262, 1112821852.2808826, 1124602769.569679, 1069314049.4061692, 1096279479.0235972, 1092375583.1060195, 1115316831.014784]
[1014980868.884695, 1103475551.1595223, 1128974717.5670495, 1098609914.9376183, 1122359863.0238001, 1117869708.467946, 1147640395.3962636, 1011377260.3288639, 1018954724.6305373, 1038151748.60963, 1035734695.778999, 1067501128.7273515, 1110398049.4055088, 1082065180.8878694, 1161136021.5210261, 1083985615.2799606, 1105951727.339994, 1137876276.6515872, 1093951323.7639668, 1142874961.511944, 1017482111.016794, 1054611051.3935274, 1074649291.635078, 1126063406.1315486, 1075569431.0381665, 1068553112.2873871, 1085062989.7908714, 1050963817.7662878, 1085044171.0412462, 1089984191.9471817, 1171086683.9517202, 1169407005.4910948, 1030948055.3686264, 1053901036.7868664, 1052518471.9673275, 1079437084.1240416, 1142858774.2595627, 1006876907.428888, 1041609510.0151354, 1091762336.2192483, 1086929679.868609, 1111812579.0336149, 1121045781.1943116, 1149073489.852721, 1112821852.2808826, 1079918722.0977216, 1015125383.6590168, 1063789965.217355, 1088997590.2263916, 1113745893.6784523]
[993807252.5382016, 1096480667.0953457, 1125491630.6379864, 1071101668.1748289, 1083533795.2649488, 1089455147.2665935, 1124808256.280911, 967410143.4713714, 1014167410.298311, 1028877655.6564745, 1027160211.3404891, 1066119702.6291316, 1110398049.4055088, 1033475044.6687905, 1132509221.320389, 1060108119.6644909, 1088679139.970227, 1098035884.6298313, 1066323360.4933068, 1138134062.4145885, 1007480376.1399441, 1035499961.8353142, 1066972244.6321481, 1119847338.9778807, 1063608016.294426, 1036799213.3219255, 1079483880.9970126, 1024318215.1315378, 1076789540.2831802, 1077214572.0498524, 1162797201.4256275, 1114070639.4431043, 1007856911.8340003, 1028305207.6568806, 1045042635.4545711, 1066710765.4383997, 1097433348.5109968, 1004594656.4011662, 1034589811.0662525, 1077893354.622668, 1079807292.2655299, 1087920789.2380197, 1098660867.950036, 1140502784.343266, 1112821852.2808826, 1070222360.9341066, 1013708880.993193, 1035473108.0203955, 1054662172.9508451, 1097565428.905352]
[986910183.3492752, 1066026578.8452199, 1108946109.930477, 1038234138.198983, 1065686728.7419527, 1089455147.2665935, 1120855763.8110335, 964331055.0093046, 996836147.7983875, 1018309947.9902427, 1026971380.9783154, 1066119702.6291316, 1087421742.9814296, 1027769379.0361439, 1107626720.7483184, 1041060693.9654932, 1088679139.970227, 1078931051.476122, 1010189183.5946496, 1074123150.3543458, 997270686.2451893, 1024516678.9297245, 1049242166.3086189, 1087285098.667294, 1048397194.4459127, 1005730139.5392473, 1077761678.0168343, 989279087.4723253, 1066688354.5808481, 1055472260.5542221, 1145113669.3748307, 1114070639.4431043, 966588904.0021061, 1013144943.5660576, 1006820309.320913, 1037159358.3712631, 1091968212.5545802, 1004594656.4011662, 1002866435.944856, 1057864776.4771369, 1056528234.9705089, 1076150587.4346018, 1083023701.0242286, 1139488986.1205897, 1109322838.9546623, 1007097344.7938007, 990790646.0914705, 1031284205.7282261, 1034341963.7620989, 1034202757.1699295]
[976338656.4678926, 998874612.3099725, 1102890692.964126, 1018925730.9627825, 1032016920.5600393, 1061033552.5086149, 1115065075.8578737, 948541103.5127872, 985547849.1306422, 1006101060.3101742, 1026277559.4165318, 1044372790.7782996, 1067701656.6341445, 1024080087.8284342, 1072365170.774834, 1034416058.8753049, 1061014403.6100712, 1046958485.9618275, 987044891.7928078, 1061136767.3999684, 970089937.3640833, 971162351.3901218, 1041785491.471948, 1071576265.367965, 1014312955.6212521, 983674376.8316491, 1068351568.0663818, 977438346.1999424, 1029169180.3092111, 1041298348.8815651, 1086912347.066218, 1101577820.7433114, 966588904.0021061, 977206927.922471, 1006820309.320913, 1020457902.1024996, 1084375644.2908072, 993088703.860667, 995260801.1015484, 1023929928.7946517, 1052454265.389568, 1072236884.1564738, 1048117466.6050279, 1132945482.4810195, 1079741971.5251634, 965672769.4994209, 971461167.4910219, 1011008503.9187477, 983397499.5583566, 1025206717.4211378]
[966683150.3705866, 970972428.7551129, 1075781340.840133, 1009318998.1264442, 974756260.7897736, 1056411745.7145321, 1101860376.7385583, 929022714.2357323, 982508867.4345413, 999182817.0488956, 1015593702.4539711, 1032528143.4262886, 1067701656.6341445, 999443473.3580717, 1050761709.0459919, 1029948099.614371, 1023456214.9027183, 1039465880.8367317, 967754135.1606697, 1061136767.3999684, 961297424.3992379, 946872746.1540293, 1019487907.5700057, 1016823365.9610262, 1014312955.6212521, 969699889.845087, 1015340280.1961933, 963542731.101478, 1029169180.3092111, 1020315902.5967067, 1083334531.184925, 1074509934.65369, 952838729.6680558, 963551911.4749212, 1006820309.320913, 1020457902.1024996, 1040595546.4700432, 991671381.8021524, 995260801.1015484, 1016101392.8449004, 1049266932.0997207, 1067813838.4689976, 1003885416.7715935, 1109849968.2202764, 1057630422.6777769, 965672769.4994209, 960861909.9793298, 1006328623.3937277, 930370680.5128915, 980980686.5532978]
[919255573.6023124, 954289569.1506542, 1032503378.3906723, 994156800.9486303, 964121722.124233, 1046423215.6944176, 1082411595.4024916, 892441513.5593688, 982508867.4345413, 970125947.720128, 996561079.8337663, 1019323519.6221269, 1057379987.4174591, 984488769.730601, 1031976209.5927775, 1014404257.6806265, 1006997262.6157433, 1028966905.1463509, 952951471.2578003, 1042169435.9902481, 928085726.0316808, 944177537.8701607, 1001308441.6028423, 1007753554.9772546, 987971093.1966261, 926493602.1341507, 1015340280.1961933, 957734169.2643125, 1029169180.3092111, 992868591.3179953, 1074254423.809142, 1036476652.365102, 949290863.2052996, 946957322.599693, 988845722.9188888, 1011483048.9080594, 1031331860.7749141, 982360604.3034375, 988849351.0912912, 980495033.2122711, 1027096554.8955603, 1049846440.4246418, 953887420.8197696, 1052972717.3071959, 1043605345.339242, 940697083.3268597, 951951267.8664869, 995225362.382638, 925145868.0222785, 963614276.8282263]
[899058277.4189346, 954289569.1506542, 1020532077.5785353, 979119555.4012625, 964121722.124233, 1033367536.9315059, 1058184186.526604, 892399149.6344163, 980512403.6331797, 964564169.108038, 975187602.847614, 1015988074.5939156, 1037505620.563982, 984488769.730601, 1016265675.1650279, 993057549.9790771, 956238036.0936085, 1014835029.4720612, 932090441.7002167, 1017035554.7971166, 928085726.0316808, 938565479.8936405, 972924589.2123762, 1007057894.7171652, 977659742.6377808, 898413675.7694893, 1003254494.4803143, 933863809.90641, 1009239071.0931925, 990920779.5504596, 1054778557.7296346, 1010431634.9696766, 917179669.9075689, 945981769.6384922, 981823319.3349836, 996780005.8205147, 1030642736.7856926, 956572331.7409668, 959151800.8084913, 978942094.8771778, 1027096554.8955603, 1036873520.3592514, 928468554.676048, 1051148545.7021688, 1026323302.4414606, 936193173.0108025, 951951267.8664869, 977773026.6251297, 913374024.831274, 930719601.4044437]
[895783639.6932306, 948344924.7875633, 992686923.2486229, 975488176.7820699, 957565187.3459612, 1027520613.2857672, 1043067092.622625, 872324428.9019794, 966423976.4465284, 931048785.8954623, 960680927.437328, 973954379.3156788, 1014713378.6533878, 968363496.9417353, 995118041.1474673, 976817495.9791832, 935474621.395471, 987953154.0151234, 926836915.9333512, 1015235177.1163921, 909636537.8882792, 922218793.7863849, 968085812.3654697, 1002608012.2771196, 960513816.6123947, 871066373.5421555, 992425828.6229689, 917741276.8825209, 1006429962.3714714, 972391562.837415, 1054778557.7296346, 1007796359.2000878, 911896816.4219145, 945191513.8674389, 965654475.8253994, 978273244.5941662, 1007346071.0782629, 921318909.6205971, 938503764.9791343, 935157328.4506795, 1007751849.3531306, 1027374908.4058669, 928468554.676048, 997624417.910875, 994700384.3255335, 928721389.8312012, 936356748.3689289, 968546043.369042, 877137132.8402555, 924318726.7332491]
[883874137.8849802, 948344924.7875633, 969821452.7632014, 956363164.8167465, 943468979.4253416, 1012175128.163284, 1035866518.3333676, 864919581.7726185, 951549853.9426887, 925961548.6296215, 960680927.437328, 945679573.8742325, 1014713378.6533878, 966636737.5920643, 963230206.8585432, 974283289.1930511, 930356884.8995912, 974893158.653902, 926836915.9333512, 968594478.0269473, 906146528.7647936, 913133108.0522833, 954168199.6805556, 1002315087.067847, 942991340.8912569, 861265987.9495646, 939699195.2704203, 895904582.5088781, 1006429962.3714714, 946654063.6072867, 1038286797.9391092, 1007796359.2000878, 893664716.1783228, 941441055.3613322, 961153857.1417987, 968854327.6062844, 1006333634.1572275, 903839058.1602045, 932837374.0809956, 926515393.2329813, 998298500.0719576, 1024570078.2068965, 918518138.174503, 981279674.4750494, 991817149.0873022, 918381839.3631109, 936356748.3689289, 954747329.3334624, 877137132.8402555, 917560580.2469981]
[883874137.8849802, 945546537.352807, 969821452.7632014, 943166479.0347006, 939345780.5699629, 984779094.3717966, 1009468668.5742455, 833287865.1596122, 945690541.7365488, 923760377.5613323, 954885480.4677916, 945679573.8742325, 978376436.9018543, 952005924.1562078, 952757897.1358722, 966080359.8381134, 913658003.2372717, 961264249.668443, 897393908.4918225, 937734104.854612, 892222247.7913878, 913133108.0522833, 939363928.4713303, 991961783.749687, 929044298.1880118, 837383084.88602, 864765463.1546837, 868655433.0683712, 982502322.0339992, 923841647.7162396, 1019155166.0488627, 999824453.1105293, 882319251.3849866, 928124736.1025082, 961153857.1417987, 948954795.9538653, 999109436.5130062, 892739706.2203442, 900102319.5149972, 906741079.3129295, 957180365.5905575, 1019628619.0673001, 917882725.3521677, 970238015.4729826, 990145463.2744411, 897466671.8758663, 936356748.3689289, 929139755.2392123, 877137132.8402555, 917560580.2469981]
[859928881.3961084, 923180062.1889973, 965598306.4314808, 935479899.0294387, 921354864.5600128, 967575952.5769341, 993522551.697197, 820710079.4506067, 939501453.7426192, 906899439.2563671, 954885480.4677916, 945303383.7554038, 972857958.1232235, 929901233.8116748, 929997791.1547232, 948921181.6764381, 896444150.5665852, 942827604.7427375, 888438517.6581577, 936504639.4494829, 885702225.187648, 894716268.0608565, 917741083.1013248, 989258815.8745238, 896679927.9249378, 817885018.3956654, 860124061.1827562, 868655433.0683712, 978086031.3002157, 914915394.8460093, 995477607.373682, 969886665.7075456, 881847899.490819, 897375606.0415344, 939916648.8478518, 948954795.9538653, 966377594.4701111, 865069434.3867127, 891751790.9492636, 904248887.6921008, 925194328.0218785, 1010306704.88008, 914179914.0563797, 970238015.4729826, 972404649.0736557, 895494650.7852547, 920247919.1280088, 929139755.2392123, 877137132.8402555, 917560580.2469981]
[845847783.9761462, 912037425.6237118, 965199049.6386478, 925073753.7822145, 920065263.2877184, 955822515.8207312, 984507561.3296725, 809445396.0758634, 911070885.2701855, 892593796.8171412, 939982657.5652857, 907792295.1631305, 954481811.2668769, 895234120.8004367, 921609036.7081425, 938696115.0647119, 896444150.5665852, 918455419.6195698, 877011985.2584064, 930285436.5056757, 880610485.8936965, 886790706.8696785, 910102752.0650247, 971652343.0009457, 893316517.8445723, 797575057.2189816, 848822573.5283539, 856943722.7482078, 959035227.0461366, 911149653.0136915, 937560169.8304651, 960298578.2699108, 856419003.6690811, 874596245.641593, 939916648.8478518, 930272574.0603262, 925365397.2821163, 850931183.4658887, 886139590.3312334, 891239203.3938869, 919889296.3104538, 995708891.7686077, 908858507.1710192, 941754072.337776, 946512170.0955527, 872001753.4072453, 920247919.1280088, 897434076.0875639, 866184123.860398, 897615742.0675585]
[813354968.2429417, 911004403.3582678, 955438568.0867498, 895780300.3347797, 913554911.178319, 903019463.5137532, 970973797.2220777, 803563529.9470701, 894259822.9375017, 887549385.3964905, 922296791.3890702, 868966209.3882418, 931152760.8370454, 883489423.7304195, 921609036.7081425, 937820019.3229748, 885115188.3567932, 878008811.06095, 860487398.9178064, 909821539.9779975, 856530180.6471593, 873921401.9486812, 898516916.6454926, 948692490.6251695, 888060672.9731951, 797575057.2189816, 848822573.5283539, 853129369.8375009, 947686518.9022309, 901878511.0140396, 920840899.8727719, 935764001.5025508, 829780356.1604997, 874596245.641593, 933598927.3941864, 916730499.0335255, 924934635.9039711, 827712940.1476203, 876635966.9689872, 837751933.0614176, 884116761.1823581, 995211195.0008885, 908858507.1710192, 941754072.337776, 930154087.3267679, 869283603.467263, 899509324.6281195, 897434076.0875639, 865176252.884375, 881346024.5062042]
[812110069.5605464, 893293672.0114448, 937998845.8031641, 884995440.4442459, 908006042.9348663, 896508723.5862465, 962462861.2978153, 796857859.4591715, 881513057.2804391, 887549385.3964905, 902880173.2954944, 857799123.2682526, 930043654.4036793, 876369909.0322758, 899668983.3729328, 937820019.3229748, 873837996.4241724, 868476208.6436532, 857860061.9815104, 909157253.6281515, 827422476.6034504, 825368889.2430774, 886851954.121856, 934242275.0439093, 883225357.0507034, 788121387.3630946, 848718794.4984276, 840122282.6984375, 890728362.2479708, 891369782.4761584, 911068740.4392713, 934308201.2236233, 825230061.7899505, 866733505.5071428, 887379039.532286, 895098689.0566137, 918195254.7131128, 827712940.1476203, 867464228.7335418, 829494322.7932644, 884116761.1823581, 977928604.9186013, 905283782.3786176, 916221905.6790011, 927637222.6730859, 860824259.0135605, 897848775.3999488, 856505224.7786901, 852917328.1592461, 861500676.8648794]
[802574680.5225791, 893293672.0114448, 929558661.5523297, 874986753.7499359, 889821514.9030294, 879321034.2651373, 948827788.7532606, 795904606.3036754, 869265395.0049607, 885680896.105105, 875070089.5649607, 853775960.2357745, 919908236.2442544, 870739369.1262615, 899668983.3729328, 917616740.6550363, 857928874.3057951, 868476208.6436532, 834984003.5409955, 897881684.699218, 816946326.2719438, 802700446.2716317, 884057605.5196552, 923272669.511836, 875047955.8595216, 778673036.581001, 843265651.904997, 840122282.6984375, 887016349.8507391, 891369782.4761584, 887215309.5943375, 903578744.010376, 821296844.9127772, 858554051.4947916, 864814668.6075071, 877470931.0668408, 918195254.7131128, 827507441.9310185, 867464228.7335418, 802566289.9680262, 879763612.0710297, 952135751.5700018, 884786136.8710617, 906470224.2986971, 917585214.4882088, 856217321.2803264, 885405537.4761467, 855823134.7823209, 850474546.9991348, 846353037.543813]
[796971434.9485434, 865466163.3777552, 913913019.3789742, 861993796.087403, 881286678.4211909, 875200817.170483, 915324505.8286448, 786781102.041186, 869265395.0049607, 885680896.105105, 872957474.273042, 837435071.6422282, 903489894.1870273, 858480376.6087619, 874667107.5383232, 902353179.0412976, 855004578.5755541, 858183909.7251549, 824564236.5182084, 897881684.699218, 783233546.3604468, 802700446.2716317, 867774327.841296, 893749508.2733145, 874956409.8966067, 764384618.4505405, 837414926.1991187, 837283594.5859367, 877635858.0870034, 859897595.2508545, 879802527.4682353, 896351348.5892845, 811279714.6586983, 858554051.4947916, 853782413.1171283, 831418846.581174, 908414743.9008119, 827507441.9310185, 864726926.7706944, 800070165.3586701, 835619675.2126777, 945362550.6510496, 871147977.5037982, 877060063.6647323, 886591223.8053834, 832995516.6049203, 873970053.933492, 854739480.0901015, 842233566.8852971, 838018814.8824236]
[785134904.0454576, 859225454.1611125, 907341870.8302584, 861993796.087403, 881286678.4211909, 836636387.2576392, 892041193.6398321, 757482944.4603121, 859514996.1478021, 881118853.5591953, 866435566.3792118, 814045827.0685873, 902111703.4424305, 858480376.6087619, 862649122.8875713, 877871843.8011372, 844557166.5643003, 858183909.7251549, 824564236.5182084, 838730169.4493319, 783233546.3604468, 797797175.7755723, 867774327.841296, 893511299.1123766, 874956409.8966067, 764384618.4505405, 812381615.5389552, 835203747.6761532, 866062294.63757, 848901327.802939, 879802527.4682353, 876162202.0032184, 807953836.7618848, 850161382.3927591, 836303727.7179258, 831418846.581174, 894279436.4276683, 822596222.3428279, 864726926.7706944, 787486359.4466546, 810210856.1766212, 922592249.5058987, 854018824.6335233, 873211005.3170168, 873845363.6013323, 832250902.644872, 849593197.9233224, 829425089.7125885, 838852359.637955, 818848762.1626146]
[782927433.2824048, 813690929.0395405, 892126644.011726, 857350999.5950441, 852386950.0718311, 826297234.8783741, 884452538.8482239, 757482944.4603121, 857363724.6386058, 866885067.1372426, 859261918.8951416, 798949240.6038288, 860722369.9418932, 855737710.4668777, 862649122.8875713, 863765869.741182, 814835150.4982355, 830751368.8444756, 824564236.5182084, 831452168.0589963, 783233546.3604468, 786228828.5242393, 840531843.8647153, 881278079.356097, 821324773.2919092, 764384618.4505405, 807828319.0337404, 810854912.8398635, 856738445.7603909, 848901327.802939, 879802527.4682353, 876162202.0032184, 801626207.5720572, 850161382.3927591, 835837937.20397, 822010242.7973845, 883136022.9951487, 793430722.7308798, 829533376.9991987, 782793283.5142443, 801862946.6750357, 922565014.8602937, 843575325.5545832, 866064229.0610346, 862054876.4409536, 832250902.644872, 845747092.4729173, 799483109.9793433, 823372680.1347165, 797188408.9029655]
[782927433.2824048, 803473333.7546517, 867614784.8466923, 852410323.1431229, 849796404.6126102, 811805933.4130961, 874588341.4172951, 752028284.6185637, 833582534.3754616, 856118319.8767583, 856840256.0294099, 785364121.707146, 847063006.3831146, 855737710.4668777, 842231803.4250674, 852397879.7596037, 814835150.4982355, 830751368.8444756, 824564236.5182084, 813889630.8710005, 783233546.3604468, 786228828.5242393, 818728511.7921295, 851089981.4763424, 821324773.2919092, 759377595.7031584, 793342676.7561059, 799678243.8420848, 846524399.3373905, 826143805.9823698, 866147962.9498835, 862668490.5930681, 796846120.0429099, 850161382.3927591, 822693629.5536225, 822010242.7973845, 874542287.8782609, 790101161.5180584, 811663832.5048691, 776644581.1131399, 801862946.6750357, 894075407.6694311, 843575325.5545832, 851852865.8411756, 856327343.9128467, 827117945.2172757, 845747092.4729173, 798073036.3904048, 823372680.1347165, 796377717.8573666]
[780451197.2713692, 790099275.1897386, 849616303.5059884, 844012374.9006193, 830828228.6509658, 790483841.2714092, 848674488.8979785, 752028284.6185637, 815746105.7575151, 849661439.6337507, 852883973.5073081, 765434997.4609907, 833282190.9295228, 836382768.5000608, 842231803.4250674, 848745326.9851958, 814835150.4982355, 827564203.693455, 824564236.5182084, 801529644.2031914, 755422060.3558447, 760350183.7609469, 793636350.4914428, 843192087.6758753, 806639340.6344364, 759377595.7031584, 786075086.5539691, 799036980.974921, 823864850.3611908, 821724085.7276082, 854707940.6715434, 829574358.7677402, 786002360.8976775, 828773473.1041996, 795276559.4611452, 802214209.566191, 874542287.8782609, 790101161.5180584, 811663832.5048691, 775478235.1493237, 796868075.5971706, 876622050.4237459, 843575325.5545832, 846048376.2859012, 840467432.8088081, 824135713.3549784, 841576206.1014628, 791104015.2839895, 819377655.566709, 781398522.2679123]
[780451197.2713692, 785790695.6180747, 822484240.9253385, 844012374.9006193, 830828228.6509658, 766825079.3348173, 822121032.8671286, 749450357.0423374, 791489281.4230158, 837583061.3037547, 847013568.0090368, 763706165.8524193, 833282190.9295228, 836382768.5000608, 820204921.9543478, 836284604.1405097, 813103668.5126837, 819348090.3252909, 807036508.1282369, 801529644.2031914, 743884637.2573307, 760350183.7609469, 783001836.1624858, 830064869.7970239, 799519989.9655178, 759377595.7031584, 785251191.5294683, 752576186.0158651, 818081171.3903115, 790161103.3956959, 854707940.6715434, 829574358.7677402, 783013311.9715015, 814382087.7924668, 790467393.7579346, 797420792.3632257, 871642628.2320147, 782613356.1431141, 795815486.2819582, 775478235.1493237, 788233398.0373077, 862961354.081193, 829072695.8842618, 845948105.7358356, 832264370.2367265, 819686415.0489218, 835460567.0188836, 781023570.8136979, 818259591.5663984, 775470401.8645937]
[780451197.2713692, 784337476.2948384, 785480363.9063762, 833585774.0363144, 830828228.6509658, 762609175.4109418, 805319484.9219456, 725141315.7207524, 758646966.9136908, 819198805.1214776, 812791561.8493617, 745491814.0043924, 828713459.8271157, 835452562.1975385, 807132142.1204759, 808746876.3738432, 813103668.5126837, 804602609.3856665, 804657055.7884381, 789731812.3670529, 741468812.66763, 743848483.0693667, 777243729.3485694, 830064869.7970239, 798852973.2624509, 747802245.6359421, 765661924.2059691, 703283063.4036534, 788739946.317953, 781061811.0720445, 854707940.6715434, 819673931.89587, 769659953.3566303, 806499659.4759514, 790020604.1692482, 775306599.5864875, 842307452.524101, 778426526.7194602, 773394459.0124996, 772752783.3898194, 788233398.0373077, 847943913.3452313, 816113930.6209497, 843364824.3790807, 821251701.9616727, 810031298.2938721, 830749070.7176107, 766306777.1537261, 785453235.5905164, 732318953.0241057]
[756821638.5302122, 771824978.1552613, 774781034.0893576, 833585774.0363144, 827070971.4554591, 762609175.4109418, 802310307.8404424, 725141315.7207524, 758646966.9136908, 815318538.7694066, 808556653.3165721, 729148319.4401232, 819305299.1925123, 829269568.6604927, 803661125.6419569, 798398866.7968268, 794076415.6952927, 793910871.5879033, 772377624.7398311, 789731812.3670529, 734176151.9296577, 729206280.5864347, 745842615.9050267, 826192048.7320545, 789325319.2989875, 741110260.3434267, 765661924.2059691, 693998843.7456634, 765368928.4882421, 747354762.506528, 851743132.5640172, 796612637.5064356, 748659706.3670576, 801766730.9698763, 787708084.0249877, 761421447.4285192, 822688727.2462134, 776290255.5273094, 772093230.7529633, 747044738.768959, 788233398.0373077, 828726517.8809866, 810524673.8188951, 843364824.3790807, 798812158.2765216, 810031298.2938721, 820507615.9805918, 732886112.9322829, 779600818.0660292, 732318953.0241057]
[733451975.0144098, 753598820.9591477, 754228369.1875334, 820525403.9067571, 826845417.9794037, 756465756.0949292, 800273685.9186172, 714109610.4178593, 757723202.6792067, 803651349.2683657, 794009598.3988471, 724725728.649523, 819305299.1925123, 782166261.2960235, 781653500.1691173, 791583626.301328, 771082360.8733371, 776249140.8312733, 772377624.7398311, 789731812.3670529, 734176151.9296577, 706310843.6243689, 745842615.9050267, 824171459.6657828, 773934613.4651535, 741110260.3434267, 759388715.1100607, 693998843.7456634, 756315504.3839505, 747354762.506528, 848549039.4839218, 796612637.5064356, 736524701.5183225, 788695159.6191385, 787708084.0249877, 747369184.4272776, 822688727.2462134, 763320450.2671336, 758116327.6332681, 740715843.4545275, 779810761.5678613, 814781959.9085059, 785668399.1703522, 838239036.62846, 795446767.1393782, 791199684.213366, 807025038.1337584, 732886112.9322829, 765002168.3068817, 730281088.6757414]
[727428832.2635872, 747133717.9490044, 754128437.5494108, 819117177.6934793, 826386823.6203878, 753925470.620717, 774602562.0013136, 707635826.4716878, 752963977.600398, 801756246.0492327, 787733764.4272264, 717517883.990732, 816446067.8134496, 782166261.2960235, 780756606.7679375, 791547245.173188, 761785260.708338, 765473694.3169168, 771135990.0916692, 786458806.4458846, 726225058.9932239, 705857984.8452693, 741847787.8861858, 820701856.824716, 773565980.3772047, 741110260.3434267, 756784845.4467425, 672360889.8876804, 735286406.0046003, 745935013.364909, 834892739.303227, 795702382.6255753, 724521685.5519229, 783188162.5683717, 787708084.0249877, 729868362.0432694, 804064504.5689676, 754126325.9740086, 758116327.6332681, 731343501.5725092, 772875846.1447462, 794359393.6293536, 765081778.6315229, 824005794.1904409, 765039423.8799016, 751537361.4821944, 807025038.1337584, 732415262.9655302, 746645649.5980916, 716516693.876166]
[727428832.2635872, 747133717.9490044, 750546292.0757139, 798301731.4601309, 809595178.5549207, 720889264.7052537, 774602562.0013136, 707287028.5848974, 752772124.0427175, 799330364.3944446, 767046045.3549541, 714214950.1975067, 800703188.4918226, 780438908.9269035, 772725046.5639976, 777226550.4155451, 757658096.3176848, 735677603.6573339, 748134025.2610892, 751103597.3549206, 707980664.184903, 702709788.7846725, 738313724.5235302, 808920220.8594126, 764392770.0739753, 738657159.4894451, 747549019.1701258, 663774705.7915916, 724079010.4847901, 728080029.1806321, 815457044.4856664, 784189460.3566449, 717525248.5332459, 773819175.2057631, 774781815.0204346, 718483609.0839038, 789182269.6166466, 734879783.8908893, 746291072.29268, 725858644.2646229, 769420070.0050725, 748218222.2794544, 758810131.2302166, 798039534.9189322, 765039423.8799016, 735983374.7048099, 794110747.772867, 729793927.6675105, 746645649.5980916, 708825073.4933745]
[727428832.2635872, 728739562.5873826, 747765685.0175024, 792606549.2287843, 796442509.4179144, 720889264.7052537, 774602562.0013136, 704039252.9373491, 737835323.8663431, 792743877.8343595, 756679187.0157001, 698512733.1815758, 778743269.4066304, 742175850.7120262, 764314637.3874284, 771915576.6673976, 757658096.3176848, 735677603.6573339, 746033510.5326488, 751103597.3549206, 706377690.8657342, 702709788.7846725, 735730760.4346329, 777799748.5113047, 762893942.2145727, 730214561.2949396, 740850960.8011929, 649503928.9439081, 720083335.3127675, 719658569.5243715, 803128015.6925799, 770510566.6112384, 698869467.0911863, 767967883.078397, 767636664.8088679, 718483609.0839038, 775679827.2979459, 734652140.8360122, 724109869.5252044, 711761840.3775895, 764338138.2373699, 729864998.7527969, 753408879.6458946, 778424284.6388032, 762063260.3617601, 735983374.7048099, 791134605.8712728, 727202551.4652903, 707122104.6646796, 708825073.4933745]
[707258463.1526673, 728739562.5873826, 735835181.8774183, 778196829.6779479, 786766135.7630494, 710432435.6822393, 750699042.4270397, 703379483.4011881, 726077424.7991675, 761953133.3521129, 743083191.801333, 689680261.6234939, 778743269.4066304, 716389635.2978055, 743315321.4652507, 758276181.1207162, 756975245.605525, 724648607.149709, 732481657.5932361, 747958319.9069531, 698309254.2681943, 702709788.7846725, 735730760.4346329, 757248139.2015564, 743686775.6431197, 703250689.1523165, 736892834.4603912, 649503928.9439081, 720083335.3127675, 711608420.4811552, 791648653.0031185, 765681508.652893, 690889285.9065741, 763302584.326618, 720308419.2759622, 715306231.189937, 739838045.6584532, 725341936.3552563, 717204687.6761175, 697795119.9395765, 758776358.8017869, 718742105.5099742, 751362313.4020503, 771696819.304804, 755283012.0743339, 734901815.0767363, 768233618.9310591, 710765639.6211877, 705759574.4106866, 682984442.8227123]
[692566977.5907979, 706915172.4921798, 729741732.0915129, 763527477.249159, 786766135.7630494, 708612077.8020483, 727972682.8808626, 682545548.1650279, 710552779.2682099, 761448487.6906888, 730499156.2650726, 682806863.0266198, 748492818.9651583, 697117981.0207279, 733162425.0032685, 742804254.4432199, 756975245.605525, 705081736.4795991, 726998892.1276691, 741927656.8079079, 672945557.5173801, 702709788.7846725, 727752125.8207253, 746571291.678793, 729873588.9672614, 701502437.7849318, 726760515.4636133, 649503928.9439081, 711298415.5027115, 669349744.5725923, 787930137.841945, 765681508.652893, 690889285.9065741, 752225063.0675955, 715235004.6963204, 713881907.2809507, 714702208.6147764, 717600229.8389347, 717204687.6761175, 688280376.3472176, 743437410.7751935, 698186442.7066747, 751362313.4020503, 718978915.9487939, 755283012.0743339, 710212706.2495354, 763791320.3986284, 690590130.6085873, 676329721.8462744, 682625784.9715719]
[661096522.6257741, 692705011.0899398, 691699874.7330844, 737669317.588024, 772971954.612653, 696908221.4947019, 721299980.1963662, 682465747.7442067, 690479175.8054942, 740844085.8736333, 727327625.434386, 682806863.0266198, 690682436.0140945, 691304920.6157447, 725692192.9702778, 736452801.0662011, 729663362.1586698, 687211994.7759031, 719902413.3578213, 723098177.718483, 672423479.7259483, 690844486.2550844, 697659571.2181096, 723811135.8773572, 709900707.1806743, 701502437.7849318, 726760515.4636133, 649503928.9439081, 707509995.0496328, 667440989.2763934, 751325565.4394504, 762666054.7351791, 687766707.9141386, 735617947.0799637, 713038655.6830349, 710017074.8471706, 711658495.4868023, 717600229.8389347, 712196247.3671532, 672459037.5957015, 728234568.6339953, 688327004.4602038, 750739330.9872551, 692515739.7385471, 741458967.7099626, 702591911.5894725, 740641054.5315224, 685130557.8185472, 674758265.2906848, 671387200.1887922]
[659351081.2122847, 675752681.3619243, 691699874.7330844, 724814114.3769256, 771802589.7910769, 694700828.4958937, 721299980.1963662, 675120449.8754991, 679709619.982825, 730175995.7126094, 712859486.8190912, 659990423.7821548, 668182808.0711229, 691304920.6157447, 713598661.3726017, 710858875.578094, 726510257.6691587, 674873717.36041, 718096919.6191131, 717320290.2673159, 669194297.4227644, 684612595.7539021, 697659571.2181096, 717644430.8940914, 709900707.1806743, 663883455.7995284, 717428165.6470962, 646328010.0722933, 707509995.0496328, 667440989.2763934, 730085305.5127088, 760169668.6642797, 685034659.6871713, 723825760.0041592, 703408157.9110011, 693096439.5908464, 705552010.1048048, 709953048.8904415, 697090620.5904496, 658774769.1989156, 685651064.3680756, 683307399.9922775, 736734232.8799645, 692515739.7385471, 735205085.676276, 699683743.3989346, 739075585.2174165, 679627587.8771031, 664085524.4070746, 639297010.241814]
[652669743.8152736, 673252250.1970298, 691225998.0189402, 705572843.1489313, 765640185.4776217, 675688736.7669674, 714705477.4454372, 663721359.9484975, 676975336.9125329, 711819771.9482635, 712852606.0508715, 657258762.9548465, 661976736.3544425, 686751314.3492173, 708374085.3611195, 685416131.158784, 704482781.6892245, 670952720.8715224, 701860695.3660594, 710662441.4254, 663720880.9509526, 680010917.327561, 697659571.2181096, 697523844.6189992, 698570009.7526894, 656936304.011421, 716723968.6994592, 634280685.1371794, 690947587.4043607, 662488946.7019364, 723090789.0389111, 760169668.6642797, 662776665.8706498, 723042404.9088494, 681746760.0428911, 693096439.5908464, 682285665.6287968, 690458140.9299613, 688977187.057957, 651385543.425215, 684665453.2090812, 677898569.4218098, 736474024.7698996, 667239021.0356754, 732120482.2923007, 685372299.0997535, 738807195.1471986, 678621837.0636988, 652683214.2427104, 639297010.241814]
[632195490.9267603, 664271485.9997333, 691225998.0189402, 685157324.5481211, 761049498.0807779, 673954076.9181322, 709781072.4962776, 660920341.7388659, 665401446.6738721, 685583484.6451312, 699874435.1712441, 655310215.2084976, 649018799.6429187, 686751314.3492173, 705581584.5837275, 685416131.158784, 704482781.6892245, 665035174.9486924, 700856176.7623092, 697743242.4955122, 659742633.0917357, 667864851.0213039, 689467798.2570517, 688437894.7447268, 679247356.9245268, 656936304.011421, 689872082.8673236, 626875024.042225, 690947587.4043607, 656667595.3785661, 705781520.330638, 757780299.8289758, 652941339.3591177, 723042404.9088494, 681746760.0428911, 692833135.2415102, 670541605.116904, 673360143.4263294, 688977187.057957, 651385543.425215, 684028602.7724488, 677228792.5816885, 724506160.4343188, 654354625.9645298, 732120482.2923007, 669988359.5345668, 732093838.0546787, 678621837.0636988, 639080045.5397803, 637557996.7478851]
[625339161.1661081, 661028280.633252, 681215292.1405988, 685157324.5481211, 744464479.3253062, 669436958.1893814, 694216198.3786623, 655625754.6713876, 636572922.9481604, 648445751.858831, 686208038.2345433, 654236617.221006, 647316420.5133853, 686751314.3492173, 690146351.0074512, 685416131.158784, 667361683.5332396, 659741856.7451183, 700856176.7623092, 683855627.5078835, 654888492.3032442, 656122222.0379345, 689089184.4681442, 685871528.8770151, 674189384.5265242, 649409197.1395805, 672800361.8650787, 616717785.75807, 690947587.4043607, 637627616.8656781, 701439782.6164434, 748305519.8320129, 642885059.0755303, 713465273.4376762, 664662021.8463898, 689137757.425298, 665760287.07568, 668086456.2906458, 679400283.0829203, 647635484.9594005, 684028602.7724488, 663611425.3867819, 703064485.4244322, 639333960.3916509, 713716790.5596796, 665045140.5215876, 730567418.1888672, 668089469.2445184, 628286387.6798909, 619996213.2073984]
[619790841.2006648, 661028280.633252, 676936721.7406172, 684379918.6234933, 723141394.7692997, 653578558.0919807, 694216198.3786623, 650472441.7383931, 636572922.9481604, 637263856.0754653, 670360128.6927674, 650376918.2010429, 647316420.5133853, 662943564.8412968, 686983706.8214014, 682885273.5037051, 651531827.6860731, 659741856.7451183, 698419364.8430247, 667743082.4522787, 639731790.7132334, 648392108.5914259, 689089184.4681442, 680278827.3585511, 668430334.8764776, 649409197.1395805, 669351849.2465264, 616717785.75807, 637337916.2052941, 635499239.5389221, 682669865.0172328, 748305519.8320129, 635224637.4101188, 713465273.4376762, 653759679.5583398, 689137757.425298, 664821638.4446558, 665542217.7500057, 671184910.3946365, 631668766.2673817, 675969487.5091188, 663611425.3867819, 695060479.7547508, 628755737.5352712, 683356799.081289, 662526053.0919576, 724985046.8304523, 668089469.2445184, 617735879.9299724, 619996213.2073984]
[607185272.2027012, 650516269.268983, 666098363.5493255, 684171361.0538305, 689535397.8597124, 641404588.4507401, 683926567.537826, 637822707.8944517, 636572922.9481604, 632077106.8041741, 661949781.6667576, 632620447.0703952, 623851289.6131109, 661995253.4800093, 677981896.3864205, 682885273.5037051, 648152111.2440927, 655828260.1517549, 698419364.8430247, 663035694.062927, 627645206.7993491, 630631408.3941796, 688300068.4210453, 678110099.1474941, 662580113.2963755, 639676405.2193904, 666655983.2190385, 613893554.8120041, 637337916.2052941, 612980807.680253, 668791737.9012517, 742801339.8231165, 635224637.4101188, 701903341.5739028, 650506774.7690003, 678898291.9634569, 664821638.4446558, 660539424.5086844, 663379771.6959499, 631668766.2673817, 666753556.2901826, 659020261.174055, 689921498.0737517, 627301602.8534542, 673585819.9249151, 657814687.9993942, 717270122.9726769, 668089469.2445184, 607558730.9124979, 614287871.6676763]
[606371843.5316982, 641264157.6853914, 660184986.780831, 663272810.3599371, 654421612.8152744, 631461079.4140177, 661243165.230292, 637822707.8944517, 628091654.4136508, 632077106.8041741, 651326337.0970477, 619584464.8794954, 623851289.6131109, 645351400.0678076, 663702315.9102517, 682885273.5037051, 648152111.2440927, 652366418.310822, 664382203.9662826, 657347289.596473, 624163640.1522443, 626857875.0339853, 672401031.5613352, 664980499.2582309, 657066335.2363539, 617075704.9035137, 662428023.5448412, 603066629.5098608, 634180189.7494822, 608510068.1514194, 653102298.7962338, 726121368.5509627, 621570691.5791442, 685828977.1145041, 650506774.7690003, 653098321.5209631, 664821638.4446558, 634786383.2303066, 663157453.3884205, 617746132.1519604, 653735605.5487597, 653034322.2150973, 682065198.4035772, 627301602.8534542, 665607159.6694696, 639915461.3463542, 702987264.5597534, 646096500.0636963, 599262682.9382937, 608651011.0460701]
[603154241.2478672, 633595905.1702898, 649934487.6114705, 661617439.8377798, 653962902.3145335, 624545518.5438212, 659184029.684273, 637822707.8944517, 627603180.7744286, 632077106.8041741, 644854995.2916987, 612046241.96696, 622551143.9428239, 615973324.0513804, 642951393.3796998, 680891787.5662344, 648152111.2440927, 637822335.0255872, 640122210.5184758, 655926022.9265169, 618529530.9107736, 619194822.7681333, 671258179.7032931, 652776244.2984347, 652001659.0510561, 612775543.5065808, 657681826.2725804, 603066629.5098608, 611573769.1240623, 608510068.1514194, 630704004.9853737, 726121368.5509627, 615306498.2286756, 676899195.4081304, 644898965.5122592, 646746463.3077714, 640607565.9367452, 620716889.2496852, 648693559.8177751, 614343791.1176659, 641878366.5642394, 639747382.2569686, 658421588.2304293, 619968629.4492017, 651120499.0099052, 638970241.9923313, 681327056.3014793, 610568352.1059302, 594331068.3088503, 596374657.7833713]
[587508236.2077198, 629112253.9387656, 641350438.6120139, 649362718.9089863, 643793493.2391593, 598529496.2599704, 654830365.320812, 637031663.5321112, 627603180.7744286, 624384652.9248422, 644854995.2916987, 612046241.96696, 577051995.6632658, 609188942.7194134, 640020841.2268517, 656010989.370465, 643298703.385713, 624036255.5538108, 630362271.9729103, 643815971.65352, 618529530.9107736, 616644653.7514489, 671258179.7032931, 635610341.6784457, 642452706.1660357, 605791582.8433713, 657332652.3369787, 590204786.828891, 609684690.8390076, 590571592.4101585, 630704004.9853737, 722954772.0395437, 612445783.1048238, 658725536.1648514, 632942152.3457915, 636028933.4655695, 631245978.8937494, 620472793.3685175, 643277551.8738623, 598994149.4261206, 639091516.1736944, 633122883.0329144, 654319086.089742, 619968629.4492017, 649085522.598505, 613716802.3909856, 681327056.3014793, 602142476.3598403, 586012433.1797702, 596374657.7833713]
[579310659.0618712, 629112253.9387656, 620013264.3911489, 645017881.1272966, 635702261.2677548, 587570064.4600155, 634413229.7587812, 632885161.1032729, 626773679.460418, 623777862.7876177, 644116353.316791, 608418229.9780929, 577051995.6632658, 589922385.4298525, 630466343.74332, 640624977.7141836, 643298703.385713, 604395283.2416091, 608175651.4376901, 643815971.65352, 610890877.705915, 616644653.7514489, 671258179.7032931, 632118550.4977604, 596313886.0198052, 605791582.8433713, 646724858.2969966, 590204786.828891, 591484958.8150599, 565515165.9303528, 626798335.0656855, 700401573.0917065, 603194664.732882, 645049044.9746493, 632942152.3457915, 631864944.8697491, 631245978.8937494, 604552592.4255241, 608915629.2344033, 590192000.5775282, 637431206.9415755, 613971234.1948183, 640388513.0310806, 613340473.2066263, 641881864.2766972, 613716802.3909856, 672410518.8993977, 593862917.8962889, 586012433.1797702, 572751820.7383369]
[574781102.5575999, 625220481.7816248, 606791717.0463284, 643660176.4600428, 620775785.6766413, 587570064.4600155, 614309923.230583, 622506793.338414, 621343290.5707061, 619857953.6819737, 637277419.1565046, 585543628.724099, 552585258.5108283, 588582447.5367143, 616901403.2052869, 639880050.7669494, 642468641.4591147, 599755606.0773633, 603995296.0381255, 641759098.1263043, 602426122.332867, 601101724.845954, 671092250.8383881, 623792335.686333, 587845281.4720408, 599762844.7589082, 644549768.3986952, 589615667.424634, 578524637.9223573, 564719421.2768762, 617489393.7261412, 672762687.3091997, 597328306.5218352, 631339690.216765, 626333198.6073722, 631473964.5450857, 628730549.1156132, 601391146.967324, 608192766.7378651, 589814591.4217095, 623045195.6476033, 613971234.1948183, 629872342.7127783, 611238742.2502549, 640370644.8012891, 613716802.3909856, 649873253.8681448, 581042582.353861, 582914781.97912, 572751820.7383369]
[570123277.4352648, 621843941.4586836, 604874267.4484189, 627746926.7786347, 606493332.0738145, 570837008.2848554, 608905884.3642131, 622506793.338414, 621343290.5707061, 619857953.6819737, 621876728.8553411, 584181522.8802161, 543236678.6916282, 572695017.0704606, 616658889.1701773, 639880050.7669494, 642468641.4591147, 590819878.1069505, 600464646.2073382, 638937681.3481928, 588865773.8893828, 586829262.091004, 640907211.5250294, 593295228.8617878, 587845281.4720408, 599762844.7589082, 626806447.4035834, 582875977.5121107, 578524637.9223573, 564719421.2768762, 615519828.2312971, 666065426.7715362, 580800720.3058263, 628640981.9122785, 626333198.6073722, 627710033.929184, 621189793.7431417, 590695531.3522476, 598199345.9789078, 587925230.7922981, 621411590.2635852, 603074897.8352039, 616611719.4194851, 611238742.2502549, 640370644.8012891, 579603804.979759, 649873253.8681448, 568408383.0391103, 569296371.8504816, 553929973.3307955]
[563351663.0374553, 620628028.1072428, 601573087.204586, 595387355.5899262, 592110530.8727962, 557972738.8385174, 597475671.2080641, 621130500.7391335, 616816555.2320635, 619857953.6819737, 613892734.9269284, 575554592.7767544, 540653547.8447096, 572695017.0704606, 616658889.1701773, 623362565.0953294, 641744257.0252647, 590819878.1069505, 600464646.2073382, 628769823.8918064, 584816068.9775188, 568002225.5291218, 639537701.0459796, 593017684.1873009, 587225755.3798363, 581208180.959276, 615310378.173301, 579415412.3806851, 569152474.1562233, 562041487.0215648, 599289173.3056724, 661290374.6861672, 569286158.4031383, 628334504.7393754, 624331939.1704186, 620943718.5873361, 617875057.0602944, 587356401.895102, 596734123.4802643, 587432500.1361655, 615977358.9964731, 595170938.2879313, 614534295.1733301, 605172636.0881674, 631354280.2437733, 560422493.9358914, 633030283.2338053, 568408383.0391103, 566255963.0260327, 552374115.8732195]
[559765697.449938, 620628028.1072428, 585897568.6925201, 589515041.4670371, 592110530.8727962, 547118912.6988784, 597171789.4449861, 621130500.7391335, 606057139.1719999, 596829044.5967835, 597283958.1380963, 564475563.5368544, 540653547.8447096, 550887237.1003515, 616534051.3375001, 615480474.1703407, 619336019.3573459, 579469419.0823708, 592701381.8912152, 614699682.2240223, 579193095.6934512, 557918898.4609101, 626926361.2839653, 565054306.297673, 584919103.5153471, 567317340.9099089, 604961642.4875476, 577913131.5863215, 562664959.2506416, 560474396.0327512, 583080136.6519641, 659776643.6422064, 569286158.4031383, 625976814.0991429, 624331939.1704186, 620943718.5873361, 606997705.8987625, 586624676.6697838, 586206183.3790863, 559384769.1066209, 615977358.9964731, 588898247.5274093, 610489252.5505668, 603680790.917331, 606901652.6048013, 545682776.2880344, 627463970.6734375, 554395251.6371534, 566054390.4160753, 546804411.964763]
[540822814.4835985, 599353981.6749009, 585867294.5548635, 573253717.1787429, 588622306.1438706, 541871843.7061893, 591299881.7921679, 613222264.9640726, 597965650.082771, 590218082.8844725, 591776859.2520851, 550391165.0869673, 540653547.8447096, 550887237.1003515, 609817037.8865145, 610507273.1743363, 612508154.2084013, 579469419.0823708, 590517717.3786603, 614699682.2240223, 560835350.264264, 557020497.6812944, 618154636.6258748, 565054306.297673, 570059681.2601224, 564206340.0062901, 601004050.7757076, 576846416.1806107, 562664959.2506416, 557359257.2096999, 579245353.28427, 652918601.1764724, 564950347.2368066, 624675885.3363836, 616010115.4425987, 584797413.7429966, 605951036.2262691, 581745305.4891254, 586206183.3790863, 554031210.5421084, 606680930.9942443, 581618175.5334395, 609137884.0054542, 599328531.0832347, 605072572.5557904, 540000543.9489777, 606688422.1106522, 545475808.2407168, 553524103.3413318, 542872888.7324349]
[514244619.6187847, 574079105.5903987, 579680023.9816496, 573253717.1787429, 581667399.8611462, 540650415.9680159, 580409508.8754421, 603634164.7713382, 576230232.7157089, 584920173.4485058, 586066626.7626231, 543189547.0906347, 537390850.9652627, 550717883.2153704, 584377559.3164818, 601646125.2504917, 611773241.9777857, 575774465.2823288, 580196707.0513561, 609800949.906751, 560835350.264264, 553962574.2938952, 598048464.6317658, 555386141.2129796, 570059681.2601224, 564039280.9236923, 601004050.7757076, 573607543.2936468, 561521405.5450717, 556455376.0559014, 579245353.28427, 635376751.4806792, 564950347.2368066, 607047039.5066322, 611781512.6212867, 579830134.9159888, 605511622.1497408, 581745305.4891254, 573432535.3909099, 554031210.5421084, 597706009.7796838, 560405643.1043478, 585852852.4237998, 598782979.5190113, 598863891.7649887, 537769609.76786, 599233463.5835204, 534522560.506697, 547650440.2098634, 535555999.9399748]
[511316267.3149541, 570628473.8757417, 575984242.3646349, 573253717.1787429, 581667399.8611462, 540650415.9680159, 573475799.8948512, 590644083.6368507, 575094880.7784785, 577632980.820968, 573850766.8327498, 538540862.1415589, 532880475.0154762, 541517766.5992982, 576546083.2570679, 599984887.597867, 587859068.284637, 555617622.2140744, 580196707.0513561, 607520252.4393384, 560835350.264264, 548861262.0019827, 597206151.4902425, 550269678.8683565, 570059681.2601224, 562406330.4172094, 599786849.9942617, 549830058.2472446, 552025825.0005463, 552716252.1244013, 579245353.28427, 623576998.862738, 564950347.2368066, 600895896.5148897, 611781512.6212867, 556881194.2604729, 604975409.8934639, 553698150.1385064, 571041409.6348099, 548125727.6809459, 589195007.7212703, 546138022.5285925, 577836438.4103019, 575216422.3399698, 598273020.7761734, 528505480.7121156, 583405659.0218984, 523239806.8818799, 529468209.73269254, 531527591.9679468]
[511316267.3149541, 568011772.8102183, 566882462.606123, 571972897.017928, 574755099.2778199, 533603857.62570107, 555151821.9776362, 583444668.4951773, 562560721.4918611, 573543626.5599062, 549823313.1466736, 538325802.037085, 527888090.7723117, 536688598.1563525, 574958043.7124298, 597203556.0380067, 579520506.2829101, 554034222.5987473, 572983108.0618645, 583793520.714102, 557119873.0825108, 542157159.8071941, 597206151.4902425, 548850598.7920355, 559048384.529431, 560533652.1534421, 599786849.9942617, 530485210.41937506, 545757201.5366501, 552716252.1244013, 578682413.016375, 623576998.862738, 560542288.2151426, 598831336.7589469, 603251565.535476, 533488743.8397912, 602993289.9760196, 547689168.4950325, 551868598.6386759, 537243518.6687499, 586169611.5180173, 546138022.5285925, 568248114.4130716, 553775796.5238733, 598273020.7761734, 522732104.26327246, 579300395.0509262, 515212207.21529186, 527112362.0033466, 528667521.25357306]
[504833955.1273858, 550648007.9028971, 559691745.7198564, 571972897.017928, 564950536.2515255, 525806712.79476297, 550139493.4695929, 574459477.7362021, 562560721.4918611, 558553250.6480253, 549823313.1466736, 538325802.037085, 527888090.7723117, 528632041.69333124, 567728426.1222938, 595859634.1732118, 569195436.9578581, 549596439.0073804, 572983108.0618645, 583793520.714102, 552461311.357487, 536140368.4871262, 595382115.8516062, 548850598.7920355, 549139122.0692601, 535206709.17255175, 597325148.3446743, 522699086.53121173, 538278908.0201695, 537647885.6793807, 575479456.8130852, 603183178.7198269, 554762915.0972666, 589338938.8380297, 594925600.9887598, 533488743.8397912, 588570205.5746498, 546654004.5510075, 548535742.066072, 534915534.9625436, 567959264.5564045, 546138022.5285925, 558737156.527721, 540186832.7291085, 570538895.4884696, 522732104.26327246, 573261880.6301813, 503517943.70120513, 527112362.0033466, 521675273.91168326]
[503571106.1341747, 550648007.9028971, 547407903.2169626, 566451590.5459028, 561292666.9000864, 520090019.62514067, 545918825.8191582, 567660204.1303582, 539960936.2867105, 558553250.6480253, 544024516.9808242, 523895870.85760385, 527695574.28020126, 519086077.24248105, 553048243.9575217, 594409986.7757394, 569195436.9578581, 542787172.3932565, 557079567.0608432, 578735906.0230535, 544768812.5476363, 527524721.7567768, 590060955.070065, 548850598.7920355, 536263343.1707977, 527834993.60365885, 592669664.9091506, 519051483.00190544, 524427561.38202316, 534837192.54165345, 568354416.4330059, 602285513.6271379, 552162443.7379326, 577905931.2852952, 593856693.1006632, 532279236.39674395, 577911915.660861, 540826343.3551421, 548535742.066072, 531904973.84994, 567959264.5564045, 536293254.93336594, 546253544.9898689, 526794706.2872366, 565520559.8898989, 516132459.1801175, 560653051.610998, 502871482.9790028, 525273915.50276834, 514941408.63663864]
[503571106.1341747, 542323238.405482, 532329160.9542495, 561380193.6458399, 561292666.9000864, 520090019.62514067, 539718240.3345847, 555719103.8884289, 539960936.2867105, 557551466.0255132, 538740858.7658274, 523895870.85760385, 527695574.28020126, 512840406.41593903, 545439780.9842165, 594409986.7757394, 568650910.2828954, 540788992.2346067, 557079567.0608432, 560235878.7267904, 514882593.3649783, 524520351.3605167, 558512078.1972686, 548850598.7920355, 536263343.1707977, 498801715.04758203, 581989153.4820917, 501717518.4948511, 523002079.06922543, 515448015.818617, 562489513.7356938, 591682758.1755446, 549472846.4825852, 561967483.0421383, 587825735.4852879, 520043384.756396, 562729752.4124191, 540826343.3551421, 532567684.66255033, 516685460.9749839, 567878791.3405292, 531864019.2059604, 546253544.9898689, 526794706.2872366, 555821975.1390688, 516132459.1801175, 549837922.342209, 497064001.9537317, 524020308.35360813, 504974452.8798006]
[496234140.17011726, 533163284.5227442, 526915370.6802524, 536556508.8809968, 560643647.807359, 512459309.61147803, 535432987.0886483, 555719103.8884289, 534925631.9146516, 542953612.8044817, 517124019.082465, 512286546.27331495, 523046630.0861333, 511821433.5792426, 545439780.9842165, 594409986.7757394, 568650910.2828954, 538684184.6256192, 543668474.2788011, 543351565.575428, 502420480.4137667, 521671639.8632161, 554376124.5136945, 540834869.0431359, 532846765.8221096, 498766677.67026997, 580474938.2677929, 499545864.677214, 521721628.4594997, 515294544.5570146, 546275118.9682478, 589344892.1886332, 547339211.9275401, 557958545.4230081, 587825735.4852879, 512526098.0029539, 557619086.3831639, 534434318.4954672, 528463634.17716444, 514265128.3610835, 567878791.3405292, 529860805.3496251, 533389358.71634233, 523391442.602903, 540286506.1250579, 510206851.4835269, 549837922.342209, 496542676.69924927, 517241178.4276165, 499569948.8970898]
[491208105.0033329, 524433589.783603, 525321931.3501479, 530920897.4419454, 551633472.3079697, 512459309.61147803, 531614254.69361085, 550952172.0506741, 524541182.8253676, 542953612.8044817, 516099786.4084074, 508848677.4391534, 523046630.0861333, 510968179.64904654, 528791548.6860949, 583783156.3132052, 560985620.3502772, 538684184.6256192, 537906382.7078302, 520985613.8495102, 487802575.6627277, 521671639.8632161, 554376124.5136945, 530112506.086458, 530256397.12123215, 488001859.1267376, 550220660.6658756, 496584731.3933135, 520631701.5816309, 509607375.84560806, 546275118.9682478, 574690717.6146994, 544302335.4061588, 543248166.3002276, 583240214.594099, 509640774.2393707, 544534692.2063124, 522981999.4711917, 520965615.2709174, 514265128.3610835, 561238735.9515519, 526608634.19777834, 531393364.1829375, 523391442.602903, 524424345.6374916, 503976975.2690984, 549805947.4219127, 496542676.69924927, 504177773.46343935, 488066357.30546725]
[484979334.58324975, 518510793.7902976, 524123631.3007194, 513355850.87456834, 539965884.1450348, 510909627.8345443, 528538583.8235017, 550952172.0506741, 523180651.983966, 534613958.6800728, 492964054.37913626, 508463953.47618073, 521075003.28991544, 510968179.64904654, 523787298.28313017, 573537170.8637794, 559953351.0843642, 531366983.56851494, 528780771.51767147, 520624978.3329443, 481277694.9577721, 517471478.6612055, 542793622.548763, 530112506.086458, 524971221.55320275, 488001859.1267376, 535406717.35709554, 494350067.8550107, 520366302.4894436, 508722534.9633919, 545939154.7658007, 571871226.9293243, 525181946.19904345, 541337043.8786877, 575265512.9757377, 494366610.2778476, 539055011.0047276, 500978518.0570897, 520965615.2709174, 514265128.3610835, 560580812.3738606, 522266258.0258565, 531393364.1829375, 495522609.2789484, 523672831.7235836, 501737387.8241889, 543395158.8226464, 496542676.69924927, 502394381.80364287, 488066357.30546725]
[483617903.387269, 518510793.7902976, 521880164.1093747, 511118534.5705582, 534746599.21869534, 500654476.47545004, 512724644.2741022, 550952172.0506741, 506311642.9567863, 527533336.69066113, 491606615.2597604, 508040787.1495263, 514457940.7692087, 487387851.00864947, 517742474.85453576, 554325195.7242304, 559712298.9559517, 525945911.38334894, 513873600.63513786, 519416343.52401066, 480020546.4008287, 510486398.6978264, 539868963.743439, 509412252.66990745, 520156135.56421787, 483735161.4488161, 525124960.15988207, 494350067.8550107, 520366302.4894436, 508509907.522806, 544252541.3756446, 565863623.7275488, 512318528.17161816, 535565301.13716316, 563846307.9153469, 494366610.2778476, 531733035.49687386, 498115394.3118337, 513176531.4226793, 512045236.6676243, 554169830.914213, 508691575.1391772, 527050234.3631218, 495522609.2789484, 516731069.9399754, 500377459.6897626, 538139698.0960286, 496542676.69924927, 502092772.6065561, 483538989.7424897]
[483617903.387269, 513119723.94655836, 521880164.1093747, 506476973.1771525, 526615140.8931044, 498629917.5741261, 511512896.2918849, 540307463.2482178, 506311642.9567863, 527079833.04634273, 489351742.4161891, 508040787.1495263, 514457940.7692087, 486203460.1104593, 513606247.29398966, 554325195.7242304, 555586590.6039287, 523047864.4687126, 513873600.63513786, 504856958.97502977, 472743722.90600187, 504241283.37406886, 533336823.8787443, 506752947.8740633, 519205712.6165182, 483735161.4488161, 515054092.7875451, 477496813.7189768, 493860351.6642699, 507917563.06494606, 541536007.0599279, 552790247.2679359, 507307956.998788, 528954266.7398648, 556131645.0885128, 494366610.2778476, 531733035.49687386, 496079487.9775637, 513176531.4226793, 509283278.93181866, 547951510.702431, 508014386.8747326, 518799227.7313194, 489993292.265388, 516684962.6749444, 492948356.55529225, 536547425.125144, 492418144.7420635, 492859518.19159186, 480656350.3366516]
[480932167.7146832, 513119723.94655836, 515616068.7286668, 506476973.1771525, 516636290.9028257, 495142317.3039316, 507998750.45633715, 540307463.2482178, 505434479.8517149, 523980826.16730106, 485029098.88056916, 503398496.6975371, 511711778.4087979, 485059041.79502666, 510732861.2259515, 530988950.68154705, 545972319.9022288, 523047864.4687126, 503290136.67815924, 501005728.052528, 470800419.29084206, 502794235.0698967, 527617711.75155765, 506752947.8740633, 515782528.8481671, 481802003.85743654, 510779046.9712335, 475092941.3971065, 491537703.2221802, 501418440.6218544, 523551062.02637017, 541369294.8553177, 505050577.2594965, 525158791.129618, 551918404.068691, 491524132.17721987, 529956700.0036143, 491964365.8107296, 513176531.4226793, 503181490.84815484, 547951510.702431, 508014386.8747326, 518799227.7313194, 475022792.88496083, 512780747.6044571, 484250249.5387534, 526436015.0056822, 475519736.94412535, 492859518.19159186, 480656350.3366516]
[475395414.953376, 491803961.2623366, 512076214.18952036, 506476973.1771525, 504570394.51207304, 491554127.6389003, 503481611.5213233, 540014155.757833, 503333091.3215189, 516431259.8879139, 479214424.52880037, 497693434.14134324, 511711778.4087979, 483974760.6436804, 501941707.04139155, 523196489.2100309, 545972319.9022288, 523047864.4687126, 497667353.88515604, 501005728.052528, 465960399.92671764, 492251477.39114505, 513321234.0873618, 504491574.363276, 511532361.845946, 481802003.85743654, 497278933.43686426, 475092941.3971065, 489859149.36199176, 488670346.85815966, 523551062.02637017, 532251640.89848626, 496471354.34082013, 521461117.6046956, 539061024.0859702, 487762709.89667684, 519593670.36522466, 478802819.97042334, 512053850.76785403, 502839993.56266755, 540184164.756713, 491560011.2546805, 514739089.4820795, 470990302.4458493, 504151991.6728794, 484250249.5387534, 516397618.0866991, 474718933.842087, 492859518.19159186, 472607818.32472104]
[461880723.12312746, 490294330.7381719, 509470612.5440172, 506476973.1771525, 504051774.1143649, 486701686.6833801, 482692221.75429106, 536021958.4939359, 495349774.893871, 492445511.85046875, 472961269.27236927, 497693434.14134324, 506200110.05301654, 479578259.36749744, 494683612.12467355, 504500278.1353055, 539217324.7920991, 520537698.89012384, 485933959.4985956, 493041701.4320637, 465960399.92671764, 491051576.1647006, 506166940.44123536, 504491574.363276, 510491105.9713295, 474863646.84455997, 493404531.9636502, 467373651.3820473, 477136294.0507043, 483862420.86122143, 514633221.5622962, 532251640.89848626, 484545679.80138314, 506196127.4641261, 535578422.13642615, 480084076.44784415, 499613715.9507187, 471784190.5615985, 505268741.384627, 502469677.755649, 540184164.756713, 483866271.5996844, 509559283.31272334, 469358484.30981225, 503879457.1372485, 462798068.3295399, 515486007.49668854, 474718933.842087, 484915980.7930207, 467149254.6777913]
[461266908.40148306, 489660845.7459108, 501369583.10983896, 506476973.1771525, 500964694.3419555, 476230518.80366516, 479113486.34246415, 517056175.87815094, 493547664.5006034, 490181002.3657845, 468374852.7323511, 492607435.8076143, 491394551.3106004, 479578259.36749744, 485940753.297163, 496422294.31615365, 531066008.5015399, 508748897.9458121, 485933959.4985956, 487841562.8231598, 433809910.06250346, 484244453.4817476, 499179872.44079894, 501623761.03045607, 498184457.51933545, 471688893.30115366, 491071611.0960938, 460919515.44521046, 460840352.0498308, 478927743.6464775, 507564440.1563395, 531247295.9184268, 480620529.6658579, 501228051.93476045, 524401402.1746729, 466899061.40629673, 491783265.9106587, 466277962.8799254, 495728804.23230827, 488115098.7044114, 524447335.7077384, 481001690.482131, 507050057.4891537, 454020471.8419092, 500813682.301904, 458078197.9878913, 508290472.33238554, 458653022.73207206, 479045404.337211, 458755867.49492484]
[460163419.14393187, 489660845.7459108, 497308328.4341241, 497440089.88991326, 499704426.2562111, 474717313.900712, 478511425.4541131, 514281258.82109296, 491727438.5200044, 483744713.385306, 468374852.7323511, 492326530.41956294, 489083931.03166425, 479028382.83085334, 483478909.99874383, 491283702.8723467, 519326389.61217225, 508748897.9458121, 485933959.4985956, 487841562.8231598, 431504298.9685896, 483538209.21785414, 487688855.73726195, 501623761.03045607, 498184457.51933545, 471289725.76339215, 485628232.2153284, 452415016.2433979, 454242673.76435995, 472048713.13274115, 498885145.86111945, 513318270.66887444, 474396644.9926772, 490916881.23138773, 495496967.82651263, 463183398.2877388, 486894528.144477, 461956905.46610564, 477790743.3819531, 480693227.3396753, 515002965.93493927, 461829022.4512483, 485712604.1533046, 452669807.5571982, 493034576.5455362, 458078197.9878913, 505390448.63928795, 456784405.0499617, 464561176.4510522, 455882243.74166423]
[444024084.99862826, 479084193.0146332, 488679891.8542036, 494512366.72065574, 489876841.2191765, 463999931.899727, 476249588.88698834, 510105196.82039183, 482040727.6964153, 481180085.26133823, 466773541.04239666, 486036816.750127, 488337793.77009296, 479028382.83085334, 473502304.6755058, 472230732.52551377, 511007239.4778352, 506287799.18478554, 482786786.430868, 483661896.558749, 417199427.6640192, 481204680.5548167, 487107464.58790696, 498353200.7214104, 480874761.5865795, 468532422.2616378, 485628232.2153284, 447608343.73500174, 454242673.76435995, 460499372.3045001, 498885145.86111945, 513143933.03023374, 473778223.62225753, 465285130.18530667, 476940080.4056269, 463183398.2877388, 478522425.85611737, 459714573.1830592, 477790743.3819531, 473865242.92528045, 506622509.9519566, 460134779.4501818, 485712604.1533046, 441466182.5967482, 492579172.67993623, 458078197.9878913, 501291558.4193265, 441620308.2725898, 456579729.10542935, 453697509.1598261]
[444024084.99862826, 474846387.8193609, 483093192.54775584, 485308118.3988036, 486411175.5128506, 460901687.37884724, 476249588.88698834, 499029750.56317174, 463733014.7850423, 478464401.00356275, 461249851.7363675, 470132423.5924878, 488337793.77009296, 450290048.83201563, 469546452.18662226, 472230732.52551377, 498035429.0958503, 498040443.9044093, 482666193.8745141, 474592532.82278955, 407172080.01557064, 475982495.2696106, 480346991.7238166, 483324165.5968051, 480874761.5865795, 463485159.87511253, 484925572.27545154, 442623355.889832, 449488917.070628, 458391767.1861, 491748949.10632974, 504751214.2305614, 458453923.4311592, 454349422.94136924, 476940080.4056269, 457844506.50665456, 476139000.31121826, 456092686.7388275, 473565353.6640841, 473187440.14844304, 506622509.9519566, 451948953.02743596, 475905978.07259387, 437348361.3983796, 491119264.0839225, 441559479.6582953, 497772490.59852284, 435051592.1043974, 451485458.70097905, 453697509.1598261]
[435943463.24735373, 464001672.43592036, 477917554.4654441, 460875554.7085104, 480889526.9971595, 458385074.654642, 473444765.50568914, 488240958.0381969, 463733014.7850423, 475832555.61913455, 459319059.0418166, 470132423.5924878, 485090507.3798624, 443207749.83829415, 466862671.7020836, 468667619.09579706, 487357661.1072113, 492063178.0020506, 468355628.17302066, 461041140.67788565, 401496062.08039176, 463157759.1488201, 476082563.20796937, 474857464.512039, 480874761.5865795, 461897206.98367107, 475530638.39887315, 438829591.202521, 449488917.070628, 455747459.22205055, 481163026.404432, 497946679.3513015, 446842756.14987594, 452304421.02913725, 469758553.8607858, 446286049.64407605, 475323080.13816977, 447286876.26677716, 468402019.2438329, 451155996.7092107, 494892632.69380933, 448115227.2580228, 475905978.07259387, 437348361.3983796, 491119264.0839225, 431019633.11400574, 496211416.29514503, 435051592.1043974, 451485458.70097905, 446647860.5429846]
[433556801.76570404, 463514270.4264151, 471215780.1851405, 454730472.8842681, 478164946.2822112, 453431300.7395135, 473444765.50568914, 484266172.8620323, 457218476.185816, 472217715.4442016, 453668236.07217944, 466858865.0714806, 472983090.1528872, 439888840.14430344, 465627247.69345933, 468140474.61690724, 484638894.52615654, 482029601.465793, 454034655.535628, 449749483.17004776, 397233121.26210433, 463157759.1488201, 469063507.3339919, 474857464.512039, 476876677.02351034, 460002632.7924034, 468381459.2072443, 435084999.2526004, 448768719.75550336, 451418832.0218274, 468240729.56712484, 494113768.26452386, 445421713.6366159, 452304421.02913725, 458674809.7639307, 446286049.64407605, 467471576.29970425, 442150874.75837934, 464771421.8203885, 448147118.5119114, 483857074.157606, 448115227.2580228, 475905978.07259387, 435379807.32187474, 479171947.16413414, 429175983.7672039, 496211416.29514503, 424269202.60257816, 445109555.3904371, 446647860.5429846]
[433406837.18012655, 445628266.40181047, 467834476.6874019, 454730472.8842681, 472627940.6884905, 451567715.96870834, 473444765.50568914, 473023621.64725465, 457218476.185816, 459414064.43446386, 453356720.19389284, 454423159.0248081, 472983090.1528872, 439711929.590013, 465627247.69345933, 464201002.9818384, 471982954.1660124, 480005561.94762534, 452728965.7950944, 448682873.31518877, 397233121.26210433, 459752444.8505452, 465091566.7154781, 470364841.02828217, 455794636.41510737, 456009039.0985595, 468381459.2072443, 425653498.3537055, 440208426.24073535, 451418832.0218274, 468008522.5791653, 494113768.26452386, 425139628.33904284, 445010384.07788324, 453395940.24735993, 446260896.8589916, 461271749.364398, 430239338.64561015, 464771421.8203885, 442835645.4300643, 482152041.55835646, 444062807.4329549, 474650621.44073945, 427138843.857387, 473490896.32919294, 427439898.6860163, 491559727.6168216, 422947003.4211761, 442459352.0440553, 446428244.8541913]
[425441997.49513555, 445132909.79563457, 452343705.5831536, 451254759.081528, 472357159.09083205, 445982419.710248, 450180247.0621152, 473023621.64725465, 456401784.99145526, 444982419.82181585, 438120840.88522416, 445582633.73979485, 465796879.70076084, 432245479.1449777, 459106159.46446246, 464201002.9818384, 471588941.158724, 447855315.5653427, 449264647.9227352, 440324481.5967735, 392806357.0303931, 456912863.44055843, 461368235.10753995, 465361485.09471166, 445841345.2965047, 456000788.8829034, 468381459.2072443, 416447195.05829924, 440208426.24073535, 448197039.0886186, 460263851.9819852, 494113768.26452386, 422577145.5747994, 441711400.3281661, 449475208.8316759, 446260896.8589916, 460996164.9434539, 418009185.81691134, 447791709.8645272, 439570912.40144444, 472554386.1180266, 438022632.4595229, 458480042.69945985, 413323536.55644965, 467957565.40763396, 418318679.8897208, 486854077.0200222, 419260511.36868274, 439215032.8902003, 445519188.06692]
[398979425.0727819, 428950460.6582462, 429351081.64012575, 448331512.99491996, 466789194.36279, 445982419.710248, 446695341.75623226, 470432738.9120755, 450423496.95532626, 444982419.82181585, 438120840.88522416, 441204469.82851666, 465796879.70076084, 430084290.66962767, 459106159.46446246, 464201002.9818384, 469078770.1115673, 442106201.5540185, 442266030.02641785, 430781215.284942, 391728831.94653314, 456912863.44055843, 451308302.20662326, 465361485.09471166, 445411420.5186208, 453206150.47125614, 465984086.3001974, 408194532.58100975, 437604390.3513581, 445313882.5931362, 457946785.34475213, 483124279.789282, 418662448.094153, 431614543.1673643, 446456461.1213082, 440396232.69435203, 455122871.9037132, 418009185.81691134, 443094567.40195644, 431703257.4574963, 465900459.6558115, 436790821.9679855, 453193391.88230073, 413323536.55644965, 457968989.06412905, 416449904.31895566, 479618147.6877734, 412022291.02987194, 431979437.89120644, 445519188.06692]
[392807389.10266626, 420139012.95704174, 413868006.76456535, 434880021.7267784, 459112894.3356143, 439824708.857676, 445769791.8633512, 470432738.9120755, 441089741.5112096, 442620492.2121075, 425722829.94440746, 431554576.4895363, 461917673.0227151, 425439561.490425, 459106159.46446246, 450197627.94292, 457425168.9979556, 427514779.18347466, 431036945.3233514, 426240464.5030019, 378682449.5541822, 455756573.77855635, 442492130.40990573, 463181098.4959696, 445411420.5186208, 448360243.3324472, 451417727.67021596, 405942523.16813594, 433458624.6818631, 442898934.35937184, 457946785.34475213, 479333915.1044711, 415149216.31792665, 428090264.3282752, 444437585.37968826, 428927017.2883599, 455122871.9037132, 415678558.5082679, 440189535.5251256, 419887102.46241033, 459653674.3722212, 428792693.0936401, 453006771.9799428, 407109785.0604137, 457968989.06412905, 407650024.99690086, 473865480.8991095, 407569338.08864605, 429635744.5571823, 444209287.10194427]
[392807389.10266626, 419096666.76619816, 404419204.8520871, 431630047.43372965, 456563808.6219244, 425303201.8407451, 437824181.0896497, 458869651.5335913, 441089741.5112096, 442620492.2121075, 423809200.0954973, 428786484.2091911, 447450240.91049033, 413825055.8232841, 438296755.2081971, 445586232.19449425, 457425168.9979556, 427514779.18347466, 431036945.3233514, 425189822.6898414, 377650853.2833648, 452896433.912148, 442117146.1273565, 453993320.8575514, 440956220.5394441, 442939505.6620963, 446097856.20317763, 405429026.8044184, 429088114.5326423, 442898934.35937184, 450010213.7227351, 474995646.4234439, 409902576.0645491, 423674306.81729543, 442156171.0972675, 418886623.5595017, 443641041.28857327, 414230275.69741344, 437891214.1845743, 418196531.46775043, 459653674.3722212, 428702381.22720206, 453006771.9799428, 406821935.06814706, 450672024.00215995, 407035246.36484873, 468522162.9814814, 400358487.88910544, 428657882.14745843, 437335441.82011235]
[384698167.1286417, 407836080.24344695, 402235551.13347137, 431630047.43372965, 453549274.1014633, 424773266.545975, 430046714.4664448, 450902944.58178055, 440136174.83524734, 436542381.60353816, 407977905.40713537, 416215750.51813227, 439371708.97238016, 413825055.8232841, 430041648.95076066, 442221659.889239, 454280617.6704382, 413079348.2447921, 426020458.5105544, 422895051.13822424, 377279131.64516914, 451178989.1299795, 442117146.1273565, 449034544.8299513, 440956220.5394441, 434996286.5857279, 437869218.99141854, 392482404.035055, 427555831.97447145, 438553916.65294707, 448351025.24769175, 470000782.9342536, 405722281.04571015, 417944841.4161884, 439659661.85905254, 418886623.5595017, 431388026.01839626, 414230275.69741344, 423951958.208309, 415247342.6861966, 450958310.52907115, 428577583.4212614, 449216529.4482153, 395698134.4701923, 446793133.8201803, 404949459.01131195, 458419874.7636278, 395581018.8051722, 420482162.1398655, 434211993.9945494]
[384698167.1286417, 400933330.1506821, 400836625.0911286, 431630047.43372965, 446224220.6851322, 418278742.23556125, 424887651.33665305, 442582284.5689101, 435510669.18479645, 428948280.79990214, 403868951.5071481, 404090296.8847891, 439371708.97238016, 405227783.89864755, 423819679.7705813, 440419629.2089831, 448070267.6871438, 406009795.16443574, 426020458.5105544, 414095422.5319022, 374309356.8729646, 449245688.3830398, 439620693.75131273, 449034544.8299513, 439512116.5101935, 434996286.5857279, 434640874.72520983, 388172328.6631402, 427252670.92242736, 429686784.3170439, 440180534.01064146, 462297537.37821025, 405722281.04571015, 405832825.17348474, 433502941.10890025, 418886623.5595017, 427430161.4699316, 410057178.4083618, 419521655.16554135, 415247342.6861966, 444754781.4803251, 428577583.4212614, 444218000.8681712, 384745409.46986145, 418758755.5233284, 401364268.5912775, 458419874.7636278, 395581018.8051722, 414526026.7809169, 428640387.180192]
[384682281.3314265, 396766795.2189066, 396425610.4351419, 420272387.31758994, 439185921.398682, 415499156.9810201, 421931867.7823718, 435588420.0090435, 434176964.51439583, 423029972.33253163, 395965492.58677435, 402229401.15340984, 429825908.21943873, 398127826.2707213, 421873783.68010116, 440419629.2089831, 439907587.97628385, 402943609.2353969, 422827892.4465057, 413536486.87403667, 374309356.8729646, 444866832.97730285, 439620693.75131273, 442745781.8365601, 431262895.1866183, 434269228.0576175, 425549446.9924101, 383963282.30178845, 425272296.87520087, 422296862.41947806, 438642065.6024281, 446533386.95388603, 401024155.79442376, 405832825.17348474, 428533037.8564763, 406541929.8285582, 418242933.7750432, 409553222.5984599, 411049353.75465, 403835936.43164074, 430989742.62370795, 427790411.3005114, 439974374.24187744, 384745409.46986145, 416106934.65240806, 399369798.0449843, 443075142.07845116, 389611409.04848826, 392857647.8919842, 424726097.8112811]
[383029961.475304, 383503637.01005, 392173249.04915535, 416946157.28140396, 432160007.9282788, 415499156.9810201, 419526786.6662852, 435588420.0090435, 434176964.51439583, 409157847.67194974, 393569168.6191551, 399929732.9112829, 426365630.8056765, 398127826.2707213, 414167084.6530701, 434561999.09381187, 439907587.97628385, 401131813.32229424, 417540622.82601196, 403911944.8583341, 371500693.71320057, 442469446.3478775, 439620693.75131273, 440544811.4000519, 431262895.1866183, 432290459.48593616, 425409594.60484225, 376434482.64573944, 422527252.17074454, 422296862.41947806, 434074717.6724833, 446533386.95388603, 389578048.5870052, 397721798.8165669, 417448235.42849314, 406311173.9661152, 417410348.136086, 399860714.690801, 399046357.11564505, 399907242.84808886, 417524927.180829, 421145048.08875304, 425321413.66791147, 384745409.46986145, 414903219.3219688, 398931766.9263123, 434433492.8389621, 389310961.7246834, 384738411.0585462, 421232394.2478596]
[383029961.475304, 383503637.01005, 385662691.99274457, 400657225.09954464, 431692810.988108, 413008414.142482, 418363355.71751255, 435588420.0090435, 432873248.70752466, 402158294.3927641, 393480404.3461935, 397197102.89084613, 407751037.3385443, 395765861.3861617, 411506028.0707915, 434053277.9232953, 439907587.97628385, 399216797.16531086, 410865722.88106936, 403911944.8583341, 364632045.1416602, 426870730.3670085, 431009973.93877566, 440544811.4000519, 419652584.04313827, 430686161.2182417, 422595123.53054297, 374671577.84556675, 422527252.17074454, 421264833.0123303, 434074717.6724833, 446533386.95388603, 386153637.7087915, 392382170.5075408, 410816930.7657687, 398963824.682986, 417410348.136086, 399026473.5710844, 388598109.1147277, 399907242.84808886, 417524927.180829, 421145048.08875304, 416146173.9943079, 376304554.8133741, 412609254.88563186, 391982705.1189097, 428007360.0080439, 380455305.58707345, 381633196.02192914, 414786573.19047874]
[382488872.3908506, 381383482.3192538, 385662691.99274457, 397767238.5079054, 427389683.4133598, 407284286.0137199, 416542330.4644371, 427221826.09576976, 424507554.15276426, 401160556.9800726, 393480404.3461935, 391085222.9921008, 407751037.3385443, 388531104.4353174, 406508256.6876517, 434053277.9232953, 415762629.15741456, 395645490.9955145, 400532779.73433924, 403911944.8583341, 362315746.9183302, 425950059.1165681, 431009973.93877566, 436745281.58870375, 417312878.0973974, 407777989.2059628, 416576503.62731445, 369975489.8320594, 414374601.2090995, 419944890.32968384, 430807938.4422634, 441591103.9516174, 379625633.7988307, 386446885.45960486, 408960752.8442559, 398963824.682986, 417410348.136086, 398485757.0306071, 377554104.6487433, 399907242.84808886, 416040157.36333025, 421145048.08875304, 403866770.1826866, 372068062.0104285, 412609254.88563186, 382245564.23800427, 428007360.0080439, 377242205.0761262, 381633196.02192914, 399996733.12704575]
[382488872.3908506, 373642864.0192162, 385662691.99274457, 394122783.7890185, 425419833.10371846, 397710350.4168307, 414359991.1064484, 423026074.7474185, 424507554.15276426, 395580135.93195915, 393480404.3461935, 391085222.9921008, 407751037.3385443, 388531104.4353174, 398228359.76317763, 423424028.42474335, 413752435.23442394, 395645490.9955145, 400532779.73433924, 401956974.5692159, 357448753.63475275, 425426779.4493437, 421111053.4719177, 436577648.3505597, 415291277.91277, 399855070.9644461, 414042165.3876718, 367413427.7772951, 405258246.10925466, 418737797.6512212, 428463890.57020813, 431986477.5089709, 373432574.25769466, 386446885.45960486, 397304542.038203, 393177585.4020989, 417410348.136086, 397336621.6871545, 376713782.20083237, 399317770.3762842, 410939201.363793, 403412860.07557285, 400848523.1952026, 368350365.4720695, 411827827.7180964, 365529185.4785555, 424743760.8831016, 373865086.80957663, 379415127.55852854, 398346932.99245244]
[377264998.0738433, 372599367.919583, 376600791.75433403, 390562858.55872345, 424922330.3976636, 396832032.2598489, 412941508.6340555, 423026074.7474185, 395799583.5005796, 389121359.6785488, 393480404.3461935, 386040787.52184767, 407751037.3385443, 386093220.59455156, 398228359.76317763, 416797753.5407928, 401387524.4680087, 390891138.9660418, 394854884.9855828, 396513398.15905166, 355847017.9363071, 413020604.68190545, 413382467.42931646, 421917781.2319749, 404912835.8922558, 396086195.15706784, 414042165.3876718, 367413427.7772951, 404061055.6508441, 413569002.4513793, 417448997.47528976, 415727585.75089824, 369767368.10072917, 381118358.534529, 396243998.1441583, 391921343.879354, 403326233.4208851, 396432106.37540835, 376713782.20083237, 393394752.77614063, 410939201.363793, 394518683.453485, 393405228.6165032, 362860832.7044354, 411402743.72818285, 365529185.4785555, 414254865.78725713, 372419387.0532438, 379415127.55852854, 395842623.9740492]
[368647505.6145855, 371698871.91567916, 365551057.3225808, 384770136.0130459, 418519858.4146087, 396203845.76902103, 411397116.4020418, 423026074.7474185, 380834293.0818571, 388942037.0850601, 387035537.1040696, 383938616.0104071, 404744243.48824656, 385410681.54611826, 393764558.52042127, 411550653.127446, 394981804.4486926, 390891138.9660418, 394615107.29279864, 395017655.6637522, 355847017.9363071, 393918715.0438489, 409620268.3773905, 421149998.8926892, 404912835.8922558, 385374590.91766906, 408717558.85340595, 365305345.6486945, 400689489.70656776, 409335564.37488776, 398172543.8846581, 415534163.3715654, 362105451.95985043, 371308970.7619492, 393600525.91431725, 386101050.31410205, 387360271.72478324, 389085823.9294982, 374586797.5574698, 388285835.1352055, 410087198.9460162, 394518683.453485, 386479530.21920556, 355817642.29091454, 410239229.15418327, 365529185.4785555, 407564173.76315874, 359894707.0117028, 379415127.55852854, 390886913.58422154]
[368647505.6145855, 368744419.2783392, 363468246.16955847, 379406150.02056146, 411715919.66386163, 396203845.76902103, 400266270.50801075, 419673754.3624722, 377764775.7580535, 386498428.6922064, 386575309.91698045, 380685851.77070284, 404744243.48824656, 381665916.4911741, 384338778.22136337, 403300282.3271338, 394501309.1501171, 388156423.16591096, 394615107.29279864, 395017655.6637522, 355847017.9363071, 391073725.3390861, 409620268.3773905, 416657983.126186, 395636389.77259964, 380160958.12180114, 403455358.4267807, 365305345.6486945, 397080521.0761234, 409335564.37488776, 398172543.8846581, 415534163.3715654, 361261486.41573894, 360506605.0963943, 393600525.91431725, 384520505.4464818, 385431037.87949896, 383194078.99442357, 368322616.7499481, 385291264.5470634, 410076837.4101511, 384792076.8975726, 377235738.5649246, 354777966.9596176, 402975993.5564479, 358086771.69091433, 404436753.1179133, 359894707.0117028, 369417308.19934136, 389602978.24183786]
[344305788.2441115, 363295626.3307321, 358691850.54606307, 368351976.76669574, 409935471.2224051, 378834493.32492405, 396289846.0949769, 419673754.3624722, 377764775.7580535, 386498428.6922064, 383574362.4662276, 380685851.77070284, 401985993.06906503, 381412780.8035761, 382871106.56589305, 403300282.3271338, 382874728.15827334, 388156423.16591096, 392376658.71675456, 385179369.0937134, 355791171.63249505, 388250000.85459226, 407837602.67295784, 414119101.0093862, 392631723.32922465, 375217942.1903209, 401280147.05931294, 362608099.3420738, 383045876.27527034, 409335564.37488776, 398172543.8846581, 415534163.3715654, 360373550.077212, 355816474.11104536, 385446592.71731335, 381145348.3581131, 381208477.66235, 377294208.20502424, 368322616.7499481, 385291264.5470634, 410076837.4101511, 382006315.2306818, 377235738.5649246, 354777966.9596176, 395708886.1348275, 353168365.3553683, 399878524.3673542, 359519308.1688032, 367426447.29850584, 388451387.0051495]
[344305788.2441115, 363295626.3307321, 355871736.3985521, 368351976.76669574, 399334194.9568123, 376957678.7864448, 379824460.5569991, 400801131.1558883, 377764775.7580535, 386381745.9410572, 381370792.5647038, 378843906.4822786, 393644773.10308075, 374428550.9357047, 375767741.53870517, 401880793.70630443, 376294167.62911165, 388156423.16591096, 389009099.9894894, 375762654.987534, 355432246.7834023, 385337077.4301655, 397376562.8630127, 411876111.0424982, 392631723.32922465, 367079268.8583442, 390614968.2489851, 362111903.0095606, 380405559.4246887, 404494830.505376, 398172543.8846581, 406505213.69203436, 357567596.1659695, 345495302.2536067, 385446592.71731335, 381145348.3581131, 379487706.8828777, 360158438.30562484, 367943660.25881624, 382219573.3825005, 406630388.0642348, 380457957.32138115, 374786013.35212755, 349785015.85686076, 385047941.5077542, 346517943.9696514, 388380345.88674814, 359057527.4723536, 367426447.29850584, 387238118.43004954]
[340646421.80368865, 363295626.3307321, 355871736.3985521, 361951871.9788928, 395676684.4167561, 372549644.58497626, 379824460.5569991, 400690755.5015203, 377192429.6667961, 377826817.98647547, 379079689.18899745, 373640148.5541191, 392782278.2865472, 361793780.7752949, 368635469.10849273, 401014376.8265972, 362514429.47544163, 382190281.33474594, 386965935.28628385, 366840542.76677024, 355432246.7834023, 373856865.0138499, 389288526.38562465, 410577977.825356, 390599367.0972878, 367079268.8583442, 390614968.2489851, 362111903.0095606, 368002387.4416431, 399973243.705823, 395925999.4134004, 397823130.34957117, 356504357.75272167, 343815802.73970544, 379231856.67053926, 381145348.3581131, 378736734.27702934, 360158438.30562484, 352662447.6673258, 374145150.87565416, 394618827.360924, 375121867.9476224, 362845484.045503, 348379939.4986494, 384485422.6988076, 346517943.9696514, 385186612.4282309, 359057527.4723536, 365977558.3507166, 384823868.3802159]
[340646421.80368865, 361886473.5525344, 347919593.4311983, 358719918.0903204, 394718457.74646413, 362296395.0309624, 379824460.5569991, 394880893.2304856, 374397844.6202444, 374502143.5537571, 378205206.1508333, 370417258.3282502, 387800123.6212314, 360748446.82807744, 366467838.30975294, 396468855.79405355, 356755301.21608794, 382190281.33474594, 383790558.7151121, 348805889.5558766, 348401572.50139743, 373793049.45134723, 385712072.56948507, 398138775.0307974, 374980440.03029346, 357995979.9480275, 390614968.2489851, 359756395.5197998, 367293482.12085074, 389264708.4302369, 391821696.0472823, 388251255.4081711, 356504357.75272167, 343815802.73970544, 377833132.6195268, 381145348.3581131, 364992904.51027155, 359865940.1533183, 352662447.6673258, 368012762.71978104, 391021835.4518236, 375121867.9476224, 354409237.56316084, 346908741.02533406, 377616049.7193786, 338826506.71070355, 358379237.1577951, 356983797.0666112, 365977558.3507166, 380319773.79679656]
[333034226.7610531, 361886473.5525344, 347919593.4311983, 358719918.0903204, 391561535.21689314, 360626954.2634276, 374344177.90103775, 394094463.91028464, 370418870.4803139, 374502143.5537571, 373131685.50207937, 353815820.64991397, 384403881.11840594, 354886971.4570626, 359945563.85723054, 394995638.3415617, 355409528.6993531, 381602476.19237983, 383790558.7151121, 342952032.8615044, 342029464.3591641, 372069270.64537066, 384873223.4281011, 393566504.9695745, 372867957.5797752, 355269322.4666324, 390614968.2489851, 359756395.5197998, 365010866.9688694, 385458130.075135, 386113451.45412576, 382617037.27856475, 356444881.31669486, 339754235.5670017, 375316301.57066184, 375213502.44665253, 364992904.51027155, 342986284.62560904, 352662447.6673258, 362721225.96478546, 391021835.4518236, 362523686.74225914, 354373259.3413463, 341361068.5667728, 374088379.46819305, 338826506.71070355, 358379237.1577951, 352062898.51019585, 358239204.04645735, 369058567.4636203]
[333034226.7610531, 357245511.52283734, 345885940.00066024, 356663935.42949605, 384416054.9882769, 359359364.04425323, 374344177.90103775, 392579235.6841353, 364421602.7919511, 362002391.7016436, 369084555.09205616, 353150404.10281366, 384403881.11840594, 348206262.0433353, 355200103.79546374, 389511630.3885233, 355409528.6993531, 379644984.9803657, 381495005.16741157, 342952032.8615044, 342029464.3591641, 361186267.41513264, 365598124.9890309, 389401312.83666986, 366927840.68713367, 355269322.4666324, 390597187.3089398, 351082448.50604343, 362853501.0319541, 383383650.6782052, 380262180.16508734, 378590423.77598184, 352228324.71618193, 333251140.2920176, 370930280.821283, 366519271.8658432, 362731602.88169706, 337543037.3455269, 349544762.6935612, 362721225.96478546, 383600902.0880183, 360835600.7297336, 351181604.9859743, 340205437.6411957, 370413569.1440108, 336118404.2851883, 350333831.80630374, 342473692.117354, 355221793.7491003, 353972696.90113676]
[332392304.42005557, 347073669.9883019, 342283346.06410867, 354751804.10245144, 380147446.2115508, 357028456.83410466, 374061407.30655897, 389701157.4298344, 362890589.9565001, 362002391.7016436, 368241058.29082286, 344076918.68064713, 381587921.59787995, 347317821.29614526, 351385293.3184918, 385348362.72401774, 354901790.1718561, 372520054.3893251, 380995301.92174983, 342952032.8615044, 337336786.40137184, 361186267.41513264, 365329359.769754, 385556631.8643454, 361007931.5234457, 347913546.93907744, 377498076.60957867, 351082448.50604343, 359626165.3663678, 378100421.2949788, 378954704.653602, 369611927.0932342, 344999749.36842006, 333251140.2920176, 369421544.5508728, 363498638.508379, 359425204.17023504, 333677053.3289052, 348987999.36920726, 360258092.8433207, 381614608.20591986, 348489027.56187, 350178467.0986566, 333927518.0978224, 362507961.1348102, 336118404.2851883, 347343643.2528037, 342473692.117354, 353157199.19325954, 353972696.90113676]
[327655855.1672067, 340162027.57912546, 338291283.7670914, 352194579.3233665, 371209818.4369783, 341877919.52669513, 356998044.9236091, 383494603.430447, 360871524.72233474, 360235415.11677337, 361750741.97342485, 341212044.127561, 367940226.5856281, 331218598.10484666, 344636373.4682077, 383575334.4316062, 354901790.1718561, 362619240.0575917, 375479874.4223038, 342952032.8615044, 337336786.40137184, 345605254.5724283, 363273150.1306045, 376552110.82904446, 354632266.17085457, 344999588.2294803, 373181996.97101396, 338613780.11299056, 357407699.1330925, 375413455.1782043, 378954704.653602, 357649158.5372852, 334269785.9334404, 328253163.4110405, 369371108.34841365, 363498638.508379, 350668110.1384955, 331352086.47156537, 348987999.36920726, 346871289.184723, 379391242.92525053, 348489027.56187, 349756622.90940666, 332071206.0847453, 356312174.6135228, 333778958.14193356, 342100648.70523393, 342367612.0358956, 352760075.36053365, 352478226.9658872]
[327655855.1672067, 338128976.287555, 335412716.7563614, 346878956.5947355, 368750721.26806015, 341877919.52669513, 356998044.9236091, 375582402.74082315, 356953658.3445391, 360235415.11677337, 345651416.1396039, 335611014.41077316, 361304803.95957, 327966373.6208867, 339972974.50049704, 383575334.4316062, 354901790.1718561, 358439639.80005395, 375461249.4331308, 342952032.8615044, 337109698.65661514, 336184780.7276935, 363273150.1306045, 363098901.9717478, 354118584.40738666, 344999588.2294803, 371562740.34415174, 330980788.189934, 356968181.4507309, 372860921.82276475, 367352336.11975133, 357649158.5372852, 334269785.9334404, 328253163.4110405, 369371108.34841365, 362164231.8801587, 350668110.1384955, 314413082.0426811, 348987999.36920726, 341108750.1499831, 379137415.9536333, 348038741.7541831, 342156078.56546944, 327595022.46551234, 349753448.97335786, 332851522.587154, 335245656.85338295, 341843939.47160995, 350090572.5488911, 350194049.51202136]
[318494507.2839082, 327613873.3996484, 335412716.7563614, 346878956.5947355, 356967378.1121819, 341841673.3562183, 356690275.17031837, 371070766.81872, 352342704.59470516, 350733222.794815, 343553473.7773231, 324781702.8738524, 355082233.7154361, 326276207.32666975, 339972974.50049704, 375693737.7308637, 341017217.634483, 358439639.80005395, 374901568.07195115, 340976679.8940283, 336107508.23806953, 335264968.5014573, 352412711.9237209, 363098901.9717478, 353352588.5346736, 341248905.514912, 370932597.61424744, 320721443.412568, 354930895.1025958, 367586368.60878146, 365567011.724297, 356100478.33606076, 332237408.85046893, 327484442.0147011, 362615233.6145607, 356907492.7880473, 347917328.813457, 310939245.5761274, 346982344.1354807, 338828194.66131264, 371758375.9354104, 348038741.7541831, 337483705.7689152, 325518258.2042922, 349753448.97335786, 327778030.49157226, 330329306.1991847, 341843939.47160995, 338352523.0562357, 342679414.08521575]
[314872364.6150389, 323429866.1185664, 313036282.6705445, 339738359.2701424, 354504126.06574714, 335373936.74547994, 356690275.17031837, 370186581.72898334, 352342704.59470516, 346092564.81478083, 342337738.7941658, 324779005.1579852, 353137487.39938825, 326276207.32666975, 333275472.99840635, 375693737.7308637, 338074516.1727664, 355734044.37761074, 361966443.83069193, 340580385.7741593, 335197201.1827808, 329219900.6296308, 352412711.9237209, 347845162.61066705, 350252492.42847097, 341248905.514912, 369048607.51920944, 320708034.2387942, 334964521.8059103, 367344958.54687876, 365567011.724297, 354690289.68621576, 332237408.85046893, 322253193.11953413, 360846321.5210484, 352424684.77344435, 347151653.2715329, 307273129.042902, 343291182.09467083, 337110405.3297965, 371758375.9354104, 333379261.2694286, 330331103.7254261, 322105762.50413597, 341581405.852049, 325074586.46615595, 330329306.1991847, 341843939.47160995, 330224811.6553968, 337220170.8923413]
[305094493.25163865, 321159156.0310656, 313036282.6705445, 333956232.5664514, 353902413.8310695, 332427727.5281219, 352949378.76239485, 364220427.9648646, 341769439.8984113, 337574229.0179679, 340515330.9901943, 319039425.92747927, 352635682.15875554, 325033704.51843476, 327536509.66612065, 371527444.0912036, 336511669.2851026, 355734044.37761074, 357360425.31562865, 327738740.9795359, 325087535.4260447, 325508894.85219944, 340296423.13412607, 344653094.2591148, 350252492.42847097, 337352670.5072378, 364563620.2554101, 320708034.2387942, 334125168.6747595, 360401328.9779445, 365567011.724297, 346809033.6408317, 328586894.2044381, 316809709.53081715, 355444696.7184413, 351439335.7419919, 338260890.7870828, 305227665.6020085, 339491823.3881538, 337110405.3297965, 362976492.76779175, 333379261.2694286, 324475101.59293467, 320900135.34983313, 339692239.5419368, 321882934.9660329, 330329306.1991847, 333840956.7071744, 326956002.79532033, 337220170.8923413]
[305094493.25163865, 321159156.0310656, 313036282.6705445, 330347825.85997325, 350633699.81471455, 326794477.15374666, 341026057.2753823, 364220427.9648646, 341769439.8984113, 337538735.09728485, 334408928.1149666, 312568325.08519995, 351619240.74391085, 325033704.51843476, 327536509.66612065, 367441487.6501566, 332706538.7171136, 353434220.4423164, 350966315.65950465, 325889339.14667577, 320398953.17227465, 321977626.46572024, 340296423.13412607, 341965146.0104207, 346436724.2657078, 334152000.8937103, 362635291.1294764, 320708034.2387942, 333571727.2930809, 351114938.9397665, 363685612.79951864, 344194928.83861995, 307744168.16779816, 313831559.65756524, 342248408.5766004, 351439335.7419919, 338224638.72434914, 298558506.56944907, 334473600.15419495, 333337388.3385932, 362976492.76779175, 333379261.2694286, 324475101.59293467, 319373022.08620596, 335014503.40540695, 315872586.2788342, 329928041.17878467, 320296510.8357166, 313064915.2426066, 331588221.82326263]
[303876253.34739226, 318599874.5588857, 313036282.6705445, 330347825.85997325, 347686191.49112564, 317482626.73523027, 341026057.2753823, 364220427.9648646, 337877944.41340375, 330984518.166556, 332591045.3920935, 310381830.082351, 351619240.74391085, 322963944.12596655, 326724484.7602814, 367441487.6501566, 332706538.7171136, 348832239.9570879, 350966315.65950465, 324613923.30705637, 317657393.0957705, 316142543.854938, 340235429.8195843, 341965146.0104207, 344031114.4483324, 331720510.36446965, 362635291.1294764, 318301624.95620084, 332703839.540821, 341269778.84154034, 363685612.79951864, 341798589.2441684, 290091248.96435285, 312239034.6828331, 332974449.4037182, 345713641.0419265, 336963401.8522644, 298558506.56944907, 323630302.23781246, 323100835.1038951, 360388422.7629085, 331368919.95723504, 315290340.2031526, 319373022.08620596, 315735439.5259262, 315315120.8430126, 324684148.10753417, 318951202.34079474, 313064915.2426066, 328251628.1443138]
[303876253.34739226, 315539182.4223317, 310404448.0490417, 330347825.85997325, 347549321.0242694, 309713927.599722, 333438460.81421286, 361819749.64677083, 337877944.41340375, 329802425.81743014, 331830435.2647408, 310381830.082351, 351619240.74391085, 319020332.8420929, 326364158.5349245, 367441487.6501566, 331724364.4716736, 348832239.9570879, 347704294.382047, 322583488.1939585, 312903984.63616884, 306926891.50399595, 338406467.6959007, 336149020.4116868, 344031114.4483324, 331031028.34618825, 352382794.90914136, 313967376.3443251, 332703839.540821, 340996080.57453746, 358452421.2128486, 333579780.9305359, 290091248.96435285, 306638569.77867067, 332974449.4037182, 343983114.93195593, 332101380.18600345, 297153344.3696277, 321299650.0207967, 323100835.1038951, 356861234.7241012, 331368919.95723504, 311601363.30394524, 317882168.57659274, 315735439.5259262, 315315120.8430126, 324684148.10753417, 317586645.62401474, 308487289.9862918, 319332936.7036992]
[303876253.34739226, 314454061.57795334, 307051075.56663215, 326939561.095924, 346803656.8764082, 309014605.46736735, 329222767.62557054, 358980404.8285276, 336419584.25672996, 328566175.8523443, 324622589.2803079, 309120146.78567094, 351142202.15547234, 318993871.07463634, 317373266.802206, 363816140.1342346, 331724364.4716736, 340322142.3383993, 340770663.2538362, 317763828.1977523, 299618226.0302533, 300547507.9365647, 338363762.97382015, 335648492.5783664, 342124279.51492155, 327613561.8314065, 352382794.90914136, 309786489.5637344, 329079143.7469653, 340347335.6333057, 352593543.66769284, 333579780.9305359, 286491382.36986005, 303788744.0785197, 321706749.67877, 340965070.7753804, 329657933.66049033, 295340461.93479526, 311191559.52536494, 323100835.1038951, 356499071.06773835, 324800398.07621443, 309451188.5683601, 316154664.5602224, 315735439.5259262, 314109367.4492268, 323129579.96020806, 317586645.62401474, 308487289.9862918, 315326869.2288344]
[303876253.34739226, 310287918.3266437, 306071178.16492236, 322359391.749748, 337342244.9726184, 295539337.05315554, 328332054.3477069, 357157745.7286787, 336419584.25672996, 322189623.31548905, 321307280.41498166, 303629956.39436066, 349346283.3245753, 318993871.07463634, 317373266.802206, 359088026.7802224, 325969909.17481536, 340322142.3383993, 332093677.1436903, 317763828.1977523, 296342879.058283, 298636825.52372277, 331230540.2454692, 334791370.68343246, 339272712.41333646, 315916497.88578695, 345146186.1350589, 309152976.8131972, 317814187.28989506, 331602170.61326176, 352593543.66769284, 326455414.9648511, 286459848.8788733, 302988893.3387781, 321051195.7574662, 339208783.352836, 321680161.43021584, 295307657.7352228, 310205141.716732, 316083908.5048684, 346523667.5634995, 316083975.01594794, 309451188.5683601, 315658946.0498847, 310898660.7865178, 310227471.3808688, 319703102.7052201, 316903568.32268393, 304919571.3414955, 308381270.331952]
[299942963.6004454, 307158103.1158017, 301943782.5525833, 321013078.8803869, 337342244.9726184, 295483276.67859864, 325755137.26928246, 345442414.8456077, 328291122.7333193, 320354007.44969904, 318752492.658249, 299463980.8069805, 347854490.4685736, 313177199.81897384, 315898077.7618729, 355382945.80297166, 313719487.30471367, 337779121.8305563, 332093677.1436903, 300427667.82050645, 289952014.3627776, 292884715.7088018, 323268421.49559027, 326049758.52042896, 325704729.56421125, 315916497.88578695, 337300129.3276542, 305600649.4453198, 309011224.11613333, 331602170.61326176, 351437394.04723907, 323915409.56337774, 286459848.8788733, 302988893.3387781, 321051195.7574662, 333530771.35965264, 312307825.4141669, 278727145.92449963, 310205141.716732, 309162075.3619365, 336718286.2961853, 311560245.93209636, 308664397.7096005, 314965240.5116886, 310898660.7865178, 305489963.06557953, 313178178.9811977, 313844759.54888403, 294279515.41483307, 305395856.3322625]
[296484205.3923765, 300907086.51720595, 298069722.57062876, 316637728.0343553, 337342244.9726184, 294886105.87873566, 320639223.0161611, 332877701.1000917, 325435215.11005443, 316111079.50819546, 306260890.29991066, 299463980.8069805, 345158353.71283036, 313056773.92356414, 311269890.97500503, 353958395.11475307, 312083724.80255175, 323005039.45327264, 324133770.6033431, 298862893.6480244, 289952014.3627776, 288987505.6347295, 320076259.75574434, 326049758.52042896, 325704729.56421125, 309409134.2390293, 337300129.3276542, 302723404.0284339, 309011224.11613333, 326170108.37367, 339378565.643732, 323878406.6129967, 286459848.8788733, 302988893.3387781, 320461551.8234425, 323063763.50561565, 312307825.4141669, 277718094.1134798, 310205141.716732, 300163276.26152223, 329127172.23560923, 306991138.82325727, 305054654.6253194, 311099211.4851307, 310898660.7865178, 296585334.84395784, 313178178.9811977, 306760992.16075957, 289283439.09093755, 302921082.327377]
[291664028.60319895, 294362519.892806, 295502573.95032394, 311492463.05590594, 337342244.9726184, 294886105.87873566, 319846421.20841014, 326905960.397559, 321366288.2379645, 316111079.50819546, 304679087.5136775, 297323050.22558296, 333044505.8446013, 312883961.4665419, 311098671.92021483, 347775982.3199816, 311581839.27116716, 321812889.2023516, 323014127.82913584, 284495583.438221, 289952014.3627776, 284656964.23235714, 320076259.75574434, 320764037.95058995, 322815144.26874816, 307195852.1945653, 337300129.3276542, 296412484.77470857, 301101064.08851874, 323861723.10454947, 336207290.0772684, 323878406.6129967, 285471748.38510036, 301561609.6147618, 320271138.25720274, 322043960.6375337, 306381876.1536761, 274498310.4143527, 296960709.69102806, 293683995.4594648, 328616867.72012603, 303751594.1147575, 305054654.6253194, 309892625.2643218, 303484973.7178343, 295129618.3911829, 313178178.9811977, 301923361.5638861, 272006266.1962327, 302921082.327377]
[291002836.6976949, 293879544.2480017, 294592158.5698194, 310207164.52409863, 336770576.74113697, 293354612.31080943, 317594706.07790935, 321992482.0313985, 319337368.672894, 311862357.57881385, 297666278.57354397, 296003666.1109611, 329660992.46868575, 312883961.4665419, 306150485.01111424, 347775982.3199816, 310345898.81049305, 318751196.5924671, 311163811.7571093, 284495583.438221, 281728916.0253464, 284656964.23235714, 320076259.75574434, 320764037.95058995, 317805260.9394007, 307195852.1945653, 335536023.3681706, 281247740.1704148, 301101064.08851874, 323807250.46664584, 336207290.0772684, 314495730.34222823, 279651614.78688973, 293199742.6182746, 320271138.25720274, 314441904.67493683, 306381876.1536761, 269283419.5390233, 293066541.0635892, 293683995.4594648, 322812219.1957264, 303751594.1147575, 296378588.53691924, 300879123.0519842, 294044587.79546523, 282319005.5031308, 310979830.579061, 301923361.5638861, 271706212.21313035, 302921082.327377]
[286586776.83014435, 292988646.3671914, 294592158.5698194, 310207164.52409863, 336770576.74113697, 292079917.41607964, 317429238.496665, 321992482.0313985, 315817448.7648233, 307959763.6003216, 295866829.23890245, 296003666.1109611, 323738449.07761043, 308262310.53777236, 296329456.8800679, 345257750.5754732, 306122761.69023216, 317626742.2000096, 305512973.4596035, 278576208.66338813, 278627704.7011686, 284656964.23235714, 320076259.75574434, 319833267.4668528, 317805260.9394007, 304549171.1442734, 327343954.3433059, 275489859.5841421, 299088372.2035736, 319566654.9094789, 336207290.0772684, 306103114.7467216, 274641983.63957596, 290865441.05547035, 313647741.11493874, 311719509.17077005, 306381876.1536761, 269283419.5390233, 293066541.0635892, 291814578.63584137, 317452122.5284267, 299783272.7721341, 295155850.7903999, 297182984.8006624, 287232617.63201565, 279689138.429193, 310979830.579061, 299389792.83504313, 268876367.6865046, 299336956.1809094]
[286349557.65609175, 288927513.79664475, 291196062.5377062, 308822819.372249, 326052155.4499832, 287766073.36114806, 315606359.55045843, 321065688.25248337, 314862798.4110514, 305656648.03898066, 294355973.2550219, 292282927.1548819, 311386454.62896794, 306827068.1434387, 294205142.0202338, 333246032.64786214, 306122761.69023216, 308255998.1392343, 304440564.74976623, 276820426.7568773, 273674681.3417052, 277452175.8935604, 317215106.4302192, 316238842.259908, 303196628.33108467, 301739664.5577353, 324946560.2692254, 273151402.82507294, 297341582.49027765, 314503497.0764367, 332875052.5731066, 306103114.7467216, 272470684.52787256, 287572708.42759275, 313647741.11493874, 309957995.6395254, 306266316.3784512, 269283419.5390233, 292721427.36540496, 289817433.49351346, 314792302.08387196, 291943038.8981426, 290731442.63564694, 297182984.8006624, 287232617.63201565, 277950166.92814434, 310234292.40813106, 299389792.83504313, 268876367.6865046, 294089742.7044786]
[283638547.0549452, 279261046.2123287, 291196062.5377062, 308822819.372249, 326052155.4499832, 285641482.38988376, 313526302.4985794, 317464287.9098193, 312952049.2719661, 303016849.10024655, 294355973.2550219, 286844132.40976673, 309139398.17319804, 306827068.1434387, 285240588.6894981, 332682569.01932335, 298274881.8560358, 300933201.59827334, 303689776.4746652, 268128658.29458818, 273674681.3417052, 277411160.5898777, 317215106.4302192, 308876634.45261824, 298945589.6264199, 301489667.82913285, 322038065.6381558, 264606758.1358685, 291565600.3183565, 310321019.2759805, 318766119.5657358, 306103114.7467216, 271672571.4685463, 287572708.42759275, 307951494.4520184, 308512650.90123606, 300206927.9216242, 269283419.5390233, 291221418.4444741, 289154805.63106203, 300961974.53340966, 291943038.8981426, 290210554.26861894, 296551870.3695966, 280137979.22220576, 277950166.92814434, 303528922.0170609, 293433781.46171415, 265104133.57088193, 293642217.91213423]
[282179842.5153361, 275711259.7982299, 291196062.5377062, 301362091.122662, 321244024.546358, 279815853.42304695, 299295706.966135, 317464287.9098193, 307507171.95313334, 301407218.4798096, 294355973.2550219, 282678531.8337326, 306486174.691795, 306827068.1434387, 285012795.54045886, 329194679.35746145, 297846939.49842083, 299257500.07462, 300713955.8098979, 268128658.29458818, 266765838.2126709, 275405183.72771394, 317215106.4302192, 307119389.3083824, 298121758.9718851, 301489667.82913285, 318480473.3236429, 257681081.8128144, 282649466.8352021, 300908448.2331132, 313728830.1693975, 305587441.36646354, 271672571.4685463, 284772394.7566471, 300977485.14213413, 308512650.90123606, 298638251.9794724, 269191189.86348957, 291221418.4444741, 278896958.55413014, 295949822.4479447, 291128518.36324674, 290210554.26861894, 294719042.39389247, 279621664.0810889, 277267279.2676356, 290487343.4220244, 288893732.8629784, 256290230.93164816, 291401229.4423889]
[275812315.67467874, 273362876.6875023, 284454090.55976, 301362091.122662, 308412090.8098186, 274743451.6577392, 298657713.6079162, 311725265.24073565, 305260835.9327528, 301275784.564609, 292103322.7124618, 278292069.54281265, 306486174.691795, 302459423.3604494, 278778550.5972682, 317930404.1114931, 292069653.2789884, 290962578.2367588, 295287769.7342733, 268128658.29458818, 258660356.63569173, 268000738.7580955, 311326207.974209, 304370674.7962243, 297661096.34188133, 295417062.6643979, 316799624.082778, 257681081.8128144, 282649466.8352021, 300794947.2921036, 301514040.0294975, 305317231.6013837, 259803258.25139982, 272762806.1585976, 295290230.14329374, 304981437.90552205, 290748221.8323355, 266369409.37604252, 291221418.4444741, 278896958.55413014, 295488698.8880254, 287915726.5735811, 285111183.8463137, 288729993.68030614, 276322578.4296884, 276161257.02761525, 290487343.4220244, 284068748.49951327, 256290230.93164816, 287493104.3078358]
[275342554.7065607, 271618198.7516915, 279848123.0327107, 297102240.42401093, 308412090.8098186, 270947264.7048987, 291395780.7971155, 309855500.03920376, 303694169.7428731, 292601012.8158788, 283390293.88700396, 277821208.71749485, 299309148.87442136, 294217737.74709404, 278205686.7295687, 317930404.1114931, 292069653.2789884, 290042356.5815711, 295287769.7342733, 265192180.62310743, 254777716.10437995, 265179504.41146475, 304019407.5507525, 297616925.8591271, 292315738.7186538, 289612980.6802851, 314411031.4749023, 253172623.03230554, 276729200.08808994, 297079579.85008353, 295243997.10284466, 300702230.0692073, 251836915.02203998, 269804415.96420056, 294764938.47824395, 304742421.4550804, 279569723.7809615, 265322720.65467453, 283549136.47110134, 277322725.0365387, 292952206.9710981, 286350998.6615342, 278468937.4085357, 288039742.6177352, 274354802.66448677, 274176573.0449831, 287619350.97761244, 275877301.29339945, 256290230.93164816, 284000394.4947535]
[273537338.5216276, 270049176.918045, 279848123.0327107, 288569762.64030254, 303839119.8075043, 262151502.95093974, 291299826.1692367, 307021406.753109, 297507593.65082276, 291995378.355323, 283390293.88700396, 276748490.4347449, 299308441.0233739, 283451690.89101565, 276340337.08133906, 317930404.1114931, 286335402.60526836, 290042356.5815711, 293741053.6902687, 262017452.64452314, 254777716.10437995, 263909384.95853359, 304019407.5507525, 297616925.8591271, 290863563.75287545, 278282096.8897735, 307377908.5070921, 253172623.03230554, 276728972.41995573, 290145142.9795822, 290397074.7214049, 299840704.01890707, 246225427.51711074, 269804415.96420056, 288810945.0686439, 304742421.4550804, 277863367.79793584, 260389367.35763866, 273746964.93666875, 277322725.0365387, 291476938.43591994, 286350998.6615342, 265920434.02613965, 286291702.63743585, 270480121.45875907, 268291964.70148152, 280465717.9538069, 275877301.29339945, 253126198.4610137, 284000394.4947535]
[273537338.5216276, 269575877.845421, 279848123.0327107, 282238658.95384866, 295546167.8727675, 262151502.95093974, 288512876.17286426, 302817812.8244744, 289176110.32148707, 288824951.13521314, 279719250.8930556, 272336862.3601262, 297525434.254197, 281916988.1914942, 273993723.55574226, 317930404.1114931, 286335402.60526836, 290042356.5815711, 289577637.8308636, 262017452.64452314, 247077952.45961753, 258585449.50669438, 301986568.0691435, 293630147.59577864, 286075606.12481123, 277570386.241636, 303148304.72773427, 252726321.3891329, 270561361.99520683, 288094993.1724395, 285421867.1750622, 297833698.7571012, 246225427.51711074, 264128728.15368757, 288719155.39317816, 303016115.5504843, 273273637.4255222, 260389367.35763866, 270124824.21478236, 272463941.30319554, 290935249.3882025, 279051172.8358657, 265920434.02613965, 283571731.7285916, 270480121.45875907, 263315177.26863867, 278093399.1315373, 270585142.0054463, 245496343.66128334, 276257987.52911913]
[270255124.91305304, 267559949.3325556, 277063364.56742615, 280941613.68669856, 292779391.86714256, 262151502.95093974, 283287591.30124295, 293884414.7825409, 288111771.4453085, 286403927.51012987, 279719250.8930556, 263612255.61761743, 295021206.1829118, 277886650.34981674, 270818505.2911236, 316506976.7494141, 283571993.30465424, 287205310.29509556, 289577637.8308636, 262017452.64452314, 239859680.5860235, 253790475.08850121, 300773348.92683643, 288423082.6827258, 279425182.0242052, 267331746.20179287, 296465034.66536874, 249521206.57995805, 268687902.6369046, 283064829.8752386, 285421867.1750622, 295599500.462361, 238450037.91337362, 263486913.19278294, 288576400.29568005, 302172647.9589795, 271375308.8026083, 260204597.5296908, 263272770.81873304, 270222797.23772997, 290935249.3882025, 276439190.6108827, 265585712.29301468, 283571731.7285916, 265542348.83488727, 256550341.87663502, 271282069.8360806, 269355155.13887364, 244280189.11249748, 272448010.88983905]
[267066313.12348247, 266881282.70615658, 259513233.9616077, 277870834.4579275, 285259468.7044884, 259957422.9095498, 280338795.3628129, 293884414.7825409, 286461554.1714116, 286352045.2713238, 275536969.1488379, 262730362.49115047, 292022939.1916548, 277886650.34981674, 270818505.2911236, 316506976.7494141, 283571993.30465424, 286925535.9665116, 283517034.0281811, 261285805.95006728, 239859680.5860235, 245748916.0159654, 296243628.7715157, 283395000.7279901, 278554604.0389009, 265857287.62390584, 291982016.9049032, 248482892.55940914, 264275594.16906214, 277917167.4349534, 285192571.58557445, 291145310.8942634, 237895649.62155002, 262925137.53166562, 288576400.29568005, 302172647.9589795, 270513951.80658835, 251585413.07813516, 263272770.81873304, 269911162.6684029, 288909980.3115757, 272570832.4081441, 265071084.04155797, 277684197.40883625, 260001733.22029322, 256550341.87663502, 258181139.53603095, 259334967.76580167, 243115325.67093197, 270477218.86553335]
[264687628.41705662, 266105627.00635344, 256685651.55334964, 276491277.3891023, 285259468.7044884, 259957422.9095498, 273753401.72577965, 289906313.32843417, 286461554.1714116, 285963506.4360426, 273678512.72795594, 255588550.51186395, 292022939.1916548, 277189900.3280499, 270818505.2911236, 311232979.5969902, 282570514.1752923, 285408479.82718223, 283054767.7687067, 261285805.95006728, 234014287.71804613, 245748916.0159654, 292052867.81940377, 283395000.7279901, 278182614.24208075, 265136732.93321386, 291351733.5676525, 248482892.55940914, 260937343.39989838, 271502126.9018923, 285192571.58557445, 289064030.7298001, 232516256.92304832, 262007502.0078311, 284333892.07013583, 297903685.2663691, 270513951.80658835, 251585413.07813516, 263272770.81873304, 269911162.6684029, 288909980.3115757, 270191747.1922504, 261725284.8915469, 266957367.90051174, 259407631.61282587, 252432436.60907277, 258181139.53603095, 259334967.76580167, 242149226.91154498, 268871095.07152116]
[264164188.74609917, 259851810.84605688, 256685651.55334964, 275010009.6568091, 281698769.6541796, 259957422.9095498, 273753401.72577965, 282868805.08464515, 285832532.3353807, 280537862.4274765, 273678512.72795594, 254595549.4514131, 291980110.96332407, 277169609.89921176, 270085263.53755295, 307641665.26158106, 280586458.4106199, 282348169.238347, 276268674.89179736, 261285805.95006728, 234014287.71804613, 245375035.12308216, 285455275.51576906, 283102224.1291072, 278182614.24208075, 261321718.70651826, 289631803.6053728, 248306484.64906257, 260937343.39989838, 266438715.90047747, 285192571.58557445, 286006338.5776389, 232516256.92304832, 259425364.3585004, 278385733.04528207, 296839180.3806485, 270513951.80658835, 250343743.5272645, 258577894.41589022, 268392601.39831695, 281981347.2885501, 269061323.90308094, 261725284.8915469, 259925951.118468, 255350617.68361512, 252175786.684805, 254257951.81316155, 258008787.4513007, 241834258.69867712, 265877661.8469808]
[264164188.74609917, 259851810.84605688, 254807058.76659313, 273324727.29436165, 281698769.6541796, 258560878.0199893, 273187794.9213072, 277905238.7619719, 280727239.56737584, 279413255.15415186, 273560537.0705228, 252765901.42758894, 291046012.1910938, 274791090.1768804, 266336902.28931007, 307641665.26158106, 278127722.49654543, 279401984.7442533, 273538763.9300083, 260503970.51293173, 233900640.56029844, 245375035.12308216, 285455275.51576906, 280831773.99607897, 276725728.5551594, 257219472.33829427, 289056924.59132135, 248306484.64906257, 260356072.77407187, 261855793.53884953, 284227872.7116496, 284872904.5144721, 232516256.92304832, 253512806.85348114, 278385733.04528207, 292262681.9383861, 266895324.99271092, 250287302.81104574, 257903079.38683224, 267870149.88421074, 278078646.0962883, 262810794.97248763, 258603731.1765572, 259925951.118468, 249612282.9698752, 250372201.47112304, 251381324.86051148, 256653686.68492523, 241834258.69867712, 265505740.583858]
[262406072.15867534, 254070184.164537, 253841659.94316465, 270291373.00481725, 280470627.674143, 257955516.035991, 270972615.28593576, 273664199.4244705, 278270492.91131127, 270716654.231618, 272941842.88859904, 251150509.73146647, 287201340.8036992, 273476927.70100296, 261030286.09608045, 303778313.7198925, 275763870.5252388, 277650277.9818306, 271623945.11305, 251376592.12526768, 230446873.36322856, 242827274.31310058, 283616238.9527494, 270424993.2866211, 276076383.01051295, 257219472.33829427, 274119928.8177114, 248306484.64906257, 260356072.77407187, 261855793.53884953, 280697337.4376278, 279930093.0081609, 232516256.92304832, 253512806.85348114, 278385733.04528207, 290676651.99846923, 266895324.99271092, 240103511.61222744, 257903079.38683224, 267870149.88421074, 278078646.0962883, 262243864.64690757, 257274258.03064504, 259925951.118468, 248912662.86393863, 250372201.47112304, 251381324.86051148, 250787759.63985005, 241834258.69867712, 264805614.7226469]
[261660606.87522897, 251442334.64730078, 252548075.37866217, 265133905.2359392, 276696281.8882383, 252673024.9572002, 268588060.1613317, 257834169.00633803, 275840751.39199317, 260117577.97065607, 268538419.1280354, 251150509.73146647, 283804378.0464419, 264079219.48262405, 259757757.57131457, 300860078.1664178, 272045553.37446797, 277084358.130515, 267490963.73092324, 248966648.4157397, 230446873.36322856, 242562021.90087867, 276770944.0513429, 270175268.6736495, 271088132.7888102, 252995808.28212005, 272301817.5521353, 245839094.86355513, 259849610.2220388, 260378978.3638994, 276558604.6634031, 279930093.0081609, 232102344.4961818, 251277714.38384762, 271005484.43405324, 278639998.9586533, 266323110.7905372, 237703155.34364882, 257506844.7219267, 267870149.88421074, 277484290.5242555, 254499030.32767597, 257274258.03064504, 257178794.0569284, 247575423.23514605, 250372201.47112304, 245749003.1402331, 241639828.371116, 240455823.55920863, 262968207.9676784]
[259134170.34193367, 245844078.31093088, 252548075.37866217, 264262704.1354764, 274780444.23706806, 250790465.94721955, 257360093.78881007, 257834169.00633803, 273022084.00553113, 253126189.36716396, 268538419.1280354, 249459740.74369127, 283804378.0464419, 258224099.7479485, 259371835.8921392, 298854995.1111932, 272045553.37446797, 272282468.8732256, 267490963.73092324, 239892102.23121327, 230446873.36322856, 241505189.14143553, 276770944.0513429, 270175268.6736495, 258302861.33837017, 247783149.7805521, 264058501.37410688, 245630571.49601087, 252760954.28735986, 260378978.3638994, 274910361.5723042, 279930093.0081609, 229951700.95177007, 249522225.19504008, 265533405.65959376, 274835501.68334734, 266323110.7905372, 237703155.34364882, 257457369.88554987, 263799881.9808665, 272702697.89239013, 252239202.19409862, 251467294.36409822, 254441783.52748966, 243322462.13831982, 245893913.78435808, 240989062.2062406, 241319125.276935, 238033932.4949363, 262968207.9676784]
[256431569.74616474, 243852166.63792533, 248687966.1995268, 264100859.6546455, 271626394.81562006, 245604524.10755676, 254510039.49773473, 255234085.9461414, 266442055.6049996, 253126189.36716396, 258181551.41166764, 248597160.95865226, 278455583.4505856, 257470499.46129003, 259371835.8921392, 296231043.570759, 260939161.03497997, 271993126.3252457, 267490963.73092324, 238591878.88246885, 227610453.51005632, 236515238.17226887, 276496965.25974315, 269362967.7294305, 255594928.8769289, 241655657.53465152, 263464940.03393134, 244437398.4449858, 250796188.92459387, 255154673.2567884, 273030825.85568106, 277990346.1306735, 229951700.95177007, 245920334.97163266, 260360365.1024931, 274546932.8895775, 265372881.0015916, 236695969.84743112, 248917081.62241396, 263799881.9808665, 271592567.552097, 252239202.19409862, 243418408.23275882, 254441783.52748966, 240274476.7603385, 245822444.71559343, 237779992.93385577, 240869024.3972737, 238033932.4949363, 261760652.97977883]
[256431569.74616474, 236274219.19664368, 246104435.9261201, 258568165.03367075, 267194500.7744657, 240509308.7520279, 254510039.49773473, 253436367.77517837, 264498628.16138658, 252712573.48086184, 252184557.97211948, 246798974.60205278, 278185818.411894, 257401336.0393911, 258631939.1942491, 289469329.4747537, 259687520.68813872, 271993126.3252457, 264720328.2332109, 238591878.88246885, 221357429.13159496, 234470358.20944595, 276496965.25974315, 262987650.7211979, 246332741.85662842, 241655657.53465152, 263464940.03393134, 242608759.52827087, 243856044.24924317, 251714290.45020968, 272752958.1488036, 277292655.35194635, 224995635.71815243, 241667514.1248408, 256445761.41595235, 271603141.40101933, 264325246.34545192, 236473414.54044786, 248013153.6600266, 255937498.74008784, 266981742.22337022, 251533752.81677642, 241973456.51115093, 253666277.32832798, 235494876.46062094, 245426506.46225125, 237779992.93385577, 238265094.73041844, 235920192.98006207, 261760652.97977883]
[255002830.73473015, 236274219.19664368, 246104435.9261201, 256639162.84406057, 265788992.83131322, 240509308.7520279, 250059075.67991796, 246577105.50270948, 258483450.2980957, 252016308.72273478, 249295523.27192083, 246597904.61534038, 276246921.37978464, 244625123.81120276, 257327567.80483133, 289469329.4747537, 257909378.05345267, 266469109.19176698, 261356190.2204894, 237047571.70683026, 221357429.13159496, 230626550.13116455, 274089861.81583744, 260755913.06404915, 246332741.85662842, 241655657.53465152, 260813793.43511897, 242608759.52827087, 240013903.79688007, 244383748.11993504, 269673925.1302782, 268995365.91933787, 221743040.55606475, 240322571.02962357, 254981639.54339495, 264968486.9943026, 261251868.68869057, 233390688.77921018, 243288516.26481956, 255356188.20546213, 266774526.9252625, 249399479.34182787, 241573374.63812414, 252134490.86567807, 235494876.46062094, 241089192.83733502, 237629281.97223586, 236762378.464887, 227833232.71881, 261610982.46075287]
[254041034.9201045, 230965268.4819749, 244852526.88596597, 250158850.46994263, 263773236.12054443, 240256634.5844751, 244852122.88513976, 244281588.97780332, 256671531.38964778, 252016308.72273478, 244422293.29107088, 238842563.5596223, 274248965.26606333, 241333735.3270809, 255550962.72299767, 280783166.67679584, 257909378.05345267, 266469109.19176698, 253079668.28218874, 224646970.4731725, 217670680.9278652, 229888601.04841647, 274089861.81583744, 260755913.06404915, 243352486.27660337, 237215501.12587896, 258815335.74381766, 240981120.47929946, 231727902.49741045, 243784940.71408963, 261065523.51334256, 268355952.97417068, 220662466.2945752, 239927891.49121594, 249662457.6604538, 263674439.99143663, 259368167.04853582, 230330177.7478656, 242974276.8068923, 250897477.31684804, 266774526.9252625, 246982121.3683633, 241573374.63812414, 245983654.1215369, 235494876.46062094, 236270979.8842291, 233640516.41138119, 234808556.9020205, 225979290.71779886, 260392476.31018728]
[254041034.9201045, 229650305.471492, 244055431.6025495, 250158850.46994263, 258126874.29315048, 238554414.51820034, 244130674.73401228, 243652856.86848122, 249070911.8220873, 250287646.5107616, 239974376.26455393, 238842563.5596223, 266748537.6658512, 241114329.18873566, 254300536.04945058, 279399075.44734544, 251913337.23734912, 259951795.1541751, 253079668.28218874, 223425692.44454628, 217670680.9278652, 223965646.77538696, 271091244.405833, 258287079.46528107, 243352486.27660337, 236102881.56816378, 254339910.71761602, 236200444.2768585, 228092093.19643298, 233415219.13510275, 261065523.51334256, 268355952.97417068, 216909626.97170335, 239927891.49121594, 248155985.2651163, 261423976.00716996, 254982509.34882626, 228699443.65818542, 240526557.07313117, 247942585.16586575, 266774526.9252625, 246091586.37661928, 241573374.63812414, 242563325.94317573, 235494876.46062094, 236168024.58316103, 229637240.68327183, 230710375.77196255, 225276188.93023115, 258745412.3872214]
[250516648.64543557, 224760116.4850336, 238281121.200766, 249199691.7315413, 256797198.51224178, 237249755.35746154, 244130674.73401228, 243652856.86848122, 238838150.2744584, 243892102.2285083, 235246391.48027062, 235000331.20814857, 266748537.6658512, 234000798.6015635, 253061627.13862425, 267887568.6268527, 246321388.54104716, 257740237.0888011, 246063607.51939243, 216984018.32829094, 217249090.3968137, 223965646.77538696, 266394462.42918354, 247357452.79464108, 241361853.23385873, 232783025.43019152, 250916559.39368615, 230018094.5108067, 226480734.76755625, 232732638.34575787, 261065523.51334256, 266799853.52711973, 216909626.97170335, 237381443.72529846, 247132243.0550848, 261423976.00716996, 254588720.2778077, 226818636.0569911, 229537704.8448984, 244512182.6209281, 260102081.12039953, 244776281.62288004, 232377284.40953416, 237404754.3108595, 233985040.3917687, 236168024.58316103, 229637240.68327183, 222964344.77813888, 223749848.73199305, 253395081.04599723]
[247578573.49522695, 221932991.4712557, 236892216.27547568, 247336942.86780667, 256011233.78103933, 233656227.3011659, 241499930.36705914, 243652856.86848122, 238591979.9786257, 235356461.85483417, 227542417.360638, 228862935.11497742, 265884322.56430358, 234000798.6015635, 251472469.60096836, 259922441.67620364, 242671044.25277194, 257740237.0888011, 241589397.18181792, 216012782.88120827, 211487765.88842478, 221049004.26905745, 266394462.42918354, 247357452.79464108, 237673645.000199, 226989946.34748197, 250714547.01772195, 220987854.4435647, 226140804.4485878, 228615671.8557219, 260670822.03729957, 266799853.52711973, 215794097.3794326, 230711235.44805628, 239602569.11012453, 254219249.06878677, 254588720.2778077, 224735023.50144076, 228200352.48903608, 242877910.73763657, 258678779.70620036, 244776281.62288004, 230318888.05502075, 235028549.5712335, 228719946.31624103, 231992256.50097293, 229637240.68327183, 217335233.86722833, 223674453.719453, 245469580.01288828]
[245514907.1127841, 219665170.6281418, 234206128.46356684, 241590417.12189245, 247377414.9700946, 226380486.07037455, 238439621.4265492, 241403574.2334887, 238591979.9786257, 235356461.85483417, 221081354.3223411, 228156237.98094696, 259016551.774468, 233798006.55434218, 250335035.10021025, 259922441.67620364, 241286214.2222643, 256980796.76623854, 241589397.18181792, 213868266.32138786, 211487765.88842478, 220783685.98899046, 263045421.72867274, 247357452.79464108, 233919797.60884365, 226989946.34748197, 250714547.01772195, 219903958.46615863, 224997870.425836, 223899975.16771165, 259693122.77181497, 265573114.42512122, 214665116.05901808, 226040456.89079627, 237966934.1926073, 251116659.05030552, 251802690.882058, 224735023.50144076, 228200352.48903608, 238079477.5011607, 256822602.33750886, 243626650.7672268, 227347703.79672822, 224917818.50916323, 227090606.53331336, 225672325.35438228, 227218183.331837, 214913499.13115638, 222488022.85650653, 242402436.05052525]
[243525934.67883644, 219261501.93236008, 234206128.46356684, 231876087.33735743, 242019583.0766059, 225853468.343556, 237299366.1533807, 241403574.2334887, 232440298.56540197, 235356461.85483417, 219509430.7774144, 224143021.21660978, 251810153.94409356, 229016761.3034378, 243687062.7048916, 254615877.94880667, 241286214.2222643, 249558832.046103, 241151414.15906844, 210745211.90649968, 203698603.9726314, 220349929.8324535, 261516526.12676615, 245378517.08940285, 231959413.0302542, 220052265.02565074, 246510107.80201712, 219845737.29442772, 222334557.48222584, 223899975.16771165, 259693122.77181497, 265573114.42512122, 214516912.85636625, 220762906.8855134, 236452827.74155408, 248957520.2120195, 250520755.6693523, 224735023.50144076, 227319402.32075882, 236332207.10218772, 254789064.28050146, 240178387.22398168, 227347703.79672822, 223905848.29364675, 226000115.5535063, 224056060.92620316, 227218183.331837, 214497515.25309306, 219863412.12775373, 241674111.48373407]
[237369299.69587493, 219219148.549457, 233988269.87754855, 219690303.97330564, 239556881.3615287, 224095522.60255867, 233721641.7727844, 237985695.87794676, 232440298.56540197, 227324940.9533178, 217146386.54293904, 222243297.86420694, 251199664.9637192, 220252739.7813297, 236439102.25867787, 251454312.938013, 240447201.59471145, 246048518.68315703, 239150408.72935453, 210558057.79774857, 202616342.8403012, 220349929.8324535, 261069028.1650622, 241054368.10785657, 229761074.16768542, 218031100.05458155, 241291780.57380837, 217933810.50010318, 220666754.4521664, 216698322.37272087, 252805516.4283681, 255042103.9329452, 208683562.82642883, 220762906.8855134, 235912972.86943895, 236977172.83156943, 250514316.20841146, 224735023.50144076, 224906964.7886072, 231836949.6034394, 248700754.52410164, 240001439.86895496, 227347703.79672822, 223905848.29364675, 223497933.54050756, 224056060.92620316, 227218183.331837, 213474703.83497024, 219560695.59543324, 237922450.3845659]
[232547820.07535315, 214084062.07665053, 227881183.29445463, 218679229.44090137, 239556881.3615287, 220655647.80113465, 233721641.7727844, 236858638.07635707, 232440298.56540197, 223916664.28380537, 214352851.65972394, 220233653.85668597, 243384987.38234597, 215745191.59786528, 232607452.06755465, 248096655.28105515, 234761992.83110213, 238430252.43777066, 232090683.81518465, 210558057.79774857, 197442632.76016387, 218416359.49736267, 261069028.1650622, 235292855.52890864, 229761074.16768542, 212274661.08532354, 235230983.88190657, 210746466.80027017, 220666754.4521664, 214282479.8373875, 244409946.92098618, 253893829.6307783, 206174106.80464846, 218722842.1090451, 234581637.7803504, 236019757.2394014, 247595434.39612436, 223720366.47844562, 223523325.17190886, 228765261.12644863, 241709429.89272013, 237068975.63774052, 227347703.79672822, 223692403.26054183, 216869957.22510472, 219783497.27904123, 224998608.32702714, 210688652.60141754, 217437778.99789962, 235253268.41493702]
[232144607.99638098, 213953664.30528244, 227770536.43067998, 217882860.4271365, 238089155.83923283, 212606241.3547245, 228302591.65704972, 233890592.35459524, 229553124.2326722, 223241654.1901683, 214352851.65972394, 218799622.99014634, 243384987.38234597, 214147516.02119628, 223824346.06828815, 247954728.65135202, 232357036.0916942, 238430252.43777066, 232090683.81518465, 210558057.79774857, 193991067.92679393, 218131550.1401407, 257952402.72427702, 233885755.2816533, 229290736.5001697, 212274661.08532354, 233437353.3758412, 209853198.40608674, 219059564.9087593, 214282479.8373875, 242095914.6531496, 239019800.43285245, 202922556.69382584, 215174323.16027865, 229828958.81401974, 232697573.27446714, 247338198.09308943, 221437717.08501807, 220489810.95440894, 227974756.1526279, 236843060.66426316, 234992892.17991734, 225656276.19174236, 222953477.16932073, 216041143.78704524, 217510248.733394, 224998608.32702714, 207889615.84549803, 216166089.07755652, 231778665.24704957]
[232144607.99638098, 209495057.85733557, 226925182.93531227, 215670310.8964377, 234107468.41873533, 212606241.3547245, 226819381.2519428, 227008102.50926822, 227490084.35155693, 223241654.1901683, 214352851.65972394, 214741522.6924221, 242552487.73759866, 213058930.50614464, 223802936.47313833, 246329224.26607007, 227098212.86785865, 235722866.0582959, 225215920.89777747, 210558057.79774857, 189871887.96518466, 216967561.78334862, 254712671.9180882, 233885755.2816533, 229290736.5001697, 212092626.16900685, 233437353.3758412, 209715415.70119166, 215621965.02449265, 209688783.50723568, 241561227.58207273, 238526183.03471678, 202922556.69382584, 213818119.5283258, 229828958.81401974, 230896883.87401214, 247338198.09308943, 220824382.51301193, 220489810.95440894, 225241613.60886782, 232893144.81086102, 232533830.9148105, 224210704.45945558, 221795853.27872986, 215188730.9309876, 210903443.2133444, 222416638.672647, 207889615.84549803, 216004792.53006983, 231778665.24704957]
[232144607.99638098, 207179206.01784632, 226925182.93531227, 215670310.8964377, 230013304.68161255, 212606241.3547245, 226029142.2399761, 224470553.75576782, 227490084.35155693, 222464485.14003342, 213715351.76843095, 214741522.6924221, 240617603.53307447, 207839019.90770552, 214016447.23388338, 240861853.05407363, 227098212.86785865, 235722866.0582959, 219792486.9862311, 210074674.0908688, 187367426.3543934, 212377568.26979178, 248879140.22895902, 233214406.34137315, 228628441.58182478, 208244372.8610642, 231451225.85534507, 209715415.70119166, 214438953.96567044, 206052380.6203711, 238274054.45873508, 237710846.8078939, 202216860.23591647, 211411285.8626882, 228682538.0805965, 226966498.97909927, 238608354.23254663, 220824382.51301193, 220489810.95440894, 225241613.60886782, 230597706.79398227, 231980511.9924546, 223706062.81815967, 220156880.07099086, 215188730.9309876, 210158542.07249516, 221175932.2721432, 203123761.02514428, 206931204.2517987, 229588197.09473968]
[232144607.99638098, 202018977.0308702, 226925182.93531227, 214792119.08716345, 230013304.68161255, 211250098.573498, 226029142.2399761, 220787983.89925465, 226487627.3945949, 220263817.5651676, 213636384.56069613, 213352412.71693653, 234680464.64427382, 200450447.18146068, 212946778.27506977, 239794113.00921193, 225443884.43854675, 234815389.60235745, 219133445.69306684, 207823019.475212, 182960781.73212662, 211176366.27803427, 244294703.42461696, 228941775.02643642, 228628441.58182478, 202860632.3988747, 230834160.33565217, 207857142.524706, 213168228.9153423, 206052380.6203711, 236431079.52050143, 237140525.2050776, 199724175.70567793, 210663663.3111331, 227155947.2420343, 225666271.89865535, 236515683.30534807, 213493301.23666063, 216880880.4890241, 220346039.63391036, 230597706.79398227, 228884642.2209897, 213998155.8235317, 220156880.07099086, 207956635.93987456, 209441610.35993648, 214237481.3375595, 203123761.02514428, 203565305.3863346, 227357172.0615067]
[228754963.22926903, 202018977.0308702, 220466382.74189195, 213238229.9807838, 230013304.68161255, 211250098.573498, 220353616.2172168, 215597622.7253951, 217931004.61650997, 218994174.9762842, 212188197.33296043, 209092575.1887146, 233525511.50230414, 200450447.18146068, 211809872.32747793, 230441384.56231824, 225427552.03249413, 233495635.09191447, 219133445.69306684, 207823019.475212, 182019671.97515744, 202962824.28769177, 239238144.13301364, 224259430.44692802, 228210187.39328447, 201290242.02189028, 228164131.45600668, 204676893.78405845, 211240931.84491563, 202913911.44808036, 232179976.43021584, 231644777.35425216, 198226158.2924582, 210482836.06423435, 225231905.51682177, 225666271.89865535, 236515683.30534807, 211466718.18632022, 216119934.5155239, 216391865.86516318, 228301944.51191908, 224582146.07236105, 213046576.26568657, 212914847.1781675, 207956635.93987456, 207027980.90021333, 214237481.3375595, 202103582.43792218, 202612873.2237205, 227357172.0615067]
[225737657.33517495, 202018977.0308702, 215755576.76069802, 210535152.69246998, 223435933.58186436, 211089432.10927802, 220353616.2172168, 209168969.71323663, 217706403.60442227, 217843282.9105978, 212188197.33296043, 205119448.94733042, 228228082.3073395, 197523052.53003094, 211809872.32747793, 229381690.21382245, 225427552.03249413, 232922435.01022124, 218685784.11606446, 207823019.475212, 182019671.97515744, 198679989.48905858, 239238144.13301364, 216104648.35341716, 222103506.4639167, 201290242.02189028, 228164131.45600668, 201984225.1126674, 211240931.84491563, 200430034.2131448, 232179976.43021584, 227076359.55857548, 193205585.69516322, 209698844.8154471, 225231905.51682177, 223029147.93133646, 236515683.30534807, 207944800.27867872, 216119934.5155239, 212605972.8844921, 224873329.98589602, 224582146.07236105, 209473190.99633685, 212914847.1781675, 206821477.68035495, 207027980.90021333, 213587656.6322385, 201924630.89676046, 202139189.68830425, 223903186.9564166]
[223712833.5036108, 200518303.31318578, 215755576.76069802, 207489820.87743244, 223093348.2061947, 211089432.10927802, 220353616.2172168, 208849600.0922895, 217089381.5543169, 212893329.93588322, 209916795.53122663, 202181791.44970578, 226589509.5003663, 195705678.49783096, 211608719.99084288, 224402344.74322683, 224664625.66602102, 229539131.71482253, 216525419.81396475, 207823019.475212, 180115789.97440678, 195855188.51757795, 235069117.09175596, 215717469.92997313, 221992569.20652014, 201228920.21192113, 218758828.78990665, 195670284.2700341, 211240931.84491563, 199487157.16512454, 232179976.43021584, 222444515.19863802, 193079855.271464, 209698844.8154471, 218477572.32314715, 220650443.29652113, 233995616.02530313, 199881974.68843308, 215761041.43220982, 209240492.02915007, 220544977.51058072, 217055852.9376871, 207264354.60316744, 207683810.3478818, 202334151.39375275, 203986233.31622845, 212968177.57345524, 199547155.20355624, 201045737.74291152, 222657471.86829084]
[221041606.32522544, 194379298.11057022, 211479995.35716727, 202065394.20791358, 218395721.03542787, 208435872.0389821, 217681013.06678072, 208849600.0922895, 213601154.3838831, 209016818.308301, 207353245.57613844, 196289344.59683555, 224100203.9735198, 192965344.59789497, 211608719.99084288, 220839038.91477785, 224664625.66602102, 229539131.71482253, 211327892.2827726, 206098590.57314116, 178549751.07007986, 194902415.8051141, 234748112.14503965, 215717469.92997313, 220164533.2597433, 200399799.23739582, 213895644.92490566, 195271021.98201066, 211059463.66409567, 195894473.41888225, 231658552.55893296, 220680651.30011806, 192581856.39754397, 206633525.60097662, 215164989.37526613, 215541878.6457581, 228101690.0212132, 198003021.5618186, 215761041.43220982, 209240492.02915007, 216688942.6952025, 217055852.9376871, 206223455.89130032, 205873438.72615957, 199471729.53250113, 202563540.78945956, 212231508.19984132, 198715560.900994, 200671349.16589755, 217845691.87706405]
[220628775.35256886, 194297053.9567657, 207320963.39329395, 200864448.36447895, 215972570.7265421, 206870589.33834648, 214183103.8325283, 206499563.66473508, 210554551.31387156, 209016818.308301, 206634195.42702523, 191623613.98105124, 221610360.26995224, 192965344.59789497, 207775603.3147469, 217424636.2024068, 213544297.21245098, 229166119.9748558, 210605047.53523377, 200783265.94364613, 175492987.41159683, 194902415.8051141, 230729613.01710597, 209351370.73988268, 219958955.09051165, 200399799.23739582, 213839569.57413024, 195271021.98201066, 208255645.4943653, 194278418.6157127, 230483802.28935146, 211419753.2766078, 191156647.82945698, 206435681.8946185, 214190175.24387145, 210345289.28325525, 225166774.0865994, 192393482.03179967, 214382475.72983968, 206426405.53280395, 216688942.6952025, 209872957.6292579, 206223455.89130032, 205056406.17680177, 199471729.53250113, 202563540.78945956, 206643540.04859692, 190110143.94982547, 194650722.2762073, 211867730.69400603]
[218000738.31219998, 194297053.9567657, 206005744.28635442, 196559682.01659787, 211837654.1711148, 204135767.72898236, 213452358.8283322, 205547323.7089231, 203425915.25951412, 208237592.44729728, 205199368.12648767, 188842409.63799852, 211869852.70422533, 186629654.42007068, 207775603.3147469, 212443215.27635962, 211231129.21447062, 227789060.39070377, 210605047.53523377, 195438112.75031713, 175492987.41159683, 194438639.23888907, 226425229.71442652, 208936104.98354152, 213771795.89787835, 197231363.46342528, 212575378.9821031, 193303891.91876617, 208255645.4943653, 192645423.25930116, 219091341.77441877, 211419753.2766078, 189196386.7041798, 206072740.53942028, 208746819.89756736, 209600941.8600858, 220082549.69861642, 192393482.03179967, 214382475.72983968, 200169420.7974893, 210057168.0984115, 206232977.60794026, 200780264.13998443, 200901194.9907859, 199471729.53250113, 202321089.34010333, 201775311.4653958, 189796981.44872776, 194080744.5169252, 206754769.78984907]
[216808785.41650456, 193334461.13074666, 204263386.59464562, 195890140.34649867, 211185587.42367643, 201868127.4458142, 211350963.08711976, 202617410.67077664, 196209764.08018795, 200816351.3658281, 202498120.53620616, 187023737.6977966, 207839879.57797903, 185839024.46282482, 201145737.72227716, 212443215.27635962, 210460909.27999267, 222060445.9757641, 210605047.53523377, 195438112.75031713, 174138198.81518412, 193522170.14901847, 223826799.5658989, 207659795.7340995, 210470272.97809753, 193872917.16362122, 212575378.9821031, 193220258.90699247, 200824406.80995852, 192645423.25930116, 216884583.60218263, 203172704.01261353, 186764446.5917571, 203882444.9663438, 208746819.89756736, 209600941.8600858, 217986171.88788185, 192393482.03179967, 212041660.81101078, 197822207.2774904, 207313232.65403005, 201998558.43220824, 196226285.40612152, 200480462.54865104, 197719870.43710732, 200869563.22824448, 200055171.2688058, 189796981.44872776, 194080744.5169252, 206162728.71954095]
[210495056.42889825, 193276348.6413636, 204263386.59464562, 195890140.34649867, 207249758.93763974, 197328546.82728797, 209202775.4598307, 200297206.10454667, 194704670.9155498, 200816351.3658281, 202498120.53620616, 185654745.34209025, 207839879.57797903, 184773827.8410665, 200812050.59288317, 210886436.64841446, 210296460.55445367, 215596288.29076558, 210565654.46145833, 193983400.63381645, 174138198.81518412, 190024941.59919614, 223191997.72628728, 205081737.58977768, 210470272.97809753, 191003322.94735542, 212575378.9821031, 190358421.56553775, 195433821.99598056, 192645423.25930116, 216884583.60218263, 203172704.01261353, 186764446.5917571, 200994695.74412504, 199083213.32832593, 208608525.86996698, 214590432.6059565, 189704662.45119387, 211595702.74300045, 197553343.22888768, 207313232.65403005, 199813054.44980857, 190414763.1144453, 200480462.54865104, 197719870.43710732, 197384321.1981638, 195482686.882814, 187039027.21048763, 194080744.5169252, 204400556.8862252]
[209036802.17404428, 189642566.27229315, 200861173.59759364, 194051761.47389933, 204200183.42128068, 197328546.82728797, 209202775.4598307, 199889849.25114596, 189995209.02496588, 200816351.3658281, 202463125.1189716, 185141211.59443605, 207839879.57797903, 184773827.8410665, 198064339.95601147, 209859305.55800164, 207516287.85804853, 214072016.2295186, 208955763.19075793, 189436605.4628486, 172774014.54035687, 188609076.30003336, 222742557.77113256, 203886282.07922214, 208709494.85232648, 189930015.478681, 210266510.9054545, 190179775.214379, 194564258.64793932, 186430845.76893932, 211660421.16772822, 202916639.65183696, 186764446.5917571, 199040379.49297276, 198912362.01681763, 208608525.86996698, 214590432.6059565, 189704662.45119387, 211595702.74300045, 197205134.14625373, 206622960.88482678, 199813054.44980857, 185363326.85836688, 198074207.75987148, 196396796.01924092, 196234179.3231792, 193742073.82787016, 187039027.21048763, 194080744.5169252, 197140053.41757533]
[207301539.88049456, 189198942.52661508, 196726646.85399818, 192780233.67209822, 203968226.2085488, 193247439.52950436, 207841495.8764153, 197960328.1685372, 187555469.8518767, 197526534.41618568, 201049680.3354972, 181160353.72165325, 207839879.57797903, 184773827.8410665, 197194162.01863113, 209100590.54180828, 204945169.88487354, 212422522.47149643, 206895684.62900317, 185570373.6591861, 172774014.54035687, 187779397.84971294, 217234618.44001794, 203576533.51153186, 208686287.44828367, 188600843.9797126, 205349417.1666587, 182711141.55787832, 191157651.85128638, 183072892.8761467, 206833844.87110245, 199226547.80573496, 177708383.58793336, 198565596.0940969, 197384346.7415007, 206210932.45762086, 212681529.17893443, 188709319.80753437, 211214472.63774458, 192407839.2783521, 202572770.18526646, 195011081.90808415, 184223141.96709427, 195673295.7430715, 195635203.59684435, 193004847.3910877, 192242999.7483185, 182404456.4087408, 193940843.3646366, 194575015.79024774]
[207301539.88049456, 187091365.44363075, 192636600.5540296, 189017790.42947045, 203968226.2085488, 192424561.33081812, 207841495.8764153, 196891455.5390789, 187555469.8518767, 197034909.99589285, 201049680.3354972, 181160353.72165325, 207493036.94601873, 183802460.578433, 195335118.627426, 205441557.71796876, 202042312.0942661, 210862372.24954757, 205340539.16008192, 185384676.92454836, 172774014.54035687, 187390725.9961705, 216217293.2680603, 201635585.30740267, 205679629.71620148, 188188052.8594433, 201707136.1438689, 181433487.61768228, 190776978.47091937, 180803439.8858623, 202931358.54708192, 198599652.071953, 171666810.74108124, 195363546.1080252, 196497674.81435585, 205825083.2521779, 212681529.17893443, 183729120.87548512, 208246179.87487954, 188323011.78194848, 199954994.380549, 195011081.90808415, 182626708.34877408, 190786079.45348668, 190508670.2855572, 191326843.7267341, 190793077.84765607, 182336294.8004021, 192215763.48950672, 186579868.72291455]
[207301539.88049456, 187091365.44363075, 192636600.5540296, 187955201.04159418, 197416653.50339836, 190306512.02510023, 204443296.36777335, 193793636.35495403, 187108858.76131532, 195960302.4131074, 195474306.70380035, 180006422.03610492, 207493036.94601873, 182885806.0100223, 194321721.2067603, 205092024.80134767, 196209544.795021, 206546097.27851146, 205340539.16008192, 183222480.84442928, 166913453.64792806, 184937728.3784451, 213318427.26952165, 195463499.6711269, 201008966.8932112, 185294080.31685138, 199103223.24569824, 178860807.9066946, 187791215.01990658, 178362522.87840328, 202010867.29757333, 195543075.57812437, 171666810.74108124, 192950252.94748256, 195879474.74535686, 203819272.6579053, 211759618.0216722, 181874155.04665926, 207866287.82045832, 188323011.78194848, 198995663.30742842, 194948233.85841176, 182058634.54825932, 182094126.42713323, 185191281.37147534, 187415295.09000343, 190411169.906937, 180071362.0043219, 183744999.396874, 181968057.49156395]
[200263668.99915087, 182918335.8744037, 192458613.31148678, 187145208.44820017, 195338692.8333171, 189929494.18627185, 203729987.8810333, 193377327.96843335, 186335686.875582, 195889807.09435883, 193375919.70304504, 180006422.03610492, 205346302.5978771, 181152494.96240917, 189786642.69650593, 204844860.7421588, 196209544.795021, 204049167.14096123, 205340539.16008192, 181528853.84724027, 163611273.48496225, 184937728.3784451, 209213055.48895428, 193938678.51212674, 196331335.23828644, 184896505.61491895, 192468261.62702793, 178192878.9829101, 187777960.08955953, 178362522.87840328, 201227909.53550872, 193623258.8706984, 171666810.74108124, 190046609.23145574, 195082190.50871414, 202332099.29218715, 211350688.03582337, 179845628.61459753, 201642266.1928147, 182835016.48980737, 198592858.25566256, 194948233.85841176, 181157180.5388866, 181558440.93106022, 180463131.74914503, 184189163.89611617, 190025810.0111327, 175506051.59834862, 181148234.0629593, 181968057.49156395]
[195972198.0537448, 182918335.8744037, 192458613.31148678, 184634567.35737687, 195338692.8333171, 189929494.18627185, 198211270.83671862, 193377327.96843335, 184887891.1826681, 192741006.2884523, 192582028.47952253, 179162657.97608158, 202269023.1648835, 178049441.2396861, 180766148.17937985, 201528046.94246376, 196209544.795021, 196946872.86684698, 203042779.52814135, 181076306.4795701, 162584094.28590494, 184895787.50170797, 208117324.08673868, 193521678.55476132, 190213507.37507546, 184896505.61491895, 192468261.62702793, 175701638.30144125, 187657971.59393013, 177375127.10085836, 199379549.863641, 192849084.35297817, 169835504.0647221, 188811925.10824466, 193909793.89216027, 202332099.29218715, 206811686.8200435, 177969369.0540434, 199728785.6623042, 181361850.66460288, 196898678.39356408, 192915615.78913516, 177463599.29567245, 176627198.86901772, 176469471.9081584, 183637042.21347505, 185528219.10365325, 175506051.59834862, 180705240.76348954, 172037983.3230131]
[191435359.27716422, 179855416.40511084, 190376174.91963702, 183576855.00577778, 193379351.84607774, 187800103.2833925, 194130594.81774622, 188966636.97757465, 179740617.39283365, 189827516.15883416, 191034574.49457997, 179162657.97608158, 199736722.04437974, 175476891.75809032, 180623838.614203, 197907220.9756871, 196209544.795021, 194833321.28324604, 202384041.70817986, 181076306.4795701, 162109760.33959252, 181502091.6132986, 205179713.6865676, 193521678.55476132, 190213507.37507546, 180849092.0255359, 192468261.62702793, 172249764.1301468, 187047721.3594943, 175679508.12603754, 190582110.74762458, 192460278.69710734, 168078150.7166708, 187224263.12381274, 191363010.5709379, 202332099.29218715, 198326048.27913386, 172791644.16514432, 187350229.2267232, 180232001.46390024, 194184687.30087057, 192795908.30522102, 175952495.08512372, 176627198.86901772, 176469471.9081584, 174780537.34150854, 182979383.73510954, 174952087.00882128, 176046497.22487885, 170728465.62063706]
[191435359.27716422, 179742242.57347786, 190376174.91963702, 171987787.26095954, 188753706.6417037, 185925938.41720942, 192103020.6766964, 187125127.17015666, 177801885.00598392, 186872901.8265027, 189814109.35978737, 177642014.71072072, 198626324.69207522, 175316827.72870415, 177951552.64126384, 194106063.55744988, 193447220.62846822, 193426385.1452075, 198803782.520376, 179553857.16113406, 161658322.7589905, 179325128.93334654, 205179713.6865676, 192560169.82825416, 189498052.39697406, 180849092.0255359, 189054824.55321795, 171619048.32332283, 181836235.67241377, 172088496.62430453, 185996338.5526036, 189347980.07167685, 162343916.7153046, 183854518.19507307, 189815662.2495719, 197897383.80444312, 191127926.9090557, 171826251.4105179, 187329994.72449, 175662677.68686754, 189232506.50084922, 192795908.30522102, 173929457.97162867, 176326953.7407394, 175641837.82445282, 170815009.63441008, 179816886.4415486, 174626669.77710786, 170759158.877953, 168884879.99149078]
[189831017.10688612, 179323804.7345572, 188040551.43183422, 168773715.63340843, 186568741.5235087, 183887039.8511883, 190964387.75329033, 186328434.19482753, 177281151.55445772, 183906302.00935718, 187557827.16953737, 175770913.94731617, 195915733.78812808, 175316827.72870415, 174692807.84405997, 194106063.55744988, 191962792.53335217, 191097848.47283903, 194614719.14327723, 173724275.40157056, 154264709.904097, 178776357.02756616, 202932612.82470864, 185990229.89197412, 188706223.76820317, 178994479.9918661, 182371497.71916252, 166028096.44190222, 179035108.63285357, 170768854.60966253, 184208020.04217592, 187993449.75697112, 161228751.18065137, 180181930.52889264, 185414133.8081239, 191983382.37503904, 191127926.9090557, 170911096.75563616, 187329994.72449, 174309192.47298032, 188449818.774052, 192364146.1214628, 171470977.63269323, 176326953.7407394, 172476634.4400894, 169014267.31305557, 174014770.4875996, 174144214.39532202, 170759158.877953, 165664345.27673942]
[185155511.516915, 179323804.7345572, 179779069.72385424, 168303165.2443764, 182061070.12928426, 181918317.44551986, 189663413.99696913, 182451607.2042456, 177130010.4666783, 180171733.63613, 184598794.9381917, 172534081.3662942, 190328514.84867465, 171842468.4283995, 172617183.4901101, 192447312.44054252, 190552550.63702327, 189651666.25255552, 193225151.33794767, 172181327.65786228, 154147836.71444786, 174954307.55133253, 198124286.98164314, 185990229.89197412, 186079780.6983319, 174210132.4109005, 181954620.95398727, 165844734.5128165, 178859646.65168932, 170768854.60966253, 184208020.04217592, 186832399.49697345, 159477414.12614995, 178453073.60643047, 183293256.7794913, 190548084.68753573, 188499110.8039562, 170911096.75563616, 185267063.75507396, 170488263.23795846, 188449818.774052, 184249070.78054452, 167394359.46353358, 176326953.7407394, 172476634.4400894, 168377430.06652823, 171791980.58977073, 169584133.3858438, 169480687.24568328, 165664345.27673942]
[183763483.4177044, 179213076.86213025, 179779069.72385424, 168303165.2443764, 174487988.786322, 178830420.75205195, 189663413.99696913, 181032051.53438818, 175400453.73797354, 180113916.55010182, 181068975.68462455, 172268691.7633055, 185234608.95961443, 171842468.4283995, 170285341.58735055, 192447312.44054252, 189661780.7256943, 186405020.88738918, 193068203.30825886, 169625173.25238854, 151772413.9361711, 174954307.55133253, 196769995.81025892, 185990229.89197412, 182914027.77259046, 170868037.65277222, 177087070.22657123, 163886111.95400888, 175625809.8507349, 167257836.78325805, 183656986.68319845, 183935944.09617376, 155149221.23999864, 177411552.0705496, 183293256.7794913, 190548084.68753573, 187340739.3653027, 167812812.71064374, 184448046.2127226, 168576985.0078622, 188296580.24087065, 184249070.78054452, 167394359.46353358, 171672262.767252, 171782648.24192673, 168377430.06652823, 168026547.20270753, 162243798.75879544, 165879515.76008457, 165664345.27673942]
[180876480.9434378, 178694753.9410893, 173355047.56014323, 168237241.67335066, 174429877.61514348, 178830420.75205195, 188420376.2173037, 176837590.68322796, 171710490.87637496, 178915139.1716475, 181068975.68462455, 171640786.70002604, 185234608.95961443, 171842468.4283995, 168358796.14469156, 191239209.80793148, 188203772.6320008, 184560769.98185268, 189427670.5966882, 168585537.12509406, 151772413.9361711, 172197170.78448194, 196637785.01835227, 185631851.57044244, 176826915.17420357, 170733459.85944504, 177087070.22657123, 163756399.4459264, 174810843.57296473, 165738546.53197122, 183557446.68371958, 182212731.60516486, 150944260.7309235, 177411552.0705496, 182280849.7986741, 190548084.68753573, 187154682.3739315, 167812812.71064374, 181767056.44844776, 168576985.0078622, 186541488.5972499, 179938115.37880537, 165707548.2328493, 170858599.67557424, 171782648.24192673, 161830235.68261328, 168026547.20270753, 161268834.24564224, 165879515.76008457, 163120676.3446444]
[180876480.9434378, 174623868.34325266, 172366121.98089847, 168237241.67335066, 169812054.4925608, 178045400.89039963, 183038064.36247897, 173136827.61710554, 171310446.98171663, 176958102.45317358, 179891426.9287161, 171197633.4726947, 182048691.99155867, 170804809.0990123, 168358796.14469156, 190878115.11372244, 186953207.15894106, 183179082.87966895, 187020865.53972965, 166781434.73977712, 151772413.9361711, 167567440.90073705, 192466701.0688706, 185631851.57044244, 176441534.40970242, 167872868.5128684, 176217394.73965707, 163455986.59101748, 174810843.57296473, 164802043.1395286, 181763160.16745013, 182212731.60516486, 150035420.49420944, 175390363.03165984, 180756922.50436574, 190548084.68753573, 185159142.22411123, 166827230.68874434, 181767056.44844776, 165828491.0232457, 182417681.51291475, 177936866.31512222, 162913245.09691352, 168421448.76332122, 171782648.24192673, 161627001.02202535, 166037924.76812536, 156513976.8862477, 165879515.76008457, 163014542.61956343]
[179371910.10284263, 171369462.3247235, 171229483.4446513, 167845299.9734114, 167384764.1750453, 174470687.06657612, 181189497.75909573, 165958935.37553734, 169559901.79719526, 174883405.35049054, 179891426.9287161, 169327733.8018557, 181299370.53224373, 170804809.0990123, 166809172.15387172, 189695817.39197165, 186916668.43201083, 181804524.4840626, 174829784.4421137, 166781434.73977712, 151230254.95033187, 166054852.79778644, 190989620.6018046, 182733909.40443787, 175462331.6644733, 167872868.5128684, 176217394.73965707, 163268194.0158189, 170403845.72507578, 162985375.2428087, 181763160.16745013, 180932197.23730743, 148890685.29008743, 175342803.84880218, 179867180.39540368, 186753213.48920673, 183265771.32618693, 165722052.4552499, 178275868.2259603, 163185295.25226063, 180142041.07189137, 174826016.38923755, 160176509.33340752, 162945577.335046, 168497397.27494392, 157659272.5553328, 166037924.76812536, 154751326.03887874, 163958409.31813216, 162742926.32292444]
[175528822.90977055, 166846067.3330505, 166048108.1359713, 163202926.95015794, 164084213.972534, 173637612.15061435, 179817340.62166756, 165958935.37553734, 166350391.8769081, 170914113.13801318, 176067365.4655078, 169327733.8018557, 181299370.53224373, 170564685.274832, 157727480.88964844, 189187601.82103863, 183456710.2274622, 179723108.9181492, 173070748.88880798, 165028885.53065327, 150545536.17272818, 165070488.92865553, 187839896.709907, 181592653.44645745, 175171399.44168308, 164788567.65293512, 175697108.7511037, 162142005.22446182, 168228849.39428565, 162630727.59354627, 178235220.62753552, 180278082.43853202, 147254929.9661562, 173065373.75169384, 175468822.69853166, 178420786.716784, 182943462.8509262, 163196327.18061608, 176805459.5115913, 161942260.28479636, 180142041.07189137, 174826016.38923755, 160176509.33340752, 155908700.91410142, 167567561.6872328, 151042722.96627465, 163109828.12362513, 153091831.31732076, 160580298.6388134, 162742926.32292444]
[174705858.3576297, 161503976.41643855, 165409858.44597206, 161167583.35813203, 161539598.43857807, 170341424.6894926, 179817340.62166756, 165958935.37553734, 166258493.61730415, 170484908.15397352, 172369823.110494, 166458902.21391192, 176689864.40332052, 170430838.51598704, 156984194.9248094, 186105439.31475398, 178953071.37336057, 176465061.74803144, 173070748.88880798, 163783107.20270768, 148944501.04837483, 164765046.52904582, 185789494.02934453, 179169389.58796644, 174514325.17208514, 164451322.65453884, 175697108.7511037, 161025857.2414476, 165396685.39955333, 159335854.60214293, 178235220.62753552, 179746576.05337107, 145571857.44272774, 172152539.3851237, 174495583.96505138, 177875509.23640865, 178370283.9002475, 157198513.29456478, 168386157.03088307, 158871882.2876641, 180142041.07189137, 170450694.94022983, 158726709.32898176, 150185433.09271124, 164480167.5421342, 151042722.96627465, 161324424.54641888, 148501179.88647747, 155393318.52365017, 161024236.11139292]
[174705858.3576297, 161210429.79759127, 164729529.38541928, 161134927.2275566, 161539598.43857807, 170252384.45322144, 179102793.5027371, 165958935.37553734, 163553021.6564734, 170184001.27207476, 171988812.2305986, 166458902.21391192, 172043813.04156882, 168836415.75956616, 154876393.56238496, 185108302.96044865, 176794430.45324108, 175569516.09059697, 170943133.95028836, 163783107.20270768, 148653519.95619836, 163483284.57546157, 185044239.2593066, 174928524.70543593, 169911369.88730174, 163743086.06261048, 175330694.74551755, 160624345.50447345, 165396685.39955333, 157357312.24070662, 173727269.27389723, 173619440.56387854, 144721950.40102282, 169954499.22826517, 172490190.09471872, 177189540.6520564, 176852667.37065932, 157198513.29456478, 167984690.29701814, 158734802.79070836, 180142041.07189137, 170084735.5422327, 158726709.32898176, 149425614.75673553, 161278087.92699888, 151042722.96627465, 161324424.54641888, 148501179.88647747, 155393318.52365017, 161024236.11139292]
[173387760.29661337, 158547515.7457468, 164729529.38541928, 158609699.2588907, 158703797.5176066, 170252384.45322144, 173239182.04608178, 165028759.30730027, 163546323.8614251, 168573910.99608952, 167281223.7995656, 166376250.35500947, 171318562.18060368, 165821122.5367573, 153884162.81009558, 182593968.27147156, 175642426.14140236, 172846629.2093676, 169723578.10005018, 163783107.20270768, 146355514.56990498, 163483284.57546157, 180438635.44054514, 171642140.4851145, 166627553.44045633, 160677834.06471512, 175072530.92416492, 156936801.15628982, 164185724.99580306, 157159593.39455414, 173622529.76674157, 170625685.39756954, 143504280.63702148, 164967858.09197748, 171676094.4816556, 175175426.54315802, 176753029.53759274, 157198513.29456478, 167723232.85616407, 158734802.79070836, 180142041.07189137, 170084735.5422327, 157362605.19653076, 148986710.10593298, 159889637.06390837, 150244113.94404286, 161324424.54641888, 145051157.58797044, 154945229.57377687, 157815525.51471633]
[171315449.40191916, 157652303.54169455, 164729529.38541928, 155952832.757891, 158703797.5176066, 167992159.80581158, 173239182.04608178, 160937518.9024132, 161231105.32957688, 168521838.88635358, 162909794.07997453, 164751896.86858648, 170010052.46271348, 159984850.37871617, 153884162.81009558, 178408604.8618092, 174581638.17810455, 170723542.9707059, 165528528.67863142, 159137265.97216707, 144902191.48249078, 163483284.57546157, 176107586.30205393, 165869087.9608269, 164743566.52295017, 158508336.3885719, 171592309.3580218, 152620743.99069133, 160194055.3120001, 153682217.87797147, 165963230.7319397, 168593453.28267893, 142159666.2109814, 162976946.17001095, 168712327.96736664, 170425454.84163195, 176753029.53759274, 155000374.8275692, 162942179.97450128, 156785652.54777834, 179533492.00734454, 167114666.7512983, 152572357.97774974, 145143333.14245382, 158481080.3497643, 147367354.1525546, 160509444.18910527, 145051157.58797044, 154643878.85948822, 152405343.24999726]
[169737062.1222475, 151411683.3776274, 163777679.4545957, 155478265.98343056, 158703797.5176066, 167238246.83791205, 171583596.61270294, 158398080.42654598, 161231105.32957688, 165600232.01165548, 162140395.13260812, 163346787.02995056, 168221207.16541153, 153742135.55046338, 153884162.81009558, 176078788.3333363, 171230178.5365492, 170723542.9707059, 160661850.92853558, 159137265.97216707, 143988317.45469266, 158037779.53988498, 176107586.30205393, 165869087.9608269, 164284500.12540054, 157650172.7830332, 165536173.70215446, 149994226.57175225, 158903119.51907858, 152835610.43111423, 165963230.7319397, 167327175.27725112, 140764089.6868193, 160613359.67690706, 165767444.72953472, 167548205.7420994, 176195688.8083258, 151753839.93250722, 160392409.9342913, 156172885.07408935, 178730747.35585624, 165579541.49849147, 152572357.97774974, 144554063.39638472, 157728270.99241957, 147161952.81439272, 160418122.1483367, 143961761.45614305, 154643878.85948822, 151611061.6722506]
[169737062.1222475, 148569496.53524432, 161889901.6564799, 154824532.58599883, 158703797.5176066, 161813676.95119798, 168730271.08007306, 154337507.0943437, 160555807.82898742, 165246297.7838657, 162128823.16411334, 161474852.82516775, 168221207.16541153, 153670991.8426965, 153884162.81009558, 175451833.53533816, 170799144.19082823, 169439987.54043734, 155503173.3861155, 157437302.91062862, 142055368.15593076, 155119667.72493246, 173301120.0679176, 164609435.79269454, 161317397.05726236, 157650172.7830332, 165028552.7642056, 148889164.89836067, 158903119.51907858, 152719919.0274841, 165963230.7319397, 162882558.47201756, 139927801.03495476, 159597135.79054955, 165767444.72953472, 165724329.96044567, 169947498.80292732, 149250004.94381338, 155702149.37045786, 155374303.67946655, 178363800.8559867, 161912434.66970947, 152286335.91782978, 143445440.85494402, 156307498.09872073, 145679213.53624907, 160418122.1483367, 142460127.95684487, 153947727.75504783, 151338847.80179322]
[167607576.6330552, 148569496.53524432, 161538185.47175798, 152237491.83033022, 158703797.5176066, 158777300.94192427, 168498733.46715766, 154337507.0943437, 159355693.54431206, 165163048.9929448, 161139087.1307462, 161474852.82516775, 162629238.437285, 152459996.10735965, 152326625.13974136, 175162479.73530203, 167590688.48344755, 164633740.57164162, 154295084.41734487, 155042665.88452524, 141500871.22155544, 154546562.3150062, 171302837.40862268, 164609435.79269454, 158739778.27832586, 155459827.940309, 162368772.66880327, 147214838.80229446, 157453782.12338683, 151230613.27517086, 161433750.43206277, 162882558.47201756, 138497078.5915787, 157946419.679142, 165767444.72953472, 165724329.96044567, 169861105.84664804, 149250004.94381338, 152652317.32262924, 155340704.5005663, 172778284.17384878, 159522145.56923923, 152286335.91782978, 140232589.54385996, 152353290.99277967, 144515876.57565823, 160114718.385726, 140121462.63072076, 150204685.26256046, 149103085.4233505]
[166109810.3005833, 147933728.21913302, 160607582.8139635, 150634107.60970932, 158703797.5176066, 158407490.45915976, 168209036.70088238, 153455119.84158176, 158152036.2184828, 163255218.71146545, 160977242.1504479, 154147314.0374181, 162198061.56079814, 152459996.10735965, 152326625.13974136, 173666382.57480437, 164906191.66505906, 161526936.10083723, 153444623.92819786, 155042665.88452524, 138103616.78866452, 151959747.89349714, 168301485.02382076, 164609435.79269454, 157902660.42152557, 152252627.46419373, 162107935.51086044, 143783242.0531493, 157453782.12338683, 151230613.27517086, 161433750.43206277, 162309721.65613306, 138497078.5915787, 157946419.679142, 163250967.95963386, 161469630.24402484, 169714075.53593507, 147436188.9614626, 148993791.2258116, 155141837.41587228, 171883560.6638983, 157399750.70992488, 147849864.74780232, 139993040.92732686, 150970839.076508, 141942540.14346543, 156894966.0439629, 137689438.63443726, 146636635.3465286, 148169071.4280283]
[165806132.2345182, 147617268.00468773, 160376621.64857855, 148141948.43305153, 157850284.20687962, 153660301.43230018, 165761841.91211578, 153455119.84158176, 157978785.96379182, 160595368.88296774, 160977242.1504479, 151913545.49935403, 162198061.56079814, 148690885.6715523, 151370680.52002484, 164239120.11983937, 161873388.48826903, 160284679.8011318, 150274476.09696403, 154313842.527802, 136699109.90183124, 148506688.97302455, 168175598.46661317, 158575284.34496385, 155247664.25947556, 152252627.46419373, 161785204.73801717, 142869006.2340738, 157453782.12338683, 151224859.93743038, 161433750.43206277, 159046093.65778726, 138497078.5915787, 157946419.679142, 153082039.68829125, 159502353.1063791, 166959359.2350412, 146916915.10918212, 145140532.69506133, 155141837.41587228, 170884681.29690272, 156802436.98235786, 146969082.18746364, 137677547.2467229, 150887733.55218333, 138576717.89428443, 153794192.28877348, 136151862.18731326, 145298648.7219668, 146749910.4982545]
[165513247.68423912, 147317336.04724377, 151110798.09103575, 146764825.22196764, 156367134.9444151, 150687873.48674923, 159254299.529509, 151711274.5325045, 157978785.96379182, 157483253.9192097, 158566970.26269177, 150730944.61694062, 159887955.0739385, 148690885.6715523, 150712215.06186157, 163134698.36476058, 160227537.64824945, 159586917.97507688, 146426054.00131446, 151733343.76333112, 136699109.90183124, 148506688.97302455, 165718360.79200295, 157501415.12833697, 154446728.94613117, 150994439.16414154, 159733924.1599986, 142869006.2340738, 154112991.961304, 150905458.68397778, 157759215.9806096, 156520663.90213755, 137395301.58779526, 157867419.92440766, 152817807.82311282, 157115598.4328261, 162147291.21879423, 146916915.10918212, 145136112.53081852, 153336435.51336366, 169548952.24740013, 155496701.51934758, 146050779.48630208, 137677547.2467229, 147983532.99733892, 135580350.59441632, 153794192.28877348, 134129367.02974358, 145298648.7219668, 146749910.4982545]
[160038196.48493117, 145245848.75372478, 150960196.5576519, 144718887.74189892, 152170174.47781795, 146611686.75909558, 159254299.529509, 150203304.67276973, 156673617.382573, 157237587.23814535, 156758261.97203204, 150730944.61694062, 156023043.75363123, 148488566.83238456, 150406756.16241056, 163134698.36476058, 158834968.041717, 158826999.59861976, 146143153.04417196, 151284191.37034485, 136699109.90183124, 143365880.1948604, 164371459.14130664, 157501415.12833697, 147711896.24319506, 148455230.08413208, 158156576.97380328, 141659451.5120325, 151864821.39969343, 149044882.49847654, 156507509.3108781, 154282967.47185543, 137327328.55376798, 154773936.11920202, 152113150.97156706, 155266839.63777646, 160543473.74467245, 145561417.2029063, 144763539.65653223, 146249394.6467433, 167760683.5580861, 155468319.0064473, 144007311.08975264, 135906301.985922, 147983532.99733892, 134263230.2951262, 151920250.99644986, 133154082.5140425, 142458584.2940491, 146749910.4982545]
[153048727.22687173, 144371311.7726275, 150960196.5576519, 144422294.45812303, 152170174.47781795, 144561097.88287693, 155225161.41830108, 149073061.81927982, 155415663.9240207, 157216386.7039389, 152429285.5638814, 149442017.76728562, 156023043.75363123, 146837260.8659555, 150406756.16241056, 161558125.4085762, 157479171.9348632, 154885322.34644738, 144966315.99877223, 148142629.16978744, 135656617.67332488, 143365880.1948604, 164371459.14130664, 153421073.6028048, 147285344.83106452, 146531525.04878443, 155919998.16067487, 141659451.5120325, 147752080.48046073, 147119565.56935078, 151629858.25062656, 154282967.47185543, 135517532.8809677, 149854589.70949355, 152113150.97156706, 152419312.37471184, 153451132.00396544, 145329435.34920025, 143447404.00936756, 145152409.9769148, 167760683.5580861, 154042008.7644742, 144007311.08975264, 135299658.15607464, 147834775.99974054, 130661380.80551286, 146616841.98520252, 132462725.3671469, 141296829.57854822, 145715853.21377885]
[150742646.360551, 144285820.11045134, 150255314.08580476, 144422294.45812303, 149667297.41790026, 144215844.11588773, 154677918.41355675, 148026109.52871576, 154590318.4256427, 156217299.8496375, 149489974.5321134, 149442017.76728562, 156023043.75363123, 144163725.06064832, 147951543.97944313, 161558125.4085762, 155148248.6554872, 154803738.55932704, 142838089.42920777, 145976617.4153009, 134813496.15730998, 140594619.78587008, 162299354.7133806, 151836963.7225573, 143448257.13542944, 140875128.12897912, 151354993.50048655, 139530774.0070978, 147506199.4725235, 146091863.27408442, 151629858.25062656, 151303910.91021866, 131672070.09973788, 148696482.5203082, 148715295.52388608, 145396207.71354038, 152447981.24902025, 142549179.46357113, 139618181.55878952, 141272062.30062175, 164646799.2192102, 153290431.73254237, 142345417.6987057, 135299658.15607464, 146404120.53296638, 130282269.09539387, 145666403.2943129, 130870251.30214319, 138886681.89841455, 143435805.66183633]
[150742646.360551, 144285820.11045134, 148629349.6118905, 144422294.45812303, 146292043.50705668, 144079037.26062876, 154658711.0320344, 143670071.56831166, 154590318.4256427, 154166200.51885703, 147761537.96491826, 149388137.74568734, 155537594.84584337, 141336584.99080712, 143743625.5537507, 161392943.6551389, 155148248.6554872, 152881124.62525928, 142740776.8976943, 145976617.4153009, 133857096.91480906, 138530387.67123953, 161674082.33783334, 151132155.75755697, 141716167.2761057, 139950828.3734566, 150963389.49800763, 136447552.2759075, 146898612.30961174, 143367375.78258705, 149747850.315387, 147879281.32965666, 129959630.68894342, 141071441.94912198, 148715295.52388608, 145107598.69473836, 151547728.92857245, 142472675.98664138, 139618181.55878952, 141090156.1255213, 164483108.20145744, 148317752.51877576, 141900423.04290098, 135299658.15607464, 145399616.73101845, 129865636.20316282, 145363971.7371374, 128207938.43114674, 138354786.53361169, 143203135.53311202]
[150742646.360551, 143017458.92067116, 148411575.64493403, 139776219.0872607, 144461143.23365176, 136222271.40519398, 153509481.62113565, 143670071.56831166, 153715748.604121, 149275008.26428837, 143386544.18302056, 146704793.09761268, 152060202.12329116, 141336584.99080712, 142356951.3272323, 158515811.07792336, 153090282.23728377, 151144455.69366294, 142740776.8976943, 144948237.96886128, 133177125.73004162, 137362683.66200408, 159143291.00372452, 145762990.68901253, 140063822.83738738, 132857643.25321655, 149807969.82554412, 133441705.7476234, 145604746.51809257, 141476828.30510318, 149721380.70097095, 147879281.32965666, 129820121.86778009, 139678587.90152082, 148706532.97012728, 143058914.38337585, 150984019.2927769, 141937575.86088282, 138163277.1358984, 141090156.1255213, 161126271.7300579, 148317752.51877576, 139006789.38812995, 134937585.4298724, 143009585.8950502, 128109072.28139558, 144623556.55151257, 123897013.75170806, 138354786.53361169, 140493478.23864937]
[150742646.360551, 140259081.8128286, 148052689.26281065, 139776219.0872607, 140458461.91845852, 136095163.1504988, 150444389.16776046, 143670071.56831166, 151903658.50833407, 148697911.365995, 138210944.73748904, 146286518.703847, 150948822.37168115, 140634897.11139, 141642147.79386574, 151568091.9441497, 152292920.5446706, 150832287.17793682, 140690136.57875723, 144732579.10717025, 131257101.75313373, 135354693.09330475, 155481260.72182193, 145667965.1711504, 140063822.83738738, 132857643.25321655, 149807969.82554412, 132658774.10017475, 144307116.78853637, 139779550.30470827, 147021594.16225803, 142204039.28205058, 125844862.94987428, 138494206.8289904, 147128185.70925555, 142254674.1490497, 150049622.5566031, 140392976.17107332, 135573670.10307318, 140276736.95291138, 161126271.7300579, 148317752.51877576, 138687139.9681044, 134937585.4298724, 139876818.34124088, 124346169.4301143, 141822420.1545178, 123897013.75170806, 134384207.17228884, 140493478.23864937]
[148816805.24804556, 139038594.96708933, 145829571.84372368, 139172115.23182157, 140458461.91845852, 134567146.21933374, 149027412.13845313, 142928977.65070346, 150239817.69146454, 144745115.49535948, 137435597.50795865, 143248960.0682976, 147964015.0670882, 138691926.6004003, 140854965.412867, 151568091.9441497, 151835915.25520703, 147941455.66225067, 138598098.84194994, 144328609.56854635, 127633499.65813212, 134350503.56051177, 153198573.5300338, 145667965.1711504, 139916519.403823, 131307740.33352952, 146218025.9098613, 130871310.13776954, 140572837.95996076, 136182794.77067775, 145905048.33100837, 139703382.61207277, 120124230.82246247, 137145844.45160598, 146613017.26931685, 141372642.3239791, 150049622.5566031, 139175915.11817223, 135573670.10307318, 140276736.95291138, 158146740.20182684, 145937318.45812318, 138632752.20960748, 134937585.4298724, 139687972.48900646, 124174776.84197581, 141669873.648242, 123610482.70302789, 134384207.17228884, 139104511.2403042]
[147081508.43160558, 137152408.56337258, 143480902.0553009, 137696885.31132045, 138491183.57410955, 133642428.81823322, 149027412.13845313, 140820909.8771989, 149207528.55304873, 144745115.49535948, 136786269.7631698, 141950706.4018512, 144276967.49155268, 138336841.44940865, 140069794.61047196, 146996132.2824192, 151793731.32147068, 147941455.66225067, 138598098.84194994, 141598669.61585385, 126594721.84034333, 131265787.10336868, 152619828.03791064, 140926839.97782654, 138987500.3311937, 130581988.36706558, 143931215.7389844, 130871310.13776954, 136052233.14622134, 136182794.77067775, 145905048.33100837, 138956687.06139606, 119966505.39192434, 135281807.47612604, 145628382.0133469, 140339002.49104658, 149309694.29025015, 138907042.2144837, 135415733.56501, 136677248.52224004, 157421631.5926014, 144824868.73954687, 137251523.92396536, 134937585.4298724, 132155601.81188834, 120934271.62236455, 138929446.7906737, 123298607.24996193, 131319999.95331447, 138873674.2550201]
[146629507.2721377, 129909163.85929763, 141781579.7847965, 136796103.23088607, 138491183.57410955, 132441119.05660598, 141981433.74348167, 139275814.33033222, 145321630.20284024, 144655924.8177796, 133495482.4136273, 139954038.8837911, 144177180.2569281, 137881106.53313252, 138704193.3162181, 146996132.2824192, 149975702.2842207, 147024274.3725018, 137874138.9038461, 139100380.73369354, 126594721.84034333, 128459512.61675775, 151576220.44781342, 140926839.97782654, 137271180.6207048, 127620083.96155219, 143931215.7389844, 130871310.13776954, 135183174.70078808, 136182794.77067775, 145905048.33100837, 136552357.4614228, 118979923.87091526, 135104329.76329356, 145091039.1613617, 140339002.49104658, 148760439.21656117, 138060035.7507254, 132645595.28094096, 132626517.48515908, 156099683.52198243, 144824868.73954687, 134832667.0723865, 134347671.42442018, 132155601.81188834, 119577844.37784895, 137876414.01464364, 121129124.63752155, 131319999.95331447, 137992826.6051453]
[145651896.1496583, 126038248.64189532, 137534777.84010944, 136796103.23088607, 134777324.69383925, 131412212.39837596, 135924222.40763837, 139275814.33033222, 144324106.24467033, 144655924.8177796, 133355361.54300818, 139332642.7120032, 143643965.178221, 137881106.53313252, 137676083.10485998, 144567213.44106752, 147074684.5420311, 147024274.3725018, 137333322.75252667, 139100380.73369354, 124091690.95012006, 127044820.22344205, 148834176.7928314, 140926839.97782654, 135568308.9196537, 125073628.96103911, 140923307.8006813, 130297248.58353138, 131477413.74932563, 135411602.1502885, 145905048.33100837, 135810315.30496526, 117469260.43331484, 132472758.85630353, 138742280.0342291, 140040945.9490994, 145721253.13406876, 135991752.7979657, 131329748.80416861, 131809655.73191424, 155275016.05748492, 144824868.73954687, 133080162.60507858, 130429077.14249921, 131270967.6805811, 118738275.3825912, 134883854.13231215, 119956431.78810315, 128607155.16140172, 131496735.06765726]
[143122973.6302003, 126038248.64189532, 132732344.08756311, 136632361.58709392, 133642443.22981663, 130039336.68895881, 135014017.89527246, 137627604.50707942, 142603804.88557714, 142524605.07248175, 133355361.54300818, 133076294.437975, 138311816.77926242, 137881106.53313252, 137676083.10485998, 144567213.44106752, 142493635.52253008, 141645589.8152175, 134200614.0776478, 136201232.07040983, 122350337.07819831, 127044820.22344205, 145732800.6290759, 135291947.7965159, 129934826.3300426, 125042384.29686889, 140569179.2663625, 127529725.63995238, 130804567.90455773, 132771025.89711583, 145599604.87995076, 132647794.40912108, 116253471.53846416, 129509500.34070012, 138586214.92086902, 140040945.9490994, 142090133.8757448, 134662604.33896962, 130000777.61505833, 127083606.13668427, 152255039.8414186, 139997855.3563198, 132602696.46792614, 130247453.72388943, 129922964.05979009, 117511034.13801274, 134568085.8368338, 115980729.00453374, 128607155.16140172, 130405959.75410469]
[139274606.85418367, 125370683.7517364, 130022857.43276355, 136632361.58709392, 133642443.22981663, 125963968.89642043, 134436833.93520308, 136644667.45074168, 142484022.71210116, 139987953.198572, 133237299.47426689, 131500220.34348321, 136689409.7450985, 137881106.53313252, 133059987.81182578, 142477076.4595427, 141552552.1528892, 140576148.3028504, 133252976.94537795, 132835945.9589915, 122350337.07819831, 127044820.22344205, 145104668.56425706, 133725305.1737757, 129934826.3300426, 124222438.58076668, 137249583.6813761, 127529725.63995238, 129324241.1990592, 129364242.860189, 145599604.87995076, 131477390.87844463, 116192090.43977916, 128835341.48640299, 137146603.05411172, 140040945.9490994, 142090133.8757448, 133031884.68755929, 129934413.25395986, 126807293.36619481, 149902815.25051928, 137411869.72146377, 132602696.46792614, 126571132.68193755, 129922964.05979009, 117511034.13801274, 133970782.9300201, 115980729.00453374, 124924986.25910728, 130405959.75410469]
[139078532.32405975, 124332099.97538643, 127174745.17034884, 132548141.31854053, 128930705.77890006, 124583080.08060963, 134436833.93520308, 136176774.12933657, 139539890.96700114, 139987953.198572, 131840069.09329829, 130553714.89516437, 134435272.66374606, 137245592.36723545, 132526623.8153555, 141447025.4458676, 140927468.10334626, 138998088.83859104, 131961030.17980878, 132191714.68035027, 121209512.76008098, 126632801.19733779, 144670256.09557173, 130357611.55388899, 129934826.3300426, 123384216.96937282, 137147033.31491408, 125201876.7898765, 128016536.91674343, 123765817.17756116, 143603107.35573798, 131477390.87844463, 115414340.13461712, 127920287.44076696, 137146603.05411172, 135576186.56256652, 136889980.0154693, 132903227.89169793, 129934413.25395986, 126691165.74709268, 148497991.79850036, 128668671.85643129, 132602696.46792614, 124893841.82430995, 129922964.05979009, 117511034.13801274, 132732890.52519508, 114277653.43708006, 123141175.46135107, 126753763.9964374]
[138567285.33071664, 121508406.95310017, 127135785.60330899, 128138679.72325835, 128930705.77890006, 124583080.08060963, 132381567.17369154, 133205723.93738794, 137011719.21528268, 136444454.17299396, 130213656.24191573, 130286771.42637375, 133545553.41286738, 135186831.2609952, 132084562.52645782, 138765023.48982948, 137652370.88639522, 138830588.31056783, 131405697.49749382, 131174154.23393187, 121209512.76008098, 125983213.96169606, 144584931.053271, 130357611.55388899, 129934826.3300426, 123384216.96937282, 136122135.31808886, 123380772.94737346, 126790828.06620944, 123720029.78354692, 142291807.87072748, 131477390.87844463, 115382577.3697921, 126428301.24658349, 132645526.50994053, 133417848.84570642, 131726299.19809596, 130786024.15835957, 129755030.35562554, 123837107.30475803, 145954909.4352401, 128668671.85643129, 130833745.00823013, 124592498.87860394, 128949634.88993259, 117225782.08600831, 128161761.49208908, 114277653.43708006, 123141175.46135107, 126753763.9964374]
[138567285.33071664, 119674505.83972737, 126856471.93908218, 127267998.29661295, 127773316.84463353, 124422946.58753452, 130237774.05345984, 131776691.88754031, 136390421.6290758, 134054125.78471115, 126047196.6940203, 127049766.67740157, 130959619.58045867, 133989392.65752509, 130607516.3836542, 138278486.28227663, 133469215.76357265, 138476221.3201005, 130328910.7652407, 128430648.89897878, 121209512.76008098, 125983213.96169606, 142392683.24401358, 130357611.55388899, 129934826.3300426, 121410018.6225745, 134539374.84988433, 122246672.65555951, 126074165.46267891, 123160213.9157552, 140268914.897375, 129446532.13183782, 113708209.46113631, 124207938.98677382, 132540315.11003467, 133417848.84570642, 130703262.40138058, 129238406.08420885, 127063871.14507289, 123837107.30475803, 145116055.12882558, 127201002.09029758, 128830531.01453137, 123437746.76499495, 128604739.24913058, 117225782.08600831, 128161761.49208908, 113655210.19574168, 120804342.85980475, 124473746.75654395]
[138567285.33071664, 118675315.67538527, 125429648.84225793, 127038929.70383935, 127019167.10284218, 124422946.58753452, 129125992.28832138, 131776691.88754031, 136101342.24755472, 133506513.7438211, 126047196.6940203, 124710903.0137482, 129648913.02799065, 133518553.84724025, 127815707.87907508, 136562880.36791712, 133322611.7899342, 134754184.9661851, 125498001.44466297, 127099713.29762146, 120037245.23581178, 120661040.14078161, 142392683.24401358, 130357611.55388899, 129934826.3300426, 121399268.22507818, 134539374.84988433, 119863292.19681326, 120903073.04563865, 122907073.39718345, 138555963.6608067, 128614667.5938391, 112575273.14327788, 121207624.52421334, 128413668.84410557, 126774962.45247345, 130703262.40138058, 125847713.65767586, 126451792.22351518, 121631167.68314615, 143379055.16998914, 117997207.3281755, 128752998.55337541, 119702644.17755532, 123487843.57950442, 114650497.89255548, 127255350.46776004, 113511530.14993374, 116809347.86878137, 124360562.17286631]
[137133454.19976908, 118675315.67538527, 124361033.15939327, 127038929.70383935, 124105762.74670383, 122410771.63221233, 126430690.59927633, 128148215.95837979, 132858741.92840262, 131893359.8555164, 124897825.95889342, 124710903.0137482, 128927179.15798834, 133518553.84724025, 125869009.1262413, 132921510.85515237, 132725127.75020218, 133878901.9328742, 125498001.44466297, 126422015.28062992, 118288986.56150556, 120661040.14078161, 140865642.26905864, 126878536.30922762, 127680329.65057287, 118481798.94824345, 130122665.22212279, 118751772.8330893, 120788693.6174713, 121639282.49407354, 135870602.53988963, 125735174.90355548, 111106518.01894906, 121207624.52421334, 128209673.24400029, 124898613.63992116, 128861553.72863778, 122706685.68349203, 124157767.97356458, 119582590.95530482, 141198638.7520867, 117404995.21344021, 128752998.55337541, 117501277.50579982, 123487843.57950442, 114466108.45655534, 122041629.06035443, 110661609.61182114, 116809347.86878137, 123309480.57584226]
[135643310.24687913, 118675315.67538527, 123133283.56002998, 125989895.56610456, 124105762.74670383, 119531989.19237337, 126430690.59927633, 127430145.45494571, 131786700.84192786, 130901017.4361023, 123436043.47173862, 123428840.95730293, 128927179.15798834, 130888741.72214687, 122852500.22802857, 132921510.85515237, 132326426.70728466, 133071104.88192824, 125498001.44466297, 126422015.28062992, 116402967.22430027, 119033708.65733722, 139442958.6941859, 125274867.2739032, 127437288.02180067, 118344930.09495816, 130122665.22212279, 118751772.8330893, 119047067.76482809, 120745346.0134786, 135191222.24567586, 125603588.2091194, 111106518.01894906, 120810977.38863571, 127486149.43014362, 121924935.88920934, 127680307.53386256, 120908700.35040903, 123379355.03527932, 119441397.90738587, 136985713.0689688, 117404995.21344021, 127970823.96771637, 115135826.90129249, 122631376.58337457, 112763380.86106959, 121020466.06439471, 109167204.43103187, 115751669.05699053, 122280248.03252535]
[135128091.0474252, 117174371.94029057, 122651796.79707798, 125780908.35224882, 122220068.98762628, 115518856.96374722, 122966433.85707006, 127167326.15186223, 131786700.84192786, 129461072.90696368, 123260177.47692382, 122110027.53637771, 124886517.57820816, 128530795.50740047, 121657744.30885577, 132099990.63568702, 131927405.73328654, 129641552.51413591, 124230683.9013311, 124286881.13859804, 114959105.66870603, 117014904.36560185, 138634379.43266982, 123737489.81102939, 127437288.02180067, 118036132.69092028, 127476983.17332642, 118751772.8330893, 119047067.76482809, 118194538.3762432, 132823767.1330256, 123103559.42391257, 107353893.48910901, 119279601.19959863, 124860546.09165397, 121924935.88920934, 127680307.53386256, 117359257.17446968, 123177569.92447159, 115439584.8263617, 136859800.40532303, 116979691.15838256, 127970823.96771637, 114152097.68933797, 121512471.87122723, 112763380.86106959, 121020466.06439471, 109167204.43103187, 115751669.05699053, 121082021.2429603]
[130766978.53041697, 113690955.22332224, 122651796.79707798, 124649003.61623605, 121387421.91275942, 113417922.6071384, 119650151.98068187, 126298815.67797108, 126659284.42044067, 126607713.18218867, 122899050.15420227, 121146400.3845191, 124886517.57820816, 128244059.67071852, 119256236.96866436, 132099990.63568702, 129245214.82360749, 125988473.06291084, 123544424.74076474, 122286332.48964283, 114474364.60436523, 113573193.89415908, 138634379.43266982, 123737489.81102939, 126597952.89691968, 117657328.93824121, 126250211.95029299, 118751772.8330893, 119047067.76482809, 117224679.87178293, 132792882.27538857, 119776437.67381887, 105446385.2958282, 117994958.9855067, 119911383.85895331, 120062660.82514098, 127680307.53386256, 114997720.15963209, 122972993.12189226, 115439584.8263617, 135292303.31450677, 116979691.15838256, 127143040.44044366, 112963594.45381138, 117630786.59530441, 111754299.60044937, 116388014.66661246, 106918369.00910012, 113737267.41972926, 119600329.0470968]
[129222495.64953451, 112325907.19566557, 122301106.61319427, 124253109.50250702, 121152809.16210914, 112295613.10874537, 119650151.98068187, 126298815.67797108, 126659284.42044067, 123945488.31594047, 119952720.26885219, 121116082.7951717, 124886517.57820816, 125199583.95715308, 119256236.96866436, 131464262.11231235, 128217611.73149905, 124890883.3460348, 119760632.99594346, 119814252.21274662, 111456296.42611487, 113573193.89415908, 137684672.26382244, 123712317.24522476, 121473353.61940141, 114838943.22180478, 125426642.15046963, 117589277.25426015, 119047067.76482809, 117028930.56910555, 132792882.27538857, 119016975.46261248, 105446385.2958282, 115088834.11882262, 118983155.93673173, 119667973.37674436, 123974539.85258317, 114026489.99820969, 119285609.94956341, 113864291.52233604, 132399607.55320959, 116979691.15838256, 127143040.44044366, 111679380.08881004, 115601507.44600014, 110391944.19119444, 116081174.22587904, 106918369.00910012, 112717106.19376199, 119600329.0470968]
[127904199.0206536, 112325907.19566557, 119045938.5067716, 122527940.94341, 119687038.79317507, 112263977.97264843, 119650151.98068187, 124955111.45871034, 124974557.1986694, 123248349.72181925, 118525967.4444494, 113946876.31161265, 124886517.57820816, 125149470.80240455, 116118286.3509969, 131405240.8902601, 126071802.27073722, 123205648.33955725, 118976901.61717072, 119190917.99969475, 111456296.42611487, 113564996.28689344, 135253702.62026706, 122032427.67483118, 118943401.54316655, 112126464.95599759, 124404789.75246894, 116912634.93255737, 115690997.29939802, 113049553.08350101, 131309765.6301343, 118063940.13990697, 105446385.2958282, 114770205.21525905, 118983155.93673173, 118482113.70222358, 123179101.88594647, 114000008.11742473, 118596688.35880312, 112211797.77205718, 131776380.81984596, 116979691.15838256, 125783354.63155553, 111679380.08881004, 113735287.95990738, 109481081.66713996, 116081174.22587904, 106918369.00910012, 112233552.48185003, 115633579.17756876]
[127904199.0206536, 112325907.19566557, 115882374.4560982, 121630676.0721055, 113773689.53065729, 109952032.72616863, 119148323.91331434, 121610327.0840197, 123030547.9598953, 120838492.94068503, 118525967.4444494, 112334275.403446, 117379870.84217997, 124424347.76669312, 114376440.4435633, 128530731.87272403, 126071802.27073722, 119696424.59561034, 118976901.61717072, 118400756.1927234, 110047574.30659351, 113564996.28689344, 134982709.10665637, 120687097.2607775, 114354823.56014395, 111546351.28045864, 122061222.01981394, 116514978.98629892, 114164528.13564901, 110427139.61658685, 128459557.7553776, 115767640.69011752, 105139747.44142275, 113973034.18679467, 116768645.67565396, 116685763.68195191, 122397623.49130344, 114000008.11742473, 118596688.35880312, 110290987.91287741, 131327886.45257771, 116309305.036773, 123592883.67936485, 111157012.11888686, 112979024.34004697, 109481081.66713996, 116081174.22587904, 105939982.86606368, 110937010.94916153, 112988878.93189248]
[126772116.91122559, 111469618.7523344, 114204329.86738285, 120756025.55375597, 113773689.53065729, 109952032.72616863, 117223222.43632193, 121479617.44996591, 122772425.04379979, 118566723.44715035, 115768125.70679179, 111571956.8276763, 117025499.54437304, 122106650.02686663, 112489293.04635572, 127488264.86349241, 125200651.46130243, 119511292.39797895, 114273824.26323915, 118400756.1927234, 109844334.79015735, 109562199.2393537, 130408473.1828455, 120279756.17212565, 112483632.33356461, 109388402.53034982, 122061222.01981394, 116209107.63155718, 114081286.09664488, 109216812.78895505, 123957710.91871698, 112058874.62086734, 104397947.31723519, 113973034.18679467, 116768645.67565396, 116685763.68195191, 119078786.1384366, 112096778.48123392, 113965444.94248872, 107314276.23399831, 131327886.45257771, 112327559.15739092, 121290487.23531958, 110767419.36066258, 109809449.05434594, 108787262.64777331, 114002343.63022888, 102861850.3905153, 110922975.28003988, 110572565.0431815]
[125348749.77011156, 110580602.46903236, 111367290.32032382, 120545657.83271539, 112220899.59627569, 108627634.57285824, 117223222.43632193, 117244900.00584027, 120071571.66999213, 118056117.13194533, 115768125.70679179, 111571956.8276763, 114428435.3299584, 118281385.09490159, 108266397.70814013, 126443356.19051106, 124195445.80381167, 115553813.93228431, 111688711.85365717, 118400756.1927234, 108694104.58552292, 109562199.2393537, 129799604.26822694, 119518698.03974381, 112483632.33356461, 107506983.9834061, 120190374.5392816, 116209107.63155718, 113231382.23033762, 107175172.13871767, 122703188.60306606, 111515920.01379237, 100703382.2001388, 113416569.08297272, 116096901.05128448, 116685763.68195191, 118881416.77961314, 112096778.48123392, 113700021.69558325, 107101203.36082579, 124673778.91814287, 109191108.53142521, 121290487.23531958, 109594835.14008197, 109809449.05434594, 108598352.02850327, 112269961.96702643, 102145741.49457291, 109636744.62254152, 110572565.0431815]
[124134114.886255, 109898181.66821463, 110745480.94542122, 117801912.10658577, 111718551.11094038, 108627634.57285824, 117223222.43632193, 114586947.79234786, 119665805.24620648, 118056117.13194533, 115111477.10331532, 110944080.52446191, 112106587.17301282, 118281385.09490159, 108266397.70814013, 126413113.53459433, 122331547.20154205, 113569240.00624411, 110421302.12111673, 115975296.27052979, 105863558.38954875, 109562199.2393537, 129196567.65804823, 116122517.33611944, 112211205.4549636, 107262656.51847944, 116745332.7774239, 113807443.06434186, 113156327.61577594, 106754276.32368441, 122703188.60306606, 111357219.06014419, 100703382.2001388, 111995464.1422236, 114945878.11385663, 114796623.96138167, 118518502.44019333, 107997911.15542457, 113656485.00774272, 107096641.93874115, 121625772.80345806, 107494535.04887521, 120823424.1545809, 109499002.25983414, 108445682.58309212, 107904621.47863695, 112269961.96702643, 102145741.49457291, 108005663.45392978, 109127496.69951348]
[123278713.50997467, 108610127.29860799, 108984708.78834112, 116357910.99420185, 109381171.79201488, 108443217.4682372, 117223222.43632193, 113493924.0140984, 115507643.31461163, 116014456.72043726, 112545544.98394959, 110647819.27699299, 112106587.17301282, 118106192.15768263, 107646025.75950646, 125568644.3719188, 120063941.74042025, 113569240.00624411, 106440159.93100893, 114498792.93373176, 105521650.50492935, 105233391.38610278, 129122736.5636842, 116122517.33611944, 109162810.6552352, 107262656.51847944, 116745332.7774239, 112053653.10259894, 113156327.61577594, 104439959.0448684, 121781455.19965987, 110349730.44013724, 100521019.63025737, 111565801.23261328, 111280536.134871, 113689312.10363403, 118518502.44019333, 107611790.60151318, 112761968.43673894, 106189905.12719831, 121625772.80345806, 107376795.7607884, 119554136.38559365, 108322502.86486804, 108345260.96030903, 107124020.85837954, 111185744.28784804, 101425844.78231159, 107014595.5619789, 108638852.81774983]
[123278713.50997467, 108610127.29860799, 108767740.60805476, 113305777.03743152, 108135174.57673538, 106645826.36366391, 116477639.81374185, 111642867.67278981, 114006094.31731121, 113315338.05213967, 112545544.98394959, 106878485.38610014, 111228661.86307342, 116615044.41355848, 105233527.72416481, 124748728.02642322, 118177528.7451235, 111011093.00808235, 106440159.93100893, 113688640.70159626, 103807501.28162046, 105233391.38610278, 128076712.74003108, 116040023.2210147, 107771261.27985278, 103436479.12093596, 116745332.7774239, 110707235.07667542, 112932205.971047, 102234863.13246305, 120483849.78822024, 107764308.77563116, 99532764.1409802, 111456595.11877425, 109035005.63945842, 110833602.45986676, 117843796.4768511, 106531451.14369585, 112761968.43673894, 105173835.8108351, 119409365.87648304, 103412040.43195581, 119392926.43043283, 104061476.40994754, 107812842.10884324, 104831673.02641328, 110573848.51210907, 101425844.78231159, 103506791.48309101, 104321318.7353675]
[122872129.15923686, 108610127.29860799, 108767740.60805476, 112012223.19704838, 106801400.94074066, 105746943.87710688, 116476710.03764293, 111334964.97280316, 112979235.84516437, 113268091.59234063, 112545544.98394959, 104230278.86239399, 110352152.86126018, 116615044.41355848, 102821113.55779657, 124748728.02642322, 118087866.31513624, 111011093.00808235, 106184760.00029239, 113153822.9071997, 101681439.3830106, 104301366.29550979, 126800127.07931197, 114214194.33008334, 107362864.7943585, 102096584.13257436, 116745332.7774239, 109797294.46942961, 109181108.01643428, 102078943.6423354, 118022914.71277373, 105400642.32528159, 98623046.28390518, 111063679.92678955, 109035005.63945842, 110833602.45986676, 115428270.10912824, 102834622.68629554, 112146366.9003711, 104684429.08167881, 118303626.38168705, 102068578.90142377, 116996897.53557432, 104061476.40994754, 107812842.10884324, 102355983.27098891, 109227179.32612431, 101286076.96395385, 101700156.81303418, 101337630.12702672]
[120664468.32018013, 108610127.29860799, 107195581.25280966, 111389781.91198345, 106533230.08108553, 96191092.12774289, 116418005.60120337, 111334964.97280316, 111626146.42663558, 112722414.68015261, 112545544.98394959, 101612931.62602136, 110258895.01193841, 115691930.5398757, 100218682.48388115, 121909420.08060083, 116605394.23864205, 109082934.74420305, 106184760.00029239, 111443716.20224011, 100908541.45052958, 102491811.38249539, 126800127.07931197, 113741250.64123853, 107362864.7943585, 102096584.13257436, 116745332.7774239, 108760919.8021833, 108910594.09715167, 101063283.71687557, 118022914.71277373, 103235455.41620414, 98623046.28390518, 107429281.48304577, 108926490.37294069, 110833602.45986676, 115087598.06115668, 102834622.68629554, 107351919.91140816, 104350777.31503615, 117479310.58167347, 102068578.90142377, 116595704.23692985, 102605299.34625211, 107812842.10884324, 102355983.27098891, 109227179.32612431, 98809668.96623996, 101700156.81303418, 98344759.14097247]
[120664468.32018013, 108174267.76718381, 106795711.66358694, 110128604.95747729, 105085881.27973066, 95480038.82151651, 115929623.43070808, 110488220.74015184, 111626146.42663558, 111950289.86605771, 107303381.53195524, 101283188.7487151, 108318585.72025077, 115653972.22055356, 98642669.42140219, 121909420.08060083, 115888437.01277319, 107915004.00558574, 106184760.00029239, 111443716.20224011, 97776529.84551182, 102491811.38249539, 124875056.64541647, 112568809.09221849, 106809226.14195338, 100583456.55527413, 115660536.82355078, 107049821.16592312, 104489726.39135821, 100798945.4783642, 117523643.29264912, 101996659.11229429, 96865730.18128423, 106884187.74625543, 108310027.84872201, 110826764.93419854, 112892502.83955655, 102834622.68629554, 107351919.91140816, 103309473.99357793, 117379176.79872198, 101783755.97046845, 114498021.9246516, 99719595.83542413, 104271017.75963873, 101730523.73043069, 106486260.69233742, 94302797.38088076, 100392447.14366679, 98344759.14097247]
[120490237.59929538, 105222021.82470025, 106795711.66358694, 107760527.01658657, 102944634.60923113, 95480038.82151651, 115616788.50973423, 109032831.21011803, 108374691.13028026, 110410200.50233261, 107032662.41448902, 99025611.05658935, 107029312.83248205, 115653972.22055356, 98022810.1636841, 120600941.09559134, 115863339.66526973, 105382504.6211515, 106184760.00029239, 111349017.4150325, 96971619.79461196, 102491811.38249539, 124875056.64541647, 111920120.36278772, 105365235.75243096, 99265186.71169499, 115338030.32978275, 106078021.46539079, 103360386.4940997, 100043704.22118323, 115430103.12148777, 101996659.11229429, 94794214.37656984, 106756658.96143511, 108260562.56206164, 110826764.93419854, 110925702.09344575, 102171938.48030715, 103886980.92688653, 103309473.99357793, 117379176.79872198, 101783755.97046845, 113670455.68247774, 99719595.83542413, 104271017.75963873, 101730523.73043069, 106486260.69233742, 94302797.38088076, 100392447.14366679, 98031500.45363936]
[120490237.59929538, 103575897.47764006, 106795711.66358694, 107760527.01658657, 102129466.97241758, 95204059.49029085, 113652664.30670527, 109032831.21011803, 105794237.08517161, 110410200.50233261, 106411204.65241316, 98171113.20803401, 105203100.62587097, 113224210.59403543, 95788119.27224946, 120529540.88653155, 115165511.45462397, 104147353.45021111, 105962923.21352458, 108270165.9137901, 96454026.23327008, 102491811.38249539, 123818239.70783992, 111920120.36278772, 101833583.28746833, 99002486.31889209, 113538879.53245755, 103904677.29016814, 103360386.4940997, 99166513.54111373, 113064392.84612003, 99771680.94942045, 94354302.57455964, 105957736.47548349, 108260562.56206164, 110826764.93419854, 110925702.09344575, 101623808.9166219, 102558927.59475839, 99800378.36056335, 115343181.36306994, 99871925.34739867, 111333703.25142813, 99719595.83542413, 103210434.59724422, 101730523.73043069, 105001777.60715684, 91519602.90386775, 95987792.178903, 97637615.33156748]
[120081640.95587158, 101749416.0484087, 106657422.15431522, 106876354.62119989, 102129466.97241758, 93802049.38624986, 111685695.69755204, 109032831.21011803, 105790012.34015267, 110410200.50233261, 103330566.99386233, 98171113.20803401, 105203100.62587097, 111881997.38519895, 95788119.27224946, 120067260.20280723, 111975511.50767136, 101791388.00283614, 105636408.97450003, 108230318.26269206, 94360668.20986506, 101063971.41723147, 123015004.15490708, 111920120.36278772, 101665990.9892635, 98771019.12831496, 113518806.71348965, 102848149.21586606, 100903103.12743457, 98789050.83086762, 111037984.5092055, 98692587.93707487, 91529886.93865773, 100473599.21483895, 107386370.04203752, 110360978.83826661, 110073977.43991503, 99723729.9223634, 102147172.93943067, 99593432.16218884, 115343181.36306994, 98700389.38380557, 109291783.18266675, 99403616.54785977, 103210434.59724422, 101522040.04558352, 104748678.69236723, 91519602.90386775, 95987792.178903, 96689153.64467184]
[115704596.59543943, 99018416.67575058, 106402359.52174646, 106876354.62119989, 102129466.97241758, 93188556.11958611, 111685695.69755204, 107335846.77846669, 103130663.94728498, 109740696.34553775, 103330566.99386233, 97804356.9202837, 105203100.62587097, 111736814.30326962, 95182176.48695633, 114732029.14560156, 111848445.26912019, 99908143.65737171, 104939894.8772057, 107138452.34707847, 94042186.10424176, 100432645.64725778, 121313198.8838635, 111920120.36278772, 101524649.20280921, 98618324.44594674, 112869929.46476293, 101246560.46375671, 99986040.21165812, 94308323.69990098, 108165805.18705156, 98692587.93707487, 87325936.783758, 99789904.86004727, 105275223.60620101, 109675269.70149104, 110073977.43991503, 99717645.71438417, 102059510.51853512, 99593432.16218884, 114495471.64399509, 98240953.95614603, 107535833.90486996, 98621707.43756694, 102451326.00725314, 97774897.50165011, 102320006.7392015, 89534298.42053817, 93493142.61288461, 96006126.39935353]
[113451174.83100183, 98334010.68757842, 104626565.88434063, 106876354.62119989, 102129466.97241758, 93033692.1998523, 110005721.16378143, 106523131.13023864, 102900991.87172994, 107568420.31709778, 100219380.956793, 97488394.3390625, 103753959.94691756, 109671409.05460015, 94547753.56122789, 112525790.0686436, 108834635.3590928, 99908143.65737171, 104624533.4129596, 106566294.14464125, 89800904.98329718, 99323826.39008948, 117220126.03095254, 110240618.11837094, 100568072.40674737, 97452170.71893558, 110803587.97989213, 100769071.85766223, 98759190.18078387, 93377386.0456078, 108151717.09938069, 98692587.93707487, 87325936.783758, 98458319.17056856, 105275223.60620101, 109047928.13704637, 110073977.43991503, 99717645.71438417, 101101519.50087658, 99387026.99817617, 114495471.64399509, 97741038.40926018, 105994145.49274924, 98042120.25779161, 100634531.00420377, 96160415.72996332, 101465430.38381004, 89534298.42053817, 93251732.54969151, 96006126.39935353]
[112286122.64551023, 98334010.68757842, 104481706.18072818, 106088683.42728817, 98881527.31742679, 93033692.1998523, 110005721.16378143, 106219435.2014593, 102107986.21766996, 107237818.32726638, 98546951.64105073, 93411433.89617857, 99409797.90848854, 108599894.11338332, 94439890.69269575, 112525790.0686436, 107200366.0279411, 99712467.32357046, 104624533.4129596, 106566294.14464125, 87938525.0953531, 99037094.81845771, 114998448.00150278, 109207040.88833702, 97789996.25366476, 96669490.26830314, 109525307.1701636, 98646630.05994043, 97311208.32244143, 90807461.78695855, 106647987.86407283, 98080991.25260933, 87222081.24014029, 97758401.41708054, 104696186.5008012, 109047928.13704637, 108836484.73958068, 99472821.50653419, 99329260.01872014, 98248976.34668711, 113265255.05674377, 97741038.40926018, 105560026.41104817, 98042120.25779161, 99679261.03325102, 95817310.93593976, 100053075.64640296, 88171434.48923813, 93251732.54969151, 93543017.1450516]
[107889019.84565446, 96278874.8989794, 101781107.41833033, 106050741.69615337, 97112889.26686063, 92647342.09801881, 109165748.57778983, 104461428.89363569, 97003120.59334196, 107237818.32726638, 98546951.64105073, 92529232.98268826, 98888608.41075325, 108143436.7051504, 94439890.69269575, 112525790.0686436, 106863959.72055708, 99629934.9096217, 104624533.4129596, 104965222.10346699, 86915671.30475399, 95461263.87692113, 113044698.47940373, 108456683.16687019, 96888599.47212084, 96430114.62445585, 108999216.53811875, 98172502.64619222, 96669836.98406172, 89123340.49646339, 106511670.29512142, 97934532.55960158, 86719970.29998608, 97424220.44761726, 104696186.5008012, 107108392.46268395, 106763456.95797178, 96438847.20820832, 98567804.21181512, 98248976.34668711, 112602851.97653826, 97719046.10109092, 103026086.59363772, 94483966.3649474, 99519403.25170147, 95817310.93593976, 99597860.04856214, 88113800.35493024, 91883126.24529722, 93197113.36883333]
[107367758.06507576, 95677056.75337872, 101781107.41833033, 105996773.29155855, 95506366.66847816, 90551799.69007199, 108354391.19457817, 101402840.83915807, 96943717.54880494, 106294336.09260148, 97944072.87529536, 89900223.03943518, 97019551.75871113, 106825364.5020099, 94134356.8246472, 111170986.70318167, 105319374.61451374, 97053460.54790437, 104624533.4129596, 104734194.99555564, 86915671.30475399, 93316473.62777025, 113009805.40014799, 108456683.16687019, 96888599.47212084, 92908910.5914383, 106509600.96110442, 97068868.63344382, 96545139.65016699, 89105281.64072193, 102494256.5071921, 95976121.20956051, 86719970.29998608, 97396927.57180732, 102677330.52547157, 101879563.52587895, 105779761.60663132, 93767058.31201789, 97079033.76399978, 97524497.39302048, 109674389.54116051, 97007242.60921855, 102760517.3005024, 93845985.53534266, 98902210.40705593, 94249691.0321152, 99302328.62676978, 86183751.18241164, 91883126.24529722, 89588184.55318192]
[105086687.26279004, 95534052.40010536, 100757905.31653383, 105432123.8405502, 89815302.8777273, 88086017.113385, 106467306.25085954, 100745404.91548105, 95859543.77646472, 105044866.84385881, 96477225.61033653, 89900223.03943518, 95609158.51271874, 106595833.1357015, 92171246.36159967, 109355367.17986023, 103827135.0907946, 96583208.4492276, 104380503.24043448, 104712838.92927179, 86022147.85625073, 92728380.43638612, 113009805.40014799, 105736913.51884957, 94389766.18995358, 90289041.1286903, 106049196.09739372, 95643398.51339582, 94322456.44536087, 89091425.54318476, 101624973.1568738, 95509625.21958351, 86719719.85318585, 97396927.57180732, 98560334.9762463, 100488092.29552497, 103040105.9278629, 93767058.31201789, 96219656.58391136, 95811120.70377462, 107773628.39845666, 96638294.83824691, 101955761.46733025, 91512673.45678139, 98577783.80605148, 91081788.06704071, 98770877.42368554, 84332018.8066031, 91828917.47861758, 88018797.9182907]
[104004073.20715204, 93997945.02775922, 100757905.31653383, 100809166.28245458, 87981739.83198662, 87466827.2815548, 104619179.58553186, 99991028.90187891, 95334545.17813936, 104011074.72132544, 95886063.97270215, 89709279.69559766, 95609158.51271874, 104773552.18817046, 92171246.36159967, 109355367.17986023, 101832563.89795893, 96583208.4492276, 103483241.35640167, 104673574.09008825, 84748738.88758077, 92318406.53998598, 110509294.97948146, 104589340.85838836, 94329426.06028262, 89998829.26196772, 105339914.64972845, 94869169.33388276, 93414899.37600693, 89091425.54318476, 101624973.1568738, 94099810.10361937, 84111135.46416022, 95912139.41161202, 95811749.57911518, 99550577.14688395, 102142987.73403162, 93143783.66610442, 96219656.58391136, 93953071.70272146, 107773628.39845666, 96638294.83824691, 101661650.27632365, 91326070.29276097, 97619756.93069516, 90270204.62288338, 97948280.28990367, 84332018.8066031, 89728896.79976335, 85938554.54150394]
[101415699.89066905, 93997945.02775922, 98953314.004258, 97887758.21451989, 87895624.39119089, 86940000.72222866, 102306986.37737903, 97790095.86763415, 94367467.66996957, 100182458.5077308, 94575281.2555101, 88175188.8229468, 93471096.00749, 100682914.03027284, 92171246.36159967, 109258725.95831831, 100516498.28950897, 95400546.95429161, 102059952.0301471, 103497434.08218272, 84621661.60891365, 90010430.64281449, 108812911.29630084, 104589340.85838836, 91330717.54926729, 89239700.06071602, 104455861.41567329, 93683650.86138311, 93235780.60695972, 89091425.54318476, 101624973.1568738, 94099810.10361937, 83679269.85755384, 94193105.29288052, 92526984.52702789, 98515307.25975786, 101032709.72020775, 92130489.81708099, 95703352.26248918, 93028854.2837685, 104422758.24806798, 96234958.3025188, 101556886.94609246, 91326070.29276097, 93969503.0675256, 88516127.98232971, 97948280.28990367, 84286954.07466778, 88768150.21946444, 84210408.28968032]
[96473260.4627649, 93873161.09356481, 96415976.41237643, 97887758.21451989, 85283968.87711231, 86191967.498704, 101517683.55653088, 96439268.00915264, 91177174.6220164, 99226604.33223876, 93670951.08325568, 84064590.1461176, 90995366.90962225, 100682914.03027284, 92171246.36159967, 108742747.29563966, 100169640.85785824, 95400546.95429161, 101468239.72864534, 102343664.99780634, 83668586.93239716, 90010430.64281449, 106656432.06350327, 103571709.34637071, 91330717.54926729, 87128949.97532271, 103747575.81587744, 93683650.86138311, 91698614.09687695, 88654757.49707036, 101482287.48383984, 89644816.82211703, 83473254.2880315, 93322247.42934856, 92526984.52702789, 98515307.25975786, 98868963.62154385, 90997974.68708447, 92895787.44282326, 93028854.2837685, 102731440.95048323, 94092335.34000696, 99533566.54533838, 88992295.36618939, 93309863.82445303, 88516127.98232971, 97128367.86906387, 84286954.07466778, 85830243.863679, 83759549.38683216]
[96473260.4627649, 91775465.26887187, 96415976.41237643, 97599767.7820294, 85221713.83884792, 83298842.48950306, 101463036.25020026, 95070801.4901825, 88879970.06361182, 98658927.00692776, 92465605.70283544, 83945364.3730241, 88417750.63572034, 100292305.9167661, 90701815.02167392, 106322774.03742817, 97409037.99958934, 94485462.9286923, 101468239.72864534, 100207652.12960048, 83291790.10380164, 89478700.12282018, 106656432.06350327, 102379850.36778505, 89357278.58018248, 86791300.44572617, 103747575.81587744, 93074740.13318102, 91698614.09687695, 86803993.18604338, 100062830.55202194, 89644816.82211703, 83473254.2880315, 92311789.89325888, 92526984.52702789, 96113854.91676244, 98868963.62154385, 90997974.68708447, 92028010.14462581, 90310738.37466595, 101098810.50001164, 93992168.75950004, 97491284.33518103, 88992295.36618939, 93170586.29516597, 86795839.4679808, 94996982.08596057, 82865339.09313855, 84537451.70536655, 83046112.29009609]
[92986644.60383177, 91775465.26887187, 96415976.41237643, 95075854.46143761, 84180178.34570134, 81170029.27150092, 101463036.25020026, 94514512.25753614, 87882337.68166262, 97268167.32870343, 91558537.78925264, 81408212.87304047, 87015724.12647094, 97001970.77296916, 90701815.02167392, 106072452.48143233, 97409037.99958934, 93439003.11371249, 101468239.72864534, 98331024.99205694, 83223347.19712566, 88371823.58985095, 106656432.06350327, 101101589.20050506, 89357278.58018248, 86205281.53086351, 103747575.81587744, 93015846.05792363, 89357890.18609759, 86803993.18604338, 99592104.92463623, 89644816.82211703, 82918878.57531297, 89817096.52299662, 92378386.29949333, 96009503.21335004, 96918527.5989909, 89392390.64045152, 92028010.14462581, 89748466.59769137, 99832679.64189298, 92068683.40466551, 97384360.43719795, 86925849.86284938, 92583382.49323127, 86461816.38077082, 92349671.40360998, 80218210.09122226, 83555596.24348234, 82843100.08496356]
[90807742.15394467, 90240649.3656988, 93914769.83673498, 94337525.06019668, 83563746.90309381, 81170029.27150092, 101463036.25020026, 93707636.41948012, 87054481.38222797, 94748224.6184434, 91284495.38490358, 81408212.87304047, 87010962.45307447, 95969910.16086929, 89734817.76857384, 105840808.81254011, 95677305.52632962, 93439003.11371249, 99389448.55503155, 96452448.19988231, 81340115.56568338, 87508420.60320538, 105318688.9169616, 100731903.54973927, 89021011.87279698, 85155912.10999945, 103524545.38986726, 90014432.54902878, 88571956.7100008, 85284542.22738238, 94856691.32110241, 87512267.18823382, 80418385.65682611, 88766764.35938846, 92378386.29949333, 94225532.25123683, 94453196.88799044, 87464236.52188683, 92028010.14462581, 89720082.65119179, 99832679.64189298, 90672823.7360023, 96401540.08835608, 86925849.86284938, 90397004.7886809, 85154292.00222716, 92349671.40360998, 80112792.52064103, 83555596.24348234, 82843100.08496356]
[89390859.43253602, 90095882.01308289, 93638600.40270291, 93972232.62529922, 82822319.16997556, 79302833.76756433, 97918683.43631974, 93707636.41948012, 86253934.4545098, 91437458.88134667, 90233116.59222026, 81408212.87304047, 87010643.05414125, 95412339.14318332, 87706055.7561078, 104117514.45900556, 95074039.8913043, 93439003.11371249, 98695790.417562, 96452448.19988231, 81075803.10407239, 85734486.88251686, 103248831.49264368, 94776865.81180996, 88941472.14572892, 84063642.15564744, 103524545.38986726, 90014432.54902878, 86645647.18357477, 85090359.76333751, 94856691.32110241, 87512267.18823382, 78473361.38914703, 86766514.33845514, 91506049.50121097, 94225532.25123683, 94453196.88799044, 86952231.37671426, 89927481.3347393, 89720082.65119179, 99129367.02765308, 90672823.7360023, 93386366.95622067, 86925849.86284938, 86515753.6857424, 85021483.49581939, 92116680.66284722, 79164319.02174778, 83372052.02991574, 82415406.53231537]
[85552809.29515725, 90085701.58673494, 91133492.50482982, 93429927.6646232, 80898978.91930561, 78870667.71164353, 96336202.26314645, 91422695.50487113, 85747863.10106662, 91008751.25571051, 90233116.59222026, 81408212.87304047, 86507536.15292166, 93750924.36406244, 87706055.7561078, 102744091.68164867, 95074039.8913043, 93373421.51710114, 97933489.33781324, 95217719.64574559, 79332219.77331865, 85547649.7033192, 103248831.49264368, 94411850.34488142, 88941472.14572892, 84063642.15564744, 103524545.38986726, 90014432.54902878, 86645647.18357477, 83316400.65393695, 94825623.03345491, 87512267.18823382, 78387887.06435642, 85355889.34296004, 91147198.86123326, 94225532.25123683, 94453196.88799044, 85520265.6063122, 88952754.49652407, 87612703.65506108, 98068492.6583912, 89530945.445173, 90833696.53290121, 85746432.22499707, 85107799.35374844, 84315745.48335999, 91471288.10392925, 78297702.21302263, 83106530.41525127, 82372177.79521167]
[84408977.74809724, 88245923.17050521, 90850722.14667402, 93429927.6646232, 79336839.69347595, 76859017.26063919, 95255764.8145748, 90218621.48716058, 84773363.74310905, 90013017.16398993, 88135247.9219281, 79357864.89014933, 85764400.17031075, 92102522.70166235, 87593853.30364402, 102032107.66940622, 94096101.29778495, 92410657.31676172, 96595741.70791824, 95001471.34846668, 78386794.04391947, 84611629.30306762, 102823285.76504306, 94411850.34488142, 86187409.46679154, 82111382.4308367, 103524545.38986726, 87512863.61779518, 86645647.18357477, 83240902.13166592, 94825623.03345491, 87325883.67663668, 78387887.06435642, 84460822.43614894, 88181554.46633759, 92907358.0668222, 92349385.39190134, 83086980.16159841, 88261714.71603853, 87119419.93755162, 98068492.6583912, 89275006.81773525, 88130095.7708278, 82552425.11282107, 84712821.9362464, 81605841.63995019, 89699874.09249152, 78137497.35503405, 82979661.16159844, 81908391.64225924]
[84408977.74809724, 85027735.7929161, 89344446.86524363, 92260511.43210682, 79300746.34694274, 76584325.9327964, 92540804.07166234, 89848397.08009703, 83675725.75112793, 86668318.02099301, 86533290.86594498, 79109714.40258162, 85010888.27428758, 91346967.43184865, 86752809.01245491, 101846410.78400163, 93122597.90302713, 92410657.31676172, 93861511.33014151, 94240370.04689263, 76618412.56231633, 82704283.19360833, 102569368.62673573, 92819768.73688972, 86187409.46679154, 82111382.4308367, 102262276.3977114, 87026573.83498172, 86645647.18357477, 83240902.13166592, 93082759.93161012, 85110621.09429845, 76651905.21781959, 82994062.02153498, 88181554.46633759, 92907358.0668222, 91259436.11393107, 82990825.77994847, 88261714.71603853, 83818761.33996323, 95430248.54438163, 88073526.31919695, 87430678.57970376, 82552425.11282107, 83602053.23614725, 81354509.25633189, 89683146.45178254, 77547065.78384914, 82979661.16159844, 81098507.3554835]
[84408977.74809724, 84939348.45642401, 89344446.86524363, 91289924.74521697, 79043368.36381318, 76280621.37588057, 92477882.96979038, 89494819.76842809, 83004645.95994791, 86297929.76916063, 86443974.63956943, 78145377.4685452, 84411396.59189299, 88691409.5041551, 84594549.46695107, 101846410.78400163, 88625218.35853802, 88678122.6261442, 92491425.61399454, 92918783.39632002, 76618412.56231633, 82704283.19360833, 102245266.95737651, 92355516.79761155, 81629713.45988183, 81958394.50005433, 101020734.96207683, 86545153.9635772, 85190496.16863154, 83171985.45144783, 91569140.15754196, 85110621.09429845, 75017889.68672504, 82994062.02153498, 88181554.46633759, 92907358.0668222, 91220672.38102514, 82186734.93789023, 87725108.91416976, 83818761.33996323, 93665755.24737766, 88073526.31919695, 87430678.57970376, 80684143.58366016, 82914183.06570593, 81198059.19059852, 88620506.81650373, 74973496.12332478, 82979661.16159844, 80824816.83513255]
[84408977.74809724, 84752090.91077949, 87493031.87491442, 91289924.74521697, 78750142.77348122, 75492786.47863504, 92026864.51015696, 88985196.10939659, 83004645.95994791, 86213998.40986772, 84403377.17159358, 78145377.4685452, 83954044.57294127, 87649136.57416648, 84594549.46695107, 98927015.28179379, 88625218.35853802, 87738247.42346774, 92317446.27367027, 91500554.48572452, 74146693.50284703, 82367262.5417088, 99870647.22582519, 92355516.79761155, 81358249.19459105, 81016926.39038542, 99465173.42590225, 85264545.3205767, 81447229.13149807, 82676986.04176429, 89902618.58580866, 83887003.23229164, 73547964.0786759, 82210353.04891579, 88181554.46633759, 92028210.52063283, 89465550.2754148, 81329906.18929482, 86358239.71148147, 82551440.75789122, 91496763.94174117, 87359544.84528324, 86584772.28483513, 80684143.58366016, 82582538.68071039, 79538024.50544217, 88620506.81650373, 74973496.12332478, 80804402.9178565, 79826509.33435214]
[83226577.68577918, 81169905.63538788, 86477934.26842314, 89069672.70808311, 78750142.77348122, 75447543.48307404, 92026864.51015696, 88116802.93161166, 82592984.72877946, 86213998.40986772, 83968269.75484523, 77735487.95336333, 83946016.6144384, 85434031.53027675, 83955036.08351119, 98780774.35790613, 88625218.35853802, 86456301.97949712, 92317446.27367027, 89510904.58343753, 73886053.161692, 82367262.5417088, 99753541.56553972, 92062013.24499972, 80527890.23815389, 79474651.69682924, 98826810.73144552, 85264545.3205767, 80268673.19813171, 80798128.39303824, 88705353.43595594, 83193609.43925318, 72285919.42010516, 82210353.04891579, 87065494.11954534, 91294120.70106257, 87954987.35325968, 80535706.09021525, 85978548.09759703, 82223262.78216319, 87429547.97935934, 87359544.84528324, 86001322.50708413, 78120564.71287392, 81345867.97410753, 79005305.90225026, 88620506.81650373, 74973496.12332478, 80258384.51466137, 79820671.2708704]
[83226577.68577918, 80305029.81569657, 86477934.26842314, 88242889.54101019, 78498914.00179984, 75447543.48307404, 91653963.56458226, 88116802.93161166, 81513193.19602172, 84946885.94119442, 80067893.43470988, 77059167.03084531, 82586099.96744688, 84408842.07102537, 82825520.66249563, 98780774.35790613, 88399073.3441394, 85515453.62116016, 88614228.21022528, 88336351.51076049, 73026387.1315812, 81236512.78191301, 97537889.37685812, 91874327.65459904, 78932278.75736023, 78116874.72950813, 98079066.15132624, 83862910.77786142, 80268673.19813171, 80595190.71334238, 87359083.35891965, 80829415.48656455, 72285919.42010516, 81289377.78511068, 87056408.22253014, 88679441.03492028, 87954987.35325968, 79079602.49554321, 84514037.32688865, 81890869.68445656, 87429547.97935934, 85687326.53192586, 84258783.91112223, 78120564.71287392, 80802888.4477588, 77755214.52154842, 88263646.76562186, 72859438.38350978, 79359857.72181955, 79639729.44700181]
[83144048.33863637, 78966205.50142758, 84033593.71202841, 87643484.2112501, 78053777.75669675, 73649237.95434399, 89481865.09644842, 86231491.62560609, 78511410.30012612, 84716132.82166669, 78502768.86350901, 77059167.03084531, 80940026.70467058, 84123412.04244713, 80959016.98624733, 98748205.3746908, 87046049.73936915, 85073089.53613918, 86306363.0370397, 87631799.62816934, 70227565.49151798, 81041986.06734416, 97537889.37685812, 90758927.07709137, 78511933.445993, 78056852.43179663, 97162583.58807077, 82207675.17941985, 78411188.43200298, 80273045.40771003, 87359083.35891965, 80301355.62935913, 72285919.42010516, 78420325.01092124, 87056408.22253014, 87093941.57912949, 87954987.35325968, 79079602.49554321, 83360471.11666158, 81781395.8244007, 86244674.80055836, 83029402.15763564, 82777887.46238692, 78120564.71287392, 80802888.4477588, 77755214.52154842, 85758972.07608786, 72258413.65210639, 77346150.3086285, 79623254.83242801]
[80724975.43366757, 78966205.50142758, 83096900.29739358, 86368222.88739529, 78053777.75669675, 72446369.38487504, 89481865.09644842, 85982433.29437104, 78452281.13301946, 80297236.4406536, 77342362.23503867, 76473860.60331187, 80583412.84333548, 82209690.76312694, 80194949.92411533, 95705942.79461496, 84030442.10927464, 85073089.53613918, 85893873.75037612, 85684571.89613657, 68854113.14880238, 80093695.67485109, 94889709.68869305, 89347566.8329766, 78263479.72551693, 78056852.43179663, 95925565.58639577, 81559516.27674839, 78411188.43200298, 79311091.94723229, 87033083.57293752, 78606074.3116822, 70966699.71077372, 78420325.01092124, 87056408.22253014, 84659108.23969159, 87654687.9989374, 79079602.49554321, 83231836.35696468, 80769608.9234274, 86244674.80055836, 83029402.15763564, 78367208.52510884, 78064725.4852573, 80802888.4477588, 77755214.52154842, 84604793.6017371, 72149777.0793191, 77021229.19783786, 79060379.19861455]
[79202834.23239475, 77346779.10256079, 82440488.68178385, 83279577.17112097, 75943585.37332457, 72446369.38487504, 88100183.91931815, 85727435.91577622, 77507350.94170879, 80081306.25580733, 76678142.82063033, 75616699.94077396, 79754911.85157508, 81470483.18715802, 80194949.92411533, 95533774.50200963, 82738038.52295986, 85073089.53613918, 85096170.46160337, 83776988.66303058, 67775543.16218707, 80006367.39372437, 94550905.67704308, 89223098.86113901, 77236661.87005743, 75520870.04329875, 92229875.20340426, 80248755.84150617, 76918130.40072736, 79311091.94723229, 86426510.22103378, 78606074.3116822, 70966699.71077372, 76923317.61243781, 85790163.56509379, 84341182.55429539, 86821238.18331012, 79079602.49554321, 82583014.94952723, 78930716.5465504, 85751528.62977019, 81821146.51683226, 76442790.86030963, 76958405.00806493, 78643116.6666099, 77740232.41830988, 83786727.53659539, 70571835.54684435, 71253201.01244952, 77099766.84452124]
[79020552.26716326, 77346779.10256079, 78290746.60353643, 82189415.85178201, 75102094.81376769, 71780770.23188695, 86225233.06691083, 84906539.93858255, 77507350.94170879, 78294114.1551338, 76678142.82063033, 75194049.31400122, 78829223.97126573, 80470909.8739613, 79228338.20913723, 94403017.5502152, 78328288.24480432, 82530347.29965457, 85096170.46160337, 81169129.43553099, 67775543.16218707, 79227588.91171056, 91727211.96371135, 88340247.80302303, 77236661.87005743, 73399550.51990947, 90202701.2767533, 79666645.34997895, 76069254.20106114, 78485887.17828035, 85785204.1620767, 78606074.3116822, 69594057.27828959, 75714376.40442042, 84271239.9967864, 83187492.97712348, 84274589.35341348, 79079602.49554321, 82483655.32547747, 78276836.18264757, 84119319.10211317, 81821146.51683226, 74889987.35839932, 76483293.6259952, 78469422.45961772, 77740232.41830988, 79447998.98490058, 69251272.88486856, 70982022.84173337, 75616431.26779947]
[78191547.69711114, 74916065.76787345, 78290746.60353643, 81516022.98586802, 74979173.77599104, 71533233.41682276, 83927135.6222378, 80890090.1996012, 77105149.75202507, 77748884.4005607, 76678142.82063033, 74618375.86176798, 77791794.18344608, 80281633.44614723, 77775864.21582401, 93929219.76807582, 77400410.9985363, 81979062.05913278, 83090364.97653528, 80385450.66335315, 67731735.6890936, 78826406.74332958, 90988735.29301353, 87757884.38367851, 77236661.87005743, 72998825.45905448, 90202701.2767533, 77462492.56760797, 74441253.5877507, 77551604.22819637, 84536471.6190897, 75300554.43494502, 69307119.46301463, 74335612.97301963, 81653000.0390451, 82426862.54199892, 83087305.09661637, 79079602.49554321, 81719177.55123836, 76681212.60945573, 83730636.73669697, 81821146.51683226, 74391064.10248882, 76432509.22633089, 77096401.9112312, 76898477.95769441, 78213963.01124915, 68159136.64865245, 70202923.7625148, 75604071.51654944]
[76202175.4694096, 74916065.76787345, 77088998.0347301, 79132212.143987, 74616002.93839918, 71182502.1803743, 83927135.6222378, 80332138.5977456, 77105149.75202507, 76819476.84058635, 73421562.68261626, 74317711.97712804, 77791794.18344608, 79733440.65912774, 73325727.11697154, 91529755.59394486, 76801909.97269125, 81521292.29902585, 82126161.85586604, 80099862.54429527, 67027028.158417806, 77186508.86474505, 90741141.66073741, 83651271.33885792, 76955815.91073392, 72685020.0930815, 88630545.04347941, 77462492.56760797, 73159855.04967643, 77043482.35396178, 83889355.02214861, 75300554.43494502, 67475640.31664744, 74209596.64702342, 79969090.1975634, 81703826.70744982, 82980764.45406812, 79079602.49554321, 80462950.81905271, 75954010.46273527, 83730636.73669697, 80441473.75416775, 73096122.1565349, 76432509.22633089, 76970142.13812104, 75030159.07489549, 76603964.32402417, 67365063.5724643, 69938177.10976763, 75577868.16558835]
[75640935.74104074, 74504255.37815213, 76490501.17376494, 78921167.16638163, 74420247.68084577, 71182502.1803743, 82482292.24124312, 80332138.5977456, 77031646.47910182, 75025343.91689573, 73086112.14709309, 72803107.72738616, 76378674.7455842, 78736887.9402292, 73276216.53773238, 90248791.48206499, 76338209.74243832, 81480321.81596105, 79709975.24188098, 79937317.74840282, 64637102.592929885, 75270519.45203635, 90623767.9195677, 83087120.23650709, 76032275.31306377, 72372199.10715082, 88130601.47131574, 77462492.56760797, 72597229.1680871, 77043482.35396178, 82556595.69065328, 72779805.81528178, 67413939.62463163, 73538137.19325504, 79901847.41313626, 81425414.08859071, 82589690.8555039, 78508924.74020159, 80033323.06248239, 75749533.4936555, 83730636.73669697, 78267959.6823527, 71843517.18772653, 75390980.02326375, 74195774.41594604, 73719413.66342857, 75048335.94385959, 67010266.3671185, 69020127.45417048, 75082061.91611204]
[75640935.74104074, 74288343.13784096, 75500787.5854868, 78059003.30798298, 72701921.79387717, 71182502.1803743, 82482292.24124312, 79591122.98221913, 75136956.07956399, 72732732.59481816, 72027966.96137813, 72174701.37140748, 76334384.53053048, 78719812.0552896, 73276216.53773238, 89774682.76105602, 75936952.88186114, 80111994.198688, 79557681.01576903, 79870514.5894132, 64637102.592929885, 73667957.56772244, 90623767.9195677, 82839365.80415085, 75357532.17204517, 72372199.10715082, 85924309.18196097, 76380314.58711192, 71520769.58838332, 76479495.12957422, 81341256.33954398, 71527437.25260603, 66889709.35621889, 73538137.19325504, 77971314.15579711, 81103544.07803915, 78125618.63607162, 76419318.36727257, 79577494.90610656, 75438522.452453, 80729772.73947556, 77922432.92698196, 71556440.17996234, 75244045.03338137, 73082734.44616385, 73451548.74264747, 75048335.94385959, 65554465.849391654, 69020127.45417048, 73707498.03437136]
[73257687.35984045, 73248344.10292205, 75500787.5854868, 78034530.1885759, 72701921.79387717, 71168427.22183427, 82039970.87630203, 78859109.59686062, 73740400.17100498, 72196089.91010156, 71030771.51451775, 71300686.83342892, 76286677.9023886, 78719812.0552896, 72712137.4966515, 88877262.04214016, 74630246.72777084, 79124025.07907638, 78402227.3880648, 78694906.40511301, 63331529.90707406, 73469011.64919703, 90582929.69077303, 82839365.80415085, 75357532.17204517, 71535182.73614179, 85924309.18196097, 75298124.26972295, 69598258.98640999, 76160063.0098776, 79536453.89238322, 71085909.37953265, 65845702.15482034, 73257142.15318343, 77159530.13877036, 81103544.07803915, 78125618.63607162, 74787772.07499108, 78807454.94255696, 74459716.97340839, 79833079.69037592, 77922432.92698196, 71556440.17996234, 73841020.7013566, 72492264.5715646, 72966671.17789488, 73964289.6344708, 65508068.608596966, 69020127.45417048, 71495571.0816221]
[73123390.8744761, 71937580.12122469, 74102403.4515679, 77750869.00861469, 70743570.02361774, 70983439.7361565, 80664144.99096541, 76294732.8708269, 73740400.17100498, 71593195.87454538, 68072669.70281428, 70248906.4487654, 76013152.40308307, 76740803.42102838, 72706137.99137136, 86203072.5120552, 74630246.72777084, 78553166.01618442, 75029814.54809634, 76399236.59307104, 62542062.61202538, 72990362.86968887, 90551848.11667632, 81193969.62597944, 75004939.73202048, 71535182.73614179, 81204763.60363537, 75298124.26972295, 67762056.64436439, 74331213.55121288, 77248543.0302203, 71085909.37953265, 65222840.95964007, 72666453.39917155, 69792362.57696387, 78810737.41788922, 76621253.23782732, 74787772.07499108, 78807454.94255696, 73388375.85475312, 79117579.00623605, 75862381.31777939, 71152743.00710638, 73841020.7013566, 71616319.0315735, 72084211.48595604, 72772190.77010801, 65508068.608596966, 68917041.97796682, 69844628.02480055]
[71980524.7262151, 71097566.48262796, 74102403.4515679, 77454054.03945075, 70705286.43813662, 70983439.7361565, 79987702.14868574, 76219842.14492443, 73100985.6651657, 71249511.85213038, 68072669.70281428, 70248906.4487654, 75772654.67427501, 76373084.6155678, 72630841.7694668, 84522501.29795732, 74254281.70175147, 78553166.01618442, 74747583.90481319, 75696406.52363227, 62542062.61202538, 72829336.8852676, 89728313.82246502, 78524453.53386118, 73156908.80170402, 71535182.73614179, 80550038.31173947, 73778593.19996217, 67562886.62181975, 73806519.221369, 77240528.79938391, 69892562.33241965, 65111149.37374327, 72105793.5551397, 69792362.57696387, 78423037.32504965, 75979965.56337395, 74759250.59363839, 77781112.31990768, 72456183.379418, 75908847.64829408, 74514238.9753638, 69418746.37295969, 70924368.70212182, 70849609.83904302, 72040003.7695892, 72102577.59745236, 64603152.560455844, 68824370.78918731, 69612069.22715114]
[70582119.39368609, 70285316.20829043, 74102403.4515679, 77382769.61804575, 69691009.90159874, 70727726.91541328, 79987702.14868574, 75568478.34554109, 71268652.4625904, 70860516.64765197, 67815008.12894927, 69566935.01345234, 74215250.40258798, 76200396.31256025, 70510667.39853354, 81787119.92003182, 73918432.88489202, 77794119.04660138, 74747583.90481319, 74218706.35574588, 62405974.24758514, 72749587.65326115, 88633326.56661423, 76500894.4534023, 73156908.80170402, 71081364.62716046, 74516231.49815615, 73507626.53893626, 67562886.62181975, 72689056.35231332, 77049259.67153962, 69296918.9172635, 64207951.892195895, 70751678.0903134, 69792362.57696387, 77342741.35934207, 75979965.56337395, 71822913.33767702, 76649283.52459201, 70589892.00913702, 75908847.64829408, 72502163.79756202, 69418746.37295969, 70827418.19275726, 70783049.8842865, 71691044.05488148, 71814169.2960003, 64072855.86097807, 66870546.478662014, 69225803.4150494]
[70582119.39368609, 70285316.20829043, 72128823.21537893, 74292107.09471074, 69691009.90159874, 69698282.73311988, 79987702.14868574, 75568478.34554109, 71268652.4625904, 70860516.64765197, 67815008.12894927, 68640319.75244674, 73223801.29564488, 75742210.2603886, 70510667.39853354, 81086032.28648615, 72070176.89072052, 77794119.04660138, 73233578.78619045, 74218706.35574588, 62405974.24758514, 72546985.63740002, 88633326.56661423, 74878680.92270401, 72979897.5917612, 69246294.02807787, 73044874.7365303, 72619678.95032808, 66321597.179951355, 71973201.9812577, 75143189.69769406, 69296918.9172635, 64207951.892195895, 70751678.0903134, 68177823.22816046, 77342741.35934207, 74666469.54177064, 70883742.52402554, 75243076.16309598, 68859472.41019939, 75560490.44093844, 70523007.79274103, 67907118.53184195, 68926731.62237929, 70783049.8842865, 71691044.05488148, 71217034.84804313, 62909476.499812126, 65276983.45263624, 68482066.14065644]
[69264204.51965466, 69857047.0717914, 71585560.28078416, 73272761.95554787, 68567350.57197794, 69121136.62922153, 77186105.42962697, 73958850.92851785, 71086345.78377144, 70704979.72798325, 67815008.12894927, 68375084.8916277, 73219812.54959363, 75644979.92815144, 68980496.37289606, 81086032.28648615, 71848744.93321069, 77518184.2932626, 73190857.92169833, 73826351.66556701, 61354626.64881842, 72449913.82463226, 87380901.66510013, 73790585.73060626, 71530884.02383015, 68128141.68446387, 71729406.1379887, 71797460.02827156, 66063993.74376275, 71814453.47200623, 75066144.52152234, 67988171.09270154, 62743045.47492027, 70729542.67050023, 68177823.22816046, 77342741.35934207, 74409327.9218364, 70469826.31653623, 73173025.30372864, 68859472.41019939, 75560490.44093844, 70523007.79274103, 67907118.53184195, 68144856.79028034, 69738395.9464772, 68233804.16040127, 70940010.70169108, 62909476.499812126, 65276983.45263624, 67182638.88289747]
[69264204.51965466, 69857047.0717914, 71585560.28078416, 72675589.38304177, 68060068.01042923, 68701046.05822314, 76398770.76186012, 72838371.74673572, 71086345.78377144, 70697359.35845438, 67554213.38559587, 68351265.16400899, 72277554.18263301, 73839416.93587184, 68451776.8565925, 79245086.90813756, 71563919.46337757, 77136442.28104691, 73190857.92169833, 72737165.46620436, 60339731.70527725, 72449913.82463226, 86824693.47864719, 73719940.14287011, 71264341.76954265, 67964746.22232556, 70488481.62425925, 71500064.83112067, 65788530.04922297, 70953912.17155853, 74246076.65182789, 67470937.86540061, 62659168.749910496, 70305442.75763145, 68102144.9636874, 77342741.35934207, 73880690.81799941, 70469826.31653623, 72482934.82274312, 67454215.77443632, 75251238.35220739, 70523007.79274103, 67787711.38865349, 67539467.53194098, 69738395.9464772, 67701514.49950136, 69468672.92813909, 62490522.86613308, 65211107.150973246, 67079649.45598839]
[69264204.51965466, 69662947.34953511, 71015208.87785915, 70063398.92357352, 65787619.2034785, 66774881.45823695, 75150341.36682932, 72838371.74673572, 69810602.97748065, 70131999.63460304, 67301538.27026427, 67867789.67788489, 71945577.46574487, 72253160.86812028, 66450402.23757502, 78658915.49439123, 71563919.46337757, 76056951.23769633, 72000640.93837346, 72737165.46620436, 60339731.70527725, 72191950.4379284, 85937343.16161282, 73202551.79486243, 71264341.76954265, 65946538.679683425, 70488481.62425925, 68570095.99195424, 65421149.89106786, 70953912.17155853, 73430130.28343326, 66159119.30973353, 62659168.749910496, 70305442.75763145, 66220979.44304949, 77156952.60388574, 73469898.74377593, 69423799.29037134, 71467608.058227, 67385208.3323998, 74566149.25840911, 69400000.0934185, 66603999.76009874, 67167040.3698189, 68761257.94356294, 66181863.091059625, 68852868.19377744, 62490288.102569185, 65211107.150973246, 66664716.75816914]
[68252725.12173586, 69662947.34953511, 70290878.8037252, 68730370.8776783, 63741760.813590504, 66648328.997760415, 73872331.99857971, 72838371.74673572, 69232279.290661, 69735337.791307, 67301538.27026427, 67340529.21363738, 71349454.72427477, 70862285.6681079, 66450402.23757502, 78231544.06018555, 71255189.33082059, 75694143.89617398, 70038022.64122917, 72451454.02671182, 59134141.679441884, 71487871.30461833, 84175790.37020427, 72290813.86067005, 70106028.05781914, 65748944.667150736, 69499152.02752185, 68353807.60076717, 64181337.18124125, 69914837.226215, 73155811.3915469, 63055713.895996585, 61653695.33192263, 69012164.3044485, 63828147.725094005, 74683846.22104868, 73437291.51858361, 68853876.39281335, 70724697.47523487, 66431281.33287612, 74538258.46610448, 66817988.16251351, 66603999.76009874, 67167040.3698189, 68761257.94356294, 66162657.956491336, 68652169.00395472, 62490288.102569185, 64727582.14662154, 64117404.65130613]
[68252725.12173586, 69662947.34953511, 70290878.8037252, 68372410.01135704, 63614163.56097849, 66551864.296304144, 72983307.83754946, 71338170.77273083, 69232279.290661, 68987382.96815014, 67301538.27026427, 66549711.30757439, 71349454.72427477, 66733480.77640985, 62936954.73373356, 76798706.73108836, 68679886.07881194, 74949750.99331003, 69026134.27351695, 71503588.95838234, 59122448.96403606, 69667425.55535951, 84175790.37020427, 72290813.86067005, 68032045.26839754, 63781783.047813855, 69206644.99484465, 65688615.87635137, 62825608.05087502, 69653832.3709158, 72648254.30905893, 62558342.655532934, 61653695.33192263, 68711641.25356476, 63828147.725094005, 74239671.67274861, 73232636.01743324, 67173139.71610962, 70724697.47523487, 65985734.478148594, 73336565.39239097, 66817988.16251351, 66083781.64991417, 67167040.3698189, 66626487.52036254, 66162657.956491336, 68434658.51596749, 62244264.86166942, 64530732.51274415, 64078384.30663248]
[67573255.5239157, 69628382.24749999, 69774543.59662914, 68372410.01135704, 62658816.82489288, 66551864.296304144, 72845038.45143554, 70887403.31326428, 67991797.8525001, 68987382.96815014, 67301538.27026427, 64743679.47279574, 71349454.72427477, 66733480.77640985, 62936954.73373356, 75290328.06790905, 68319606.35673937, 74949750.99331003, 67868038.2627401, 70376063.26890565, 59122448.96403606, 69059013.66811295, 83904995.71420936, 71395319.71443477, 67033969.54085795, 63517526.56541268, 69206644.99484465, 65359412.08791713, 62825608.05087502, 66884549.15428016, 72295183.56564206, 62558342.655532934, 61653695.33192263, 67268251.68275599, 63828147.725094005, 73233420.41480348, 73232636.01743324, 65917537.42712929, 70724697.47523487, 64939362.65387557, 72704386.29242955, 66142603.07076122, 66083781.64991417, 67061903.51501723, 66440737.53484638, 66136143.96744064, 66548698.43244819, 61764232.80553057, 62831916.48460752, 64078384.30663248]
[67021606.342375115, 68215131.31813739, 67988324.09628816, 67120228.94425395, 62091410.29775523, 65321160.06295049, 72219711.5164255, 70862512.400868, 67891762.3614158, 68752959.64178513, 66017725.49915733, 64280467.60889061, 71349454.72427477, 66525763.22860323, 62442123.16549532, 73782093.48888323, 67826472.96432243, 74591355.0414594, 67099858.02450292, 68846480.87821089, 57434138.10035302, 68668353.41173838, 82814307.11052568, 71121146.58848043, 66967731.988358915, 61187638.433955155, 66924987.27429847, 63697071.59713645, 62629598.71352346, 66409783.63025813, 71268633.50731918, 60838522.98575224, 61653695.33192263, 67268251.68275599, 63543080.39311929, 71682425.26575522, 71316597.72924206, 65173973.96806411, 69954753.91726668, 64545932.00406277, 72704386.29242955, 65798839.08630852, 65336795.41680919, 67061903.51501723, 64010905.55591498, 65290355.992433846, 66381786.98091328, 61455529.81333991, 62414409.464997746, 63922563.81533233]
[66815364.87592466, 67527400.26502645, 67313913.01633608, 67059330.312411286, 62091410.29775523, 63772363.54809644, 71697192.65786387, 70119493.52548867, 67547297.01465085, 68752959.64178513, 65379432.3150496, 64280467.60889061, 70599468.20881194, 66525763.22860323, 61385534.26885158, 72589268.61839077, 67826472.96432243, 73988571.38076705, 66635095.21302712, 67966101.99679384, 57234221.1332701, 67535998.33142336, 81534024.38886781, 70986528.65750952, 65942215.47974484, 59331034.424343586, 66526667.21463518, 61837201.96978726, 61956067.8159344, 65876463.20576222, 71141418.86049303, 60838522.98575224, 61174341.34088222, 66222949.81881802, 63062367.9450833, 70404110.47203648, 70838703.26227994, 63979018.100237034, 69643256.26866743, 64156994.13265423, 72704386.29242955, 65798839.08630852, 63390857.04932141, 66258566.90083629, 63881415.79017888, 65151097.46061416, 66261057.66092171, 61455529.81333991, 59248594.64805235, 62673641.39178364]
[66815364.87592466, 67527400.26502645, 66587671.27131262, 66517567.20899789, 61373153.44869866, 63238403.85907544, 71559045.91841969, 66423932.3389018, 66652572.63977896, 68688889.30247575, 65379432.3150496, 62778883.90137948, 70599468.20881194, 65995751.53025135, 61385534.26885158, 72479674.3299397, 67826472.96432243, 71176774.62345943, 65269121.11968317, 67280766.10315564, 56698001.02141751, 66384768.94331185, 81341002.09554714, 70244772.91043103, 65448149.72225927, 59257899.984698154, 66526667.21463518, 61789024.91124922, 61518804.95687141, 64586724.26945841, 70451977.40465268, 60838522.98575224, 60876370.64042064, 65797850.219583675, 62248764.449113145, 68799437.57420307, 70412146.63995202, 62384371.93780609, 68654761.70664963, 63527870.37944156, 72395797.74918516, 65798839.08630852, 63130608.395426854, 66258566.90083629, 63782535.60018331, 64673043.70564516, 66261057.66092171, 60565916.88755379, 58003126.89444779, 62324341.753019884]
[66214853.50133987, 67385060.02931902, 66587671.27131262, 65854974.82974994, 61373153.44869866, 62565449.50956579, 70557985.74936374, 65294603.64058399, 66297454.75168822, 66795868.105848275, 65379432.3150496, 62778883.90137948, 69408510.80321376, 65995751.53025135, 60416964.548156634, 71434250.14957571, 67381479.99751459, 70023726.21492098, 64773416.04067634, 67280766.10315564, 56102213.45013444, 64983783.25194575, 81330242.1106019, 70244772.91043103, 65448149.72225927, 58317453.27854031, 66149685.43639958, 61165512.62872173, 61518804.95687141, 61113592.03042567, 70451977.40465268, 60496103.6395098, 60024029.42159108, 65168441.73491416, 62248764.449113145, 68799437.57420307, 67530612.18034032, 61575822.74242719, 68388797.69182125, 62769143.55001515, 70354960.8044518, 65078477.83638259, 63130608.395426854, 65824800.20367287, 60805115.772005305, 61603078.01500094, 66261057.66092171, 57937187.17693583, 57525997.533041656, 62324341.753019884]
[65704514.262195446, 67105072.492272936, 66394182.71345153, 65668565.66194105, 61373153.44869866, 62565449.50956579, 69765761.58536159, 65294603.64058399, 65995093.09365375, 66795868.105848275, 65181005.650442146, 61320385.24029924, 69408510.80321376, 63880980.689573824, 60416964.548156634, 71330811.75995569, 67094363.08354094, 69229760.13190769, 64107877.38400946, 67037132.36134819, 55475832.49942218, 64983783.25194575, 81297775.51658241, 70244772.91043103, 64247243.70098995, 58317453.27854031, 65058850.92426722, 59876702.16293237, 61090877.275778554, 61113592.03042567, 70033234.52140206, 60350442.87580602, 60024029.42159108, 64758092.59425764, 60465197.3222566, 68799437.57420307, 67445815.42255524, 60471767.173741266, 67946664.23905614, 62602397.04400182, 70140981.72970214, 63123806.915560804, 61184360.00595071, 65605199.711714044, 59284774.86810379, 61231443.45028768, 66112452.19770296, 55954639.25039901, 57525997.533041656, 60642997.22261472]
[65704514.262195446, 66320083.41255245, 64810836.87011151, 65595578.3480268, 61128884.75511439, 61840080.70156126, 68063522.0109288, 65239947.91627705, 63713703.93340705, 66476025.486316, 62952341.82186814, 59673386.5653183, 68849902.3495408, 63366823.14867846, 60416964.548156634, 70883785.89220989, 66779962.812974885, 67937325.02134536, 64071557.028105184, 65608426.13868634, 54128943.94024241, 62942855.696529165, 79995492.27364877, 69499386.07140017, 63952055.134454094, 55803420.31512038, 65058850.92426722, 59876702.16293237, 58215742.2679415, 60347205.81857171, 69857761.09879018, 60060215.371582545, 59960277.03996618, 64442037.47549957, 59701147.65546006, 67540254.94754516, 67445815.42255524, 58915228.83892491, 67612612.55215326, 61529138.42571558, 69856565.29414724, 62561316.37034167, 60257914.046914674, 65131808.55180949, 58062417.06369028, 57887291.521227874, 65290863.856314704, 55954639.25039901, 57525997.533041656, 60330871.511299826]
[65604978.88277735, 66070002.54239335, 64810836.87011151, 63878919.17024322, 60453509.53125981, 60745254.91639435, 66751263.37345041, 64972790.46477638, 63686280.99489878, 66229975.8822474, 59016164.37333973, 59642036.5821619, 68053807.37838516, 62531247.47409914, 60179151.191243395, 70734272.39084907, 64054331.70675359, 67937325.02134536, 63712659.75606096, 65583926.089184485, 52924284.75064295, 61876675.15110801, 79901801.47458227, 68401984.84196274, 62617211.63915608, 55691739.51874639, 64517480.365957245, 59040314.112853624, 58100600.35270727, 59765098.197062336, 69049614.64872548, 60060215.371582545, 59816970.09225716, 63603955.2323486, 57499705.42423012, 66776244.984417, 66127022.970543206, 58732918.55549749, 67164795.48687811, 60664426.12129395, 69725189.9714458, 62151434.84593059, 59965468.19444208, 64146572.96694366, 57590531.334964834, 57887291.521227874, 65290863.856314704, 55322777.80063319, 56241440.30098198, 60076475.270404875]
[63805025.066823386, 63820145.84924173, 64810836.87011151, 63878919.17024322, 59932108.95418767, 58709644.37138269, 66751263.37345041, 64972790.46477638, 63352875.77440792, 66099148.425741255, 59016164.37333973, 59642036.5821619, 66043594.99704917, 62293848.16904122, 60179151.191243395, 69268111.3986491, 62417251.60841364, 67937325.02134536, 63712659.75606096, 64786907.43404895, 51233297.781759135, 61046430.834474646, 78800406.16023494, 67611503.31250283, 62617211.63915608, 55606091.935908794, 64179315.246171996, 58234684.163111724, 58100600.35270727, 58319648.95110232, 67026354.21189295, 59234182.857754424, 58236793.91541135, 63340506.66842462, 55367883.77596299, 66504913.60212374, 66127022.970543206, 58732918.55549749, 66535666.743884765, 60664426.12129395, 69290164.02364711, 60852959.319784656, 59505657.66028775, 62376862.770567395, 57275741.57976309, 57019160.792743936, 65107876.52379576, 54420619.54042511, 54876120.33219929, 56797005.53698478]
[61337300.849391654, 63820145.84924173, 64582423.79786368, 63878919.17024322, 59373847.94529698, 58035925.45169909, 66471502.98434695, 64922784.41755563, 62183861.52973447, 65734443.49231635, 59016164.37333973, 58740604.386792466, 65596312.78131507, 61978461.28093348, 60031734.136165306, 68568063.0320377, 62417251.60841364, 67713432.43398039, 62338603.92217646, 63339518.77474229, 49039704.904431075, 61046430.834474646, 77970044.08476412, 65172217.78094242, 62276934.23620983, 54681777.50701269, 63000408.73098292, 58234684.163111724, 57445693.31495826, 57711898.546229735, 66731375.035284005, 58519716.18227418, 58165203.63643042, 62449911.743936375, 54732717.87936057, 66387123.22313075, 65597462.03947403, 57989441.087892786, 66044774.39871905, 59719712.75281589, 67430780.69317958, 60435700.68551358, 59501148.37081107, 61717743.006936446, 55842665.42412629, 56780079.44269906, 65082910.56200651, 54010337.87991224, 53416166.59659258, 56531941.77372168]
[61337300.849391654, 61992734.61211399, 62988628.62466004, 63227332.00633862, 58979894.779568076, 58035925.45169909, 66471502.98434695, 64922784.41755563, 61481464.39283009, 64357484.625245295, 58818598.688775465, 58740604.386792466, 65596312.78131507, 61978461.28093348, 60031734.136165306, 67366483.85701667, 61720519.0934322, 67442218.36683396, 61640064.658481576, 61333432.29811515, 48721685.31124677, 60935013.031990446, 77412775.41392869, 65172217.78094242, 62086297.3293518, 54634762.26950095, 63000408.73098292, 57689799.33324752, 57445693.31495826, 57711898.546229735, 66731375.035284005, 58519716.18227418, 56773383.86965753, 59594422.68402283, 54546035.19174664, 66181311.41737002, 65597462.03947403, 57902369.15903574, 65832128.662931405, 59055026.96669711, 66367756.93768843, 60432577.33868321, 56446559.46632373, 59639710.17292875, 55426876.677128054, 54642757.18899347, 64885314.27552333, 53311567.366779126, 53416166.59659258, 56013595.61118823]
[58563361.02125456, 61827956.19326763, 62988628.62466004, 60614187.567460105, 58701946.43865385, 58035925.45169909, 66471502.98434695, 64141930.981956996, 61481464.39283009, 64357484.625245295, 58632369.441685274, 57844345.02624798, 65345290.91525996, 61236660.740425505, 59371489.39697764, 65054407.87670799, 61399528.50240622, 67416581.98214452, 61098515.29542887, 60403898.9059237, 47835811.27609153, 60405733.3125212, 76981698.29157402, 64997511.058841206, 61591107.374546565, 53659664.669959694, 63000408.73098292, 57079211.58027482, 55570723.60159302, 57274492.9283608, 65990586.58192434, 57215157.23831995, 56436751.6851145, 59274958.91934971, 54338389.703521274, 65281745.80258651, 65504031.460869156, 56754523.10007034, 65142495.1907706, 58821495.08920431, 63270249.07243657, 60432577.33868321, 56446559.46632373, 59081922.2804901, 55407298.68703232, 54177314.290155664, 64583225.98956873, 53263904.69552686, 53238855.461789355, 55589043.41576488]
[58375355.90742274, 61827956.19326763, 61797063.31057058, 60231925.68270595, 57309467.62641621, 57501027.50045355, 66471502.98434695, 62830607.57246284, 60234604.81463865, 63419216.68105179, 58588180.37904664, 57571936.2471783, 64813574.6536114, 61155733.07890884, 58923006.465680376, 64588172.224014536, 61307833.74645841, 64367156.341526724, 60700281.51399014, 59997267.714169696, 47678387.777241826, 60405733.3125212, 76719751.9145627, 64997511.058841206, 61087385.49482272, 53659664.669959694, 63000408.73098292, 57079211.58027482, 55570723.60159302, 55299689.83803587, 65847501.26272509, 57177119.19432274, 54837245.04228036, 57727073.34217826, 54338389.703521274, 64026741.886408485, 64783662.49293043, 55396240.67944936, 64268824.45173613, 57274433.73417278, 62890269.35996246, 60121660.923453525, 55400082.885673605, 58321317.317946866, 55240804.26998907, 53999571.835204326, 63140016.96867989, 52428448.83132531, 52819143.54193817, 55430590.241897926]
[54295255.60687794, 61757521.79707706, 61797063.31057058, 59314251.7258721, 56388733.33907355, 56798690.12861669, 64817467.98070558, 61765570.15374355, 59702026.60330238, 62296529.86489327, 58224006.037915826, 55503767.93646809, 64813574.6536114, 60184245.900967, 56808142.36155866, 64588172.224014536, 60809204.15453906, 63947772.74875194, 59266560.517644666, 59356798.1832755, 47678387.777241826, 59791289.6583667, 74377867.09676382, 64941073.56158657, 60335045.45768422, 52160501.66107662, 62398873.50080923, 57079211.58027482, 55145967.79700656, 55142824.20447526, 65847501.26272509, 57079171.36594714, 54733170.42687708, 55660249.226025805, 52513372.302662134, 62753233.63427423, 64783662.49293043, 53980336.09526099, 60786289.02454905, 57166813.26651285, 62208110.85397979, 58771388.707358226, 54675621.36824741, 56414556.52820818, 55240804.26998907, 53999571.835204326, 63140016.96867989, 51849480.26495245, 52250612.164299056, 54604918.41504832]
[54248291.86314043, 58904152.05301013, 60560797.163985014, 57683619.664345585, 53791172.77939369, 56798690.12861669, 64729802.63854317, 61439489.806419276, 59312929.22403987, 60762020.30004747, 58168906.522314884, 55503767.93646809, 64745180.429663144, 59984471.469435014, 56808142.36155866, 62290434.841500655, 59124318.36608027, 63947772.74875194, 58881081.19805739, 58612104.95463721, 46811351.43413262, 58956051.02303698, 74169947.89861056, 64915481.92514098, 60018107.69428933, 52160501.66107662, 61136956.75372275, 57079211.58027482, 55145967.79700656, 53415629.521062896, 64828867.98618241, 57021919.44333754, 54082114.70445601, 55282731.93520268, 52513372.302662134, 62753233.63427423, 63420432.2170308, 53898916.71577138, 60786289.02454905, 56733190.853586316, 60878182.96451712, 58771388.707358226, 54369096.08918621, 56414556.52820818, 55132626.86604144, 53433890.63976757, 61009520.08847661, 51248292.20798267, 50712779.28623195, 54604918.41504832]
[54248291.86314043, 57364874.82658074, 59814260.48793095, 57683619.664345585, 53791172.77939369, 56619742.16036824, 64235651.61083205, 61439489.806419276, 58876165.83177743, 60629089.71517756, 56595500.92586676, 55078922.718828976, 62997818.760029815, 59693724.35169355, 56279241.08671765, 60878882.5845443, 58466523.04739845, 63524189.6040297, 57497547.57786687, 57351230.88889215, 46811351.43413262, 58608837.90610442, 73416685.65802574, 64915481.92514098, 60018107.69428933, 51440740.038459584, 59801196.14205329, 56475526.26226137, 55145967.79700656, 53415629.521062896, 64828867.98618241, 57021919.44333754, 52633825.71858371, 55282731.93520268, 51117546.63935941, 60873431.1455514, 63216921.844433784, 53845810.04052967, 60786289.02454905, 56648903.24491098, 60379695.9255987, 58771388.707358226, 53574224.77011627, 54838117.93694492, 54966862.12971381, 53433890.63976757, 60714208.77752582, 50822949.17200255, 49925930.866857246, 54604918.41504832]
[53614980.14460361, 55604734.414081596, 59087040.61726197, 57569092.468045235, 53108013.11635734, 55202023.14159159, 62640414.91913055, 61381113.703896806, 57818044.008427165, 59287990.133812055, 56595500.92586676, 53486041.994786575, 62997818.760029815, 56635224.19200428, 56279241.08671765, 60770334.30783329, 58191203.21593187, 62103441.50586896, 57497547.57786687, 57351230.88889215, 46304403.721652314, 56341584.90574467, 70686236.7629979, 64866825.56651449, 59094751.316839136, 51357151.790728755, 59496410.699371494, 56035906.43545822, 55145967.79700656, 53126325.65253867, 64170432.835273266, 56482801.72027762, 52338981.739953294, 54726061.07762456, 51117546.63935941, 55791563.09127271, 61094648.595244385, 53118222.8679766, 60308931.35656655, 56387761.43646349, 60155533.14648142, 58530744.80448502, 53574224.77011627, 52967342.78173908, 54304923.34228714, 53290818.713642895, 60451006.837179884, 50822949.17200255, 49925930.866857246, 54012879.26423244]
[53401661.51736799, 55233295.63477775, 59087040.61726197, 57036547.37504947, 53108013.11635734, 55060805.25576846, 62640414.91913055, 59723000.415277325, 55833794.55961098, 58646526.31464449, 55382876.39811148, 52568152.70894172, 61868449.44328241, 56635224.19200428, 54688524.44132803, 60192293.70793426, 58191203.21593187, 61776587.29441716, 56756474.59988739, 57257663.99748804, 46127327.59434745, 55580795.62173621, 70485870.75283319, 63175429.40175456, 57836673.83958212, 51068083.835425936, 59440127.15093305, 55632359.46646845, 53826561.68401221, 52496606.890324175, 64170432.835273266, 55827560.58256365, 52338981.739953294, 54124058.72510289, 51117546.63935941, 55193444.45452937, 58785861.667389356, 53118222.8679766, 60211227.69026277, 55379854.62850402, 59329787.75426129, 57924886.685963035, 53574224.77011627, 52464280.45165279, 52759761.730850376, 52120736.85193883, 60109416.172154464, 50597645.5764226, 49925930.866857246, 53524520.48547007]
[53401661.51736799, 53594604.48340549, 58019231.78714164, 56668563.18128924, 51833951.62432599, 53289844.97038104, 62575887.76818725, 59651216.40789424, 55160420.464210644, 56924608.20096137, 53813475.628823236, 52568152.70894172, 60830740.41507455, 55273400.099843085, 54312059.14571575, 59940212.46341449, 56752333.6898309, 60792538.742885634, 56756474.59988739, 55200329.954917334, 45797619.55144153, 54204564.52252742, 69461749.4679251, 62750197.40771637, 57405806.09534258, 50262018.007067084, 58631669.70860769, 55080969.474905945, 53826561.68401221, 51792635.266416885, 61590516.80604003, 54913195.044181146, 52338981.739953294, 53462546.47445825, 51117546.63935941, 54762246.26320596, 58249293.02341552, 52923377.15934283, 59864265.607016765, 54703207.65020094, 59324492.73002609, 56617659.43883363, 53574224.77011627, 52300220.2498317, 51837173.856326595, 51756899.80388816, 59171060.25181898, 50519306.161576115, 49087884.39316891, 52858831.40652963]
[53113561.21960872, 53594604.48340549, 56733190.392154396, 56113576.62212539, 50948475.472750306, 52832864.86426815, 61741924.68958952, 58940435.81348513, 55160420.464210644, 56283322.60024877, 51264286.945158765, 52098938.14069841, 59903520.15143307, 54338366.8451962, 53409892.99808397, 59847106.07231132, 55993824.22675534, 60105084.79594342, 56249170.23461757, 54622421.911669135, 45797619.55144153, 54204564.52252742, 68539095.71513858, 62324106.230614446, 57227444.84481053, 49951526.616587974, 58204997.05050503, 54533599.389890075, 53354683.40134269, 51622464.58100337, 60910494.09515951, 54769879.53417635, 51776461.601834126, 53438886.972046696, 49328560.76503313, 54652935.197162196, 57427404.42910661, 50912305.89162436, 59761724.17891363, 54137967.13933827, 59153004.759303845, 56144696.807378575, 52792693.68664474, 51985390.253377266, 50509292.49675812, 51431593.88786752, 59040123.55911025, 49288372.66083947, 48753984.80122466, 52470592.945642844]
[51926007.388888635, 53366169.20217271, 56607173.281607166, 55499840.256912276, 48976930.848936126, 52123448.21496048, 60443934.15524348, 58085152.78414427, 55160420.464210644, 54131146.50166116, 50139049.48034673, 51493479.773005426, 57299263.28219453, 54338366.8451962, 53409892.99808397, 59027165.17763184, 55626839.57507658, 58864973.56463051, 56249170.23461757, 54489564.97373559, 45722941.14626107, 53762887.14258138, 67638955.42650011, 61361596.53198321, 56875369.55959378, 49416832.134440206, 57949982.93602977, 54063304.42926793, 52886429.14355565, 51589787.85220407, 60797345.565330766, 53961110.04872739, 51601168.719995484, 53438886.972046696, 48462647.35158388, 54652935.197162196, 57427404.42910661, 50606526.64400065, 59692466.22417265, 52071085.42321664, 59141200.60428648, 55588801.41994039, 52626525.93055439, 51344143.87863625, 50509292.49675812, 51431593.88786752, 57114242.67722331, 48288794.0587311, 48700147.750538096, 52005132.855732225]
[50641389.84471715, 53366169.20217271, 54434406.21921396, 54237929.67766577, 48694473.19753407, 52123448.21496048, 59857467.982949674, 57900726.47012925, 54631032.22314906, 53878962.55184297, 50139049.48034673, 51493479.773005426, 57157017.63462998, 53077570.09781055, 52255167.47512496, 59027165.17763184, 54652278.92320307, 58216525.57184613, 55734213.717334785, 53804394.19271813, 45003630.29370866, 53740267.6284525, 66617263.38606195, 58590685.146522224, 55882590.9035895, 48710711.92305092, 57064577.1007971, 52744205.61540372, 52668608.47667126, 51254597.7014205, 59388166.718820676, 52887592.09513122, 51463517.90415725, 52880814.13995101, 48283524.41784983, 54279834.46691632, 57003742.38496152, 50566752.90024024, 59202983.17575153, 51661574.965712704, 58333424.49486481, 55588801.41994039, 52626525.93055439, 50252458.04118763, 50255344.25779362, 51105341.7299656, 57114242.67722331, 47469632.324571304, 48247653.086630635, 51567187.00613226]
[50295355.781624794, 52597482.88105092, 53590271.73631418, 53909988.49068805, 48635194.08610229, 52123448.21496048, 59025049.214574695, 56785464.96548092, 54307362.15713277, 53499393.85911303, 49188318.67336569, 51378419.06585859, 56864339.51593107, 52249519.70601935, 52070524.393276215, 57144894.300089456, 54207165.335806824, 58148499.99995909, 55734213.717334785, 53202943.811980605, 45003630.29370866, 53740267.6284525, 66434914.9720998, 58453834.337508366, 55083846.87789102, 46752547.09110269, 57064577.1007971, 52744205.61540372, 52668608.47667126, 51182745.029600985, 57163937.218311444, 52887592.09513122, 50808323.64283332, 52880814.13995101, 48283524.41784983, 54279834.46691632, 56689767.46984378, 50566752.90024024, 58742553.084237374, 51661574.965712704, 57865309.22817172, 54756915.3858097, 52026648.7302138, 49423813.04844496, 50019931.56834271, 49394365.27619134, 56543701.445007145, 46411007.87052663, 48194523.19839248, 50508436.47530042]
[50096620.47923094, 52555207.624802075, 53590271.73631418, 53828056.42791571, 47516790.33396057, 51134694.92131779, 58601075.0650423, 56785464.96548092, 54307362.15713277, 51950767.98934397, 48927344.552406535, 50900831.61079623, 55765450.18485274, 51743557.23954374, 51197639.03554973, 56155962.32579062, 54006950.820863724, 57044574.38566593, 55597306.9539754, 53076758.740171514, 44315932.5572336, 52261495.31657578, 65823540.35956217, 57822303.22134435, 55023940.09174049, 46612551.52651953, 56762328.952890575, 52744205.61540372, 52668608.47667126, 51182745.029600985, 57163937.218311444, 52721852.23734783, 50727853.65157388, 50732809.26757692, 48264527.92285207, 51612277.06854419, 56176481.53753493, 49681523.357917465, 56772615.695908405, 50364318.83693699, 57573519.611869775, 54756915.3858097, 51997648.66274474, 49423813.04844496, 49794340.33958006, 48995083.88984941, 55580814.225001656, 45724517.014125824, 47202253.83288226, 50508436.47530042]
[49593871.47536723, 52555207.624802075, 51561339.584749736, 53348974.39789052, 46736525.37405231, 50861457.407310866, 57357939.870408535, 56785464.96548092, 54018096.83829562, 51950767.98934397, 48927344.552406535, 50770866.92931341, 55521034.90369175, 51743557.23954374, 51156873.360679954, 54915262.63135127, 53360780.04135952, 56631261.89818007, 55335926.44894453, 52918334.431977674, 44069215.85654199, 51053832.73788075, 65548738.94575024, 57791891.66679666, 53760355.612220846, 46612551.52651953, 55819522.63801478, 52153953.038799815, 52417979.40612925, 49473732.30515954, 56504822.18471607, 52162676.22261387, 48576474.61420583, 50685803.71385305, 48053682.9804865, 51149266.78941434, 55829275.57432048, 49569444.97962139, 55719147.65313009, 50103023.525453344, 57573491.676215865, 54287552.71126205, 51344886.42988144, 49423813.04844496, 49202358.3558323, 48260080.817532465, 55021594.85130596, 45421622.57272278, 47202253.83288226, 50508436.47530042]
[47722315.3633741, 52555207.624802075, 51561339.584749736, 51083908.08143362, 46536121.6453651, 50071046.01488642, 55587319.29617914, 56034159.78068278, 53312623.13247352, 51950767.98934397, 48927344.552406535, 50185312.783471726, 54443406.94781786, 51535628.64536827, 50529291.5556019, 54609731.6819274, 52196554.64475955, 56631261.89818007, 55212152.02756312, 52918334.431977674, 42882247.57466543, 50990598.620824054, 65548738.94575024, 56595153.43402173, 53760355.612220846, 46501409.07311751, 54738190.03185318, 52153953.038799815, 52259063.20469077, 49409511.62672823, 56504822.18471607, 51409890.363883615, 46425827.36824106, 48866655.328727655, 46573157.6107974, 51149266.78941434, 55810157.23501817, 49142883.75973709, 55719147.65313009, 49481067.950810246, 56960697.12845911, 53547535.066679746, 49891932.00131635, 48114901.6923858, 49202358.3558323, 47355279.92798507, 54504528.68152646, 45155477.28724776, 47202253.83288226, 50219417.5719271]
[47523973.2093641, 51853862.21962179, 51561339.584749736, 48967653.73443161, 46536121.6453651, 49394431.32080743, 54859602.33920828, 54782922.12156035, 52656440.20435663, 51399331.081144705, 48318297.827944174, 50185312.783471726, 53583073.57421157, 51535628.64536827, 50391191.07890756, 54374426.3281299, 51692274.62337252, 55820259.22439488, 53846325.7926841, 52164108.66840662, 41698759.813937895, 50566443.49772516, 63516768.893805124, 55972420.41754395, 52794418.69807698, 46470606.354728416, 54507495.62424578, 51988894.12884896, 52166112.20611661, 48504786.76365309, 56409757.206321396, 50738588.13688025, 46147397.48096304, 47906373.388792865, 46573157.6107974, 49121807.139877014, 55810157.23501817, 47108325.81422619, 55087699.01817367, 48428618.73857525, 56439391.522679485, 53302614.449298255, 49571864.47371316, 48114901.6923858, 49202358.3558323, 47197819.16406199, 53730599.28187035, 45155477.28724776, 46838450.04908837, 48499701.73921944]
[46730043.51260717, 51853862.21962179, 50853289.41036217, 47432999.46156658, 46134625.80248575, 48677544.279048376, 54429714.087361835, 54782922.12156035, 52656440.20435663, 51219374.12633609, 48318297.827944174, 49591959.01472305, 53295493.991159, 50505335.359641366, 49498414.99038723, 54374426.3281299, 51058460.372210205, 55489599.66005751, 53445524.77249307, 51669187.94568072, 41566662.743684046, 49477506.38835785, 63013087.4890525, 54950794.90686275, 51197756.42298217, 46277760.821200274, 54507495.62424578, 51571705.60477431, 51569700.69674529, 47936217.90161037, 55828384.84637554, 50588937.36421824, 46147397.48096304, 47696315.09393087, 45919613.86601445, 48484587.658438735, 54905259.49298713, 46937306.299613774, 55087699.01817367, 48331162.30166288, 56429720.39678969, 52549758.846898064, 48244441.37105931, 47373771.366117775, 48555607.81827022, 46282682.52173094, 52694393.73354142, 45155477.28724776, 46302990.60893237, 47925267.81776739]
[46730043.51260717, 51555752.19554701, 50403838.0630088, 47129606.91704339, 46134625.80248575, 47966094.536701135, 54073833.54423431, 52786152.400852315, 52137586.75679615, 49964311.88981439, 47314124.85464627, 49174463.58391571, 53131778.53417734, 49522375.550784424, 49380986.52026008, 53169288.09086789, 50868811.84948195, 55319071.088099554, 52445260.89344515, 51110131.59055418, 41249987.96762602, 49196394.163160816, 62637238.204867445, 54785311.22622035, 50018439.24307792, 45691498.457010895, 52105793.017821744, 51220567.383422606, 50468583.6022604, 47859358.68905322, 53778288.21587511, 49494881.58136986, 45733745.58582181, 46971265.657944396, 45919613.86601445, 48484587.658438735, 53910518.50741564, 45882257.12807226, 54913403.942328416, 48331162.30166288, 54368388.39424743, 52549758.846898064, 48244441.37105931, 47373771.366117775, 48024407.22116959, 46282682.52173094, 51339087.081810966, 44178823.32659911, 45206842.69528273, 47421232.33433365]
[46730043.51260717, 50265379.164731964, 50403838.0630088, 47129606.91704339, 45677685.83630223, 47418789.3218521, 54013810.31186855, 52640448.98671751, 51342884.58801274, 49964311.88981439, 46906162.16874704, 47925872.2396615, 52816131.48589489, 47410915.66520137, 49380986.52026008, 52470214.55777322, 50868811.84948195, 55319071.088099554, 51183414.819673404, 50829650.3995199, 40850161.56095255, 49076351.788114704, 61922530.12579361, 53842360.836003706, 48228428.999728486, 45691498.457010895, 51112754.139546596, 50666820.28399502, 50167673.69138105, 46803876.825983115, 53634154.17293116, 48476151.51659164, 45733745.58582181, 46971265.657944396, 45919613.86601445, 48247237.94820844, 52124618.3010194, 45780993.56526683, 53765916.256446324, 47740866.63310571, 52222532.68910591, 52316533.508297265, 48244441.37105931, 47373771.366117775, 48024407.22116959, 46282682.52173094, 51274001.34290572, 42443808.02578352, 45206842.69528273, 47307158.9787837]
[46261827.773811266, 48950259.29202684, 50339342.568277374, 45468132.75067618, 45371678.49074192, 46958121.42655015, 51996521.05408674, 52199865.91257431, 49891235.99577062, 49477230.23766914, 46066318.497341104, 47579155.88334864, 51045920.36673714, 46108162.4486666, 49003508.415395446, 51542344.94622526, 50868811.84948195, 55137276.61901009, 50995498.65522862, 50251570.92360362, 40717121.59856136, 48411020.967613, 59120344.538561404, 53653470.52217427, 47868325.390588745, 45691498.457010895, 49720124.480871744, 49271131.7409418, 48986974.84838109, 45402279.61039117, 53634154.17293116, 48198530.28232508, 45733745.58582181, 46027619.21609125, 45919613.86601445, 46984938.83565788, 51815968.712748334, 45603528.928563684, 53434400.07347583, 47088092.00311133, 51205448.07701889, 52037679.83848925, 46522540.409585, 46964017.3143366, 47366284.38040905, 46204504.19101999, 51117343.46270943, 42099091.83495475, 44837001.805732414, 45930525.184775606]
[45620214.68435542, 48843235.371144876, 49344304.007102996, 45468132.75067618, 45371678.49074192, 46958121.42655015, 51462542.89321153, 51258481.8984755, 49286888.141437724, 48908173.48706117, 45929833.55479944, 47579155.88334864, 50934661.470190994, 46108162.4486666, 47650001.49592088, 51542245.47536949, 50024557.2287818, 52666415.67077196, 50995498.65522862, 50101102.51613437, 39973760.25324561, 48411020.967613, 58910873.168954134, 53595240.79461868, 47505360.86530908, 45088305.79157219, 49366415.74176033, 49233070.81206956, 48874776.97670094, 45395390.56585142, 53634154.17293116, 47353544.657826036, 45733745.58582181, 45369328.67706785, 44569367.41754396, 46984938.83565788, 47968945.214972466, 45603528.928563684, 51863611.89447179, 45823162.34470464, 50585816.95672937, 51431599.36657908, 46522540.409585, 46141876.51982948, 47178276.1235217, 45553963.83840218, 50345815.05662436, 41624846.17143136, 44150580.381888285, 45930525.184775606]
[45609471.28950704, 48843235.371144876, 49290512.45641095, 45318239.58435132, 44891727.51344893, 44925743.776385486, 51290349.697689466, 50655786.246633634, 48861065.20025232, 47747565.0289841, 45929833.55479944, 46836103.63873833, 50934661.470190994, 46108162.4486666, 47641598.24252663, 50937058.37668144, 48485980.366007224, 52666415.67077196, 50995498.65522862, 50101102.51613437, 39591804.77763541, 47326930.29535993, 58910873.168954134, 53595240.79461868, 47281095.773949355, 45088305.79157219, 49366415.74176033, 49107155.5290086, 47217613.67560547, 45230309.52937647, 52492316.541077174, 46788658.38828991, 44905804.37451966, 44778207.37099023, 43770767.67767836, 46627136.093692966, 47604492.638512895, 45462987.00014261, 50882640.628535286, 45194055.41045439, 50190981.70923511, 51035309.19431788, 46027843.43012502, 45209863.69440723, 46740896.06573124, 45263743.34790721, 50345815.05662436, 41624846.17143136, 43707925.582788244, 45297849.309606664]
[45609471.28950704, 48380313.15385799, 48972383.1614013, 45123137.04336141, 44688078.8763121, 44300971.22705276, 50397288.78154933, 49844091.38040738, 47565223.29211751, 47670740.829836406, 45645226.56192558, 45780147.00442258, 50931311.87670724, 45788857.39767046, 46807280.593088806, 50605251.697532915, 47399698.65350358, 52085396.27599287, 49537420.30616417, 49219587.09224377, 39243549.6149721, 47326930.29535993, 58269537.12534146, 53595240.79461868, 45652894.466255136, 45088305.79157219, 49307991.62215386, 48909863.01902132, 47182923.07472311, 45230309.52937647, 51313632.92499266, 45240588.54473851, 44463049.827102706, 43330278.424787946, 43770767.67767836, 46627136.093692966, 46885671.5561007, 45354012.19469954, 50882640.628535286, 44966506.90607752, 50190981.70923511, 50572283.84404172, 45218440.20444996, 44516011.99735831, 45601205.40073961, 45044744.19978802, 50345815.05662436, 40273457.297537684, 43707925.582788244, 45297849.309606664]
[45225802.557847664, 48154357.079242334, 48592143.727264486, 45123137.04336141, 44252751.24497007, 43858242.489443436, 49676741.373661056, 48408964.094641164, 46744336.839233905, 46920524.493013985, 45219386.62769357, 45537274.5830221, 49678394.32616357, 45779002.55729233, 45439132.560809866, 48424331.90524189, 46900682.786920264, 52085396.27599287, 49257316.224902436, 48844465.50975864, 38407917.16805555, 47326930.29535993, 57687864.92849721, 51634722.3910269, 45058725.21165703, 43962222.614552744, 48572497.62142488, 48776140.21677033, 46618061.1982481, 45230309.52937647, 49893568.34691093, 45240588.54473851, 44411040.320632495, 42989292.426099755, 43710382.11349802, 46627136.093692966, 45785491.92837828, 45125395.927308396, 50515757.999829516, 44966506.90607752, 49861647.256354906, 50572283.84404172, 45218440.20444996, 44468700.51065464, 44425102.168939546, 45044744.19978802, 49617721.80916491, 40273457.297537684, 43313618.10127151, 45297849.309606664]
[43815139.16225782, 48154357.079242334, 46036651.681406796, 44842193.14829807, 43955923.14442678, 43858242.489443436, 48688792.85893512, 48408964.094641164, 45698147.67353128, 46812888.40365457, 44659800.3544765, 44488670.931079924, 49678394.32616357, 45225055.5217724, 45368760.83984955, 48424331.90524189, 46900682.786920264, 51836126.71654056, 49257316.224902436, 48085558.80441688, 38302858.93662446, 46798118.42795573, 57430935.636417545, 51634722.3910269, 44382271.483559765, 42812390.10026361, 48572497.62142488, 47325888.449415274, 46618061.1982481, 45081892.04332404, 49872666.982764244, 43929515.64882837, 44411040.320632495, 42056053.41024565, 42331500.55757718, 46133256.469386496, 45785491.92837828, 45010308.40230147, 48810779.84754969, 44885457.02723737, 48858331.426034026, 50264182.068464205, 43905361.26976426, 43394727.14735989, 44190986.26475831, 45044744.19978802, 49064439.32078733, 39893848.80248569, 43228453.607487395, 45297849.309606664]
[43747474.617413744, 47258758.920906976, 46036651.681406796, 43383077.21024806, 43351423.93964302, 43858242.489443436, 48688792.85893512, 48333937.56511728, 45251216.13370831, 46456167.484317794, 43972225.84410917, 42471960.42608666, 48387885.25803808, 44188339.3879929, 44464224.117142916, 48424331.90524189, 46339226.65174185, 50994570.02533989, 49257316.224902436, 47892917.947946936, 37915004.603027, 46798118.42795573, 57252960.8435352, 50728158.66328382, 43954836.984674394, 42241140.80962642, 48572497.62142488, 47247347.68787357, 46546613.93650905, 44247662.49997127, 48444214.54095414, 43343152.04316519, 44411040.320632495, 41230025.97795451, 41457678.63269173, 45194862.9263731, 45705827.285451345, 44359522.958624646, 47017312.62899719, 43879284.93870948, 48227014.71380974, 50077530.77769602, 43618593.74842386, 42498842.660594895, 44047156.334460735, 44651736.94052019, 47899374.109249465, 39748479.165121995, 43128129.69915478, 45297849.309606664]
[43432817.61724846, 47258758.920906976, 46036651.681406796, 42185371.26926088, 43268188.507390454, 42180288.225652896, 48688792.85893512, 47259024.21159294, 44673753.96525292, 46077054.66276975, 43972225.84410917, 42354629.89619656, 48268664.0197461, 43933343.991973124, 43800688.76936902, 48260863.57516903, 46048453.11263041, 50927033.07369648, 49257316.224902436, 47604192.254910335, 37719536.14121638, 46547013.216981664, 57252960.8435352, 50569224.15680869, 43507608.36626995, 42241140.80962642, 47859229.242444605, 47026615.274297014, 45730816.59881993, 43963951.233400084, 47207142.88355799, 43343152.04316519, 44329166.22208557, 40968952.04321184, 41387382.242629535, 45131245.68989576, 45009144.85882126, 42912427.82160112, 47017312.62899719, 43083495.155718796, 48227014.71380974, 50077530.77769602, 43436959.90484671, 42443547.44486882, 42799081.92913586, 43823255.8601796, 47540238.27825029, 39453559.88381648, 42189265.1986481, 44248725.00900717]
[43049638.90611501, 46035743.96785499, 45637186.34396623, 40852620.69706477, 42669550.65323474, 41451795.00775273, 46594935.30281448, 46831358.43270101, 43764056.75289013, 45809935.36214256, 43939581.55002964, 41934402.06682782, 46985880.62578054, 43933343.991973124, 43668413.69841654, 47850314.980103336, 46048453.11263041, 49755838.66388039, 48883063.990618825, 47335116.58808804, 37525852.179644406, 45122230.29002926, 56950637.595643185, 50058901.26968685, 43351267.795373216, 41526172.3903691, 47859229.242444605, 46695503.6739102, 45085019.51981159, 43670850.04927671, 46509075.27514683, 43193327.29714114, 42887500.19323589, 39794948.78165926, 40986206.107870355, 45060083.661755554, 44952467.02521584, 42565136.774904445, 46563253.51662083, 43083495.155718796, 47591437.902116366, 50077530.77769602, 42005934.33685833, 40812707.16025136, 42771209.78032304, 43731229.36003011, 46336986.452018306, 39449925.050212964, 40916902.557315715, 44086592.74573013]
[43049638.90611501, 45904118.415192924, 45637186.34396623, 40519185.540527776, 42495241.644574635, 41451795.00775273, 44958701.96991642, 46667541.872480355, 43764056.75289013, 44827293.09030329, 43939581.55002964, 41934402.06682782, 46985880.62578054, 43933343.991973124, 43512626.99208157, 47850314.980103336, 45969924.565937765, 49426779.36076472, 48562745.7075911, 47335116.58808804, 37525852.179644406, 44108228.42344245, 55061450.50849267, 50058901.26968685, 43351267.795373216, 40330830.99862417, 47859229.242444605, 46667882.63465424, 45085019.51981159, 43396744.1022471, 46221747.51364962, 42742170.930707514, 42887500.19323589, 39436188.47796301, 40986206.107870355, 44659568.16296569, 44952467.02521584, 42207211.6204047, 46154118.02903017, 43083495.155718796, 46623366.70484726, 48666154.685622185, 41357443.13314352, 40369625.81428422, 42524153.13034369, 42284884.04186389, 45839133.87293025, 38700740.325063944, 40165306.509383105, 43259301.387272485]
[42124794.91124196, 45904118.415192924, 45525273.17270408, 39449232.05979853, 42495241.644574635, 40306646.22092588, 44395979.30438021, 46208408.120609835, 43180518.448888704, 44269518.542972654, 43776719.52512714, 41685563.97952698, 46388543.27416426, 43386307.26565049, 43354500.62026945, 47793489.895141765, 45821090.64886623, 49426779.36076472, 47311397.94245992, 46453727.964063674, 37525852.179644406, 43751688.24077412, 54243127.91157105, 48561177.20381142, 42819427.264737956, 39709515.86743955, 46676933.08223216, 46603464.90122036, 45085019.51981159, 42555622.86901061, 46221747.51364962, 42146402.56492971, 41331181.144777805, 38878260.61184779, 40986206.107870355, 44659568.16296569, 44952467.02521584, 41505103.550077416, 45897579.09430031, 43077881.28015028, 46314665.74396562, 48321035.31948281, 41357443.13314352, 40000525.06284456, 42524153.13034369, 41224638.12731338, 45233853.49924653, 38425661.896551594, 39501913.07678133, 43226955.92992984]
[42124794.91124196, 45372333.083482385, 45525273.17270408, 39449232.05979853, 42003961.28940427, 38926800.66040875, 43419571.003809616, 46208408.120609835, 43180518.448888704, 43523630.0208656, 43717606.18977292, 39791194.81041412, 44914043.87425227, 43386307.26565049, 43303446.900796324, 46959896.74578656, 44964391.456845775, 48143190.690222144, 46184525.34325777, 46269793.778430015, 37525852.179644406, 43733559.54743992, 53501888.104857564, 48561177.20381142, 42819427.264737956, 39709515.86743955, 46564224.26022573, 46014124.94066808, 45085019.51981159, 42555622.86901061, 44142527.89928995, 42146402.56492971, 41331181.144777805, 37902968.86969437, 40986206.107870355, 44659568.16296569, 44617302.50206424, 41482044.52989823, 45627556.643243365, 42736512.043703854, 46314665.74396562, 47987968.86255334, 41324795.52703102, 39880362.98913355, 42015741.80229287, 39339951.04988582, 44946899.42940432, 38164513.70423236, 38868125.975097485, 42556399.72105542]
[41845898.4033834, 45359518.82175295, 44928403.25757174, 38795823.58894175, 41490498.13037671, 38926800.66040875, 42679506.440847956, 46163348.02494129, 43154016.21160893, 42700996.46058579, 42901017.6430664, 39627728.0875511, 44914043.87425227, 43262234.11557413, 42644808.248861685, 46959896.74578656, 44700771.28269301, 47705300.350824356, 45868363.9404227, 45032416.364492886, 37525852.179644406, 43733559.54743992, 52334361.16522203, 47476753.806194186, 42606305.13314841, 39557020.52442654, 46564224.26022573, 45167311.07000722, 43028219.58193482, 40315849.567235656, 44142527.89928995, 42146402.56492971, 40500955.22672797, 37902968.86969437, 40301420.72763784, 44250708.11756503, 43815432.3867932, 40965653.636319935, 42748303.040108025, 42736512.043703854, 44309942.27457543, 47943863.39663191, 41181562.768730834, 39805676.9156422, 41710007.66979526, 39034686.29080152, 44247527.51052545, 38014379.048725344, 38868125.975097485, 42226282.263439074]
[40803804.16667279, 44392925.87362997, 44358155.99627124, 38795823.58894175, 40533710.50726855, 38786990.317728564, 42619851.784098335, 45987925.293484226, 42828341.51895055, 42402646.863239035, 42316081.01677448, 38602827.73222773, 44456856.12399226, 43262234.11557413, 42163433.932285145, 46959896.74578656, 44393713.91382654, 47296560.49486532, 45024756.93395158, 44054256.576734796, 37499969.22179457, 42940819.115445666, 52334361.16522203, 46433916.04112093, 42257029.959499024, 39557020.52442654, 46527403.947389, 45167311.07000722, 43028219.58193482, 40315849.567235656, 44142527.89928995, 42146402.56492971, 40010893.199711055, 37709396.45918214, 39227376.63578777, 44250708.11756503, 43316814.088630065, 40965653.636319935, 40406919.63681711, 42544683.87515954, 44309942.27457543, 46432806.4347222, 40804223.369840845, 39805676.9156422, 40879311.087789595, 38952355.686764404, 43982987.82000998, 37679871.13305014, 37683229.932552494, 41692402.898090154]
[40380868.92346773, 44374257.28423116, 43760180.33501533, 38147075.203045085, 40533710.50726855, 38419579.536389455, 41851115.4060706, 45233799.770549774, 42806756.04908803, 42402646.863239035, 41937517.36684804, 37458977.305679366, 44184734.03766124, 42361426.72537308, 41933443.46017032, 45753770.30743541, 44112990.22473701, 45784493.16409214, 44979609.69051328, 43060507.74708001, 36656994.88283306, 42037281.27204, 52215360.99664785, 44575150.59198562, 42020936.84266499, 39048873.8915923, 45666271.03378505, 45167311.07000722, 42704789.70937814, 40315849.567235656, 44142527.89928995, 41741502.85670474, 39884106.03407498, 37689314.006671116, 39227376.63578777, 44038839.71228666, 42903697.17299202, 40965653.636319935, 39974192.16235815, 42365440.25577488, 43211025.72947998, 46041529.43920089, 39744383.05372203, 39722300.12645741, 40662855.901228175, 37869835.52903356, 43266768.357781574, 37027076.84018781, 37551172.51377097, 41663814.52315881]
[40115960.13365163, 43649215.104820944, 42685743.54062687, 37723969.67877398, 40379651.71795612, 38104038.30890939, 41433362.3836841, 44836944.18321033, 41677310.0193441, 41791833.4290321, 41838557.09143972, 37458977.305679366, 43780958.56666092, 41875639.07574387, 40663773.30880454, 45356298.00333119, 44112990.22473701, 45379218.09448135, 44979609.69051328, 42840015.57390384, 36644075.90501081, 41454367.852890834, 51677710.24444335, 44575150.59198562, 41394177.03349863, 39048873.8915923, 45562453.09727882, 44712635.62180145, 42090888.327197954, 40042141.99575041, 42754806.11797929, 40450727.431719765, 39630301.6870162, 37689314.006671116, 38559362.30778566, 43798031.9847469, 42903697.17299202, 40074876.03476234, 39466117.25415629, 42248998.3023722, 43211025.72947998, 46041529.43920089, 38443273.64931838, 39227758.276612006, 39539380.48713559, 37720888.92702943, 43002899.729955316, 37027076.84018781, 37551172.51377097, 41015366.10517078]
[40025899.39448692, 43211823.39119077, 42685743.54062687, 37181365.01783011, 39771111.195477195, 38035002.00677581, 41433362.3836841, 44543841.39772066, 40283738.59925242, 41791833.4290321, 41838557.09143972, 37458977.305679366, 43780958.56666092, 41787492.44929649, 40294576.44007069, 44970119.37042411, 44001659.76985646, 44250852.94834741, 44573567.219467, 42840015.57390384, 36496300.16772389, 41061225.51584839, 51429084.90551569, 43847793.20131589, 41080503.469499946, 38130145.7058176, 44871035.543201774, 44700782.00807601, 41514177.81248216, 40042141.99575041, 42177010.013600454, 39823766.52433283, 38573769.94387801, 37689314.006671116, 38559362.30778566, 43575789.12509094, 42876315.28111574, 40074876.03476234, 39330660.973551184, 40526113.473176785, 42667574.04635744, 45040960.68909083, 37885316.59129401, 38855310.31759812, 39097060.583241746, 37526031.05666468, 42408959.01266789, 36269326.479275845, 37423202.7082596, 40137729.98856716]
[40002093.25026318, 42423730.57729406, 41831059.818327434, 36916834.54835723, 39041910.66260804, 38034849.260182515, 40455323.23219177, 43935704.56749431, 39647046.932656035, 41601396.962600395, 41621321.966300994, 37092550.80394802, 43399962.583238296, 41189268.305296704, 39059504.141585395, 42697798.43757608, 43304156.4094121, 43926265.51430731, 44095316.08645415, 41331376.70015849, 35969684.48248724, 40592525.35401711, 51429084.90551569, 43837502.83430082, 40126828.045626774, 37820751.35463564, 43995273.93524672, 44626617.70105284, 40799396.013879314, 39387968.42418213, 41951709.7486739, 39365437.959138915, 38092786.09988813, 36133724.99769421, 38321130.48280677, 43033726.55318623, 42876315.28111574, 40074876.03476234, 39060790.56229751, 40462163.28190277, 42481172.494822554, 45040960.68909083, 37826596.68884232, 38750381.469197646, 38919777.96348299, 37243657.49891408, 42161522.580511466, 36066878.89441188, 37301500.64154134, 40055808.316069685]
[39399575.15413286, 42423730.57729406, 40826137.72787276, 36916834.54835723, 39041910.66260804, 37543742.195339315, 40304448.81068078, 43935704.56749431, 39647046.932656035, 41502601.626617275, 41258456.81169297, 36985494.729685, 41528437.30298355, 41189268.305296704, 39008195.591000594, 42077130.35317686, 41704505.11262117, 43926265.51430731, 43722029.51223362, 41331376.70015849, 35830372.18886396, 40110909.36419457, 50294705.77360329, 43592301.95628279, 39897161.34328456, 37820751.35463564, 43655167.31694811, 42341693.06174472, 40193036.48495241, 39079694.37472064, 40974157.50590881, 39320664.47418293, 37701484.16878329, 35763785.92164006, 38321130.48280677, 42174304.61559307, 42876315.28111574, 39746200.5752566, 39060790.56229751, 38710423.44484423, 42481172.494822554, 43994406.54718619, 37394227.082900226, 37417630.47619649, 38738755.459443405, 36418427.17654055, 41853676.03962831, 35971433.272672094, 37301500.64154134, 39058213.90131334]
[38369898.570464015, 42146489.79154985, 40578811.262219355, 36916834.54835723, 38894322.401075326, 36795472.52717062, 40203768.21207705, 43205498.11255249, 38872228.21765096, 39862284.23847266, 40299632.15853139, 36524396.828045264, 40885383.613796175, 40867969.03724958, 38609697.18959652, 41131545.134872474, 39925284.15439878, 43926265.51430731, 43560206.55033034, 41271204.694533736, 35830372.18886396, 39147146.02539538, 50294705.77360329, 43529976.26036611, 39891379.60124098, 37724714.74026094, 43208064.96894452, 41831115.24415303, 40186667.235849045, 38698936.97923021, 40974157.50590881, 39320664.47418293, 36698553.43903518, 33879811.85988578, 37939810.386008665, 42141656.00121896, 41027335.94772153, 39356432.5297371, 38695827.67658983, 38303182.778431706, 42081504.691139646, 43747226.12340373, 37394227.082900226, 37417630.47619649, 38738755.459443405, 35712898.46803816, 41769638.325481094, 35768582.335539654, 36772711.94949106, 38307063.888735466]
[37708164.00917463, 41197791.69464477, 40281056.39246616, 36916834.54835723, 38894322.401075326, 36795472.52717062, 40203768.21207705, 43205498.11255249, 38805911.974712886, 39678960.439447045, 40184629.195703164, 35332275.81677819, 40202710.89813766, 40867969.03724958, 38600419.87485986, 41131545.134872474, 38771453.40812851, 43926265.51430731, 43560206.55033034, 40972569.51009993, 35474160.097068205, 39147146.02539538, 50287765.834933, 42224264.25689644, 39534842.46288618, 37019067.315879904, 42573421.42658268, 40546273.04670859, 39684358.95481916, 38698936.97923021, 40974157.50590881, 39072514.2862363, 36549514.61459829, 33706529.035134174, 37678755.80362283, 41303558.521954134, 40963511.35494476, 39235745.99698982, 38535990.53000458, 38071615.34100338, 41330656.15750099, 43747226.12340373, 36956094.77229665, 37351267.99707762, 38311035.43980217, 34257209.92708053, 41762368.76596966, 35194514.74028562, 35348699.56111238, 38229250.6066481]
[37708164.00917463, 41197791.69464477, 39750507.161252126, 36558465.993333854, 37809279.59257693, 36795472.52717062, 40095558.89052081, 42909154.32966962, 38678393.039669596, 39561101.01776229, 40060137.42408097, 34967050.54825868, 40202710.89813766, 40474497.7868246, 38121401.05281575, 40903992.93760745, 38415798.106074296, 43634231.29753724, 43224112.40090289, 40972569.51009993, 35474160.097068205, 39147146.02539538, 50287765.834933, 41691197.38770076, 38215413.166495994, 36862359.677209675, 42204544.942471035, 40376129.78857882, 39127930.40568102, 37864740.197266966, 40974157.50590881, 39072514.2862363, 36442728.779796556, 33146061.88481608, 37343702.795515254, 40593314.18595527, 40630730.039838105, 38170817.285638645, 38532600.15257336, 37895975.95588845, 41040402.24679004, 42218266.39402749, 36956094.77229665, 37160128.343443915, 37623469.788756154, 33933052.96676465, 41684299.69986771, 33964134.43986429, 35348699.56111238, 37632779.90638839]
[37138625.650416195, 39602930.052182555, 38882944.69664521, 34947284.74689606, 37096544.29742726, 34990976.51578732, 40095558.89052081, 42827700.64401464, 38399081.756420724, 39561101.01776229, 39924934.404864, 34967050.54825868, 38978149.994288124, 40467053.73542902, 37403127.32655422, 40470080.69199489, 38415798.106074296, 43429575.13120959, 43224112.40090289, 40780933.25458386, 34614089.41330496, 38406776.22893806, 50287765.834933, 41471517.85433907, 37620504.268758714, 36862359.677209675, 41974931.67613368, 39944200.05373001, 38311469.45181159, 37491689.26043567, 40974157.50590881, 37669358.20846137, 35860084.257396825, 33010067.219574273, 36586106.819162436, 40593314.18595527, 40630730.039838105, 38170817.285638645, 38532600.15257336, 37272092.021370225, 40445228.07538542, 41745098.709226176, 36882789.89037979, 36870997.54570216, 37475855.62419659, 33516875.47926308, 40991747.40198188, 33435198.116362322, 35319427.56800709, 37014025.65265278]
[37138625.650416195, 39602930.052182555, 38330814.52191618, 34947284.74689606, 37088819.37387274, 34421229.65706302, 39947358.54056078, 42553405.154433765, 38399081.756420724, 39532538.90238781, 39179422.04880508, 34859438.432266176, 38432279.861138, 40013195.99761638, 37403127.32655422, 40470080.69199489, 37523171.60957637, 42845601.32756471, 43224112.40090289, 40322565.15888336, 34069917.62772611, 38406776.22893806, 49705738.18751535, 41227097.069613084, 37175147.82990107, 36862359.677209675, 41671612.795660906, 39616051.24090091, 38113936.24443335, 37118725.95503362, 40809147.731717035, 37669358.20846137, 34755896.53654025, 33010067.219574273, 36585932.88694297, 40432266.925775066, 39849111.8988527, 38170817.285638645, 38465168.287576884, 36850472.00247533, 40248208.733164325, 40722635.29018147, 36527400.09847579, 36870997.54570216, 37032038.08615643, 32702682.141251482, 40232039.425970234, 33066949.982829176, 35019340.31836139, 37014025.65265278]
[37138625.650416195, 39602930.052182555, 37322216.94381718, 34947284.74689606, 36520005.09430273, 34100171.78122904, 39947358.54056078, 40815834.1861511, 38020443.42524366, 38663151.894439206, 38805995.221204065, 34735503.432984024, 38432279.861138, 39923464.28281622, 36605069.41965567, 40238214.85463531, 37389048.96330865, 42034685.24108992, 43101829.335853755, 40235198.64098518, 33973502.14287855, 38406776.22893806, 47915581.37639461, 40922052.536256395, 37034807.468060516, 36728114.74515277, 41494131.02314852, 39212029.14843214, 38084828.37425596, 36841754.09274876, 39878819.7063643, 37554305.630064905, 33946809.50678497, 33010067.219574273, 36585932.88694297, 40432266.925775066, 39202878.90505184, 37409731.12461426, 37771725.114788525, 36607152.01655679, 40248208.733164325, 40227993.88547569, 36465410.91159756, 35720036.66861713, 36887196.56266092, 31744270.156985752, 39943978.2058221, 32916363.43551624, 34638188.43181493, 36761046.54077044]
[36762488.09835751, 38509900.96383861, 37277686.36884249, 34415656.996777765, 36367421.85189683, 34100171.78122904, 39703344.27613656, 40348302.051009, 37749609.23194672, 38480228.017517015, 38281894.31356656, 34280367.97616662, 37662110.748555556, 39736995.49389921, 36269632.24582714, 39433011.27823223, 37205419.14299259, 40928732.63442316, 42922644.36151821, 38766647.92172484, 33354348.988072563, 38347917.20790596, 47275256.91269387, 40528360.00164113, 36895281.711471096, 36168865.95793923, 41096819.1368901, 38803104.54882921, 37440783.332985274, 36841754.09274876, 39053508.78823008, 36452858.61211902, 33575587.996526286, 32690395.83804516, 35868091.787110105, 39852574.699141815, 38527801.956536815, 36725186.22399391, 37771725.114788525, 36114892.60497643, 40248208.733164325, 38582439.81521897, 36295997.5214602, 35339206.05387084, 36013537.58676443, 31744270.156985752, 39660091.84536675, 32867328.739918392, 34436914.89765873, 35962965.47018797]
[36491940.50553939, 38078057.56720256, 37277686.36884249, 34415656.996777765, 35983675.520857975, 33848159.70955547, 39703344.27613656, 39207334.79379129, 37365014.64967208, 38326127.97573794, 37411613.166880354, 34129651.23408233, 37624593.11278687, 38377993.47668821, 36155424.65442534, 38871799.547287084, 36814249.66134107, 40412499.66380702, 42922644.36151821, 38684794.58541345, 32792770.747981835, 38168115.81764592, 46643597.7339085, 40528360.00164113, 36686576.8286082, 35573413.34918599, 40962597.240936354, 38516905.67426084, 36595804.02085532, 36349050.05086218, 39031008.05075629, 36392804.3630567, 33575587.996526286, 32690395.83804516, 35605376.99573134, 39460994.2997945, 37957434.57083755, 36304169.268928535, 37516634.70461927, 35776642.31187932, 40106661.50728554, 37400709.85666751, 35984772.56019579, 35183555.46148378, 34602049.98693295, 31744270.156985752, 39660091.84536675, 32867328.739918392, 33574095.776093304, 35044493.29349609]
[36159689.46260864, 36791090.42386103, 37277686.36884249, 33833114.89991674, 35314993.01946969, 33401406.71211321, 39703344.27613656, 39207334.79379129, 37112374.60671032, 37081384.72385524, 36659498.94609223, 33911331.96389606, 37455118.17143537, 38089036.97051869, 35586956.792459235, 38839252.463510215, 36391360.27061547, 40412499.66380702, 41780680.494458534, 37829292.52434744, 32792770.747981835, 37756383.87735523, 45615811.49437896, 38923632.75411074, 36534794.764001876, 35573413.34918599, 40769791.25270956, 38072348.059816375, 36595804.02085532, 36349050.05086218, 38473134.8920076, 36392804.3630567, 32892070.973222733, 32690395.83804516, 35112633.39789991, 38879414.391556, 37245102.581009, 35729896.40546804, 36711073.72311737, 35372084.367492646, 40081349.47443096, 37148184.37215484, 35893220.49434235, 34596013.840038285, 33918017.59312592, 31744270.156985752, 39345806.48388079, 32643625.00422869, 33422244.045114696, 34990725.61586635]
[36159689.46260864, 36379848.72273502, 37002056.14336887, 33665842.73473144, 33129035.596942812, 33401406.71211321, 38542546.97080765, 38700064.95750704, 36889734.87467107, 36366982.67993726, 36421595.131233916, 33911331.96389606, 36543100.95865029, 36565246.446505524, 35282927.25692183, 38334135.90468185, 35787702.671130225, 39992067.87186881, 41711426.79368666, 36475664.139034316, 32744141.457434554, 37311052.32132757, 45445478.15820334, 38923632.75411074, 35988725.39979195, 35527554.3129976, 40526251.995030776, 37632128.80556466, 36387888.35681163, 34769821.21326284, 37422858.629388705, 36343184.39496261, 32892070.973222733, 32677114.03527671, 35112633.39789991, 38865213.21328529, 35942151.57013577, 35672509.90451877, 36711073.72311737, 35097909.71179914, 39202700.049844496, 35897314.497817025, 35893220.49434235, 34448464.61388855, 33918017.59312592, 30965693.60093052, 38689238.38662756, 32198712.880844034, 33340062.5245818, 34247006.51573724]
[36159689.46260864, 36030207.957183674, 36442719.46467077, 33326631.506030448, 31796048.61473328, 33355630.35367778, 38512424.384413615, 38174358.398086876, 35071580.277006194, 36106585.13638365, 36369477.88890611, 33662897.76353802, 36095332.51574698, 36497038.52969028, 35217817.28223357, 38334135.90468185, 35470636.44147411, 39332898.42694579, 40920425.52807222, 35287565.27347924, 32632502.403045632, 37125504.321103215, 44412154.46057495, 38923632.75411074, 35619828.057874314, 35169973.02569164, 39229200.3763175, 37432359.151461646, 36386164.45840572, 33480897.256649476, 36348123.064417414, 36343184.39496261, 32736655.707003932, 32677114.03527671, 34704838.44325311, 38716760.018050596, 35942151.57013577, 35442996.9187916, 36711073.72311737, 34747340.03625726, 39175903.77559079, 35719950.65495148, 34962219.99479724, 33745934.26710117, 33918017.59312592, 30965693.60093052, 37172998.585874744, 31391402.180797625, 32371339.59084649, 33514482.752690665]
[36159689.46260864, 36030207.957183674, 36323772.38907052, 32700722.124788802, 31551397.930454753, 33237277.75439604, 37164998.77654548, 38105495.493079945, 34938099.97252278, 35936679.8989969, 36213398.59620105, 33349993.00980719, 35758991.0653107, 36060157.21574955, 35217817.28223357, 36907251.37877105, 35470636.44147411, 38074997.4830837, 40335427.95590803, 35287565.27347924, 32093474.588172384, 37125504.321103215, 44138413.61228491, 38514077.616007075, 35301412.81265582, 34907063.39965765, 39190182.33238255, 36373140.742884, 36240303.213615134, 33261263.25638027, 36348123.064417414, 35103366.72522086, 32444751.21255517, 32274250.781184338, 34284332.849949494, 38358495.38251318, 35942151.57013577, 33692855.66673777, 36388057.57105003, 34075561.18629606, 39175903.77559079, 35609396.04932575, 34962219.99479724, 33004873.45998144, 33619322.49702455, 30965693.60093052, 36466945.418789946, 31213070.697906315, 31357406.506619226, 33514482.752690665]
[36159689.46260864, 35868055.937335216, 36323772.38907052, 32700722.124788802, 30905074.397643894, 31871103.54793808, 37074979.668850355, 37828992.906162076, 34734530.563149884, 35350341.82638414, 36081460.560409516, 33223948.619242795, 35758991.0653107, 36060157.21574955, 34495497.226235226, 36907251.37877105, 35113141.122877136, 38074997.4830837, 39631292.72011475, 35287565.27347924, 31866796.221978348, 36446029.21665018, 43129071.12321965, 38514077.616007075, 35035178.918879285, 34711887.15104066, 39190182.33238255, 36269980.15801171, 36121708.611827366, 33261263.25638027, 35358971.59907042, 34784871.58650553, 32168784.916113812, 32274250.781184338, 33926970.767066695, 37808099.952359095, 35666725.99731574, 32928167.627820134, 36019103.707533516, 33957852.41334842, 39022781.91206346, 35609396.04932575, 33922167.69977627, 33004873.45998144, 33120843.054683723, 30830033.453541756, 36065384.35971372, 31213070.697906315, 31212822.650520764, 33514482.752690665]
[35777417.50398127, 35643763.045221016, 36279806.805795126, 31764986.17147957, 30545750.69846291, 31073992.667483915, 36875127.14954452, 37717588.36980794, 34734530.563149884, 34604483.3749538, 35739075.33622828, 33071785.133532457, 35742549.90508034, 36060157.21574955, 34142640.994023025, 36907251.37877105, 35113141.122877136, 37961740.59969298, 39158110.97092003, 35050687.96905024, 30885736.81042592, 35998181.1097821, 41843300.983428895, 38193001.044760704, 34098037.05742465, 33896482.63281123, 38624112.31017869, 36269980.15801171, 35943995.642603464, 33261263.25638027, 35050300.26381346, 34683414.521401525, 30960548.84519943, 32274250.781184338, 33757621.96974928, 37679542.64851595, 35666725.99731574, 32843312.508688938, 35492705.46906212, 33836993.43570681, 38873701.39291785, 35554371.80496965, 33199997.601904817, 32591847.21751224, 32230557.06615703, 30379837.58169943, 35617439.46459849, 31175478.29945389, 31116298.927361894, 33514482.752690665]
[35620306.829151586, 35389724.8801374, 35906837.54775547, 31157471.120931108, 30458563.142107975, 30714933.709819127, 36594071.47261144, 36989681.06051823, 33659828.92337266, 34300997.26976618, 35337621.34483473, 32326652.62048567, 35391819.62504906, 36060157.21574955, 33317701.3071083, 36878338.5028677, 35113141.122877136, 36448670.58733846, 39068854.052618094, 34994713.245910466, 30885736.81042592, 35853199.62467037, 41657498.793816164, 37034046.77334549, 33370716.767001975, 32862494.101219106, 37467069.88007362, 34319390.646980174, 35713057.79689954, 32957075.858227096, 35050300.26381346, 34519959.83779865, 30960548.84519943, 31999931.29954075, 33726277.02932776, 37679542.64851595, 35113165.55000068, 32390323.43615024, 35492705.46906212, 31750790.258659422, 38873701.39291785, 34908558.90538277, 33042663.145004116, 32144563.93593204, 32042242.940147698, 30283719.967832744, 35549710.17041263, 31175478.29945389, 30558777.58762772, 33339884.031456538]
[35078826.72713765, 35389724.8801374, 35906837.54775547, 31060477.97376567, 30421372.07960052, 30549614.506456085, 36425426.62212464, 36989681.06051823, 33273736.877753098, 33510845.63931009, 35337621.34483473, 32027970.050970443, 35165835.11746824, 35901861.76961521, 33179706.47981461, 36878338.5028677, 34736507.419937074, 36448670.58733846, 38675996.96298521, 34784312.733773865, 30867483.58728712, 35853199.62467037, 41501572.35814681, 36517098.02740217, 33094251.469249833, 32267463.278488673, 37391369.88256845, 34319390.646980174, 34512217.91130228, 31978809.39795196, 34983695.6972775, 34519959.83779865, 30960548.84519943, 31167236.60289405, 33504838.599126834, 37232060.95366918, 35113165.55000068, 31954332.227645874, 35399218.834792994, 31385036.051281363, 38688221.82469468, 34908558.90538277, 33042663.145004116, 31978075.27145073, 30961677.117055465, 29722516.985092454, 35549710.17041263, 30830420.74048362, 30326630.324833788, 33235292.686461497]
[34572819.381103784, 35291290.920668654, 35906837.54775547, 30916501.092659194, 30421372.07960052, 30434203.29539563, 35717410.6613353, 36276418.0678377, 32987860.044220608, 32903370.16132043, 34582144.48614242, 31906147.59597693, 35165835.11746824, 35198580.09190558, 32584309.50433155, 36878338.5028677, 34288628.18590467, 36146422.99405364, 38068904.543312095, 34360809.74535914, 30824133.114044636, 35227908.04649707, 41071578.41264274, 36331400.62952231, 33094251.469249833, 32209970.584869456, 36706530.89090569, 34319390.646980174, 33978499.28106068, 31717919.522793643, 34983695.6972775, 34150132.26516332, 30797904.234249454, 30384971.751402546, 33329373.73455732, 36917295.532300286, 35019447.17240942, 31408868.195100226, 35399218.834792994, 30400594.135379337, 38269943.65943332, 34307275.547033556, 32119048.10892147, 31850388.259288035, 30886638.315426446, 29527949.281444985, 35538691.03896701, 30645585.081517838, 30263178.886507142, 32850195.002593357]
[34187019.44503926, 35260219.54700702, 35174042.53482248, 30874900.242245484, 30421372.07960052, 30086638.68769174, 35717410.6613353, 35776126.18457522, 32710472.033743553, 32903370.16132043, 34582144.48614242, 31734779.12137606, 34797959.683178976, 34986077.03336793, 31802496.941346955, 35709450.14315303, 34193667.32293494, 35708833.08670287, 36930894.64066522, 34357533.594439454, 30561713.46488467, 35227908.04649707, 40827901.69974295, 35795208.74576845, 32450602.57397429, 32209970.584869456, 36436910.65441541, 34319390.646980174, 32833814.835250974, 30507249.2216636, 34983695.6972775, 33674905.56706293, 30674297.157196082, 30384971.751402546, 33188803.161571156, 36564874.77745192, 35019447.17240942, 31408868.195100226, 35240193.00188706, 30362008.885692667, 37745277.403632775, 34005280.53279134, 31929299.82308398, 31430261.474188387, 30202047.7222852, 29527949.281444985, 35303255.28638893, 30645585.081517838, 29573239.69539488, 32822891.21763297]
[32724538.23095553, 33866214.350338325, 34616414.20797254, 30834793.984065473, 30410155.556792945, 30086638.68769174, 35484487.31159667, 35776126.18457522, 30990066.343286812, 32454621.920106567, 33907236.0812415, 31734779.12137606, 34164628.49790285, 34734296.656788364, 31653471.205683548, 35581859.81805585, 34065481.55594659, 35708833.08670287, 36601820.98027172, 34154064.85123062, 29988762.299850624, 35041748.31348984, 40605034.376339935, 33802207.46291195, 32320693.899775326, 31823392.053658277, 34829290.17675601, 34036466.00861253, 32812500.66621395, 30507249.2216636, 34853118.48757803, 33674905.56706293, 29774877.617919743, 30099011.943847157, 33024036.98188346, 36108651.96549286, 34468979.13959067, 30929258.625406336, 33788938.024193846, 29013798.27580604, 36913873.197188735, 34005280.53279134, 31929299.82308398, 30787263.885997914, 29829742.235767864, 29527949.281444985, 34791616.853253536, 30415454.18859276, 29552329.210576586, 32429273.3767441]
[32479361.487463288, 33116793.79334681, 34505646.86238796, 30692741.9358595, 30360571.10552306, 28988683.056896962, 35300953.40296886, 35664252.61960103, 30990066.343286812, 32158465.484649874, 33907236.0812415, 31573166.926399283, 33217641.594561838, 33082741.057246, 31525484.467494838, 34924327.69319199, 34065481.55594659, 35203024.75615112, 36465308.1722267, 33589948.90939955, 29734131.594554216, 34265330.74275336, 39824325.30578673, 33638146.91876863, 31990994.492563527, 31710238.293123417, 34829290.17675601, 33697765.18219979, 32414367.59752161, 30503572.319448788, 34853118.48757803, 33617749.586722165, 29398535.264662553, 29915233.013249416, 32929659.887089364, 35050310.551128596, 33832114.17680902, 30461302.628897764, 33626298.66047335, 28724603.041485954, 36480433.156659104, 33853407.52524227, 31241967.961627193, 30432583.897248466, 29660753.640265573, 29527949.281444985, 34784273.736566745, 30357116.58107724, 29337921.19290935, 31495204.142864566]
[31750884.24030173, 33023694.28475936, 34227897.26260397, 30373977.6441653, 29687607.66578629, 28734781.39493675, 35300953.40296886, 35435157.16055364, 30990066.343286812, 32158465.484649874, 33414718.24099358, 30846348.178945374, 33189802.80159085, 32583423.982132964, 30592413.01026555, 34390851.75910709, 33723481.410160914, 34457302.177501515, 35850440.83423109, 32454532.280128766, 29052761.205634743, 34126824.0210831, 39310622.627613425, 33637429.346701525, 31250114.396088786, 31564026.50109107, 34095778.33603, 33357610.738722377, 31870085.989970036, 30227794.013549216, 34675163.82528006, 33595132.00805904, 29045598.557745356, 29915233.013249416, 32256434.704777718, 35050310.551128596, 33769075.444954455, 30216587.41062343, 33067920.013908826, 28671109.501854043, 35851656.38705869, 33818296.22960595, 30777548.31566578, 29592562.824566655, 29660753.640265573, 29527949.281444985, 34075811.28700081, 30241763.163714677, 28911403.335617997, 31140008.962542932]
[31122949.93038438, 32850971.706063606, 33712886.50699747, 30116212.206541337, 28447779.91196583, 28647934.84510805, 35300953.40296886, 35226663.134902425, 30695534.98019259, 32018587.38255014, 33287822.325511634, 29750926.199018307, 32259541.670319587, 32281966.602577932, 30592413.01026555, 34390851.75910709, 33278060.857595958, 33991053.61109471, 35850440.83423109, 32454532.280128766, 28886084.28546121, 34075186.16671901, 38641934.02317681, 32914965.83845242, 30344468.21590494, 31545301.500499595, 34095778.33603, 33080471.588441484, 31605630.117212795, 29627130.79009068, 34675163.82528006, 33076984.859604873, 28826364.374521546, 29043533.753309824, 31338668.74040262, 35018427.26536946, 33769075.444954455, 30045675.29332573, 33067920.013908826, 28279490.921944905, 34184094.6391627, 33192620.101815294, 30681547.605942845, 27670475.15329445, 29613255.92870885, 29383143.015226204, 34075811.28700081, 29291718.714827232, 28568969.585755713, 30175859.43229534]
[30946667.81841157, 32850971.706063606, 33069531.01998169, 30014244.05201885, 28226971.36734984, 27672520.707125805, 34999982.91970686, 33774492.97394561, 30642959.40748004, 31622544.549816478, 32965582.667249035, 29359187.687677585, 31866496.964785285, 32073584.240985803, 30592413.01026555, 34057105.33948791, 33133669.521747477, 33484700.91139809, 35450098.79294701, 32393331.70201735, 28651183.936779182, 34075186.16671901, 38641934.02317681, 32750343.648816586, 30057398.6605124, 31155929.598508798, 32796994.88494023, 32615980.69860061, 31270316.9244527, 29367433.64677111, 34642510.28801806, 32995060.923853803, 28330538.406373166, 28570561.34457053, 30999763.37483851, 34459380.97976774, 33228841.451071948, 30025248.719306193, 32973448.484076053, 27892368.54365074, 33165753.06799947, 33141523.807593126, 30451749.281236656, 27624098.60443654, 29613255.92870885, 28144396.695839774, 33743986.53312545, 28427646.83652855, 28443123.480469722, 29821640.604246836]
[30807733.63583635, 32188102.64355105, 33068866.35573403, 28721823.673497874, 28010348.534582734, 27462076.538827974, 34644692.92152238, 33645882.96092044, 29611731.509168964, 31612656.02797083, 31990319.45390488, 29274013.463883895, 31717611.445239495, 32073584.240985803, 30592413.01026555, 33523883.83417219, 32482281.311463267, 33429049.327037834, 34979963.070576146, 32098092.941581417, 28308796.098074693, 33930475.12772035, 38575015.47168654, 32568668.766435444, 29102554.802972097, 31053038.87868275, 31976342.54530617, 32424184.683178503, 30926781.411765683, 29367433.64677111, 33854323.779096305, 32995060.923853803, 27622103.119504593, 28285376.07867552, 30387852.578183692, 34199519.96137929, 32343208.46220227, 29717217.636761952, 32625390.794358123, 27892368.54365074, 32592345.755623184, 33141523.807593126, 29975693.976223283, 27458785.4689371, 29118505.234267104, 27750748.49482928, 32879194.202933706, 28330042.38068525, 28229332.723168753, 28786053.847117167]
[30394799.23386454, 31100432.493043482, 31593948.710943826, 28518688.024268083, 27230446.615253903, 27019826.94282841, 34644692.92152238, 33645882.96092044, 28239166.4329859, 31077991.524285547, 30932722.92177046, 27325707.59574436, 31323049.608952004, 32073584.240985803, 29994199.54747777, 33523883.83417219, 32430270.55205221, 33429049.327037834, 34222050.12456388, 31983987.512261797, 28212992.989555985, 33726335.78656402, 38575015.47168654, 32531385.630850278, 28494107.01326088, 29839479.23505802, 31718479.972085636, 31984564.852380432, 30224019.145307947, 28152546.79180498, 33854323.779096305, 31993982.672837377, 27311670.98377015, 28221800.30628445, 29663255.509212572, 33849567.07377611, 31491218.09408909, 29305294.700111944, 32625390.794358123, 27196198.17908281, 31776473.94786762, 33026559.449512165, 29681964.787238546, 27458785.4689371, 29118505.234267104, 27289242.423737653, 32847724.480336864, 27460087.625037026, 27669803.35399561, 28786053.847117167]
[30394799.23386454, 31100432.493043482, 31505702.71778216, 27464079.886354446, 27230446.615253903, 26022879.268607724, 34564493.353606634, 32832838.77219131, 28183931.85026703, 31077991.524285547, 30932722.92177046, 26493098.457226936, 31323049.608952004, 31973886.447224133, 29994199.54747777, 33523883.83417219, 32119780.872834027, 32792540.910239805, 33545374.142526366, 31778828.636286013, 28212992.989555985, 33068303.50139743, 38387673.35877438, 31317339.207820095, 28281707.22143669, 29078742.44353667, 31557857.58042456, 31596915.74290072, 30021763.739039637, 27953599.682083167, 33469140.798299678, 31838080.946186125, 27311670.98377015, 28144681.166267615, 29065013.93095109, 33849567.07377611, 30822825.94518264, 29078790.085617714, 31602275.616325177, 27196198.17908281, 31372602.560815476, 33026559.449512165, 29681964.787238546, 27457394.785760276, 29093462.34241431, 27225013.120613076, 32377529.1126974, 26897493.71342668, 27640685.6925761, 28423189.598635383]
[29971808.249148298, 30736501.84583159, 30967822.660673387, 27464079.886354446, 26416425.289480977, 26022879.268607724, 33847563.03317373, 32832838.77219131, 27770318.048988603, 30523536.47794894, 30146321.229857277, 25933738.560319886, 31204891.571757473, 30737540.753543794, 29473119.800707925, 33523883.83417219, 31541619.929744773, 32755405.256721538, 32517744.66848718, 31698366.3422352, 28153254.64902734, 33003880.653056413, 37936366.51162249, 30480272.528723262, 27981540.101890266, 29078742.44353667, 31552785.045068853, 30791862.151028216, 29898158.77531724, 27327227.378202, 32700429.932661097, 31528736.30558027, 27024929.15508051, 27908907.19608007, 28906882.480563354, 33150814.63531487, 30621414.4175362, 28833389.814896356, 31583142.020479493, 27196198.17908281, 30690221.084622703, 32716726.355125267, 29355964.928504564, 27346873.397910815, 28705283.182664763, 27002115.969720162, 32377529.1126974, 26079089.684741717, 27037116.736477293, 28423189.598635383]
[29971808.249148298, 30457423.272305362, 29803754.356029898, 26725941.030965153, 26389021.569792606, 25700236.97100732, 32646539.077360623, 32832838.77219131, 27035555.32081415, 30137520.605817407, 29903086.807958107, 25913075.437731642, 30393058.78630752, 30737540.753543794, 29473119.800707925, 31868629.410271734, 31505751.90440627, 32497296.150268357, 32517744.66848718, 31431480.501600422, 28092856.35340684, 32735287.10983234, 37936366.51162249, 30449631.927982796, 27492944.25620509, 29078742.44353667, 31552785.045068853, 30677067.46092541, 29898158.77531724, 26986538.99910879, 32700429.932661097, 31227370.158594143, 26708350.611174632, 27891080.9778592, 28871858.54597662, 33150814.63531487, 30384989.701454062, 28780240.604891043, 30675396.531678222, 26899373.573705025, 30190866.30234269, 32211231.801107068, 28176873.72300154, 27346873.397910815, 27957619.890803806, 27002115.969720162, 31825910.583453644, 25593298.62719054, 26816875.362297345, 27955015.405522216]
[29818494.154977154, 30457423.272305362, 29803754.356029898, 26622236.53076417, 26179847.62398259, 25656071.13629447, 32646539.077360623, 32121066.20366318, 26629979.053727157, 29846428.36150112, 29650673.225983422, 25872548.317389715, 30114911.481099557, 30210367.25810352, 29473119.800707925, 31635983.17683056, 30968900.60208478, 31014682.688468207, 31971298.839164723, 31431480.501600422, 27774066.033050798, 32600907.745749276, 37895517.84648745, 30449631.927982796, 27124022.389998384, 28421201.156401187, 31087845.974123992, 29798267.732990384, 29682424.98205475, 26865041.79566788, 32320068.091271855, 31115391.144690633, 26465002.568394985, 27355324.564507645, 28769101.815167435, 32546416.127984393, 30384989.701454062, 28021064.276972502, 30230474.27883009, 26785968.118394226, 29136669.931591373, 31861613.41157899, 27790101.360882558, 27307224.045264702, 27957619.890803806, 27000970.00707792, 31825910.583453644, 25283585.423285402, 26816875.362297345, 27955015.405522216]
[29324989.76668192, 30457423.272305362, 28513035.6043038, 26476898.82466904, 26179847.62398259, 25482864.274429563, 32452035.107609935, 32083833.047017355, 26386313.835807487, 29269949.04445331, 29650673.225983422, 25872548.317389715, 30114911.481099557, 30210367.25810352, 29381059.204037823, 31635983.17683056, 30828959.70582827, 30940913.730277568, 31642389.311197065, 30689553.778146464, 27436316.919074267, 32164245.90862445, 37500269.42648702, 30438335.005212426, 26867978.772725694, 28019878.929663908, 31022708.53604423, 29798267.732990384, 28659889.58209505, 26402770.0048962, 32156120.87724039, 30871620.48223735, 26465002.568394985, 27123693.980898224, 28463634.13584463, 32546416.127984393, 30384989.701454062, 28021064.276972502, 30155156.358561732, 26785968.118394226, 29136669.931591373, 31462545.709758073, 27538087.630289577, 27307224.045264702, 27883991.290550105, 26600553.130542904, 31369733.147332408, 25034138.111389272, 26700370.451003235, 27480271.332494885]
[28800329.462049734, 30107712.65284028, 28268110.085980553, 26301457.679701857, 26179847.62398259, 24762415.215255283, 32415195.10383588, 31437013.717973493, 26386313.835807487, 28812363.9261788, 29650673.225983422, 25847894.35538637, 29920622.170588188, 30210367.25810352, 28014274.380367957, 31580344.334755003, 30828959.70582827, 30696482.907413095, 31418038.56309374, 30036236.80513081, 26681132.910561357, 32164245.90862445, 35952106.55067645, 30438335.005212426, 26599110.193906467, 27756645.602800913, 31022708.53604423, 28884227.189205427, 28476009.90093233, 26033521.072585233, 32129354.53625049, 30570523.151455592, 25996170.26237222, 26581329.865925368, 28217909.924460392, 32400059.495842736, 30384989.701454062, 27821874.32388655, 28532581.247687303, 26785968.118394226, 28556019.761003833, 31462545.709758073, 26887449.516375553, 27307224.045264702, 27529522.67624885, 26467099.842696276, 31369733.147332408, 25034138.111389272, 26370325.34516198, 26923423.69663273]
[28703879.741594832, 30107712.65284028, 28149153.267919548, 25869330.41368905, 25858232.270256575, 24523690.395049445, 32142317.888580758, 30805585.162623625, 25655081.50071106, 28065965.873870213, 29650673.225983422, 25618780.409389615, 29748564.759222, 30030365.735702146, 27941668.857130934, 31055077.40902338, 30828959.70582827, 30696482.907413095, 31376647.145326536, 30036236.80513081, 26591036.647397634, 31650106.280555017, 35384188.26071602, 30162055.578059398, 26599110.193906467, 27756645.602800913, 30998683.608125973, 28884227.189205427, 28476009.90093233, 25899582.30593092, 31789527.481112875, 30570523.151455592, 25996170.26237222, 26475652.883154713, 28137770.962045908, 32279842.42735361, 30000686.458503675, 27480549.283143513, 28351444.848615624, 26383126.26687875, 28380477.878438227, 31092143.668663252, 26594732.668539863, 27304822.38931933, 27203872.135706432, 26037527.950344265, 30564615.61294613, 24636457.00159993, 26358428.283531055, 26400638.47789099]
[28136224.596375816, 30107712.65284028, 28149153.267919548, 25537182.9289323, 25858232.270256575, 24523690.395049445, 31795694.104145557, 30048643.289828736, 24182377.99539695, 28065965.873870213, 29650673.225983422, 25439968.620289225, 29665959.490369417, 29573558.220535953, 27563613.022787906, 30920777.604621105, 30696153.322301727, 30553187.957323857, 31063582.952802174, 29810269.91181277, 25928046.214180447, 30771776.83549891, 35158954.069299616, 30013972.087344874, 26599110.193906467, 27536310.482191414, 30727239.318741657, 28813176.7970304, 28195654.54376185, 25840095.601126686, 31686669.47151963, 29932904.248347603, 25996170.26237222, 25999498.79890841, 28137770.962045908, 32279842.42735361, 29938364.156574737, 27088881.18086791, 27673861.036915325, 25914993.84078604, 27927060.466650914, 30701643.489741076, 26387176.396768767, 26733552.110621043, 27203872.135706432, 25210575.109634735, 30094429.83410392, 24636457.00159993, 26253349.092647456, 26027393.305295162]
[28032074.298942, 30107712.65284028, 28061715.373149715, 25207115.243930794, 25558862.081365347, 24492194.44922879, 31395088.237222068, 29392188.642185945, 24083837.60186794, 27937029.479893148, 29598711.185337834, 25439968.620289225, 29317169.1061114, 29279014.955229707, 27563613.022787906, 29542560.944326155, 29223702.93766913, 29978484.8122482, 31040402.569022585, 29715389.774305284, 25928046.214180447, 29558447.785140045, 34357156.66995064, 29371395.203581057, 26599110.193906467, 27472045.692561418, 30727239.318741657, 28523035.470006555, 28130596.841275293, 25697428.03700764, 31003192.956555136, 29932904.248347603, 24868661.068679243, 25337047.29372001, 27908959.570316702, 31406662.73356372, 29434440.201251805, 26441282.008486085, 27673861.036915325, 25848503.949323904, 27454135.945651013, 30130354.702834584, 26118737.59329651, 26733552.110621043, 26853817.56746916, 25210575.109634735, 29361125.563749243, 23805196.89452907, 26205927.306757107, 26027393.305295162]
[27612785.863098394, 29182105.89049626, 28061715.373149715, 24791340.274643168, 25558862.081365347, 24082512.695175976, 31007465.865231644, 29048263.729225557, 24083837.60186794, 27937029.479893148, 29073060.49994449, 25349002.03489308, 29271269.372656733, 29179722.14336719, 26532562.376888454, 29377010.352589287, 28293335.112747986, 28916325.743252505, 31040402.569022585, 29414582.987836707, 25928046.214180447, 29240353.887362827, 34182907.78757456, 29371395.203581057, 26377195.325994287, 27058212.08501929, 30697540.67331766, 28484787.41843288, 28130596.841275293, 25612283.80317656, 30631987.86999916, 29244203.888958145, 24868661.068679243, 25337047.29372001, 27224726.68656223, 31406662.73356372, 29034721.273541473, 26337815.727547325, 27247918.821572255, 25782838.275205504, 27275168.87822467, 28989706.050364982, 26082942.49166329, 26204455.190713722, 26474435.289213464, 25085606.885533635, 29361125.563749243, 23298523.95309274, 25919279.213823326, 25833327.102189768]
[27091943.882769138, 28830170.60105174, 27758390.387806915, 24674053.756321486, 25054853.46180221, 24078910.466724526, 30174243.99673437, 28999213.053468652, 23994481.7033465, 27937029.479893148, 28391901.067048036, 25349002.03489308, 28681806.432842463, 28830942.25547238, 26532562.376888454, 28434436.167603064, 27951273.22888891, 28847391.1576222, 29537553.271196596, 29414582.987836707, 25784069.195530318, 29240353.887362827, 33717489.22774984, 28522618.895207744, 26284508.175492503, 26480266.56655152, 30636050.271612547, 28405020.49118238, 27824597.791674297, 25548586.932067282, 29925749.01195214, 28862758.989899058, 24328501.43253005, 25337047.29372001, 27099982.044447713, 31406662.73356372, 28570072.724104434, 25962451.263311926, 26845756.299857676, 25745877.491290513, 26588074.034195293, 28845654.247648288, 26082942.49166329, 25883720.805477295, 26358889.041927047, 24008375.47148501, 29122817.35061861, 23260328.38770744, 24556124.551857192, 25433479.051218003]
[27006115.644693214, 28830170.60105174, 27295640.960808814, 24368871.622403443, 25054853.46180221, 23643947.707149707, 29892137.586250417, 28654615.748915326, 23994481.7033465, 27906149.60817497, 27400573.878106534, 24918443.895216055, 28204721.192608565, 28256950.89187395, 26358060.801989187, 28409842.412249, 27127890.418667544, 28411556.54158579, 29537553.271196596, 29003967.927202296, 25139342.658360705, 28597558.513064135, 33646317.56514607, 28187163.228496015, 25789585.429969974, 26305160.28161674, 30068434.282268234, 27928465.360770065, 27169930.862169884, 25516910.22580905, 29847408.580201298, 28507386.001326643, 24328501.43253005, 24791824.79080259, 26916384.264709484, 31258783.548546117, 28109848.25110393, 25688530.78098292, 26801043.32189957, 25431835.807217933, 26508295.814522725, 27731161.283407282, 25843542.678802498, 25422039.629604, 26099155.755621843, 23770580.704335112, 28685464.345556617, 23223812.47909282, 24435665.839406174, 25282386.499330223]
[26285347.532356005, 28830170.60105174, 27295640.960808814, 23992710.227576308, 25034376.648787823, 23616429.510699917, 29702296.412138008, 28294132.02627948, 23994481.7033465, 27792827.2039465, 27400573.878106534, 24918443.895216055, 28136718.646257035, 27524558.71630776, 26198012.358235464, 28318881.95225221, 27123894.193103135, 28342471.962991416, 29321259.156449087, 28748397.654910903, 25005510.34356191, 28136957.831065647, 33012348.62886421, 27859472.737286128, 25203515.471077297, 26196069.15924554, 29411258.971327167, 26962183.735921174, 27169930.862169884, 25516910.22580905, 29589731.253967393, 27965635.811206244, 24104125.509317312, 24791824.79080259, 25670551.046533965, 30738986.932175875, 27754075.447952487, 25002977.158475168, 26801043.32189957, 25431835.807217933, 26215323.696796387, 27576682.74238368, 25831478.948611073, 25177472.948203474, 26089471.55758697, 23770580.704335112, 27838067.733288907, 22180277.602874298, 24214626.80387499, 25191932.683108248]
[25541332.937181164, 28300653.795443535, 26661625.647576056, 23992710.227576308, 24999663.634283107, 23483611.37245543, 29702296.412138008, 27974324.10781017, 23940030.424203638, 27792827.2039465, 27296162.86300195, 24362130.59051808, 27786722.371301956, 26668607.34837523, 26198012.358235464, 28318881.95225221, 26785224.521241885, 28144372.73518035, 29237730.892295588, 28078254.82118507, 24778467.511361115, 27649385.170723848, 32974723.325122513, 26808939.23577398, 24933546.61863305, 25503771.58713519, 29411258.971327167, 26932509.935716283, 26631403.641209193, 25433003.475396685, 29359024.53604576, 27687981.06069818, 24104125.509317312, 24791824.79080259, 25282595.816804446, 30247610.45012911, 27754075.447952487, 24664414.23022411, 26531404.834744003, 24729043.924566384, 26215323.696796387, 27347284.172767293, 25819257.176346343, 24278186.69408972, 26015665.686406888, 23587676.13169465, 27684229.173292734, 22180277.602874298, 24172033.549319483, 25191932.683108248]
[24892120.436551396, 28226086.53460318, 26661625.647576056, 23525877.22544273, 24940804.76376482, 23483611.37245543, 29405420.516442664, 27304803.157646656, 23729119.816043757, 27792827.2039465, 26094407.288969405, 24308410.67580532, 27786722.371301956, 26668607.34837523, 25485309.091295782, 28070987.235618133, 26656634.571205072, 28144372.73518035, 29226969.252469152, 27498331.72034868, 24746019.170670338, 26912788.395249087, 32818047.193152864, 26808939.23577398, 24933546.61863305, 25400135.626380652, 28635999.65952894, 26932509.935716283, 26486362.047391772, 25202732.548803348, 29332721.43792463, 27687981.06069818, 23802482.978609674, 24781989.81269128, 24671877.78184151, 28984321.808647953, 27526292.675520577, 24563641.183207948, 26257484.292973544, 24463280.612768907, 26170782.200129617, 27244147.55946877, 25819257.176346343, 24049025.710775536, 25495932.37349637, 23151148.599391866, 27324943.662617326, 21867989.728884924, 24025988.985989045, 24837607.044407997]
[24750546.947886024, 28026200.692574184, 26661625.647576056, 23458507.56682537, 24471183.66554167, 23299209.193638574, 28481653.58914382, 27242865.289503194, 23613801.55275637, 27606204.92220086, 26094407.288969405, 24279439.43515075, 27786722.371301956, 26522037.76323762, 25131353.992430903, 27112203.1253529, 26197735.569086958, 27237787.317293353, 28772188.98728779, 27240240.70056829, 23445506.319753926, 26510588.896264724, 32301337.892407395, 26031128.838747997, 24378367.95914895, 25281184.156014673, 27861551.545154355, 26932509.935716283, 25927963.607144967, 24983664.78591177, 28739347.25900411, 27385672.230894797, 23715231.295185257, 24424659.496873237, 24605584.92258882, 27663024.509326357, 27526292.675520577, 24563641.183207948, 26257484.292973544, 24463280.612768907, 25665523.780576177, 27244147.55946877, 25810490.38485632, 24049025.710775536, 25347005.91468741, 22905695.773941554, 27095749.33391742, 21867989.728884924, 23830313.212655224, 24704265.113934744]
[24741116.05679384, 28026200.692574184, 26543917.10805159, 23092107.10397341, 24471183.66554167, 22799579.13171331, 28451731.600586694, 27242865.289503194, 23352923.964303367, 26924274.032118957, 24879353.146959312, 22947900.83206279, 27550173.68729669, 25664758.83788536, 24889871.229559664, 27112203.1253529, 25878037.936081074, 27011939.341228325, 27998971.900369413, 27029659.891634166, 22973270.34767908, 26480645.850592054, 31913428.625890423, 25611960.189671617, 24367376.05120614, 25271308.678224258, 27520265.192763835, 26777628.991363697, 25911575.411704406, 24494406.820534524, 28739347.25900411, 26889496.93056182, 23514797.103261538, 23900045.45838146, 24462026.772800926, 27427448.757018883, 27526292.675520577, 24379775.59332446, 25777751.12034995, 24432256.61519765, 25070466.86733233, 27244147.55946877, 24860495.729394924, 24049025.710775536, 25123785.308238737, 22862647.911830824, 26720372.827514283, 21653850.33994992, 23045334.993419584, 24704265.113934744]
[23675220.693512924, 27052946.740818273, 26198465.222440947, 22365318.217751443, 24075041.35319575, 22799579.13171331, 28098437.12639218, 26908615.253652703, 22950714.992279246, 26924274.032118957, 24879353.146959312, 22667530.71860844, 26545697.334523074, 25664758.83788536, 24710331.97842043, 26771466.0806408, 25878037.936081074, 26686140.331813227, 27998971.900369413, 27029659.891634166, 22637712.460637707, 26265528.308608748, 30944226.30012251, 25219993.625486486, 24273630.902437337, 24594227.216183096, 27382962.129875533, 26600031.881273936, 25505880.70475615, 24282515.87312672, 28739347.25900411, 26416195.25497242, 23032422.03100758, 22916722.49490005, 24366673.74521717, 27077748.13111022, 27457357.260972045, 24379775.59332446, 25494413.25680685, 23316347.139296535, 24991463.572582893, 27010160.08985325, 24432113.935034283, 23688417.052536212, 25061075.954877883, 22668826.537104495, 26198660.96862576, 21450438.000105947, 22502686.014609896, 24165619.052998126]
[23675220.693512924, 26726207.40402482, 26090832.35615375, 22022656.12674766, 23586505.66499874, 22793645.09824653, 27345843.553019643, 26833243.00913266, 22950714.992279246, 26214416.228161693, 24875995.796400495, 22399024.369776197, 26079164.558431067, 25485169.361019336, 24125227.168710936, 26447149.533470638, 25771625.077017337, 26534784.981333014, 27998971.900369413, 27029659.891634166, 22350858.475983776, 26265528.308608748, 30678419.90852037, 25219993.625486486, 24210475.45535273, 24594227.216183096, 27340215.605121695, 26600031.881273936, 25283977.67268046, 24108476.876029547, 28269835.92129519, 25708840.288242243, 22562962.558566924, 22905314.232489433, 24134646.817311905, 27075948.99058066, 26906392.571436547, 23933756.97978161, 25206994.087328095, 23316347.139296535, 23895722.661304887, 27010160.08985325, 24339418.88129679, 23557497.27312798, 24581828.118360844, 22624434.997039888, 25937108.091395132, 21373161.07469358, 22374829.315578073, 24070667.744819574]
[23675220.693512924, 26559864.83554759, 25202153.48405882, 21716498.264909245, 23366687.05174777, 22738096.382469382, 27345843.553019643, 26428030.77175504, 22699677.35546776, 26214416.228161693, 24782064.359179545, 22399024.369776197, 25490457.633409012, 25408845.411875106, 23389712.99538198, 26394846.518784396, 25771625.077017337, 26289283.64135455, 27906067.48925807, 27029659.891634166, 22325464.408844758, 26265528.308608748, 30009179.221391827, 25219993.625486486, 23089520.246200304, 23935947.935258053, 27265815.326542098, 26486310.837270748, 25170816.6810184, 23969432.2347525, 28128736.878242992, 25708840.288242243, 22562962.558566924, 22357061.3840139, 23924929.449336294, 26726655.688481733, 26363357.171503227, 23836737.629558377, 23962330.48980388, 23181179.14082515, 23698289.466372676, 26198328.521846157, 23796558.809614886, 23454358.32657739, 24087164.459297303, 22061089.183163997, 25118958.458119396, 21373161.07469358, 22298053.854277212, 23980167.622609414]
[23358086.627363965, 26381437.967672274, 24439303.210638527, 21447501.595527027, 23187193.228741657, 22476075.55652231, 26802798.810700413, 26305716.585932273, 22339401.92581954, 26214416.228161693, 24650412.943757366, 21908764.535041828, 25490457.633409012, 25261903.638745345, 23389712.99538198, 26229708.66711866, 25627198.585551202, 26263561.576054215, 27823927.678589486, 25942587.139311314, 22203424.517625622, 25628984.33846619, 30009179.221391827, 25119983.379464757, 22820969.94618077, 23919196.271993317, 27079042.56070579, 26216933.754084576, 24549780.701356284, 23803081.761248883, 28128736.878242992, 25708840.288242243, 21807405.158004917, 22173017.132005677, 23924929.449336294, 25672147.686461434, 26129879.675368972, 23690849.513932418, 23962330.48980388, 22975703.251109045, 23347861.897821806, 26099726.99701973, 23796558.809614886, 23454358.32657739, 23855209.02837281, 21624139.488129593, 24747701.039947044, 21347630.50008655, 22298053.854277212, 23878819.693048656]
[23358086.627363965, 26214669.73188903, 24367887.82054524, 21447501.595527027, 22606662.805830337, 21913158.946228597, 26802798.810700413, 26305716.585932273, 21324223.191351738, 26100655.91605202, 24650412.943757366, 21683471.4160425, 25184802.45612494, 25055154.70746785, 23389712.99538198, 26189007.80532644, 25584032.69280044, 26159234.330789194, 27010580.8267529, 25067427.107485823, 22016650.0776123, 25419992.526956867, 30005900.099297546, 24838127.795272183, 22310579.77641936, 23896790.058419824, 26953002.751976065, 25581501.275062095, 23781600.767455038, 23336573.85586767, 27493074.753905386, 24440630.943195775, 21570852.211660895, 22109114.986706857, 23924929.449336294, 25672147.686461434, 25848327.373697, 23141247.159734335, 23922834.125081398, 22618452.46530118, 22995949.47139322, 26034811.627904132, 23568530.806397103, 23279078.27215344, 23394072.43026733, 21558948.41572943, 23759590.12586248, 21076618.568984278, 22298053.854277212, 23663798.659473628]
[22101681.002227258, 25744650.300345335, 24367887.82054524, 21447501.595527027, 22284591.486308444, 21864639.821253277, 25886057.997850545, 25732141.671091486, 20819457.221180376, 25324292.65349207, 24602203.568118934, 21497994.572506513, 25064165.840041284, 24673223.757210527, 22966255.750527266, 26083266.698275704, 25450231.125455774, 25552055.056717344, 26857538.05901119, 24609578.03107044, 21717837.15347094, 25198734.726543166, 30005900.099297546, 24823175.149794567, 22310579.77641936, 23366030.89344669, 26467439.363474768, 24881664.967142414, 23578793.47355638, 23336573.85586767, 26604889.344627667, 24224174.220804133, 21327961.393278036, 21795408.990977563, 23306882.30840924, 25548689.74236489, 25572244.778515413, 22554641.122822173, 23492847.655316904, 22618452.46530118, 22995949.47139322, 25750485.088206008, 23568530.806397103, 22784095.947941832, 23394072.43026733, 21065210.48095367, 23759590.12586248, 20489258.561216652, 21856601.53373713, 23497582.84065937]
[22045983.238864478, 25414131.99249122, 24206344.290846042, 21141592.573424984, 21709645.576566063, 21682978.614296444, 25320453.42902047, 25732141.671091486, 20819457.221180376, 25324292.65349207, 24512757.584912606, 20939236.45695307, 25064165.840041284, 23928720.034136795, 22758776.157154214, 25851274.584964424, 25410705.307596784, 25552055.056717344, 26782870.061739538, 24609578.03107044, 21717837.15347094, 25198734.726543166, 29817884.42172941, 24628654.33842564, 21681600.981297657, 23040005.44022047, 25426784.757619217, 22812034.919082902, 23325514.257422414, 22908507.730659552, 26603600.656320732, 24111489.30676069, 21286288.54644633, 21222665.182793375, 23193850.58500644, 25153340.748718753, 24969356.181880943, 21855711.59758817, 23271228.661707915, 22605147.416896712, 22841552.91780027, 25573636.354755618, 23366902.409374118, 22394004.310274478, 23050805.757726178, 20971756.93816956, 23759590.12586248, 20333525.61732454, 21427185.700632475, 23227785.704417728]
[21527826.249118198, 25251326.59841483, 24027104.08421795, 21141592.573424984, 21242745.53039523, 21619086.80469942, 25320453.42902047, 25000724.213565446, 20819457.221180376, 24734924.092593946, 24092429.538680132, 20816412.27781476, 24836078.06537706, 23766307.799770717, 22134028.419374518, 25535629.386433214, 24933463.90161515, 24081943.341726266, 26578251.378365174, 24317895.792134337, 21210431.057147782, 25198734.726543166, 29720597.988203615, 24628106.533488505, 21486001.273327164, 22925189.856079243, 24572789.48994021, 22764042.457048424, 23325514.257422414, 22877959.422584813, 26145167.18225337, 23757500.923659135, 21153268.991832383, 21222665.182793375, 23193850.58500644, 25145177.137039356, 24710765.913827606, 21756236.417254493, 23083238.459295947, 22502827.190340243, 22797831.75868564, 25226856.478348393, 23366902.409374118, 21754793.2582828, 22026605.52281224, 20933735.891149234, 23591932.425963808, 20333525.61732454, 20950725.488292847, 23227785.704417728]
[21527826.249118198, 25194640.82908502, 23259212.33218486, 20892265.72926927, 21195082.15333982, 21532129.84130706, 25141536.836605225, 24667908.502983794, 20819457.221180376, 24734924.092593946, 24092429.538680132, 20794081.451746933, 24689741.737404857, 22991899.862817917, 21602447.1756747, 25025950.617986828, 24402225.81791014, 23138559.274402495, 26445238.127587296, 24125429.048836358, 20402119.637330268, 24884036.2890468, 29077530.932951402, 24628106.533488505, 21378985.189368714, 22925189.856079243, 24341348.316932783, 22550196.672449302, 23012692.8013637, 22180415.11076925, 26042077.306843515, 23757500.923659135, 20967912.0845171, 20469738.733498357, 23030162.37140058, 25145177.137039356, 24596283.77300668, 21756236.417254493, 23024838.960085876, 22453824.903159145, 22558494.71205387, 24978183.351358432, 23247655.16668736, 21693106.27071769, 21656635.14775787, 20816699.493016172, 23591932.425963808, 20270583.052036293, 19910845.35184755, 23227785.704417728]
[21463151.18056693, 24834673.627923038, 22757117.696692273, 20892265.72926927, 21068933.058595616, 21526355.280019477, 25127696.368228786, 24667908.502983794, 20590895.31526711, 24563409.36154562, 24005639.339346208, 20660173.43980283, 24544578.4503185, 22991899.862817917, 20742889.90973258, 24561016.36063752, 24177453.120376956, 23138559.274402495, 26290844.204533648, 24125429.048836358, 20402119.637330268, 24213793.60318598, 29008494.3164291, 24426555.956389934, 21378985.189368714, 22058301.269436255, 24306452.618649714, 22075760.94187659, 22708662.850755837, 21964830.258591983, 25566543.10813179, 23529120.98096033, 20597315.301752385, 20459929.991780244, 22843699.71532201, 24911113.089662734, 24596283.77300668, 21756236.417254493, 22582481.42737306, 21503823.438805185, 22388247.282602485, 24704932.812440563, 23247655.16668736, 20338643.277374096, 21043740.44530338, 20778164.123772077, 23539401.865580507, 20080803.618650116, 19896730.548582368, 22055100.446517076]
[21173657.68460724, 24724256.31809669, 22589843.807054065, 20269668.14026287, 21068933.058595616, 21284802.36395266, 25113978.119957127, 24396440.92641524, 20332400.864599075, 24099124.2313242, 23332015.75051393, 20575638.121148832, 24473785.933213457, 22933362.36659379, 20163330.92958506, 24524264.819840975, 23998579.053262547, 22351445.571282685, 25748918.811211504, 23439900.320263147, 20351896.373259623, 24016684.127310507, 28839771.19346696, 24222705.30846972, 20926568.95002742, 22058301.269436255, 24180933.35721167, 21632854.880441796, 22708662.850755837, 21384383.18143411, 25492416.98755252, 23486793.397300176, 20468780.324798085, 20138801.98192699, 22194453.2205554, 24911113.089662734, 24200774.171028417, 21693907.166806094, 22507343.600289218, 21311469.592217118, 22065098.71805524, 24569358.992798418, 23187901.825590968, 20142712.864110906, 21043740.44530338, 20744760.094148286, 23539401.865580507, 20080803.618650116, 19310929.24797899, 22035222.24044555]
[20541325.882183127, 24330025.272595294, 22589843.807054065, 20269668.14026287, 20845003.57187093, 21104937.268225018, 24821424.10267844, 24168740.54443824, 19970241.080001786, 23566372.585244052, 23024342.860796127, 20575638.121148832, 24411116.67539286, 22933362.36659379, 20104187.114352815, 23954161.25699935, 23802792.19747988, 21853541.570935838, 25748918.811211504, 23056412.028454244, 20158280.033179067, 23675060.739979524, 28682364.698394585, 23714843.173463516, 20612489.407025207, 21481198.395427518, 23522289.494154103, 21632854.880441796, 22657972.024136957, 20122555.993523978, 23926405.238411658, 23060392.55217227, 19973867.141373225, 19925249.03073655, 22174213.517113484, 24911113.089662734, 24187000.17869594, 21693907.166806094, 22421381.459551968, 21311469.592217118, 21729429.557477288, 23950801.524423044, 23033362.50783686, 20003657.17307216, 21043740.44530338, 20176633.81655564, 23451067.648636986, 19706497.609053887, 18982818.415768646, 21450844.134363987]
[20451398.42869462, 24248918.518265497, 22589843.807054065, 20146870.778729983, 19446227.451442905, 20942827.764854822, 24736255.959699977, 23705074.165786393, 19970241.080001786, 23563419.459212508, 22968662.89015641, 20551534.42968128, 24183084.736276016, 22727515.947933696, 19582013.90342783, 23954161.25699935, 23802792.19747988, 21853541.570935838, 25397175.09871178, 22821455.86380782, 19980729.965971872, 22911061.43368975, 28637305.090605516, 23714843.173463516, 20122934.350718208, 20280524.798099652, 23522289.494154103, 21466168.95545306, 22195900.739138823, 19866412.01764054, 23926405.238411658, 22831590.07620314, 19973867.141373225, 19917780.322924763, 21531100.21136727, 24745367.53525961, 23869192.627315782, 21670505.19833961, 21958146.792976197, 21297364.421393007, 21649450.077596292, 23597198.312853448, 22834617.219189923, 19427500.670435928, 20581388.84038671, 19735881.425397307, 23451067.648636986, 19386553.27316952, 18940111.727458436, 21450844.134363987]
[20330069.85677939, 23996559.892625306, 22557763.791020487, 20130119.80386164, 19230095.500088118, 20942827.764854822, 24687779.487482764, 23397543.07910412, 19920197.797849283, 23393700.44304114, 22625341.4931548, 20390600.140359543, 24183084.736276016, 22662721.460898962, 19582013.90342783, 23436153.671367694, 23334603.135844015, 21678861.31687004, 24555059.01308272, 22821455.86380782, 19815713.908770088, 22782904.448072165, 28269143.559370928, 23615956.92137947, 20035143.238248535, 20280524.798099652, 23498976.31272015, 21309293.619110845, 22104538.186964538, 19769145.32619302, 23791683.491022296, 22039659.193606026, 19790800.63872945, 19727393.852931984, 21494518.31514528, 23966740.731523547, 23730653.357234754, 21583882.34161467, 21835965.813361797, 21179555.095710076, 21640826.81996653, 23502841.991596457, 22829725.151028864, 19022101.09047062, 20581388.84038671, 19660867.748725288, 23084709.40702025, 19234675.92937877, 18940111.727458436, 21450844.134363987]
[20330069.85677939, 23748900.496767588, 22557763.791020487, 20027882.48116826, 19190111.48910331, 20799859.712931298, 23428346.929985426, 23396128.134552255, 19651792.20056919, 22933220.860187925, 22438112.866270185, 20212103.28763268, 23421631.42818116, 22599389.731120102, 19544013.39198917, 23436153.671367694, 22865834.69102227, 21678861.31687004, 24419108.891279113, 22821455.86380782, 19721473.171774276, 22782904.448072165, 27956810.013923787, 23146632.27366323, 19633765.911292054, 20110291.324941505, 23338939.593088675, 21204262.618996803, 21956050.581820257, 19460997.14496679, 23662058.204181187, 21974133.01180002, 19520473.28604035, 19439888.527209543, 21494518.31514528, 23966740.731523547, 23535456.817526013, 20897153.425552815, 21769771.0957995, 21148873.430002593, 21439837.263227418, 23308487.690673336, 22252288.390365023, 18614845.825957783, 20317705.981376622, 19420647.14438425, 22736398.356936302, 18447368.693957247, 18801538.78603089, 21339928.282318868]
[19617763.565521944, 23205700.75654946, 22508137.584161136, 19579876.829596408, 18813825.610501196, 20341351.726571947, 23267012.03572584, 23209557.857465394, 19542082.20983921, 22582083.119862083, 22339009.9153675, 19956349.11081689, 23421631.42818116, 22472074.02074038, 19544013.39198917, 23436153.671367694, 22772309.707084235, 21678861.31687004, 23919084.022157747, 22821455.86380782, 19487005.97106895, 22782904.448072165, 27768423.139279205, 23003777.789832033, 19568606.154548697, 19656075.331140473, 23338939.593088675, 21055797.06280256, 21578542.1812228, 19460997.14496679, 23647192.44532332, 21667321.270322014, 19520473.28604035, 19247543.369251434, 21494517.599276945, 23795013.290438183, 23141191.224476628, 20376206.832475964, 21769771.0957995, 20993942.819476873, 21404153.835255064, 23308487.690673336, 21855614.553317145, 18166241.55387656, 20317705.981376622, 19238176.499979943, 22384728.89523352, 18263366.843005635, 18609081.968365036, 20861148.23260381]
[19440152.31856679, 22906483.326501332, 20856140.954381563, 18887105.372263025, 18586489.106560744, 20341351.726571947, 23251730.453824513, 21951174.660434105, 19542082.20983921, 22582083.119862083, 22051722.405945368, 19865641.316284664, 22389890.00062691, 22472074.02074038, 19544013.39198917, 23135225.979675885, 22736019.97245597, 21644717.665096942, 23919084.022157747, 22821455.86380782, 19264910.07316626, 22428494.41583688, 27704305.263146706, 23003777.789832033, 19477096.172118455, 19656075.331140473, 23024960.1169805, 21055797.06280256, 21391540.555109933, 19460997.14496679, 23622300.161553875, 21335556.2347822, 18589693.39259931, 19044695.069218867, 21494517.599276945, 23643101.16389874, 22827777.7289047, 20180803.662367802, 21228526.83189138, 20749421.630879305, 21219463.617302433, 23308487.690673336, 21287370.978520326, 18166241.55387656, 20213337.902097013, 18649381.74072117, 22265740.372584544, 18152901.690502137, 18609081.968365036, 20529674.100656483]
[19440152.31856679, 22906483.326501332, 20856140.954381563, 18798292.79412634, 18332128.31680753, 20132626.803085744, 23251730.453824513, 21767422.16308611, 19542082.20983921, 22428974.48123818, 21928164.216656126, 19357684.55369345, 22389890.00062691, 22472074.02074038, 19127874.32188656, 23056309.054506928, 22736019.97245597, 21553331.707769234, 23722442.40902001, 21951241.774996873, 19264910.07316626, 22205765.00283311, 27704305.263146706, 22772557.776897453, 19374991.497077495, 19153635.97862683, 22912486.395521805, 20420072.54219733, 21202339.878508117, 19223914.272703312, 23377380.600351654, 21169330.434584506, 17983232.45877029, 19044695.069218867, 21494517.599276945, 23560694.714935914, 22824729.302291103, 20180803.662367802, 21174530.437037345, 20179212.57706512, 21111674.41609073, 22933881.02585543, 20929310.74726125, 18119388.253912546, 19675709.642739415, 18271374.896714147, 22054894.567205057, 17866115.885625046, 18549961.728967816, 20392884.97985049]
[19194242.88463242, 22867026.396945857, 20698957.55952284, 18575033.00466843, 18295603.502299123, 19851368.89232068, 23251730.453824513, 21700569.069354746, 19454762.694158934, 22045919.337711684, 21610960.31174843, 19297223.66837556, 21836614.22948497, 21694183.951113824, 18942922.114867337, 23032231.3833848, 22736019.97245597, 21460030.46863365, 23553668.64329451, 21907759.206097648, 18981398.882930093, 22084642.603025895, 27652143.744986016, 22615235.11865502, 19374991.497077495, 18586044.863177985, 22841141.09870092, 20420072.54219733, 21154270.77316053, 19009263.77854376, 23159500.61443918, 20863575.057370007, 17983232.45877029, 18507994.54232517, 21299893.74289321, 23248101.235972907, 22599191.964509305, 20125102.01541713, 21048745.98304201, 20137248.47973805, 21013212.735700283, 22077633.031116407, 20929310.74726125, 18119388.253912546, 19675709.642739415, 18033789.78891478, 21794479.03813953, 17866115.885625046, 18547730.000970177, 20376186.118313115]
[18812584.392770715, 22627158.07658424, 20698957.55952284, 18575033.00466843, 17746746.22873762, 19559815.87869107, 22360423.983089108, 21502765.64795034, 19110419.683251977, 21966396.040710926, 21424843.39031037, 19161051.13821566, 21152655.642616052, 21694183.951113824, 18856714.569485825, 22335343.00368824, 22088436.89995704, 20972593.659229062, 23433896.075598113, 21907759.206097648, 18841241.9380696, 22084642.603025895, 26856287.492720295, 21922462.073829003, 18881012.394337513, 18517850.728727467, 22636939.59230369, 20352524.995641068, 20452283.154714473, 18779061.61675241, 22899167.440801643, 20817268.311003983, 17983232.45877029, 18417988.52239709, 21299597.76599659, 23131865.519345168, 22599191.964509305, 19907643.451039087, 20857816.35643754, 19941530.34686021, 21013212.735700283, 21951761.949094545, 20619914.33589445, 18044459.51520694, 19675709.642739415, 17700361.993907344, 21754749.040345095, 17634513.07532836, 18294570.828611873, 19855078.18092706]
[18812584.392770715, 22476068.01216801, 20177141.413012836, 18383261.744390078, 17746746.22873762, 19176911.5532599, 22210126.77902279, 21502765.64795034, 19091549.48025056, 21832936.0783373, 20735355.589486577, 18749994.335395105, 21152655.642616052, 21573772.009906165, 18856714.569485825, 22335343.00368824, 21720663.114843495, 20937348.97781659, 23334898.563939087, 21890361.503173202, 18792717.325209443, 21718728.625772696, 26361239.23603657, 21642099.637747623, 18604324.006716203, 18517850.728727467, 22023433.69819723, 20081496.125782147, 20350866.81438362, 18765371.436122697, 22745051.34315141, 20816814.10654139, 17708749.079804786, 18150193.949809156, 20582217.58218376, 23112901.498337552, 22323023.738191277, 19816980.2418441, 20756119.29250984, 19941530.34686021, 20891707.066918712, 21786651.42629198, 19918972.884821907, 17969837.251329828, 19675709.642739415, 17553406.512847073, 21498859.18102831, 17599124.315667022, 18116032.989674054, 19260358.830664456]
[18415686.596378084, 22476068.01216801, 19850850.667437907, 18248479.757803462, 17385581.578543372, 19176911.5532599, 21936734.546649054, 21502765.64795034, 18889089.021823373, 21630872.251750965, 20261159.682521053, 18685015.096257277, 20626897.10518477, 20975265.070594016, 18805915.603956796, 21291102.491686948, 21513919.771523956, 20533237.73224973, 22895375.99765622, 21589450.040591978, 18704714.589317225, 21699542.149592914, 25135732.187847048, 21478297.40663273, 18604324.006716203, 18330995.41719173, 22023433.69819723, 19927894.47040823, 20350866.81438362, 18299845.13655727, 22745051.34315141, 20816814.10654139, 17707923.15448535, 17933797.395577017, 20423692.152885646, 23112901.498337552, 22323023.738191277, 19816980.2418441, 20756117.834714852, 19710333.24725394, 20891707.066918712, 21786651.42629198, 19869223.8535442, 17969837.251329828, 19138030.90853111, 17553406.512847073, 21238896.639665518, 17599124.315667022, 18116032.989674054, 19224824.60336295]
[18349591.389883894, 22389214.495834213, 19850850.667437907, 18224361.382340256, 17385581.578543372, 18971899.282462712, 21903878.945150577, 21321341.5597179, 18214882.212064512, 21343534.123586316, 19926365.450871225, 17725796.17379117, 20548593.127976447, 20639694.98540249, 18675742.552345637, 20991284.43248946, 21203093.4826648, 20070839.651127275, 22810113.267690323, 20981190.78716543, 17832105.33945134, 21266953.252200752, 24898839.088950388, 21260516.13412739, 18211767.476000782, 18207605.916863844, 22013563.435837317, 19548132.575641252, 20200052.55244379, 18081694.830915987, 22470578.139342524, 20583304.965708982, 17404913.40821979, 17719642.04558807, 20143404.714906216, 22794493.600401174, 21679265.0395823, 19447805.706372075, 20230974.299312152, 19321590.787289027, 20891707.066918712, 21786651.42629198, 19869223.8535442, 17878961.59467097, 19034904.881495927, 17385747.618097734, 21162841.333422087, 17504570.881661594, 17950124.03122884, 19060668.19724161]
[18155517.472501274, 22219239.776647195, 19497193.827938262, 17970700.17836425, 17289337.908746444, 18633638.86946013, 21902026.099427864, 20947020.636263214, 17958137.12409432, 21220769.225658704, 19712561.557552107, 17376960.06847204, 20356627.25592763, 20591602.641495634, 18333078.38714265, 20388704.25661438, 20690127.89859494, 19778360.04726813, 22670518.547437437, 20846856.099996, 17617614.620956417, 21187772.47370832, 24898839.088950388, 21260516.13412739, 18182594.502901636, 18093247.017492004, 21948263.035172414, 19444275.803430557, 19635668.769876476, 17642382.0571703, 22470578.139342524, 20013546.54972205, 16823127.77140529, 17655547.35448181, 19982305.92122514, 22777159.830887295, 21513683.019879438, 19164931.780253775, 19810252.154926784, 19013778.357694864, 20348277.482288364, 21725591.495293383, 19159741.827585068, 17666074.512005992, 18664217.96618724, 17128135.0174983, 21162841.333422087, 17404335.953434948, 17820243.546125673, 18928665.44156106]
[18109393.24107618, 21617188.597412504, 19382099.389148954, 17944427.141278856, 17289337.908746444, 18342806.160989366, 21723471.232734267, 20790698.147753797, 17847175.810519014, 21020181.743698556, 19695448.31909743, 17376960.06847204, 20061151.762056563, 20298261.51770407, 18333078.38714265, 19982330.216994103, 20399220.237317525, 19778360.04726813, 21965231.20592984, 20682194.22692483, 16032019.190052578, 20722065.434679758, 24636573.323070265, 21032614.442777596, 17775222.83568212, 17859062.466616444, 21610993.06452691, 19444275.803430557, 19635668.769876476, 17642382.0571703, 22149153.373830225, 19367565.185662724, 16713530.457842488, 17634320.781176515, 19982305.92122514, 22032758.92323373, 20915339.216546167, 19105733.795025073, 19716927.53116585, 18483630.393713906, 20348277.482288364, 20984737.963400308, 18813572.742944367, 17666074.512005992, 18485934.06260357, 17012888.77524241, 21162841.333422087, 17280276.289585706, 17755043.87278948, 18926485.46998126]
[17724084.788311087, 21270804.855595104, 19307525.40269116, 17944427.141278856, 17289337.908746444, 17578792.09388464, 21723471.232734267, 20104903.726845127, 17847175.810519014, 20981618.968059175, 18907779.528330904, 16687706.246219877, 19788658.691336006, 20046064.119587295, 17759735.826809537, 19675666.056684244, 20399220.237317525, 19448866.12979687, 21201798.89680931, 20511141.27982383, 15661850.92418475, 20517774.064252526, 24067210.056775663, 20986274.100473154, 17626681.012069844, 17782953.034511324, 21610993.06452691, 19444275.803430557, 19617942.461465918, 17151374.63229928, 21354051.22268941, 19367565.185662724, 16713530.457842488, 17344944.35859537, 19701543.97082641, 22032758.92323373, 20895548.608299103, 18893295.617638133, 19652619.33345897, 18381898.648268685, 20348277.482288364, 20793264.991818987, 18813572.742944367, 17666074.512005992, 18322769.996273942, 17010878.153166115, 21162841.333422087, 17036624.62721822, 17248152.59055441, 18830984.213275816]
[17724084.788311087, 21257261.94296699, 19207248.9793128, 17621703.34667281, 17175898.815010134, 17519832.678084422, 21110937.182640426, 19759412.800130915, 17826716.238786936, 20276488.566475056, 18664508.799783044, 16687706.246219877, 19607099.82679005, 19953779.23073632, 17282476.095917117, 19662706.980981372, 19406919.03829393, 19025953.46039664, 21140612.810169972, 20161188.749197073, 15661850.92418475, 20430109.062831175, 23937923.33800415, 20723466.14372947, 17298118.077259805, 17782953.034511324, 21386314.629035123, 19414314.147810355, 19617942.461465918, 17005239.263075627, 21078377.619981952, 19367565.185662724, 16713530.457842488, 17195056.999869138, 19295857.31804689, 21804154.124125935, 20028394.74664378, 18691643.882418614, 19515037.513515364, 18033518.432504978, 19913575.964625202, 20605351.06336973, 18813572.742944367, 17318003.96768465, 18043288.21481066, 16735320.469674861, 21014010.68935961, 16498519.376380857, 17248152.59055441, 18135697.112960942]
[17724084.788311087, 21065827.19214875, 19207248.9793128, 17208001.08627274, 17093896.388093323, 17027223.94258922, 21032094.659826268, 19444820.675294466, 17752918.41681111, 20276488.566475056, 18664508.799783044, 16606913.243337784, 19115500.218534146, 19756345.84700032, 17062656.654132746, 19643937.034543835, 19303361.07671859, 18980275.299921013, 20963106.295905497, 19619661.166485474, 15045835.75202018, 20430109.062831175, 23937923.33800415, 19723896.72604613, 17277449.467232056, 17782953.034511324, 21284947.88656298, 19227613.60698575, 19617942.461465918, 16799003.820101917, 21003592.738420244, 19204279.474905275, 16637949.11013864, 17195056.999869138, 19229414.212891046, 21464388.47326312, 20028394.74664378, 17954460.017661594, 19515037.513515364, 17859077.15467529, 19913575.964625202, 20446235.761542376, 18702570.152970422, 17304834.786229968, 17992679.34347976, 16296931.088215003, 21014010.68935961, 16407916.091182197, 16924003.09329381, 17920922.14483424]
[17674658.558405466, 20665806.698650412, 18698784.988243375, 17175199.995547578, 16654215.228079772, 17027223.94258922, 21032094.659826268, 19444820.675294466, 17329817.981567703, 20218713.345311236, 18494776.42734421, 16439872.409548055, 19086513.565305747, 19704437.09941248, 16883065.31341753, 19544810.647021327, 18995472.254523054, 18841307.86905318, 20673125.65001548, 19295926.010381404, 14797653.975300346, 20301694.59820029, 23937923.33800415, 19662617.007217176, 17277449.467232056, 17782953.034511324, 21048781.760839574, 19022766.45215008, 19295694.353760455, 16439774.767758226, 21003592.738420244, 19039948.18944728, 16538275.215887573, 17036011.814081687, 19229414.212891046, 21401880.881187145, 19713043.709978633, 17619702.77516233, 19128143.524639077, 16961519.907213382, 19086950.07200498, 20350056.0066664, 18359051.429809798, 17304834.786229968, 17771437.02533922, 16296931.088215003, 20676425.487193547, 16369492.26029109, 16463542.523706805, 17460052.530192073]
[17609197.68280792, 20230320.81982279, 18698784.988243375, 17119131.52196683, 16654215.228079772, 16581862.102971142, 21022653.41974319, 19105274.16076166, 17329817.981567703, 20047597.65209527, 18290628.339302905, 16400571.644287597, 18823542.311848376, 19704437.09941248, 16883065.31341753, 19426780.280940384, 18744114.24233353, 18599401.751522295, 20673125.65001548, 19240100.513909437, 14797653.975300346, 20301694.59820029, 23837670.83208297, 19408004.863211628, 17275831.511517566, 16712483.444373867, 20856984.476986375, 19009160.324998066, 19122679.050216753, 16439774.767758226, 20489197.196894754, 19026412.003518272, 16466086.049098741, 16449920.689211553, 18834466.99741686, 21327606.14689934, 19698278.085394435, 17479186.976829063, 18806682.859252997, 16716737.90916942, 18859484.84201643, 20270846.845094826, 18254370.50070653, 17127474.321094792, 17271031.0337198, 16256527.82372182, 20138732.884676803, 16369492.26029109, 15973935.321975052, 17401053.831646618]
[17472752.74494166, 20230320.81982279, 18161090.452416375, 17119131.52196683, 16654215.228079772, 16581862.102971142, 20677486.961860634, 19105274.16076166, 17312815.453943044, 19887614.173248507, 17937828.131158546, 16179555.506257618, 18560366.366344817, 19101198.58359472, 16645252.336911332, 18862289.35189471, 18697154.520039886, 18599401.751522295, 20673125.65001548, 19240100.513909437, 14649750.77436472, 20139438.83109679, 23720038.815578695, 19326035.940697733, 17100589.715196736, 16405844.899818346, 20340528.14815094, 19009160.324998066, 18597860.289286267, 16439774.767758226, 19867490.231997054, 18897382.2828825, 16452020.78314827, 16298674.747049898, 18042112.84733958, 20776423.26533636, 19470893.65028391, 17426978.27801631, 18519672.12989495, 16559734.91036374, 18793493.33772992, 19345086.3660994, 17979088.11759495, 16986965.809033692, 17202039.179607294, 16160338.042337036, 20138732.884676803, 16261603.299735565, 15937089.428694367, 17157390.052602287]
[17211782.568472624, 19962732.905644298, 17438596.553715233, 17119131.52196683, 16230044.947244167, 16581862.102971142, 20642592.16015864, 19105274.16076166, 17266040.13779223, 19686207.25241412, 17682179.869555064, 16179555.506257618, 18560366.366344817, 18824586.03411325, 16567388.197470644, 18160878.362777542, 18427637.801225893, 18599401.751522295, 20101035.369433977, 18809547.519914124, 14649750.77436472, 20035684.920659017, 23720038.815578695, 19047822.54037965, 17100589.715196736, 16405245.007134985, 20324063.312126655, 18733797.505963854, 18478503.217494667, 16370452.508374447, 19687336.77558326, 18644225.07999088, 16397290.194152018, 16298674.747049898, 17807640.822631888, 19655489.19260369, 19127950.62837745, 17333746.765136916, 18519672.12989495, 16559734.91036374, 18647595.462790012, 19187804.05619723, 17967550.72238187, 16854652.958081, 16891647.728948925, 16160338.042337036, 19997512.20537729, 16243530.635258537, 15937089.428694367, 17157390.052602287]
[17165536.405283533, 19962732.905644298, 17436929.035188384, 16903442.018703096, 16230044.947244167, 16006682.636683967, 20172114.23335624, 18646510.376395617, 17246381.020380266, 19635529.109005667, 17395828.44900334, 16179555.506257618, 18535794.210351966, 18817180.781128123, 16385774.548698422, 18111444.06884455, 18379679.099009015, 18599401.751522295, 19862108.293258764, 18809547.519914124, 14519696.041905805, 19332857.843281947, 23159054.975746647, 19046086.537456926, 16556656.342348412, 16396332.694622528, 20037060.076515723, 18554769.95981018, 18363449.06973282, 16149317.330777258, 19687336.77558326, 18644225.07999088, 16130024.10621641, 16043187.156170126, 17807640.822631888, 19324513.228647582, 18676000.822142787, 17252013.805385284, 18472079.081857808, 16409207.288620014, 18647595.462790012, 19114823.171109837, 17967550.72238187, 16632475.825765759, 16380432.290893719, 16108900.00533713, 19817627.802349918, 16150567.017229443, 15893501.247223686, 17141293.305561148]
[17165536.405283533, 19701296.642395504, 17346696.837858893, 16791087.36529779, 15995928.326746937, 15920728.876445958, 19865280.95660927, 18646510.376395617, 17230136.593814068, 19078947.185327433, 17230130.67609858, 15795268.167121004, 17973792.86574911, 18608248.42073733, 15729160.913283702, 18111444.06884455, 18166661.751556464, 17975494.238742676, 19665148.3504306, 18543415.31988322, 14519696.041905805, 19332857.843281947, 23044783.454254434, 18713968.409134958, 16485478.426455492, 16396332.694622528, 20009481.804641165, 18300385.19560774, 18021303.942507263, 15644515.58264495, 19536292.287032545, 18394633.800041337, 16130024.10621641, 16043187.156170126, 17522789.044377875, 19283968.05782815, 18676000.822142787, 17031093.824340723, 18433714.546602413, 16369141.99095644, 18513249.228113748, 18915245.460336722, 17967550.72238187, 16332442.770475198, 16288596.956837539, 16108900.00533713, 19699548.46228188, 16104660.559409505, 15341625.61149245, 16974418.329661675]
[16943337.27227763, 19701296.642395504, 17179082.93646232, 16791087.36529779, 15809959.064488385, 15832828.281497315, 19720552.32809307, 18441616.22716184, 17046518.58276995, 19078947.185327433, 17036978.13445661, 15795268.167121004, 17973792.86574911, 18279189.696779884, 15567153.968611196, 17812277.52395376, 17689290.328767147, 17975494.238742676, 19665148.3504306, 18215886.018686865, 14455345.301721316, 19306662.659053158, 22819536.16653475, 18660891.521846052, 16485478.426455492, 16386186.379900465, 20009481.804641165, 18300385.19560774, 18002312.65637857, 15449776.513110345, 19331440.93732233, 18209569.7278645, 15945674.901056463, 15991761.237260738, 16898677.614134327, 18462962.62699593, 18407077.087369874, 17008108.970468186, 18433714.546602413, 16185384.862900665, 18058105.357947208, 18756209.268680982, 17686436.631690286, 16153593.888384629, 16253247.305850798, 15640980.490979027, 19272252.15903698, 15887940.54918227, 15290137.834598327, 16792505.943373904]
[16908624.711263318, 18603618.068761118, 17179082.93646232, 16791087.36529779, 15636753.117779251, 15832402.017571598, 19720552.32809307, 17963541.819447454, 16835644.640641022, 18810547.296290882, 16925890.728887957, 15680048.303485328, 17536089.789966274, 18169222.624951538, 15567153.968611196, 17812277.52395376, 17549553.180120382, 17401455.41699306, 19600021.442709215, 18150277.534228694, 14407085.391271282, 19291803.058199525, 22748996.715526067, 18462064.907429658, 16318797.790198714, 16167086.288825637, 19497120.379663788, 18300385.19560774, 18002312.65637857, 15449776.513110345, 19331440.93732233, 18040582.318262644, 15783676.522303104, 15455060.488370698, 16671844.170526758, 18462962.62699593, 18407077.087369874, 16601188.486325448, 18378337.982686713, 16185384.862900665, 18058105.357947208, 18237313.49903952, 17642759.186489258, 16075071.262045134, 16108651.943517381, 15457486.50152328, 19190796.40823629, 15786066.66323552, 15136982.08324255, 16786378.281590946]
[16678836.870547578, 18221188.408629917, 16949892.77676759, 16791087.36529779, 15499963.674555346, 15747951.442789072, 19588607.802183695, 17856146.851643518, 16835644.640641022, 18630831.39282058, 16618228.77100626, 15680048.303485328, 17447144.902896464, 17790817.69557538, 15244182.017795313, 17791056.42086092, 17511745.710413918, 16602848.749382008, 19211745.645729024, 18135682.730304964, 14337033.185574075, 19007287.598867215, 22100553.43526258, 18189075.59460664, 16294164.050838526, 16032588.90318131, 19486695.389221206, 18300385.19560774, 17873612.108249567, 15258017.075081717, 19072936.88383294, 17662384.365169093, 15752709.028515453, 15398466.870060582, 16523994.780412842, 18395794.815843005, 18022814.967489716, 16558827.847149536, 18251887.32458822, 16185384.862900665, 17740396.224227116, 17795660.2913708, 17633513.25749586, 15581284.321262572, 16108651.943517381, 15457486.50152328, 18555202.669599038, 15768991.952753201, 15136982.08324255, 16786378.281590946]
[16117481.825410357, 18221188.408629917, 16835802.640912056, 16543969.566688174, 15234193.84480665, 15600794.859289443, 19013199.306484144, 17650097.534550257, 16500609.676953753, 18185438.627264656, 16618228.77100626, 15352910.139375102, 17245907.083581723, 17698438.277645286, 15080248.215989564, 17570727.428162, 17172623.728645097, 16390580.59786895, 19211745.645729024, 18063670.84695471, 14337033.185574075, 18702669.620010953, 22100553.43526258, 17614471.35039786, 15947835.658524716, 15823939.004577493, 19199908.667466763, 17830635.081821878, 17423228.889946714, 15148776.07782804, 18865923.100822516, 17662384.365169093, 15714167.939769682, 15185725.28488499, 16380774.361430943, 18295138.915392566, 18022814.967489716, 16344507.72300747, 18224383.619207494, 15972178.624209289, 17683110.149873067, 17639444.919860933, 17632806.404706962, 15239901.39401718, 15745601.678640043, 15369420.619418379, 18233318.233566277, 15768991.952753201, 15136982.08324255, 16786378.281590946]
[16117481.825410357, 18199587.68320793, 16693040.471349414, 16124560.970725968, 15202147.184847156, 15314535.998109397, 17814025.338573836, 17534498.974821996, 16500609.676953753, 17973417.63479054, 16564710.293354237, 15299026.872492095, 16823243.405154932, 17620405.03136175, 14713414.073385064, 17570727.428162, 16949012.830926485, 16390580.59786895, 19042148.922617503, 17799857.584087446, 14186102.949211564, 18697267.11542096, 22100553.43526258, 17367553.4273784, 15830338.729315743, 15823939.004577493, 19020216.280441888, 17830635.081821878, 17423228.889946714, 15146188.586969186, 18549051.045949332, 17282176.97737982, 15714167.939769682, 14514619.6489213, 15767864.847338587, 18295138.915392566, 18022814.967489716, 15935732.032606175, 17983364.637149535, 15829037.580541467, 17108873.308469195, 17639444.919860933, 17538919.563280735, 15196818.903835004, 15745601.678640043, 15256280.27478472, 17632671.811400585, 15610929.840422109, 15136982.08324255, 16548453.690921094]
[15797492.514977872, 17912561.365229033, 16617624.244772296, 16112711.937397623, 14885444.58362392, 15103877.777532002, 17734681.15329145, 17534498.974821996, 15830867.670631468, 17940316.619418893, 16152161.72437653, 15265400.670207033, 16823243.405154932, 17576977.8896975, 14713414.073385064, 17570727.428162, 16859505.07805414, 16073852.25987961, 18542100.990711622, 17303279.83256559, 14077718.713687355, 18687185.052047372, 21577107.424841043, 17367553.4273784, 15830338.729315743, 15342828.784329558, 18933917.954106778, 17757790.619044703, 17423228.889946714, 15033716.177842742, 18545553.395825338, 17282176.97737982, 15714167.939769682, 14514619.6489213, 15767864.847338587, 18036244.505603682, 17736241.550871987, 15725825.610778127, 17891854.49452125, 15721581.114455774, 16898599.926685676, 17483686.166417103, 17522358.902992956, 15196818.903835004, 15639283.2822741, 14519529.8247299, 17632671.811400585, 15523180.635014554, 14970500.055293549, 16548453.690921094]
[15385483.91549108, 17752574.61425775, 16191278.992743272, 15662238.346514365, 14511105.659837544, 15029052.696317906, 17734681.15329145, 17398687.43413624, 15697283.102728436, 17667329.580298867, 16075054.234353438, 15190960.008709118, 16652493.670472736, 17144891.14873469, 14713414.073385064, 17318489.96982462, 16819749.85076552, 16073852.25987961, 18542100.990711622, 17268264.44304428, 14077718.713687355, 18347981.78991552, 21549897.71234069, 17133112.065576628, 15582377.322795028, 15197528.835881183, 18599381.10419012, 17489283.36398516, 16959306.843263578, 14827265.876027435, 18542643.232014652, 16346924.188782591, 15578386.397800302, 14507025.872628096, 15767864.847338587, 17695348.36077038, 17472981.49332536, 15315495.353084255, 17778540.460449673, 15710144.877630841, 16288393.893010434, 17243784.156394355, 17354810.707816653, 14974958.242344609, 15622527.92784967, 14371369.656655196, 17211844.880919836, 15283132.209673103, 14965046.698039299, 16032976.360933136]
[15385483.91549108, 17752574.61425775, 15921954.232286673, 15662238.346514365, 14489424.49811631, 14770498.613655094, 17730562.400384746, 17246631.203564543, 15274743.581721038, 17576976.84487633, 16075054.234353438, 15190960.008709118, 16400990.907893619, 17144891.14873469, 14661147.16806535, 17308700.254105374, 16173392.089284992, 15905158.528657481, 18532416.370714225, 17231853.995139264, 14001076.847163025, 18199431.59582563, 21472824.79574701, 16892558.7618355, 15417178.774474066, 15059024.901468715, 18479089.571639076, 17430231.161695547, 16496579.020112347, 14827265.876027435, 18209234.04658366, 16045893.00799661, 15571643.480682444, 14507025.872628096, 15449367.85229187, 17154565.47740455, 17175980.73028825, 15013754.41381503, 17346604.48992555, 15584069.79461294, 16079001.391944194, 16951735.240027152, 17354810.707816653, 14966545.27787768, 15409368.777998064, 14160905.364738595, 16908885.752214722, 15012097.421390519, 14864292.463900367, 15771677.705827262]
[15181040.077569332, 17668852.03554195, 15669554.360424837, 14982812.21834357, 14325624.059954697, 14734429.649674365, 17461041.63217409, 17097838.94711911, 15234829.118834335, 16598429.442525715, 16033036.874974703, 15065309.007780757, 16346336.57137931, 16879254.960466772, 14408707.603313139, 17225819.12901362, 15952935.907068023, 15659658.371602783, 18104258.912223794, 17194825.0951031, 13661352.97962068, 18097450.908318784, 21413024.267230183, 16358364.059300968, 15349469.087674666, 15041530.632156227, 18001972.155740336, 17243312.109915774, 16495359.282721486, 14784577.555575917, 17936522.005281042, 15910910.565010983, 15358247.116562884, 14507025.872628096, 14934182.87450487, 17009092.617872976, 17058934.05474732, 14669797.110185836, 17186286.680144973, 15252636.940349286, 15883957.501605634, 16703002.793448806, 17189110.742557608, 14925564.732890954, 15409368.777998064, 14113341.493209973, 16873480.902170815, 14823199.339179104, 14794581.357958093, 15716925.419402044]
[15179603.219819888, 16931765.338633213, 15630442.90004516, 14982812.21834357, 14131143.515873646, 14691595.653673988, 17121202.56657266, 16972273.447693825, 14654710.92665061, 16598429.442525715, 16033036.874974703, 14867641.381525004, 16267478.32140399, 16785775.138970077, 13973925.711899698, 17062735.283285346, 15733323.042293567, 15499719.952606339, 17927975.87770856, 17042049.53697285, 13313358.781695716, 17164997.89200226, 20619650.52857913, 16072127.696769407, 15074804.031281233, 14724478.333389869, 18001972.155740336, 17151076.364853654, 16404507.095409486, 14784577.555575917, 17640116.93328578, 15655236.10280304, 15240817.503151858, 14468393.451974142, 14596144.102359315, 16571690.217134586, 16428535.064088404, 14669797.110185836, 16853718.304804195, 14895996.350181824, 15640517.735147461, 16510892.669348275, 17113790.67696998, 14925564.732890954, 15237053.684925016, 13885252.36396198, 16573678.969411707, 14682933.761096682, 14794581.357958093, 15118319.88903756]
[14927860.616737932, 16711964.130556673, 15501666.587145701, 14982812.21834357, 14053364.099913333, 14304239.94887426, 17025756.893444516, 16963937.494756196, 14654710.92665061, 16598429.442525715, 15798744.913510457, 14182997.409666618, 16232293.161291504, 16355550.063449765, 13955439.698624756, 16950147.39135704, 15397275.194433976, 15461754.13764904, 17864797.299201254, 17018160.111830894, 13313358.781695716, 16948490.98268882, 20619650.52857913, 15995161.231783077, 15074804.031281233, 14590134.10148774, 17746897.79421165, 16952641.30553533, 16404507.095409486, 14448534.708773116, 17574949.4838643, 15280150.023949236, 15240817.503151858, 14439973.231237832, 14593720.429745415, 16546465.330650141, 16428535.064088404, 14669797.110185836, 16156668.25621678, 14621321.209476247, 15640517.735147461, 16033932.8899549, 16744313.374861196, 14564583.71588618, 14802927.572284732, 13639176.417271283, 16379629.388449594, 14671449.105175227, 14706874.567449426, 15118319.88903756]
[14824707.544957463, 16711964.130556673, 14941841.658799376, 14982812.21834357, 13880129.30718859, 13758610.361937901, 16787376.51313754, 16963937.494756196, 14651156.10236783, 16500092.703264218, 15507693.857887238, 14037050.468181591, 16232293.161291504, 16223454.690050924, 13849187.951414917, 16886587.96497087, 15346307.480409976, 15266988.119377842, 17826272.832898453, 16555154.390497485, 13313358.781695716, 16715040.512921449, 20487581.510871336, 15939609.290153926, 15074804.031281233, 14492970.990160462, 17464788.372804664, 16952641.30553533, 16346350.032621756, 14298601.594299525, 17295332.790013637, 15263956.69487742, 15240817.503151858, 14282209.275396127, 14445205.321870837, 16546465.330650141, 16428535.064088404, 14669797.110185836, 15917655.214495027, 14513748.44312504, 15363726.20372051, 15806576.461114664, 16191963.934204742, 14564583.71588618, 14640063.819395896, 13613182.125973541, 16324860.961562578, 14319061.042044422, 14357208.717773944, 14692211.635760102]
[14824707.544957463, 16647990.502805328, 14941841.658799376, 14669836.902967751, 13880129.30718859, 13758610.361937901, 16787376.51313754, 16751738.788360372, 14511093.779548611, 16040018.441053156, 15164443.34986806, 13948044.751803553, 16232293.161291504, 15885867.663595716, 13729542.22781539, 16748736.632634018, 15252517.18203791, 15266988.119377842, 17616249.07120638, 16509858.235585535, 13257179.018585088, 16563092.727505336, 20354240.34331384, 15692278.512365555, 14976814.947020194, 14492970.990160462, 17075856.29730812, 16611471.55085358, 16248452.004981076, 14298601.594299525, 16918164.0211119, 15263956.69487742, 15151460.922342356, 14282209.275396127, 14167016.014508093, 16313693.783058515, 15862179.400069337, 14525984.692967396, 15683988.881325904, 14513748.44312504, 15363726.20372051, 15557404.669843594, 16146953.687828228, 14493389.736941185, 14640063.819395896, 13613182.125973541, 16324860.961562578, 13912284.1139099, 13655777.45230347, 14596293.588366458]
[14761349.139086556, 16479339.364535758, 14812448.623253817, 14554443.274906626, 13533771.75666453, 13544521.565262085, 16540010.66865315, 16127808.73142213, 14511093.779548611, 15730095.93047512, 15130855.398374394, 13948044.751803553, 16220519.974740287, 15588079.841000507, 13408255.614347976, 16395879.125616644, 15252517.18203791, 15151963.192800933, 17222163.297843616, 16248082.047351932, 13257179.018585088, 16374534.555355135, 20354240.34331384, 15431774.388989395, 14976814.947020194, 14342227.780555392, 17075856.29730812, 16596425.09864029, 16248452.004981076, 14298601.594299525, 16810617.085698444, 15221006.094937176, 15083469.624896964, 14252971.051531479, 14154901.340141827, 16313693.783058515, 15862179.400069337, 14453068.742477924, 15683988.881325904, 14356663.133031076, 15331415.219444692, 15528870.39482767, 16089083.27091243, 14378935.532754015, 14590838.307736803, 13475828.84916215, 16324860.961562578, 13889457.658631718, 13655777.45230347, 14564598.928033415]
[14761349.139086556, 16423506.29865324, 14812448.623253817, 14513832.101975257, 13533771.75666453, 13198328.04371005, 16206470.795428852, 15874653.628305232, 14415566.55311054, 15716083.394624019, 15130855.398374394, 13276403.977544717, 16191489.283671713, 15525718.722131517, 13363372.660773765, 15999822.075446883, 14835009.931527406, 15151963.192800933, 16858363.910704754, 16027429.427668843, 13257179.018585088, 16241639.661238287, 19468843.246544536, 15431774.388989395, 14739467.057024736, 14342227.780555392, 16555828.69994698, 16205203.907758102, 16115220.759753099, 14256812.168457542, 16807284.714299258, 15221006.094937176, 15083469.624896964, 14252971.051531479, 13996848.005313884, 16313693.783058515, 15787048.154868776, 14453068.742477924, 15683988.881325904, 13823499.360429715, 15112931.658806857, 15528870.39482767, 15627499.803596567, 14002882.426346669, 14492887.102629116, 13475828.84916215, 16324860.961562578, 13872867.312219877, 13645975.174470622, 14422589.611572662]
[14761349.139086556, 16357478.85166655, 14359664.173891714, 14507917.725794995, 13431040.34306259, 13181245.455730084, 16191480.508212572, 15674205.45532761, 14110079.093207711, 15716083.394624019, 14886649.905728599, 13275075.607679874, 15649911.139355194, 15472103.47118451, 13051755.461966958, 15821269.919229588, 14835009.931527406, 15151963.192800933, 16462133.829772752, 15321036.672227021, 13168505.740946405, 16241639.661238287, 19333318.920440514, 15346763.490792867, 14505161.433503369, 14290875.750664433, 16555828.69994698, 15929326.010703031, 15764306.78112794, 14198965.476472875, 16527988.411856094, 15221006.094937176, 14492388.660443803, 14022366.941057324, 13567071.59039184, 16076765.743823752, 15667478.967864115, 14419654.745368158, 15351817.393247012, 13398094.716207914, 15004828.845808845, 15500837.31247744, 15188662.862193769, 13593794.207969492, 14200300.660016138, 13360367.811850768, 15509496.086613376, 13716420.685177159, 13606540.196602095, 14064155.329405148]
[14761349.139086556, 16147075.113606373, 13761799.953837302, 14425364.311095372, 13365220.952251757, 13017318.749558186, 15930977.884142512, 15477764.082312504, 13913338.44135977, 15716083.394624019, 14886649.905728599, 13221295.098010896, 15646113.671912123, 15407477.611014232, 12945968.559408976, 15230133.501315895, 14688581.645512477, 14925854.003798291, 16340992.548445683, 15141614.890181, 13155800.380421208, 15757555.291849464, 19147908.3397653, 15330266.418369642, 14461258.237711405, 13862625.242831618, 16485106.674664553, 15921047.77235655, 15748742.14053126, 13820577.443637472, 16192937.091054225, 14999127.779316494, 14460310.461553028, 13868267.01745297, 13553834.174315687, 15588835.241025668, 15665912.66303024, 14297442.81406537, 15181687.78292585, 13398094.716207914, 14924746.425307795, 15481787.1984245, 14873861.059330577, 13386063.0699396, 14030906.417746032, 13071007.055528654, 15496304.103090102, 13520292.667293053, 13516184.99963807, 14064155.329405148]
[14507519.865699017, 16036674.035258096, 13760240.390942436, 14364145.02210708, 13351207.896721834, 12611293.368289292, 15822844.300511902, 15239622.807453062, 13732672.64908884, 15550053.595897669, 14442950.412156409, 13173956.92577145, 15209573.327032644, 15376018.713424167, 12945968.559408976, 15220359.330165502, 14645700.038032046, 14542560.999721045, 15791598.449411849, 15032392.494170705, 12939281.76041093, 15134429.705332508, 18598350.360679146, 14969396.531261142, 14073205.474076202, 13321636.094250923, 16448505.689587945, 15833991.501689112, 15469352.88464586, 13813794.16707116, 15792759.281255603, 14855998.018740818, 14420097.663697204, 13782332.857298354, 13462697.447416926, 15588835.241025668, 15641671.68985964, 14175384.76180095, 14753515.677031213, 13385543.85933501, 14911699.197707871, 15481787.1984245, 14513904.041244501, 13378658.578635368, 13805194.191424996, 12733430.452463975, 15105669.511777695, 13255512.140999278, 13516184.99963807, 14064155.329405148]
[14252768.650896301, 15926760.171694642, 13760240.390942436, 14013076.804656887, 13180365.084987534, 12496528.970198756, 15153997.553296287, 15239071.08442156, 13732672.64908884, 15492375.294226795, 14442950.412156409, 12890327.088792335, 15192416.28840127, 14627336.77529411, 12826992.989108708, 15186253.123991087, 14447643.495707761, 14346198.132844105, 15178266.777995685, 14921200.07895841, 12892439.917405318, 15134429.705332508, 18164070.736679755, 14864923.043918315, 13902508.347626721, 13321636.094250923, 15778337.495206844, 15822498.329770785, 15319181.331553211, 13772272.661808226, 15774558.247292351, 14855998.018740818, 13825714.232292017, 13510657.422162747, 13462164.48295151, 15214882.516660962, 15442993.663092256, 13967084.98156567, 14519288.711724123, 13365887.206169115, 14451368.098560762, 15312905.965003574, 14483921.476936813, 12945048.817707334, 13615725.92460833, 12664407.977823628, 15105669.511777695, 13255512.140999278, 13484768.351097822, 14064155.329405148]
[14175525.318381712, 15756280.744755879, 13740308.003665408, 13960232.88347819, 13117405.605474554, 12443825.436314736, 14933915.070481712, 15132878.566627007, 13465244.57034722, 15492375.294226795, 14442950.412156409, 12890327.088792335, 15010901.64721314, 14627336.77529411, 12438857.165914323, 14944990.593417069, 13832778.194195807, 14346198.132844105, 15040818.334050786, 14729855.36885946, 12811242.827689324, 15061733.601842528, 17837452.40160193, 14864923.043918315, 13894219.281664744, 13266180.616678264, 15778337.495206844, 15620183.869902885, 15306459.526916081, 13772272.661808226, 15440672.386504933, 14631254.683597993, 13197127.007586285, 13326359.983086482, 13462164.48295151, 15214882.516660962, 15349193.36730817, 13947626.77453423, 14409135.606413852, 13146554.643483106, 14009156.273730153, 15021142.828118253, 14440236.53149863, 12945048.817707334, 13323922.310861979, 12664407.977823628, 14638673.82739139, 13123383.23283867, 13399756.507207228, 13942391.847289216]
[14104168.21137093, 15756280.744755879, 13579671.273595568, 13928728.11819536, 12964436.693117522, 12239523.446111413, 14895643.281400586, 15090864.924398188, 13465244.57034722, 15492375.294226795, 14442950.412156409, 12890327.088792335, 14601500.605137233, 14070546.017928805, 12438857.165914323, 14802105.640063128, 13761590.74857923, 14132754.505479347, 15012840.996554226, 14454204.160792943, 12811242.827689324, 14986788.440440308, 17817569.960307937, 14787249.514609972, 13894219.281664744, 13266180.616678264, 15140239.395520147, 15595066.256320339, 15213185.060350204, 13457884.211675921, 14798813.338764172, 14450941.119322157, 13157761.600492075, 13311719.477118623, 13302321.887282452, 15176346.396869332, 15284969.385567173, 13727849.23319433, 14299357.581624946, 13140625.965959981, 13874522.518282032, 14987185.751981433, 14107858.408460665, 12751315.56088842, 13189508.526240287, 12632897.136085907, 14555802.962053102, 12869742.079129444, 13261434.93416204, 13713270.003315497]
[14104168.21137093, 15756280.744755879, 13550889.614042336, 13628098.870670691, 12804513.425616803, 12190534.728886683, 14895643.281400586, 15026038.532115793, 13153461.060756914, 15415485.439057847, 14134585.041348752, 12008291.38687323, 14265585.48230521, 14024302.749580085, 12414760.817888465, 14753235.14601681, 13617605.311660528, 13991358.671074376, 14846079.594367573, 14307105.458990127, 12797147.551446829, 14897497.85155197, 17817569.960307937, 14309663.0127056, 13500547.107915333, 13250745.955373485, 15138895.310113769, 15043553.280360293, 15213185.060350204, 13146836.736303698, 14570438.303551638, 14389389.193142453, 12838590.338371793, 13187404.534626609, 13174632.288214568, 14870009.733602699, 15177057.738139063, 13314655.027031833, 14299357.581624946, 13140625.965959981, 13874522.518282032, 14839567.56903718, 13999971.448030153, 12751315.56088842, 13097652.428202925, 12030676.407646766, 14532658.79252178, 12680769.68708408, 13093114.476134732, 13522590.194973791]
[13794368.445010174, 15379651.71905848, 13485153.923184812, 13522948.684512947, 12548692.426180853, 12128749.829774337, 14792982.277693015, 14936216.392485525, 13040044.011271767, 15333323.235934153, 13919318.153933305, 12008291.38687323, 14265585.48230521, 14024302.749580085, 12397128.69164209, 14595056.069747264, 13617605.311660528, 13849620.255748624, 14846079.594367573, 14183138.55791464, 12741464.580692058, 14737681.509345118, 17817569.960307937, 14128118.903851386, 13113275.206554912, 13216129.614961814, 15111220.724269634, 14844914.7820949, 15143617.314743709, 13034893.007017598, 14570438.303551638, 14389389.193142453, 12528168.547785107, 13090637.107691491, 12955504.135478606, 14870009.733602699, 14795722.127026472, 13314655.027031833, 14259225.112549538, 12960622.98057193, 13827130.960893223, 14544271.291808318, 13669682.751099423, 12751315.56088842, 12771409.333118765, 11948570.160897149, 14504974.501421273, 11865334.943604376, 13075285.542425338, 13261866.46335467]
[13713440.132730478, 15295752.345220393, 13246597.247020315, 13522948.684512947, 12528542.029051287, 12099831.112641532, 14702010.584531352, 14918788.874543777, 12922044.276455982, 15333323.235934153, 13919318.153933305, 11935585.493869998, 13824718.174601141, 13600727.02113998, 12095425.448412884, 14586245.887364706, 13617605.311660528, 13712504.302876065, 14646131.89345389, 14114225.921791483, 12647100.01134945, 14516739.593992779, 17662643.23166862, 14060076.585204965, 12890224.762316389, 13106931.428087432, 15081163.787468407, 14844914.7820949, 14939960.182884946, 13020759.780662654, 14558081.4296567, 14389389.193142453, 12143700.880843688, 12972871.149428304, 12904005.601998365, 14273468.581823364, 14663594.292204147, 13026671.740933256, 13959788.060903275, 12960622.98057193, 13640781.777356494, 14143106.420774555, 13293704.282686036, 12458238.028319601, 12653532.001631282, 11553158.888431925, 14504974.501421273, 11805532.208938368, 12820014.743393745, 12898748.880585624]
[13698573.819070384, 15196041.039860606, 13192326.965665706, 13522948.684512947, 12528542.029051287, 12099831.112641532, 14702010.584531352, 14631318.821409639, 12837064.11423209, 15198140.171504278, 13919318.153933305, 11886182.897793388, 13824718.174601141, 13578592.067504574, 11973948.234751541, 14417405.676701074, 13617605.311660528, 13181587.68222006, 14618137.049729904, 13965796.426451918, 12460341.701725723, 14328949.178632155, 17345280.595764153, 13926628.561077956, 12781177.46706541, 12764706.230780385, 14912539.506752918, 14287322.82982703, 14787733.089646962, 12925547.827720648, 14124043.153589502, 14100338.214338679, 12143700.880843688, 12417875.031933999, 12904005.601998365, 13726624.498669082, 14329979.59607881, 12967995.290535254, 13818841.244538527, 12878806.547719404, 13483126.396912154, 14050387.105005512, 13203474.561562447, 12251208.514980469, 12598175.377161967, 11532736.276386863, 14455554.193434566, 11626119.61057071, 12716973.18279825, 12882761.952363478]
[13620155.033009976, 15100612.490589008, 13192326.965665706, 13063633.003364552, 12493934.043638863, 12098806.746208241, 14664428.55681085, 14631318.821409639, 12380111.47054238, 14768281.50099366, 13919318.153933305, 11867207.60016345, 13712396.129231196, 13289110.947424307, 11973948.234751541, 14417405.676701074, 13617605.311660528, 13181587.68222006, 14287756.560161307, 13856976.755930016, 12414607.464785935, 13729145.76194661, 16616831.408295905, 13752341.666055482, 12501380.413913475, 12575853.07523569, 14542645.366924655, 13878927.057030767, 14603126.176526051, 12714961.01955389, 13975068.185406784, 13206454.142818991, 12116586.723902252, 12398767.247854257, 12904005.601998365, 13726624.498669082, 14291262.08386322, 12717777.59765218, 13818841.244538527, 12878806.547719404, 13121330.964297224, 14050387.105005512, 13043062.558233593, 12186271.966732038, 12334653.127136841, 11409453.629988542, 14447816.690491652, 11368149.339434596, 12391043.620526414, 12842906.147824]
[13542468.93668059, 14757357.545647696, 13170102.168320736, 12371017.539614998, 12493934.043638863, 12098806.746208241, 14608811.985358452, 14204881.038447807, 12197976.685307454, 14768281.50099366, 13914641.654765159, 11835340.258257532, 13712396.129231196, 12919393.954092655, 11903243.973114822, 14342522.015459884, 13607599.285933364, 13118267.673738927, 13897446.71731106, 13848138.166902909, 12189825.94571098, 13302274.128502944, 16478710.501732614, 13752341.666055482, 12230491.984806033, 12574406.144631874, 14542645.366924655, 13804720.586633354, 14603126.176526051, 12580225.3955209, 13744987.325059509, 13065853.670563096, 12116586.723902252, 12398767.247854257, 12762528.838426793, 13612578.654420603, 14206543.249787632, 12586949.508099336, 13792224.244999891, 12690453.728689568, 13084884.13055591, 13802882.928992126, 12858894.19927447, 12110420.254892621, 12334653.127136841, 11216525.867916768, 14315186.217898613, 11189875.297438983, 12337096.909079868, 12842906.147824]
[13542468.93668059, 14588395.189868663, 13068076.434584258, 12371017.539614998, 12268523.49765049, 12098806.746208241, 14575350.40210132, 14204881.038447807, 11856558.629503753, 14551090.61535357, 13368414.044525495, 11641727.045876712, 13712396.129231196, 12715975.02286527, 11881140.658291465, 14025471.129329896, 13607599.285933364, 13118267.673738927, 13897446.71731106, 13810425.15156528, 12189825.94571098, 13266333.752433171, 16396983.89293339, 13715479.069790367, 11932214.087878777, 12574406.144631874, 14482310.896047601, 13804720.586633354, 14336843.131273378, 12147406.165142119, 13744987.325059509, 13064944.850959107, 11978984.493196735, 12370258.38957667, 12415794.585535651, 13612578.654420603, 14120779.67146198, 12586809.867386345, 13735363.34861263, 12506888.076905333, 13084884.13055591, 13541699.417961527, 12858894.19927447, 11582088.71118682, 12269054.10169735, 11216525.867916768, 14315186.217898613, 11189875.297438983, 12182782.373904392, 12819337.724225082]
[13511230.553105976, 14404918.700211132, 13034385.994851356, 12280466.95582338, 11846341.751329312, 12098806.746208241, 14575350.40210132, 14204881.038447807, 11678090.54325445, 14146247.865994683, 13208794.62010993, 11565219.372376118, 13644643.047446381, 12681132.31653364, 11413035.80201203, 14025471.129329896, 13543494.62899875, 13118267.673738927, 13880270.125870693, 13493024.526916057, 12037358.043100033, 13095970.876183113, 16393794.851378828, 13628154.291531602, 11681401.546286909, 12574406.144631874, 14175045.43740802, 13460413.58020905, 13935689.965815341, 11969245.76818374, 13744987.325059509, 12891382.864386387, 11773954.619706169, 12370258.38957667, 12366897.700130168, 13462869.988118853, 13920203.398335915, 12345104.206293164, 13460254.274228046, 12452429.999746166, 12608310.866387432, 13455141.165919524, 12850185.628125641, 11516060.478943516, 12158593.093148869, 11119588.697494637, 14315186.217898613, 11014934.301869547, 12076568.096049454, 12483989.292744566]
[13511230.553105976, 14400478.702687994, 12917015.692907074, 12280466.95582338, 11702084.308537375, 12098806.746208241, 14470080.279814731, 14134440.664557591, 11661440.869143013, 14001668.903188214, 12872289.355852967, 11504205.647099162, 13495563.574412143, 12563370.17842518, 11385052.783898082, 13948624.139198462, 13148538.072394809, 13068070.370297952, 13816288.581363585, 13493024.526916057, 11783184.941806434, 12664779.90541133, 16300260.512748983, 13628154.291531602, 11681401.546286909, 12417109.246049322, 14121872.466614017, 13213098.62220202, 13459043.41030008, 11718523.094333487, 13625294.181903388, 12682391.259270543, 11693521.152641835, 12137846.54217345, 12212236.675855251, 13462869.988118853, 13807666.981341984, 12224506.769466981, 13126245.025621897, 12440902.503872393, 12489837.987744423, 13455141.165919524, 12743935.258494671, 11322566.595769154, 11545010.647262821, 10795027.090457529, 13692764.233378673, 10862209.845602179, 11937963.197619498, 12265337.108305398]
[13198690.984205317, 14194902.119288612, 12917015.692907074, 12240925.281062614, 11598537.983419413, 12028581.774789074, 14457692.520447904, 14026090.00424707, 11411417.559826987, 14001668.903188214, 12686431.572539194, 11396346.939727852, 13338472.726900274, 12378671.813579584, 11385052.783898082, 13781850.793303853, 12799133.946925346, 12743329.585761774, 13441627.129849892, 13329748.16895562, 11733876.213667803, 12527924.80938806, 16300260.512748983, 13390903.160081903, 11415913.531279441, 12382477.162946273, 14097566.362938127, 12991938.463008497, 13357044.181902489, 11428112.169921353, 13611037.442824572, 12665172.839807902, 11481042.04833002, 12088997.31725587, 12212236.675855251, 13462869.988118853, 13784630.62299264, 12224506.769466981, 12545180.821416905, 12321171.562724292, 12308594.926656593, 13244359.024748191, 12619937.972899202, 11262886.099112213, 11545010.647262821, 10575788.151282158, 13413615.472095858, 10616917.67211042, 11784085.214122612, 12126355.525574304]
[13036756.290163193, 14150314.642404493, 12866232.393176593, 11968242.812852874, 11294404.2498478, 11962449.485265229, 14457692.520447904, 14026090.00424707, 11215853.406798633, 13621815.886417622, 12251355.225833368, 11396346.939727852, 13332728.534247885, 11961571.37689346, 11245604.77261369, 13379368.712817717, 12594241.974188976, 12489399.411565503, 12967292.687413502, 12643933.93497634, 11460914.637159465, 12527924.80938806, 15371175.544274077, 12715167.618481364, 11415913.531279441, 12250453.548836399, 13731927.949504655, 12588321.32826997, 13235670.8508679, 11363044.091405772, 13191110.904631656, 12665172.839807902, 11470017.036151942, 11946906.16080857, 12212236.675855251, 13081727.27426791, 13436567.070709009, 11846511.76905931, 12464085.246376747, 12041637.783710802, 12215362.343833642, 13073788.019218875, 12427388.888383294, 11262886.099112213, 11132527.086052982, 10245138.05522109, 13310917.791543182, 10554471.892199079, 11544948.191071797, 11980810.730712436]
[12977413.349986447, 13863649.680138612, 12474156.758011268, 11867008.633954102, 11294404.2498478, 11824654.304728735, 14249701.221905898, 13900799.572725812, 11057573.184882427, 13600056.337684646, 11837419.97000508, 11368923.558518246, 13271436.368797036, 11889353.57139065, 11145738.51148107, 13379368.712817717, 12382846.331468407, 12489399.411565503, 12967292.687413502, 12377670.810435873, 11364764.327002265, 12429798.142517587, 15327718.079780523, 12715167.618481364, 11415913.531279441, 12034068.866704416, 13731927.949504655, 12588321.32826997, 13184801.655959573, 11344172.94004851, 13119340.318658113, 12485335.770172702, 11444350.79073466, 11913888.026792346, 12212236.675855251, 12931095.007606354, 13420511.24202575, 11624350.405395743, 12101878.414818492, 11690507.500606606, 12073278.836217863, 12744892.552297002, 12364501.798062015, 11262886.099112213, 11048671.441953119, 10243189.068729024, 12914274.803438066, 10554471.892199079, 11406007.54019114, 11778934.853779914]
[12928321.124709483, 13272767.53391619, 12467192.706259644, 11674400.16043678, 11267246.562840303, 11662503.848951269, 14249701.221905898, 13579428.136485154, 11030856.920092728, 13416186.244691169, 11788783.510435436, 10955370.832920885, 13146417.998336852, 11889353.57139065, 11141758.51763254, 13379368.712817717, 12382846.331468407, 12489399.411565503, 12967292.687413502, 12166842.97722448, 11364764.327002265, 12198750.639958214, 15225560.86795086, 12559350.967396641, 11248188.843317958, 12034068.866704416, 13530587.326844126, 12588321.32826997, 13121163.302439597, 11344172.94004851, 12913692.90440913, 12207386.466430705, 11200703.197642842, 11480482.62363566, 11897266.716093184, 12879941.6197641, 13169328.582334192, 11389076.971952658, 11865855.766016569, 11508554.469718277, 11669400.849185843, 12744892.552297002, 12284863.147490885, 11103092.996478569, 11048671.441953119, 10243189.068729024, 12638543.797344342, 10326124.44837341, 11266111.445691975, 11574908.924070168]
[12919921.491788173, 13272767.53391619, 12270800.762786742, 11435302.515935924, 10639816.788513621, 11662503.848951269, 14249701.221905898, 13504198.390145069, 10939620.011848733, 13318546.961036056, 11567567.935656946, 10913178.33981735, 13065326.032696705, 11794586.165377602, 10928738.764340663, 13371493.723248774, 12382846.331468407, 12433723.346678942, 12830362.078927096, 12135442.970749294, 11290293.935409658, 12198750.639958214, 15007944.583764527, 12486977.820205655, 11236908.00718592, 12034068.866704416, 13530587.326844126, 12452241.56964405, 13121163.302439597, 11344172.94004851, 12889913.68473718, 12154106.423091326, 11198235.838809835, 11356118.511344625, 11897266.716093184, 12825759.083322637, 13101393.886321988, 10798108.233147742, 11865855.766016569, 11478368.02416769, 11510145.447161162, 12684192.99353237, 12033385.825082427, 11083912.872181835, 10887548.933023745, 10243189.068729024, 12638543.797344342, 10326124.44837341, 11144741.99877445, 11574908.924070168]
[12730215.189463835, 13229946.435156612, 12103079.692544168, 11412237.397110859, 10576722.25768664, 11603428.798991647, 14134632.368850062, 13183194.34176302, 10933263.934792023, 13318546.961036056, 11388489.573882926, 10634485.000440955, 13029673.422929566, 11584531.174317222, 10817531.331103746, 13191588.823457252, 11979531.23827725, 12303254.65426294, 12499408.253638726, 12016967.248750893, 11235012.865600271, 12198750.639958214, 15007944.583764527, 12397099.760324309, 10926953.042772155, 11697611.70932484, 13530587.326844126, 12095484.343973313, 13031468.75644264, 11327267.49156715, 12889913.68473718, 12154106.423091326, 10919901.488204401, 11306446.064869624, 11678461.821455445, 12723319.150587587, 13045781.551474476, 10798108.233147742, 11792845.760951541, 11469554.58175936, 11440745.385371514, 12328073.246540815, 12033385.825082427, 11083912.872181835, 10785345.467238467, 10243189.068729024, 12518710.566390445, 9942097.267474102, 11049639.615510676, 11574908.924070168]
[12272620.345203456, 13191352.171698017, 12103079.692544168, 11192366.57443285, 10366373.689362139, 11340081.439141482, 14069210.857745353, 13125328.674355762, 10933263.934792023, 13178955.404799461, 11370657.105532963, 10522557.16724826, 12986002.384215616, 11577375.636903014, 10817531.331103746, 13017343.795219582, 11775265.339225098, 12303254.65426294, 12499408.253638726, 12016967.248750893, 11235012.865600271, 12048469.864188675, 14989760.774805084, 12239146.01641381, 10926953.042772155, 11607499.392231403, 12937294.316661814, 12035668.829648532, 12768844.935662588, 11021534.527840896, 12866982.68755256, 12154106.423091326, 10859352.256205527, 11302819.581392603, 11625451.403140925, 12461583.539711662, 12930685.391496554, 10798108.233147742, 11660100.491139086, 10784098.505192358, 11275902.52578317, 12328073.246540815, 12033385.825082427, 10881623.695731485, 10785345.467238467, 10243189.068729024, 12452447.322115432, 9791134.299157325, 10779221.548351556, 11349033.727861207]
[12272620.345203456, 12849468.432528615, 11755427.632008214, 11162589.083275968, 10245669.586999834, 11248366.610990483, 13754522.620866692, 12946256.965836983, 10809446.605572956, 13093900.170577988, 11370657.105532963, 10224792.424215663, 12676357.207456473, 11567067.714125713, 10792125.904849166, 12737380.651460556, 11766894.069745155, 12224155.393696725, 12480213.511282334, 11986741.739636902, 11183306.522855878, 12048469.864188675, 14429906.318467135, 12001003.24457733, 10776246.803283509, 11533608.154084405, 12937294.316661814, 12022900.816412838, 12479051.722955514, 11021534.527840896, 12751604.475602701, 11712051.989775306, 10721794.243643738, 10970242.867285628, 11538854.432198575, 12364032.15124991, 12930685.391496554, 10341394.162518222, 11567061.206543, 10777461.718064496, 11275902.52578317, 12328073.246540815, 11715551.643048216, 10644125.812822586, 10632939.090610655, 10240015.025585007, 12227023.802840518, 9709357.401731115, 10722582.592641406, 11349033.727861207]
[11966178.932079904, 12815610.347326227, 11218396.937250853, 11162589.083275968, 10122333.943914497, 11066879.699284453, 13573035.812020447, 12945798.047049878, 10781886.087081295, 12691377.615635958, 11206325.36119308, 10224792.424215663, 12676357.207456473, 11425431.104879031, 10789824.491741542, 12715346.257193835, 11445435.81349552, 12146689.202782761, 12342047.635820296, 11982774.98180373, 11099832.105062548, 11836628.311959812, 14354656.457924098, 11999018.119160023, 10678356.293682253, 11136845.79564861, 12937294.316661814, 11913573.531991046, 12078770.53858179, 10764339.440673914, 12501683.787267353, 11668627.359064013, 10525032.749070898, 10893156.85483841, 11487940.345226103, 11918873.651534537, 12721788.243221518, 10270607.619390706, 11493257.311741773, 10559691.4846581, 11188455.711386086, 12203918.140056692, 11715551.643048216, 10625039.121518245, 10521694.117871216, 10013683.80865599, 11596004.717858264, 9700035.309192725, 10710076.401198538, 11239455.106176779]
[11183453.525702765, 12809177.858344454, 11218396.937250853, 11112952.356600793, 10046207.490753803, 11066879.699284453, 13573035.812020447, 12322468.613638509, 10779144.043729471, 12691377.615635958, 11097073.644521747, 10117720.857890153, 12225645.2670184, 11425431.104879031, 10789824.491741542, 12715346.257193835, 11013431.612296406, 12146689.202782761, 12342047.635820296, 11549445.230176905, 10764755.610132106, 11726509.611839509, 14354656.457924098, 11941449.597234538, 10633794.803640751, 11133151.176660996, 12852720.144198233, 11866725.988630977, 12038798.847052183, 10658094.217517866, 12326062.719327684, 11508473.847762143, 10346151.491511881, 10870425.193106437, 11487940.345226103, 11579710.343538985, 12718948.654738212, 9959882.570031133, 11493257.311741773, 10559691.4846581, 10968959.70998375, 12004287.491978506, 11715551.643048216, 10468944.944385547, 10492779.004288059, 10013683.80865599, 11525511.610003766, 9623509.757898431, 10710076.401198538, 11239455.106176779]
[10910506.869304696, 12517200.508035, 11028192.416300539, 11095453.827058975, 9947715.037422225, 10995650.640368495, 13486001.723736748, 12322468.613638509, 10497812.811524723, 12596665.147323083, 10804685.520343442, 10052815.00630046, 11993231.600742409, 11381061.927220514, 10624835.81450035, 12715346.257193835, 10913141.18998865, 12146689.202782761, 12111286.977101216, 11393047.86552302, 10679044.510430865, 11566325.327789295, 14112529.46700332, 11937768.845406057, 10633794.803640751, 11050246.99859256, 12343439.205553666, 11805995.74252723, 11817435.327734653, 10494112.697973832, 12070308.709967192, 11440904.799036, 10346151.491511881, 10870425.193106437, 11455409.196023164, 11570416.771598611, 12593331.731627718, 9940799.635591872, 11486000.238113966, 10518338.863561474, 10843218.53240025, 11951684.140738335, 11615306.022627007, 10350562.22062412, 10492779.004288059, 10005825.60959766, 11280441.92891959, 9584283.359525604, 10597809.615250455, 10915557.071332758]
[10747263.81951872, 12224091.613150721, 10466073.949275974, 11095453.827058975, 9947715.037422225, 10980958.082687587, 13340603.596544085, 11997216.754246343, 10433917.265519017, 12559959.23228922, 10713058.14472582, 9796565.593904829, 11937829.419930868, 11258188.54838307, 10624835.81450035, 12537516.559902878, 10913141.18998865, 12067531.693468282, 12066961.718912926, 11270287.773344267, 10651260.29536709, 11485929.652548749, 14112529.46700332, 11700963.472140927, 10395592.005926352, 10674090.045771923, 12065100.647351682, 11757448.492496524, 11817435.327734653, 10494112.697973832, 12070308.709967192, 11166899.314134767, 10346151.491511881, 10870425.193106437, 11269763.63034575, 11570416.771598611, 12428332.557338709, 9940799.635591872, 11423576.860287594, 10121674.20326762, 10680182.82967129, 11606562.910778739, 11446132.035231505, 10187667.141051564, 10306422.241417047, 9990702.235288674, 11190876.121291015, 9545209.461945845, 10395155.009002399, 10835539.660305541]
[10638457.599081619, 12069414.133463291, 10370059.551221713, 10940792.828383425, 9947715.037422225, 10980958.082687587, 13268169.154288102, 11765750.35981723, 10378623.832541944, 12123873.166855281, 10659369.437957134, 9796565.593904829, 11869993.733102867, 11041358.989741843, 10539054.581862312, 12359407.030287001, 10841859.258117007, 11721661.55829128, 11187569.15851953, 11255698.800364511, 10546751.79291985, 11374627.767275866, 13633937.45405445, 11620904.993263615, 10395592.005926352, 10674090.045771923, 12065100.647351682, 11682068.875672279, 11817435.327734653, 10478615.213710917, 12070308.709967192, 11163213.819940586, 10104353.458370622, 10366789.596255405, 11260622.536087897, 11225459.41096576, 12428332.557338709, 9835872.366179135, 11423576.860287594, 9930087.371304534, 10617065.377431374, 11548655.911586117, 11323154.943411307, 10148366.404792491, 10306422.241417047, 9990702.235288674, 11190876.121291015, 9545209.461945845, 9945682.65740909, 10729288.01558004]
[10552147.03458764, 12005354.448294666, 9861132.646607254, 10877666.33350436, 9855213.84806315, 10709127.141061297, 13268169.154288102, 11759619.937021326, 10363595.965296626, 11882464.689755727, 10333324.544535004, 9707111.39299027, 11493960.459218467, 11041358.989741843, 10121414.416050175, 12174319.384314237, 10841859.258117007, 11475500.464322757, 11187569.15851953, 10839380.982441254, 10546751.79291985, 11174089.72380386, 13633937.45405445, 11507471.10783583, 10338390.271835724, 10493621.243539883, 12030917.224461973, 11356173.210450906, 11817435.327734653, 10452410.743263012, 11625312.572042976, 11104805.914494706, 9804374.60046052, 10355252.61279181, 10800162.993397877, 11200030.485730808, 12428332.557338709, 9772516.082882065, 11247147.501245396, 9867893.803356571, 10590808.62585016, 11483263.111017229, 11166955.663302543, 10025942.312961373, 10303281.951441167, 9884837.1265609, 10617331.062751224, 9545209.461945845, 9826289.94857205, 10620425.761058038]
[10544636.960988652, 11947166.543190617, 9861132.646607254, 10726679.244789723, 9812114.33000939, 10563531.525334233, 13253006.9673309, 11600248.400054667, 10022683.419241613, 11786551.556434518, 10321545.288703948, 9707111.39299027, 11403771.09580076, 10995228.451670483, 9937181.204822853, 12112216.22859693, 10836626.55877335, 11349343.225828694, 11187569.15851953, 10623819.743568, 10494796.655436406, 11086978.159215225, 13212678.50878362, 11436513.48337822, 10268872.721061636, 10390796.121440437, 12030917.224461973, 10995891.936527263, 11415004.318183139, 10395447.362772984, 11594582.47602334, 10967050.602160795, 9745149.440758843, 10304145.75796158, 10754405.238207664, 11047557.807214577, 12079781.714114962, 9665025.26285857, 11231132.032068368, 9867893.803356571, 10555889.267639805, 11477480.450914053, 10907418.310397657, 9968010.623724181, 10233272.319418235, 9672036.561227435, 10398597.305147188, 9531208.07389512, 9826289.94857205, 10620425.761058038]
[10402995.897259194, 11685809.66411603, 9804322.324813452, 10677589.214964885, 9689373.231105955, 10517421.326766927, 13253006.9673309, 11571100.114112886, 9832144.442429878, 11453521.948028881, 10193049.13411187, 9707111.39299027, 11290495.829284985, 10962468.994333558, 9805926.000955146, 12112216.22859693, 10785886.042793872, 11278852.5265368, 11005623.125744905, 10623819.743568, 10494796.655436406, 11086978.159215225, 13143938.129737135, 11390708.340025257, 10215212.66243591, 10237397.261184795, 11941292.808339128, 10995891.936527263, 11413579.219154622, 10128684.258684736, 11460268.121755462, 10955092.882947354, 9722127.124544526, 10304145.75796158, 10700526.470421633, 11047557.807214577, 12065207.425817126, 9590545.110416565, 11174603.975663576, 9734682.571221247, 10555889.267639805, 11477480.450914053, 10663480.097849824, 9884124.293872735, 10185974.068867825, 9657521.155644085, 10398597.305147188, 9531208.07389512, 9529913.634557221, 9793594.416510057]
[10291788.600940723, 11666242.287265478, 9804322.324813452, 10611622.377801236, 9689373.231105955, 10340641.97890025, 13031901.756965475, 11272507.521796726, 9813391.063203482, 11169746.350320484, 9917423.921299359, 9707111.39299027, 11098855.13024665, 10843783.850681882, 9805926.000955146, 11683525.502337126, 10727234.69333532, 11050130.502133442, 11005623.125744905, 10623819.743568, 10435481.986225585, 11086978.159215225, 13009513.552557072, 11129284.69507333, 9929523.563612556, 10119383.148845162, 11941292.808339128, 10893726.558525026, 10990689.191483574, 9723935.42684838, 11272927.38886435, 10955092.882947354, 9494726.204686675, 10304145.75796158, 10641631.994716952, 11041382.252870634, 11924626.571160678, 9527564.176441554, 10971946.269427102, 9731856.952762116, 10452052.558434078, 11468346.553057563, 10564620.089529417, 9759165.965157047, 10022819.228123201, 9079116.026802901, 10398597.305147188, 9310986.739891965, 9376765.460182872, 9724668.68859423]
[10244422.350349493, 11336502.276015174, 9804322.324813452, 10522178.51768692, 9646808.354298327, 10222143.002808798, 12441764.343368305, 11246502.77035287, 9667396.810461473, 11080775.208576718, 9862831.020603793, 9688594.811289545, 10985638.316070223, 10830213.330582531, 9805926.000955146, 11586083.80208438, 10558237.347270366, 10777308.9823357, 10886777.85314422, 10557483.812863668, 10159796.491898842, 11086978.159215225, 12928592.464946847, 11108922.045769107, 9847446.695509449, 10068334.737132696, 11918140.524674376, 10857399.252696827, 10990689.191483574, 9655921.681045603, 11254728.32770022, 10647544.929905884, 9476668.156811886, 10279019.544097632, 10607804.18064977, 11041382.252870634, 11783777.85967482, 9350882.140534237, 10971946.269427102, 9519533.080694903, 10452052.558434078, 11438264.656115856, 10475455.019137809, 9706657.021721615, 10022819.228123201, 9079116.026802901, 10398597.305147188, 9207405.704495788, 9330302.068876784, 9630711.158367023]
[10217897.78149001, 11334069.033523424, 9588388.74190727, 10135772.773478515, 9412408.839495303, 10222143.002808798, 12274872.251887387, 11211474.39186946, 9662478.245775186, 11080775.208576718, 9848798.968912069, 9658434.879879523, 10729433.435799874, 10519311.567496171, 9793795.460524116, 11572144.73494396, 10162541.675489694, 10710785.445990644, 10886777.85314422, 10211345.72066883, 10056334.296261173, 11086978.159215225, 12818011.537793715, 10960079.886402994, 9389829.493765723, 9781788.968359072, 11723157.493948728, 10809061.894485602, 10982037.076857658, 9515344.813471032, 11245349.425367057, 10581277.062982392, 9476668.156811886, 10220960.22024553, 10584546.964455206, 11041382.252870634, 11654023.777253935, 9350882.140534237, 10971946.269427102, 9481643.610647045, 10149497.580917265, 11278459.71627249, 10315630.9757319, 9706657.021721615, 10022819.228123201, 8757322.959069826, 10322495.271864511, 9207405.704495788, 9245804.938394662, 9502930.983333278]
[10217897.78149001, 11201803.13828719, 9550986.313718185, 10058925.540578593, 9076803.725455742, 9901467.990896238, 12042905.359189091, 10922072.511373417, 9512612.99642594, 11080775.208576718, 9764065.1304946, 9614095.37365521, 10729433.435799874, 10224840.462945063, 9657427.967969064, 11395865.451574605, 10088188.36938813, 10436374.901608821, 10684453.968745518, 10159128.88529798, 9793717.29850746, 11085816.300421018, 12793995.514970269, 10407941.205809427, 9367418.442844633, 9781788.968359072, 11459092.72967728, 10392489.207432358, 10680808.942667736, 9515344.813471032, 11147903.266693654, 10374251.351946516, 9334078.279052343, 9824327.259180363, 10584546.964455206, 11041382.252870634, 11641774.077091476, 9263237.161579646, 10861434.587844342, 9397274.408947725, 10105685.64392994, 10958082.357980195, 10315630.9757319, 9573719.616025982, 9743121.921880495, 8719241.344317885, 10230476.03395303, 9026059.7166193, 9090136.180327745, 9264566.29429388]
[10180260.533742195, 11064741.698743766, 9550986.313718185, 10000794.001151595, 8977347.399386035, 9438206.399225073, 12013025.59048711, 10922072.511373417, 9501795.21818633, 11055638.064255554, 9723962.048386794, 9614095.37365521, 10645181.07159386, 9801710.528829047, 9588004.867551778, 11056759.011501314, 10084365.467855236, 10436374.901608821, 10684453.968745518, 10078658.113433596, 9657370.174011078, 10891423.558923138, 12793995.514970269, 10328484.566092025, 9190367.478453007, 9507456.669998426, 11387167.588389412, 10137193.682861248, 10520948.82397607, 9382351.261183817, 11128985.219359573, 10284090.516102102, 9334078.279052343, 9475539.920009147, 10398054.44951218, 11021936.25085522, 11500686.148683194, 9136896.120625712, 10861434.587844342, 9397274.408947725, 9521544.441230115, 10929412.725751795, 10068239.9746923, 9329784.895094108, 9708421.666230313, 8691120.552859286, 9961733.13947506, 9012797.250237737, 8968076.007904556, 9264566.29429388]
[9946875.630049719, 10885718.61691283, 9550986.313718185, 9970148.667019216, 8942908.676416736, 9435446.767479297, 11723471.124158649, 10750555.104309853, 9334315.657749357, 11034492.044317713, 9596919.751767317, 9582608.781835016, 10626180.460764421, 9801710.528829047, 9581464.065538159, 10845272.288692316, 10084365.467855236, 10353315.914630879, 10626353.337096721, 10066254.484774733, 9480251.986635588, 10735223.449629376, 12405716.924951812, 10208029.97606328, 9108241.963245077, 9338519.000919294, 11356118.935641583, 9855172.168139808, 10520948.82397607, 9360230.318449892, 11050160.443413688, 10225132.951302834, 9269126.601461846, 9274080.522367112, 10367194.608837891, 11001998.417282477, 11302441.939411217, 9090702.29235179, 10680769.613166928, 9320342.122456629, 9496540.362931931, 10821604.556040255, 9962391.335622404, 9109315.129687212, 9209882.030567963, 8641157.530974813, 9961733.13947506, 8994901.428172098, 8920272.08514645, 9238120.433269775]
[9852600.906844066, 10854310.579827663, 9528266.434345286, 9461146.92807236, 8647082.107437035, 9307891.566439938, 11250532.365774378, 10585532.431445574, 9334315.657749357, 10981286.54554239, 9348332.989430062, 9363756.828633312, 10481101.775649771, 9685754.365887094, 9581464.065538159, 10628602.522516562, 9979997.281988036, 10205504.927542994, 10397581.250425497, 10066254.484774733, 9427558.088886749, 10660382.280479973, 12139174.86297574, 10185654.831752948, 9003988.314519495, 9259853.174258996, 11356118.935641583, 9588385.144806828, 10461151.696878122, 9295616.406917848, 11043217.61983502, 10099195.124241145, 9269126.601461846, 9215545.05034968, 10328713.06593697, 11001998.417282477, 11162575.674423447, 9025467.637390537, 10617944.118912887, 9315432.246604363, 9496540.362931931, 10388238.808904847, 9931970.076241149, 8971563.445024043, 9067581.376422912, 8607485.446913695, 9918167.058886876, 8936172.328385683, 8622835.61814244, 9188448.730400825]
[9635912.1559669, 10815909.994685927, 9528266.434345286, 9205672.956604455, 8647082.107437035, 9186766.396842714, 10772077.356359797, 10356197.68547354, 9333291.45719039, 10621589.854885127, 9348332.989430062, 9363756.828633312, 10384739.69322369, 9625084.502407944, 9495145.412496325, 10379242.203708436, 9955253.58460116, 10017719.304196108, 10394566.25220778, 10066254.484774733, 9367320.60479224, 10660382.280479973, 12139174.86297574, 10185654.831752948, 8922175.555345837, 9244337.209887316, 11303740.19030803, 9388389.008102588, 10429841.20599548, 9086321.527148422, 11042153.893655729, 9808056.146168891, 9211156.23093491, 9106259.397067051, 10283300.403600361, 10594290.291204242, 11031732.9854087, 8975342.744983522, 10438265.607792009, 9246742.567857508, 9428013.894343525, 10201836.91405259, 9781964.625322547, 8888112.52985577, 9067581.376422912, 8511713.50097133, 9797858.571938029, 8931261.932854133, 8487603.372183504, 9111615.699911406]
[9620751.304413218, 10815909.994685927, 9364981.554061683, 8986236.150573745, 8647082.107437035, 9083182.806336401, 10577641.71335791, 10293977.082583174, 9256254.618306536, 10417301.847645223, 9246426.819341056, 9225251.896696141, 10192924.145277582, 9529693.18820247, 9266535.747044748, 10379242.203708436, 9912447.61382224, 9706294.486038897, 10394566.25220778, 10010456.868249785, 9332140.285034388, 10533996.819950331, 11990855.968986774, 10185654.831752948, 8918925.500715168, 9244337.209887316, 11066865.192955673, 9388389.008102588, 10356592.98428237, 8831670.776165035, 11042153.893655729, 9577389.500015585, 9149850.656433769, 9037879.519725736, 10084842.687843688, 10444598.662908884, 10908676.329370504, 8567287.501228705, 9969791.027543228, 9024939.823562222, 9188626.916633163, 10089503.713345144, 9629700.115856977, 8794765.891826432, 9067581.376422912, 8420610.162473064, 9797858.571938029, 8826054.445802035, 8487603.372183504, 9100086.709147722]
[9535271.305414066, 10600881.473437805, 9317375.823346596, 8964457.21605638, 8644325.779476503, 9062917.729988467, 10433427.413286328, 9529690.690358637, 9235036.447223337, 10417301.847645223, 9246426.819341056, 9136557.04922277, 10130688.111730855, 9529693.18820247, 9153003.987311997, 10379242.203708436, 9877874.302294105, 9406709.648451764, 10248462.212216392, 9727170.841176474, 9109134.391550357, 10503402.621758264, 11990855.968986774, 9740704.008565854, 8746255.229665302, 9100607.165381704, 11040044.461848322, 9388389.008102588, 10112140.992647143, 8723220.474503068, 10609764.518585885, 9420018.541470217, 9100926.66827156, 8807214.620304039, 10004779.961018171, 10437897.000814438, 10264812.363623228, 8567287.501228705, 9969791.027543228, 9024939.823562222, 9188626.916633163, 9672938.364568055, 9552079.682999115, 8752365.908252914, 9030234.842361126, 8199675.410558981, 9724517.84972007, 8641669.704056235, 8351079.950342734, 8996187.123380367]
[9535271.305414066, 10335436.949329901, 9281731.72078241, 8773128.01009494, 8559940.994915027, 8806156.979448436, 10433427.413286328, 9504614.35959602, 9009676.517308824, 10373513.60760797, 9246426.819341056, 8764649.211599972, 10064821.26078115, 9529693.18820247, 9142564.411717666, 10138694.445081515, 9859858.308317497, 9306850.939004242, 10114650.581388159, 9516779.853775233, 9038163.026053185, 10306989.579150707, 11256179.130519995, 9740704.008565854, 8615517.89348162, 8819189.462231873, 10887475.040820595, 9388389.008102588, 10078639.304040534, 8652346.603859771, 10404481.580248397, 9374902.057156784, 8822889.634517359, 8782681.052230135, 9966174.857830869, 10261560.77493303, 10065879.99631495, 8464840.556654615, 9906734.33366717, 8953673.929442743, 9101717.845841372, 9615032.933819782, 9552079.682999115, 8661888.899246642, 8948982.652439836, 8058787.42790518, 9693181.855846258, 8458476.697056381, 8142202.881331848, 8967782.07045068]
[9444907.13090378, 10279093.396295827, 9101622.992068756, 8723343.8958948, 8559940.994915027, 8723530.642122013, 10375718.584940717, 9434650.749888869, 8920303.92233679, 10289348.279979926, 9028162.24487956, 8555408.722303208, 10064821.26078115, 9268338.94848902, 8982457.482954126, 10100724.345508672, 9756642.365658754, 9306850.939004242, 9887649.363679245, 9464506.261085564, 8963903.144537214, 10306989.579150707, 11137503.080181058, 9740704.008565854, 8581921.638650838, 8792130.047450013, 10678470.859566519, 9388389.008102588, 10009755.788504872, 8569559.973617231, 10144835.786720958, 9374902.057156784, 8560064.884351071, 8773866.51055498, 9735143.963771967, 10261560.77493303, 9977914.472204115, 8441265.754987238, 9873325.818204397, 8849416.810547866, 9041594.533595493, 9586443.063922081, 9552079.682999115, 8534710.08850241, 8948982.652439836, 8022789.5610516565, 9693181.855846258, 8227643.255278771, 8032780.902313749, 8967782.07045068]
[9341530.951422235, 9902096.196051942, 9100191.0926689, 8390229.531839347, 8435192.433054307, 8723530.642122013, 10357778.95727043, 9304858.748304185, 8664371.913278967, 10185923.939056229, 9028162.24487956, 8385170.262377615, 9925984.832116114, 9180292.831854317, 8682047.938860174, 9978919.26752262, 9682922.311602881, 9176337.856281385, 9882624.372738764, 9374197.719095888, 8963903.144537214, 10273902.788253883, 11137503.080181058, 9617586.604347114, 8571216.650588159, 8715363.01624588, 10672810.136815049, 9348670.742496727, 10009755.788504872, 8569559.973617231, 9866679.809609586, 9367562.231578287, 8559312.691473462, 8757632.578763248, 9735143.963771967, 10045130.805596197, 9965152.624128308, 8319032.017732715, 9580598.968080608, 8561588.278583637, 8775940.63253038, 9586443.063922081, 9552079.682999115, 8430549.085489264, 8940707.26542706, 8022789.5610516565, 9516141.622237258, 8215796.528195049, 8023359.017453414, 8967782.07045068]
[9341530.951422235, 9736605.452253487, 9024727.62846746, 8316890.867367777, 8435192.433054307, 8723530.642122013, 10284074.127512509, 9304858.748304185, 8654146.717593094, 10072894.417862033, 8912403.37399482, 8361663.728823404, 9923399.702342598, 8938263.377281722, 8651489.983640969, 9918294.54068815, 9643094.845301833, 9176337.856281385, 9858517.160970818, 9374197.719095888, 8766094.398834813, 10143854.650108183, 11032240.252083626, 9432180.454889778, 8521200.152732525, 8368153.4171144515, 10531527.343749596, 9205198.282761537, 9956419.087021312, 8472713.650454178, 9816341.590263266, 9293720.966526655, 8525381.787907826, 8671390.326153934, 9685535.405548919, 10045130.805596197, 9965152.624128308, 8244765.60500473, 9423448.368959803, 8561588.278583637, 8715531.039341623, 9586443.063922081, 8968063.351621972, 8430549.085489264, 8768702.353126714, 7964677.705873726, 9399288.214114677, 8164289.192466189, 7700020.1171962125, 8933583.265548436]
[9232651.474183919, 9736605.452253487, 9024727.62846746, 8316890.867367777, 8346301.281549009, 8595386.256609697, 10284074.127512509, 9276895.676544338, 8565521.395890385, 9857612.821357885, 8549418.444005076, 8283469.278621735, 9683419.623354504, 8845367.397486024, 8651489.983640969, 9699451.084560186, 9436678.53419878, 8950288.489097437, 9858517.160970818, 9369985.683170253, 8624163.106448332, 10143854.650108183, 11032240.252083626, 9178338.244501997, 8521200.152732525, 8190139.78911827, 10504291.751442201, 9205198.282761537, 9956419.087021312, 8441517.44423751, 9723391.075372959, 9185530.14492123, 8306551.574390052, 8561542.519705193, 9685535.405548919, 9958509.244610853, 9937982.501523856, 8244765.60500473, 9258531.991689205, 8438601.152807128, 8610863.367846502, 9452122.296387402, 8787877.51665176, 8430549.085489264, 8768702.353126714, 7809817.155987157, 9398318.81042848, 8164289.192466189, 7684618.810644041, 8872185.495193113]
[9163200.653643148, 9403550.881598104, 9024006.362771528, 8316890.867367777, 8252243.936173444, 8531623.816009538, 9998797.852525562, 9276895.676544338, 8372970.123020945, 9797134.782164548, 8549418.444005076, 8241813.0966352, 9490476.182508538, 8626276.27919969, 8488496.733605461, 9699451.084560186, 9411354.878591288, 8892534.65031875, 9858517.160970818, 9192872.946769714, 8595093.55757118, 9791667.68147682, 10987426.57522721, 9120315.12757194, 8412859.406546775, 8146489.575981988, 10380731.831489578, 9205198.282761537, 9956419.087021312, 8415347.8577389, 9636353.907246253, 9185530.14492123, 8207845.777323088, 8500462.662640167, 9519309.526423952, 9631288.907856483, 9789986.672457425, 8244765.60500473, 9258531.991689205, 8413820.085900614, 8497083.371139081, 9383441.435146522, 8685796.846566271, 8400785.916485561, 8703559.358165741, 7643943.577722432, 9064421.01513549, 8148057.952245618, 7680320.894043414, 8872185.495193113]
[9148686.335930046, 9230184.666692449, 9024006.362771528, 8229712.951241164, 8167896.478548491, 8279446.660782672, 9998797.852525562, 9276895.676544338, 8280565.08017795, 9655435.963262519, 8549418.444005076, 8216892.325409757, 9430465.257341653, 8501677.475515831, 8488496.733605461, 9431728.787663328, 9187647.01323677, 8700009.94656542, 9589506.02780729, 9192872.946769714, 8288382.14127177, 9767514.724448865, 10987426.57522721, 9110965.70872401, 8301962.57465187, 8146489.575981988, 10380731.831489578, 8980345.351340953, 9758447.052500904, 8182119.576993318, 9273233.822811399, 9149907.181331445, 7731296.3487714175, 8500462.662640167, 9475215.42264831, 9570687.840805765, 9700730.291067265, 8171600.947075334, 9142828.09387647, 8382259.3435437335, 8497083.371139081, 9012799.515013354, 8683323.918658856, 8330371.946637702, 8476179.296095468, 7582984.991378267, 8943637.007443774, 8104389.628128229, 7480786.342580671, 8820897.847480336]
[8748516.63660959, 9214869.52152197, 9007115.746321004, 8123609.4841442425, 8162761.022585082, 8187667.30989437, 9916164.746263312, 9276895.676544338, 8017678.048159828, 9424729.505260864, 8448025.522505285, 8194593.18045454, 9351519.000724722, 8501677.475515831, 8488496.733605461, 9431728.787663328, 9045754.228003226, 8669181.653502902, 9499715.489804031, 9011524.310361717, 7893883.092507204, 9365528.9491853, 10864507.935028031, 9086163.002895713, 8301962.57465187, 8086000.030772032, 10365743.39855593, 8980345.351340953, 9696285.64270512, 8165984.468173916, 9165193.353687458, 8964186.649942927, 7501172.46852012, 8372846.186097567, 9361014.908695986, 9276114.876667766, 9700730.291067265, 8171600.947075334, 8857230.174077395, 8310789.06821205, 8413687.45125304, 8993817.485030044, 8683323.918658856, 8294667.8944922015, 8242787.926109649, 7490414.8435880765, 8864814.844382752, 8050581.946608601, 7480786.342580671, 8820897.847480336]
[8712100.898021733, 9198174.700199695, 8940028.420252817, 8123609.4841442425, 8125192.336784962, 8187497.449781744, 9734049.340158375, 8896382.13720349, 8017678.048159828, 9424729.505260864, 8396308.884368118, 8194593.18045454, 9328087.335922245, 8177537.594345763, 8315943.003786027, 9431728.787663328, 9045754.228003226, 8642777.419453647, 9447756.726329252, 9011524.310361717, 7893883.092507204, 9210422.258086931, 10864507.935028031, 8877639.56042622, 8026277.904232042, 8086000.030772032, 10133850.021790177, 8947010.597846441, 9601096.090155698, 8082156.059039777, 9076217.921478678, 8789104.331665471, 7446313.079738428, 8280582.217733534, 9346647.4512005, 9257041.37568329, 9677276.202606272, 8015290.053818516, 8854452.129380202, 8097547.636365086, 8413687.45125304, 8927820.7326181, 8399971.838636938, 8253563.686783774, 8242787.926109649, 7423715.834465315, 8836527.728862016, 8027778.630724801, 7474854.303407125, 8757144.1457215]
[8590644.017575992, 9174579.047584143, 8770076.93091763, 8058830.406894393, 8109296.837546443, 8181928.348051952, 9734049.340158375, 8855074.713695152, 7951079.017956896, 9353163.412667464, 8382306.840282013, 8011668.575372914, 8871045.216677113, 8013713.787803069, 8291117.765123174, 9324482.737310056, 9036101.563193964, 8538303.07222065, 9414765.05188457, 8688166.821816323, 7872999.823450583, 9210422.258086931, 10537036.269159382, 8841274.171289843, 7961573.314274949, 7951073.788253826, 10130295.664421324, 8695277.44852082, 9200384.338681428, 7993324.71614486, 8993629.318935338, 8774984.509707106, 7446188.55968979, 8161185.703950787, 9346647.4512005, 9245428.577062827, 9636820.492958248, 7980840.067500597, 8629261.046889244, 7964143.891544019, 8413687.45125304, 8888887.373367287, 8197849.669316228, 8118097.484854102, 8242787.926109649, 7410693.2754759835, 8836527.728862016, 7602103.282214236, 7474854.303407125, 8691290.806767646]
[8366253.616726143, 9174579.047584143, 8770076.93091763, 7901104.256491925, 7819311.769615998, 8181928.348051952, 9602061.418193465, 8720505.649402505, 7782784.972887819, 9353163.412667464, 8382306.840282013, 7844535.071342404, 8836372.8181404, 7819855.720843668, 8023547.038294315, 9285028.28287788, 8948331.967294307, 8538303.07222065, 9251784.19444311, 8652909.21820581, 7420764.099772799, 9210422.258086931, 10535313.533793032, 8713696.265147135, 7961573.314274949, 7830736.13079934, 10054404.521989983, 8511590.14908005, 9200384.338681428, 7895466.018485004, 8859430.518737707, 8755748.261359166, 7249481.675203522, 7994894.07873751, 9269340.204683062, 9150815.135439275, 9585641.54931533, 7918422.788592428, 8629261.046889244, 7715076.976951447, 8386359.884317784, 8750832.152907062, 8123624.423617256, 8071445.361901114, 8126145.77678066, 7410693.2754759835, 8752057.999597352, 7602103.282214236, 7474854.303407125, 8519703.822245937]
[8314509.504743819, 8894179.128313238, 8717800.71804338, 7901104.256491925, 7798945.139239771, 7950257.925263716, 9570158.624257859, 8720505.649402505, 7740896.849739683, 9353163.412667464, 8271904.81430269, 7794630.936750054, 8638692.454495944, 7782607.979405366, 7985069.548262375, 9234810.186814176, 8890228.114920493, 8352771.319337077, 9208566.282319665, 8643921.04676059, 7294300.433877123, 8960098.783216054, 10298695.64600284, 8602180.399319235, 7826347.922811749, 7787466.644023101, 9748730.471458767, 8367146.156577693, 9161074.632859893, 7759395.890343818, 8700091.304844527, 8511690.514590984, 7249481.675203522, 7504250.377986504, 9175543.034331165, 9059750.916231554, 9517467.645999435, 7831114.918865057, 8581294.233109005, 7539086.553088886, 8258971.710871486, 8750832.152907062, 8073815.019133411, 7772292.545453544, 8080351.048987785, 7284630.932860116, 8553344.61240526, 7565542.827334037, 7440791.854578903, 8365883.216017799]
[8314509.504743819, 8894179.128313238, 8717800.71804338, 7827196.850486614, 7767172.409910493, 7802484.401281272, 9323631.151010582, 8708664.27396037, 7511372.338624382, 9213929.895321269, 8184768.187019085, 7794630.936750054, 8560360.078292385, 7776889.884085978, 7859566.302486898, 9166316.591579763, 8783699.130294094, 8024259.857778112, 9208566.282319665, 8421794.666198188, 7263943.217340654, 8677022.048244301, 10298695.64600284, 8563271.960798517, 7813998.227256039, 7673550.59077083, 9724657.466798596, 8361654.595673631, 9109198.039467093, 7643285.879962748, 8700091.304844527, 8511690.514590984, 7249481.675203522, 7469155.281187182, 9085920.143097278, 8517320.701230804, 9440404.454249825, 7831114.918865057, 8581294.233109005, 7539086.553088886, 8127727.820246888, 8591490.068156106, 8041209.908269119, 7700496.223475327, 7858187.413120868, 7112867.611116606, 8109932.279991873, 7437370.987726149, 7410082.596909324, 8198621.131862484]
[8213758.124325648, 8890123.566548677, 8717351.799662307, 7578675.778038727, 7674842.081886498, 7730279.9062639875, 9157362.331615128, 8698201.638363754, 7511372.338624382, 8980217.34317511, 8165647.728513135, 7721966.383858872, 8337421.715235014, 7550385.376009275, 7859566.302486898, 8817789.621229349, 8779660.888768757, 7937242.437391741, 8961230.797291173, 8396475.680643976, 7189515.028294337, 8677022.048244301, 10179507.783500116, 8563271.960798517, 7709283.827544918, 7606916.3898768, 9705327.430746075, 8361654.595673631, 9047140.783259269, 7452838.660414542, 8631906.072584031, 8385917.772360866, 7189181.903520833, 7454867.51773937, 9076153.044398176, 8474359.024459986, 9078695.31026329, 7757098.650279703, 8581294.233109005, 7426542.955474665, 8127727.820246888, 8460871.73871468, 7996301.105119216, 7637073.912188751, 7858187.413120868, 7112867.611116606, 7967608.8019071985, 7344838.040400565, 7410082.596909324, 8084488.005345991]
[8188436.142161926, 8621182.659426628, 8576533.819080565, 7578675.778038727, 7565468.182416819, 7627164.344187455, 9142174.038044952, 8689256.797566867, 7446519.417901216, 8785765.47560744, 8151865.054283956, 7694998.8500436265, 8235843.686920932, 7550385.376009275, 7826251.046070787, 8802572.134452645, 8490777.90413062, 7767609.953345609, 8760549.38499372, 8342492.452504124, 6998844.470791906, 8651724.425929312, 9832546.164132433, 8486178.587093893, 7559297.8374868855, 7599523.356191951, 9694999.974910202, 8297248.760589835, 8806131.02547787, 7429883.547634594, 8456636.177320022, 8385917.772360866, 7067001.099385491, 7454867.51773937, 8899617.290315239, 8452177.279950157, 8978674.757494424, 7757098.650279703, 8499732.770420415, 7420930.450096076, 8127727.820246888, 8373833.263275733, 7872347.466089358, 7565372.934857508, 7685174.829439904, 7050671.434870049, 7729440.485879597, 7299687.56784807, 7326133.966793427, 8028777.546580625]
[8188436.142161926, 8576349.355405748, 8350569.551283111, 7270203.86689018, 7524905.145449838, 7548896.59515851, 9107019.016898181, 8616244.012585746, 7409952.375370626, 8666539.353303898, 8023946.603980939, 7635733.799365295, 8224809.842935224, 7494373.766801449, 7711416.743370707, 8802572.134452645, 8348837.463489379, 7738971.25146683, 8661289.444511002, 8293306.502143821, 6797492.054056069, 8576418.66679806, 9658964.537291864, 8447261.534556499, 7446343.592006904, 7594241.089311319, 9662506.697020862, 8229272.960839713, 8761734.706172623, 7386802.273714455, 8288204.758172793, 8385917.772360866, 7040348.01817845, 7451212.357813726, 8727877.032751631, 8452177.279950157, 8978674.757494424, 7651875.416994247, 8458592.153302006, 7173024.642580988, 8057598.832034262, 8325197.493033191, 7811211.612004238, 7565372.934857508, 7534312.9202117575, 7050671.434870049, 7639911.236313808, 7243006.38829512, 7035651.270393364, 7887157.652179638]
[8188436.142161926, 8516100.309549477, 8212713.255024376, 7210231.924953157, 7495319.749705307, 7548896.59515851, 9009114.01324595, 8616244.012585746, 7294493.209578899, 8550010.383069728, 7862829.346699664, 7561818.456941135, 8021969.159107502, 7458343.773983607, 7626881.915863928, 8665989.59335288, 8299232.805554936, 7738971.25146683, 8488077.820940947, 8293306.502143821, 6787342.401094723, 8576418.66679806, 9658964.537291864, 8200066.016534391, 7431697.430490365, 7372343.090869315, 9537731.0009763, 8103291.7682698425, 8593972.11112706, 7357875.752987191, 8146012.244498266, 8243458.60522203, 6895801.574229216, 7364977.513368441, 8609646.378109187, 8305739.039827156, 8921954.559621941, 7651875.416994247, 8411146.235487357, 7105781.250453861, 7979695.762708249, 8291865.129640582, 7646112.916502699, 7509406.890568507, 7276746.663293448, 7017979.871241523, 7558573.836196599, 7185873.228941696, 6973253.634529727, 7842993.540422564]
[8010563.802690605, 8490284.27281944, 8153092.7564685885, 6944797.684286346, 7495319.749705307, 7421368.897403911, 8932948.911429258, 8451100.243405044, 7171486.6665466875, 8521304.479531392, 7656517.986258006, 7241319.162260805, 8016274.930784509, 7458343.773983607, 7445034.9282075465, 8541274.899671637, 8281930.7841938045, 7638209.358620161, 8361298.0809327755, 8293306.502143821, 6787342.401094723, 8405820.314785182, 9648731.410122046, 7934857.287473793, 7431697.430490365, 7327578.430739449, 9493045.791678391, 8100061.040272618, 8593972.11112706, 7205001.798072271, 8146012.244498266, 8115048.888865568, 6889385.486995177, 7225049.852598664, 8400419.575750124, 8254832.248797459, 8904255.557440981, 7651875.416994247, 8410257.66256976, 7083497.371911933, 7844202.515471546, 8288405.7450109245, 7646112.916502699, 7483045.585638538, 7194882.953606653, 7007283.636727517, 7558573.836196599, 6988157.040359212, 6973253.634529727, 7625410.318702059]
[8010563.802690605, 8337236.139268917, 8132190.810327773, 6887639.367858174, 7470986.706581575, 7314014.842835328, 8932948.911429258, 8451100.243405044, 7039238.055625091, 8316461.123674542, 7608298.048789824, 7013747.30280225, 7973104.177187556, 7458343.773983607, 7437781.1331600975, 8409317.422196612, 8210137.042500411, 7417934.361835247, 8165778.165129505, 8205053.645557674, 6746281.539945331, 8380750.096610704, 9648731.410122046, 7824287.1942425165, 7431697.430490365, 7327578.430739449, 9479659.134123769, 8100061.040272618, 8593972.11112706, 7034584.95089636, 7894825.26771799, 7871410.738461474, 6855921.604819929, 7097364.696905908, 8317781.387162325, 8203242.777689604, 8878592.19285321, 7488774.8380644, 8410257.66256976, 6920535.074781475, 7783797.47899539, 8288405.7450109245, 7646112.916502699, 7376448.005650985, 7062588.994128101, 6947257.02768358, 7440028.3367385, 6969179.396772173, 6880530.297372465, 7625410.318702059]
[8010563.802690605, 8195678.3404332455, 7940956.449782918, 6867505.558307299, 7396084.215421744, 6805930.709037675, 8789267.270181645, 8222555.175785428, 7039238.055625091, 8225704.856423438, 7491393.843820585, 6958023.724074783, 7954713.316807804, 7429966.604031841, 7297967.488472119, 8335993.808814334, 8210137.042500411, 7383999.278022138, 8021284.267717674, 8114509.412674032, 6719607.061400409, 8293227.824383485, 9569415.08962753, 7824287.1942425165, 7430133.448046999, 7301696.0355235655, 9410720.24310668, 7943383.653287185, 8244179.00555246, 6929756.930005474, 7894825.26771799, 7846346.213878786, 6855921.604819929, 6980631.274659949, 8036875.2626437, 8055195.690178732, 8878592.19285321, 7442531.422639835, 8196013.366965589, 6920535.074781475, 7782292.616668073, 8172114.489440868, 7563257.328559297, 7376448.005650985, 7062588.994128101, 6912580.006755142, 7440028.3367385, 6871676.455948062, 6880530.297372465, 7585419.228597822]
[8004840.677361394, 7984266.479545032, 7885145.713935666, 6867505.558307299, 7396084.215421744, 6764052.087689342, 8789267.270181645, 8222555.175785428, 6853996.326776524, 7948330.179714781, 7197896.920306349, 6939474.744136013, 7921500.44077449, 7041848.071786587, 7297967.488472119, 8323360.748696914, 8091575.539421451, 7185597.529588491, 8021284.267717674, 8092060.595947419, 6719607.061400409, 7940693.580758467, 9569415.08962753, 7824287.1942425165, 7372017.122239342, 7151455.953428869, 9364212.682791721, 7841508.392377356, 8120111.426633266, 6684769.575413178, 7849407.2877331795, 7746047.926535143, 6739699.7350572, 6837423.096325746, 8036875.2626437, 8016663.964197223, 8845539.669849677, 7326891.852884735, 8074183.51358406, 6899198.088303876, 7731993.592457579, 8124503.912423951, 7536341.44110789, 7376448.005650985, 6964421.4973162245, 6912580.006755142, 7258297.192578265, 6790239.7223563995, 6804954.032472941, 7514404.0024693115]
[7939238.043319139, 7853582.485453881, 7883451.497492489, 6867505.558307299, 7337197.201464203, 6638176.799707847, 8690437.839628132, 7991402.897873896, 6736659.368496528, 7766146.101153952, 7197896.920306349, 6936284.0689975275, 7745869.95268556, 7041848.071786587, 7007957.505548418, 8303513.5911922585, 7977747.69317157, 7066565.241679845, 7932920.098162385, 8013233.4952463005, 6699449.321676651, 7808255.238605839, 9569415.08962753, 7824287.1942425165, 7291294.368174438, 7151455.953428869, 9364212.682791721, 7841508.392377356, 8057785.320951058, 6665001.475213279, 7805817.073353936, 7469283.053904918, 6739699.7350572, 6754605.460634144, 7984264.068193065, 7994998.373631422, 8624246.471052809, 7191552.006881604, 8074183.51358406, 6892350.304686671, 7731993.592457579, 8108280.643998569, 7414429.114079987, 7367934.963636768, 6964421.4973162245, 6912580.006755142, 7254620.345875422, 6652648.743448556, 6778617.39878429, 7313401.092265439]
[7894573.218751836, 7853582.485453881, 7883451.497492489, 6830005.804681671, 7337197.201464203, 6542158.885360915, 8430730.151491743, 7991402.897873896, 6736541.123436103, 7686693.3521986725, 7197896.920306349, 6936284.0689975275, 7577768.870626582, 6977720.693799168, 6968671.644269668, 8158488.452622908, 7909720.090216411, 7061643.760312575, 7932920.098162385, 7991743.085754864, 6693366.500967002, 7795606.645729026, 9386350.369858606, 7631032.20093521, 7144993.700623775, 7089506.1830786215, 9081303.608993996, 7841508.392377356, 8057785.320951058, 6569116.30560345, 7736243.289741811, 7390013.3471149625, 6696793.963454477, 6692118.64897053, 7984264.068193065, 7912733.287022145, 8503396.099244986, 7054178.532378239, 7954985.316818118, 6788503.029385023, 7706036.741509885, 8108280.643998569, 7408582.137577009, 7367934.963636768, 6916278.509070955, 6835225.9044639, 7233044.650013173, 6432642.729766151, 6741362.4899877105, 7249884.011713905]
[7825339.870388908, 7851832.069035766, 7883451.497492489, 6749572.589455122, 7337197.201464203, 6542158.885360915, 8247236.701940015, 7627993.778484362, 6736541.123436103, 7645825.242381647, 7054474.759613958, 6933121.289047286, 7393759.780218335, 6977720.693799168, 6968671.644269668, 7958189.635891567, 7813856.728636649, 7061643.760312575, 7877936.464719534, 7920225.529870269, 6629750.570462593, 7709551.424071756, 9229908.529201629, 7631032.20093521, 6936670.848185642, 7071280.174912771, 9054485.249570962, 7837011.2504679095, 8036590.6948569175, 6542618.277056966, 7707461.568773109, 7374472.998289725, 6655644.955664382, 6692118.64897053, 7804693.784754716, 7894338.276040775, 8503396.099244986, 7027857.074930337, 7892223.606702691, 6775393.584590077, 7582944.7255960405, 8061179.011040503, 7352279.966325675, 7279888.933633439, 6886452.274938236, 6605805.7017650455, 7206023.521463037, 6370520.225741373, 6734096.517594723, 7194823.300207188]
[7728380.428121163, 7805271.785716921, 7772922.373209776, 6716754.39078421, 7312185.261485559, 6407107.788170187, 8232584.17054897, 7475953.586685382, 6714279.814337129, 7503438.554731567, 6955970.424826789, 6834131.311400423, 7357095.651568288, 6945920.092143863, 6919888.893118801, 7958189.635891567, 7791734.9391336795, 7007082.0640050825, 7702922.985123085, 7646537.198114271, 6277418.936772614, 7675615.357622814, 9002492.713263875, 7344390.360473288, 6923260.010239551, 7071280.174912771, 8869582.663059238, 7728329.711163862, 8036590.6948569175, 6366460.30763504, 7470310.489180098, 7290074.666476311, 6655644.955664382, 6641745.187780542, 7762233.23187608, 7894338.276040775, 8427833.165032426, 6991112.598501565, 7820639.452294467, 6679276.101278623, 7516816.713796641, 8021924.808218008, 7158839.89934503, 7270476.976718578, 6886452.274938236, 6371563.776898572, 7012502.844017485, 6128977.86454306, 6616049.550187537, 7074771.986395584]
[7569012.768930338, 7805271.785716921, 7749305.424045837, 6698422.908812784, 7263248.5627077995, 6345764.2836267995, 8165159.455844258, 7472787.427292274, 6618802.064592617, 7495909.360510458, 6931408.581859146, 6834131.311400423, 7303030.786515517, 6945920.092143863, 6919888.893118801, 7758866.013322959, 7517450.772971091, 6838286.427932814, 7521599.687514044, 7547551.895000267, 6277418.936772614, 7659727.816366243, 8800798.690773023, 7344390.360473288, 6810890.880089891, 7067335.460589582, 8466405.61913662, 7632940.3938315185, 8036590.6948569175, 6361375.284483706, 7470310.489180098, 7282900.607959618, 6575533.072286011, 6603256.464295733, 7685675.042091692, 7858652.447664114, 8323850.175405286, 6754144.847626979, 7749769.294478701, 6546519.163591103, 7513962.230736725, 7694144.457009154, 6989484.869015734, 7161441.797837014, 6560869.136859341, 6355180.4885465205, 6919565.005424673, 6091962.595894193, 6485430.273341779, 6987090.585053228]
[7418541.972242132, 7626275.543009231, 7749305.424045837, 6695025.0286068525, 7072205.478756601, 6345764.2836267995, 8089201.425624122, 7426366.5579357045, 6618802.064592617, 7388305.724897103, 6931408.581859146, 6833460.64845749, 7240914.635026738, 6798081.6142149, 6817386.357707736, 7677085.803975893, 7420746.284032412, 6838286.427932814, 7498190.483446333, 7547551.895000267, 6166406.352392501, 7659727.816366243, 8761421.703929797, 7189041.076700037, 6794006.07728264, 7067335.460589582, 8398924.724347912, 7632454.076999282, 7849942.080652525, 6361375.284483706, 7436572.907365201, 7113280.514694343, 6575533.072286011, 6594508.923568909, 7467346.319250107, 7858652.447664114, 8012265.6010238025, 6684959.140327121, 7397430.922791737, 6535937.161472061, 7511929.638804461, 7694144.457009154, 6912909.588038291, 6901555.506801277, 6437869.679354515, 6316115.997662616, 6864077.779111015, 6010394.136753433, 6390354.93391717, 6957044.816887969]
[7356299.4683737885, 7594696.556875636, 7492540.168023151, 6695025.0286068525, 6936056.647621334, 6345764.2836267995, 8015051.493324086, 7371770.886994043, 6618802.064592617, 7366247.736712952, 6889699.35700044, 6746684.283998373, 7238898.745455262, 6749336.669324128, 6756576.708698881, 7677085.803975893, 7339391.790512985, 6754325.806094727, 7448408.8563774, 7420735.722791004, 6111794.063505264, 7589296.9679290475, 8495880.46687859, 7141105.688395588, 6698728.922142919, 7019096.7756668255, 8346478.519958173, 7598946.0299559785, 7673838.698613023, 6345212.506375196, 7436572.907365201, 7011176.8429626245, 6377763.823158755, 6583710.772615388, 7340784.213569073, 7858652.447664114, 8012265.6010238025, 6611658.666617604, 7245326.819146404, 6520328.716273874, 7511929.638804461, 7694144.457009154, 6895577.2838389175, 6801522.925995703, 6411011.547413612, 6206432.553030292, 6864077.779111015, 5809454.616137345, 6322880.548840102, 6844702.223865828]
[7119826.853880374, 7550887.062572958, 7480532.380709887, 6510126.454806087, 6644324.429154007, 6345764.2836267995, 7853287.52200179, 7371770.886994043, 6372125.018139392, 7038467.694221439, 6832003.023005523, 6585629.53210114, 7145386.085674194, 6699010.549824523, 6730586.205057305, 7610654.660071366, 7165396.460543001, 6553908.734515667, 7439508.334370969, 7372491.583643302, 6050437.733241662, 7589296.9679290475, 8486056.89535434, 7139846.488366777, 6638843.150268717, 6970272.658910269, 8087528.051709753, 7538048.116958412, 7636401.990287736, 6134041.63569346, 7283751.095481304, 6971684.24746768, 6377763.823158755, 6269384.212881589, 7340784.213569073, 7766837.36825995, 7946043.8923613, 6611658.666617604, 7137472.735245993, 6464825.424280046, 7340428.810041008, 7636789.044961375, 6882677.709200444, 6801522.925995703, 6411011.547413612, 6111671.865178898, 6850692.428757852, 5792400.529931596, 6302207.101501827, 6844702.223865828]
[7110566.970743033, 7550887.062572958, 7326221.081765687, 6430384.225114112, 6301481.961788934, 6345764.2836267995, 7810031.665083949, 7339963.14485958, 6365726.815762391, 7037851.477179199, 6832003.023005523, 6377818.708469343, 6957576.810029179, 6625964.714578016, 6730586.205057305, 7560259.9377764715, 7002342.920413455, 6553908.734515667, 7439508.334370969, 7372491.583643302, 6050437.733241662, 7589296.9679290475, 8486056.89535434, 7127033.771104691, 6447325.859310713, 6869179.004619491, 7862331.491746439, 7469329.045202007, 7509797.190076319, 5993283.068078503, 7185397.613072025, 6938482.91293326, 6377763.823158755, 6235306.302734153, 7340784.213569073, 7745793.065480268, 7809264.947988058, 6567967.534709036, 6899940.315467104, 6400536.048321475, 7325965.912758986, 7501674.290650907, 6856184.571110087, 6737024.792732236, 6357488.591713365, 5989525.447048431, 6832866.312102338, 5752569.063874464, 6296489.142508514, 6812893.2481785985]
[7087602.722473306, 7494113.682555166, 7181548.888393186, 6108346.981700304, 6248823.919634564, 6332969.813299964, 7795223.555000842, 7296996.616888991, 6365726.815762391, 6930889.763857062, 6668586.349633488, 6377818.708469343, 6815654.829642882, 6580700.366049384, 6682246.360160781, 7535079.154320794, 6842500.382226336, 6553908.734515667, 7439508.334370969, 7364292.362537201, 5865875.707177359, 7560297.666069883, 8476830.832585914, 7088144.026078964, 6347486.832078809, 6856637.753789176, 7650735.380338413, 7344058.586386439, 7492782.334499873, 5888723.882088371, 6968836.058767891, 6921088.48246227, 6292211.542111678, 6135330.426665309, 7230568.382857049, 7745793.065480268, 7742352.324159017, 6549081.929709949, 6866633.7649912685, 6380639.918980269, 7245974.769635418, 7478797.860214856, 6850868.305977896, 6737024.792732236, 6348645.411832242, 5989525.447048431, 6774943.777728292, 5752569.063874464, 6290603.802143248, 6659824.077028809]
[7087602.722473306, 7320371.707127956, 7089131.630691843, 6086914.228323665, 6181897.903137807, 6313438.0243863175, 7723832.499932967, 7175673.883172644, 6284880.653366966, 6793598.576665372, 6481226.214607614, 6340249.332677402, 6803924.98503882, 6498040.021393536, 6592352.905506655, 7480034.831640659, 6777435.485992747, 6553908.734515667, 7355099.015191935, 7353223.830828324, 5834695.25564531, 7454572.730542806, 8476830.832585914, 7088144.026078964, 6229177.305720493, 6759915.863299715, 7631525.9255792005, 7310002.572216928, 7408793.288120459, 5888723.882088371, 6843484.302471931, 6634301.328647383, 6061844.5208064215, 6135330.426665309, 7175789.200538605, 7584772.483969988, 7598105.2970914785, 6503485.563065687, 6828941.200448034, 6167112.304816598, 7189842.363868082, 7342670.990566636, 6850868.305977896, 6714675.7793838475, 6193035.434460791, 5761928.867235283, 6774943.777728292, 5729500.914499501, 6268341.50856649, 6643064.805743212]
[7076649.772946732, 7267759.5586704, 6985401.779067081, 6018661.585986125, 6110841.328777568, 6133494.538425325, 7594551.7805324625, 7012245.469004315, 6179147.448418662, 6732852.290610282, 6444273.155681146, 6235411.8636431135, 6619732.858456356, 6352603.381642632, 6476776.583220718, 7473183.689838499, 6709873.703494024, 6465770.62254308, 7280324.9563728925, 7192764.784828442, 5788092.699744692, 7256363.137695551, 8357373.547288284, 7065587.623658476, 6187723.941506345, 6703984.560459878, 7631525.9255792005, 7090555.038281294, 7216016.094998288, 5860277.920543332, 6843484.302471931, 6630423.145248254, 6061844.5208064215, 6076198.41496828, 6947524.435439062, 7580396.447094852, 7540457.103715634, 6494227.882308204, 6734128.789117388, 6167112.304816598, 6858596.044715846, 7331928.731283401, 6850868.305977896, 6714675.7793838475, 6193035.434460791, 5751239.042078014, 6718550.130306077, 5729500.914499501, 6244641.929819952, 6551473.739308191]
[6961194.556309469, 7150576.02522739, 6950857.757123019, 6010465.408698584, 6110841.328777568, 6127384.8247161815, 7582208.155120085, 6964018.928787711, 6027250.664076353, 6722910.760041723, 6444273.155681146, 6130494.947174381, 6491909.104884257, 6352603.381642632, 6428671.997503173, 7473183.689838499, 6663132.61957726, 6465770.62254308, 7245665.036613588, 7192764.784828442, 5764624.49116677, 7180819.043453735, 8109382.25967713, 6984969.607947337, 6110142.526130082, 6690910.662513172, 7613952.041446698, 7010400.326299556, 7190789.755136525, 5796359.605861935, 6820307.409217985, 6362038.429717394, 6025640.19946911, 6015048.447712419, 6869579.584633636, 7531590.281538797, 7294498.087052358, 6461452.189811592, 6711782.493211148, 6159285.601464456, 6835318.928706074, 7096977.331956866, 6753233.855984358, 6714675.7793838475, 6193035.434460791, 5735580.581235095, 6614005.152165161, 5591925.521316839, 6226429.388782211, 6466606.219738501]
[6903151.966354139, 6976988.39433516, 6662958.606025986, 5900100.323091181, 6107026.841684467, 6070902.840031, 7561561.873670546, 6833469.850351863, 5921658.951725444, 6691264.201246118, 6444273.155681146, 6083690.736658114, 6453233.369618988, 6156693.238233, 6417895.361893292, 7245569.081910615, 6600242.869199358, 6465770.62254308, 7129055.62856694, 7192764.784828442, 5738782.1496577645, 7109460.410061141, 8109382.25967713, 6762524.168396639, 6025395.556523591, 6493740.096650305, 7265603.6594587015, 7010400.326299556, 7130369.643051298, 5733927.988737719, 6797352.159131007, 6362038.429717394, 6020062.397571701, 5968737.041389008, 6788432.074557791, 7531590.281538797, 7079564.392749883, 6431408.157361783, 6661397.565586641, 6095151.058247903, 6789888.196058827, 7096977.331956866, 6736793.118613598, 6574028.329542074, 6136272.6510116495, 5723372.470156594, 6024966.62136048, 5591925.521316839, 6178458.423215598, 6397309.79772825]
[6903151.966354139, 6976988.39433516, 6662958.606025986, 5790125.329147191, 6062704.320242151, 6070902.840031, 7561561.873670546, 6832947.6308937995, 5896747.139853055, 6685286.900296445, 6222494.223597014, 5914963.114434932, 6451516.96147091, 6068202.124773013, 6408517.983140436, 7133905.7584933, 6506893.748684741, 6439534.517740794, 7065767.489702508, 7007996.946793218, 5637298.039125386, 6924986.562100649, 8080741.483151953, 6751735.8246665625, 6025395.556523591, 6488341.878580536, 7253020.964402266, 6980206.538134533, 6893440.6883687945, 5663018.643919007, 6797352.159131007, 6312700.441770902, 5949962.583736421, 5934656.825178755, 6788432.074557791, 7373929.872547254, 6964791.48595302, 6371447.441186046, 6516309.03136473, 6017083.394198226, 6747958.1836165935, 7010135.581181367, 6736793.118613598, 6561033.4984999485, 5972047.738644858, 5689071.4389735265, 5982085.558406686, 5546963.505847474, 6094918.603288587, 6228570.687756218]
[6895400.580777754, 6881396.610749202, 6627781.483058324, 5706591.332370437, 6021251.498965131, 6070902.840031, 7443927.302054768, 6750452.150246264, 5856597.709969749, 6655378.087758976, 6214804.177648993, 5784088.027858087, 6414622.58774719, 6068202.124773013, 6408517.983140436, 7102785.633159637, 6489506.103306284, 6431959.803166214, 6879832.765086664, 6992709.069743222, 5637298.039125386, 6837911.325379409, 8006920.083531382, 6738511.90835874, 5980714.561348731, 6428603.825540021, 7112708.965570299, 6980206.538134533, 6820519.1838575825, 5600765.470747176, 6664797.148147941, 6312700.441770902, 5947846.070702937, 5782442.137607156, 6701788.12908419, 7373929.872547254, 6949956.698562993, 6257576.564933072, 6483117.104575103, 5928119.228389769, 6716232.903722773, 7010135.581181367, 6516825.646738963, 6500139.891917246, 5820589.935807127, 5423605.167297045, 5908844.679839351, 5476047.488132869, 5974325.034896122, 6228570.687756218]
[6768832.490478786, 6881396.610749202, 6627781.483058324, 5654640.788280839, 5995628.331297481, 6070902.840031, 7443927.302054768, 6641964.085209951, 5856597.709969749, 6578359.650311699, 6202247.758863333, 5666074.620241878, 6407929.039354776, 5998742.077286452, 6335932.01313541, 7077294.443872628, 6451123.718322979, 6334684.2080555875, 6879832.765086664, 6992709.069743222, 5533879.7831344595, 6822519.977411551, 7747482.188677201, 6738511.90835874, 5980714.561348731, 6428603.825540021, 7060479.8950933395, 6948642.734719877, 6740814.84093492, 5558555.775061323, 6510248.872427427, 6305953.926645124, 5947846.070702937, 5742194.442116505, 6563799.312509135, 7220687.607845361, 6944405.492522041, 6196704.4842843935, 6424276.157186659, 5879604.033309093, 6387191.060154553, 6991091.559153679, 6289156.89005798, 6430851.808285287, 5720830.09221257, 5332870.918275484, 5908844.679839351, 5374218.867665419, 5794231.7446649615, 6186859.02777373]
[6708942.371937825, 6876761.297369063, 6627781.483058324, 5629001.460323764, 5995628.331297481, 6070902.840031, 7404841.99908004, 6618825.633129272, 5795951.21843108, 6516580.212969244, 6164332.537256623, 5589439.783427378, 6332754.95961363, 5895569.893010628, 6225824.718729995, 7017643.775929694, 6408371.098743665, 6306483.168267029, 6866962.371527503, 6842867.493540039, 5533879.7831344595, 6822519.977411551, 7625191.990343951, 6649520.27880191, 5949604.61286415, 6236363.530057798, 7039484.687501569, 6899560.605325298, 6740814.84093492, 5462457.685772436, 6207551.547032604, 6305953.926645124, 5889961.832558235, 5663106.504269276, 6563799.312509135, 7185434.629345437, 6944405.492522041, 6136249.288527014, 6409015.187486044, 5816471.315090096, 6351573.435549597, 6822268.6399402125, 6190953.362959035, 6400843.672612817, 5682521.8424790995, 5282022.816208109, 5744406.855737872, 5297916.273645557, 5627576.570139361, 6166873.617171692]
[6654253.794392424, 6694068.753840759, 6515576.5177823035, 5629001.460323764, 5931897.714937879, 5995416.784499118, 7404841.99908004, 6618825.633129272, 5795951.21843108, 6516580.212969244, 6146777.106914649, 5551106.421186725, 6200169.876756998, 5881598.486934135, 6136421.817833911, 7017643.775929694, 6337585.500237951, 6306483.168267029, 6716736.643531242, 6796780.453165434, 5452250.6404533675, 6815251.8551156055, 7625191.990343951, 6639149.368928098, 5811212.036402108, 6192151.242739612, 6781753.815971857, 6846532.354202157, 6740814.84093492, 5462457.685772436, 6199339.5982827, 6263555.01173246, 5766233.306771497, 5663106.504269276, 6431198.17707411, 6930878.997736563, 6944405.492522041, 5943565.131087961, 6388554.266324426, 5807306.420515093, 6300684.588150948, 6690780.865690735, 6190953.362959035, 6395900.345709947, 5586428.601856984, 5282022.816208109, 5744406.855737872, 5213859.621006498, 5627576.570139361, 6158335.445343303]
[6421385.004820238, 6644016.472176377, 6452268.540710004, 5559012.27808482, 5907999.896170767, 5995416.784499118, 7404841.99908004, 6334129.469309236, 5737439.169376681, 6291189.465603453, 6086611.00732131, 5487081.689507046, 6155561.040752352, 5834370.7276722025, 6023040.062225604, 6886439.876572102, 6321713.707098827, 6192603.47661634, 6715262.347121602, 6796780.453165434, 5426826.4042033665, 6815251.8551156055, 7625191.990343951, 6638901.419847244, 5811212.036402108, 6192151.242739612, 6781753.815971857, 6743292.116815929, 6683584.227765163, 5462457.685772436, 6081521.801970278, 6179042.434027386, 5757435.676279742, 5593315.191008276, 6164856.452440509, 6930878.997736563, 6779085.0329453675, 5943565.131087961, 6365779.481239838, 5730856.419012511, 6257443.699666168, 6599113.953779924, 6190953.362959035, 6360416.207777811, 5586428.601856984, 5165442.654754292, 5703706.90714034, 5213859.621006498, 5598963.903820138, 6156734.2193732755]
[6421385.004820238, 6375592.90878238, 6254342.198572146, 5508607.470892331, 5809670.182228571, 5995416.784499118, 7404841.99908004, 6334129.469309236, 5665860.078060928, 6278588.319531267, 6031276.308836812, 5244798.273478941, 6064031.34244886, 5834370.7276722025, 5992938.941258489, 6858259.792389855, 6274334.501385908, 6172074.317820104, 6715262.347121602, 6717491.013110143, 5341322.27269399, 6815251.8551156055, 7522069.150587611, 6638901.419847244, 5749760.076766068, 6110038.97231699, 6781753.815971857, 6580999.581733749, 6539925.263591566, 5435202.717048185, 5884381.259759014, 6075821.977307124, 5757435.676279742, 5576045.21209569, 6154137.558277266, 6745365.457207796, 6678368.813696844, 5791011.015829165, 6296670.835330196, 5682759.814497229, 6247587.557830416, 6599113.953779924, 6190953.362959035, 6062466.417308674, 5586428.601856984, 5165442.654754292, 5685958.423305321, 5212383.746750204, 5382421.182657797, 5973773.993082596]
[6342751.606010905, 6282217.651161059, 6254342.198572146, 5431544.385021986, 5699827.254487017, 5949471.448771942, 7170733.293911892, 6290724.086145198, 5607858.309223692, 6157926.297561361, 6029883.242494406, 5227246.959901144, 5957561.48078922, 5765027.146666996, 5987956.064140947, 6832218.610568468, 6236160.162606406, 6126425.837239066, 6715262.347121602, 6674287.447479102, 5223894.046638867, 6685827.280657126, 7500728.624510954, 6502560.674882769, 5465496.891910704, 6006824.38115399, 6735660.318544795, 6273864.537371302, 6480307.584513202, 5435202.717048185, 5820837.35087602, 6075821.977307124, 5670856.885799433, 5543301.110823349, 6145604.793146793, 6718770.333466761, 6511150.079329656, 5791011.015829165, 6234845.562120752, 5656441.523501069, 6055218.992261602, 6498278.3932966245, 6041316.75670076, 6062466.417308674, 5560631.394763609, 5165442.654754292, 5683073.397518363, 5208499.5483419355, 5317479.626540406, 5831090.8249816075]
[6314411.127520075, 6144484.371119467, 6192196.030634574, 5396140.89290292, 5663804.355487606, 5913281.603600118, 6996161.110145835, 6243449.507107139, 5553280.886482078, 6086766.582851356, 5988747.289354593, 5188664.9152302835, 5903062.408214839, 5604000.044274018, 5891094.5718256505, 6794908.79364354, 6011971.272426899, 6126425.837239066, 6715262.347121602, 6514102.528730238, 5151084.720670793, 6605187.721927262, 7465356.300571064, 6502560.674882769, 5267402.798187869, 5787786.792255664, 6716417.122167006, 6273864.537371302, 6450373.127052094, 5435202.717048185, 5801200.220260461, 5996711.437364025, 5539557.844511887, 5424977.839303028, 6145604.793146793, 6696048.451322274, 6453371.972482791, 5696524.669969287, 6221185.092301959, 5554742.626094737, 6053534.818371259, 6421225.803317686, 5932654.944069975, 6031498.995745467, 5491542.727122737, 5111460.916001264, 5417921.36752384, 5166029.53919153, 5315717.465197408, 5814539.128827873]
[6199284.574181872, 6056071.071618701, 6187303.163464912, 5376745.133620722, 5519475.099474142, 5887741.295504482, 6991449.560515033, 6243449.507107139, 5509626.159495892, 6022969.890158032, 5678297.257252632, 5056029.573070479, 5903062.408214839, 5525906.285833916, 5746591.028220185, 6722222.033905886, 5962472.088166487, 5880362.423966931, 6713919.953513245, 6513961.5427522315, 5124907.781602384, 6474274.709686946, 7183879.817997334, 6483726.48181619, 5267402.798187869, 5702632.391375324, 6647966.361314509, 6228845.352604978, 6318826.730803695, 5396132.547508372, 5739299.990568482, 5917779.249493767, 5377705.177781903, 5407374.515045373, 6008044.512797627, 6668815.066360878, 6290243.783676883, 5696524.669969287, 6007299.055599019, 5422802.874670854, 6048773.860681437, 6350598.420231037, 5932654.944069975, 6008692.861596521, 5376755.399326796, 5108676.499669779, 5361492.586948561, 4981905.545469616, 5235637.203106139, 5696280.4792617345]
[6083434.7050650865, 5994029.277240946, 6160520.632114108, 5342847.8172624195, 5519475.099474142, 5822810.387063939, 6806661.3108965065, 6083711.568128456, 5509626.159495892, 5937641.776338631, 5369344.732266126, 4971712.317438756, 5872148.270657787, 5494931.199092584, 5472321.562039284, 6692606.567535658, 5857190.16479962, 5801644.232067234, 6609966.53845228, 6450446.934836087, 5124907.781602384, 6257822.100803146, 7128771.908260224, 6298381.099868944, 5267402.798187869, 5441105.452277189, 6585203.901934726, 6228845.352604978, 6175706.880308429, 5356095.507300602, 5568564.917223453, 5647116.608813072, 5309495.836945029, 5380571.8947286, 5962454.802243632, 6668815.066360878, 6290243.783676883, 5447929.097571114, 5943956.657576064, 5333803.761706809, 5973561.8771754, 6324584.602908748, 5796630.201742675, 5907775.063887594, 5376755.399326796, 5108676.499669779, 5317128.295703003, 4843384.6941384915, 5225849.54631816, 5693383.386600258]
[6083434.7050650865, 5994029.277240946, 6160520.632114108, 5187809.418362867, 5488675.212664984, 5638708.754935721, 6698704.045776233, 6068782.329077, 5506853.517914583, 5804876.145033158, 5369344.732266126, 4971712.317438756, 5825783.617794734, 5492830.489395404, 5456241.814754495, 6674699.867443694, 5772637.9732601745, 5792673.423075429, 6374602.081559721, 6223263.540469775, 4970813.656038779, 6244021.319357227, 7071240.368869183, 6150888.327109053, 5267402.798187869, 5386779.8030064115, 6319002.855923174, 5942876.173215401, 6114445.113883254, 5229688.330323003, 5568564.917223453, 5646802.553170198, 5304973.026717413, 5145197.368804452, 5869463.020843115, 6613698.538736058, 6189116.46853548, 5447929.097571114, 5943956.657576064, 5246276.80322347, 5902150.220792447, 6277993.255094131, 5796630.201742675, 5907775.063887594, 5172406.913230332, 4887464.227658017, 5303606.181375048, 4843139.074984649, 5182580.7007081695, 5676769.365216513]
[6043624.011625673, 5989471.670242539, 6111694.448540768, 5107695.607430078, 5294555.258970917, 5620248.373978631, 6652064.206513407, 6068782.329077, 5380348.245743349, 5803537.215198236, 5310318.632631013, 4912903.398734351, 5806251.524172591, 5492830.489395404, 5416935.16722692, 6674699.867443694, 5678040.695930043, 5754631.921804338, 6374602.081559721, 5900290.291805476, 4880878.131389134, 6205761.926426051, 6962913.51436598, 5992496.14590429, 5208007.580925561, 5210391.07835217, 6319002.855923174, 5759944.632997941, 6111807.903910983, 5104467.822394231, 5568564.917223453, 5526645.504146087, 5190077.556119029, 5145197.368804452, 5838535.167949157, 6489747.603889453, 6189116.46853548, 5427259.57416496, 5884529.310045761, 5240100.594678587, 5902150.220792447, 6241032.83674707, 5732451.593758701, 5670747.231956184, 5172406.913230332, 4740276.888892364, 5232149.503118372, 4843139.074984649, 5182580.7007081695, 5535717.890531918]
[5968046.780315895, 5989471.670242539, 6111355.520427508, 5081754.945862633, 5294555.258970917, 5583346.6236838205, 6652064.206513407, 6035482.5943837855, 5320576.7875591945, 5779685.761632698, 5278948.318019221, 4896500.357291563, 5806251.524172591, 5417650.634146441, 5407340.191531343, 6489507.177251737, 5604596.367636552, 5741379.348142594, 6309923.3122965135, 5819238.898721834, 4873300.850848142, 5845887.167228894, 6962913.51436598, 5801444.22129187, 5208007.580925561, 5189289.105909753, 6282473.761349578, 5690815.3024126645, 6096992.015321465, 5104467.822394231, 5541920.8893121015, 5431499.873716612, 5190077.556119029, 5145197.368804452, 5838235.176696476, 6463995.689049857, 6169992.232591173, 5361741.426668704, 5805173.699674875, 5231366.4067023005, 5811683.556197996, 6222335.935488552, 5729517.008221314, 5557294.424134238, 5172406.913230332, 4642938.381894575, 5215935.118284389, 4823061.575788518, 5068964.466216289, 5440848.480765043]
[5847031.126629141, 5973193.8677353375, 5972695.975593919, 5081754.945862633, 5294555.258970917, 5583346.6236838205, 6644698.106605303, 6006340.430154376, 5268155.718185792, 5779685.761632698, 5189432.277758414, 4896500.357291563, 5764777.921212573, 5308979.27257804, 5373107.341469454, 6350433.28672541, 5604596.367636552, 5672160.8464892525, 6159966.50644247, 5800053.902725379, 4810816.659647683, 5815666.279098217, 6945217.504863093, 5801444.22129187, 5123201.519799855, 5174192.464376418, 6244859.955212558, 5638385.02436782, 5782680.868948491, 4927168.303755031, 5541920.8893121015, 5420059.140748825, 5108162.866722925, 5115183.365963795, 5772115.994619826, 6330873.947219062, 6007147.048402878, 5228786.029505496, 5718782.045809144, 5231366.4067023005, 5753517.138166176, 6191310.956353368, 5619611.775324063, 5500182.9373626355, 5172406.913230332, 4501242.164652586, 5204757.925938459, 4823061.575788518, 5068964.466216289, 5429602.696344862]
[5847031.126629141, 5815147.331734746, 5958404.045428551, 5060844.867144993, 5135080.97021728, 5424125.900722194, 6522817.627691188, 5954540.441304947, 5231495.249259946, 5716293.1664688885, 5189432.277758414, 4896500.357291563, 5713482.852673819, 5253312.012777409, 5312675.262740264, 6244869.36034397, 5604596.367636552, 5672160.8464892525, 6159966.50644247, 5742591.015467806, 4761412.437336015, 5815666.279098217, 6803545.170576923, 5778690.301840506, 5074150.81681419, 5109035.899944471, 6197572.792279583, 5638385.02436782, 5778330.919781768, 4922514.974210539, 5415302.915127417, 5415724.182248641, 5090438.331615867, 5067022.35293305, 5772115.994619826, 5992171.407514933, 5990600.623469556, 5228786.029505496, 5661166.483022353, 5231366.4067023005, 5658986.0285296915, 6069555.365679592, 5438779.684487111, 5469514.858987883, 5163650.62767706, 4501242.164652586, 5173209.120769681, 4800873.955636757, 5068964.466216289, 5414496.870702387]
[5709090.934043371, 5739058.273526608, 5942897.675372632, 4999601.706496509, 5035457.538095621, 5424125.900722194, 6425531.935893957, 5910681.482657808, 5164649.326865168, 5664582.721741346, 5123606.502587849, 4781509.062805554, 5552661.426245062, 5244677.438025982, 5258769.988852983, 6244869.36034397, 5584718.248374537, 5645433.426430616, 6143643.11526745, 5691946.245016086, 4725914.9252181435, 5813071.133899728, 6772003.627438135, 5686338.497828523, 5074150.81681419, 5049197.6011658935, 6197572.792279583, 5621739.727317725, 5750929.221368325, 4875603.093827528, 5415302.915127417, 5289656.145273867, 5054046.567313487, 5044751.178237417, 5680735.751794002, 5965109.375096105, 5858420.844802577, 5190962.449047247, 5514264.46771101, 5212499.119784745, 5637716.904959825, 6006185.302244296, 5380913.555333484, 5469514.858987883, 5163650.62767706, 4424978.314501424, 5085199.036429442, 4654609.304434733, 5068964.466216289, 5414496.870702387]
[5315344.930356019, 5707194.695227776, 5894047.1494783955, 4998781.578679541, 4994558.886572984, 5424125.900722194, 6425531.935893957, 5793750.650158003, 5164349.860128641, 5626711.733415135, 5070303.697152203, 4682375.383841833, 5474284.641840506, 5244677.438025982, 5005744.24695869, 6228643.494204916, 5584718.248374537, 5621049.9756338205, 6004963.948244082, 5504884.779770495, 4725914.9252181435, 5692750.000794353, 6767137.1026044665, 5586872.560826585, 4946026.368299323, 4964281.066779059, 6127412.149510479, 5614677.683005536, 5746673.217222312, 4793754.281607383, 5415302.915127417, 5202179.491363694, 4977305.911073132, 4979661.501780161, 5642840.766240467, 5897248.263743563, 5858420.844802577, 5187674.651425937, 5480834.038181789, 5125806.806034849, 5437433.645934711, 6006185.302244296, 5380913.555333484, 5459695.026875358, 5163650.62767706, 4414228.5182575565, 5085199.036429442, 4526721.003677982, 5041619.179198534, 5354719.465805226]
[5310853.582172035, 5658303.839075563, 5870732.008741988, 4998781.578679541, 4986835.444409984, 5273884.3801304875, 6392027.251847832, 5758368.946935633, 5130463.574117505, 5606446.3191162115, 5070303.697152203, 4516502.519730722, 5442711.71231409, 5235579.417356289, 4935144.270582069, 6172507.314318551, 5469252.638202818, 5601613.974633295, 5836353.748620047, 5445374.182349272, 4715964.267487692, 5609332.158165006, 6694360.49752778, 5496750.379076912, 4946026.368299323, 4894359.726389734, 6041999.516864045, 5564062.649480208, 5581187.528669817, 4764468.812786948, 5379040.120291544, 5143861.847819315, 4977305.911073132, 4976650.629106341, 5642840.766240467, 5892531.024873561, 5720484.5235654535, 5142599.792353934, 5371582.006227652, 5056001.102752737, 5437433.645934711, 5900340.467847074, 5113231.405142806, 5395307.839184817, 5059122.617666909, 4414228.5182575565, 4923254.279750129, 4526721.003677982, 4928431.399592298, 5342467.077467577]
[5237381.038340624, 5615367.982050358, 5773639.561231095, 4975408.005219762, 4863500.120137022, 5180238.676565508, 6282205.685230846, 5758368.946935633, 5129076.985002934, 5558458.7449784735, 5056455.579131362, 4502926.652639334, 5427508.221755875, 5235579.417356289, 4918918.641218325, 6076228.26879531, 5393062.344738541, 5585524.161016752, 5772131.952137028, 5367008.172827619, 4715964.267487692, 5609332.158165006, 6522296.812159578, 5444625.618531518, 4891316.8935203245, 4784873.552004668, 6041999.516864045, 5428567.793341648, 5484613.068544229, 4690647.179014439, 5245996.035490702, 5143861.847819315, 4882267.936996197, 4968824.714998236, 5616810.504878373, 5807496.234316706, 5720484.5235654535, 5067654.870208406, 5371582.006227652, 5028374.899280356, 5437433.645934711, 5900340.467847074, 5089470.055675828, 5340365.570667925, 5035250.445256138, 4372384.780920247, 4912712.261175802, 4526463.587437071, 4910437.261660312, 5260012.150104193]
[5237381.038340624, 5546463.654721179, 5745184.801678106, 4944081.388714531, 4823507.131819772, 5090355.924350855, 6124409.544857592, 5707017.01298696, 4926255.976749792, 5394659.927765374, 4980519.02554764, 4502926.652639334, 5402001.321146208, 5194833.102734897, 4811540.471785097, 5867085.603885704, 5279134.246782623, 5533303.29644911, 5768290.328733677, 5301091.249885951, 4689389.905501719, 5493379.514608996, 6436224.516135367, 5366281.0506809, 4832967.772426261, 4758003.002108747, 5755204.9725303585, 5396644.098208419, 5484613.068544229, 4690647.179014439, 5233994.8839674825, 5089994.709243519, 4836381.97744349, 4968824.714998236, 5616810.504878373, 5694940.928176726, 5720484.5235654535, 5054897.880460753, 5371582.006227652, 5028374.899280356, 5426687.512532912, 5641987.293976113, 5026191.002097322, 5340365.570667925, 5035250.445256138, 4351820.144708632, 4856642.457741318, 4526463.587437071, 4895299.154526611, 5213446.546681906]
[5045158.405430565, 5502684.581983734, 5662408.300819844, 4944081.388714531, 4798316.869310572, 5064667.708344849, 6011413.889098523, 5707017.01298696, 4861747.230954439, 5332739.163898686, 4974586.162558759, 4502926.652639334, 5364386.7862522025, 5164099.353034314, 4717920.985957114, 5640361.157672087, 5188035.636904657, 5372529.90412154, 5672627.463452512, 5250100.970269739, 4651659.736024422, 5493379.514608996, 6425098.769952205, 5366281.0506809, 4785266.960854588, 4712962.632186329, 5736612.856457528, 5396644.098208419, 5451983.384571443, 4674180.640425008, 5233994.8839674825, 5089994.709243519, 4836381.97744349, 4786311.5177761745, 5341255.001008475, 5597306.034292115, 5623409.985822173, 5035978.840689995, 5343255.176228287, 4959369.53374025, 5373926.52500813, 5641987.293976113, 4987781.912164312, 5263742.247427167, 4995446.248988981, 4284489.142063735, 4856642.457741318, 4514923.095247969, 4848953.9836400645, 5104561.870286018]
[5045158.405430565, 5453830.239033289, 5659813.541462271, 4917078.579834847, 4798316.869310572, 4980391.54600555, 6011413.889098523, 5707017.01298696, 4860987.314198097, 5266349.378612481, 4700271.649215357, 4502926.652639334, 5315613.985299186, 4969466.972347138, 4632072.333977214, 5530254.652179159, 5127589.595841188, 5266490.572494506, 5604579.56045092, 5161914.698258901, 4604815.128252762, 5460202.660134813, 6425098.769952205, 5366281.0506809, 4746472.5888815, 4662052.100355658, 5730958.7492937315, 5343878.445801614, 5274466.84713402, 4674180.640425008, 5233994.8839674825, 5006873.755305162, 4819567.602961487, 4759998.68087828, 5326721.541300558, 5479248.49751833, 5582888.076684042, 5035978.840689995, 5343255.176228287, 4959369.53374025, 5334465.936825681, 5591746.300300395, 4751152.533575015, 5249743.18977497, 4995446.248988981, 4245403.829245778, 4813231.78999391, 4504259.121426006, 4674535.319376595, 4930340.603956914]
[5045158.405430565, 5413043.427611651, 5578577.84741348, 4830432.432690776, 4639906.218701538, 4980391.54600555, 6011413.889098523, 5670226.185054695, 4831204.213217709, 5136425.776979147, 4604700.899029562, 4502926.652639334, 5191759.214107048, 4949365.009008006, 4611216.317568117, 5446642.824849573, 5050050.539188728, 5103552.93294043, 5597319.026506721, 5095793.7858249135, 4549963.5929423915, 5345587.935243193, 6425098.769952205, 5350351.719322291, 4714674.508460105, 4465611.591830785, 5636595.169840556, 5249442.92986441, 5222739.824114708, 4582773.588529592, 5150169.167844469, 4877156.072414579, 4656980.864229569, 4738763.630574967, 5266704.271225314, 5479248.49751833, 5579831.2348693665, 5035978.840689995, 5175867.27234012, 4955529.951770098, 5154514.607549739, 5573804.702676592, 4751152.533575015, 5160148.861187708, 4910403.26788304, 4245403.829245778, 4774795.464114717, 4504259.121426006, 4606337.557532524, 4905836.44025082]
[5015279.386515206, 5247880.574197514, 5424568.5657816585, 4736992.166319208, 4543641.230656417, 4938350.053203652, 5902749.468247994, 5593438.9930000305, 4777064.274770958, 5066996.043837884, 4604700.899029562, 4458535.118583936, 5191186.52621571, 4949365.009008006, 4590041.849813697, 5431031.341803247, 5050050.539188728, 5044875.914536182, 5254254.61973435, 5086441.783640517, 4500999.187914507, 5302583.807334488, 6297444.614649966, 5350351.719322291, 4677216.180214537, 4359416.747334781, 5514904.903417759, 5249442.92986441, 5159507.109378383, 4553542.640040604, 5150169.167844469, 4875036.313832005, 4632569.3118304815, 4738763.630574967, 5230354.157074382, 5417427.220814917, 5579831.2348693665, 4938036.400456994, 5100658.068199271, 4855228.980864057, 5082042.740126614, 5518816.460603329, 4751152.533575015, 5031401.890330863, 4905281.133145584, 4233776.7154704835, 4687534.506838063, 4500868.572153004, 4576162.727976966, 4893441.006852601]
[5015279.386515206, 5144800.769265068, 5352663.670962518, 4718424.620617008, 4543641.230656417, 4862662.21206794, 5844500.152722389, 5593438.9930000305, 4723191.300928285, 5047187.997858302, 4604700.899029562, 4402737.914670115, 5191186.52621571, 4922388.960388115, 4566677.8647413915, 5431031.341803247, 5006123.262281005, 4974016.102388156, 5201569.433110399, 5086441.783640517, 4439879.090591128, 5226841.627840839, 6273937.870499197, 5066797.726552954, 4551844.8368777735, 4264487.07618477, 5374868.883125614, 5157393.592986871, 5126907.772516461, 4473028.054898369, 5115812.780600058, 4852299.290840245, 4586526.117877235, 4561472.641248672, 4858827.960121146, 5417427.220814917, 5462224.436066054, 4929564.788057051, 5042480.256609284, 4793697.687958581, 5055628.056771826, 5518816.460603329, 4551420.682662904, 5031401.890330863, 4836654.948314208, 4225669.978667066, 4672777.96688496, 4487794.288499554, 4495148.6351764845, 4860548.557662475]
[4980360.696693092, 5144800.769265068, 5341067.640126209, 4717825.090501474, 4543641.230656417, 4815996.998880967, 5844500.152722389, 5450248.735286707, 4719521.151022811, 5045234.386810781, 4581604.907743005, 4313998.453090062, 5145078.766698257, 4922388.960388115, 4557182.173334518, 5431031.341803247, 4951365.899908455, 4953827.562257104, 5069088.197121954, 4992699.505645024, 4439879.090591128, 5094725.530865819, 6236247.661002643, 4976962.9433520725, 4367026.7340147905, 4264487.07618477, 5267771.329043423, 5045680.333461981, 5126907.772516461, 4462286.659297759, 5067597.906421366, 4852299.290840245, 4549265.083694971, 4461061.207922464, 4813979.604880625, 5407238.378587564, 5410580.316783937, 4622293.354542858, 5002948.183585326, 4611258.19646023, 4953830.060400232, 5471393.346301478, 4514176.832312958, 5031401.890330863, 4761285.029816441, 4222715.628179866, 4584307.790335082, 4487794.288499554, 4495148.6351764845, 4595341.548880538]
[4962759.33531254, 5105529.037964217, 5250003.846338248, 4578550.651282336, 4528254.568940511, 4735819.589125558, 5811999.559411594, 5380823.340930695, 4704206.707491662, 5035529.556377146, 4535960.118842209, 4271419.953400222, 5041713.917641689, 4922388.960388115, 4526451.974790899, 5395825.217210294, 4809096.774217537, 4900506.436096417, 5069088.197121954, 4992699.505645024, 4366412.431805607, 5094725.530865819, 6229954.945977548, 4976962.9433520725, 4315443.638712526, 4264487.07618477, 5267771.329043423, 4941917.088704675, 5126907.772516461, 4368466.715730975, 4925418.053195871, 4852299.290840245, 4408677.0999944415, 4461061.207922464, 4739021.072654894, 5388333.285573414, 5191023.308462806, 4490132.005238623, 4989630.976253758, 4589299.340932382, 4795796.158163922, 5450305.347834252, 4514176.832312958, 4867901.235072868, 4708037.620717942, 4187838.334668054, 4571056.340421816, 4450884.334236584, 4474229.491527261, 4578095.071022635]
[4922124.055532224, 5036507.534519323, 5199965.648850219, 4456781.926512214, 4425605.611669163, 4650265.307202617, 5645893.776386898, 5379437.454475325, 4623827.1735171545, 4949776.551003345, 4501385.578319174, 4271419.953400222, 5019923.966410222, 4922388.960388115, 4507213.118856916, 5220049.5721658645, 4750608.925448133, 4846400.712935599, 5035242.170055142, 4890118.593936017, 4250157.115783325, 4979494.03120191, 6055536.430218323, 4903470.867587816, 4297535.052095853, 4264487.07618477, 5237098.026030693, 4941917.088704675, 5114457.178081262, 4201281.724488404, 4836844.095338618, 4843916.556733688, 4357130.523964746, 4419813.592762949, 4666886.586358181, 5245554.707661974, 5079657.398906583, 4490132.005238623, 4957157.569144016, 4486260.691298353, 4785968.317284004, 5432487.576383452, 4514176.832312958, 4753412.2400263995, 4686908.420220781, 4089034.362190648, 4535278.783160209, 4413622.86036513, 4453476.409454699, 4527058.111219252]
[4871860.734821143, 5019528.629777869, 5199965.648850219, 4456781.926512214, 4425605.611669163, 4616679.440163922, 5530639.101490177, 5207290.439674819, 4588742.84817193, 4949776.551003345, 4450807.593054636, 4271419.953400222, 4900219.022921266, 4839785.355999037, 4450297.580933103, 5215970.175203005, 4733156.54229868, 4711248.65215596, 4937698.237254691, 4890118.593936017, 4205641.429317476, 4881548.537394431, 6021489.480042117, 4903470.867587816, 4236728.117719161, 4087569.7732664645, 5237098.026030693, 4913829.098825362, 5114457.178081262, 4168086.943815881, 4816786.723344299, 4789622.125446564, 4357130.523964746, 4392580.721810964, 4635146.460607298, 5199847.0198480375, 5069151.200166112, 4411194.455305683, 4957157.569144016, 4405198.393875609, 4785968.317284004, 5314102.601539542, 4471884.857286077, 4709588.398695838, 4686908.420220781, 4038843.175677832, 4481790.430141412, 4318464.70695163, 4392910.048076039, 4440047.593843965]
[4871860.734821143, 4997404.268774391, 5015983.056399209, 4456781.926512214, 4425605.611669163, 4616679.440163922, 5530639.101490177, 5136266.871749296, 4505252.012836713, 4915764.508878029, 4351456.896592283, 4211353.5003681015, 4900219.022921266, 4819645.842020351, 4389710.3089695815, 5148427.310909112, 4550881.96317365, 4711248.65215596, 4937698.237254691, 4887177.9848407, 4193417.030022811, 4845520.915048656, 5911554.769821224, 4805970.202479874, 4182713.3695260836, 4061963.2605617614, 5194603.519159758, 4839262.6144134505, 5069261.811006213, 4156319.69723527, 4816786.723344299, 4758402.498920312, 4357130.523964746, 4382537.400237173, 4635146.460607298, 5086360.129532548, 5029409.743088531, 4400694.385177936, 4912710.243532153, 4403519.225577013, 4785332.89667082, 5249336.140928636, 4424570.542203546, 4700416.02366346, 4686908.420220781, 3977127.1193127483, 4444016.854529509, 4318464.70695163, 4380435.673633629, 4415706.948444141]
[4870793.107607936, 4963408.707769054, 4928091.62197974, 4304797.024983706, 4333677.3027652, 4494635.555881133, 5409530.448880336, 5107861.466071496, 4307226.998776456, 4909643.831389878, 4349687.557976494, 4211353.5003681015, 4818247.551554943, 4740505.155135302, 4346506.338989482, 5055881.183384714, 4527797.786494384, 4668156.524919452, 4937698.237254691, 4806336.883495426, 4193417.030022811, 4773777.18385463, 5872918.165330423, 4726220.77015711, 4103752.3063736176, 4042685.994423242, 5185960.8300853195, 4834756.30994406, 4847183.210175549, 4117558.6072399556, 4816786.723344299, 4758402.498920312, 4334976.544909836, 4342094.813772688, 4474462.206172388, 5023084.114036562, 5010137.504975149, 4351626.077378166, 4862301.870117444, 4370829.506071365, 4683207.6703062365, 5060323.708955293, 4416862.816938608, 4675299.521316931, 4622072.014660956, 3967679.5159679623, 4419066.990435496, 4318464.70695163, 4291704.101993504, 4415706.948444141]
[4861712.077015897, 4963408.707769054, 4882765.165517327, 4264994.222586201, 4310000.127304018, 4494635.555881133, 5342639.6052504955, 5029929.741761131, 4307226.998776456, 4806970.820004529, 4274306.750468906, 4172917.1506063575, 4701610.955048291, 4637199.058345562, 4304520.62038769, 5007174.064935433, 4399545.9528415715, 4668156.524919452, 4937576.9118911, 4806336.883495426, 4193417.030022811, 4773777.18385463, 5853221.551006665, 4726220.77015711, 4015502.781504532, 4015774.9034591927, 5113927.783309825, 4820184.812648367, 4847183.210175549, 4079734.543648856, 4730640.072448431, 4735174.191382615, 4241756.760029883, 4304607.786881668, 4408829.074032533, 4945712.831423871, 4870211.9129428165, 4351626.077378166, 4862301.870117444, 4314538.546533027, 4656489.363909767, 5036030.634434114, 4312192.666576241, 4542768.261828062, 4496586.242814782, 3941230.9248931548, 4400785.914617958, 4311634.465344881, 4291704.101993504, 4344350.195912673]
[4850532.2500948105, 4963408.707769054, 4882765.165517327, 4183734.9667899227, 4279048.031672056, 4486823.873299892, 5342639.6052504955, 5029929.741761131, 4288401.398383742, 4806970.820004529, 4245004.118481863, 4116490.211045136, 4683457.097978425, 4621396.56041248, 4176622.4488544003, 5007174.064935433, 4331109.2658134205, 4658995.078555662, 4937576.9118911, 4806336.883495426, 4134832.3070850386, 4717087.786535278, 5688468.55342229, 4706350.415647013, 4015502.781504532, 3985150.2551997886, 5054777.8584086895, 4810045.876129346, 4847183.210175549, 4079734.543648856, 4566409.172563957, 4609671.880009396, 4241756.760029883, 4232323.588178776, 4292698.768249796, 4945712.831423871, 4766607.356523411, 4300906.804263725, 4852422.291477332, 4314538.546533027, 4572341.215032695, 4982932.79690324, 4312192.666576241, 4495537.346963515, 4461591.357897934, 3878551.710689655, 4400090.5859607, 4243201.672546261, 4279196.999123676, 4344350.195912673]
[4757087.825704569, 4911090.3883815855, 4867089.595401507, 4164605.9952503173, 4270386.652339374, 4486823.873299892, 5290789.912098875, 4950545.027112426, 4287746.34020759, 4765666.794389872, 4234307.768858615, 4038561.1073790477, 4545402.556068858, 4601694.706352228, 4147068.4802560047, 4989592.934792889, 4275501.716039395, 4658995.078555662, 4815458.618673462, 4802743.073771024, 4115552.3139069253, 4717087.786535278, 5649641.378398697, 4647630.641572646, 4013363.162156758, 3953517.9262908013, 5033906.603015723, 4688844.456555305, 4643156.744931536, 4045135.6658694916, 4550564.078312353, 4562949.347429343, 4190193.4867248996, 4225715.664901425, 4198026.574938306, 4803439.201719244, 4726322.470590709, 4300906.804263725, 4680447.8385939365, 4271724.41199881, 4572341.215032695, 4952214.553009993, 4292352.653867235, 4394657.121074165, 4452748.810866992, 3863835.6817515464, 4345407.658427584, 4132097.2141689546, 4249765.924392548, 4284709.131720966]
[4731571.195226564, 4859843.211428947, 4662201.507365415, 4142031.7265321994, 4217521.679389382, 4486823.873299892, 5290789.912098875, 4919095.499869135, 4241701.559716996, 4663343.60589042, 4234307.768858615, 4038561.1073790477, 4414689.442114083, 4486359.428554101, 4109794.4346799105, 4983030.575540865, 4275501.716039395, 4456750.061028767, 4797174.651706461, 4747370.501698073, 4052198.5324512133, 4717087.786535278, 5649641.378398697, 4580943.293650471, 3971442.2907718183, 3951176.496611929, 4999222.750079595, 4664584.847395531, 4551604.2999734115, 3948995.892584727, 4522196.48305591, 4544713.04213851, 4175824.822977693, 4211153.848477963, 4198026.574938306, 4797378.299280946, 4716635.712021209, 4299189.383156, 4680447.8385939365, 4271724.41199881, 4572341.215032695, 4901142.945352138, 4266540.6126971645, 4337325.193291763, 4419703.611034554, 3851539.4697674206, 4345407.658427584, 4043892.5910442458, 4215913.496942065, 4270680.256955426]
[4726167.985949134, 4849536.970957486, 4636322.182617405, 4128487.847297293, 4103869.9541798504, 4437946.818081554, 5290789.912098875, 4889274.288690902, 4230968.629627869, 4538200.942632402, 4234307.768858615, 4038561.1073790477, 4387781.967526965, 4486359.428554101, 4109794.4346799105, 4855263.120052126, 4259931.554764091, 4404378.711076941, 4676495.0668310765, 4618302.369158415, 4049048.573756362, 4717087.786535278, 5648396.509491436, 4513130.745912669, 3966821.243012493, 3907423.0074393637, 4999222.750079595, 4662932.315462821, 4542404.961319047, 3911509.1272468446, 4505802.897481298, 4518240.742611169, 4153047.795312828, 4142599.25345319, 4193149.926417443, 4771934.5062064, 4660685.309581648, 4229865.499237858, 4617107.528502898, 4168812.231160944, 4533922.239738128, 4839242.240793633, 4266540.6126971645, 4309451.737607522, 4304736.3260007445, 3850454.545807076, 4310818.629934883, 3887483.6036469205, 4143712.998356002, 4261989.153351495]
[4710604.957010435, 4837365.534014568, 4624427.299651632, 4128487.847297293, 4024013.37290006, 4309499.075959098, 5290789.912098875, 4889274.288690902, 4113265.7790020034, 4422249.165059464, 4234307.768858615, 3948108.3927343264, 4369918.114153577, 4435240.877243391, 4079367.673229532, 4804964.602829309, 4226983.515412825, 4353886.382867121, 4676495.0668310765, 4570471.834352672, 3854544.3932831995, 4701152.290949333, 5626068.635028991, 4513130.745912669, 3905387.1229188167, 3850931.6604939913, 4863166.633699949, 4590679.08527663, 4527378.897950059, 3894001.317592514, 4503408.127446834, 4506798.153583067, 4036026.385668761, 4132398.244973415, 4154430.1838725074, 4770099.668896449, 4629943.908619615, 4050770.324798327, 4595815.541538412, 4165487.159983204, 4520501.48575255, 4835134.9897334045, 4231876.20890607, 4184534.3763249964, 4261651.535913153, 3750679.0392564954, 4310818.629934883, 3873742.476771089, 3872456.7366273454, 4261989.153351495]
[4669455.281711377, 4736362.020289358, 4568224.918869806, 4128487.847297293, 4024013.37290006, 4167736.3534031725, 5290789.912098875, 4859317.013731846, 4107515.2293102248, 4285483.588936157, 4205441.276441183, 3942226.400229248, 4269844.406650404, 4362829.162923945, 4079367.673229532, 4799974.903496215, 4181346.528223372, 4275102.921902856, 4631646.752695331, 4461595.729040875, 3854544.3932831995, 4701152.290949333, 5609393.539975597, 4513130.745912669, 3870401.7788023627, 3819155.49680966, 4783853.557711666, 4582891.017931034, 4443948.552721249, 3779637.801632689, 4466742.771584365, 4470453.829299537, 4036026.385668761, 4097522.1334173484, 4108849.036944323, 4768370.713129182, 4592159.915700512, 4017370.8425100916, 4582335.482995923, 4098406.0683765113, 4495357.179159289, 4823025.163746925, 4156840.2926943423, 4148179.2015850632, 4261651.535913153, 3750679.0392564954, 4255321.255567962, 3774521.820963575, 3846392.5781339617, 4258299.0763607025]
[4535271.979028708, 4655198.390846539, 4524766.63192543, 4094036.6730783945, 3888334.164164053, 4167066.0878781774, 5015297.508674228, 4728079.166626979, 4107515.2293102248, 4256107.783066976, 4198205.689549124, 3942226.400229248, 4207677.82061776, 4346717.874147862, 4079367.673229532, 4787472.100695519, 4181346.528223372, 4069590.47048019, 4541378.617758982, 4408708.127933946, 3817697.102264718, 4673477.012096937, 5609393.539975597, 4434475.324787192, 3730414.9534087093, 3819155.49680966, 4781628.001808815, 4557465.478105755, 4443948.552721249, 3772136.7600443466, 4466742.771584365, 4305185.358100841, 3956862.443029159, 4097522.1334173484, 4047047.4428504556, 4754472.164366149, 4572745.384926669, 4002095.5800634874, 4545722.97391439, 4034617.6267055785, 4488700.663700892, 4787390.1898315605, 4156840.2926943423, 4076992.7803705395, 4260651.685130194, 3720511.344132673, 4222276.162272313, 3717100.863144424, 3797328.708446659, 4253071.537569532]
[4519088.285681642, 4609114.142207876, 4440978.206913618, 4094036.6730783945, 3867507.511510165, 4167066.0878781774, 4938497.297020807, 4668072.979473003, 4020823.3933639964, 4242057.222880098, 4197859.909336478, 3935149.9545860263, 4184393.097206909, 4197558.191536275, 4046345.112287925, 4787472.100695519, 4132776.6066357866, 4056242.0421431838, 4514855.657669477, 4207310.190794038, 3727974.2834330304, 4673477.012096937, 5585431.522408342, 4414023.71391168, 3708865.960753586, 3806153.786094103, 4781628.001808815, 4543222.471174719, 4443948.552721249, 3743105.4204458995, 4400703.94410157, 4305185.358100841, 3852996.3365760306, 4097522.1334173484, 4003821.9243973577, 4682397.95761471, 4533746.636971423, 4002095.5800634874, 4489580.982840852, 4004795.9677790515, 4392912.315602689, 4743216.535491219, 4156840.2926943423, 4076992.7803705395, 4228090.4335984485, 3666379.7696792297, 4161607.078008906, 3672017.116687145, 3783598.6709719524, 4226015.207926433]
[4395334.299977149, 4551220.886935534, 4311112.663461196, 4038846.626627537, 3832578.5530903414, 4167066.0878781774, 4907128.874182311, 4665348.386284644, 3880283.126335766, 4206807.404474924, 4173212.1251050597, 3935149.9545860263, 4179443.4657372525, 4177237.4630017886, 4046345.112287925, 4524661.120472523, 4132776.6066357866, 3976164.68651669, 4359910.343028649, 4176130.8086600103, 3716672.8234844706, 4656063.233662823, 5545295.635710546, 4383619.857199141, 3678838.353219743, 3769138.157136074, 4550500.449614982, 4484609.844185949, 4349057.064587615, 3581455.178562113, 4377196.764012755, 4226346.60973804, 3812652.1016792753, 4046092.635672462, 3972811.3025827133, 4577557.445955946, 4533746.636971423, 3988918.714953585, 4462165.032384628, 3983598.3605340505, 4386375.960411131, 4703907.481065126, 4094961.1693572737, 3977395.548064339, 4157135.301990837, 3581369.087446484, 4136963.7173419558, 3672017.116687145, 3783598.6709719524, 4201247.174892488]
[4334962.2729690755, 4551220.886935534, 4293801.135090137, 4038846.626627537, 3716474.4844345734, 4166270.0691107423, 4907128.874182311, 4474475.755791069, 3865833.96065519, 4160439.8410420604, 4173212.1251050597, 3864932.4419858186, 4079067.99803411, 4046219.7197776833, 4046345.112287925, 4491468.53586225, 3922284.413272998, 3940521.953445323, 4350587.97751219, 4166745.9874349376, 3614954.57377633, 4539277.2470099535, 5518114.692294335, 4332592.355613384, 3678838.353219743, 3686831.5573332896, 4507159.568714976, 4265626.513832063, 4184873.1432791455, 3551823.326158089, 4318887.004082609, 4216428.656167556, 3812652.1016792753, 3982762.395961894, 3972811.3025827133, 4452378.5192428045, 4533746.636971423, 3945670.8329181215, 4391278.4772265125, 3975633.904969223, 4386375.960411131, 4639107.757587646, 4054868.243615785, 3926983.329861888, 4157135.301990837, 3562843.130103824, 4000541.404915098, 3630085.6111016884, 3735194.5529087684, 4184436.1636404544]
[4282323.773525173, 4513837.288205338, 4248797.731590019, 4038846.626627537, 3702771.3288882324, 4107520.031272656, 4795217.719455058, 4468828.505706397, 3755949.9009472243, 4160430.2150801034, 4149830.5857962174, 3752183.290793401, 4079067.99803411, 3885996.9046221776, 4046345.112287925, 4455929.712467538, 3894899.552409707, 3830650.3054204015, 4283626.563029592, 4019653.204835967, 3614954.57377633, 4432954.289850506, 5482867.408205544, 4332592.355613384, 3644464.608178771, 3541051.659359184, 4456719.04300404, 4214347.634135975, 4154074.9174616365, 3551823.326158089, 4318887.004082609, 4216428.656167556, 3808080.38745483, 3961513.9767389908, 3871632.301861625, 4442761.725871565, 4533746.636971423, 3945670.8329181215, 4296275.090138816, 3957483.455743295, 4250758.765232883, 4603681.087583224, 4012735.7299261964, 3892107.974757048, 3991914.0196596957, 3424446.838177786, 3996089.3488047733, 3630085.6111016884, 3643982.3638053387, 4184436.1636404544]
[4244837.000438999, 4505610.71562804, 4205968.154447664, 3956037.807543876, 3690441.8996051974, 3998537.590013993, 4698611.688389636, 4296940.872125195, 3747323.9712038124, 4119261.8757858276, 4149830.5857962174, 3601316.7039060565, 3920419.5982199796, 3881665.204981728, 4017019.8648478976, 4343438.432053407, 3855979.5406863005, 3830650.3054204015, 4283626.563029592, 4019653.204835967, 3590656.1264906013, 4351427.152510474, 5374764.965724715, 4258061.088220851, 3644464.608178771, 3500790.0367464004, 4439928.565926255, 4162254.613846841, 4154074.9174616365, 3548398.0805509626, 4301357.4451585235, 4086704.662786181, 3808080.38745483, 3947528.2102349675, 3792800.3994936794, 4387054.784344776, 4504774.3672072645, 3882552.76157191, 4296275.090138816, 3806356.262518689, 4166902.0933138593, 4592394.246807553, 4012735.7299261964, 3827594.785150724, 3912277.807250059, 3387051.1714280383, 3882900.9085213565, 3599179.9577679024, 3597573.9885829515, 4056650.09311027]
[4238062.49134839, 4449740.69893611, 4205968.154447664, 3956037.807543876, 3690441.8996051974, 3988661.3099766336, 4678319.883506036, 4225058.108970027, 3747323.9712038124, 4119261.8757858276, 4040005.4602833735, 3577312.738654261, 3920419.5982199796, 3860636.402327628, 3937614.7268343857, 4343438.432053407, 3833124.768983969, 3817324.1642503254, 4199208.689550378, 4000648.2399879894, 3590656.1264906013, 4351427.152510474, 5263276.172782718, 4250007.267068766, 3600076.0217606314, 3466846.55704972, 4422877.9497766625, 4162009.2832056014, 4129006.9313609726, 3359126.1911375737, 4194153.5047952672, 4009438.3588883295, 3760493.2746854695, 3863185.5308178514, 3724011.8886612826, 4386392.375990904, 4412860.710463135, 3806048.5838825917, 4296275.090138816, 3772517.445602361, 4118202.68552431, 4577866.760172825, 3886580.521117245, 3827594.785150724, 3907051.97146544, 3387051.1714280383, 3852811.3475380307, 3552223.8404683163, 3540004.3126633405, 4008695.440142597]
[4150285.24289025, 4371311.173644458, 4180105.390382537, 3776652.419351696, 3668811.877898872, 3985434.8894722993, 4633978.870036642, 4225058.108970027, 3722227.1774679297, 4119261.8757858276, 4016815.9056286714, 3577312.738654261, 3920419.5982199796, 3832372.0402892744, 3937614.7268343857, 4259677.88472737, 3833124.768983969, 3744249.468773137, 4191843.900289774, 3935414.101020702, 3590656.1264906013, 4322257.001508603, 5234693.446097413, 4077333.711546457, 3600076.0217606314, 3466846.55704972, 4422877.9497766625, 4003723.484979813, 4120397.812084187, 3344833.2775383354, 4043083.5036085052, 3954742.5116132735, 3734406.659835811, 3820709.642519211, 3724011.8886612826, 4356133.083889436, 4411307.712824577, 3765451.7245266237, 4296275.090138816, 3676911.6008363613, 4051698.789356073, 4385037.244505866, 3759988.571917654, 3626738.076705919, 3871068.024926188, 3205997.3042158056, 3852811.3475380307, 3523747.2829971523, 3465832.2469640896, 3881842.932060321]
[4084421.006873317, 4371311.173644458, 4180105.390382537, 3776652.419351696, 3668811.877898872, 3938302.4251280976, 4624764.194765657, 4200131.65034399, 3722227.1774679297, 4062086.821644812, 4006282.1801109323, 3577312.738654261, 3836077.1701294975, 3799390.4940991635, 3937614.7268343857, 4242550.220133145, 3790101.5056875115, 3664046.139146549, 4161226.125286241, 3935000.098957102, 3582170.7508585965, 4153867.662973723, 5213866.648034644, 3980368.2837380082, 3600076.0217606314, 3460191.2594623314, 4381057.29995049, 3969236.0144133763, 3915298.9017217765, 3344833.2775383354, 4043083.5036085052, 3898279.537776125, 3706649.566217621, 3820709.642519211, 3703052.4263948575, 4296694.422368458, 4392081.057457581, 3765451.7245266237, 4296275.090138816, 3573103.4893923057, 3876307.810833679, 4371941.3839469645, 3752528.0969289294, 3596657.860296166, 3871068.024926188, 3168281.5022220393, 3846312.334313334, 3523449.015866301, 3385769.142520317, 3843111.8368590437]
[4084421.006873317, 4332732.633737704, 4162276.583986585, 3771102.078588172, 3667406.8714175476, 3881868.1379294232, 4598265.054828076, 4177791.9904215895, 3547368.885421349, 3963359.691872415, 4006282.1801109323, 3563186.1252087345, 3836077.1701294975, 3702800.4620342194, 3937614.7268343857, 4160459.5784032396, 3767154.3130495423, 3664046.139146549, 4144247.481688266, 3888488.8345499313, 3582170.7508585965, 4153867.662973723, 5125731.792791093, 3980368.2837380082, 3581826.544747372, 3442884.840147736, 4303666.415519922, 3969236.0144133763, 3915298.9017217765, 3323862.8146117227, 4021713.5963080167, 3898279.537776125, 3626805.027918067, 3771334.751618051, 3699904.2526497887, 4283570.5330556, 4292684.293777831, 3753135.6966054877, 4239166.084021722, 3407792.0783815198, 3845047.615593704, 4310165.245508641, 3741024.404018171, 3596657.860296166, 3851375.0439913953, 3029282.878186282, 3790685.041621773, 3462582.9947506376, 3385769.142520317, 3776549.8784124614]
[4084421.006873317, 4312450.45362805, 4131925.673506117, 3755303.892322383, 3657637.2996600447, 3802546.455047764, 4598265.054828076, 4071710.5234620697, 3514228.188707065, 3949534.1751969075, 4006282.1801109323, 3561806.73572343, 3817579.177897396, 3688231.878898236, 3903868.6287139296, 4088550.517431978, 3751616.75183135, 3646629.3605908267, 4144247.481688266, 3870014.1909577027, 3522756.0626926846, 4048856.4953383743, 5068775.189571435, 3901679.402724568, 3550481.063710955, 3442884.840147736, 4212228.785016769, 3969236.0144133763, 3814597.1724369572, 3251323.0115722315, 4001814.409556077, 3874656.970282356, 3541718.6349432888, 3705741.4861464775, 3699904.2526497887, 4247514.638002859, 4286112.376537775, 3685628.982428414, 4187032.2853196724, 3407792.0783815198, 3805484.540732714, 4310165.245508641, 3741024.404018171, 3593229.955097516, 3755852.79023333, 3027849.8339431984, 3786152.7062522722, 3450553.6687290445, 3382383.984186854, 3668646.402160763]
[3959037.483752097, 4223931.266959953, 4096171.065230946, 3695513.6543460293, 3644601.7610871196, 3750970.2277827836, 4545661.915572794, 4071710.5234620697, 3505945.0564082726, 3907768.3365839906, 3937674.926748379, 3528689.7582000336, 3763906.6641075453, 3688231.878898236, 3838964.0167467757, 4073539.2694784575, 3751616.75183135, 3646629.3605908267, 4088136.318675231, 3848255.97883953, 3496595.3010094417, 4022783.1793108853, 4942908.766105212, 3901679.402724568, 3451722.657780958, 3442884.840147736, 4140252.3180510364, 3935217.773149994, 3814597.1724369572, 3218911.7672167635, 4000881.337776682, 3838970.9984972724, 3392589.321394534, 3668532.4076035195, 3699904.2526497887, 4234118.634925449, 4171900.154843384, 3659229.5488863895, 4184084.2083740034, 3388651.843885249, 3805484.540732714, 4289758.171417052, 3741024.404018171, 3558989.6818147376, 3721013.194729666, 3027849.8339431984, 3767180.7846187083, 3400493.3678545533, 3344061.156492063, 3593554.211034038]
[3930190.423529654, 4212258.0739385495, 4017860.5203121537, 3686553.837115585, 3571312.4184560133, 3737840.797660476, 4518862.103392038, 4010778.109960542, 3505945.0564082726, 3880657.875370525, 3905030.667127651, 3528689.7582000336, 3763906.6641075453, 3637365.488610659, 3740992.7150631538, 4038142.9611162134, 3751616.75183135, 3646629.3605908267, 4027626.461125713, 3848255.97883953, 3474741.1482128343, 3913109.3590037525, 4799724.942570507, 3840549.5343115283, 3407929.1181368185, 3442884.840147736, 4140252.3180510364, 3935217.773149994, 3769073.461591347, 3136531.1173496344, 4000881.337776682, 3831185.0286027193, 3349749.4476782326, 3668532.4076035195, 3501735.251731572, 4234118.634925449, 4168336.6689089774, 3597327.207478135, 4138881.570876478, 3353728.441210495, 3805484.540732714, 4193033.8574998653, 3741024.404018171, 3509446.5157940267, 3696935.987259572, 3015813.850978227, 3753712.2673075274, 3340024.866377401, 3172602.60095963, 3593554.211034038]
[3894652.2287680507, 4201257.247844824, 4001132.389015653, 3611695.931600368, 3506719.139514774, 3674909.251737678, 4518862.103392038, 4010778.109960542, 3505945.0564082726, 3880657.875370525, 3896068.276223512, 3479942.47470975, 3655804.650017927, 3628720.0819083564, 3740351.934530688, 4015627.409318243, 3751616.75183135, 3599079.656174861, 3887908.3262520162, 3807374.5444667675, 3456807.608913248, 3902653.4187647975, 4700373.141441817, 3792385.8094297857, 3403692.594098487, 3436324.8966990896, 3881995.850321795, 3935217.773149994, 3734740.467000667, 3109906.528334259, 3947208.5850322032, 3795101.7837995538, 3349749.4476782326, 3609864.9230950186, 3481999.2919848813, 4156188.7981133997, 4072465.127394694, 3474692.5158555163, 4042575.066834811, 3331565.7905288255, 3780229.9727004766, 4040792.7797832214, 3611871.3265801556, 3509446.5157940267, 3650666.8824069514, 2965775.886927671, 3697533.2626568982, 3340024.866377401, 3091791.043579755, 3541401.925807717]
[3797234.508274632, 4167939.214318925, 3841028.1497929073, 3580494.6124074706, 3476278.848762219, 3654793.25213127, 4514851.342735251, 3970765.0060600275, 3494326.05753708, 3873481.764206282, 3855136.6269576214, 3396404.5724285496, 3655804.650017927, 3594471.6116306386, 3731078.1363742584, 3983737.263674048, 3650587.527222242, 3599079.656174861, 3887908.3262520162, 3793108.7004581094, 3435610.2773940577, 3902653.4187647975, 4637712.614277791, 3758758.4770838404, 3395554.268150638, 3432921.2710146, 3817389.108519382, 3932351.4805232673, 3734740.467000667, 3104231.5369615545, 3857417.9686270216, 3760671.503280631, 3315209.402484147, 3567998.0415286287, 3450314.7306864886, 4126779.432786218, 4041153.0772177083, 3459883.8270307695, 4042575.066834811, 3260326.806513811, 3780229.9727004766, 3967933.9705393137, 3591049.5231360374, 3508843.7141829743, 3564281.3586861254, 2910563.6559987194, 3578771.1216738014, 3340024.866377401, 3080360.3832603064, 3393439.5584731973]
[3710299.943254117, 4167939.214318925, 3750019.011594369, 3570634.4573624753, 3438168.045116796, 3633752.408284092, 4407239.060053396, 3946326.2819075277, 3360109.6707053753, 3842746.9182297466, 3793267.9035167857, 3322563.946756358, 3561537.283332129, 3511896.251702753, 3574993.144432029, 3923235.6927659423, 3620051.9448521053, 3553210.8428910514, 3877540.7465624562, 3749440.065444517, 3383852.3941767686, 3902653.4187647975, 4633376.4445621865, 3749062.4937121617, 3340667.124546065, 3264677.8354949085, 3817389.108519382, 3857238.5704685478, 3662510.769177088, 3104231.5369615545, 3841738.1174667724, 3721937.1756235934, 3288929.123976448, 3400049.779761108, 3438636.3794827117, 4080795.249628189, 3943138.2866209806, 3438774.386541044, 4010993.9326329054, 3240624.6056809337, 3731181.176798442, 3957434.760155943, 3444385.8189671906, 3499391.2615861027, 3555063.5017850986, 2874249.602344882, 3578771.1216738014, 3290564.794513471, 3057708.053707862, 3381373.668351316]
[3710299.943254117, 4123445.491008791, 3677590.1807742356, 3529464.6999814697, 3415104.7251189696, 3557471.5230058515, 4380331.270495183, 3946326.2819075277, 3274897.115157243, 3659455.401233848, 3744807.2724113604, 3273635.793439115, 3493319.370932837, 3509341.675279893, 3574993.144432029, 3833654.196947012, 3524530.116413641, 3505855.4929439067, 3855669.746043636, 3747801.973163099, 3374287.6989032226, 3851052.891293931, 4581633.3983178735, 3749062.4937121617, 3340667.124546065, 3139372.933356096, 3817389.108519382, 3828062.022104486, 3662510.769177088, 3023091.360335124, 3774384.4423933737, 3708608.7835292057, 3283986.881097128, 3383030.7119968436, 3381352.387456868, 3959408.6965576755, 3923034.593628836, 3438774.386541044, 3996238.792792031, 3137284.359918654, 3715724.95815676, 3906654.362345333, 3444385.8189671906, 3479216.126656253, 3555063.5017850986, 2850793.116473418, 3568158.701781459, 3224759.6525756894, 3057708.053707862, 3318280.717809606]
[3559533.3458257457, 3957015.337633852, 3620065.833234778, 3399030.143578875, 3384746.2643873296, 3447656.8770624674, 4361802.779202911, 3915124.785872001, 3255908.2780422606, 3640307.295375874, 3698314.7040804415, 3259694.1693979334, 3364366.8055255623, 3457509.9078920027, 3447012.2821411155, 3833654.196947012, 3446026.005420521, 3505855.4929439067, 3855669.746043636, 3703611.224561249, 3349736.0623888285, 3851052.891293931, 4571597.361867032, 3749062.4937121617, 3340667.124546065, 3139372.933356096, 3817389.108519382, 3823969.809374936, 3662510.769177088, 3023091.360335124, 3735815.827710004, 3662551.688295287, 3224411.624070765, 3383030.7119968436, 3345026.278383271, 3959408.6965576755, 3894656.196410626, 3414177.3883820437, 3888143.639981024, 3137284.359918654, 3662956.1336882254, 3806713.343176231, 3360487.1064061215, 3389444.7694346905, 3543444.1794104665, 2848740.626425657, 3557612.7773706927, 3180279.7786468603, 3045850.852438016, 3318280.717809606]
[3522542.770373845, 3957015.337633852, 3620065.833234778, 3359242.185891559, 3381421.416792362, 3447656.8770624674, 4236023.277086366, 3888419.352182313, 3255908.2780422606, 3603671.1941629658, 3685611.6247380115, 3203811.5542221097, 3362164.0197222484, 3397016.3252373775, 3447012.2821411155, 3772021.671506974, 3414256.0542946593, 3479777.175805652, 3778030.0426603863, 3653461.561626007, 3349736.0623888285, 3718029.0695046284, 4549198.57453434, 3660398.022152578, 3340630.0668351175, 3131747.592549432, 3771431.832542761, 3750797.771689323, 3641066.61573523, 3021111.2344089374, 3689609.4004047224, 3620841.9099333817, 3062083.3896695888, 3251006.9774073064, 3345026.278383271, 3901463.8509010402, 3894656.196410626, 3413628.8120644405, 3696632.641250109, 3034406.7900756313, 3661440.621294421, 3801020.4615574246, 3335652.469448904, 3374327.1934809387, 3483470.571474793, 2848740.626425657, 3478602.2692789584, 3090996.5221389923, 3033971.0847916645, 3276248.9724759264]
[3521317.2664300585, 3948976.226982452, 3603858.228869223, 3343660.633137982, 3350939.4462839523, 3447656.8770624674, 4197165.847494515, 3825390.667700729, 3206869.3473621057, 3450314.0835252455, 3640062.7430298897, 3203811.5542221097, 3354335.5679549975, 3361256.4068726846, 3350152.287932169, 3682396.358141836, 3414256.0542946593, 3476710.49875056, 3766060.5515295244, 3623074.2248718045, 3240060.89708172, 3652335.32470219, 4418298.416423926, 3632534.4633940673, 3332088.87411449, 3008675.652112245, 3721465.654899153, 3577817.5039217793, 3641066.61573523, 3021111.2344089374, 3689322.1619645134, 3582998.40322321, 3014336.8301542504, 3147609.5816036873, 3345026.278383271, 3864325.8095698482, 3872718.3712328277, 3332017.20726448, 3639864.697485181, 3034406.7900756313, 3659207.2132969694, 3666142.360914217, 3335652.469448904, 3374327.1934809387, 3425756.0211570235, 2814504.8522611344, 3409384.4821601296, 3089372.6636615163, 3033971.0847916645, 3178840.2407858875]
[3455598.7111707465, 3893217.1358487927, 3603858.228869223, 3268240.9191793324, 3261191.123429903, 3447656.8770624674, 4197165.847494515, 3815001.62842135, 3206622.0002158433, 3443580.3607083, 3625189.0480065057, 3203771.6610848233, 3354335.5679549975, 3302318.8803283973, 3350152.287932169, 3672048.519270747, 3381922.1313510193, 3457001.5608899123, 3766060.5515295244, 3543146.0621671253, 3182308.2328391424, 3642646.2841897435, 4405949.085315425, 3625824.295448132, 3280523.083683905, 3008675.652112245, 3711479.827452467, 3547357.8892099066, 3641066.61573523, 3015789.8196914457, 3603439.6385914804, 3582998.40322321, 2920410.3316140324, 3128916.800938877, 3345026.278383271, 3842192.697324302, 3832673.802850292, 3310196.5010850346, 3639864.697485181, 2981748.634877513, 3648060.7437023846, 3603428.566424828, 3335652.469448904, 3354671.6573023936, 3363421.791148494, 2753435.915098046, 3408985.3596519106, 3045592.1790775713, 3033971.0847916645, 3178840.2407858875]
[3376964.4488016553, 3743177.444988802, 3551361.056381136, 3262674.663058429, 3246361.187425324, 3405188.0386765697, 4140835.365995792, 3815001.62842135, 3172981.2301392397, 3443580.3607083, 3444842.695506268, 3166834.767988383, 3311259.851938728, 3302318.8803283973, 3245092.88577533, 3669714.462443255, 3352565.140767359, 3443669.563564622, 3534755.936564519, 3508131.7390647987, 3111904.024985111, 3531746.3316992247, 4377181.194888411, 3623832.2880382114, 3254192.7706785575, 2960788.7039665757, 3691150.011159762, 3547357.8892099066, 3641066.61573523, 2981529.353672811, 3560230.0948262066, 3516471.2915611463, 2885343.28301368, 3115899.774259192, 3233216.553288944, 3782749.7489051176, 3793162.297352799, 3236329.231869362, 3562382.2436560057, 2981748.634877513, 3621462.530730482, 3541954.831921766, 3311505.0010601254, 3327967.265647919, 3292933.286577221, 2664237.4208124736, 3408985.3596519106, 2980464.2591526657, 2951898.593747842, 3153412.5759284506]
[3364453.9474786064, 3743177.444988802, 3507546.4531270238, 3224798.1962864874, 3200713.2616386646, 3304985.6631031046, 4087469.4074766785, 3815001.62842135, 3161732.060715873, 3436155.2560827164, 3343124.889984858, 3140480.389844166, 3311259.851938728, 3275078.5515352143, 3211244.943385058, 3653182.4905400695, 3352565.140767359, 3443669.563564622, 3495118.2470991747, 3470195.8983766325, 2995079.429868918, 3431074.1564355, 4377181.194888411, 3619203.8061714903, 3219549.999032592, 2935712.0841902415, 3691150.011159762, 3469663.0396350473, 3641066.61573523, 2906516.6740687652, 3560230.0948262066, 3516471.2915611463, 2858161.5634062737, 3115899.774259192, 3217547.408956566, 3632145.674626518, 3780533.26350247, 3155631.1889874125, 3562382.2436560057, 2939826.598597, 3621462.530730482, 3541954.831921766, 3285414.8568519, 3258881.7917417567, 3292933.286577221, 2664237.4208124736, 3349306.958769412, 2980464.2591526657, 2951898.593747842, 3069519.81767089]
[3343480.2414200855, 3727841.5534138605, 3507546.4531270238, 3185084.2614131654, 3190580.607170482, 3200511.572957953, 4036331.50003432, 3775774.234885198, 3111291.186598449, 3348723.7669352205, 3287439.6232558326, 3126905.4289587503, 3301404.20306664, 3234366.234799548, 3187668.6836562986, 3545866.68373945, 3351747.3636892834, 3443669.563564622, 3495118.2470991747, 3470195.8983766325, 2935814.3072679015, 3397623.186001466, 4338754.810467661, 3593982.912261449, 3144599.9537968636, 2875571.2004286186, 3669565.784287978, 3321618.7067316445, 3606819.4794559004, 2865142.4846908087, 3480701.5750805526, 3456765.4277884276, 2738097.840857691, 3093894.1781662065, 3215741.8384577846, 3593563.413893603, 3744002.7104586186, 3137246.1210446693, 3562382.2436560057, 2901033.951120029, 3597308.6584412395, 3541954.831921766, 3271682.203843414, 3196831.570530474, 3221745.011357029, 2598558.7233451763, 3304659.22630261, 2947275.9567096303, 2844732.029946807, 3026343.206061869]
[3339171.916066286, 3657886.387478034, 3450932.5585948997, 3121426.373184501, 3172773.3137309635, 3165407.654603553, 3795893.3527160003, 3753777.0797027512, 3111291.186598449, 3323190.6568683325, 3167008.957194216, 3086001.765483502, 3209618.5947335134, 3234366.234799548, 3187668.6836562986, 3469173.541546659, 3351747.3636892834, 3418464.9968803236, 3495118.2470991747, 3462353.5863084174, 2843324.8603181634, 3395898.2383531826, 4338754.810467661, 3562546.59232836, 3134684.569514741, 2875571.2004286186, 3643582.3852185137, 3321618.7067316445, 3606819.4794559004, 2758475.9508408643, 3471919.933820907, 3394317.099513244, 2738097.840857691, 3028897.404392762, 3192826.6328795785, 3509884.2975713, 3716658.697062065, 3137246.1210446693, 3398449.2394632148, 2798318.681275131, 3580301.999177032, 3541954.831921766, 3271682.203843414, 3196831.570530474, 3205442.1522303387, 2598558.7233451763, 3297140.0937534687, 2931299.959629574, 2795135.722166035, 3026343.206061869]
[3267743.2480913196, 3541107.857586615, 3388367.03757106, 3121426.373184501, 3168264.8385432493, 3038922.6719523757, 3775292.4561409205, 3727931.9157334166, 2977489.1700630365, 3323190.6568683325, 3167008.957194216, 3076531.54072205, 3193360.239968937, 3217234.555862917, 3187668.6836562986, 3469173.541546659, 3308183.2295007454, 3381465.3310077093, 3435403.710094494, 3218608.683126785, 2802479.1714963503, 3336479.7247140254, 4250073.890152523, 3558610.505791803, 3093843.1956521473, 2875571.2004286186, 3640629.458268672, 3315488.0466933222, 3596658.540655417, 2755615.4181071846, 3436108.314626295, 3347836.546052139, 2726337.2516932236, 2993591.464594875, 3192826.6328795785, 3455391.1316508353, 3618915.2915273644, 3118067.835215755, 3397121.333057617, 2779257.469027254, 3525856.552625361, 3538383.5988461883, 3236918.8706353516, 3196831.570530474, 3148723.6592268846, 2588941.7511705784, 3263705.111129922, 2820067.266186891, 2767652.299594858, 3019455.714206799]
[3250487.316097669, 3507218.424443277, 3388367.03757106, 3059396.842487076, 3148223.7582901604, 2928885.7058436004, 3680087.5688340864, 3727931.9157334166, 2964217.680065093, 3295483.1484601134, 3167008.957194216, 3043178.8543890705, 3193360.239968937, 3211038.0970205376, 3179522.196918337, 3469173.541546659, 3266503.0611122465, 3381465.3310077093, 3378704.806499204, 3194248.3366872044, 2790964.6509267176, 3289497.6163823036, 4229708.9486042205, 3558610.505791803, 3051736.275300416, 2875571.2004286186, 3618788.0771891945, 3298972.8890102636, 3509759.383946688, 2749337.505419124, 3398977.507691697, 3347836.546052139, 2719772.696509341, 2958212.362907831, 3133262.382420068, 3425820.606705674, 3610832.3843204705, 3118067.835215755, 3389155.85839334, 2743128.692659067, 3462340.5796968425, 3402236.2701693987, 3235198.3096430576, 3192815.5571930488, 3102819.965324902, 2584191.560133156, 3131580.5617545294, 2819752.203645901, 2763622.0603905944, 2913531.007490261]
[3250487.316097669, 3455832.57557078, 3367135.8481297963, 2978061.23461435, 3118738.396794553, 2897213.651227423, 3594377.0550064584, 3685982.4511502683, 2913309.7779681617, 3295483.1484601134, 3076152.227526721, 3023057.1467288462, 3135738.237340922, 3194414.613746592, 3179522.196918337, 3441837.5899411067, 3238786.4343410125, 3360163.12233482, 3343026.8069619746, 3184821.2693616645, 2790964.6509267176, 3289497.6163823036, 4229708.9486042205, 3549022.867350459, 3005404.7554628165, 2867379.0217136927, 3562917.0851174467, 3289650.6079361876, 3397920.032591154, 2702539.221383266, 3365533.439183029, 3326437.128919483, 2703547.5109311687, 2938313.8055639667, 3105089.1661231415, 3381775.2864408, 3590210.7422367386, 3068117.0225942256, 3389155.85839334, 2740880.2543816115, 3439967.018235936, 3328882.7164976145, 3193031.648809462, 3159374.4323594295, 3002599.845088319, 2522125.718554508, 3070250.9591706535, 2757142.7104832577, 2698809.5715057747, 2891159.8412662838]
[3155616.2127871066, 3446735.8130954327, 3342646.4775607237, 2905741.7177226166, 2998602.455531621, 2842285.561170085, 3589459.6462698863, 3685982.4511502683, 2879329.4541649893, 3254903.4254581253, 3049765.6641534297, 3023057.1467288462, 3085472.9298399556, 3154336.871995089, 3141249.926736469, 3410454.5663558827, 3237574.6606312464, 3345233.099390161, 3334359.736786585, 3161960.0540694976, 2790964.6509267176, 3221897.2512584757, 4205315.483007415, 3508086.6520189466, 2981348.825607389, 2867379.0217136927, 3458548.8205499016, 3284084.9091145857, 3397920.032591154, 2702539.221383266, 3305953.6095199836, 3326437.128919483, 2703547.5109311687, 2920840.902026005, 3068777.8125753105, 3274331.1785784317, 3582084.0243326947, 3035274.5718456786, 3373057.309829157, 2731880.549845427, 3382830.756097314, 3300218.726738421, 3087558.322684955, 3082256.6766349175, 3000018.001533811, 2505164.097552858, 3070250.9591706535, 2757142.7104832577, 2665621.2458378044, 2875731.865524836]
[3127592.741734584, 3438428.6968074106, 3342646.4775607237, 2881453.1793120764, 2913679.955104109, 2842285.561170085, 3582995.905851101, 3685982.4511502683, 2868863.876858931, 3254903.4254581253, 2936215.7770183133, 3023057.1467288462, 3004400.5573384776, 3142130.3795739487, 3129230.947703493, 3401929.6163747357, 3203513.6440034388, 3329534.1413755156, 3303593.3060022816, 3101280.2724692975, 2790964.6509267176, 3158180.4732230636, 4110910.2849910953, 3479751.1440519565, 2967283.486205298, 2864624.2754450953, 3458548.8205499016, 3284084.9091145857, 3394355.8754739864, 2641201.3828136837, 3305953.6095199836, 3299706.815998978, 2688709.7944994806, 2866498.4681481095, 3068777.8125753105, 3174573.8691800013, 3569620.899511793, 3033259.321202427, 3278272.311127256, 2655949.3245090176, 3304611.645246568, 3230395.85897017, 2980116.7727436423, 3082256.6766349175, 2929526.1624801527, 2495691.4932772573, 3070250.9591706535, 2757142.7104832577, 2665621.2458378044, 2841341.679764703]
[3116991.781491061, 3369083.182595046, 3296505.1370795537, 2872611.3228285685, 2874112.0259201885, 2834464.59712597, 3526595.436182863, 3468526.144917032, 2861626.048302631, 3185666.6216675015, 2826021.161556651, 2805865.3251968813, 2963019.5814392893, 3075230.2647332945, 3059767.2349782796, 3310406.151137217, 3140997.723622668, 3231491.375159614, 3303593.3060022816, 3064890.0416664705, 2790964.6509267176, 3158180.4732230636, 4097615.5787423914, 3348950.499793921, 2967283.486205298, 2833415.9606741173, 3375707.0024730703, 3254641.5413192036, 3390554.267603045, 2641201.3828136837, 3259858.0984156993, 3261434.7669660673, 2688709.7944994806, 2845977.736575855, 3068777.8125753105, 3168782.4254669566, 3490794.6441127323, 2917493.0045901844, 3228748.392311307, 2655949.3245090176, 3295752.949331372, 3209458.7467408064, 2979060.4599943375, 3082256.6766349175, 2929526.1624801527, 2495691.4932772573, 3023146.3306864407, 2757142.7104832577, 2655203.7406913685, 2841341.679764703]
[3116479.5474936925, 3320197.827328697, 3296505.1370795537, 2868372.5279821604, 2811755.506058081, 2822637.869998085, 3479134.8148510605, 3368499.5245803497, 2861626.048302631, 3185666.6216675015, 2826021.161556651, 2805865.3251968813, 2960199.666208356, 3075230.2647332945, 3036324.1602856093, 3310406.151137217, 3055154.7905911906, 3180523.4232291775, 3303593.3060022816, 2970379.0425426597, 2743693.4138591746, 3158180.4732230636, 4080399.671343849, 3290742.0172194205, 2938870.178047128, 2796562.4698213036, 3372670.7961061397, 3252616.733261557, 3379394.4061999433, 2641201.3828136837, 3237370.786548317, 3200637.7342524403, 2629151.7702360796, 2820241.140049483, 3026119.363235364, 3115954.199925758, 3483593.1573852226, 2885233.6382990284, 3200049.8398890654, 2655949.3245090176, 3295752.949331372, 3209458.7467408064, 2979060.4599943375, 3057195.187302267, 2801588.2727202727, 2493919.82178305, 3003846.9624608224, 2740549.3940661843, 2650543.2241913457, 2836454.1078758603]
[3116479.5474936925, 3218173.004585979, 3283548.066601104, 2839203.511750375, 2719970.23413512, 2811505.63888876, 3387529.850456701, 3338639.993493534, 2861626.048302631, 3127522.1077848217, 2811559.796464079, 2774723.344837839, 2947445.25036299, 3070297.2864947147, 3007188.9743087576, 3256654.8907172335, 3022645.9650738495, 3180523.4232291775, 3234870.455078969, 2938975.5520178797, 2743693.4138591746, 3138340.00087522, 4066109.0968242004, 3258817.079322948, 2938870.178047128, 2775502.8065226874, 3274030.513809771, 3198387.61742096, 3297174.3878932456, 2565388.3700136268, 3213434.6537969587, 3144713.574936479, 2629151.7702360796, 2807173.9547069464, 3026119.363235364, 3111172.0019809227, 3483593.1573852226, 2787112.66799572, 3155517.69592795, 2608134.7801484633, 3252863.102742144, 3107248.877798938, 2916665.9603562816, 3004488.6242179926, 2758625.585771365, 2493919.82178305, 3001739.9656068515, 2740280.807259621, 2650543.2241913457, 2827435.58098412]
[3073949.953733336, 3209689.913640162, 3283548.066601104, 2784558.6521557574, 2672442.0456888564, 2811505.63888876, 3296824.5666309684, 3312684.5284538316, 2861626.048302631, 3106475.006199072, 2811559.796464079, 2753252.8328956035, 2944772.9865513905, 3070297.2864947147, 3007188.9743087576, 3256654.8907172335, 3001369.234371254, 3062545.8158897473, 3183417.890892803, 2938975.5520178797, 2678740.5791780865, 3138340.00087522, 3988658.9815317513, 3194319.7034057784, 2794411.6725917114, 2750339.7694043303, 3248738.5132705797, 3114930.457448668, 3297174.3878932456, 2528102.76223081, 3213434.6537969587, 3136697.413865497, 2623368.7358720107, 2807173.9547069464, 3012818.90877748, 3071820.946219914, 3421949.0247022235, 2596121.478252642, 3149308.8133914666, 2578315.4424177464, 3215644.0682939366, 3086904.524502087, 2912713.7508194684, 2998958.2112031677, 2692303.6437916416, 2486986.744236384, 2933328.340787425, 2715035.1490550223, 2648308.796114597, 2827435.58098412]
[3069754.4694353445, 3162831.431782073, 3151645.0770242633, 2784558.6521557574, 2672442.0456888564, 2754262.079844851, 3270720.878007197, 3301085.2621808704, 2842015.3551047742, 3106475.006199072, 2811559.796464079, 2752705.4728295337, 2934096.801587914, 2964964.5591494017, 2968066.0320370556, 3212496.7957516825, 2925968.4276315267, 3010360.502503448, 3135891.4410636546, 2924137.8798240134, 2649199.6603835197, 2978068.4203360835, 3872610.249933337, 3187869.172339536, 2746140.8760382193, 2742740.0425457153, 3174332.4664909746, 3114930.457448668, 3293465.3059341097, 2504054.29492096, 3111604.4637285126, 3120855.5583330514, 2623368.7358720107, 2758575.1340600047, 3001255.599822887, 3046614.0311718113, 3275083.1421810575, 2582511.9308768725, 3122302.422268878, 2547394.823199547, 3176738.00974809, 3086904.524502087, 2868159.371020764, 2977420.3686851184, 2661562.893646105, 2486986.744236384, 2924399.562305739, 2620820.4851389835, 2648308.796114597, 2820403.948255199]
[3069754.4694353445, 3146181.656264994, 3151645.0770242633, 2782977.2118035164, 2670601.061611411, 2754262.079844851, 3270720.878007197, 3301085.2621808704, 2842015.3551047742, 3068791.785714292, 2775024.6289861603, 2721552.619666422, 2877229.0782708176, 2964964.5591494017, 2968066.0320370556, 3180208.0716467095, 2925968.4276315267, 2930590.8635781175, 3119161.414397157, 2920079.908001952, 2624908.460942491, 2978068.4203360835, 3717094.6058020256, 3187096.3892654404, 2697923.6670223, 2738159.7280365704, 3043599.847418084, 3107030.760992896, 3191583.3185762386, 2449384.6542935222, 3111604.4637285126, 3100291.8152782647, 2623368.7358720107, 2704899.293836942, 2981842.712391225, 3024716.2800639956, 3240497.7752967924, 2582511.9308768725, 3102385.9063001266, 2538096.8343553464, 3128140.1802573344, 3085867.272235632, 2840792.286655659, 2920742.1115478505, 2661562.893646105, 2486986.744236384, 2837711.2619501697, 2600891.2960488913, 2584350.393991477, 2772130.4863716234]
[3064158.3520904914, 3146181.656264994, 3121597.5500162956, 2742280.6490473133, 2660851.3296986013, 2699877.6977535286, 3270720.878007197, 3301085.2621808704, 2815088.687783522, 3061227.94425561, 2770349.1007613624, 2721552.619666422, 2873216.030779739, 2946925.9382599643, 2912686.907122114, 3099513.588113717, 2894478.9334222684, 2930590.8635781175, 3071123.206101288, 2908328.840007983, 2624908.460942491, 2976385.046081648, 3658466.67934269, 3123170.2247493397, 2686062.175325198, 2738159.7280365704, 3013055.4248186043, 3004105.032022945, 3187230.2034994783, 2421778.49116761, 3045766.912460413, 3093597.0140094375, 2556641.843992907, 2685174.515611508, 2981842.712391225, 3005376.562560155, 3216494.7617150126, 2532576.728882859, 3102385.9063001266, 2517622.9455272336, 3128140.1802573344, 3041840.8114822144, 2837601.7493015868, 2889893.3551245476, 2641212.8336163186, 2475095.1458273204, 2791539.211510823, 2591208.4160723323, 2584350.393991477, 2772130.4863716234]
[3064158.3520904914, 3097200.7875815853, 3121597.5500162956, 2704849.4421892962, 2660851.3296986013, 2699877.6977535286, 3270720.878007197, 3296300.2592189307, 2772960.983950039, 3030911.0871661617, 2760839.6225663, 2721552.619666422, 2853684.629913724, 2848498.163055698, 2912686.907122114, 3099513.588113717, 2839175.520764025, 2869386.624512749, 2990122.514372749, 2820520.161517949, 2527499.7960554175, 2946542.1777905254, 3634322.4978093742, 3123170.2247493397, 2686062.175325198, 2680402.9795841877, 3013055.4248186043, 2989096.9140050327, 3104326.2193620736, 2366674.72791546, 3027222.0012632413, 3074317.4831642755, 2529691.8638795884, 2670426.234514941, 2981659.5045839255, 3005376.562560155, 3197375.802725328, 2532576.728882859, 3099853.59526436, 2482488.340919436, 3064639.2908909963, 3013213.2151346323, 2796370.716716316, 2842406.7949353075, 2614003.1043562484, 2469426.0867654267, 2777881.5744365444, 2528546.2138348534, 2584350.393991477, 2734038.094094415]
[3056293.5717273774, 3097200.7875815853, 3121597.5500162956, 2664244.06181487, 2660851.3296986013, 2631006.149230621, 3270720.878007197, 3248479.5117971534, 2729188.686765352, 3018036.212287902, 2734252.970137452, 2693107.898687872, 2831844.8579936684, 2819012.5621208735, 2912686.907122114, 3022496.153871819, 2839175.520764025, 2865254.6546260375, 2977663.3038755716, 2784212.0627533426, 2517151.3724804595, 2864159.8304180037, 3577132.8570716707, 3101094.19171529, 2683007.0740937646, 2624827.941561391, 2981135.01484485, 2989096.9140050327, 3078764.154417488, 2366674.72791546, 3018878.3889279766, 3070072.3317049313, 2525363.2029018076, 2661671.889548664, 2915026.741074595, 3005376.562560155, 3159652.5966048366, 2532576.728882859, 3074446.541198692, 2408677.7390304385, 3044878.4124864084, 2902613.5496529974, 2766629.203535367, 2767052.5225766734, 2599542.443899573, 2416862.358847486, 2761644.9889580044, 2515235.0862436434, 2554700.90578102, 2734038.094094415]
[2998981.4336482515, 3094103.0969928647, 3105574.2862380454, 2568293.658944141, 2641889.083182973, 2612055.7608290883, 3184269.014837828, 3175066.430224814, 2706219.858847233, 2994290.653377413, 2628725.449788078, 2691972.3126594755, 2745601.609542727, 2818517.0123158516, 2878465.738578049, 2974803.5687768236, 2818907.7288706736, 2865254.6546260375, 2948720.8771384903, 2769253.025520308, 2475334.7762306943, 2852787.8064203183, 3564315.8073070026, 3101094.19171529, 2678151.4347397243, 2624827.941561391, 2981135.01484485, 2945387.5289726863, 3078764.154417488, 2366674.72791546, 3018878.3889279766, 3007016.374668424, 2510531.259538316, 2566848.055558821, 2910990.973093369, 3005376.562560155, 3155529.2976674335, 2460711.7552701095, 3074446.541198692, 2365412.550059524, 3015376.642289133, 2835626.806652194, 2766629.203535367, 2677234.832882196, 2590569.7330075605, 2352646.738608181, 2618278.4109447785, 2515235.0862436434, 2508188.909736487, 2734038.094094415]
[2967762.2341545755, 3076136.115982764, 3102570.7508737007, 2558458.0298984903, 2576332.6924395068, 2562042.297715348, 3148167.8817926063, 3124932.9621632746, 2701044.5174697204, 2949815.209456516, 2583060.8961349833, 2571756.3535789247, 2670506.9480261845, 2792675.0274537452, 2841051.2274479256, 2901086.7465167684, 2807722.209405805, 2843082.9929585373, 2906014.8096664296, 2716097.013013589, 2452257.0764204105, 2826847.6262804116, 3540578.5239785956, 3059439.470899035, 2678151.4347397243, 2606407.4129195986, 2981135.01484485, 2945387.5289726863, 3008263.7754057194, 2342514.510545383, 3002975.399882025, 2925706.7934835255, 2476214.3410017756, 2538233.6090734405, 2848704.7426426294, 3002653.29421022, 3121680.3463231153, 2460711.7552701095, 2993556.294698462, 2359036.1600220045, 2928845.1533166324, 2833245.052360221, 2758140.030009153, 2675010.1412705113, 2553913.095292762, 2345812.460538271, 2618278.4109447785, 2448098.779114206, 2508188.909736487, 2678237.444046143]
[2879044.126295495, 3068007.7647110145, 3053183.1592267114, 2498537.2743605105, 2569353.4180729585, 2562042.297715348, 3078607.8971895943, 3069540.4856758397, 2701044.5174697204, 2948605.593650381, 2515006.5929582966, 2571756.3535789247, 2644836.5736615174, 2759244.047227108, 2758610.2135467865, 2867939.342475988, 2779031.508898755, 2793149.601536342, 2906014.8096664296, 2715544.811138511, 2422454.764491872, 2826847.6262804116, 3540578.5239785956, 2983171.357314289, 2671680.611656972, 2576617.8596161017, 2981135.01484485, 2877545.175824882, 2997703.8043131055, 2337079.0496957726, 2981057.239970395, 2925706.7934835255, 2449068.027828873, 2538233.6090734405, 2798945.4038965297, 2922376.875375428, 3087466.293719818, 2446429.9987283065, 2993556.294698462, 2352071.053192529, 2921152.461936469, 2819707.4728657175, 2654211.946256793, 2675010.1412705113, 2553913.095292762, 2345812.460538271, 2600994.6320260894, 2432808.995282882, 2490869.452558254, 2641507.6883663596]
[2870165.9649090716, 3006378.743160044, 3024045.858736761, 2498537.2743605105, 2551929.6221218933, 2562042.297715348, 3078607.8971895943, 3049585.843879181, 2617884.3151676496, 2948605.593650381, 2514171.5413257075, 2571756.3535789247, 2579403.4623219194, 2742322.328275594, 2730775.485014774, 2863915.2346745534, 2779031.508898755, 2790600.390494728, 2889116.8876100453, 2715544.811138511, 2422454.764491872, 2826847.6262804116, 3510062.3544114106, 2972357.440346649, 2597660.3064366616, 2545559.580805101, 2944597.8369506625, 2805063.109828007, 2983242.7473304584, 2327804.319816258, 2972876.3342420235, 2832287.278602925, 2439925.6537228236, 2538233.6090734405, 2786508.945781206, 2830754.99857825, 3056444.533338048, 2437481.691544373, 2932098.666467555, 2340099.0789327077, 2915662.611867984, 2819707.4728657175, 2648239.1133543598, 2675010.1412705113, 2553913.095292762, 2300936.2486271802, 2564391.9321057326, 2405508.61380616, 2466620.994852971, 2641507.6883663596]
[2870165.9649090716, 3002506.5368612716, 2991920.055144445, 2476562.006494816, 2526045.8005959806, 2544579.57669125, 2958365.3052101377, 3024895.568130534, 2604294.3676357614, 2890071.471946068, 2514171.5413257075, 2555442.038857908, 2554570.540758862, 2714213.4205462644, 2730775.485014774, 2863915.2346745534, 2779031.508898755, 2789329.536122593, 2889116.8876100453, 2715544.811138511, 2422454.764491872, 2761491.341671589, 3510062.3544114106, 2965407.246928717, 2532868.227264796, 2502013.0563210878, 2944597.8369506625, 2783301.7395915594, 2947710.655842905, 2299165.1572531885, 2972876.3342420235, 2804064.3348956555, 2411234.772623738, 2484792.961951096, 2786508.945781206, 2830754.99857825, 3044445.71609232, 2437481.691544373, 2932098.666467555, 2335479.4622836052, 2871339.537395724, 2819707.4728657175, 2611144.132848444, 2648975.5030144793, 2536861.043301941, 2286439.243715339, 2495055.518483496, 2368304.691236995, 2456414.0993083203, 2615670.0643638433]
[2854434.0547721563, 2996448.7502558087, 2924106.3213939485, 2434502.232966174, 2514442.521863541, 2526968.1644153306, 2958365.3052101377, 3024895.568130534, 2602110.2139560594, 2865658.740952228, 2503078.039872417, 2532752.425035338, 2471523.152591086, 2664768.4275554377, 2698885.4250798174, 2863915.2346745534, 2779031.508898755, 2778843.6287657726, 2824826.673959852, 2672487.454344778, 2421660.29949247, 2733468.2428933443, 3469644.6001501842, 2965407.246928717, 2524566.927483733, 2495218.6868637083, 2941545.0857405555, 2768696.6335411435, 2947710.655842905, 2270275.334012638, 2886170.789269373, 2757103.111378645, 2385073.158963608, 2456280.920503217, 2770455.771214427, 2781383.3223218145, 3044445.71609232, 2437481.691544373, 2905660.9155500187, 2335479.4622836052, 2864711.62688867, 2819018.944106285, 2566352.5342211495, 2488253.3638035622, 2509812.9851848995, 2220016.001289375, 2438704.840066626, 2226920.6440487932, 2427358.1227672114, 2574213.5844072597]
[2817508.184901349, 2958994.9802840212, 2924106.3213939485, 2394835.1052386183, 2498626.3750736862, 2526968.1644153306, 2914966.79461827, 3023472.7733358815, 2554282.2287510475, 2836937.3735466464, 2503078.039872417, 2532752.425035338, 2444233.039252747, 2659017.7848713235, 2532633.5289641228, 2836013.214585365, 2729709.9209680376, 2742873.5702403365, 2824826.673959852, 2672487.454344778, 2388696.5062196283, 2717091.7089837366, 3423360.057144729, 2955647.3721043556, 2505654.8996459907, 2495218.6868637083, 2879807.9393286766, 2768696.6335411435, 2920671.3614576627, 2270275.334012638, 2853204.151553758, 2707177.772898514, 2316351.0311412713, 2375511.5404735697, 2737977.1864494844, 2778975.4559764033, 3024579.4792244043, 2361707.3751826044, 2852334.420302256, 2288104.7260028906, 2860938.347320622, 2811954.336131645, 2563827.716161896, 2488253.3638035622, 2433456.1290243156, 2158135.758615532, 2438704.840066626, 2226920.6440487932, 2412943.9230695935, 2532271.414779115]
[2772452.7154624998, 2937186.678960635, 2924106.3213939485, 2390553.0283052484, 2426076.8419650286, 2474475.3076295, 2914966.79461827, 2993208.989871814, 2535805.953075598, 2819912.135496409, 2503078.039872417, 2473325.7196461475, 2444233.039252747, 2590844.615493129, 2494218.9365711636, 2826448.315321704, 2729709.9209680376, 2722464.5966305705, 2761502.149913703, 2669511.367932158, 2388696.5062196283, 2713130.1096642935, 3408219.438117591, 2937743.681669785, 2503773.136859762, 2495218.6868637083, 2873807.4066544445, 2733575.0414445293, 2920160.8215850685, 2266863.3376286672, 2797752.541008125, 2683694.267800261, 2307899.39278531, 2375511.5404735697, 2737977.1864494844, 2728432.5435953448, 2913080.128503217, 2301418.68402015, 2814485.756655803, 2286796.766042811, 2829905.3120959746, 2768938.373011573, 2500583.497649976, 2436831.1174948546, 2413302.253897722, 2144043.7820646986, 2413932.5752510712, 2206092.3778965273, 2412943.9230695935, 2532271.414779115]
[2709574.116374773, 2877708.940981031, 2898716.3486758904, 2379786.753651969, 2423538.7516971626, 2462962.606966232, 2879904.6436490724, 2993208.989871814, 2480083.304601286, 2819912.135496409, 2503078.039872417, 2408677.913263244, 2444233.039252747, 2568002.3926239805, 2446099.3339538956, 2796070.247077737, 2625592.1751637636, 2722464.5966305705, 2741334.4630507044, 2667578.4210290834, 2388696.5062196283, 2627059.929013778, 3408219.438117591, 2858348.3283553915, 2493334.9549846016, 2495218.6868637083, 2850424.2637347453, 2733575.0414445293, 2902078.9668752817, 2263016.3461530283, 2694233.3054527, 2587847.7479604916, 2307899.39278531, 2360246.101324908, 2720303.746299478, 2728432.5435953448, 2861924.442681937, 2288678.869656972, 2748211.840369917, 2286796.766042811, 2741807.3883371176, 2768938.373011573, 2500583.497649976, 2411167.2319548735, 2413302.253897722, 2104064.8134167264, 2406255.2107687723, 2201331.725205107, 2406891.858005954, 2513878.5476576798]
[2709574.116374773, 2796516.650422594, 2783996.302052796, 2379786.753651969, 2368180.7438917025, 2448634.187988149, 2821019.149171752, 2993115.9476170135, 2477129.7520568436, 2795515.6248411955, 2502157.448383561, 2408677.913263244, 2425236.2928895303, 2568002.3926239805, 2424329.051075478, 2796070.247077737, 2613760.908599905, 2595559.107620648, 2688923.7806837265, 2663722.7918937625, 2365005.1917216247, 2614188.0436780276, 3321207.3359075105, 2843001.662475915, 2440033.019307749, 2454212.921804956, 2773137.87798619, 2730540.7917639622, 2882295.1480972357, 2256062.791682149, 2646319.497677409, 2587142.533187651, 2281893.333687483, 2354901.3491537524, 2683025.804807637, 2694245.4242523583, 2784990.8075737995, 2288678.869656972, 2688483.7219352173, 2286796.766042811, 2741192.8729364583, 2677418.020459818, 2500583.497649976, 2385966.4649722446, 2405527.972794143, 2097028.7363486395, 2385424.804800484, 2201331.725205107, 2355544.4068786395, 2406449.185809736]
[2687472.54700614, 2773194.601343042, 2772233.820128435, 2379786.753651969, 2347434.2557194117, 2448634.187988149, 2808909.6921140538, 2909395.070833488, 2447644.5953561794, 2795515.6248411955, 2483038.4668852957, 2385276.121214319, 2411746.7515271283, 2479219.350124865, 2364192.859190865, 2728914.6403808305, 2558813.0157358106, 2521528.8526305784, 2628881.412193381, 2663025.71039595, 2330955.936101676, 2602328.100494097, 3321207.3359075105, 2822041.2950256495, 2254768.4504745873, 2370742.2625765437, 2759304.26139138, 2707996.7070814543, 2876046.6262264266, 2198063.400019352, 2584847.8538037566, 2580880.0986203663, 2220083.027857446, 2246481.7529154895, 2655712.171387364, 2673829.728618892, 2784990.8075737995, 2260117.4250141475, 2638824.205455213, 2286796.766042811, 2711547.740465201, 2617306.261937144, 2482367.716291665, 2338597.7222276805, 2377201.8823057516, 2054274.0783134073, 2385424.804800484, 2201331.725205107, 2307246.3013633788, 2406449.185809736]
[2687472.54700614, 2773194.601343042, 2772233.820128435, 2303736.098000223, 2347284.673535143, 2423152.955461362, 2804405.2245777706, 2904849.37277728, 2447644.5953561794, 2759546.8187584477, 2483038.4668852957, 2385276.121214319, 2364944.1554056136, 2462572.7368413336, 2350616.680036956, 2696854.480280121, 2534217.311673647, 2494173.545510634, 2628881.412193381, 2659925.266944022, 2327177.902943752, 2602328.100494097, 3321207.3359075105, 2778492.1677256944, 2247895.49755438, 2307090.317960857, 2759304.26139138, 2670311.5189919425, 2781866.3080154834, 2128853.1070800913, 2535190.553456485, 2569804.335726685, 2220083.027857446, 2218590.898888853, 2651053.749349431, 2673793.714271535, 2748414.0928728217, 2260117.4250141475, 2600173.8211918073, 2240142.664947808, 2640327.460633639, 2546808.6252080863, 2482367.716291665, 2338597.7222276805, 2357493.5632367763, 2040602.5246203071, 2385424.804800484, 2195016.844510619, 2305368.98488411, 2337897.478516994]
[2640105.3158851275, 2745038.7106473395, 2750868.080063891, 2283491.349432143, 2286032.1649904805, 2423152.955461362, 2793042.5899923546, 2862627.38190595, 2427644.003725902, 2635585.358181642, 2433623.147366866, 2383594.723338804, 2294558.3835719875, 2462572.7368413336, 2336447.0722636646, 2695496.057281453, 2534217.311673647, 2494173.545510634, 2613941.4425775255, 2586212.519874195, 2270563.50776657, 2602328.100494097, 3285904.363392331, 2778492.1677256944, 2223472.1394088054, 2307090.317960857, 2747177.9791718945, 2595394.9393494586, 2775086.2682124926, 2122593.106377901, 2516525.860715873, 2545592.6478153775, 2181450.412671963, 2218590.898888853, 2644851.781085442, 2673793.714271535, 2733536.550004841, 2250190.3242865903, 2600173.8211918073, 2233860.9198104567, 2596438.8419840876, 2546808.6252080863, 2425574.408291561, 2325877.7225931655, 2321567.6738336002, 2040602.5246203071, 2350831.2990755094, 2180380.9341686564, 2280483.288838962, 2334059.0264634783]
[2600147.630002898, 2718505.195453496, 2688301.8217121195, 2247890.7449926063, 2261705.015795738, 2408763.603256542, 2787573.9599750456, 2853761.8826553514, 2427644.003725902, 2548783.534686933, 2422715.285922405, 2343746.1213910403, 2260518.0860214494, 2462572.7368413336, 2336447.0722636646, 2637798.2289161016, 2534217.311673647, 2446642.050258592, 2613941.4425775255, 2583658.525137258, 2249012.2205917756, 2516808.8348131217, 3281169.013587932, 2762358.2651660885, 2223472.1394088054, 2259275.183757409, 2744444.652560847, 2530328.402234054, 2649060.1753633427, 2047408.755811907, 2510783.2113497285, 2545592.6478153775, 2150706.704177301, 2209254.8347089957, 2565746.3692825795, 2654101.919511219, 2647766.5110856025, 2244153.1827427037, 2600173.8211918073, 2233860.9198104567, 2546473.5384948226, 2546808.6252080863, 2416629.438066499, 2281428.192961051, 2321107.332676544, 2011941.274072559, 2348681.1602988425, 2153000.3377828794, 2215534.34829482, 2307253.468334631]
[2600147.630002898, 2699118.180140773, 2636033.321933794, 2227617.456770845, 2213242.1007715673, 2306928.47568304, 2778955.5534827104, 2832550.7939958773, 2323621.6020898675, 2543203.424882277, 2399572.824874944, 2336261.409580239, 2260518.0860214494, 2414682.175723181, 2317691.826627192, 2637798.2289161016, 2453760.0599161345, 2443827.4643941815, 2610217.7514445344, 2583658.525137258, 2227790.290576672, 2489395.8570713056, 3279848.823068717, 2681603.9689159193, 2211244.1202596305, 2209215.5216142666, 2741571.3427421264, 2513175.4336358816, 2630343.93278923, 2047408.755811907, 2495058.2052465654, 2545592.6478153775, 2150706.704177301, 2165946.59248367, 2495498.8905146746, 2654101.919511219, 2596458.0390809565, 2244153.1827427037, 2554690.4821948344, 2175324.043551182, 2546473.5384948226, 2532757.5583893633, 2411123.989499549, 2242395.146355245, 2313675.494928767, 1982999.7869275655, 2325815.563034007, 2135845.178933333, 2210649.346754528, 2299509.182474671]
[2599954.8241373724, 2699118.180140773, 2626446.9234544365, 2158422.3600218548, 2176695.844038122, 2253389.2507419446, 2778955.5534827104, 2785627.0010543107, 2312566.943500286, 2530648.0288162036, 2381163.313665413, 2328980.9222114035, 2256966.684973044, 2384505.0524004106, 2317691.826627192, 2593501.236076313, 2450497.2808215013, 2404554.4109867276, 2593801.0500103906, 2557861.097288103, 2210948.137331823, 2477321.214697926, 3274452.2599389157, 2672367.842079121, 2183143.8750143712, 2204897.931482075, 2720044.166094895, 2513175.4336358816, 2588537.370375058, 2047408.755811907, 2479151.129075653, 2540493.5053577875, 2092648.0986439604, 2163715.66648556, 2469235.3263149704, 2555509.773770298, 2591836.587282238, 2132716.6460673534, 2554690.4821948344, 2175324.043551182, 2521433.8566488125, 2458134.087898521, 2403674.296145572, 2199347.4224869157, 2313675.494928767, 1966222.9411178357, 2293000.194492771, 2134688.827295518, 2206871.054000557, 2265781.638322362]
[2589561.269358405, 2626779.5209270334, 2626446.9234544365, 2143749.8657276486, 2166047.546187238, 2230373.4808937362, 2777970.250346304, 2739530.718130653, 2246242.7110614427, 2512567.5370273152, 2311909.0004819306, 2324867.1842112825, 2256966.684973044, 2318196.033891748, 2282097.2351815375, 2542084.505889745, 2447401.261999284, 2404554.4109867276, 2593801.0500103906, 2557861.097288103, 2177837.130649761, 2476479.9145894395, 3199207.6658833055, 2543447.2000754466, 2151833.3084257706, 2189176.6020257254, 2716025.722384835, 2513175.4336358816, 2549292.483842711, 2047408.755811907, 2432554.6026001186, 2533603.2531805513, 2088125.6473533441, 2163715.66648556, 2435270.7389375377, 2555509.773770298, 2591836.587282238, 2090502.3673853274, 2539589.3777432595, 2175324.043551182, 2500166.9431505143, 2446985.229707081, 2390073.9299930683, 2170683.218524973, 2276712.646845282, 1958426.4999619077, 2293000.194492771, 2050355.9713849842, 2176192.741550137, 2260554.619736521]
[2538489.218092966, 2626779.5209270334, 2626446.9234544365, 2143007.6172507326, 2166047.546187238, 2198921.725263378, 2687894.018910966, 2690166.32181199, 2246020.3636615304, 2506732.1064518075, 2288953.0304398597, 2318341.783469245, 2256966.684973044, 2318196.033891748, 2282097.2351815375, 2541414.884414963, 2404522.7605303694, 2364283.2890770338, 2593801.0500103906, 2492162.4505487964, 2129751.108244815, 2476479.9145894395, 3135543.014668598, 2529011.844213002, 2130191.9810076756, 2171051.18648249, 2685654.2433076897, 2499756.0335689364, 2549292.483842711, 2038660.3581231658, 2432554.6026001186, 2443185.955367049, 2085064.4652941208, 2151969.258274767, 2413764.805043818, 2555509.773770298, 2577932.4388794624, 2087512.8280635837, 2457977.198141864, 2175324.043551182, 2483227.321732995, 2442484.494213739, 2360348.4434116287, 2170683.218524973, 2258650.8908530762, 1958426.4999619077, 2246503.8157495474, 2043398.3610038012, 2176192.741550137, 2235717.6708587557]
[2515098.4582204497, 2626779.5209270334, 2626446.9234544365, 2122484.3024821756, 2166047.546187238, 2198921.725263378, 2665433.362021224, 2636674.113458006, 2187506.193835785, 2476090.518601457, 2245883.286253485, 2281818.644607852, 2256966.684973044, 2318196.033891748, 2282097.2351815375, 2515231.9106503613, 2404522.7605303694, 2335746.155278166, 2501569.063671287, 2461760.9134174217, 2102451.8468996314, 2452256.287255749, 3108598.490836947, 2466837.4255882236, 2127973.2657742724, 2171051.18648249, 2567830.711842697, 2447313.751323847, 2486469.076892368, 2030093.9462284364, 2411600.678499957, 2406382.333706149, 2063233.8203989994, 2122592.016823272, 2413764.805043818, 2555509.773770298, 2527179.0428217677, 2087512.8280635837, 2457977.198141864, 2174501.0835572174, 2483227.321732995, 2360994.2053341093, 2360348.4434116287, 2170683.218524973, 2247210.8807392474, 1919643.4977111197, 2225999.076508892, 2038325.9140502154, 2148227.777804503, 2225660.198468605]
[2487756.6737258644, 2601558.284923096, 2626446.9234544365, 2122484.3024821756, 2166047.546187238, 2195329.0228329482, 2635849.5164715424, 2636674.113458006, 2183241.936380515, 2465075.8955254955, 2245883.286253485, 2262554.6875656107, 2256966.684973044, 2310420.4912900412, 2206918.4677026765, 2488149.6740451353, 2377984.5700553837, 2335746.155278166, 2501569.063671287, 2430449.5650497745, 2095585.5340712625, 2452256.287255749, 3093037.641062411, 2427792.5640900647, 2056029.9643118302, 2163879.5946136294, 2559189.003622106, 2404332.0162781696, 2486469.076892368, 2019912.5171444416, 2392788.4557156363, 2348612.103206026, 2058580.2398391124, 2122592.016823272, 2349188.5899892454, 2530768.9907278656, 2503977.4612507285, 2075423.0625018734, 2418333.8577748057, 2124224.819287612, 2465488.088485698, 2256583.0948702795, 2353917.7550432445, 2140155.8615744533, 2247210.8807392474, 1911246.6351558082, 2225999.076508892, 2013167.755741893, 2133111.9508722513, 2225660.198468605]
[2487756.6737258644, 2516570.0711639835, 2549950.1430584555, 2079526.541328242, 2166047.546187238, 2174409.3416005005, 2618981.0470164246, 2636674.113458006, 2176693.259617374, 2436321.982243088, 2227119.6647875034, 2260213.9245117097, 2245992.14653842, 2310420.4912900412, 2173181.7355654007, 2483141.0046727024, 2305177.325512117, 2311420.512409532, 2423161.9601393994, 2418608.763553053, 2095585.5340712625, 2418120.231869283, 3093037.641062411, 2374731.6649757796, 2030603.5272523619, 2150768.3011511345, 2478311.7268662704, 2367055.3345915317, 2454801.9285082226, 1986564.9113797687, 2380951.2326253294, 2338593.432812477, 2027959.2336638067, 2122592.016823272, 2283316.4335839497, 2530768.9907278656, 2482065.677026032, 2055901.4504690464, 2391726.5310819643, 2073666.5135415979, 2453613.925855445, 2226934.4999199775, 2351415.655688586, 2078081.2536001082, 2229827.9433485377, 1876851.0591896647, 2162891.656487395, 2013167.755741893, 2093449.1751752743, 2203636.3154868116]
[2478906.7423363207, 2507057.947101175, 2446139.8961091214, 2079526.541328242, 2134913.794232289, 2127106.978205369, 2581728.603675847, 2636674.113458006, 2137648.7372371126, 2430283.743739954, 2156420.987002445, 2260213.9245117097, 2231548.295180022, 2276451.9642801443, 2144011.8634407655, 2476834.6432101727, 2305177.325512117, 2265270.0287598995, 2398066.0759683936, 2418608.763553053, 2029952.9760281972, 2418120.231869283, 2990296.4408615357, 2359938.0048051868, 1980030.1270997212, 2101444.0488020782, 2350488.5236660587, 2331146.585630278, 2454801.9285082226, 1975991.7584438964, 2376401.968903673, 2273228.8737712884, 2027959.2336638067, 2093428.679474656, 2278154.870890065, 2506805.729285364, 2451311.993313828, 2036262.2351024621, 2360364.0220156247, 2067659.382740721, 2409849.6815392566, 2226934.4999199775, 2317926.568015547, 2077133.2256638836, 2213320.5233058925, 1876851.0591896647, 2117566.104507664, 1976021.439585799, 2093360.028142772, 2192314.3713801363]
[2447494.841898853, 2481925.909074327, 2422120.8404624364, 2001658.853782552, 2129660.373948629, 2104367.7299213754, 2508717.009943937, 2609380.422845063, 2130897.239395028, 2416032.368936288, 2156420.987002445, 2260213.9245117097, 2212993.542048602, 2233183.448265711, 2097821.9877999984, 2454787.628461143, 2305177.325512117, 2215587.7834238824, 2390269.1072126334, 2400272.987317304, 1993581.458865561, 2367962.0486859763, 2909004.334416908, 2332219.6381021654, 1980030.1270997212, 2029500.012935841, 2293521.9841133086, 2317316.564850918, 2441999.080003699, 1960920.780595926, 2344734.7331975675, 2260206.874073454, 2027959.2336638067, 2089565.869290034, 2271942.4346281453, 2503145.7166431397, 2402678.1361596053, 2036262.2351024621, 2340207.985404774, 2039566.3782149702, 2379728.103230633, 2224283.7808979927, 2308197.9143400984, 2057943.974131124, 2181919.551551122, 1856996.1033112574, 2106335.2749232184, 1974527.023374562, 1980787.7413271056, 2188527.0587922446]
[2372438.9139067037, 2481925.909074327, 2413999.0789762256, 2001658.853782552, 2129660.373948629, 2101090.9709567414, 2480861.434203488, 2594937.4478143617, 2087406.088772225, 2397469.755419863, 2156420.987002445, 2260213.9245117097, 2207154.435020569, 2201618.943640849, 2097821.9877999984, 2426989.4306364795, 2305177.325512117, 2204577.6639360054, 2380905.220705864, 2329452.9356936244, 1993581.458865561, 2342835.03775538, 2865013.9371157363, 2329737.2626750222, 1964415.8727190592, 2029245.8445645194, 2248032.193846366, 2309299.215467743, 2440093.1548417322, 1960920.780595926, 2329091.3655696604, 2247187.190931254, 2019942.7463589956, 2089565.869290034, 2271942.4346281453, 2503145.7166431397, 2389659.213211207, 2016379.243513072, 2318903.2705984088, 2039566.3782149702, 2359442.293006967, 2178661.8943555076, 2289108.9758658004, 2057943.974131124, 2181919.551551122, 1855648.6585639839, 2106335.2749232184, 1971461.8768487833, 1917193.1428005272, 2188527.0587922446]
[2368389.899936527, 2467846.898280741, 2390251.3919112748, 1994999.1858458878, 2119881.1500275806, 2081941.9865905128, 2479610.408618981, 2532934.1811751416, 2065356.9678343113, 2359836.1631220914, 2156420.987002445, 2210712.030844702, 2195997.4678986995, 2196408.9453873746, 2097821.9877999984, 2327339.11490341, 2305177.325512117, 2180097.3629991435, 2331255.877389687, 2315598.7064677617, 1977317.9560944282, 2321077.558915331, 2861372.6539872913, 2310389.516365068, 1907790.0896584317, 2029245.8445645194, 2212474.189616511, 2309299.215467743, 2434453.8222884503, 1942041.8942266605, 2315666.9460252896, 2188895.371247378, 2015872.2987326633, 2089565.869290034, 2255247.9469296336, 2456562.220165741, 2383612.3611740903, 2016379.243513072, 2318903.2705984088, 2035660.186763715, 2359442.293006967, 2126061.7108654957, 2251457.837783416, 2057943.974131124, 2169460.3692341615, 1841151.37735833, 2106335.2749232184, 1964583.5845734072, 1913940.8477226435, 2180375.5704755494]
[2325788.342014931, 2453800.8719002465, 2359865.407806995, 1992703.463912366, 2081694.1563805286, 2048114.6624502193, 2423789.58460171, 2506843.567089225, 2054296.814217383, 2352957.288778497, 2123002.3927685176, 2197106.5700180875, 2187678.7058183514, 2143836.213489906, 2097821.9877999984, 2279560.6211076463, 2294469.4108638694, 2180097.3629991435, 2313765.52774791, 2315598.7064677617, 1977317.9560944282, 2307079.955810026, 2661724.669311692, 2306873.997553398, 1907790.0896584317, 1999382.0261021177, 2199351.563912378, 2309299.215467743, 2366975.2893527728, 1935075.676185026, 2275594.122210701, 2175978.412522288, 2015872.2987326633, 2078185.5851867583, 2209861.6100672707, 2364938.693494293, 2346601.452435226, 1927657.112246567, 2318903.2705984088, 1963882.4986890212, 2321902.111712293, 2117094.740832984, 2236092.6219571033, 2057943.974131124, 2118945.9276661538, 1808692.0066380631, 2093620.0632832167, 1949187.719064305, 1845537.000448392, 2155162.288499561]
[2319570.808201909, 2431409.324144407, 2280817.649569566, 1992703.463912366, 2063774.8893617701, 1991249.9925449379, 2410085.5017963606, 2460740.8563143588, 2049972.7882385515, 2317015.5942147663, 2072268.1354786889, 2142769.3995565614, 2056858.1032452532, 2143836.213489906, 2097821.9877999984, 2262623.104519282, 2246332.985739084, 2152136.9092090824, 2304187.5636468786, 2289923.6422589533, 1966602.1142903795, 2240483.967684727, 2638881.7147420524, 2297483.6466516987, 1907790.0896584317, 1994069.7939650281, 2199351.563912378, 2291960.1331291692, 2356514.1139829527, 1935075.676185026, 2187631.1229989333, 2156942.9535701415, 1953247.0317796818, 2025481.088786405, 2198515.1201942703, 2363312.0709744487, 2330606.8147516097, 1927657.112246567, 2271248.4689385667, 1916885.3113531605, 2272064.478236881, 2114170.827877728, 2140857.2462551603, 2056934.9352890726, 2108542.676743091, 1791434.140456854, 2093620.0632832167, 1896351.6518297885, 1842897.1335838991, 2155162.288499561]
[2259033.1639732304, 2420391.4897133233, 2280817.649569566, 1992703.463912366, 2024470.5505249307, 1958462.9448023778, 2410085.5017963606, 2410726.459200716, 2023061.8436684352, 2165578.840620824, 2052101.2705270536, 2121092.903553433, 2032927.9323664843, 2129915.387559296, 2093394.567599895, 2256576.485805035, 2231516.069584568, 2143528.5408946993, 2296292.4826949583, 2289923.6422589533, 1951910.528729254, 2239061.5518012783, 2619770.657484551, 2265524.5452355226, 1888642.9333707292, 1962370.9902408305, 2158295.2637000205, 2226212.8548890823, 2345699.5133963767, 1895460.7652376206, 2171876.564832824, 2156942.9535701415, 1951251.613853056, 2025481.088786405, 2175395.6800844045, 2362301.9966411833, 2330606.8147516097, 1865413.2241905252, 2252753.5751687367, 1881374.8480712704, 2264751.970983286, 2089388.2044299091, 2108417.636631603, 1979265.0174527555, 2058959.8259756542, 1775441.6295272503, 2092644.8005872432, 1887465.6356011573, 1820144.3187399197, 2119179.5155612594]
[2234065.6289601163, 2420391.4897133233, 2272296.597868884, 1992703.463912366, 1972670.8808990289, 1958462.9448023778, 2396884.8757156413, 2375873.520640484, 2023061.8436684352, 2107609.87441283, 2037558.2928826488, 2103938.946839012, 2003980.6302329756, 2082277.5820179835, 2023439.5223023514, 2197373.5256454777, 2219768.2649745634, 2124428.355764122, 2259671.661462807, 2278488.9586137966, 1951910.528729254, 2178571.9032946485, 2575619.947067863, 2259659.343979279, 1888642.9333707292, 1958855.2619595856, 2158295.2637000205, 2195776.3575022933, 2240811.673372705, 1895460.7652376206, 2161750.265013812, 2134840.7983592805, 1927670.0718854528, 2015494.3103908296, 2172203.6405126243, 2283982.4868328082, 2292978.412610793, 1865413.2241905252, 2209170.954180656, 1864378.7746036644, 2255354.7904993463, 2074478.4117958054, 2060654.5282943372, 1974672.4574300642, 1971735.8061347138, 1763136.5258471172, 2088914.2232512876, 1847432.471823604, 1819487.8824279637, 2119179.5155612594]
[2214921.128299714, 2386925.929461136, 2261800.855051509, 1992703.463912366, 1972670.8808990289, 1958462.9448023778, 2395370.2452411805, 2330392.1000776077, 2022144.6619867769, 2089185.303370086, 1969590.4064972722, 2023769.3462514796, 1998881.5920581117, 2077435.963386283, 2023042.2188397609, 2197373.5256454777, 2211433.934317195, 2124428.355764122, 2197956.7611086997, 2274788.655904471, 1918782.4042000186, 2178571.9032946485, 2563483.3583450792, 2227844.2880817363, 1863783.4323474183, 1952511.9422170583, 2145165.0690148394, 2188139.1199797466, 2202825.333490076, 1874256.5407038413, 2161750.265013812, 2070783.3062851815, 1875041.755602635, 2011913.2565830331, 2171708.0223646564, 2270394.391614133, 2233334.8494271273, 1860555.5482924234, 2209170.954180656, 1838894.4405242596, 2233824.1956460252, 2048321.2862366077, 2060654.5282943372, 1961261.8481980085, 1967626.1501092636, 1763136.5258471172, 2058197.882943501, 1795837.311068521, 1783416.6730168026, 2086553.678263745]
[2178197.8158738865, 2334433.7194586834, 2257279.2485165847, 1972232.3457508453, 1967704.399191166, 1948479.537158511, 2379673.702118933, 2281311.303125468, 2022144.6619867769, 2066289.1924155802, 1916235.929887147, 1978939.2874563679, 1985876.5760760375, 2066451.453492313, 2021362.8474298287, 2181214.836738058, 2187670.835432081, 2119352.0397588, 2197956.7611086997, 2197376.9505587146, 1916663.7529499766, 2156457.4191226037, 2534782.272612692, 2227844.2880817363, 1801185.2914900607, 1894519.0327028227, 2122177.9651848734, 2148836.664624184, 2190867.7653735257, 1872546.2012080986, 2136930.022986284, 2053678.0761054836, 1875041.755602635, 1924434.2968752559, 2150052.4032447403, 2254163.671458348, 2233009.468734215, 1829547.1052459788, 2209170.954180656, 1770469.408947474, 2233824.1956460252, 2026759.3533607174, 2029273.718892768, 1946822.0436434913, 1881534.3624153752, 1763136.5258471172, 2058197.882943501, 1795837.311068521, 1765333.3284998802, 2037589.127843583]
[2143068.654807913, 2309540.0207724106, 2253280.5212446637, 1933718.7693167813, 1950065.6664040405, 1947315.8308297705, 2352474.1351775294, 2251251.3068391522, 1999207.7129341066, 2057595.5203973625, 1891954.932368712, 1947680.927604216, 1958708.1291250705, 1990670.2284651971, 1988959.0502561214, 2181214.836738058, 2187670.835432081, 2100934.372173083, 2155180.5968970843, 2169898.203649686, 1916663.7529499766, 2156457.4191226037, 2478292.8441463863, 2227844.2880817363, 1752775.070348426, 1894519.0327028227, 2097811.049730933, 2148836.664624184, 2184857.798504169, 1828860.9843522483, 2123962.976434884, 2049907.91161827, 1831442.7988126245, 1888713.659821612, 2150052.4032447403, 2242296.126752329, 2172079.5354893827, 1829491.1127662144, 2199632.8422076995, 1762520.1989288884, 2189075.7967313174, 1968405.1073657405, 2029273.718892768, 1944197.44583906, 1825921.1699220731, 1763136.5258471172, 2022900.1997863185, 1795837.311068521, 1765333.3284998802, 2037589.127843583]
[2098641.131151422, 2283812.191908439, 2253280.5212446637, 1930069.8457588158, 1895233.6271449898, 1944988.1000677857, 2352474.1351775294, 2200418.81964741, 1999207.7129341066, 2014780.518425695, 1891954.932368712, 1932729.9200136256, 1925708.883453948, 1988095.5375797271, 1927696.609182123, 2161271.4416109053, 2187670.835432081, 1994442.1767613248, 2130229.8882446475, 2115292.6271683336, 1883778.527358794, 2156457.4191226037, 2401969.1843050476, 2222834.692523795, 1739683.6421226051, 1880388.104352458, 2097811.049730933, 2142184.7985155145, 2107997.684440757, 1778658.1113424134, 2123962.976434884, 2049907.91161827, 1821850.4594640757, 1888713.659821612, 2047306.4445508712, 2231589.876655929, 2172079.5354893827, 1828586.688747191, 2187120.6008161535, 1699822.7179507122, 2189075.7967313174, 1958688.4943547067, 2024092.5413457986, 1929951.4128446323, 1825921.1699220731, 1763136.5258471172, 2017143.4330897562, 1735424.8392174419, 1728240.6269344322, 2033160.2023346536]
[2072115.1362032774, 2279163.3334223693, 2216719.900243161, 1910108.717113794, 1895233.6271449898, 1941468.199675633, 2259252.124984639, 2188798.1103648413, 1999207.7129341066, 2014780.518425695, 1891954.932368712, 1932729.9200136256, 1925708.883453948, 1982851.1979022406, 1927696.609182123, 2135559.4989419496, 2187670.835432081, 1925334.9880962274, 2099766.764808706, 2106665.7662442503, 1869344.5665636957, 2150552.11290862, 2372807.98477497, 2167240.3397363657, 1739683.6421226051, 1857342.1659997297, 2072427.5185698539, 2134435.1559961913, 2107997.684440757, 1746376.190639938, 2123195.7165778023, 2034378.3419628174, 1789208.3261686477, 1873390.5232218348, 1990485.788848086, 2231538.4839792703, 2092420.1565442581, 1788877.6201083153, 2176611.526629268, 1671270.83093089, 2186487.6026241807, 1934842.265734867, 2024092.5413457986, 1881885.5019746614, 1784071.9773136526, 1724384.9639067233, 1941896.755972293, 1735424.8392174419, 1728097.9591282667, 2002725.9739979315]
[2045375.2842340835, 2247441.171025513, 2143587.6568192313, 1903256.8072184771, 1880251.8429676942, 1920935.2514633562, 2244693.861196596, 2185562.9009782304, 1998840.8819715388, 2014780.518425695, 1888485.4428502675, 1922514.4021896757, 1923984.4807531484, 1980516.0145527832, 1913529.6082519046, 2131258.81160314, 2181543.1527810297, 1913157.723189375, 2071055.592421033, 2106665.7662442503, 1859422.855567459, 2150552.11290862, 2312303.7862667134, 2163819.003422455, 1735954.936662874, 1753691.1483180043, 2072427.5185698539, 2126207.639930157, 2066997.129946048, 1704706.9125264548, 2116004.9756899583, 2028708.713896009, 1717943.9039881602, 1857054.1302828412, 1986561.5115557783, 2231538.4839792703, 2082383.5599267199, 1786357.8817075584, 2146321.9656901164, 1664801.7092848534, 2149087.597320672, 1904824.4479482125, 2024092.5413457986, 1881885.5019746614, 1730110.0414468688, 1708791.2430089866, 1856350.4510874269, 1721172.365554892, 1728097.9591282667, 1964530.4163417313]
[2043171.3393700612, 2215671.007574535, 2136126.1018519737, 1895140.1649411316, 1846493.5630791779, 1886329.549748397, 2218829.351435414, 2185562.9009782304, 1980368.8836906664, 1996052.0484844507, 1832336.9760764104, 1916829.4455245952, 1912158.701461736, 1908580.1028195135, 1898395.8160387934, 2131258.81160314, 2168282.5297709024, 1910740.3699459857, 2038277.600790338, 2090740.728454329, 1833272.169964722, 2055106.1535429098, 2247365.1570252753, 2118030.7731918185, 1692425.6477067645, 1753691.1483180043, 2017742.044765988, 2121276.3626713776, 2048435.3103564247, 1688733.524810146, 2043534.126218564, 1975600.0084132873, 1713045.9033777236, 1835384.8546441465, 1932493.4497673507, 2174527.8239208115, 2017833.650456321, 1764904.074121215, 2135699.6686786483, 1619936.4967629407, 2141029.248050224, 1896951.1566074197, 2000597.9513138172, 1877378.3071080204, 1693888.0551670946, 1671311.5392972718, 1844732.6017708846, 1716036.3609417882, 1726196.3444157722, 1923238.3744921435]
[2014666.9304996734, 2188691.071643131, 2069119.9603780557, 1892730.5512538846, 1846493.5630791779, 1881914.048094953, 2178451.526292947, 2181670.4446822214, 1980368.8836906664, 1986655.4578243284, 1832336.9760764104, 1873855.001277695, 1903709.2166964922, 1882158.987431782, 1879355.8588154793, 2124052.279938421, 2155955.8121817103, 1910740.3699459857, 2005525.5903307442, 2072667.8406049858, 1802634.824405435, 2029793.8286899694, 2244705.7994421027, 2112465.449341724, 1687488.351857983, 1753574.8137244289, 2017742.044765988, 2121276.3626713776, 2019310.9502271533, 1628973.7384344877, 2023803.6336535723, 1966450.740813401, 1713045.9033777236, 1821221.1778554234, 1906429.3655571837, 2134892.5080672908, 2016404.8497531246, 1732748.6944613736, 2092140.5249580338, 1619936.4967629407, 2122434.36722432, 1896951.1566074197, 1992864.6493393115, 1854237.786284063, 1681949.5956451637, 1649883.2380097243, 1844732.6017708846, 1716036.3609417882, 1726196.3444157722, 1876949.6009660556]
[1930934.7169804748, 2186501.125324226, 2069119.9603780557, 1881420.56270391, 1846493.5630791779, 1881914.048094953, 2166469.722436816, 2094501.3681338509, 1971005.574905283, 1986655.4578243284, 1830621.3291178192, 1839045.1848100242, 1854593.2491852567, 1873962.7210427728, 1833592.5569770061, 2124052.279938421, 2142256.259175169, 1910740.3699459857, 2005525.5903307442, 2067088.1426390116, 1789186.4978526172, 2029793.8286899694, 2240922.9569181884, 2013309.9295076362, 1668114.6018442237, 1678730.8517593802, 2012281.322686763, 2105351.3016601023, 2019310.9502271533, 1591663.3326660166, 1990036.9173334695, 1966450.740813401, 1709771.3745899454, 1738778.7707581073, 1901217.7992289395, 2122183.634753942, 2010846.3591896105, 1722781.15252482, 2025052.640624193, 1593282.5471926897, 2122434.36722432, 1896951.1566074197, 1989025.6689170965, 1839130.2198803711, 1681949.5956451637, 1605196.325987427, 1840470.0281123824, 1682753.472956986, 1726196.3444157722, 1867966.129435299]
[1927065.3130154884, 2186501.125324226, 2069119.9603780557, 1856333.6205955613, 1810099.8978953348, 1822450.6795210566, 2166469.722436816, 2055149.0504626674, 1965078.3185829949, 1983189.6234900183, 1830621.3291178192, 1834034.7870998431, 1853532.4223101598, 1873962.7210427728, 1766431.1473416213, 2103344.5086985677, 2142256.259175169, 1909221.3518229858, 2005525.5903307442, 2038054.088289275, 1754110.078026031, 2021154.0145148493, 2227129.8135559703, 1986196.5186253977, 1668114.6018442237, 1592292.1330236192, 1958582.644379016, 2092274.161178163, 1948099.2227644068, 1591663.3326660166, 1990036.9173334695, 1961827.3535250302, 1699606.6828342439, 1733918.7074829657, 1900174.7359508015, 2048090.3980669181, 2010846.3591896105, 1722781.15252482, 1960176.1241001424, 1590719.8308232676, 2060497.1173101938, 1846631.796224627, 1943692.8242975385, 1823344.0449517246, 1659777.1580445913, 1597782.707167952, 1836014.5392303008, 1667162.830432451, 1700885.720541437, 1850257.4886729189]
[1877117.6092294448, 2154791.1733642104, 2032822.0153806065, 1837903.285140728, 1782464.529470306, 1807421.1124194067, 2166469.722436816, 2025909.6238334286, 1962337.3024876579, 1967569.496703513, 1800381.0559222684, 1831559.640398094, 1830402.3106619078, 1848376.709283792, 1751513.1653957968, 2103219.760910296, 2142256.259175169, 1891303.1906353845, 1991335.8728741943, 1997392.2380828704, 1744281.4929708813, 1948753.9302924578, 2219153.755340843, 1974292.8538599287, 1668114.6018442237, 1589824.012563964, 1949056.6881225915, 2064808.2852276198, 1935037.1333279957, 1584034.1540624304, 1889171.8800704782, 1919055.5351010065, 1685528.7072942562, 1717636.4744386259, 1832756.0567192156, 2014271.3345234967, 2010846.3591896105, 1722781.15252482, 1938015.554446062, 1561802.4055613147, 2051229.1632765743, 1846631.796224627, 1912250.4847695827, 1810184.6221961614, 1640026.1060795463, 1564525.5013967613, 1791672.3195458488, 1629893.018044379, 1663037.4216032992, 1849484.14095128]
[1870116.3126172242, 2154791.1733642104, 2012592.649849341, 1833873.9370268793, 1782368.498034412, 1792172.765394364, 2151876.884115244, 2014333.6423251342, 1948828.6373322974, 1967569.496703513, 1800381.0559222684, 1831559.640398094, 1777588.1355390295, 1782198.6071521733, 1743107.8250817049, 1977397.5651847653, 2117516.3731655926, 1861384.0372027953, 1991335.8728741943, 1954426.1676641547, 1692772.197792222, 1944168.9542928399, 2219153.755340843, 1946874.3029683824, 1668114.6018442237, 1589824.012563964, 1923164.4024550081, 2064808.2852276198, 1935037.1333279957, 1566763.0706651616, 1887273.5306950454, 1870378.804004447, 1685528.7072942562, 1709112.2077665715, 1793380.9560404986, 2005046.053808485, 2007106.150696282, 1684913.5593439762, 1904129.2282905292, 1529340.7397603332, 2033588.7424560587, 1846631.796224627, 1912250.4847695827, 1791424.131075081, 1613425.2640474816, 1564525.5013967613, 1749745.0625842405, 1629893.018044379, 1651664.6937671995, 1801400.0872046028]
[1851977.3368994552, 2154791.1733642104, 2010219.307977119, 1784010.2775697499, 1781691.684356201, 1762066.212071101, 2122266.7621348808, 2014333.6423251342, 1912876.0161081092, 1967569.496703513, 1751936.6393413495, 1783433.9723654608, 1737499.8562658366, 1772613.7599926877, 1727079.726721263, 1977397.5651847653, 2103590.2445273325, 1780503.948578427, 1953234.0919602935, 1911952.9665675096, 1692772.197792222, 1935339.2230967458, 2211498.925323029, 1862608.8092388692, 1647433.5365923052, 1490040.36352756, 1909121.6423094594, 2064808.2852276198, 1922623.0089428946, 1566763.0706651616, 1820763.1139241685, 1870378.804004447, 1679047.801852644, 1671444.2196286698, 1770493.811954856, 1937417.9257773596, 2007106.150696282, 1682941.1917791266, 1866105.6024514996, 1497399.1325443832, 2033588.7424560587, 1846631.796224627, 1912250.4847695827, 1791424.131075081, 1611891.0520091518, 1532251.949622461, 1749745.0625842405, 1620296.263215463, 1604747.8511377997, 1775534.5288114026]
[1839442.4902298064, 2145674.0720376372, 1990619.249696719, 1768802.8006724485, 1774598.328049106, 1714363.0889632069, 2081852.1147005223, 1999773.0805225507, 1910768.200848025, 1936356.1777417655, 1689661.5667276718, 1741152.775317433, 1732235.7290421887, 1772613.7599926877, 1724460.8732515958, 1957179.257607668, 2103590.2445273325, 1771796.1480637924, 1913992.31068039, 1911664.5179079934, 1683671.2158281344, 1935339.2230967458, 2167444.7082872833, 1862608.8092388692, 1621250.6502202312, 1490040.36352756, 1882761.571584986, 2061440.3174307707, 1922623.0089428946, 1548434.8321746953, 1816806.111458029, 1870378.804004447, 1679047.801852644, 1640204.8851025037, 1770493.811954856, 1915190.6229413897, 1983242.4372319574, 1665122.6219420554, 1866105.6024514996, 1497399.1325443832, 2033588.7424560587, 1809791.4902516908, 1905580.766520915, 1785979.5343960375, 1602554.5348606547, 1523354.3308012618, 1741347.2390161413, 1620296.263215463, 1573835.175895117, 1775534.5288114026]
[1835923.291874728, 2092689.5835173107, 1955415.1870381986, 1768802.8006724485, 1747798.4635642085, 1689190.1476664082, 2081852.1147005223, 1955269.4966734208, 1877876.9268106632, 1843575.9083146988, 1689345.251329632, 1726946.434767078, 1709397.1628740556, 1754535.5668105658, 1724460.8732515958, 1895228.4485201507, 2103590.2445273325, 1753030.859018556, 1903156.902719726, 1886942.3679262798, 1683671.2158281344, 1900793.1954152577, 2141826.1386563224, 1839853.7557492205, 1620917.0910900214, 1484871.024199736, 1882761.571584986, 2047948.2066094421, 1920674.6390703502, 1512385.663991118, 1767581.890625228, 1839330.7664105934, 1632510.6326006209, 1640204.8851025037, 1762539.1108554532, 1915190.6229413897, 1914034.1744078826, 1632535.5041370573, 1816815.3560773656, 1480097.8306941711, 2006988.1041749218, 1771713.108513786, 1905580.766520915, 1785979.5343960375, 1590258.7773619522, 1510499.8512457958, 1734547.261494141, 1587054.7897258122, 1573835.175895117, 1723769.9958440647]
[1830906.614661247, 1987756.4655793167, 1951524.277804595, 1738484.429442456, 1746439.5542432214, 1646539.615974758, 2070115.7427350425, 1955269.4966734208, 1875997.1728987438, 1837412.4726137551, 1689345.251329632, 1726946.434767078, 1670814.7047928988, 1754535.5668105658, 1704996.3650671907, 1874213.5715565053, 2019920.8485404793, 1747262.416112524, 1900908.7032424621, 1781089.2929189322, 1683002.8156313873, 1860628.0554775037, 2141826.1386563224, 1839853.7557492205, 1614210.7114044554, 1484871.024199736, 1800434.8813798807, 2042880.37644188, 1920674.6390703502, 1489098.8925663044, 1753151.2317966744, 1839330.7664105934, 1632510.6326006209, 1615959.8004819811, 1760546.614106366, 1915190.6229413897, 1914034.1744078826, 1578935.1742535676, 1784701.2575371522, 1480097.8306941711, 2006988.1041749218, 1742962.6661816635, 1858740.989918717, 1748029.9827898317, 1590258.7773619522, 1503674.8271328004, 1728600.5133207578, 1567331.1358673882, 1573835.175895117, 1719829.7621266164]
[1772110.249939271, 1913316.6331845447, 1944838.374626148, 1727063.6104184627, 1733079.0531341403, 1646539.615974758, 2061063.6577341408, 1923240.0417139307, 1875997.1728987438, 1818621.434689454, 1689345.251329632, 1726946.434767078, 1670715.8197913014, 1735299.1633967154, 1704996.3650671907, 1874213.5715565053, 1991217.8054872495, 1742152.2405201762, 1883415.7245425142, 1762942.4683597113, 1683002.8156313873, 1856137.605471253, 2141826.1386563224, 1839853.7557492205, 1601605.5786571188, 1484871.024199736, 1800434.8813798807, 2027217.6494918428, 1905841.366278056, 1457786.8409649683, 1744410.0758231804, 1816790.557161124, 1591734.5103134685, 1609428.4436802636, 1732717.5795987486, 1907507.8454015132, 1914034.1744078826, 1578003.4441957292, 1772499.7455204285, 1460098.408997547, 1980720.3756107867, 1726929.3892104283, 1846041.072464746, 1730194.01364506, 1583912.5800942993, 1503674.8271328004, 1704313.828674972, 1561387.879902977, 1570609.1790185692, 1701103.09244092]
[1757810.3820171405, 1867156.6968617942, 1901233.878997283, 1725866.7156770206, 1728247.1803391397, 1623878.744555912, 1998199.8112172, 1913234.5606884018, 1839914.2189968736, 1818621.434689454, 1685235.4433682472, 1726794.8780569504, 1670715.8197913014, 1706979.0044242225, 1677597.3695678592, 1859970.6693742932, 1991217.8054872495, 1739657.846293842, 1879434.1731064871, 1725019.526002024, 1683002.8156313873, 1801037.4292857521, 2141826.1386563224, 1822666.7492061544, 1599129.7375536992, 1478754.1273691405, 1750622.7278474611, 2025443.8155566994, 1879989.7063923876, 1433410.437572749, 1695690.1842506765, 1816790.557161124, 1584771.2707560975, 1593736.5815479471, 1683777.8743955647, 1903790.0702573247, 1845257.6663714903, 1576481.6931395154, 1744685.4064273932, 1454531.1284498996, 1976798.9766410117, 1718516.6218249984, 1805741.563988595, 1719630.861344656, 1583912.5800942993, 1503674.8271328004, 1669128.1423870272, 1561387.879902977, 1528135.4939041368, 1682165.599700293]
[1733117.6630307115, 1862254.2256916803, 1897293.033616684, 1725866.7156770206, 1664876.4952635206, 1623878.744555912, 1949117.0160519716, 1905729.7489221874, 1790243.0055615953, 1796104.5049646776, 1666601.2688950899, 1716350.9318942092, 1669210.848441199, 1703689.330774352, 1677597.3695678592, 1820551.3189618636, 1924084.4017261167, 1723839.3521450993, 1877960.7376398356, 1716685.779959071, 1683002.8156313873, 1749269.0962327744, 2141826.1386563224, 1802372.6382332775, 1580053.6794870538, 1476117.684035443, 1746535.9789255057, 1978945.0614148881, 1851529.3115040276, 1433410.437572749, 1649294.9590514149, 1763133.953021281, 1577499.5516522094, 1562394.4425170426, 1680869.2409046865, 1882956.6034249638, 1842599.7774260652, 1567886.5708891866, 1740678.582948971, 1454531.1284498996, 1963496.4615339215, 1710532.374110182, 1803359.491567066, 1681220.185796198, 1581208.835499557, 1450901.479467452, 1630279.1529206084, 1498362.1601904551, 1520267.378679444, 1657716.0212506694]
[1700779.3748479919, 1859500.2470385805, 1885326.891741909, 1670020.4180365219, 1657961.8201582958, 1581436.033663873, 1918535.9944475044, 1891690.1321737568, 1704750.1101388328, 1795768.3535046454, 1646217.9453499732, 1682918.7309664614, 1669210.848441199, 1703689.330774352, 1662772.7839469875, 1801009.7610441414, 1915166.7607145403, 1718563.237072243, 1877960.7376398356, 1716685.779959071, 1679353.0854856032, 1736584.7251012183, 2115994.592772466, 1788129.9652559725, 1578715.756446654, 1465576.0009644616, 1746535.9789255057, 1936689.8468879554, 1847553.1397399628, 1392984.546557405, 1649294.9590514149, 1730849.6876938802, 1568226.491648206, 1562394.4425170426, 1650470.0288534327, 1843088.3529373773, 1842599.7774260652, 1567886.5708891866, 1735537.0251147728, 1410108.4397366748, 1963240.4989572414, 1698255.7852684583, 1803359.491567066, 1680738.930862461, 1581208.835499557, 1450901.479467452, 1630279.1529206084, 1476338.387346055, 1503654.2816801327, 1618527.8603084586]
[1700779.3748479919, 1859500.2470385805, 1881135.525894614, 1646759.680655796, 1636981.7400909937, 1567340.4348244972, 1910830.1375122904, 1891690.1321737568, 1694352.3497368642, 1763597.9150978283, 1621764.7035673857, 1647106.3560895268, 1644638.8360371029, 1676792.190294528, 1632087.733707233, 1769827.7935485498, 1909952.902237221, 1708038.929763402, 1739780.5225388533, 1690164.9060818334, 1655099.9187989894, 1736584.7251012183, 2107828.791925173, 1756541.425706309, 1562063.4208672282, 1463838.6547916518, 1737933.5831898227, 1850739.600073892, 1796261.2398593544, 1380642.3478373182, 1648249.2805003398, 1716122.9825469083, 1568226.491648206, 1562394.4425170426, 1624119.5387065234, 1843088.3529373773, 1776371.8028863322, 1550346.5439362202, 1733470.196416455, 1410108.4397366748, 1924198.8790645115, 1688373.495538532, 1777106.8061127209, 1647199.8483064384, 1540065.395347193, 1450901.479467452, 1601461.5892278017, 1458683.6678351616, 1501684.441930313, 1602080.7912016981]
[1690218.3915513554, 1857607.9731616117, 1878845.0391231172, 1646759.680655796, 1636379.1432813848, 1567340.4348244972, 1910830.1375122904, 1842714.6498364229, 1676614.715284824, 1760861.5071577188, 1594615.0894464557, 1637724.4270474233, 1605060.1825550916, 1676792.190294528, 1610073.5770017705, 1768049.0844296205, 1892775.1445826753, 1708038.929763402, 1726233.649047878, 1665154.8305050656, 1655099.9187989894, 1703325.3792556305, 2077434.9178896125, 1756541.425706309, 1517974.5257064565, 1431151.5073085518, 1724080.8521085666, 1812534.7833356815, 1796261.2398593544, 1380642.3478373182, 1648249.2805003398, 1714599.6493197042, 1514251.3687391805, 1533355.4405133436, 1624119.5387065234, 1771765.910701042, 1715342.0278655253, 1539325.2193353283, 1732196.9362167898, 1394553.7902155088, 1848642.397260014, 1670361.547161506, 1766855.2415578018, 1555544.032933155, 1512432.4317824824, 1434767.0530595335, 1601461.5892278017, 1452872.9720337836, 1492241.6143433875, 1587189.3088054326]
[1677488.524573375, 1844366.020149428, 1835790.0726262163, 1641110.609185658, 1612277.0142374593, 1538679.7616967969, 1907514.373455631, 1842714.6498364229, 1641568.3386234127, 1733128.0631980493, 1589771.1697032067, 1637724.4270474233, 1600638.6769107974, 1662904.3598851394, 1570509.4300416284, 1761784.2179043968, 1835811.71491948, 1695938.1542147105, 1726233.649047878, 1625655.3422039591, 1650452.208071223, 1703325.3792556305, 2000538.7602764599, 1704237.3559586797, 1476086.37106873, 1431151.5073085518, 1721534.0018960708, 1805857.8926337, 1793646.488977094, 1370300.3156699995, 1619406.1915002838, 1711331.0507594272, 1508401.1087390918, 1507185.0442276937, 1609983.205217699, 1769393.3343992762, 1715342.0278655253, 1496441.8177507478, 1732196.9362167898, 1363821.9526418997, 1821186.1530719888, 1670361.547161506, 1766855.2415578018, 1518720.5899658427, 1497798.932247615, 1434767.0530595335, 1601461.5892278017, 1435195.7237013564, 1486053.370471034, 1546554.084187054]
[1614534.854552796, 1819240.493178847, 1814604.2265286706, 1628009.677293458, 1515786.4062732863, 1530289.1851405278, 1860175.0766635444, 1789873.1086492478, 1579889.9747015429, 1727292.8746036584, 1587190.672237257, 1627223.6574139646, 1551509.6979968217, 1654406.6594845338, 1546465.8583838628, 1741581.972974889, 1820891.9268101598, 1695938.1542147105, 1625389.2646398123, 1606742.0312741038, 1589890.7400043034, 1703325.3792556305, 2000538.7602764599, 1662020.13240401, 1403240.4235405237, 1426751.7689504249, 1702794.540167986, 1731915.4332926634, 1777517.8255599241, 1364727.9615501636, 1605650.2443539393, 1666844.8836095335, 1464404.8940431785, 1499844.3384684543, 1599038.1254837413, 1758583.2461879696, 1715342.0278655253, 1496441.8177507478, 1725169.7704370902, 1358567.817387784, 1821183.168546853, 1670361.547161506, 1727951.7449118823, 1504864.2499459747, 1492412.5894290747, 1422768.154072448, 1601461.5892278017, 1380381.5861693204, 1446913.0431405203, 1531130.780298103]
[1614534.854552796, 1800093.1886325602, 1748929.545769509, 1628009.677293458, 1499196.7785201515, 1519770.942575255, 1860175.0766635444, 1787405.3343448346, 1572308.448913546, 1727292.8746036584, 1559924.709426609, 1610782.5037280503, 1534599.696112583, 1642577.1712056084, 1526800.5642319059, 1734456.4881867808, 1820891.9268101598, 1679364.7486448463, 1615330.8430474661, 1588037.0538945063, 1583883.590308341, 1701923.6329975978, 1946087.3590121462, 1662020.13240401, 1402233.3913700876, 1426614.1341770878, 1661994.985682592, 1678832.5112015079, 1753673.5280556872, 1364727.9615501636, 1520853.8296606645, 1666844.8836095335, 1436421.9827299437, 1458431.4094496896, 1587758.304419038, 1751266.4274575643, 1706971.099481577, 1464948.2046114036, 1725169.7704370902, 1358567.817387784, 1786464.0206646, 1661867.8149682966, 1687738.114467476, 1504864.2499459747, 1445694.0235480475, 1365487.9528563593, 1594786.9119881568, 1369198.2849298874, 1404985.984012573, 1531130.780298103]
[1614534.854552796, 1800093.1886325602, 1736079.565818106, 1612524.3128703532, 1459987.9014169355, 1506891.0844625852, 1784825.637585116, 1787405.3343448346, 1572308.448913546, 1727292.8746036584, 1538153.1891551309, 1609701.941845417, 1534599.696112583, 1583365.9377048041, 1512965.573561205, 1695155.0665599494, 1783397.1378180918, 1664511.8606800905, 1615330.8430474661, 1583975.0920184643, 1583526.203205936, 1683504.965588751, 1946087.3590121462, 1661309.4318440384, 1390428.8344121766, 1410376.4055904332, 1661994.985682592, 1666729.7408066154, 1751400.3981264648, 1364727.9615501636, 1518810.9628192417, 1665333.4344493875, 1433864.047646383, 1458032.865701156, 1550263.1696796182, 1744855.3445142317, 1639682.6501959285, 1464948.2046114036, 1691394.3199260943, 1358567.817387784, 1755309.7053634368, 1661867.8149682966, 1644343.896256149, 1504193.9898529865, 1402273.8559263896, 1346375.49390777, 1594786.9119881568, 1364232.0054891133, 1386691.4494120104, 1516525.3278606837]
[1592366.2283565155, 1768813.619072826, 1721573.2347912167, 1597367.747518865, 1436001.833697365, 1506891.0844625852, 1745417.4054999936, 1782864.957271692, 1560890.7243043657, 1727292.8746036584, 1520074.9404036817, 1606258.8922307214, 1514741.3886723435, 1563287.4972327899, 1512342.622584567, 1695155.0665599494, 1770841.3651372385, 1657399.5818591912, 1615330.8430474661, 1582254.3524573897, 1504698.451600212, 1669372.918039912, 1946087.3590121462, 1624709.4098102837, 1377847.011981662, 1395870.0362325904, 1648514.3430117834, 1666729.7408066154, 1747337.1129626657, 1364727.9615501636, 1518810.9628192417, 1662132.3008461827, 1405863.9412313208, 1458032.865701156, 1550263.1696796182, 1689190.5857889347, 1623317.4108129921, 1446469.6149050568, 1676973.7154582334, 1358567.817387784, 1693610.3193159036, 1661867.8149682966, 1620369.5477870747, 1479016.48921226, 1402273.8559263896, 1335408.7267963241, 1594786.9119881568, 1354873.699611235, 1372677.250556386, 1516525.3278606837]
[1592366.2283565155, 1742396.4664412406, 1711013.8116629447, 1597367.747518865, 1411258.6752639837, 1482115.268804598, 1631414.0299583273, 1763255.86326816, 1555742.672147852, 1687632.0938144415, 1520074.9404036817, 1580208.5850417567, 1510014.6588199695, 1555560.1598742318, 1502397.4603390847, 1682310.6049118866, 1740123.7543731306, 1648797.3026658208, 1557856.340596804, 1572828.2065149127, 1482373.5799623227, 1604827.7489443135, 1946087.3590121462, 1613667.6655548946, 1367721.3496895274, 1385509.8666334203, 1623662.8570386288, 1639269.8805868514, 1747337.1129626657, 1364727.9615501636, 1504808.2109982367, 1639560.0882823719, 1405245.6497291573, 1436733.3772641844, 1537195.3675506222, 1688042.501806765, 1623317.4108129921, 1446469.6149050568, 1676973.7154582334, 1333390.2738764868, 1665003.1991995801, 1661867.8149682966, 1618766.9104718664, 1464710.2931627235, 1374798.7812666858, 1322417.597449076, 1577736.4743994283, 1351369.3413974005, 1372677.250556386, 1512723.0054076926]
[1560087.7818258863, 1723349.8569065244, 1711013.8116629447, 1565580.709678101, 1391701.5192284836, 1468012.7078674356, 1627152.7777582793, 1763255.86326816, 1554790.5415311737, 1657478.9421301559, 1500866.5909219447, 1569194.5904623135, 1468436.8436653367, 1550883.514522144, 1492175.7133891326, 1682310.6049118866, 1709795.1555325028, 1638463.0469709076, 1552593.4478923786, 1572828.2065149127, 1453489.7841273872, 1604827.7489443135, 1916482.397603965, 1602299.9343644653, 1362921.587170824, 1376470.147093264, 1559561.4070870639, 1606068.865781014, 1717285.7254597056, 1310577.61457056, 1485728.1119223586, 1607921.535727127, 1396219.0059379335, 1424250.6845368736, 1534637.455300031, 1685089.8053304697, 1587982.2860225816, 1446469.6149050568, 1644790.6453990175, 1332489.1786557073, 1637315.2540514665, 1661867.8149682966, 1604071.8681745916, 1463526.3369240854, 1367284.8177952855, 1322417.597449076, 1533400.9519097633, 1347895.7931339978, 1372677.250556386, 1490875.4975922576]
[1546083.746312609, 1723349.8569065244, 1695548.059552816, 1527271.7516934273, 1391701.5192284836, 1443709.029909484, 1623976.4370192061, 1746029.4519947723, 1534721.3551414807, 1647953.887236752, 1500866.5909219447, 1549164.1156627578, 1447254.5769819804, 1506808.9211420224, 1485989.3011752944, 1642596.4397627444, 1670185.1488907887, 1591802.0267981305, 1549813.2715747468, 1572810.5698041576, 1437671.486615104, 1567964.426606596, 1898073.1701689798, 1567812.3571630092, 1323772.4264735808, 1339530.3767796396, 1531130.897294777, 1600676.9540935406, 1649356.915567835, 1310577.61457056, 1477737.8067863155, 1533966.094166293, 1373615.6464631115, 1410435.046970419, 1534637.455300031, 1679064.0916620973, 1552339.2196969737, 1446469.6149050568, 1578351.3579674084, 1332489.1786557073, 1614180.5105570366, 1651491.3174049847, 1604071.8681745916, 1458013.1556099646, 1352316.0436111155, 1322417.597449076, 1495147.101025197, 1347228.354030434, 1361057.40182462, 1488553.5727663843]
[1521943.970980476, 1689737.9406451466, 1695548.059552816, 1527271.7516934273, 1390322.671640567, 1443709.029909484, 1589009.3859027356, 1725853.5998306177, 1512921.2749295286, 1637577.362040087, 1453515.3662723778, 1516650.5606825443, 1447254.5769819804, 1480374.2162800292, 1477247.1360966694, 1634145.3285942678, 1663954.3126307821, 1548124.9110142302, 1549813.2715747468, 1572810.5698041576, 1437671.486615104, 1567964.426606596, 1863448.0200243238, 1547851.1339430788, 1309740.3494294337, 1338151.1627576242, 1531130.897294777, 1600676.9540935406, 1644319.6319366717, 1310577.61457056, 1466790.043867302, 1521653.4197016002, 1357413.6989928097, 1408654.8349988048, 1532590.8992779779, 1679064.0916620973, 1527459.9113246049, 1410764.9514189016, 1565144.836581041, 1320883.3616157873, 1614180.5105570366, 1618758.8929541588, 1562949.4430678159, 1458013.1556099646, 1311049.71165391, 1304686.6237743117, 1495147.101025197, 1347212.4932005152, 1318005.6636581789, 1488553.5727663843]
[1516462.41202561, 1688839.9211088736, 1677133.4225993736, 1512691.4221290057, 1352752.4304867047, 1426572.1296312544, 1589009.3859027356, 1720725.1693841398, 1503529.87164652, 1637577.362040087, 1443005.394136692, 1506713.7389848344, 1445471.9439618506, 1402927.2001080306, 1454860.163700527, 1583464.9758395809, 1659709.3562862556, 1518672.5863510778, 1531819.9009220698, 1572810.5698041576, 1421958.4191511627, 1553988.0235860539, 1825155.7395098065, 1543097.5873360527, 1309740.3494294337, 1315831.4066084435, 1531130.897294777, 1600329.1128575578, 1634587.7556477073, 1296526.888954999, 1466790.043867302, 1521653.4197016002, 1340675.7592992922, 1400226.0987265056, 1514000.395808902, 1619190.323965353, 1527459.9113246049, 1410673.4217753967, 1562814.3899763809, 1299830.3715444158, 1595135.719928503, 1602187.654020887, 1562949.4430678159, 1458013.1556099646, 1301744.0728860511, 1284623.8781705578, 1486255.4343587267, 1294727.0931379783, 1318005.6636581789, 1484306.0202504783]
[1468982.0495492525, 1687551.711188507, 1673394.4005045681, 1509277.647528797, 1352752.4304867047, 1426572.1296312544, 1573530.445249836, 1708041.0835499498, 1503529.87164652, 1617433.4085005964, 1425534.6424288524, 1502456.4536489083, 1440374.5726604746, 1398401.8472071968, 1438116.9084209283, 1523241.6905895318, 1658861.4117122958, 1510469.0714009474, 1527263.6833323832, 1572810.5698041576, 1378973.4939395792, 1542313.3382555349, 1810461.2580689725, 1479123.8600702046, 1292825.8624649595, 1314858.0193734183, 1484679.1374823966, 1591070.2897163734, 1619781.24660744, 1288683.641322254, 1466790.043867302, 1518615.1895468046, 1324970.80338705, 1400226.0987265056, 1504100.2342811872, 1619190.323965353, 1516816.510437788, 1410673.4217753967, 1549698.0505262068, 1299830.3715444158, 1593809.8931838814, 1599987.4986254422, 1536707.870917589, 1450205.1206098255, 1301744.0728860511, 1284623.8781705578, 1460557.8813235993, 1278268.48924129, 1282130.3990963881, 1482309.7389754583]
[1439716.305935055, 1674288.0122523108, 1643579.8442750706, 1453982.4656956082, 1352752.4304867047, 1413123.6711986847, 1573530.445249836, 1708041.0835499498, 1480586.0011540104, 1577662.4321493409, 1423784.223140501, 1502429.7728306307, 1440374.5726604746, 1371809.9243417308, 1438116.9084209283, 1523241.6905895318, 1642939.9251537248, 1495963.8174146556, 1527263.6833323832, 1538395.7441016708, 1363382.933804987, 1532088.671588873, 1808006.0909073807, 1476142.7399466562, 1292825.8624649595, 1314858.0193734183, 1464121.8352909933, 1589872.296458685, 1619781.24660744, 1288683.641322254, 1440720.2007757842, 1515088.8883856365, 1303176.6550144486, 1382392.9264750825, 1478970.227671764, 1578196.633806672, 1516573.633990157, 1341197.6605036394, 1541017.7419499974, 1299830.3715444158, 1587490.7621961613, 1599987.4986254422, 1486317.1259572918, 1450205.1206098255, 1289693.3693924139, 1256985.1755386582, 1460557.8813235993, 1271344.997094447, 1282130.3990963881, 1467603.760537095]
[1428254.14862313, 1660521.008884079, 1637685.0161232653, 1448634.835573868, 1352360.7618648296, 1368573.1522205998, 1573530.445249836, 1701224.1662481744, 1474386.286760748, 1577662.4321493409, 1414246.8369338638, 1477829.2515272445, 1412062.531845437, 1346685.8078226983, 1438116.9084209283, 1523241.6905895318, 1633488.0809008123, 1483713.2067764918, 1518127.8898219015, 1538395.7441016708, 1361125.2618217801, 1522317.4483353482, 1801242.8762007498, 1472667.638800408, 1289498.7240849114, 1291623.1921788433, 1453650.2580607398, 1589356.8289441678, 1614768.6006308298, 1277898.6398473387, 1431506.0143068575, 1487360.257885153, 1283977.0088159319, 1377383.7575024264, 1471247.303332525, 1575614.5869844318, 1513096.6672397454, 1340278.3828830286, 1525729.2139594415, 1250996.9303604495, 1587490.7621961613, 1598301.878641268, 1477455.5651019588, 1447462.3102240756, 1273665.4577400596, 1256985.1755386582, 1433123.648568503, 1271344.997094447, 1282130.3990963881, 1464867.3054379555]
[1428254.14862313, 1659409.5096512057, 1619808.958705979, 1439170.9929641115, 1336720.0759594042, 1345526.0227099962, 1565300.653600839, 1701224.1662481744, 1446225.8307830757, 1556203.102216382, 1402461.4634439717, 1474879.7369641426, 1412062.531845437, 1334880.9098031, 1424109.4911452788, 1523241.6905895318, 1633391.4514390181, 1418946.563279475, 1514706.762997665, 1488470.6150058818, 1359431.6255181746, 1491926.3108267493, 1787896.7066139593, 1454705.273105863, 1288637.7074826858, 1283127.195222054, 1443667.3896556634, 1569654.4033762203, 1593093.5581631165, 1265110.4538537033, 1430748.5887169442, 1457406.5633446085, 1277998.9069809015, 1370543.4618810634, 1443312.6785998736, 1538808.7413311987, 1509747.630688031, 1340278.3828830286, 1525729.2139594415, 1201200.2703919166, 1581655.3161064729, 1592159.957937609, 1449468.2069444242, 1415541.4645147051, 1273665.4577400596, 1247363.8459953084, 1433123.648568503, 1271344.997094447, 1261111.2324262706, 1441519.1116820609]
[1428254.14862313, 1657893.5912988973, 1606171.0163334843, 1397192.1734255175, 1329470.7902754997, 1314788.3288777638, 1562976.8204950874, 1688510.0305760205, 1425959.5480944836, 1539655.0434607635, 1386818.5218444976, 1427894.469137333, 1388820.6624624413, 1311387.7098597668, 1385894.6989010493, 1523241.6905895318, 1633391.4514390181, 1406870.8693845563, 1492742.3105008095, 1468963.2187319454, 1302272.4119647862, 1485605.8090926507, 1787896.7066139593, 1431713.6239737535, 1269578.813821627, 1263599.3925367608, 1423415.9158735543, 1569654.4033762203, 1550593.475715581, 1257956.1575678836, 1368406.9992683216, 1454331.1226923377, 1265291.6895275556, 1370361.1683752104, 1425021.945459927, 1513747.8656229055, 1506992.4151271072, 1312823.7278607136, 1515903.4483334573, 1191619.2898146606, 1578072.7294919782, 1590543.5878124204, 1449468.2069444242, 1401437.1288804896, 1249165.9170043718, 1212136.879220992, 1427576.1971438893, 1250079.3688564808, 1255901.5972513398, 1441519.1116820609]
[1428254.14862313, 1657893.5912988973, 1593745.0248419766, 1372892.6190510062, 1329470.7902754997, 1291713.8655848291, 1560066.446659978, 1680336.659956151, 1425959.5480944836, 1539655.0434607635, 1368880.869874255, 1398805.4691626763, 1388820.6624624413, 1297666.4052670966, 1381627.7643236485, 1488245.4257904596, 1570406.0331297438, 1402674.5733259, 1481622.9703226567, 1434074.0189622797, 1302272.4119647862, 1439152.0753452159, 1773785.3101993501, 1390983.7178266244, 1269578.813821627, 1252475.5671778205, 1423415.9158735543, 1542156.1960627087, 1548906.4692346817, 1253527.704579092, 1368406.9992683216, 1432569.8684599737, 1248190.5499849133, 1356125.7339679638, 1399375.1154642426, 1512507.5566913616, 1506992.4151271072, 1308315.676956273, 1507358.1894085968, 1182051.412486566, 1541680.4396323862, 1535373.0823607533, 1418733.0577134485, 1371860.2855874107, 1231496.996113393, 1209837.9917753884, 1414395.7694247304, 1247491.1815879052, 1251243.0845736288, 1421710.202260721]
[1428254.14862313, 1621790.1685699853, 1593745.0248419766, 1327463.2897953964, 1299110.8748481737, 1288289.3755342376, 1545777.0636726948, 1661205.4918303085, 1419385.9362896068, 1511997.2855833056, 1362910.1209336962, 1398685.26931014, 1366966.892578279, 1254312.030608752, 1381627.7643236485, 1484976.6087995262, 1570406.0331297438, 1362166.8971696156, 1449730.4299732964, 1425566.017966655, 1302272.4119647862, 1432639.5649596206, 1765141.978805252, 1373628.9835445504, 1269578.813821627, 1222400.2937977244, 1419622.861220578, 1515456.378277071, 1534741.5891334554, 1253527.704579092, 1368406.9992683216, 1432569.8684599737, 1222171.1964191466, 1354465.062990821, 1391072.0082443417, 1512507.5566913616, 1470313.4422597731, 1289494.265084999, 1495918.6934687411, 1169120.398152214, 1530689.9572848259, 1529568.2375846158, 1388961.9424479832, 1368007.3023163925, 1226398.792433627, 1209837.9917753884, 1410171.9528231644, 1228468.0860879254, 1231665.9854692463, 1405077.7833912538]
[1428254.14862313, 1619001.088799738, 1592916.5446702687, 1318097.671764474, 1299110.8748481737, 1288289.3755342376, 1541044.2473547244, 1661205.4918303085, 1387621.7833307115, 1470655.6439457252, 1356213.775434965, 1392650.6381851027, 1363875.4921083977, 1252720.4974764418, 1367384.416615442, 1460285.6697465251, 1525110.4001030189, 1351813.3813671307, 1439067.2849854515, 1357083.482984418, 1272359.0435000367, 1399216.0966165098, 1699966.5696430025, 1373628.9835445504, 1263709.559882097, 1220028.5345617665, 1419622.861220578, 1496021.5468191546, 1534741.5891334554, 1252157.626938311, 1368406.9992683216, 1432569.8684599737, 1221400.2600452437, 1347430.1075590302, 1391072.0082443417, 1509499.8043759067, 1446995.5787942465, 1260966.7222646913, 1461412.1190244616, 1169120.398152214, 1528331.0869698895, 1518961.2254822112, 1388961.9424479832, 1361183.5139328758, 1226398.792433627, 1202031.7438087217, 1407898.923051773, 1220533.4892648063, 1197352.2281786702, 1397807.6196595165]
[1393142.1889069248, 1617290.9825420887, 1590144.7031930545, 1318097.671764474, 1280263.3713534805, 1277052.417013041, 1535639.5892157345, 1661205.4918303085, 1387621.7833307115, 1470655.6439457252, 1326715.7867183085, 1376863.5707227204, 1328248.9906702267, 1252720.4974764418, 1338326.9477086966, 1446520.5933931682, 1489395.8748159064, 1351813.3813671307, 1375784.8283835712, 1348164.6469102763, 1266833.1147356606, 1399216.0966165098, 1699966.5696430025, 1352009.1800983, 1262551.959321513, 1220028.5345617665, 1399160.1408360288, 1486339.9441438601, 1534741.5891334554, 1251162.719266274, 1368406.9992683216, 1414771.2760281633, 1216554.3558157873, 1347430.1075590302, 1387961.4469711068, 1451777.4871249886, 1446995.5787942465, 1248348.7916010949, 1438988.55453613, 1168303.6487933437, 1521103.191350508, 1512404.3510268019, 1388961.9424479832, 1358636.9988449109, 1226398.792433627, 1164024.946665368, 1389234.1249896516, 1220533.4892648063, 1195801.0294466105, 1375605.35152866]
[1393142.1889069248, 1587827.4846546776, 1574810.8148333288, 1289438.3608070228, 1280263.3713534805, 1269190.4038310025, 1535639.5892157345, 1619584.7310761088, 1381733.4859927283, 1458152.3604868597, 1318783.7614249992, 1370415.120308438, 1328248.9906702267, 1249190.9725870925, 1297212.6427691267, 1425773.573344528, 1453443.6981803975, 1279170.8491943148, 1375063.243742191, 1339702.3866925978, 1266833.1147356606, 1399195.0942900449, 1668417.031709416, 1330809.7488970147, 1262551.959321513, 1211411.5495614212, 1394554.0218455906, 1455023.4485691497, 1503037.904939665, 1251162.719266274, 1316009.387277448, 1342137.7359072184, 1216554.3558157873, 1326294.6291732872, 1387961.4469711068, 1448645.0375879195, 1445505.3307978932, 1236924.146520618, 1438988.55453613, 1152699.3531770983, 1499083.9702740104, 1495782.1880358858, 1379767.607076949, 1334995.7425420822, 1223792.797835375, 1135170.6480277258, 1364786.9407703378, 1205161.6251556226, 1194346.5896725727, 1345880.2321842767]
[1380943.5360387221, 1587827.4846546776, 1559522.3850522696, 1247257.6447429068, 1256233.1704212925, 1259377.433302826, 1522940.622385404, 1600554.4462535898, 1300974.644789111, 1458152.3604868597, 1309801.193428357, 1336367.2113071247, 1304224.3902324275, 1247132.2867149157, 1276315.6451078688, 1394760.6361709125, 1444947.669074722, 1273918.6015573689, 1375063.243742191, 1323445.9166473798, 1240514.1044431627, 1399195.0942900449, 1645598.0153938709, 1330809.7488970147, 1248524.7029604553, 1211411.5495614212, 1383232.7295374004, 1441320.7450729446, 1503037.904939665, 1217712.5043672589, 1316009.387277448, 1335451.0407003579, 1209556.137915147, 1301946.0500564203, 1364336.975649004, 1412910.8119987268, 1413788.0580903199, 1228907.2707551473, 1427655.5848725007, 1134606.4408507405, 1431837.0471641324, 1485690.4136125094, 1328645.7154018404, 1328660.3138621536, 1222432.4848354154, 1135170.6480277258, 1363681.8216729844, 1205161.6251556226, 1194346.5896725727, 1339079.9476431033]
[1376091.9758860786, 1530007.171298646, 1558451.5461800792, 1247257.6447429068, 1246778.4734474279, 1259377.433302826, 1522844.9606996176, 1595654.3375822525, 1288291.9904913155, 1448900.3942829878, 1309045.0442693229, 1322725.3335527887, 1304224.3902324275, 1247132.2867149157, 1247273.4821949448, 1377311.6779629427, 1397046.3511918692, 1250461.0782874667, 1356806.5543630153, 1322975.889054293, 1239466.6352520227, 1384635.6085678567, 1645598.0153938709, 1330809.7488970147, 1248524.7029604553, 1210454.2507350037, 1371068.4898002844, 1399498.4907871885, 1467175.705964305, 1213823.9016277792, 1300332.0233892077, 1322443.191187195, 1209227.4656659323, 1301572.5548802582, 1364336.975649004, 1412910.8119987268, 1367321.1701709474, 1225446.2053553837, 1403931.6895994009, 1134606.4408507405, 1431837.0471641324, 1477036.0079643547, 1321077.5320697492, 1314550.2307620642, 1199119.1835687947, 1126593.0747517513, 1349679.891952923, 1205161.6251556226, 1190882.6980183013, 1339079.9476431033]
[1329365.7723216093, 1508791.4005190695, 1547707.4184434374, 1231426.4516811487, 1218856.5895628212, 1250061.1200931508, 1505183.359026847, 1582214.1499100765, 1287065.0507604657, 1448900.3942829878, 1274758.9748247224, 1298319.1740733408, 1289632.2299158915, 1238598.2648092962, 1247273.4821949448, 1372683.8026754302, 1392571.6858272715, 1229341.4918479775, 1335940.1974663667, 1322975.889054293, 1210333.8449239337, 1370898.5536118844, 1645598.0153938709, 1309344.3459761094, 1227916.5019369177, 1205635.4757051773, 1369625.2467785294, 1373079.8629752602, 1464945.362448727, 1202649.8724220507, 1293753.5034032783, 1321220.979577948, 1193059.8652467793, 1294647.2289069842, 1364336.975649004, 1398544.496713175, 1367321.1701709474, 1215290.8353598663, 1399343.6349420757, 1134606.4408507405, 1421634.94152116, 1459070.8177592566, 1298675.2513419357, 1308530.474939438, 1184106.4507479821, 1092309.3839447764, 1335698.5605238262, 1200938.6318961878, 1169233.2381401544, 1339079.9476431033]
[1309329.463821909, 1485820.3232107286, 1532234.915683172, 1205158.6198886784, 1209391.7633617055, 1250061.1200931508, 1505183.359026847, 1582214.1499100765, 1287065.0507604657, 1448900.3942829878, 1255480.647547835, 1280209.6625730027, 1269767.8512029962, 1235287.937855343, 1235491.2638542203, 1364482.5910817727, 1392571.6858272715, 1228801.0749506915, 1298819.5342145977, 1320149.592334612, 1208594.7009475722, 1305064.4183219175, 1645181.17258737, 1309090.997848865, 1227347.345938065, 1174178.9311260474, 1348867.3831341497, 1313136.332229682, 1444590.8035540523, 1187119.594555308, 1291757.1879503014, 1317012.92888677, 1161415.5678095322, 1282138.6277079403, 1364336.975649004, 1385116.0893314248, 1367321.1701709474, 1215041.6802990637, 1384640.1477456354, 1132459.1849368582, 1420280.8435726918, 1402120.7571448071, 1291663.0729500928, 1307667.0240131994, 1184106.4507479821, 1088893.8128999989, 1332461.257107951, 1150940.7346738256, 1145787.417787793, 1313816.0712854273]
[1304701.479168532, 1481383.9510233076, 1529059.804918996, 1195028.614447137, 1194658.1388579775, 1221187.314084615, 1491320.4017801625, 1557141.8967765889, 1253134.8257203212, 1435722.519783939, 1202492.2626631118, 1270433.6610659992, 1254698.0322265895, 1224323.5594721057, 1230265.6870157458, 1364482.5910817727, 1388400.5876028656, 1227346.9836206255, 1298819.5342145977, 1291062.1540513528, 1208594.7009475722, 1299988.3503284324, 1645181.17258737, 1271246.9211092175, 1188789.8667736673, 1165417.2109089934, 1348867.3831341497, 1308956.3994914354, 1399685.9773725409, 1170576.2366228977, 1282024.6816249727, 1317012.92888677, 1151759.012975114, 1258650.9500348538, 1364336.975649004, 1385116.0893314248, 1347403.0912156478, 1179343.7373699737, 1313406.899721195, 1109995.92334427, 1407863.2385487005, 1389329.8390126145, 1276108.0525392264, 1304177.6469880014, 1168683.0243811184, 1080930.2108798432, 1327732.120135797, 1115726.2658380286, 1118217.5641787853, 1294273.8228086173]
[1284511.6404464552, 1449413.9715294573, 1522776.8658246335, 1187357.1604248516, 1175967.4848726315, 1193060.7560795022, 1490244.0353015768, 1528361.999335943, 1251059.0564038516, 1435722.519783939, 1182066.9907663933, 1252463.750124382, 1254698.0322265895, 1222712.9633515268, 1229680.1615748345, 1364482.5910817727, 1382928.4171545492, 1215585.8148095193, 1296860.3079461728, 1286328.7170057348, 1192884.1298138683, 1273302.195303383, 1638972.5811619395, 1252470.9327623765, 1181822.8492557437, 1131019.8873075391, 1329457.3499766397, 1289304.0368978796, 1394768.1336553518, 1170576.2366228977, 1252561.3074257437, 1317012.92888677, 1143468.128805988, 1258650.9500348538, 1353885.270867175, 1385116.0893314248, 1347403.0912156478, 1167940.6581730018, 1313406.899721195, 1109995.92334427, 1397665.48481625, 1371759.8099945413, 1275132.5320298888, 1296359.6339125005, 1142076.4732841204, 1080171.385549698, 1303512.8022838982, 1111583.2875440768, 1118217.5641787853, 1281693.3074106253]
[1235936.2232697909, 1430854.0498943564, 1522776.8658246335, 1187357.1604248516, 1161210.446059436, 1193060.7560795022, 1455089.122562196, 1476539.4818328568, 1240632.6540631135, 1420329.266754435, 1139802.3046646672, 1240759.11294782, 1254698.0322265895, 1201219.7395099693, 1214618.622957754, 1364482.5910817727, 1349041.4664076674, 1204235.4422066151, 1296860.3079461728, 1279940.0671500019, 1169097.1314735012, 1268752.0318501059, 1636575.516485947, 1239934.8640938702, 1151050.8889236206, 1131019.8873075391, 1328474.7708655638, 1270362.9553198572, 1375019.944453214, 1167650.5837117927, 1208652.7294912934, 1317012.92888677, 1118276.865394891, 1236307.355586299, 1335828.3700055368, 1363578.700072634, 1347403.0912156478, 1167940.6581730018, 1311007.5444435624, 1108318.322633245, 1380516.7967662537, 1370283.609153994, 1268759.8094330982, 1290787.8523441958, 1140597.2541492772, 1080171.385549698, 1297941.3402925264, 1111583.2875440768, 1107380.8488100064, 1274148.5372838785]
[1235936.2232697909, 1430854.0498943564, 1518407.5479101064, 1183440.82902677, 1153010.168614866, 1171796.1630930635, 1444829.7900780363, 1445325.3476967677, 1229010.0952307032, 1346598.747255976, 1139802.3046646672, 1238904.7778634003, 1247458.8939173142, 1201219.7395099693, 1189689.307017978, 1358448.732934491, 1337360.6761970373, 1163523.383021153, 1288836.086461876, 1279940.0671500019, 1135665.5197961307, 1232505.962580432, 1635230.866988137, 1231781.8170268056, 1140729.0467422386, 1126650.2009174705, 1322614.175701044, 1230446.4728877253, 1362755.682401158, 1167650.5837117927, 1200561.5211100613, 1290395.5653683578, 1118276.865394891, 1205233.9390055134, 1332335.5046619233, 1362693.0383835826, 1347403.0912156478, 1161264.688656741, 1262437.9662460242, 1060063.737679641, 1346500.4057892545, 1350177.7427178624, 1268759.8094330982, 1275215.8214508486, 1140191.0853629762, 1080171.385549698, 1293711.6627062112, 1102928.3999410155, 1105248.3141225276, 1274148.5372838785]
[1235904.236597163, 1420556.8143487691, 1504339.7930259905, 1183440.82902677, 1138382.685439088, 1168190.4752293227, 1442536.8321164907, 1438759.022065747, 1229010.0952307032, 1299253.2228900953, 1111967.1764932526, 1208744.6804637352, 1226947.8075538292, 1180423.715791156, 1173889.955343178, 1352702.1844743364, 1325192.796865405, 1161485.5696361254, 1276092.6116887105, 1265433.0412874585, 1127295.1223512506, 1224384.193016294, 1629004.8141832373, 1231781.8170268056, 1123902.6175045455, 1121676.1531461186, 1315452.7630255944, 1230446.4728877253, 1339635.3062812411, 1155322.6264469102, 1192138.9990561577, 1283032.6185294366, 1111934.6355141562, 1179040.1804213128, 1270006.039794448, 1362693.0383835826, 1327285.8799876731, 1161264.688656741, 1226323.9996677493, 1060063.737679641, 1259157.4224932909, 1338522.7306642546, 1257242.137396541, 1267577.2526917069, 1132297.0035438864, 1067321.3732097235, 1291071.1538763982, 1095943.085855351, 1097969.8787117833, 1256744.8995066588]
[1235904.236597163, 1408674.9249252211, 1488624.6883050278, 1171731.645362578, 1122913.4578917376, 1164620.528509064, 1433697.0495543953, 1366682.5493447082, 1229010.0952307032, 1288221.3218393647, 1085880.3572591997, 1203977.1478562239, 1214213.5531653028, 1180423.715791156, 1149503.2232342805, 1337055.8010191408, 1318082.4141852122, 1155455.6214014639, 1265495.4269421794, 1265433.0412874585, 1123498.0309672968, 1224384.193016294, 1625649.3031371755, 1229007.633374264, 1096868.4062787904, 1112991.8829729236, 1309130.6359420163, 1221242.0916330952, 1309985.0411648925, 1148372.1740406787, 1157471.0653833048, 1283032.6185294366, 1095532.356040008, 1166654.5321215815, 1270006.039794448, 1362693.0383835826, 1315699.1332288855, 1160892.659210018, 1216973.966637973, 1050499.8684292133, 1259157.4224932909, 1338522.7306642546, 1237446.858957954, 1260817.0136053865, 1117879.0245087373, 1054226.5996104875, 1285062.7954444473, 1084106.1421602028, 1087602.2374067954, 1256744.8995066588]
[1205374.9616534228, 1408674.9249252211, 1488624.6883050278, 1167822.8469570456, 1120745.196635742, 1159397.0130624701, 1412365.9821200436, 1359236.0218622906, 1206865.3758073275, 1271588.8062812202, 1085880.3572591997, 1197912.1101198902, 1172709.7597478896, 1180000.6216984882, 1137735.2587646157, 1324837.199806532, 1274916.196193007, 1155455.6214014639, 1262707.9855891804, 1256561.4444080289, 1094991.0967600872, 1224384.193016294, 1612537.1725553575, 1219751.2112558994, 1078662.1810018872, 1103972.413845727, 1254287.0798300973, 1221242.0916330952, 1309985.0411648925, 1135628.7612369913, 1157471.0653833048, 1261687.57747353, 1080487.699068597, 1166354.6376595546, 1244276.405776144, 1333967.8830623908, 1262561.290373313, 1151413.77745926, 1213327.166372951, 1046648.5475159781, 1209446.8426831928, 1338522.7306642546, 1236421.9850333994, 1251462.6184780456, 1112852.858824246, 1054226.5996104875, 1247145.760262759, 1078998.1886221343, 1087602.2374067954, 1247154.535138042]
[1189973.8506933856, 1405953.1745497691, 1488624.6883050278, 1167822.8469570456, 1115044.1102971642, 1152352.6668942594, 1410903.0720385788, 1350700.288221478, 1199787.7078065344, 1271588.8062812202, 1047311.449350564, 1197912.1101198902, 1142933.736756202, 1125479.1294196926, 1122179.4441477966, 1309112.838985038, 1262690.9564533771, 1120237.3006482215, 1251224.7216991808, 1256561.4444080289, 1077199.6866690943, 1224081.7893589337, 1596557.396962112, 1216486.7325051099, 1070854.2103184853, 1076844.4979720765, 1243203.0134552983, 1214913.0736393258, 1309898.4359144948, 1135072.3926827514, 1157185.6360671327, 1261687.57747353, 1067087.0077948025, 1123359.8938722846, 1209746.0337844263, 1314542.4715158925, 1260671.642120059, 1151413.77745926, 1213327.166372951, 1043772.7935321971, 1209446.8426831928, 1338522.7306642546, 1236421.9850333994, 1224946.1556487465, 1112852.858824246, 1021768.9327867754, 1225141.546453209, 1059623.1001021229, 1081350.5339132803, 1234292.7530558934]
[1173369.5421448941, 1393698.4650933333, 1469097.105733733, 1141722.9746547693, 1087666.1164462299, 1152352.6668942594, 1410903.0720385788, 1333463.077570205, 1186038.453977887, 1259883.140424235, 1047311.449350564, 1181174.8765779266, 1142933.736756202, 1124494.5428034398, 1118511.708036775, 1291064.6433417564, 1262690.9564533771, 1109472.946645346, 1231462.9635197436, 1256561.4444080289, 1077199.6866690943, 1214377.6667511172, 1562500.9689996245, 1184238.3946674454, 1069566.7227593963, 1070022.6276142444, 1242339.3306015336, 1186542.8082089305, 1303390.0483798836, 1112211.171067243, 1152387.9994148389, 1252531.7531190831, 1067087.0077948025, 1112258.2500762588, 1208932.4283040601, 1308237.163185378, 1258998.9842518407, 1151413.77745926, 1207446.587755592, 1006030.7646556407, 1209446.8426831928, 1338522.7306642546, 1233130.643012601, 1217419.3090236732, 1105363.4761709112, 1012933.6032805716, 1221360.0742115895, 1055574.9182464841, 1081350.5339132803, 1215558.4403404708]
[1167891.4678769778, 1391627.5753959443, 1461931.0168722463, 1130487.0530575525, 1073478.3989133663, 1146585.137331033, 1394849.4821272634, 1258940.9978338883, 1174885.427644066, 1259883.140424235, 1038408.8670131292, 1172760.1341429334, 1109474.79030223, 1115535.8504373464, 1086313.0358317161, 1284448.4324724667, 1256210.2074260355, 1091857.6156127756, 1228198.6625571365, 1256561.4444080289, 1067241.8510632308, 1214377.6667511172, 1539356.2739941059, 1181831.3437004997, 1036586.0873295978, 1068359.6752579021, 1238498.5836045162, 1183003.4907044028, 1273677.4063019091, 1102241.349669841, 1147775.9438828442, 1252531.7531190831, 1067087.0077948025, 1096812.2512037526, 1200762.9520632105, 1301740.8172836902, 1258998.9842518407, 1132095.865991069, 1204193.593886837, 1006030.7646556407, 1192962.5658777587, 1330836.8875663166, 1194343.9871216444, 1217419.3090236732, 1105363.4761709112, 1003762.2427287919, 1221360.0742115895, 1050695.150600203, 1081350.5339132803, 1215558.4403404708]
[1162670.526183875, 1383475.509874196, 1406617.5946098082, 1117939.3764429095, 1065355.8410974531, 1136596.8045375526, 1363226.6096450149, 1254200.7839372777, 1174885.427644066, 1218722.057297058, 1012350.8493975615, 1146269.2672561598, 1109474.79030223, 1100085.0857757751, 1086313.0358317161, 1235664.072586673, 1237965.879082657, 1089914.3763940097, 1214717.7320601502, 1256561.4444080289, 1067241.8510632308, 1178345.049537935, 1513863.4499584334, 1166863.203596765, 1028459.7509379011, 1050135.7421716456, 1234019.9114049745, 1139329.597167683, 1222098.7693714213, 1102241.349669841, 1130689.014385989, 1236631.9509883628, 1037171.6841125836, 1079565.4761897526, 1190166.3980942846, 1295121.6192496587, 1231644.115780017, 1080636.6985257613, 1176890.2694643063, 1001108.3488534584, 1183138.9012037967, 1316976.0744702783, 1156547.939730504, 1206507.00155969, 1085779.8059342424, 995620.2029977555, 1193884.89052965, 1028809.2608791254, 1081350.5339132803, 1168491.77687474]
[1151456.2202594015, 1383475.509874196, 1398693.2198981494, 1102945.1223464087, 1057814.1966142065, 1113688.008151951, 1343967.5070546432, 1228479.495048331, 1174885.427644066, 1186173.8588134167, 997424.382034266, 1111661.996834145, 1109474.79030223, 1098359.3023042255, 1086313.0358317161, 1235664.072586673, 1216479.670143864, 1089914.3763940097, 1205817.6903370444, 1256561.4444080289, 1012887.701527965, 1178345.049537935, 1509119.8572677905, 1165779.0068160822, 1020398.1014351065, 1045536.0721868618, 1193160.790069551, 1135499.6540590157, 1217040.003903246, 1069337.9930642813, 1129197.352418376, 1236631.9509883628, 1036341.4713742584, 1079565.4761897526, 1162012.4536614218, 1287631.90098191, 1191879.475939486, 1080636.6985257613, 1168636.2127428171, 1001108.3488534584, 1173496.5271979882, 1316976.0744702783, 1147391.397621631, 1192400.0613111882, 1063427.3899018064, 995620.2029977555, 1192679.4136791336, 1018886.1112430053, 1075935.0916113188, 1152079.7217915016]
[1139286.9635194181, 1357204.7705716603, 1365100.3891986876, 1084439.1098389616, 1057814.1966142065, 1083654.2625360738, 1324726.961143672, 1202306.8006228239, 1146665.0656191742, 1134037.3353972586, 997424.382034266, 1100898.4528304238, 1090110.874973077, 1085610.3461287813, 1081210.8540065389, 1234271.9734106045, 1176429.6891518529, 1071279.9274990088, 1195134.3010209617, 1256561.4444080289, 1012152.177288666, 1151133.0279837418, 1507937.4812933751, 1165779.0068160822, 1015425.211555708, 1022253.8251234854, 1165310.925714768, 1135499.6540590157, 1195998.3213954144, 1068483.226747001, 1093221.225543942, 1206982.040548491, 1015254.5176964931, 1068234.0978399317, 1145126.8488812507, 1287631.90098191, 1182154.1357956533, 1074354.1339032503, 1132991.296993343, 974671.1636003938, 1173496.5271979882, 1316976.0744702783, 1147391.397621631, 1192400.0613111882, 1056830.5403861974, 981718.8694342969, 1171418.0482017691, 1018886.1112430053, 1045399.3239492048, 1148185.8849945585]
[1139286.9635194181, 1346588.0746843175, 1363730.7978301211, 1084439.1098389616, 1039988.1089090575, 1083654.2625360738, 1324726.961143672, 1196332.4283321386, 1133742.8867422603, 1127630.7979145611, 993894.483581367, 1086833.995451602, 1081997.9790087987, 1084405.832465753, 1081210.8540065389, 1234271.9734106045, 1164881.7537388771, 1071279.9274990088, 1191989.2136851544, 1245733.4051427555, 963234.0456593711, 1151133.0279837418, 1486208.3022299814, 1158618.1045464945, 1012487.2859128738, 1018072.1427741408, 1165310.925714768, 1135499.6540590157, 1173043.6171620823, 1056668.8190450342, 1091810.1271051075, 1197791.8821728723, 1015254.5176964931, 1068234.0978399317, 1096126.4090167428, 1287631.90098191, 1182154.1357956533, 1074354.1339032503, 1132991.296993343, 953183.1426399688, 1158413.5497510773, 1264711.642901543, 1130903.157845748, 1186695.2994915596, 1045569.0116240043, 972384.6590957295, 1122297.6849224956, 1018886.1112430053, 1045399.3239492048, 1142491.6376043162]
[1139286.9635194181, 1331360.0979464382, 1337189.3005838, 1084405.9432023098, 1031741.1176440999, 1073234.5301931368, 1303345.2110504662, 1196332.4283321386, 1121646.6238886053, 1120378.772432092, 989773.056124734, 1079514.826151197, 1056151.682666969, 1084405.832465753, 1032629.1233865686, 1233481.068302784, 1163099.3913810588, 1071279.9274990088, 1184763.580167598, 1238316.421851912, 956712.9054249264, 1134334.7956339072, 1470071.3064826778, 1125871.7703223522, 1007971.0447436154, 1013583.4743323007, 1165310.925714768, 1131689.825629095, 1171738.3430708821, 1054752.006235212, 1077535.830209521, 1180325.189854925, 1014444.2197879087, 1066182.2165053086, 1083298.028123462, 1259911.6083759419, 1166822.3710602531, 1074354.1339032503, 1111171.0621655895, 953183.1426399688, 1139377.833500233, 1249597.1011980742, 1120270.5947707572, 1186695.2994915596, 1025242.6019988733, 972384.6590957295, 1120111.6834882249, 1018886.1112430053, 1021554.9257543485, 1141035.6635655123]
[1131802.1910082535, 1329532.4090489626, 1336446.701917754, 1074450.804498238, 1014563.1114331452, 1047367.1925353963, 1255247.7988027318, 1192208.6577262902, 1088049.861937082, 1110005.9335173839, 986819.3136995118, 1067873.5160952145, 1036331.5441523157, 1084405.832465753, 1012842.9623493763, 1227435.0239276218, 1163099.3913810588, 1068233.6427494022, 1164571.4232177096, 1238316.421851912, 956712.9054249264, 1122033.4187850424, 1465441.8479250404, 1125871.7703223522, 997769.3352486491, 983648.3109767677, 1147907.4669580497, 1125701.0147049767, 1126169.7675335403, 1054752.006235212, 1073634.844487726, 1142309.994063719, 1014444.2197879087, 1063528.6793187344, 1065044.1113310612, 1258415.910431599, 1166822.3710602531, 1072920.0917074077, 1083592.6914328716, 943806.1867682891, 1139377.833500233, 1220691.7619971575, 1118634.2619733536, 1165590.5264513453, 1025242.6019988733, 953589.0051918153, 1120111.6834882249, 1009580.1418248415, 1013412.5144434518, 1123813.6215771218]
[1131802.1910082535, 1299993.4127505724, 1322571.3489261905, 1039055.9237428235, 1008603.0100440547, 1047367.1925353963, 1240336.7117244394, 1184208.0833911027, 1088049.861937082, 1110005.9335173839, 985579.8834234399, 1062197.7776782084, 1005221.8640664592, 1059034.573123639, 1012842.9623493763, 1225649.6748522262, 1156789.4289539873, 1057841.0169405867, 1129248.635919542, 1219551.9419411425, 953454.5165387407, 1107815.1739812326, 1465441.8479250404, 1125871.7703223522, 976348.7606125757, 977685.8237897586, 1147907.4669580497, 1118960.9123295844, 1126169.7675335403, 1050483.0358618363, 1066102.4047756274, 1140710.6129814186, 1014444.2197879087, 1042007.5581210252, 1063333.6918923368, 1212125.2004039406, 1156969.918041906, 1062883.0536854623, 1080778.5522368737, 932290.2284314543, 1139377.833500233, 1219219.0370674203, 1118634.2619733536, 1162252.296095952, 1025242.6019988733, 918159.5023105319, 1090200.1419838392, 977514.16536066, 990176.1704364745, 1119726.3613965746]
[1097770.0568608656, 1286200.8696439564, 1320591.8211873455, 1022351.801468079, 1003783.1417513909, 1024934.6781436868, 1233474.092499536, 1184208.0833911027, 1067810.6902531167, 1106189.0241994166, 958673.0061024198, 1030783.7487289577, 999992.2461393311, 1039179.2772101469, 1008359.8185800569, 1200244.9817415774, 1144237.3946464523, 1057841.0169405867, 1088635.558318809, 1204569.5704651442, 951493.4052918935, 1104177.305926767, 1463119.5090595144, 1125871.7703223522, 975754.7174373999, 971914.428195223, 1147907.4669580497, 1107344.8380735596, 1110178.3436689333, 1021534.5689993482, 1066102.4047756274, 1140710.6129814186, 968335.1531143443, 1029823.7620865973, 1052167.9212536595, 1212125.2004039406, 1156969.918041906, 1039621.4269335357, 1059057.21520331, 924408.4626740111, 1139377.833500233, 1219219.0370674203, 1116418.478707396, 1153603.297658315, 987226.5175267989, 915108.4924638277, 1090200.1419838392, 949373.1499834374, 989875.4729255019, 1100982.0576506788]
[1095879.4246404334, 1252473.4948514167, 1303209.7653902785, 1022351.801468079, 998892.0380222012, 996570.7483825071, 1230841.3974128612, 1171760.671383708, 1057316.918718045, 1097098.9234005136, 958673.0061024198, 1030783.7487289577, 999992.2461393311, 1039179.2772101469, 997583.7245398695, 1188630.8550554472, 1137619.6442480506, 1052019.7610969928, 1088635.558318809, 1174905.6630144448, 935480.6223782431, 1069838.915972524, 1448717.868823533, 1122778.1111460864, 934957.2593474941, 956813.5842556428, 1147818.9422068296, 1104530.8147728324, 1105853.1607417976, 1016749.3962401301, 1049837.3238895736, 1137971.7422209135, 968335.1531143443, 1029823.7620865973, 1046211.3457574046, 1202736.6455293535, 1156969.918041906, 1039621.4269335357, 1059057.21520331, 920769.3120317955, 1130477.7525285135, 1191805.0520143842, 1070363.4054113384, 1145110.4180882438, 982233.8297181141, 915108.4924638277, 1090200.1419838392, 945503.5268881733, 981366.6316923725, 1100982.0576506788]
[1081299.6261731111, 1238309.9269884238, 1302754.715146521, 1022351.801468079, 979932.1605926156, 988311.6269406241, 1230841.3974128612, 1158902.0520467279, 1048482.9240843834, 1091424.0094855702, 958673.0061024198, 1023400.9340544667, 976703.2311804034, 1025914.4644608606, 997583.7245398695, 1188630.8550554472, 1133317.7504408427, 1049841.9844594211, 1086994.405414429, 1173503.8628590195, 928096.9888509957, 1059376.6463737066, 1431545.015235874, 1115352.92912136, 894761.3522935252, 955341.134603713, 1130466.6826238034, 1097160.6561855685, 1101966.4878937425, 1016529.5180340245, 1041858.4011816888, 1125984.8252999093, 964545.3633548586, 1026234.4790296173, 1038725.2461241226, 1201088.2470811275, 1155625.5124360095, 1031991.8683950627, 1053556.206007633, 891617.040107638, 1108666.1166775387, 1174972.0586100684, 1064432.4382560663, 1138461.095969365, 982233.8297181141, 915108.4924638277, 1083385.9378647995, 945503.5268881733, 951397.1275255257, 1098313.2509364474]
[1072985.13255214, 1236709.0923782254, 1291723.4993831255, 1022351.801468079, 967626.799098907, 988311.6269406241, 1230841.3974128612, 1154282.8308661445, 1031605.1764771966, 1083851.481293905, 958673.0061024198, 1020592.1469625902, 976703.2311804034, 1013784.001953604, 997583.7245398695, 1165267.3843293202, 1132525.609781106, 1047063.3324899537, 1081175.1535525618, 1171042.7982068912, 925842.244895258, 1045665.344751418, 1430068.8283859584, 1108176.5757362335, 886764.7694374932, 945376.832288991, 1123211.7997319151, 1091084.487051264, 1091535.7173986523, 1004927.9899357237, 1036011.0069621023, 1125984.8252999093, 959238.5634848137, 1008858.3598544974, 1038725.2461241226, 1189559.9356702396, 1101335.8488184023, 1031991.8683950627, 1048702.4282652908, 885331.493695166, 1102455.577014672, 1129389.2149516093, 1048726.2377527975, 1109718.100594598, 977900.6377878636, 915108.4924638277, 1061329.5125558828, 944263.9073594266, 935928.6895599316, 1092867.7712759466]
[1072703.733163876, 1222251.8568066491, 1290560.3067790633, 988276.9972071083, 958748.198618199, 987236.0162571555, 1230315.0508688823, 1088844.6600352938, 1012637.2662662081, 1083851.481293905, 947773.9580672672, 1020592.1469625902, 976703.2311804034, 996631.2059608835, 997583.7245398695, 1118285.9673490156, 1096515.8078728488, 1047063.3324899537, 1078212.629966088, 1164896.8564061553, 907139.9722869818, 1012361.8483122699, 1370013.3455886287, 1108176.5757362335, 886764.7694374932, 937223.5755284388, 1062527.2930367352, 1080909.2335305787, 1073889.0404858538, 953247.0173871946, 1036011.0069621023, 1068770.6420442765, 954405.0306594757, 999555.8473423272, 1038725.2461241226, 1188551.1941384885, 1097666.9779113359, 1028959.8416705464, 1048702.4282652908, 881149.811512618, 1102455.577014672, 1103995.8913444155, 1048726.2377527975, 1083254.3080487326, 964142.6243268035, 903648.7570061184, 1048430.9406345282, 936425.8496808626, 933467.6240038157, 1087294.5313775192]
[1069824.206789029, 1212330.1242150655, 1270405.641580922, 979625.0053169699, 957879.818400323, 982068.9879393985, 1230315.0508688823, 1088844.6600352938, 1008676.205082279, 1067057.3883823403, 947773.9580672672, 1013322.932665114, 975625.3479878135, 992904.0398918701, 990906.7350095134, 1112723.831723825, 1096515.8078728488, 1047063.3324899537, 1047868.0003357639, 1147085.78274095, 881520.6302694917, 989671.346768067, 1336165.7634725892, 1108176.5757362335, 882807.3642905753, 937179.3194389427, 1045562.3069265872, 1078402.2667733948, 1056673.9480064956, 940631.6271080055, 1031993.1870841582, 1068770.6420442765, 932201.9327233636, 999555.8473423272, 1023046.9508888939, 1187217.7174763654, 1089397.145478807, 1014366.0440350119, 1040894.7084053361, 862802.0644761553, 1098263.751796399, 1088341.0453912, 1036398.9633404143, 1083254.3080487326, 964142.6243268035, 903648.7570061184, 1038029.4976484872, 915107.5030710837, 933467.6240038157, 1075151.3748099082]
[1065937.84165364, 1210249.0897080684, 1256693.718055359, 978767.3881905794, 937837.0296619993, 970520.29856462, 1196754.3920224577, 1074338.086219572, 1008676.205082279, 1061520.6290797335, 939491.6789927311, 1013322.932665114, 953595.6925417967, 992904.0398918701, 990906.7350095134, 1086608.776593721, 1096515.8078728488, 1034809.6197017587, 1046628.2063498062, 1135481.5755147268, 881520.6302694917, 989671.346768067, 1327340.9282344368, 1083352.8324539415, 879920.092315593, 916001.7461274967, 1025895.5922264911, 1073886.1070573884, 1039661.1111295989, 923078.1739003155, 1024642.2171355896, 1058776.4717066598, 912258.5756552309, 999555.8473423272, 1014866.7183117627, 1183712.109244131, 1085466.8506345155, 1008422.6663539741, 1040528.7059186203, 862802.0644761553, 1079432.6291281253, 1088341.0453912, 1023707.6265423711, 1066637.0615198947, 959380.729455209, 902291.7409730138, 1026207.7786213818, 913893.4684146808, 929054.0299280558, 1066969.4082726226]
[1043721.290323802, 1151267.5135587764, 1247393.0244553392, 962567.3371677293, 927250.5114180626, 964478.4546428509, 1176498.0506470883, 1064365.3235772797, 1008676.205082279, 1055427.4744462715, 939491.6789927311, 1012823.331004696, 934342.6619996445, 992904.0398918701, 961396.4214484371, 1024631.8015401339, 1096515.8078728488, 1019164.982654327, 1028103.3765169667, 1124888.2114589983, 881520.6302694917, 989671.346768067, 1327340.9282344368, 1064584.1014152449, 879920.092315593, 893694.7674896013, 1025895.5922264911, 1073886.1070573884, 1039434.4584746643, 908698.816619489, 1004007.6111076031, 1056380.4598915305, 895044.7426493505, 999555.8473423272, 1010017.7040757986, 1166387.7528886232, 1085024.5579366942, 1002718.1710987318, 1007230.1181028632, 859151.2993471173, 1070899.2085830034, 1068334.307057672, 1016767.1131266321, 1053495.492756632, 949064.21204005, 885171.97196198, 1026207.7786213818, 895177.6683966232, 926504.4711554663, 1047086.9934401202]
[1043541.7240363298, 1120305.0354647099, 1239272.5825164635, 954090.9289417701, 911302.6646538585, 946507.4476759204, 1176467.0695750592, 1063737.444696506, 1003412.2281221912, 1054772.0304827017, 930910.5404686328, 1007717.170506097, 926170.3647482044, 981124.5424406644, 952601.9336222723, 1015873.479485788, 1096515.8078728488, 1012707.9809871169, 1016895.2430837557, 1105555.7566139163, 880169.8353521045, 985407.029477609, 1303794.3544430179, 1064141.2753800405, 878851.4836826768, 893694.7674896013, 1024381.9401844355, 1054343.0756695413, 1034209.5955762832, 902433.9991979245, 993328.3564895425, 1026317.0772217741, 888861.3594783982, 983634.4364402704, 1010017.7040757986, 1158017.8723069825, 1073778.9821487998, 994548.8747482427, 994868.4823322473, 844443.7890047912, 1049288.029800152, 1064977.868973957, 1016767.1131266321, 1039389.7047293136, 927826.8173339298, 867718.1074204857, 1019100.0832884483, 895177.6683966232, 926504.4711554663, 1047086.9934401202]
[1043541.7240363298, 1099531.0125575648, 1239272.5825164635, 954090.9289417701, 903160.0237607884, 946507.4476759204, 1146760.1587042173, 1063737.444696506, 996865.7081975972, 1054772.0304827017, 906526.1743789861, 1007717.170506097, 926170.3647482044, 955234.527183451, 946364.2312405292, 1015873.479485788, 1053631.396861558, 1000527.2468232103, 1005395.1155278565, 1088480.0568658502, 863994.9375723752, 985407.029477609, 1292794.8399227855, 1053340.7880110154, 877813.6156634396, 893694.7674896013, 1024381.9401844355, 1040199.2870637488, 1030714.5104696288, 874080.8180924226, 988162.8659332745, 1019036.343602409, 883269.416719516, 983634.4364402704, 1007451.8694225164, 1145031.2174869266, 1073778.9821487998, 988323.6939308736, 994868.4823322473, 844443.7890047912, 1049028.9420154206, 1020530.841957793, 1016767.1131266321, 1021971.2564514441, 900806.7205788661, 858083.9144814017, 1006668.1589476045, 889948.4747741608, 926504.4711554663, 1027839.8221318768]
[1043541.7240363298, 1088652.4552156695, 1186673.7646695254, 954090.9289417701, 886703.7911695151, 938693.6348136922, 1131901.4593003553, 1060554.9289468392, 996865.7081975972, 1053741.4774741358, 906526.1743789861, 993718.9248512685, 926170.3647482044, 945881.2101296565, 927054.1830074651, 998082.5147730792, 1044537.7709179155, 986205.9849326372, 1002540.8473992968, 1056878.2701364404, 863994.9375723752, 978242.604665426, 1285988.278464042, 1016901.9931043092, 871218.2552816743, 867519.0736955203, 993502.3542337673, 1033934.5577173457, 1017552.5047225859, 871393.4220817667, 986292.4476616534, 1011366.3952185132, 875747.4848326137, 973447.8768396964, 982484.9681792237, 1145031.2174869266, 1056050.7467516018, 988323.6939308736, 977034.0399464928, 844443.7890047912, 1033166.7079140749, 1007505.6598402311, 1013881.4348842442, 1004625.4441994166, 900806.7205788661, 852173.7988272179, 984103.1727868266, 879231.6132639349, 900467.1991488384, 1016512.5251572886]
[1023579.8325051395, 1086742.7386691454, 1186673.7646695254, 934927.7138935985, 875515.9813621048, 921771.9845000273, 1105306.328709973, 1060554.9289468392, 990982.3121098609, 1043700.9015262198, 905326.3288787997, 982198.7044548612, 921505.7646600126, 934863.4031125503, 889747.75431851, 992412.3091286992, 1030896.4164124203, 986205.9849326372, 982423.9154514719, 1011381.5999395272, 860673.5814974712, 978242.604665426, 1248204.9599681427, 1012755.6771105009, 860578.9168506531, 859831.6390560825, 975276.6065019798, 1020472.8689289794, 1015936.7708635032, 864366.6150448297, 980410.4981953178, 1000587.1606764754, 875747.4848326137, 964818.190930092, 979791.840072449, 1126533.1194327995, 1046930.9157397434, 977938.1041601424, 977034.0399464928, 790053.0157780214, 1016063.7584468462, 1006543.9807765018, 1013542.6200363459, 996874.5274179749, 864459.5476900736, 852173.7988272179, 981566.0902250707, 843520.4499132794, 897074.3046803247, 1003297.6233201453]
[1023458.9429713618, 1079697.3292113538, 1172875.7331637149, 932765.4303343637, 872360.343576444, 894227.8000555432, 1094520.6951872206, 1049196.8731986347, 979993.5762755185, 1025994.9138110504, 898281.1763924569, 982198.7044548612, 911514.1306919279, 925798.6750863191, 867844.5529422587, 989854.9607505308, 1027829.895124815, 982911.944539275, 971859.8740271978, 994736.4203846687, 860673.5814974712, 978242.604665426, 1237032.4552132408, 1002631.1191506296, 843990.9041693199, 852226.9235241587, 974983.9217796798, 1020472.8689289794, 993007.7446639283, 862871.2955600616, 968328.2799603032, 968080.0296216502, 872394.9015542433, 964818.190930092, 962512.7589394115, 1117382.233168681, 1046930.9157397434, 971393.272370144, 965080.412168482, 790053.0157780214, 1009676.1264126338, 995140.5690613238, 1005385.4319712764, 991969.073206317, 850635.8131057825, 846365.5850629316, 972712.5383298149, 842016.369700059, 879929.2120541692, 1003054.3522749826]
[1023458.9429713618, 1079697.3292113538, 1151679.2426695845, 932765.4303343637, 857306.1552666379, 883079.8010160394, 1069804.117856991, 1021779.0910898761, 967379.4649626827, 1008558.9001297031, 892646.6714094743, 982198.7044548612, 911514.1306919279, 925798.6750863191, 867844.5529422587, 986003.0904916462, 1026793.6974924661, 966930.9930836111, 952560.3842326999, 976797.2107531115, 843530.8007266931, 971482.4763828143, 1207908.3772359355, 974594.1109883252, 830126.5126191684, 846271.568463885, 937774.9822929453, 1005885.4760781977, 993007.7446639283, 861382.6912511705, 968328.2799603032, 968080.0296216502, 872394.9015542433, 948896.1084801775, 962065.2441403372, 1107373.4029777597, 1017252.3915497239, 937188.5562365862, 957107.306486063, 783795.3490817202, 1008879.7068673838, 993219.500940177, 987323.1636532942, 979764.8547702593, 842444.1181803985, 818032.9903934104, 949926.6027435943, 837284.3735218695, 864800.0734338673, 999967.1930911174]
[1009872.165207977, 1079697.3292113538, 1132435.6430767293, 927384.8554936188, 854437.2577368654, 877912.8375048211, 1066801.4690752972, 1015653.1118378456, 967043.7938069694, 991339.6460925255, 892646.6714094743, 981778.0278155435, 911514.1306919279, 925798.6750863191, 859232.5462190623, 986003.0904916462, 1009460.7758593131, 957598.2957227711, 952560.3842326999, 976797.2107531115, 840413.1649972437, 971482.4763828143, 1190780.5004361575, 940832.1169553144, 824928.0799519323, 838722.9757418983, 937774.9822929453, 1005885.4760781977, 991985.1868607628, 820448.5697771623, 959409.6948284723, 951505.7612553444, 868356.0407824265, 943642.0469155589, 947917.4470807111, 1099525.7220504973, 994570.8788192691, 934390.3556325355, 946225.953151067, 783795.3490817202, 1005776.0516107626, 988482.6653146071, 967145.2189307783, 971529.2357622336, 831964.6766048193, 817907.8880595588, 949926.6027435943, 833125.8627659304, 862834.5984113647, 998693.4170067745]
[1009872.165207977, 1079697.3292113538, 1129907.7582927358, 905044.8263602294, 848173.9292498396, 876333.2432041861, 1059799.6967303497, 1015653.1118378456, 958013.3457037446, 984448.0448159811, 864027.8202847295, 981778.0278155435, 902758.9951873943, 916970.1275438135, 859232.5462190623, 986003.0904916462, 976799.1625740404, 925752.866662123, 952560.3842326999, 966273.4254116149, 834618.7677312556, 919165.4831582891, 1167657.597307919, 937780.2797461081, 823100.8401384114, 835386.3497424766, 929884.4766053105, 978469.4239710855, 978239.6841747906, 785831.5440968247, 959409.6948284723, 929811.7128892426, 868356.0407824265, 943642.0469155589, 947354.4387501864, 1069380.1327703982, 993882.5917651862, 929345.4263586504, 943764.2537361585, 783795.3490817202, 974051.7091029653, 988482.6653146071, 952848.5007143253, 966523.2084313227, 824235.8324475997, 809740.7442525749, 937505.4158213657, 832154.1094462329, 862834.5984113647, 987266.5508253683]
[962609.9526206205, 1038897.3812788225, 1129907.7582927358, 879236.2346830417, 836676.3211410554, 863992.8825661226, 1058995.9037870863, 1015653.1118378456, 939078.6631790322, 963780.6642946731, 863993.4499597589, 951764.9352181439, 883446.5703752436, 904913.7443227997, 852143.9177159292, 974515.2774889579, 967192.6054040414, 925752.866662123, 943312.4888851184, 949868.2232985521, 824329.2832793999, 907537.7963986691, 1160635.9560558647, 912270.9726668193, 823100.8401384114, 835386.3497424766, 919484.2149467294, 968961.2569523396, 977261.9691186706, 785324.5125573919, 945473.7904206105, 924089.9352761675, 863928.6587192692, 943642.0469155589, 939520.9126819761, 1060792.2803222674, 983750.7560597316, 876225.3909708315, 938333.6697366945, 777499.742081135, 966304.7298827671, 978896.5104355434, 937490.2318042845, 940392.7968942665, 808357.9163540967, 790219.0477809858, 929851.3828872483, 825685.3197800302, 862798.892006881, 969569.3097682011]
[958222.6269855393, 1026541.255354305, 1122541.8924950312, 846828.2368712742, 827387.7459239111, 837527.7663494649, 1058995.9037870863, 1010596.0314859882, 939078.6631790322, 946716.595883945, 860953.0503860895, 944767.8976131163, 872612.7778814295, 887666.0220865633, 852143.9177159292, 963726.9155344665, 959281.7199080808, 920359.2194558227, 933491.65904245, 930719.3082237629, 800449.2828137567, 907537.7963986691, 1147997.7401279432, 912270.9726668193, 801834.4020934085, 810564.1615073627, 919484.2149467294, 968961.2569523396, 970407.2686050727, 778459.8354626691, 939236.9615319999, 919200.6088325441, 861156.184176685, 935563.7395905375, 939520.9126819761, 1057712.02450217, 978871.646447273, 873821.8150772087, 919823.3749849007, 777499.742081135, 960225.8323453065, 978896.5104355434, 931651.3727100699, 940392.7968942665, 798033.5131541654, 788158.9126994588, 929851.3828872483, 825424.9814716622, 840828.6019403801, 959567.3368045429]
[956124.6688082339, 1024759.2316370175, 1120580.1848105828, 846828.2368712742, 804783.4697609477, 831806.7018675769, 1047848.8831169866, 1001433.8219108572, 922950.5248946578, 946433.1580143245, 821862.4063544594, 940449.7905945126, 871627.1187716937, 869077.7749044854, 850303.512509134, 963726.9155344665, 959281.7199080808, 920359.2194558227, 914993.8696944682, 928576.12107125, 788556.5542921993, 907537.7963986691, 1123703.3168290616, 910046.3263546514, 790232.9445210065, 810564.1615073627, 919484.2149467294, 968961.2569523396, 947819.7344905762, 771084.1701018966, 906753.3467682156, 913294.1225986847, 861156.184176685, 929568.4259658711, 923633.3634427373, 1038382.3752775848, 940941.0386873104, 873821.8150772087, 914742.6154436877, 774571.6035198797, 960225.8323453065, 974331.0115326538, 929215.7973918257, 930508.6170885594, 789640.5935257411, 767190.052651485, 929851.3828872483, 811034.0633513409, 840828.6019403801, 945209.628158216]
[924115.5717787849, 1024759.2316370175, 1111228.367848963, 839191.1011696901, 797350.4960521817, 822214.2246503364, 1036333.4206150861, 1001433.8219108572, 919808.7311711119, 943187.6057455065, 810569.2739248176, 917269.994040085, 867330.5260257479, 869077.7749044854, 850303.512509134, 948873.3164288147, 939420.9785522642, 920068.7853484337, 914993.8696944682, 924257.7326095784, 773486.7372302434, 904647.2526640389, 1114895.2509301477, 909379.9833465985, 788644.0488100323, 804770.5772755584, 919484.2149467294, 968961.2569523396, 939866.8164179504, 763039.0649540703, 896191.8457377257, 896609.854485601, 852983.5820719153, 891363.3169529218, 923633.3634427373, 1038382.3752775848, 930327.5091728119, 873293.4810710549, 905290.6724352421, 759694.3082315373, 944524.8193238445, 970907.8448806206, 906107.6952529617, 919197.6371952934, 786955.9606091337, 761453.9422111945, 929456.2524146636, 811034.0633513409, 834703.2245443247, 929095.3746833543]
[918342.716034977, 1024759.2316370175, 1102858.871841404, 839191.1011696901, 796128.1104779466, 807016.9929536904, 1031306.8058570068, 1001433.8219108572, 919736.8645028028, 888125.9670126841, 810569.2739248176, 894940.3437792147, 848665.7788468637, 866141.689867874, 850262.7433089304, 948873.3164288147, 911813.4979191985, 912880.9097475766, 906148.4849063444, 922554.5621994175, 768731.5588262068, 904647.2526640389, 1111433.90935355, 909245.8677155802, 774229.4325582494, 804770.5772755584, 916549.3686130873, 959920.5397032443, 934664.0831163771, 760379.1868697859, 881077.7957512963, 860513.7192886595, 852983.5820719153, 886444.5191870602, 919084.4962718051, 1019798.2792407747, 915661.3341607762, 868813.4991272399, 894709.8955013631, 757692.7577442371, 912439.1171243063, 965437.2515708355, 890961.539557937, 911958.2216765515, 783280.1687070547, 761413.8054960605, 873018.0140420524, 795778.3344557626, 834703.2245443247, 913746.90390568]
[911050.3815965101, 991776.826491968, 1057952.7057785545, 825261.6898100345, 786764.7046587818, 807016.9929536904, 1031306.8058570068, 976058.4878514489, 905056.3154795641, 885746.8497253929, 785644.5928815447, 874120.9277305484, 846077.0834597008, 864146.2490908405, 812933.7469168226, 934155.6381973649, 911813.4979191985, 895197.9244845684, 891548.9547908984, 922554.5621994175, 752650.9491659782, 896239.1666378316, 1068894.5039013145, 909245.8677155802, 760196.2995229538, 793958.5394630262, 902316.7744660316, 958978.7126976391, 922418.9312357102, 730221.1832088119, 881077.7957512963, 860090.3006151741, 828653.3163838648, 884556.966183047, 898286.469472944, 1019798.2792407747, 907973.1527976093, 860117.6791594112, 876131.4166136129, 753117.8341283277, 905731.4437829846, 952570.4425178776, 884603.6597777035, 911958.2216765515, 777928.4026962017, 749867.1953522747, 865697.6328449007, 790143.5199204037, 820495.8989545341, 903646.7010732585]
[911050.3815965101, 953673.9706625011, 1046182.6897365015, 825261.6898100345, 784780.8535365628, 806287.1416501326, 1022101.6246586703, 953535.9522726325, 894857.3322018826, 885746.8497253929, 768625.9167122424, 874120.9277305484, 845883.1094115924, 851441.2193914829, 810058.6727501696, 921324.5347513814, 887054.3384643706, 895197.9244845684, 872183.3167640443, 922055.8463415047, 746770.6564375327, 886464.7449417025, 1068894.5039013145, 902237.0385557457, 760196.2995229538, 781988.219055283, 902316.7744660316, 958978.7126976391, 922418.9312357102, 730221.1832088119, 847335.8327144565, 854070.7687205218, 827150.8412614029, 884551.6889940858, 887052.9537102387, 1014894.8193217184, 907973.1527976093, 851566.0931118045, 857083.126583004, 753117.8341283277, 905731.4437829846, 922937.3335622338, 884603.6597777035, 880130.0816950208, 773452.0971508205, 749867.1953522747, 855431.4697490865, 775065.5732876513, 809014.3962127396, 871427.675655626]
[911050.3815965101, 945211.4721528239, 1029400.3010275761, 825261.6898100345, 784780.8535365628, 803213.9122358116, 1016555.1619078012, 943467.2444799483, 894857.3322018826, 885746.8497253929, 768625.9167122424, 873810.7474822663, 841590.4678406337, 837163.5241999279, 807248.4832744747, 921324.5347513814, 887054.3384643706, 895197.9244845684, 872183.3167640443, 912744.2598676283, 746770.6564375327, 886464.7449417025, 1068894.5039013145, 895540.6687456788, 757009.2023545321, 776909.9397525114, 895654.4132429585, 957936.7752578888, 919199.8604188191, 730221.1832088119, 828719.1619243274, 852360.6971893987, 827150.8412614029, 871176.6399058392, 884876.0211760486, 1014776.5382201824, 900126.9316458397, 837552.8423792894, 850468.511194738, 753117.8341283277, 899017.1998764975, 922937.3335622338, 850998.3838954966, 873023.386536605, 755517.4393931762, 722073.8286271038, 815088.4356413531, 775065.5732876513, 796592.8683278251, 861925.2502066568]
[898652.3276517488, 935339.6950987547, 1020394.9500489689, 822713.7163037574, 771598.6036694814, 779779.7665878688, 1014193.5375168283, 937136.1564752829, 867178.0149902331, 885285.5301479409, 768625.9167122424, 854655.0557133444, 831775.423946308, 834862.260923856, 796189.8560603528, 921324.5347513814, 877420.9341748992, 895197.9244845684, 867259.2429945316, 893906.833888763, 745290.9981657418, 878960.4064095762, 1068894.5039013145, 891215.991793052, 753891.287152664, 772969.5225814119, 879501.7090174649, 957063.4612827323, 905144.902721803, 720894.8861691932, 805113.7859209856, 845649.5314385218, 812291.83431154, 868852.0092446355, 884876.0211760486, 1001898.1951491272, 900126.9316458397, 834449.7981639769, 848508.4660284802, 753117.8341283277, 899017.1998764975, 918088.4499728077, 833785.9799799364, 850865.0914784707, 754568.8699186778, 713060.0738721263, 815088.4356413531, 760765.4600554485, 789180.733719015, 861925.2502066568]
[880883.1136929654, 935339.6950987547, 1015961.0094830932, 811342.4709756424, 764434.0149939867, 778526.7771333364, 1008680.9884720925, 934924.7263308944, 850120.8130206295, 878604.2102472406, 768625.9167122424, 829428.9680206523, 827934.8274722525, 824548.9943311911, 772692.5624949462, 913300.5701870393, 855914.9627846563, 870182.7469549424, 850289.595503174, 870268.4260068359, 745290.9981657418, 872525.5930025798, 1068894.5039013145, 889846.1146389261, 753752.9439252487, 772969.5225814119, 876395.9692823524, 950994.366409814, 904275.1291848043, 720894.8861691932, 804807.0963076197, 845649.5314385218, 797376.6960198538, 868852.0092446355, 871279.6245719495, 996776.0367903206, 891020.5418875912, 822295.4670373048, 837651.447815025, 750134.0191010572, 899017.1998764975, 914295.6971348214, 833785.9799799364, 839117.6209055856, 754568.8699186778, 706640.5822417211, 815088.4356413531, 745098.013264749, 774362.5755613341, 861253.3872616928]
[875635.628036716, 927973.736406086, 1002495.5741132619, 811342.4709756424, 764434.0149939867, 749242.8303760632, 1008680.9884720925, 930084.7516999452, 805269.284319579, 866172.3342020623, 753841.3896539574, 829162.6463366642, 804541.0479791253, 814454.6515605004, 772692.5624949462, 879406.577094829, 848418.5675147623, 870182.7469549424, 831018.5940322459, 853972.3957447413, 734452.4380511141, 862475.826570066, 1068894.5039013145, 863492.8553469672, 742817.6128982787, 763199.3414466443, 863896.3778347444, 927144.4241840944, 889362.8668121316, 720894.8861691932, 804807.0963076197, 838620.671250915, 784946.2362033473, 864338.4283265475, 857336.6755243009, 980137.4387292443, 891020.5418875912, 792037.7775298374, 834691.494571724, 737777.7589888808, 887348.1706205718, 914295.6971348214, 833785.9799799364, 838988.6260420957, 750943.334163456, 698246.0935124382, 803048.512733089, 745098.013264749, 772639.9382261083, 861253.3872616928]
[875635.628036716, 918153.9650598693, 992249.2072275074, 811342.4709756424, 759615.4262336775, 737081.2365860648, 999408.8575231067, 923056.4321797278, 805269.284319579, 854718.0661311636, 731990.7641304802, 804815.9008586238, 793209.524100835, 814086.4090585115, 769328.0103726417, 876956.3485166557, 848418.5675147623, 839853.4921607629, 831018.5940322459, 853972.3957447413, 729387.3385656879, 832109.7678549916, 1063364.6961691766, 854783.8893050759, 742817.6128982787, 750240.201296822, 863896.3778347444, 921391.4650049824, 889362.8668121316, 716397.5471328135, 792947.4293332093, 818966.8684104172, 779711.576916673, 864338.4283265475, 839649.8559368011, 962906.2699924993, 885182.265414192, 771768.4750614234, 831260.9964276664, 735545.1696471729, 873145.2439905409, 914295.6971348214, 833785.9799799364, 829054.872890068, 750943.334163456, 690858.9174161672, 800953.6696321329, 740989.0794817039, 765694.4866257628, 861253.3872616928]
[865346.4432145869, 887274.1795015862, 992249.2072275074, 810247.7022245184, 759007.3766782981, 723810.5430940737, 983584.0436651856, 923056.4321797278, 805269.284319579, 853849.2256467463, 728152.2849902285, 804815.9008586238, 776993.1231290154, 810515.6370496192, 769328.0103726417, 868899.6891683887, 843288.074365473, 801404.5962885071, 829613.0622847725, 842784.8842119863, 728921.1771456534, 832109.7678549916, 1033611.8097060958, 851414.0446511349, 736695.1538197065, 709513.0480713176, 854530.2584207172, 921391.4650049824, 886831.6081887266, 715284.2772448924, 771839.6311179838, 818966.8684104172, 765826.6132394571, 844048.4904107384, 810742.6313990824, 962906.2699924993, 853393.3306225523, 768765.2484739161, 831066.6839361017, 705449.2973805484, 873145.2439905409, 901232.4307242418, 819020.588803845, 826371.6774497157, 745736.1430070192, 690858.9174161672, 792925.1629592136, 715822.0456300031, 748904.4094470933, 852271.2034136566]
[861254.7799297774, 887274.1795015862, 987832.8930707105, 803902.8807590588, 759007.3766782981, 717932.670000631, 970686.4916131205, 918655.771091445, 784578.4482728359, 841658.0701454593, 728152.2849902285, 794350.3121406658, 773042.3177711722, 810515.6370496192, 756669.499039307, 863064.4620918889, 830545.5637721346, 792544.0105951403, 792371.3204496795, 835198.6854947148, 728738.7953141526, 820787.265164853, 1016876.8452867648, 849132.6025899609, 736695.1538197065, 706429.6379469878, 847976.4992101381, 915427.083081286, 884279.050203608, 700917.5093129306, 771839.6311179838, 814290.5803527463, 754771.0406659074, 833853.2674803406, 807249.401653212, 955346.6011870643, 853393.3306225523, 763394.4315474727, 826970.7223051216, 699322.9194924926, 873145.2439905409, 881241.8762645274, 788967.2124237799, 817951.4031368725, 742441.0407442942, 690858.9174161672, 792925.1629592136, 706280.503717709, 740216.8618834661, 843992.9914449938]
[847965.1893043317, 886414.5495505407, 973634.3966483452, 800473.8041966765, 757252.0511932065, 716445.4853238793, 958719.9689106282, 916379.1103920937, 784578.4482728359, 836466.9502351673, 722963.054293694, 790556.4030446078, 772152.0439792731, 803088.7125565144, 746660.933569286, 863064.4620918889, 830545.5637721346, 792544.0105951403, 792371.3204496795, 811610.9647839277, 722367.2781111855, 820787.265164853, 1011018.8581923179, 847273.1622993354, 727704.7079479768, 682723.2206795883, 832118.8411143937, 909834.4420200083, 866723.3230616435, 689555.067275321, 770337.6094002371, 804086.9938376186, 744587.7114441629, 803390.934109131, 803459.3080850984, 954754.6782956362, 845672.4304500334, 755146.4088764596, 823007.7774647515, 697952.8151032996, 856738.1425849274, 873152.1492226766, 778186.1620821517, 815717.8012994637, 737320.7675889065, 690723.5046408849, 789785.1235654657, 682922.2719836105, 724960.9716225403, 842790.426905432]
[847965.1893043317, 861259.3793773733, 959224.1126772093, 800473.8041966765, 738936.2024383309, 713758.4420657469, 952280.8699662117, 909087.5388675755, 775449.9565031448, 833970.3238276765, 722790.2830765832, 785028.3746378098, 760648.4694036136, 795815.3916093606, 737154.224520431, 853021.4831677412, 823731.2257647334, 784272.4774288919, 792371.3204496795, 804931.7526503978, 707520.9870471172, 818266.6225751394, 1007574.9601879399, 825538.4024369088, 706094.3638255595, 681325.1976421184, 829364.298114503, 889242.0144332787, 854077.2118855149, 689555.067275321, 748786.82309056, 803042.8800329856, 741151.772830561, 765923.6231855925, 802985.4335340619, 948026.111194106, 845672.4304500334, 755146.4088764596, 823007.7774647515, 693156.4957464163, 836377.1801180935, 873152.1492226766, 777109.3964592832, 760312.984933381, 729289.7760441264, 690723.5046408849, 767598.5928472148, 682922.2719836105, 714370.4381298326, 823389.0904804785]
[839634.4787711699, 853903.0901133424, 957119.2693819553, 781558.8211598184, 738936.2024383309, 713758.4420657469, 938937.102774319, 909045.3415435692, 775449.9565031448, 833970.3238276765, 722022.4082935777, 785028.3746378098, 751310.6351974797, 793326.5301214771, 724077.3641317701, 831341.1096863932, 809231.0399783795, 764860.974786715, 778487.9860881914, 799814.9565440525, 707499.4382936739, 805242.4661879418, 1007574.9601879399, 825538.4024369088, 705796.831710666, 681325.1976421184, 822161.2240373332, 883624.4071304401, 831357.9257838497, 684615.4232060013, 748448.7948999958, 786999.3002332387, 735788.5955720638, 744967.9071281312, 796034.9772123727, 925051.5843341077, 841807.8402587401, 749307.3664837676, 823007.7774647515, 688298.1536634973, 827585.3487061616, 855063.9166477697, 767664.8321621448, 757944.603420146, 729289.7760441264, 686532.1040852943, 747006.4976108915, 680917.7663231954, 696228.9402992313, 823389.0904804785]
[839634.4787711699, 839061.6656200315, 957119.2693819553, 767391.8944753458, 725325.3069971858, 713758.4420657469, 923223.6947752539, 909045.3415435692, 775449.9565031448, 833970.3238276765, 718837.6404354741, 777663.881445714, 751310.6351974797, 787370.5648131117, 719606.7112273427, 823465.4232917016, 809231.0399783795, 748860.5263096069, 777654.1020821913, 799814.9565440525, 700010.224620868, 801678.4288766455, 991255.0390741618, 803772.3020301705, 702003.8442510625, 675189.5383339864, 822161.2240373332, 882958.7284147704, 824069.3342226621, 683645.8329401421, 748448.7948999958, 772377.1183082057, 724378.463928116, 744967.9071281312, 796034.9772123727, 923162.1924575738, 805448.2688264749, 749307.3664837676, 823007.7774647515, 681999.0976867517, 780713.0368276446, 855063.9166477697, 767664.8321621448, 753756.9516641154, 720145.2574218379, 673831.8274543326, 747006.4976108915, 674330.2268538724, 672009.9709100144, 823389.0904804785]
[839634.4787711699, 816131.9256906251, 957119.2693819553, 764919.8859851868, 716868.0351925051, 713758.4420657469, 923223.6947752539, 884952.8006737676, 770121.726322721, 818647.2927131468, 718837.6404354741, 761459.7514368932, 751310.6351974797, 787370.5648131117, 719606.7112273427, 823465.4232917016, 807800.1143249705, 724114.4607944285, 777654.1020821913, 771734.9034672301, 694965.4691021544, 796613.1441652592, 952395.332936262, 803772.3020301705, 698839.5359437288, 657830.87080591, 822161.2240373332, 841893.9265999185, 824069.3342226621, 676283.4084765966, 748448.7948999958, 756215.8939705372, 715193.3348827508, 744967.9071281312, 790506.2203969259, 914079.0606087402, 793423.4823310941, 748546.9416806345, 817616.0903270834, 681999.0976867517, 780713.0368276446, 851205.007113195, 759638.8044583837, 752151.478404625, 712301.1960417615, 673831.8274543326, 745787.9206394646, 674330.2268538724, 670415.199654746, 823389.0904804785]
[829287.7119082315, 810074.7645415121, 915222.6574151801, 764919.8859851868, 713872.4057640496, 713758.4420657469, 912221.6313809976, 868235.997078505, 759716.1177980048, 814802.0926269006, 718837.6404354741, 761459.7514368932, 741431.3182037772, 784159.386869469, 714443.8696716821, 811414.6431323852, 790021.6250727244, 721646.7466572609, 766931.8323012806, 762416.2043055563, 694965.4691021544, 781439.2157104232, 941073.5636953423, 803772.3020301705, 692471.0340269743, 644006.2526814061, 821876.163311911, 837352.4349883164, 824069.3342226621, 676283.4084765966, 748448.7948999958, 748909.2064858583, 712558.7957837803, 727643.6299617299, 790506.2203969259, 914079.0606087402, 786619.3938127267, 722971.3150921976, 814036.4467916746, 678990.0495296065, 778553.3592096423, 827325.2931237023, 753563.3841110108, 735146.1991653026, 706337.6953152027, 669675.145460294, 742112.3222638129, 674330.2268538724, 666065.0359297639, 812816.0474103435]
[826216.609082218, 809964.8547731696, 891856.314274257, 764919.8859851868, 704596.3021542432, 712044.5361035138, 906535.6989189362, 868235.997078505, 749087.1249485511, 811712.3434143122, 718837.6404354741, 750273.2305972732, 740749.316865307, 776262.3855254475, 714443.8696716821, 800963.3456146957, 784505.9087091999, 686591.967593504, 751190.8710871041, 762416.2043055563, 683094.2774570923, 781439.2157104232, 941073.5636953423, 785565.1395281672, 691566.4044054468, 644006.2526814061, 813492.0750873546, 824109.4714266399, 824069.3342226621, 676283.4084765966, 748448.7948999958, 731205.5816365271, 709741.5082561396, 721021.9190310366, 790506.2203969259, 914079.0606087402, 786619.3938127267, 703958.1709886937, 814036.4467916746, 664936.5510659649, 778553.3592096423, 818147.6240630014, 739891.8814619987, 704623.1013870335, 702889.4083441335, 653663.4029722912, 740474.3964259253, 654778.8755556339, 661969.2842381782, 809677.1261967984]
[818559.6524742348, 801231.7386721879, 891856.314274257, 762098.0821711029, 700748.3456080134, 700879.4902029692, 904798.2023464203, 858239.4700030122, 747578.9483465629, 804598.2631511863, 714295.996417802, 729784.8395579344, 728906.8736376751, 763864.6897363055, 709209.5209781666, 800689.6922911076, 782742.0766253391, 680140.6966276477, 744702.3991881168, 742691.0212801748, 679496.7893128794, 777918.45795567, 913340.3859714044, 785182.6598227912, 687986.659066069, 641601.3424540446, 811658.6423921345, 812668.9194775361, 821631.5197278991, 673628.208436354, 747980.080636283, 731034.3477174257, 699346.640835454, 712512.5417014316, 790284.1132409379, 914079.0606087402, 782788.6626838305, 703958.1709886937, 808757.5578643857, 664100.0939456157, 774765.9223804082, 818147.6240630014, 737131.9074046018, 690356.2385360097, 688161.6372313023, 643004.9373852881, 719709.570900793, 632573.8623098771, 653109.277775761, 809677.1261967984]
[803538.3344135128, 796734.178353351, 873858.168189137, 760920.7264888308, 691528.5292010753, 700879.4902029692, 904598.3747667687, 852753.0782353267, 738463.1579441151, 787629.3088087945, 694894.8120681375, 724856.4351296888, 726799.1359101494, 761576.2284739909, 708790.9234140567, 787301.129561865, 777389.8688384442, 680140.6966276477, 737880.3966560923, 739335.2119492653, 679226.8036138031, 777918.45795567, 913340.3859714044, 777404.4747041244, 681150.5504323271, 610503.2355223567, 797560.080762633, 789106.6159265955, 821631.5197278991, 667935.1134071718, 747980.080636283, 728158.6371069669, 698288.4061310652, 712512.5417014316, 790284.1132409379, 909713.3987676284, 778313.3824600617, 673970.2546139068, 808757.5578643857, 658003.3308993209, 774384.0027247032, 803321.0561905341, 736199.771499185, 690356.2385360097, 674520.6218639637, 639323.5197163703, 715345.1334220753, 629891.4353877322, 651509.6054388384, 795414.7058534741]
[801561.0837037789, 796734.178353351, 862892.0139435694, 747385.5338163648, 683588.9930940581, 687984.7290769712, 904598.3747667687, 850034.396372298, 720246.150096014, 771094.3413502112, 682981.2896834443, 724622.4535850676, 718762.7539263079, 745620.3498890535, 691504.0231805032, 769364.5851181729, 773244.670580786, 680140.6966276477, 729033.7254167728, 739335.2119492653, 679226.8036138031, 777918.45795567, 913340.3859714044, 750031.300622755, 680479.3488319338, 610503.2355223567, 796276.9432675533, 789106.6159265955, 804506.9048939625, 637088.1055112309, 746734.3739120376, 725697.019888142, 690254.1461823948, 699564.8589495656, 786729.4461264926, 906731.1094183289, 767949.4131505978, 673970.2546139068, 792805.9370657335, 654372.1389595445, 743629.929400848, 781203.5339205461, 710469.9023546805, 673979.2331947311, 670135.6966340768, 631858.2546793825, 715345.1334220753, 629891.4353877322, 641095.1678165665, 790525.3891397001]
[773442.2917198912, 796734.178353351, 862892.0139435694, 742031.6134435921, 683588.9930940581, 677354.768312209, 889849.0437435651, 850034.396372298, 720246.150096014, 762365.406857644, 665127.0446121561, 719052.5382349836, 712920.5144068731, 743919.2237300937, 676042.0687809673, 765291.3571129387, 748787.0315396693, 655214.6617435475, 714182.0922371675, 730326.2583396079, 678394.383932254, 770727.2680057313, 892912.2397884864, 750031.300622755, 670843.9791430535, 610503.2355223567, 768822.5174776908, 774433.9893199562, 793830.2803175952, 631020.6804569113, 729069.1140392892, 719306.9823695571, 688637.0121375895, 697768.9475335174, 774106.8170509008, 901280.7636921279, 767949.4131505978, 673970.2546139068, 791959.877373667, 631680.4737929656, 731311.7353822642, 781139.0975015373, 710469.9023546805, 673979.2331947311, 650234.165267129, 631858.2546793825, 700656.9082047832, 607353.8542241758, 641095.1678165665, 764343.2660298808]
[769974.4094344942, 794452.5591845606, 847516.2902243633, 742031.6134435921, 681100.183536755, 677354.768312209, 888195.0030255308, 849009.8578269128, 717333.8975020978, 760562.0276088883, 646515.1916347011, 716471.0429476086, 702024.7471040001, 743196.5302297554, 674185.4425562461, 760259.3676911765, 748787.0315396693, 655214.6617435475, 713961.514088357, 729673.4046796069, 668926.2977147365, 758637.8465008681, 884834.6788694074, 750031.300622755, 670843.9791430535, 609529.2716235918, 768822.5174776908, 773687.8268002755, 793746.3624688407, 626699.9296127121, 717226.8419006981, 704626.0747483008, 667401.3231602608, 697768.9475335174, 759549.08585267, 887442.1983620257, 765466.5377183526, 673970.2546139068, 773963.8571720447, 616350.7563558572, 727447.5623162658, 771210.6686037413, 708856.6207182074, 657611.9689963076, 632792.207396514, 619345.7030882038, 699510.4195206458, 607353.8542241758, 623365.6250569595, 759958.8627118259]
[764983.3823159864, 794452.5591845606, 830309.92894029, 740527.1745620465, 672597.785258095, 673335.8776227932, 882073.1159409157, 849009.8578269128, 697447.9325657852, 760562.0276088883, 646515.1916347011, 703082.6551017151, 702024.7471040001, 718915.7915236271, 669414.250824529, 760105.6915843886, 743928.5342987564, 652369.2915436779, 713961.514088357, 712463.4081076604, 665112.563171241, 749722.1917643172, 883951.3085815881, 740507.4619197018, 661921.4802424011, 594274.4898850129, 758633.5761422297, 767569.1083132344, 780482.9423421792, 624201.546936623, 706976.7554523151, 701442.4315962769, 667401.3231602608, 697768.9475335174, 757993.449449319, 844195.1381415215, 755131.7372690712, 658069.7082881615, 772956.5264748505, 607305.8695957682, 724703.539095486, 767752.051997449, 703281.9551534387, 655281.0964468617, 632792.207396514, 615521.0450638809, 687440.9544201836, 603241.8506425014, 614429.3301319015, 740559.3786852523]
[757560.8124152388, 792662.8868871605, 810779.4617877405, 727458.9572501236, 666862.7089109359, 663114.6526661873, 868009.539597627, 821645.7383223278, 695355.3715198484, 738542.6081739984, 634817.150013981, 700026.6041966757, 700871.6320555836, 714169.453026984, 665899.2048057673, 748390.9788208414, 741235.3254278519, 638830.8129917198, 713961.514088357, 710384.4268586703, 641520.2035514254, 746772.2262655607, 863453.7907642502, 729800.6798791194, 658661.0883372027, 594274.4898850129, 756415.57261351, 743255.150527551, 774272.5180117551, 617427.147008079, 692857.4892954291, 692751.933733754, 664023.5766093588, 692886.3617340138, 752650.6309406428, 840830.5008089626, 748107.7202833244, 650328.104565202, 767173.8928084201, 594508.2749868267, 724703.539095486, 759014.4903709044, 690763.5316404245, 653087.297837446, 632792.207396514, 615521.0450638809, 672523.6246043441, 594621.3620878335, 610586.8834185251, 720887.5589128417]
[752414.8134307706, 763784.7359428932, 792533.2012440098, 717489.570454186, 666862.7089109359, 660893.676806593, 849674.3822652388, 815109.6092252918, 695355.3715198484, 738448.0166873684, 629871.5869142364, 699979.9048912638, 693046.8343161755, 713314.6596291724, 658881.7692227364, 736914.7680064844, 736100.8217759149, 632563.6842530697, 712962.1015341808, 708133.2986318903, 640883.1844463644, 722737.3121436348, 849599.7780539405, 717519.9627964122, 655724.7280163497, 584416.7166710121, 753318.0614292626, 735297.0181227812, 767068.8541760521, 607684.872953312, 688152.9200226368, 675706.7886389575, 658011.7033457966, 663100.6617094363, 687592.8942801416, 834803.6822871744, 744815.4367309215, 647794.6582417504, 767173.8928084201, 594508.2749868267, 719566.9979483911, 759014.4903709044, 689613.4741994637, 652031.0146729315, 632792.207396514, 615521.0450638809, 672523.6246043441, 589312.3395156959, 599796.9024261923, 720887.5589128417]
[746179.4873548627, 754453.584432844, 790557.2477319979, 717489.570454186, 663034.0084461425, 660893.676806593, 845814.3775207857, 814764.2722871182, 691330.164211131, 734437.9375625241, 608690.5931819574, 695671.340016389, 691759.5144452637, 696588.9220844283, 658881.7692227364, 732870.6762630028, 722030.9823836411, 632563.6842530697, 688440.470387815, 698952.0072890463, 639194.5636496786, 715032.6571881444, 839393.1399829618, 702061.1747984086, 653859.4644558347, 583144.7305589438, 732605.123581291, 733695.6158168579, 761142.0669792752, 600822.815010533, 677025.9812794413, 661928.8738951696, 658011.7033457966, 642872.418494358, 674498.0547877116, 828773.3461361821, 730607.3798575851, 644576.826545404, 766038.7538126961, 594342.9485623373, 719244.7819280258, 728539.3046410221, 687946.896931661, 645114.7331900572, 627302.3223884769, 578495.9415816861, 672523.6246043441, 583951.9143302041, 598136.3066208544, 717243.4499226046]
[728546.464252081, 745106.7012491599, 787413.6546686407, 711103.6902205303, 659174.1390707439, 660893.676806593, 829706.310868166, 810782.6043598329, 680437.2935820466, 705686.0470898347, 598800.4989962656, 695671.340016389, 686904.7779991075, 696588.9220844283, 658881.7692227364, 716728.684977364, 719681.827811044, 632563.6842530697, 684570.5285581944, 694335.9251767166, 621450.9442537378, 715032.6571881444, 835128.5056436398, 699203.8486999164, 653787.6106807769, 581598.2696153785, 732605.123581291, 731866.8618394665, 760286.3834773132, 599519.1614672575, 670308.4362007424, 660645.5374437277, 653371.5932881397, 641300.3743496573, 674498.0547877116, 823284.8455594366, 722157.200793293, 639639.0105791556, 757348.0041580608, 588649.4586567483, 714324.8989155496, 708832.1489476969, 684086.860405267, 644591.2285812686, 626424.9411243974, 574128.7445582685, 661862.0838708312, 577653.2909916397, 598136.3066208544, 714930.9456428465]
[698154.8982096432, 743684.5671410015, 782038.2514708886, 711103.6902205303, 638837.1022834857, 657877.0672255538, 829706.310868166, 803248.4963408706, 666050.5117195597, 676913.4375677649, 597107.1677675961, 689309.181961376, 664213.8079293527, 692195.2251763174, 658881.7692227364, 712447.6242630387, 719681.827811044, 628359.0040541063, 684570.5285581944, 690364.3736231641, 618746.9634498348, 715032.6571881444, 834424.1235538726, 686464.716776367, 643650.7447133062, 575070.5128635785, 725709.7088581049, 731866.8618394665, 750430.4265329706, 579127.7039165185, 651108.2291863107, 658113.1574126775, 653371.5932881397, 641300.3743496573, 664300.2746032965, 820521.2043408465, 722157.200793293, 634381.2841633912, 757348.0041580608, 578576.3642662967, 702896.8905930801, 708832.1489476969, 671689.1041586796, 641206.7071204194, 621713.9326004934, 573376.9521457355, 654191.6805077634, 577653.2909916397, 596830.9376595101, 714751.1988262002]
[698154.8982096432, 736345.0148213322, 782038.2514708886, 696260.9333581768, 625999.7422334093, 651410.2505994437, 806327.3357754482, 785395.7517340224, 663193.0084293487, 676913.4375677649, 592665.506971681, 686148.2714019225, 664213.8079293527, 676255.1012946186, 658881.7692227364, 710223.9078632257, 717921.0827459216, 620189.303615946, 684570.5285581944, 686756.9675027897, 587904.4209582335, 698678.2687695588, 834424.1235538726, 678252.2772524384, 630489.4967312615, 575070.5128635785, 722883.8589776462, 728010.8834791116, 749417.7389523382, 575576.7142221743, 638315.0030779678, 646027.7166467245, 624394.4583919203, 637451.9092814428, 664300.2746032965, 817501.2877538603, 722157.200793293, 610219.9261147354, 749194.9247953135, 568304.657478151, 684012.7395886456, 690147.9998267551, 666095.2734971736, 632373.944659213, 621713.9326004934, 567523.190871419, 653636.6659725445, 577653.2909916397, 596830.9376595101, 714615.6528174906]
[697012.2969693034, 728369.7461674181, 782038.2514708886, 690736.621834798, 625999.7422334093, 643636.5436026118, 806029.1263114392, 784716.3041059949, 652727.3432140236, 676913.4375677649, 592665.506971681, 682388.3465730814, 658609.4079536332, 638665.6626184194, 645522.5648295428, 709002.7138044209, 704990.9356751682, 614193.8590622469, 681046.5898587772, 686756.9675027897, 581050.4566619898, 697243.9604826046, 834424.1235538726, 670193.1231326078, 624879.8459213031, 575070.5128635785, 715468.3717649274, 722084.2847158004, 745166.7469360606, 567619.5171670974, 637936.7118810305, 646027.7166467245, 607543.9443550435, 629262.5159880269, 658106.8148732029, 812882.4937760524, 717587.0165955632, 607245.8968829613, 745462.2157066495, 565152.2107395156, 680826.3379254079, 690147.9998267551, 657036.5836966869, 632373.944659213, 612112.7135945325, 562927.8433570312, 653191.1474159022, 572219.3055752728, 596830.9376595101, 701861.9951612343]
[692052.5728050342, 723131.8350869934, 762483.1830878101, 673209.9704446776, 620053.4373267392, 638145.0674577241, 798285.110770416, 751196.0312571209, 647828.4407726687, 676913.4375677649, 592665.506971681, 667963.6514454237, 658609.4079536332, 619937.5038930884, 634448.2883824983, 694740.3582638506, 703097.7349982022, 614193.8590622469, 675909.9508557655, 683514.5192726852, 577938.0768176008, 694767.4760680464, 834211.3720343751, 670193.1231326078, 624879.8459213031, 568286.2285746459, 697711.8206703934, 720261.1220187771, 735468.6285339056, 566137.4621760375, 636867.6915780518, 644523.6737456049, 604135.9947735902, 629262.5159880269, 657788.0037885371, 797926.5066889069, 716972.4442992785, 591217.5301601515, 745462.2157066495, 557608.1226582355, 680826.3379254079, 686195.597176018, 653644.3272783946, 632373.944659213, 606469.240689812, 549362.1018357379, 642599.7787086931, 572219.3055752728, 582772.1338333347, 701861.9951612343]
[662619.6281487368, 723131.8350869934, 757895.8362599645, 670416.5730132143, 607675.9890383646, 628394.7610517276, 798285.110770416, 738529.2863824127, 647828.4407726687, 663287.1226446589, 591176.9991289219, 661944.2972050789, 647359.345712945, 619937.5038930884, 624721.454529747, 687612.5183728276, 697418.6863272503, 599889.3980413183, 664913.3820824678, 677987.1055397477, 577605.9925841597, 689779.9859293, 819021.1198635672, 656801.7340777819, 619811.7203346811, 562808.0476061839, 680542.8172675784, 714704.3176021174, 735468.6285339056, 561072.7428270989, 633257.8493196911, 632769.736068899, 603509.589777414, 629262.5159880269, 625262.582611492, 783210.6003568652, 712985.9713880286, 583199.5990145649, 736144.1335414846, 554984.5559381472, 679120.6670143203, 685891.0866825649, 647331.5358672326, 632373.944659213, 601519.0114115576, 532793.1027614584, 635364.6985962789, 568875.8800375952, 582772.1338333347, 700191.6098243154]
[651805.9729197345, 706368.3281778919, 757895.8362599645, 649250.840696825, 603596.8734384438, 619377.9430552077, 797457.9721894886, 727325.0309122808, 647828.4407726687, 662442.3259654535, 585508.9067884849, 661944.2972050789, 645382.016613909, 619185.4546930395, 619806.9876013033, 687612.5183728276, 685709.0816966705, 599274.0612554147, 660066.4712316542, 677529.1062427519, 577605.9925841597, 689779.9859293, 767725.1658207604, 656622.9854607566, 619811.7203346811, 562808.0476061839, 680542.8172675784, 701160.656218644, 729568.4130168885, 560175.4887701285, 626260.6888011568, 632769.736068899, 598384.7152877637, 626164.0113876733, 615610.3731754102, 774284.5814381307, 710747.5997428007, 577957.8630173954, 735109.0510929499, 549566.5604628557, 677262.9608782673, 678101.9652683844, 638642.8642044191, 632373.944659213, 589061.7786304719, 527375.2941826755, 635364.6985962789, 560445.7708276913, 582629.5333131579, 677006.8329053997]
[629289.5818400413, 704500.366315466, 750800.5055144245, 645982.6386966065, 594244.7874738213, 617968.51349866, 788205.4996224636, 726964.3426494242, 635644.9927789979, 654090.0495576491, 567963.8049194227, 660367.0741769318, 645382.016613909, 619185.4546930395, 615089.6659378672, 687612.5183728276, 681732.2022917655, 599274.0612554147, 656133.4156561834, 672304.6756656113, 572148.8262114577, 689779.9859293, 767725.1658207604, 646892.4618895554, 619505.0750082594, 562808.0476061839, 670594.8398573545, 695066.589675856, 713526.1399695572, 535227.449131042, 626260.6888011568, 630712.3504170255, 593908.6317464283, 623664.3003135188, 615610.3731754102, 748532.1354471062, 707585.1024989286, 572000.699210995, 725088.7167325172, 538991.1616079664, 668221.7176799506, 673135.6390708152, 638642.8642044191, 632373.944659213, 587990.4304716071, 527375.2941826755, 631318.7775982652, 560445.7708276913, 567011.468592718, 677006.8329053997]
[619799.40125502, 678219.7785637238, 750800.5055144245, 645982.6386966065, 594244.7874738213, 614804.3985741579, 787008.9646416644, 691371.9091944864, 635644.9927789979, 643915.8054113952, 567963.8049194227, 652349.8435365404, 645382.016613909, 619185.4546930395, 615089.6659378672, 685979.8439586846, 681732.2022917655, 599274.0612554147, 652220.0265216364, 672304.6756656113, 570924.1319717073, 673915.7215524572, 759563.7282040685, 646854.8177122951, 599855.8648870725, 561488.1092186639, 661792.4881775097, 687746.2967711472, 713526.1399695572, 533524.8385858432, 626260.6888011568, 630712.3504170255, 593908.6317464283, 615344.9408196153, 615243.9029337731, 728089.244496241, 707585.1024989286, 569129.3789484928, 720896.5797828729, 534114.9802181704, 662140.7629397896, 669726.8267581658, 637805.9670190747, 621641.0349603425, 579012.0742087362, 526965.1142392769, 621991.2096269476, 548459.409484711, 567011.468592718, 672824.3628374416]
[618292.8435519191, 673732.4028572942, 736142.533875246, 645982.6386966065, 586269.8050184558, 607056.4478547422, 755234.0615319924, 691371.9091944864, 635644.9927789979, 643146.5393410283, 567963.8049194227, 618510.1501597385, 640762.2387067433, 619185.4546930395, 596496.7194100231, 678014.4766710388, 667860.4350787519, 596749.9080106334, 642590.9713960761, 672304.6756656113, 570859.1522908106, 673915.7215524572, 743171.1622646262, 640093.3040572593, 593345.623042113, 561488.1092186639, 633114.8149656927, 687480.1898307004, 699168.7663033254, 533524.8385858432, 602064.2006996899, 630712.3504170255, 591228.7373694547, 600473.4739926724, 586694.7505544333, 713636.6492363196, 703034.9138887674, 565686.047812315, 719902.821898579, 521652.1128865114, 662063.369009577, 667417.8130084263, 636319.3296141474, 610208.9895343074, 579012.0742087362, 526965.1142392769, 614800.8279954335, 548459.409484711, 567011.468592718, 667437.1796027862]
[617210.6087415272, 673732.4028572942, 733535.0316726228, 645982.6386966065, 581261.7683334786, 596021.9106111355, 751252.9948047976, 691206.3601266043, 633049.0281321302, 642991.3580852796, 567963.8049194227, 618510.1501597385, 639357.8044069156, 619185.4546930395, 584726.6349296698, 678014.4766710388, 667860.4350787519, 596674.8373168835, 622810.6369480639, 670590.6485148786, 559694.2592912738, 661870.3431628286, 731978.129075854, 636856.5733884296, 590386.7766931207, 538738.342735817, 629532.7008682928, 685962.9127307347, 699168.7663033254, 531561.1426724056, 582003.0473837506, 617597.973827556, 591228.7373694547, 578165.1565325727, 583979.1921613812, 702002.1346048294, 690344.5659448802, 565686.047812315, 699497.4122471923, 521652.1128865114, 662063.369009577, 661645.9736041325, 633198.9828294858, 605438.3127064144, 573905.7442286445, 526965.1142392769, 612126.0680208363, 541297.7585852197, 566417.2159997968, 667437.1796027862]
[611714.7341226797, 667179.4111767178, 711231.8077261446, 638993.5147667323, 581261.7683334786, 576919.665278468, 737783.4401902852, 691206.3601266043, 631093.2683259472, 635153.5157909922, 564850.5785707998, 604353.0941145245, 629254.4671916934, 615173.1262182788, 584442.8727946647, 678014.4766710388, 638315.5002888271, 590283.8478055692, 622810.6369480639, 661709.6949552393, 557433.2159213226, 661870.3431628286, 731978.129075854, 634682.9582519742, 579467.0012282238, 527139.5126195524, 629532.7008682928, 680134.9502000763, 698216.2988477909, 527811.1302591333, 577204.2753984367, 617597.973827556, 583586.768554508, 578165.1565325727, 582548.314231134, 696626.927955784, 677523.4151259547, 559225.4242804593, 685581.4007123313, 518727.92208084726, 662063.369009577, 645987.1467918861, 633198.9828294858, 602319.1517911385, 573905.7442286445, 526114.3562371043, 609969.1386374008, 541297.7585852197, 565549.6855234688, 667437.1796027862]
[592133.0789955436, 665796.0559050306, 710661.8008583804, 638878.0786596618, 575785.748992393, 571118.033650274, 724317.1177325178, 686129.3653617715, 631093.2683259472, 628088.5318535405, 553324.4884946569, 587599.2471384982, 619329.6692667054, 613675.1871191827, 584014.432238327, 668327.2124460811, 634027.181043634, 590242.106312095, 597872.1744129721, 654391.2185983651, 557433.2159213226, 655542.5187167928, 726560.5440151322, 630935.903080741, 565193.1638949871, 509353.16935835395, 626596.682263391, 675877.3905016343, 687745.1239923736, 516369.03225090203, 575408.1658937724, 603823.9412046062, 583586.768554508, 568880.4807045748, 582548.314231134, 691971.8921648529, 671484.4898239766, 556403.0503248834, 676818.4106433357, 511763.41324955144, 658866.4435407002, 645987.1467918861, 631025.2849507777, 594507.2485664162, 567048.2214306213, 522730.5231167916, 609201.9313051348, 541297.7585852197, 556994.5254939689, 663480.4311272713]
[585415.6229017156, 656975.0866359096, 701236.3967139442, 638696.9166076164, 575785.748992393, 563520.5571048905, 721976.2610461642, 678099.1435950838, 628648.724238708, 628088.5318535405, 547995.6789491454, 585274.1295762269, 603950.469220254, 613675.1871191827, 567168.0600266276, 657548.9736670082, 630903.1763042983, 590242.106312095, 588923.0240564209, 653228.760896078, 555991.4825787559, 641241.942093772, 722263.2941750861, 617223.0691317451, 565193.1638949871, 509353.16935835395, 610871.4032280997, 675877.3905016343, 682091.1918511682, 514209.6540763349, 575408.1658937724, 603823.9412046062, 583327.9611661381, 568880.4807045748, 573325.6766550028, 687492.0958571733, 669352.4345518702, 554913.3733024359, 676818.4106433357, 504036.35444679623, 648073.4216728688, 615951.4225503508, 630118.4943446419, 580479.1593738401, 566864.739125631, 518426.4238052882, 595917.7757316153, 535038.6563438766, 556994.5254939689, 659535.4848433903]
[579773.2547729558, 655404.8723443351, 701236.3967139442, 630361.3451834373, 558162.8657487064, 562625.5962670858, 711094.3847245584, 675912.6415368561, 614892.1262898917, 628088.5318535405, 547995.6789491454, 579427.5649033147, 590169.1327341174, 605498.3986066969, 562764.9470196415, 657548.9736670082, 629391.1701680901, 582181.061003634, 584520.7667065628, 638493.8906492625, 547315.8067801661, 633558.0458452248, 717586.0746722847, 616599.6618980484, 565193.1638949871, 502167.35787894315, 595435.7989895673, 673483.1042092451, 673510.8450503871, 497954.0087019668, 575408.1658937724, 603823.9412046062, 573830.0081773768, 567402.3844132533, 572594.7485148686, 685164.7929260635, 669310.6720422253, 553864.6494050155, 666665.9787934979, 501548.9698714977, 645932.5656541301, 613161.2001877185, 606598.388927303, 580479.1593738401, 566864.739125631, 514650.8247912432, 586659.5413995357, 534195.2484074286, 556831.547254986, 629485.8726216914]
[577438.7266303932, 639819.2993457009, 701236.3967139442, 630361.3451834373, 558162.8657487064, 561449.6967490461, 711094.3847245584, 675884.3806194859, 608499.1579517195, 618110.0486192429, 531238.673251476, 574631.6931271459, 572294.5419311628, 597082.4760247278, 562764.9470196415, 643030.7501962392, 629391.1701680901, 580891.9300986121, 579906.5131965209, 635621.1796593686, 547315.8067801661, 628101.9046165852, 690015.9841690537, 605472.1992020223, 551580.208021401, 495414.8670337677, 568921.2364082171, 665955.892978865, 673510.8450503871, 493539.774311443, 574344.3150546261, 603823.9412046062, 570281.5670815352, 563295.6023360745, 568632.4833140485, 685164.7929260635, 669310.6720422253, 553864.6494050155, 661835.592395989, 495374.05409418896, 614596.2228243735, 611032.0264902286, 600009.6490831026, 576194.0997688854, 548567.4772744685, 503012.60606151744, 586350.719010847, 532548.4898386808, 552822.6645231249, 617008.8731549687]
[575976.0067146863, 637002.694395575, 696365.8697350511, 630361.3451834373, 555074.4774615734, 560909.5560691326, 700296.4908672366, 666542.522858923, 602204.0469127817, 610685.7241314348, 531238.673251476, 551114.9179299804, 563301.2815676208, 587859.1178885035, 562761.8473057466, 641582.0293595026, 616544.7065163094, 577949.522681785, 572485.458622561, 632064.8399111191, 543953.408673353, 624051.7229037217, 690015.9841690537, 605472.1992020223, 551580.208021401, 495414.8670337677, 568288.5558680404, 654025.2557750283, 663202.364039032, 493539.774311443, 567821.2132950738, 600596.3262150607, 560186.3805062004, 563295.6023360745, 554436.2313472794, 685164.7929260635, 656393.7200965574, 553120.4983257507, 653349.0951358057, 494758.6662898306, 614596.2228243735, 605875.1648544524, 590744.7448162485, 556968.9448491589, 540574.1258680371, 501245.17472683714, 575591.8703350072, 530898.9232504506, 548239.9150296857, 599533.998980081]
[570416.4727669561, 629685.8589612882, 690848.6864641452, 624645.8387419677, 542903.7826356592, 544065.2918895534, 695258.2236744399, 666542.522858923, 602204.0469127817, 609952.1642009951, 527840.8495115468, 551114.9179299804, 562381.8825203169, 587859.1178885035, 550539.111246912, 640502.3407786024, 602309.16728304, 575793.9451308569, 572485.458622561, 627962.5502288035, 543953.408673353, 617814.3320890886, 690015.9841690537, 596376.6430250199, 548091.833130077, 494259.129696659, 552984.2821036029, 641622.7059182922, 653731.0093104485, 493539.774311443, 566062.4548428523, 584312.9772271666, 558938.820989885, 553799.5473565586, 546312.9932067604, 676688.0324306323, 655711.9185729465, 548662.1869127394, 642266.099643098, 492068.6018945654, 610382.5554736604, 601644.3517448932, 584543.2183256127, 556968.9448491589, 529937.0298547905, 498919.5884670941, 575591.8703350072, 511387.49614411814, 539382.2482081156, 582248.8871206796]
[560418.9928586372, 627956.7436077694, 690630.8560499653, 617101.8422388828, 541220.671472943, 544065.2918895534, 695166.4225701606, 663015.2240637888, 597983.8871124657, 605205.1954366124, 524791.5280615238, 547017.6617933196, 562381.8825203169, 569945.7436760833, 550539.111246912, 629936.389106369, 588207.70926182, 575793.9451308569, 558288.0189576342, 617761.205239999, 542060.3696012177, 609359.0229747499, 672166.8438441894, 595693.6332634718, 522967.25609461975, 490844.4836805955, 547131.2657566664, 635797.396062609, 645227.0854016842, 493539.774311443, 561515.7690354483, 564900.4205189624, 530781.8022409107, 553799.5473565586, 544412.1635150152, 669825.0906601363, 645446.9641325183, 536847.9772352551, 639815.7305853887, 487986.5520891347, 608282.4859456781, 594126.3190493034, 574647.3683963895, 542162.6146214014, 527794.9033910611, 491515.97845687374, 565031.8659088215, 498369.9888286786, 539376.1629895109, 579770.717608973]
[560418.9928586372, 610816.7767008895, 690630.8560499653, 617101.8422388828, 529542.4138056461, 542717.9211302934, 688752.8650664111, 637252.8386704238, 586993.8463394047, 605205.1954366124, 524157.1724416224, 531921.673426958, 555250.2401838189, 551849.1431100313, 532432.406288335, 622210.5628864465, 578754.4181685222, 551905.6527005774, 554729.4229519259, 594662.9405826817, 510977.6987423968, 604346.8191145856, 663763.638231046, 587422.453672532, 517403.02009177825, 490159.72869395325, 547131.2657566664, 604377.0309376257, 621756.4790971017, 488411.45512746146, 558195.8561098631, 558418.2974671104, 514965.6340739463, 549746.508501568, 524490.7245375023, 667420.6572978899, 645446.9641325183, 529532.4968177191, 639815.7305853887, 487297.48932130716, 608282.4859456781, 593114.5040010887, 574647.3683963895, 542162.6146214014, 527794.9033910611, 491515.97845687374, 565031.8659088215, 498369.9888286786, 525671.747274969, 575757.0485838167]
[559097.4477677293, 607106.2187467326, 678958.4400823573, 607929.3215862687, 525874.1711052078, 529156.8121254465, 684649.4420561299, 633337.3690821957, 583782.7500919297, 587406.5585086291, 513836.1934184157, 521891.7756565652, 548783.2151968253, 551849.1431100313, 532432.406288335, 617450.4732965793, 570888.6021082317, 544632.6540316986, 554729.4229519259, 594662.9405826817, 503017.3255087497, 604346.8191145856, 653864.6973767894, 580959.4958714289, 517403.02009177825, 488090.26795102516, 547131.2657566664, 599071.1976989835, 621756.4790971017, 487358.45741923136, 556076.6495649756, 554003.7850155436, 510119.2810529317, 545173.075162418, 521331.65876952244, 663907.8300257523, 641673.7518829774, 524345.2572811987, 635731.9017434699, 475778.95515803853, 605785.9310247896, 593114.5040010887, 560475.4028292593, 540085.5450690187, 527794.9033910611, 491515.97845687374, 564176.7568945653, 489241.7799235688, 523328.54019151477, 574424.1594392827]
[558805.1507445232, 600689.6403549078, 664436.8917927783, 606531.3039011236, 523363.586773145, 529156.8121254465, 657297.7848184212, 623334.9983599907, 583782.7500919297, 587036.5495194683, 483152.79999138915, 521891.7756565652, 548783.2151968253, 547701.2492258816, 530543.0442594867, 603334.8487106848, 570888.6021082317, 544632.6540316986, 554729.4229519259, 577704.243463277, 503017.3255087497, 602370.7410822886, 653864.6973767894, 580143.0731789998, 517403.02009177825, 488090.26795102516, 547131.2657566664, 599071.1976989835, 621756.4790971017, 481422.78170967585, 556076.6495649756, 540815.6412962882, 509410.9364710235, 539107.7036364742, 521331.65876952244, 658597.2244956319, 627849.5110561408, 518037.1547045434, 620711.6391862893, 471397.16362868325, 598200.4729644578, 592183.6158691818, 557355.5429830002, 529730.2490239348, 522973.0136339266, 491515.97845687374, 558105.6274434237, 489241.7799235688, 515878.64709779545, 569369.698936919]
[558805.1507445232, 592415.125955057, 662107.0326250244, 591813.0017493998, 520686.1506805421, 529156.8121254465, 652801.5179095819, 623334.9983599907, 563796.3186826849, 587036.5495194683, 481618.5315936528, 512573.9561157011, 543352.9423412567, 543241.4633600278, 514505.04724155285, 598597.1549220851, 570888.6021082317, 541601.3396547971, 538050.4799933953, 555083.0205835232, 493447.8130855238, 589718.4894778965, 653102.3251496695, 576399.5755428325, 515353.9716138357, 483386.2576404088, 546019.2385393517, 592558.0357994034, 619430.6808148522, 472124.7621761773, 544165.8230841728, 540815.6412962882, 505143.97430228035, 518514.95277778746, 521331.65876952244, 658597.2244956319, 627814.6505516352, 516672.911217118, 618064.433272598, 457374.22494211345, 587626.1146827023, 587319.6395988213, 536612.9028044273, 529730.2490239348, 503525.92997362633, 489263.79949966946, 552524.9462545817, 480079.5077217169, 515878.64709779545, 569060.8145902291]
[542456.4932014643, 591717.4084133923, 640249.4231376497, 584448.1554948295, 512747.308118611, 529050.868174449, 652801.5179095819, 620786.9316419549, 555790.0796285989, 587036.5495194683, 481618.5315936528, 511807.8231778835, 530563.4630682502, 519587.4674628697, 509814.45069228456, 598597.1549220851, 568560.8863239367, 523932.8875211741, 529810.2434176921, 553032.1382197042, 493086.8920158177, 579763.878514807, 653102.3251496695, 561433.7443826931, 504558.6141942682, 483386.2576404088, 546019.2385393517, 589196.53909512, 617850.4253974804, 464008.2793336084, 539796.6770782226, 532002.8947131984, 504730.01263902354, 518514.95277778746, 511959.3764913523, 651524.9309269071, 625091.8657293237, 514581.2576475316, 612554.0373130597, 455011.96060800226, 587626.1146827023, 584635.9538798558, 533301.3921496437, 529730.2490239348, 503525.92997362633, 479424.16845648177, 552524.9462545817, 468906.8878300513, 508032.2302335346, 560845.5423272842]
[538534.9455168755, 589053.8578047191, 632563.651883363, 579058.2016260626, 512747.308118611, 529050.868174449, 649599.3139973866, 608495.4236631403, 551672.6084268804, 574495.7796442007, 479915.22790707526, 511807.8231778835, 523106.9992497917, 515487.2351448005, 509210.5008893042, 575780.9225406926, 557567.3756853404, 521553.47135519516, 527021.913673111, 550776.0075642348, 486074.19963688933, 570342.0731299846, 647538.238691441, 555331.8490857441, 504558.6141942682, 481930.8461239447, 540325.8921562771, 583214.9286627132, 613250.6393707546, 462644.8187802251, 539796.6770782226, 527031.558584342, 493082.0529910598, 516053.0439707202, 511477.771320809, 643034.9505420628, 620475.5230647683, 504331.4584900544, 604497.9837465446, 454335.71944468404, 579487.8290498927, 561673.2562708419, 525723.9943899616, 527374.892491873, 496802.4912453519, 477020.28200751665, 552524.9462545817, 468906.8878300513, 501360.5607557848, 560151.6561011113]
[534890.1026480224, 589053.8578047191, 632474.49741272, 579058.2016260626, 498063.1936357691, 529050.868174449, 648422.3526449556, 595079.4096994646, 543747.8040603058, 574495.7796442007, 476622.37335843843, 511807.8231778835, 523106.9992497917, 514035.82477361185, 503518.60139617964, 567712.5751504281, 554454.0895070599, 518910.94805627473, 523905.32533378014, 549010.6153365627, 485151.7340790785, 568073.3172490558, 620322.8394013075, 550716.5035905577, 497625.2198070227, 481930.8461239447, 539939.1983195759, 576635.4986912011, 611176.7878392304, 462644.8187802251, 539796.6770782226, 518714.47225649684, 484931.3819287705, 506780.93589114386, 506632.2162175807, 642548.7324297198, 613533.8883899391, 477166.2554991116, 594320.1887625153, 454335.71944468404, 579487.8290498927, 546632.7121595743, 525723.9943899616, 525791.429403153, 484619.722850677, 471101.54279452877, 536797.889132572, 466563.6643286332, 501360.5607557848, 559617.8903540466]
[532915.2812020327, 573852.4513535884, 632474.49741272, 578493.1490060103, 498063.1936357691, 524843.5005232545, 644690.8459595201, 585024.7122248659, 543747.8040603058, 574495.7796442007, 466437.4729660178, 506622.49878289737, 505206.1305358253, 514035.82477361185, 499486.9457466149, 567712.5751504281, 554454.0895070599, 510137.01926953223, 517761.2963661497, 549010.6153365627, 485151.7340790785, 567336.5946847976, 616550.3032635316, 548815.0848986532, 496887.9016802175, 474679.82983060076, 539515.186809115, 576635.4986912011, 606071.8162936091, 462091.90190323826, 532353.9469579181, 513003.9835983309, 484931.3819287705, 506204.7560266508, 506632.2162175807, 642548.7324297198, 610603.1702207146, 465302.59536605945, 590453.1099155608, 437806.0186845202, 557773.4179293072, 537688.122709383, 525723.9943899616, 522619.7607077461, 484619.722850677, 463436.42436665436, 526048.7113320015, 460190.7076836446, 498246.2839547481, 553703.8892280513]
[532915.2812020327, 566444.3459359978, 617141.0262291018, 567914.9532141949, 496743.82123520144, 521198.1221277738, 625539.8252657836, 585024.7122248659, 543747.8040603058, 568027.5323854741, 462671.9572625024, 506622.49878289737, 489597.8409247085, 504292.23930716, 497902.3514845661, 562316.9904796167, 549478.4131540961, 506190.84159802797, 506776.93420621345, 544334.8870818323, 485151.7340790785, 565881.8140701819, 610608.683972941, 548815.0848986532, 496887.9016802175, 469804.8460041742, 538370.6084869663, 576635.4986912011, 606071.8162936091, 446168.950500058, 532353.9469579181, 508457.4091246654, 472041.9739769691, 496707.77741741313, 506632.2162175807, 635539.764343709, 603015.5464142386, 465302.59536605945, 589761.4520151827, 435869.74808602594, 557773.4179293072, 533864.3387130464, 525723.9943899616, 510731.33510101045, 483262.455733775, 459871.30019439507, 524514.7230336226, 452110.5912639603, 483023.51377947733, 552944.732736665]
[532033.9542861654, 566444.3459359978, 610913.5552093255, 554461.8963739276, 485980.3600439258, 517746.5479502297, 607531.2884394622, 585024.7122248659, 533802.6540416376, 565769.5652914457, 457435.1277158129, 506622.49878289737, 463713.16859367647, 492503.461293184, 497902.3514845661, 560098.249968162, 544679.6243821661, 505736.37896671443, 506776.93420621345, 534510.5652908138, 485151.7340790785, 564868.5061836112, 610608.683972941, 537554.2967784505, 496887.9016802175, 468768.65455805545, 521359.21868499013, 573738.8897799588, 606071.8162936091, 432388.3275894535, 521899.7625933561, 495168.2688858318, 470936.45457804034, 496707.77741741313, 506632.2162175807, 619850.7221818266, 595142.0283506333, 465302.59536605945, 567096.6565120182, 422627.6952572387, 557773.4179293072, 527500.4765481352, 525723.9943899616, 507616.70546931715, 480446.4858298033, 446183.8321633367, 523981.06260425725, 446394.77655686263, 483023.51377947733, 542475.6718849713]
[532033.9542861654, 564660.8055049129, 610521.4514642113, 554461.8963739276, 476333.50147027505, 512844.1888881663, 590430.8696047607, 575135.0455682228, 533802.6540416376, 563823.9128948225, 451259.01347467955, 506622.49878289737, 463713.16859367647, 486873.57304003695, 489199.93530782295, 546713.722733977, 526190.2964092649, 504959.15100362955, 506776.93420621345, 525416.2248805824, 482533.9780678841, 564868.5061836112, 610608.683972941, 537507.0775635857, 496887.9016802175, 468768.65455805545, 520331.1295903119, 564751.9103963512, 587645.0914277781, 431403.93333605304, 521899.7625933561, 487710.66594165826, 467485.6384923261, 493642.96050555195, 506041.11265331565, 612887.0392463382, 583621.7596729405, 464577.58354176086, 567096.6565120182, 421601.47118142573, 554743.0952674893, 526274.3826747241, 519448.329416913, 500696.9154020302, 474974.77916231926, 433223.33306111506, 506755.06853917084, 438116.02987662156, 483023.51377947733, 533204.1485832025]
[532033.9542861654, 555478.3166606714, 610521.4514642113, 548595.7645607984, 476333.50147027505, 504340.2025998974, 588803.3203145715, 574553.3070696059, 533802.6540416376, 552735.8760058848, 450782.23929808615, 506622.49878289737, 463713.16859367647, 484728.21261965623, 483930.4343663392, 529259.9888139814, 526190.2964092649, 503672.27346901875, 506776.93420621345, 514536.38030621957, 482533.9780678841, 556953.3094011013, 610608.683972941, 533155.7309837427, 495167.05600322876, 462766.51870917407, 510924.5998903351, 551100.9815407323, 564325.3537784533, 430530.1178104828, 521899.7625933561, 487179.81014181377, 461522.6653117522, 493642.96050555195, 504578.42835639574, 607479.1058689746, 556904.1548379603, 459513.85217181157, 567096.6565120182, 412451.8632265586, 540902.2097403647, 526274.3826747241, 514551.48920780467, 500696.9154020302, 462325.03210535494, 433223.33306111506, 505579.21490824537, 427402.5796887578, 479195.7062699449, 526984.4284228083]
[512550.54238567007, 555478.3166606714, 597763.3500092406, 546902.5472350478, 464724.03440841986, 504340.2025998974, 578417.8050770309, 545420.7438348916, 521883.7712744797, 534548.7880000605, 449496.0825381074, 505016.17510173377, 451798.5739643861, 483676.3475217223, 483930.4343663392, 527824.0924609024, 519944.43223881547, 503672.27346901875, 485894.35936488525, 508254.0097573606, 481150.5109243806, 556953.3094011013, 606574.367989915, 532933.3417227671, 485850.35887055343, 461458.7652640327, 496204.7805509066, 515896.50041931635, 564325.3537784533, 427558.8944502485, 509178.25533548807, 482648.22358565684, 449294.58385512186, 487332.32247673563, 503121.2679869978, 592146.692642254, 549177.8247317635, 456080.5498315582, 562497.336983266, 412186.74906283227, 539990.1438394918, 526274.3826747241, 483889.6080784661, 497225.85033529217, 461511.72948218, 426835.5924564516, 497800.1947300681, 427402.5796887578, 467150.65790043277, 523562.11208293785]
[509262.1895157603, 555478.3166606714, 597763.3500092406, 544909.8909952199, 458007.55477564194, 501623.58878036885, 578417.8050770309, 545420.7438348916, 516368.7834674522, 533030.4067530374, 448966.66566316097, 489034.65183523, 451798.5739643861, 477420.1589112488, 483930.4343663392, 522840.16355868353, 519402.2143709073, 496470.1443136566, 485894.35936488525, 508254.0097573606, 477725.4849525242, 546645.6263391351, 602329.4729626222, 525517.2452183211, 485850.35887055343, 460324.4750390823, 491395.9151526943, 506065.4023440347, 548695.3860007867, 427484.4171719351, 496551.6939478129, 472428.07055556553, 437855.64284125355, 478677.9254202672, 502860.38690128084, 581845.2191794466, 529998.4399758994, 456080.5498315582, 543103.8533058742, 412186.74906283227, 536558.577274556, 516874.72099660104, 483889.6080784661, 497225.85033529217, 459947.24029396975, 426835.5924564516, 497800.1947300681, 422299.43454237713, 463343.39923752315, 523562.11208293785]
[496865.26325218054, 553778.5656157251, 596516.8782617475, 543258.9353698322, 458007.55477564194, 501623.58878036885, 578264.5634569352, 541827.0168948513, 514283.80967243045, 533030.4067530374, 448658.592973095, 489034.65183523, 451798.5739643861, 476313.96707849286, 478861.41727757466, 522840.16355868353, 519402.2143709073, 486291.33242527174, 483178.477853336, 508254.0097573606, 477725.4849525242, 546645.6263391351, 602329.4729626222, 517530.5344272809, 462810.07766954927, 460324.4750390823, 490855.55643889384, 504579.8576185054, 546455.2821639057, 427484.4171719351, 473442.6108847071, 465168.22456095164, 435604.83271390095, 477539.8151926283, 502860.38690128084, 561979.7477888903, 523636.56617001083, 452792.2487828311, 533641.3171896411, 408231.5575989815, 527978.7970162085, 516874.72099660104, 483710.1635005005, 497225.85033529217, 457931.9519468368, 426313.4757417372, 492178.25730809115, 421368.1073731608, 463343.39923752315, 513253.6230906829]
[475894.9743187592, 553778.5656157251, 585064.6925602251, 542641.4531476209, 458007.55477564194, 499107.475857802, 564556.2215405738, 536818.6834680329, 505701.79240587185, 526695.9079366736, 448658.592973095, 487672.5298112778, 451798.5739643861, 468515.8485379076, 473514.71750190237, 521671.2150204501, 519402.2143709073, 479207.6592799005, 481126.49716707633, 508254.0097573606, 469671.05408222676, 540762.6620390393, 601467.4678223857, 515822.903079138, 456519.8106514738, 456988.62681185675, 490855.55643889384, 500562.71090978954, 540176.5996135585, 427484.4171719351, 471354.4670971638, 459933.4807367634, 434157.8628655737, 477539.8151926283, 501678.909329889, 557499.7739822088, 520722.7392238256, 452792.2487828311, 523894.2864407462, 407136.9495557824, 527978.7970162085, 515450.84753146145, 483086.79310933984, 495505.5999415176, 453596.89981225657, 426313.4757417372, 492178.25730809115, 421368.1073731608, 462812.46484314685, 506329.86636176286]
[465978.12355466856, 538595.0260726634, 574424.0458699608, 539090.4129955436, 458007.55477564194, 488623.47648336925, 556199.0745345713, 534437.6874633643, 504330.1180449268, 517829.6066098295, 448658.592973095, 481235.4646545099, 449473.2074132849, 460984.35053017654, 473514.71750190237, 521671.2150204501, 519402.2143709073, 477854.27106700547, 479812.17421465245, 504504.454847971, 448772.51419991546, 533545.2187924993, 595893.8922544636, 515095.535819376, 456519.8106514738, 443990.62472658587, 474977.56409595814, 491191.55356037617, 540176.5996135585, 427484.4171719351, 465605.5565184949, 446308.3678977747, 426893.5613951046, 476612.50402593566, 497591.08583823906, 556638.0451336076, 514879.5361843513, 449789.339890655, 522381.194463584, 407136.9495557824, 524537.5603085797, 510046.89222172054, 478293.52719151054, 492984.7131221304, 449305.60300574946, 423760.3012224827, 491373.7740148329, 415023.085674757, 449333.2665791154, 505321.0287315931]
[465456.7118200781, 535589.2924877891, 570678.7535062287, 539090.4129955436, 431990.5338143959, 482873.8118761986, 529785.1146187367, 533014.444286541, 504330.1180449268, 508701.35873154615, 445039.81962016784, 475109.0446078976, 445224.1568752608, 460839.84365442407, 463598.353546697, 514356.5646998564, 509863.7406823231, 471031.19405838056, 476550.9676528222, 504504.34438910225, 448382.60075150186, 528915.9521190736, 593952.5342522069, 515095.535819376, 453126.79440419294, 431515.1831177298, 474977.56409595814, 479146.9648511697, 534094.5267220268, 420775.702500097, 465605.5565184949, 446133.17820700014, 426325.0189939346, 467456.4056262685, 496986.5614458397, 555505.349620802, 512090.69689961633, 449789.339890655, 514540.0758931328, 398406.5234293636, 522662.6331791755, 506096.51417842123, 476649.8500158723, 481211.6434996348, 444458.14768478676, 409815.08195707726, 489910.07699459215, 415023.085674757, 447908.12960995233, 505321.0287315931]
[460092.40516321687, 527376.9235041656, 564556.9018576897, 532274.3869279278, 431990.5338143959, 480724.74761376885, 529785.1146187367, 524508.0352433654, 497466.9726355694, 504156.97599520936, 442991.69542567385, 472625.22531748994, 444656.92939293897, 459326.2209601812, 461312.3678098036, 504931.02318587835, 482780.46717536973, 466436.9030535227, 465391.65715695295, 504504.34438910225, 441774.16100988473, 526399.0888794418, 588105.2800138837, 515095.535819376, 451239.31229904, 427668.6462617592, 472045.2356196862, 472771.4459499838, 533016.2057006869, 420365.20907328575, 465219.1702661725, 446133.17820700014, 420380.2727584966, 466378.145760349, 494942.70171704947, 543854.9828553514, 509447.0652040761, 448410.1602616309, 511513.20347455423, 398099.99673172145, 521941.50505667005, 506096.51417842123, 475178.6924534403, 477212.4452027146, 435727.0963053773, 402189.11050139356, 486219.63127716247, 399986.63468302664, 437514.9795951957, 502897.80942984356]
[460092.40516321687, 527376.9235041656, 554311.4819267498, 515670.26129220874, 431990.5338143959, 476701.63810412557, 529785.1146187367, 524508.0352433654, 484982.11900191323, 499192.91035275505, 438889.77226029884, 465364.12800333585, 444316.8240005785, 459326.2209601812, 461160.7343138573, 501425.0311543544, 482294.2634699118, 466436.9030535227, 447659.2214848183, 501697.3811608891, 437306.12505388417, 513254.88125309657, 567468.0986662905, 514888.72323803464, 442707.8160449817, 415657.2163462937, 468208.5927036047, 469629.8199635135, 524950.7334627926, 419116.1543721077, 452320.1488079911, 441277.82454881666, 412970.82997410523, 462237.0604409138, 490725.4164561046, 543854.9828553514, 506308.37829310977, 446941.0918721688, 505044.9840591893, 398099.99673172145, 516813.5665402367, 501434.6223644513, 475178.6924534403, 473024.09139735793, 432140.9702510222, 396559.05793887237, 478121.35429129226, 397549.550895356, 436901.4620136182, 497015.50721235777]
[458166.97077192506, 527376.9235041656, 552726.0109309487, 513677.29877948435, 431990.5338143959, 471778.05746319704, 515519.9264337251, 512192.8669168463, 473729.2043113133, 498331.1020925897, 436670.08265594364, 454695.79634193674, 434493.1088566521, 459326.2209601812, 459461.15705612703, 501425.0311543544, 482294.2634699118, 465434.4244972393, 447659.2214848183, 500363.76109149744, 429607.33618590224, 512554.4473846721, 562266.76695947, 514888.72323803464, 442707.8160449817, 409784.69199007156, 464872.88993324863, 467491.4184959771, 521484.57423106005, 412975.35061213904, 452320.1488079911, 441277.82454881666, 406522.96347031853, 449334.3912022206, 490725.4164561046, 536971.0668091725, 504354.6129614731, 446338.23299806553, 499093.3836829288, 398099.99673172145, 514038.98109255015, 501434.6223644513, 469177.88875620114, 473024.09139735793, 421945.15836299676, 395005.50212709454, 478121.35429129226, 393025.4323579937, 431621.85029516026, 492595.35587834043]
[452043.4331036821, 517435.51646428567, 551492.9699835184, 501073.7061638188, 431990.5338143959, 466099.060998452, 515519.9264337251, 512064.2879126358, 467702.6166348372, 498331.1020925897, 436670.08265594364, 448903.17162982, 434493.1088566521, 452378.0004391631, 459461.15705612703, 497705.31497287506, 482294.2634699118, 456751.9484172835, 445633.27635709883, 496570.56062516494, 429607.33618590224, 505237.98139415577, 560350.3526601633, 509025.7483989972, 439005.99652053014, 409784.69199007156, 457914.79860303074, 463720.38477838493, 513119.83812674193, 412975.35061213904, 444432.9605941117, 440280.7427647164, 404925.8363969998, 439167.2687595005, 490725.4164561046, 536971.0668091725, 503762.1319531949, 446338.23299806553, 493169.1661419246, 397240.84147195704, 511536.11537003156, 501434.6223644513, 468604.26569085754, 468669.11601761554, 411842.89671123814, 394186.4752427966, 465560.00456451514, 393025.4323579937, 416699.341420613, 490815.61679645034]
[452043.4331036821, 516887.76374960487, 547370.4654629371, 483361.36246374657, 431990.5338143959, 466099.060998452, 509522.9492859634, 512064.2879126358, 454906.7130838909, 496084.2200625936, 431311.0953146885, 441674.98915362265, 432702.85505916877, 445480.7724954646, 440804.9723143807, 497705.31497287506, 475011.38537519565, 453785.9863285882, 444697.54133607337, 494128.58280906937, 424055.6998205769, 487926.9014984461, 557497.7675167319, 499415.83120164974, 433600.2755561769, 407029.255145132, 435546.5943985057, 463720.38477838493, 513119.83812674193, 404557.2467171702, 444432.9605941117, 440280.7427647164, 402405.35055819905, 432643.1131643787, 488568.515781991, 529982.9099404096, 503762.1319531949, 432781.25520523835, 489222.1597194541, 393167.12369163247, 501259.5086584, 497799.1923051169, 457106.32817328424, 457747.57353272615, 410555.8959505225, 394186.4752427966, 461431.04229679005, 393025.4323579937, 410006.9134664292, 485078.3134832739]
[449259.5615806334, 509388.07289760903, 547017.8397904168, 479262.3615066862, 430566.561298796, 463574.5635697652, 502868.3778716624, 499074.4855878937, 444836.80505674996, 489711.2184017716, 431311.0953146885, 438226.25569038914, 429479.10555215116, 445480.7724954646, 440804.9723143807, 494732.5915080279, 464387.3465556869, 453785.9863285882, 437798.0886242008, 494128.58280906937, 421205.1999410254, 487926.9014984461, 547904.6114590901, 497636.1207114797, 426832.0630285482, 404259.14302419923, 435546.5943985057, 460634.4428364192, 513119.83812674193, 404557.2467171702, 427435.5596627163, 436341.2946644755, 398540.74546538433, 419798.648841574, 474612.2548328272, 519398.6140230084, 503762.1319531949, 432781.25520523835, 478476.7887347454, 391692.2682126407, 498511.6850080434, 493410.9126920473, 438590.2625689868, 457747.57353272615, 410555.8959505225, 385985.42635112465, 457190.51470713364, 390838.8618434594, 410006.9134664292, 481660.99182912253]
[447673.6880320742, 503585.26526859944, 546603.9454074593, 479262.3615066862, 418782.6334255584, 461362.851942859, 502868.3778716624, 493178.2332160134, 441617.6958451631, 469793.7924880848, 431311.0953146885, 436291.7362215592, 429479.10555215116, 444084.52589108126, 437347.34992132743, 487940.8520458817, 464047.5169173561, 452780.440356912, 433968.837917168, 475804.7512844071, 420147.7979389105, 483650.7781583529, 547904.6114590901, 490843.8978370863, 422808.67025420116, 404158.26758179045, 431926.184797466, 460583.6267984418, 510864.29238316865, 400828.3628989163, 425870.3007592317, 433673.6056383549, 398540.74546538433, 419798.648841574, 471577.1270840267, 519398.6140230084, 501958.0887216205, 419153.73959766474, 476861.78973706346, 390580.8673525044, 471941.6234599973, 493410.9126920473, 436511.61834867473, 453276.23762372835, 409473.40968238655, 376669.41369961767, 457190.51470713364, 388217.28790829924, 409085.58958103176, 455560.37595274503]
[447673.6880320742, 492219.96003393596, 546603.9454074593, 467983.3364374419, 411361.4442258765, 456719.4060229088, 502868.3778716624, 483347.6228502082, 433643.2930397681, 435963.7155848883, 429502.20278433274, 436291.7362215592, 428371.81759860803, 431606.5348981394, 437347.34992132743, 486748.21059815335, 460158.8364477954, 448749.4646122068, 427119.16972765094, 473251.39636236476, 414214.89006933314, 479114.9870544962, 541954.4365691211, 487075.1641605928, 422808.67025420116, 402520.7057860474, 424327.14203114423, 456516.99627178785, 510864.29238316865, 396031.2215454716, 414886.9501490533, 426226.2055593749, 395110.8915311403, 419798.648841574, 466472.4526313821, 519398.6140230084, 501958.0887216205, 415032.03862423316, 473783.5800892607, 390435.45863787027, 471941.6234599973, 474022.66402179253, 434021.4577114079, 448287.31162685, 409266.2014120595, 369499.2196260983, 443301.01586679707, 378545.9815980669, 406429.1252549655, 453871.49335238535]
[431362.17990282906, 482226.0781141458, 546603.9454074593, 457949.60185075627, 410737.0675035549, 440498.4330414611, 502868.3778716624, 456749.75022568414, 432555.0928051317, 431601.88998185593, 420921.88810289063, 431463.6905968832, 425559.92377217097, 428347.68789380416, 425619.6099523674, 479329.77003668214, 452132.2488022846, 448230.2700882354, 423231.96419037005, 467404.4666119817, 413954.37761023163, 474323.5870320037, 541954.4365691211, 474755.094676794, 417143.4281868564, 400906.60885287635, 424327.14203114423, 454311.33896299236, 510864.29238316865, 394163.3962043786, 407717.732715391, 424655.9361299893, 395110.8915311403, 419798.648841574, 462987.871805437, 511761.46515869285, 501958.0887216205, 415032.03862423316, 473783.5800892607, 390015.86431181245, 463563.36271491705, 464615.3732826112, 426821.590201429, 444492.72757536185, 409266.2014120595, 367682.53302425775, 437193.1152821927, 378009.5683541461, 402905.51421606325, 451500.62581512425]
[428663.97821984784, 479523.6149385485, 540293.2785782771, 441510.74299005576, 404793.13343958126, 440498.4330414611, 499233.578931539, 456749.75022568414, 426928.05339146004, 427909.25983829424, 416893.51759181434, 431463.6905968832, 419750.1293169871, 428347.68789380416, 424706.2004664793, 477456.1742865707, 452132.2488022846, 447771.71297986, 421783.79433382023, 467404.4666119817, 413782.47891740286, 468771.6312688696, 541655.8891199587, 466016.78287128266, 417143.4281868564, 400906.60885287635, 412331.1713008427, 439252.14908626844, 507491.99642857694, 394163.3962043786, 405377.8614650363, 420614.4312949173, 393090.95716634137, 417330.9563836176, 462987.871805437, 510238.41589802376, 496102.35349334544, 411320.749309572, 470910.1261889458, 375490.0922331561, 463563.36271491705, 444891.9556114393, 424229.30151808134, 444492.72757536185, 402346.7104398428, 364988.48397970246, 433588.15628000617, 376503.3797863758, 391214.7383339124, 450074.04048772296]
[413025.86465191684, 476669.80572431925, 540293.2785782771, 426406.1483221461, 395475.2870558711, 434051.41403447033, 488932.2720395181, 456749.75022568414, 420111.7744660019, 427759.4816979029, 410680.0747159578, 426040.1903679584, 419306.9038782632, 421727.1167278666, 421006.56235669926, 458643.24321457243, 446394.0414511147, 447771.71297986, 421783.79433382023, 461445.035144554, 409697.3916300948, 463399.4176458494, 541426.4019168119, 444564.8674448315, 416619.272420115, 399021.12464828027, 412271.68242147594, 436630.9684397985, 506414.5935978241, 394163.3962043786, 405377.8614650363, 411859.4290337904, 392118.3813382458, 417330.9563836176, 462987.871805437, 502407.80888479773, 495610.018532066, 408946.6122832864, 464163.70569030894, 375126.78861461044, 463563.36271491705, 441778.72142969945, 411990.22039471625, 442120.5908816749, 402346.7104398428, 352344.85311025515, 427629.4250143974, 372151.7863591768, 389289.39985977794, 448204.09107469686]
[410087.7375792207, 476669.80572431925, 540293.2785782771, 426406.1483221461, 392980.6261569242, 422139.5974930812, 486777.29484347487, 456284.7451032784, 420111.7744660019, 425222.2926210963, 406138.66326844523, 419540.7544030285, 416549.637094779, 421602.07168187166, 416372.843910853, 454137.5245779453, 436280.7060460766, 444355.3728146389, 418334.04359060805, 461445.035144554, 395054.29629110434, 463399.4176458494, 521096.966970797, 443345.6571905761, 416619.272420115, 392807.7982662256, 412271.68242147594, 434648.1332731138, 503211.79067649675, 387465.01522713545, 398725.3687587936, 401312.1859223067, 392118.3813382458, 417330.9563836176, 459889.7170489124, 496000.41905097093, 488368.9231415444, 400809.84496244567, 463108.12166949455, 375126.78861461044, 463563.36271491705, 438993.36417921603, 408752.00832235045, 441596.28654257255, 402346.7104398428, 349715.42427842034, 423089.08212992176, 369725.85772063606, 388812.63986623555, 448204.09107469686]
[405238.7191868125, 470349.0190272917, 540293.2785782771, 424619.68232711934, 392980.6261569242, 418635.24825673056, 485649.4773250938, 445767.999101729, 410352.63434369647, 425222.2926210963, 394243.9237046403, 415268.3440983707, 410444.89521046006, 421064.3013017539, 416372.843910853, 451643.34235606267, 434579.078865611, 440812.09838525933, 411044.3635992079, 460061.7345863851, 393346.9062072014, 458406.5694491264, 506088.8618231639, 433449.46544196113, 412405.54755164066, 392807.7982662256, 410810.73485764134, 425187.25458561676, 491968.12834117084, 378019.82041093067, 395251.70782598236, 396325.6836505395, 382163.0076788121, 414271.68360433547, 459889.7170489124, 492344.35678131646, 488368.9231415444, 398904.4157509643, 463108.12166949455, 365528.5731626127, 457761.82246702537, 435495.930072338, 400829.33006301, 428505.158705742, 395768.5599805525, 345511.4987969596, 423089.08212992176, 369725.85772063606, 388812.63986623555, 445078.0763787166]
[397031.1972261323, 465424.98883972876, 532784.3243217154, 424222.0053579255, 381152.49758269324, 408844.7992917897, 482097.4715037228, 440487.0075657768, 406215.8095927367, 419919.01926588145, 387480.98680843925, 415268.3440983707, 410444.89521046006, 413206.4181307463, 416372.843910853, 441734.71912273037, 433546.93983116775, 438753.40609904705, 406134.8468534408, 448198.6900227531, 391929.4468719171, 456014.6050530253, 502555.51500422275, 433449.46544196113, 380204.3668083436, 390525.2978914942, 410810.73485764134, 417012.67459135666, 485894.1561429547, 373428.03919841547, 390884.55785646057, 387824.27323969704, 381213.3651963704, 413348.15912655497, 455565.624647324, 492344.35678131646, 488368.9231415444, 394883.37342532224, 447575.07648313075, 362149.5039189791, 457761.82246702537, 427106.14954264666, 400829.33006301, 428505.158705742, 379858.7428038764, 345511.4987969596, 419629.4536941933, 358966.6261321281, 386099.98675696476, 437830.722796889]
[396951.88474454574, 465424.98883972876, 530926.4566928822, 424222.0053579255, 370495.3847548422, 404425.4183563739, 482097.4715037228, 434979.08009849023, 406215.8095927367, 415701.09102108685, 377267.58557515976, 414741.2314568035, 408695.4565129075, 410580.8964603891, 414409.5229040976, 439919.9551521045, 431927.11494564795, 437768.71431431297, 405457.0875201778, 448198.6900227531, 391929.4468719171, 456014.6050530253, 495384.2686786187, 432531.44220981386, 380204.3668083436, 390000.62064423214, 410285.8296923327, 414004.51521940826, 481078.6303301446, 371639.84103890526, 385374.5315418239, 387824.27323969704, 379659.0482174541, 413348.15912655497, 448822.8248255195, 486687.28047348716, 479817.5167339286, 389335.4903589769, 441341.58064925193, 362149.5039189791, 457761.82246702537, 423195.9710742695, 400829.33006301, 428288.47931588814, 373782.9816560396, 345511.4987969596, 417231.1084280332, 358134.7604834417, 385384.7907246431, 425887.11234945524]
[396951.88474454574, 456110.34890075977, 523537.0041961017, 423195.8838073664, 364703.11576201324, 404425.4183563739, 472923.63184951583, 431525.1492307183, 404237.45983777294, 415701.09102108685, 374397.0625555805, 408684.8263955329, 408695.4565129075, 407156.05832224654, 412179.1333195866, 436734.9191264155, 427260.2397277551, 437768.71431431297, 405457.0875201778, 447407.19368953723, 391626.2909738338, 454988.8363154944, 495384.2686786187, 429681.27213470626, 374885.4184585896, 390000.62064423214, 408810.2013253121, 412314.1729694075, 481078.6303301446, 369692.2465085083, 385374.5315418239, 385505.8510868753, 370207.77441725857, 413348.15912655497, 448484.2467641459, 486687.28047348716, 478340.0399826317, 384609.76229533704, 427171.2573829233, 349957.8946631774, 449102.80521083734, 423195.9710742695, 400829.33006301, 428178.8778968636, 370295.0535126353, 345511.4987969596, 415064.52253371256, 358134.7604834417, 385177.4245835228, 421925.24276438105]
[396951.88474454574, 456110.34890075977, 505935.76652498625, 414982.2550411605, 362866.1025204349, 404425.4183563739, 472923.63184951583, 431525.1492307183, 404237.45983777294, 414294.05202058924, 374397.0625555805, 403829.6257856351, 399179.9469730969, 387567.24427919625, 407489.5395386721, 429543.43343249476, 409356.61667095183, 435406.61012930813, 403131.3666656073, 442574.6425941659, 382068.7899224345, 453284.51210460917, 495342.2861033868, 427314.18811433483, 364122.83223631844, 389312.7388104293, 408810.2013253121, 412314.1729694075, 479217.9497710446, 369692.2465085083, 385374.5315418239, 381553.31156501855, 350022.98235080496, 413235.62100361707, 442832.7074283431, 483020.6620675751, 468915.1855454525, 378604.10020230146, 427171.2573829233, 346266.5985994711, 445552.37097881304, 423195.9710742695, 399494.0846960289, 422783.79129265883, 370295.0535126353, 343535.19856359717, 410133.4140935902, 358020.05812277587, 385117.3155161793, 412788.958147054]
[392195.38366954785, 454257.8133227394, 500441.54586272605, 408621.23916424083, 361831.9324770869, 403899.242939046, 472923.63184951583, 420497.69110087893, 402932.81977378076, 404836.5033576155, 365273.8387884142, 399038.61410546966, 398976.60318156134, 380471.0136341845, 405299.34037625894, 420928.81486724166, 409356.61667095183, 431573.2096454026, 399311.8032491313, 431433.51082947024, 382068.7899224345, 429089.5353172729, 492146.5399980641, 426262.6785728558, 362758.6843694026, 385905.75406004913, 395022.27628540946, 411171.2190942584, 478841.99927788804, 361703.5457914149, 376171.9835450781, 373001.3937307509, 349001.00159117486, 411888.40766035824, 439450.67668908014, 478600.41593351203, 467707.7473300807, 378604.10020230146, 426733.38483704196, 345857.5770976576, 440507.74848969403, 420042.64708981, 399219.55570474616, 413121.00989905547, 368398.887223693, 343535.19856359717, 409644.1539318253, 355325.8421546449, 379456.3662000702, 406446.54690370994]
[392195.38366954785, 454257.8133227394, 498383.22868024494, 408621.23916424083, 361584.4774757476, 397346.78755731013, 471966.2753767062, 417836.71577219974, 402932.81977378076, 404360.1394928222, 363579.2388451294, 392790.8374572395, 384329.19693220593, 380471.0136341845, 402298.4721330097, 416111.4786730531, 408156.9762253532, 431573.2096454026, 399311.8032491313, 427544.8434213681, 380233.08573306084, 423936.16195972665, 483583.8406293259, 426143.1107022227, 362758.6843694026, 383005.39351884037, 394664.1978770119, 404113.8691332485, 468984.42095549207, 361151.5349534338, 373844.86874635704, 373001.3937307509, 347513.04398692, 408820.7351431071, 438324.23370441096, 478600.41593351203, 465804.584048736, 378438.3477502458, 418805.67062874156, 345857.5770976576, 433368.0931776318, 412523.8541763887, 399219.55570474616, 410381.16244504176, 368398.887223693, 343535.19856359717, 392373.12700654136, 355325.8421546449, 368802.5964479932, 405840.86805743206]
[392195.38366954785, 451335.345218107, 491840.9401321006, 408621.23916424083, 359323.16103862546, 387394.9435829349, 465494.4122868225, 414017.39479613455, 402932.81977378076, 398035.1960467155, 363218.86997059465, 389065.39690068003, 384329.19693220593, 378335.85537859367, 395610.0222789341, 414964.76856622664, 405578.26144275535, 431459.57157971215, 397288.4257206635, 423523.05176084023, 380233.08573306084, 423818.97284385253, 482556.58627515344, 418187.11108759977, 360084.09811834974, 378111.30469682487, 392772.0129792389, 402622.3719006081, 451963.6566826706, 361151.5349534338, 369099.1397345417, 373001.3937307509, 339701.1206924908, 408137.79610156605, 438324.23370441096, 478070.66172462126, 458721.45727629296, 372804.8888242914, 418628.07225365954, 341880.2935338115, 426038.8986325533, 398982.5968060803, 398739.3514442375, 407690.1258703097, 363804.90183786384, 342307.61878864875, 391073.898510563, 351617.02484005934, 367548.3324701894, 405750.83383135253]
[385155.99554624263, 440084.3850501271, 483820.1649091457, 404001.7387181719, 352494.47585535696, 381489.1934726856, 460164.40297513304, 409562.8733708918, 402932.81977378076, 396336.51754037786, 355440.5128190253, 389065.39690068003, 381549.2484338548, 378335.85537859367, 389880.59370918834, 409945.9176176804, 401263.83577678364, 415451.4596839453, 397288.4257206635, 420584.48239206534, 369479.10498302296, 421398.0535999274, 482556.58627515344, 417089.2636702496, 360084.09811834974, 373856.60424454184, 392164.82570097805, 402568.236348307, 448040.4273497301, 354155.620733479, 364427.48048251617, 373001.3937307509, 337910.34593831503, 386962.00323389075, 431312.6420728674, 477097.3664019677, 455796.4285473676, 372320.5585268686, 417513.2321631575, 339891.7639191818, 426038.8986325533, 398982.5968060803, 393865.761557595, 407690.1258703097, 354085.69852609385, 333641.1452991591, 391073.898510563, 351617.02484005934, 351852.3140284355, 403358.4342312695]
[385146.20048983756, 440084.3850501271, 483820.1649091457, 404001.7387181719, 352494.47585535696, 375501.7356223726, 452797.1853426198, 407479.7479725865, 395804.15817351313, 392407.06107777153, 352168.6396259821, 389065.39690068003, 381549.2484338548, 377295.83480950206, 381936.50612834794, 405776.9624267405, 401263.83577678364, 414436.69136439415, 394633.59745638823, 420584.48239206534, 365750.0787001602, 421398.0535999274, 479769.1238323624, 412528.322621927, 350993.1937508574, 373856.60424454184, 383250.81285279256, 401122.9280756714, 445203.260342599, 350675.6731129961, 364427.48048251617, 373001.3937307509, 336628.07198512845, 378394.8817405396, 424717.4028326122, 477053.6067132719, 446124.2462259898, 369011.20154016925, 414016.38324063073, 321338.48690557946, 425656.9484238364, 398982.5968060803, 393865.761557595, 404479.8895863312, 354085.69852609385, 332677.5701062327, 390891.8673497575, 351617.02484005934, 348296.25556545943, 399744.33636673546]
[384287.55979462794, 440060.5418443895, 482874.3371232728, 401236.3245493993, 352494.47585535696, 369734.4426614426, 446622.3320637281, 404438.4572069071, 390067.1508190453, 389291.02447840694, 352168.6396259821, 387436.31627070764, 380971.3973588195, 373139.51318740944, 374595.71789890545, 405776.9624267405, 390673.7862038006, 414436.69136439415, 393709.3005065015, 410390.98804815055, 359892.26348563645, 417339.371521509, 473816.026315383, 412453.9531429856, 341485.0926766475, 360295.0230955587, 382918.5545108336, 396889.75550834823, 445203.260342599, 348619.2975942873, 356233.46030452446, 372469.0279173349, 336628.07198512845, 373950.4201441154, 423046.2714361671, 477053.6067132719, 444418.23665787803, 369011.20154016925, 400365.35186091514, 318143.62731706107, 419224.56184971385, 398982.5968060803, 393865.761557595, 398565.79976501246, 352628.2540790809, 326988.3612005374, 390891.8673497575, 350030.5451295733, 337037.93837907974, 399744.33636673546]
[384287.55979462794, 437106.33161267126, 479543.0711486089, 393613.7067615537, 352494.47585535696, 369734.4426614426, 445515.07714713307, 404438.4572069071, 385587.07873544266, 389291.02447840694, 350013.1741826721, 385016.5636404446, 379140.4373871214, 371562.5480449278, 372541.06545313785, 394209.33348406863, 386132.6503346929, 413365.5124803662, 390395.56537596823, 410219.2872096448, 358832.98830543895, 414670.87038041925, 468782.62766566966, 409094.3845138884, 341485.0926766475, 347510.2977185288, 382918.5545108336, 395806.2834789915, 445145.82714258524, 348619.2975942873, 356233.46030452446, 372469.0279173349, 331872.8624497105, 370200.7705914889, 422446.20726039726, 475906.2928805342, 444418.23665787803, 365617.37930380285, 399249.8043215579, 318143.62731706107, 419224.56184971385, 397516.48508170375, 387701.6073405301, 394548.8731800922, 349741.0884352374, 325381.9932468203, 390182.91350107425, 345030.705953176, 333006.2408282211, 399419.36850660003]
[384076.5667816944, 428455.81692148314, 475114.5468679235, 393613.7067615537, 348627.7101420965, 365686.7045283687, 442555.34740118234, 404438.4572069071, 383536.3016456483, 387367.11185996066, 347265.95861797046, 384727.2091237468, 374173.9969683633, 368048.86198083765, 371928.01302925125, 386126.64953502396, 380810.92497884866, 403080.2513359386, 389787.8590987125, 408911.98351783433, 355424.0474164728, 414164.09300189035, 467532.45737008087, 407148.20654519374, 341485.0926766475, 331934.8412915137, 382918.5545108336, 393961.22866635397, 436864.121360116, 343150.59623757785, 350180.9250032886, 367530.87581410503, 331872.8624497105, 370198.339263442, 419922.80141370615, 466496.270543839, 444418.23665787803, 365617.37930380285, 399249.8043215579, 312308.7670837954, 413088.7299816196, 397516.48508170375, 384949.54618446913, 394548.8731800922, 348939.690640899, 325340.6226151219, 390182.91350107425, 343663.0246865031, 332710.7749874846, 398048.6429828583]
[377160.32608057454, 428455.81692148314, 463198.1800139065, 383677.4945610893, 348627.7101420965, 365686.7045283687, 434682.69709933735, 404438.4572069071, 383536.3016456483, 386522.4124654559, 342780.3301000352, 383442.33132250543, 374173.9969683633, 367382.3403423157, 371006.4687525739, 383144.4173496765, 376467.5348508213, 390947.2204783039, 389671.7597401096, 401405.6836373332, 351220.4324949867, 411605.73208032304, 463695.5134130471, 405112.2404124062, 335255.2035272014, 326227.33382128587, 374133.96079941705, 390464.9219009717, 436864.121360116, 337928.19527235563, 350180.9250032886, 367530.87581410503, 325718.35322420584, 357223.20262034703, 418050.2208996472, 459128.67398951703, 438984.75314704125, 356520.01110271306, 397365.00852599053, 312308.7670837954, 413088.7299816196, 397018.0338214916, 384949.54618446913, 386643.99924614286, 348070.8325177798, 325340.6226151219, 386981.095582649, 343663.0246865031, 326107.68793643126, 397893.80828152713]
[376234.8049518808, 424157.5735416024, 463198.1800139065, 382675.3232577648, 347591.1599104904, 365686.7045283687, 432818.4606002184, 404438.4572069071, 383536.3016456483, 386522.4124654559, 341214.63861154206, 383442.33132250543, 373667.7664853049, 362345.8650807181, 356690.45151246653, 378367.5952541858, 374755.20194883033, 390947.2204783039, 387345.58877970366, 397340.14621555794, 341690.7452128484, 411605.73208032304, 463695.5134130471, 402361.8343665118, 334367.8799647127, 326227.33382128587, 374133.96079941705, 381913.41305154463, 431250.687258726, 337823.0116978081, 345882.20796701254, 367530.87581410503, 324649.0053650885, 357223.20262034703, 401166.3501201162, 457709.45226471324, 438216.5169984453, 353244.3852710059, 397365.00852599053, 301655.09268979135, 413088.7299816196, 388814.7207612654, 384433.2850447858, 372523.35578322713, 344885.64336500433, 317669.52942108025, 385703.49338811374, 342336.45540592435, 316287.33615264634, 394965.680640667]
[376234.8049518808, 423754.5786499108, 454206.2788628797, 382675.3232577648, 347406.8463611254, 365372.5711224877, 432818.4606002184, 404438.4572069071, 380088.1281530258, 385522.0508583426, 341214.63861154206, 383437.0344766005, 365849.93374108477, 359717.24762857397, 356690.45151246653, 374556.1703768602, 371758.456441423, 388449.3935602141, 384015.9446405319, 397310.64528523834, 341690.7452128484, 408308.25815248, 447246.03754011355, 398795.2014995718, 327716.9903441692, 326227.33382128587, 374133.96079941705, 381383.9345526806, 427972.91352746973, 336845.56720845925, 345882.20796701254, 366104.05941664235, 322614.011274557, 353713.75287663244, 377562.5295391547, 453008.63185780466, 423891.9350083925, 339600.3037170593, 390163.9272725315, 301205.05055287865, 410605.1661822396, 388814.7207612654, 383041.5746351542, 368618.0358650276, 338043.10046746256, 317669.52942108025, 375468.51618957176, 340774.82964761055, 314962.77558556834, 393799.431826531]
[374057.2159537805, 410443.4556308749, 454206.2788628797, 378559.0299264022, 341938.40419596236, 364493.571590099, 422560.5025394057, 404438.4572069071, 377117.20994254487, 383731.6951394471, 338229.00462663634, 373955.14164006244, 364171.717315477, 359717.24762857397, 354057.31487910217, 365227.1638899318, 369676.44803585805, 384034.6128077437, 380548.1121811042, 394625.1468106032, 341690.7452128484, 394719.57735886326, 447246.03754011355, 398795.2014995718, 326435.9524029832, 325569.2073808064, 363848.29212012584, 377773.2254371977, 427972.91352746973, 327273.5316997847, 342663.7390279522, 359707.8529455663, 322614.011274557, 352121.4473959122, 370274.34764928353, 440145.35130386706, 418404.8173410571, 339600.3037170593, 388201.1914532905, 295685.69944101514, 409641.43297923566, 387922.8272044944, 376823.0076101094, 363338.001646054, 333357.4794889532, 317669.52942108025, 373529.05068918515, 340774.82964761055, 309640.8818450444, 385056.6063691579]
[372303.31981928094, 404297.4238126501, 443401.40271717415, 378559.0299264022, 339891.88312212983, 359096.75363286573, 417646.45385179773, 398367.75052391924, 372520.72870331985, 383731.6951394471, 333844.5670680067, 373955.14164006244, 363019.29954101297, 354159.7314570015, 350024.53878941544, 365227.1638899318, 366365.3818221793, 382315.3611909491, 380548.1121811042, 394625.1468106032, 337021.25162477687, 394719.57735886326, 447115.5141637785, 397076.1763491918, 320350.6443179097, 325569.2073808064, 359009.09147366567, 377773.2254371977, 426625.0817713436, 326947.6467107387, 331103.1522508637, 359707.8529455663, 321808.0485160561, 351060.6755051258, 369365.41105254984, 435964.459422471, 418404.8173410571, 339061.22003190976, 387186.3613926469, 295685.69944101514, 409641.43297923566, 387922.8272044944, 376823.0076101094, 349873.3264508108, 332584.9696267605, 317152.1288458567, 373529.05068918515, 329490.9933235408, 309640.8818450444, 384512.3576455618]
[372303.31981928094, 399837.2471067689, 436842.5792426729, 378443.1516317733, 331323.4718957422, 354627.5192426099, 409915.52243097266, 396517.50806102983, 366880.98898257274, 380807.58421969233, 326921.8511253386, 364774.83592509176, 357105.47491276235, 349349.76184745005, 348930.7820581614, 350108.4074533003, 366365.3818221793, 381252.5658782492, 377716.83635849267, 391948.9069215269, 336761.8656958386, 394362.495615243, 440291.22058759147, 395290.2048195508, 319144.3253696898, 325569.2073808064, 353807.5291727631, 376912.30227838916, 415583.0351687235, 326947.6467107387, 316811.6210551156, 358775.9469432324, 319306.28840636485, 350724.20841988456, 369035.4704502009, 431669.0479156979, 413332.21766223846, 339061.22003190976, 381411.624998209, 290659.4921818682, 409641.43297923566, 387044.0485864115, 370858.8675517173, 347711.2099216494, 326864.0919475143, 316836.88508947066, 373529.05068918515, 329289.9481721937, 306595.95916070655, 377473.0725986626]
[368162.8859305532, 399837.2471067689, 433560.16867877747, 374106.73009306315, 327315.40477712033, 351662.1832117232, 402827.524827015, 391170.31687875744, 359460.5532571819, 374036.42229161895, 326921.8511253386, 356708.3924585058, 352364.72136977373, 348935.4660651084, 348781.77839129494, 350108.4074533003, 363620.10727938474, 368065.3040530954, 374770.9172186762, 389731.2395350043, 336761.8656958386, 394362.495615243, 438039.543674081, 387861.47235780867, 319050.35856484517, 322378.1295974822, 350020.04903174366, 360540.12195222685, 411577.5523813587, 316454.26452383987, 316022.7513919074, 358775.9469432324, 312893.5307585669, 345754.8201913737, 366738.4140575543, 425826.97018490377, 411555.39533530595, 337014.0095772565, 367702.1845896559, 290659.4921818682, 403452.7720143694, 382135.2002780227, 369653.2433391429, 338083.71623325243, 326864.0919475143, 316374.1900420037, 364987.4895365058, 320845.66588860715, 306595.95916070655, 373946.62798965303]
[355822.0861699713, 386692.5068833453, 432580.5496136289, 370446.38245106844, 324765.6603546397, 333571.7722790121, 402827.524827015, 390079.8662288332, 358615.0941301893, 371887.43724722974, 326921.8511253386, 345174.3719312569, 352364.72136977373, 348935.4660651084, 346082.0116428202, 346042.53822379117, 347840.79668305564, 368065.3040530954, 369642.4019525834, 389731.2395350043, 332068.4593487158, 389342.6687752385, 428232.71523239615, 385521.96055102575, 315818.0268609834, 315043.9299826132, 346297.07526668615, 357248.2805281995, 402463.2820776932, 313260.90943262103, 316022.7513919074, 355708.74141827703, 303544.4503278573, 344305.42070118396, 362271.0401888768, 417825.0586311159, 408193.80643364607, 333677.2460749906, 354476.45651438856, 290659.4921818682, 402157.4948357447, 381617.5390576738, 369267.18075170356, 338083.71623325243, 326864.0919475143, 312591.54215489724, 363113.7865654257, 309643.97852946515, 299790.3230280973, 373946.62798965303]
[352715.33619745995, 386692.5068833453, 432580.5496136289, 370446.38245106844, 316999.530480778, 332269.96165595285, 402582.2404966456, 390079.8662288332, 349463.74603075633, 371887.43724722974, 312472.73298800335, 342333.61408787913, 347232.4974576798, 347021.53376654256, 346009.2866504748, 339050.23166900186, 346173.5732828922, 367537.12330760615, 366834.8684431416, 389731.2395350043, 325545.862204488, 387092.45102966356, 428232.71523239615, 380612.4713077362, 311777.1949238568, 312925.0174758396, 345472.0171497257, 349608.5759593046, 398808.5298099568, 310901.14924906363, 315428.5625767048, 340933.06827162614, 302286.84308062145, 341449.86569750635, 356651.2656761436, 417825.0586311159, 406126.74398089474, 331500.29208074335, 348461.4359638352, 288862.16518694354, 393752.5968801287, 381436.95640988636, 365559.6919443866, 335477.00305918703, 320522.72861923586, 309801.4217111006, 353666.11884173314, 306093.2396282252, 299417.22965284233, 365146.64151745255]
[349532.44838162523, 380209.5523186087, 432580.5496136289, 369227.93005627615, 314644.76760188525, 332269.96165595285, 398178.6624562675, 390079.8662288332, 349198.386353593, 371744.2172848238, 311219.829331351, 340565.4036208085, 346389.0894946464, 344579.45286390965, 343121.0141244771, 338721.5145106906, 345462.17507595354, 366972.38957677386, 361443.91030148824, 375896.89952072693, 322401.12970014825, 385735.1108030533, 425790.40721020056, 374072.53005022294, 307145.95269030915, 312925.0174758396, 345335.54834324593, 346993.97459397727, 395359.95260110794, 310901.14924906363, 315271.50956070813, 339201.41512841696, 299933.37991808925, 339804.84600783075, 353287.2676036665, 393768.93866494024, 380357.11710477906, 328770.7552159695, 339675.8320280723, 286230.0680594618, 380877.5416218391, 381436.95640988636, 360172.3080303614, 331523.10793881415, 320248.25854643906, 308679.31812864554, 353504.0831315081, 304597.40916121507, 298672.56835763535, 364039.5445521086]
[340064.07823961833, 378815.56891477096, 427107.6378772188, 365385.2413152366, 313824.9233333466, 331173.43363946927, 397657.00529043877, 389375.2436015388, 348035.61666894244, 364038.34062046156, 311175.4022685922, 337103.8015531166, 346389.0894946464, 329697.81336190464, 343121.0141244771, 337568.48063424363, 345462.17507595354, 360257.3459629352, 360926.739433485, 371645.4201993573, 322342.4802283649, 385735.1108030533, 425790.40721020056, 366992.20899584756, 302208.46058954776, 308323.92395328305, 343575.8835158144, 346993.97459397727, 393086.46424264234, 304224.6312016758, 315271.50956070813, 339201.41512841696, 299933.37991808925, 327145.51960698754, 352401.53757994703, 393768.93866494024, 376370.83205055364, 328319.40688914724, 336220.0029236601, 285492.9926939291, 373273.9314016648, 381436.95640988636, 341869.0417694447, 331523.10793881415, 313421.9301574862, 300550.2067532561, 338720.26619892934, 297352.70625985455, 296116.3946690306, 364039.5445521086]
[340064.07823961833, 372967.80455136904, 426053.01702521613, 364420.39959582046, 304411.4292411152, 327748.6124402607, 391410.43501157424, 387777.679108218, 346107.5854777197, 356476.3767491401, 311175.4022685922, 337103.8015531166, 346389.0894946464, 329697.81336190464, 340672.84332536056, 331358.2304865656, 344602.465522546, 359947.7275035522, 356599.8538457347, 371645.4201993573, 305775.36906041426, 375189.16827145324, 425790.40721020056, 364203.2455905472, 293952.2026465097, 301817.79322204296, 341915.1822213704, 343333.55185400776, 392533.0380098037, 303241.46489624877, 308291.2049158945, 339201.41512841696, 299917.43089144, 327145.51960698754, 343535.2469394805, 391706.76234368945, 371635.8272211277, 318408.8560028477, 334439.71895570104, 284593.29373277264, 367685.0514076634, 381436.95640988636, 341313.5109411549, 331523.10793881415, 308334.73613988725, 292762.187375526, 338720.26619892934, 296538.6286459769, 296116.3946690306, 351285.238960946]
[338928.7554698605, 372896.4567950033, 413894.4108550403, 349494.24937224336, 301905.8790094604, 327095.69646381366, 391234.65152853774, 382202.234180143, 346107.5854777197, 356476.3767491401, 311175.4022685922, 328131.8161931265, 343714.8449822481, 328650.1916028023, 333289.6583839919, 329260.32872421516, 344514.35556545516, 344559.0593304041, 337464.21459875174, 371645.4201993573, 302719.20486869116, 371569.6393281472, 411931.74038235674, 358726.1844049865, 293952.2026465097, 300987.47134211357, 338534.08311148384, 342731.8116424365, 388625.1895225248, 303241.46489624877, 306722.43042482866, 336261.4982293452, 296644.15468530194, 324039.2202860891, 343535.2469394805, 391706.76234368945, 360744.46102289256, 317121.99297992815, 334439.71895570104, 284593.29373277264, 367685.0514076634, 381344.59634139243, 332193.7939712978, 331523.10793881415, 306223.27491396887, 292353.5536274203, 338720.26619892934, 296538.6286459769, 290616.9584605317, 349301.38959724724]
[330346.9022979259, 356870.8740135798, 412421.19903477497, 343934.2970530257, 301905.8790094604, 322595.5011847119, 386861.3848846109, 376287.31438885245, 329023.73128175153, 339734.77183155913, 306768.62100940384, 327509.69481602195, 343624.3942778717, 326598.24084995606, 333289.6583839919, 325214.0183593364, 344514.35556545516, 344394.149052375, 332191.7343204141, 370421.36135424336, 302650.1806961027, 371569.6393281472, 411931.74038235674, 351139.5437472122, 293427.37317960366, 291686.36898614664, 334862.3258542843, 335822.3602892146, 388625.1895225248, 301416.7516301114, 306076.10505479306, 327075.23777963035, 296644.15468530194, 319030.4448420417, 330751.8007205209, 389595.7883270235, 360196.0802716183, 303333.5463795824, 332737.44726250827, 283087.62797076354, 351550.15798541636, 377862.7751306667, 327535.5330100065, 331523.10793881415, 306223.27491396887, 292353.5536274203, 331263.2816443669, 288888.735754027, 284819.1066559745, 348573.4684081504]
[329140.1029225513, 352496.46567657904, 408850.35471048916, 341631.5097794869, 301477.47146129544, 309227.70450548, 386861.3848846109, 376287.31438885245, 323183.1184346912, 339734.77183155913, 304433.38148435915, 319540.2945135195, 336516.94766865904, 324248.16934960673, 333289.6583839919, 324379.75327391824, 337735.1948851574, 340426.8225399017, 332191.7343204141, 366344.5011292273, 299062.3141271529, 370259.2295860831, 411147.2435848008, 347271.01289446885, 291704.88092017465, 286916.2187751106, 332884.2464805401, 335822.3602892146, 384048.5331425419, 296582.9844253703, 295346.0428398816, 327075.23777963035, 286495.591109255, 318068.81782286154, 330751.8007205209, 383503.3650648497, 357351.06127813726, 303333.5463795824, 332737.44726250827, 280340.2225294908, 344037.2056690468, 371534.6163913542, 323314.69523633015, 331518.78743587126, 302391.9824467197, 290940.53718994145, 326823.6137105081, 287794.0879401247, 279882.9178198744, 346501.8574297092]
[329140.1029225513, 346230.36678888067, 405467.4477541079, 331990.56291672646, 294750.02189029753, 309227.70450548, 386675.5839483461, 376287.31438885245, 315637.21419290075, 335108.9962383895, 304433.38148435915, 319325.44455511065, 335843.69556832145, 324248.16934960673, 330254.994413892, 324379.75327391824, 337735.1948851574, 340069.14128623245, 326087.7861685152, 366344.5011292273, 298798.79643172846, 362635.3098435339, 410331.22272814444, 343587.8785833828, 291704.88092017465, 286062.95705879777, 332884.2464805401, 335378.7459718108, 380796.0040395713, 291991.10206001863, 285749.1083013743, 315180.22563222924, 283950.5016394058, 318068.81782286154, 322746.15816290566, 380790.4988603696, 353266.51046801335, 303083.630463771, 332737.44726250827, 279341.2013760825, 341531.1383505418, 369046.4136267384, 317986.2579490364, 328335.99615806906, 295816.07495739526, 290940.53718994145, 322476.1564189001, 279858.7021851568, 277165.3267373342, 346501.8574297092]
[329140.1029225513, 346230.36678888067, 405467.4477541079, 328947.3931051175, 289640.8074634661, 302693.48364572634, 375432.08296330104, 373770.74384715164, 315637.21419290075, 320785.06089934433, 304433.38148435915, 313121.7119766349, 332850.29273403453, 317873.52562158497, 330101.33840530494, 324379.75327391824, 333857.07674309943, 333417.01955120306, 320389.90951976797, 366230.5645782497, 298798.79643172846, 359374.141400592, 409164.07340526785, 343587.8785833828, 290985.28278593894, 280403.2781815551, 332884.2464805401, 334274.1563161623, 378537.804727695, 291588.7423768982, 285749.1083013743, 310207.6086894056, 279180.48882982234, 308494.28897210123, 318606.9076041627, 380790.4988603696, 353180.2102615448, 301987.59063583636, 332737.44726250827, 279341.2013760825, 339881.06257010356, 366390.96927324904, 313989.0241299874, 324625.9776450483, 295816.07495739526, 289395.53588276927, 316546.19657148555, 272931.6332937266, 274387.9650651266, 341499.826316658]
[327366.9256513653, 346230.36678888067, 403308.2153393794, 328947.3931051175, 289344.03643230523, 302693.48364572634, 371535.4762483304, 373770.74384715164, 308445.818573961, 312381.4375207252, 303288.56227343675, 310994.87085888174, 319550.942695778, 317873.52562158497, 330101.33840530494, 324379.75327391824, 332777.6925755554, 328956.3964484484, 320389.90951976797, 366230.5645782497, 296879.981874487, 353174.2734464471, 400344.83301765256, 338231.5822466736, 290985.28278593894, 279535.13053884794, 332697.8645413355, 332189.1893850526, 377519.755090546, 285847.74069626315, 284607.8010981946, 307279.9854859127, 279180.48882982234, 305507.13255144225, 318606.9076041627, 380790.4988603696, 349504.8727337931, 300482.21305634227, 330982.0180425114, 277685.4580306828, 331225.8888393602, 358982.5024193473, 311775.14089288656, 322161.2551959209, 289805.64619836485, 288281.81747648487, 315593.5052331606, 272415.4290187939, 273896.27543633914, 341191.4423773869]
[327366.9256513653, 346230.36678888067, 401036.6694123101, 318635.5146845883, 289344.03643230523, 302136.10373066703, 369599.15517461376, 373770.74384715164, 307983.429242348, 312381.4375207252, 301270.24636876927, 310994.87085888174, 319550.942695778, 312670.21770800947, 322767.61435186566, 324379.75327391824, 332777.6925755554, 325446.4548618196, 314651.5123620216, 366230.5645782497, 294159.1640804786, 353174.2734464471, 393402.25412365806, 335403.00737913104, 290985.28278593894, 279535.13053884794, 332697.8645413355, 325415.7669313092, 368367.7708950272, 284323.32171439345, 284607.8010981946, 307279.9854859127, 277811.65174796607, 305486.82416412106, 318606.9076041627, 378027.444627547, 349504.8727337931, 292470.655308596, 324248.5435820127, 277685.4580306828, 331225.8888393602, 358525.81110531033, 309791.3379463685, 322161.2551959209, 287494.20471263916, 284885.7355593358, 315593.5052331606, 272415.4290187939, 259416.57785668882, 338680.36983110814]
[321046.80808713235, 346217.2936670346, 399382.49830884865, 318635.5146845883, 288288.99949737446, 296627.9341627583, 360504.4803587584, 369569.0398110604, 306744.47419219546, 312381.4375207252, 299418.6115778279, 306343.81273537455, 306137.89312127733, 305249.31727532606, 316623.7360760594, 321356.9437790616, 332777.6925755554, 322905.5761155423, 314651.5123620216, 364042.7140807023, 293993.81057322153, 349124.9834715511, 392841.5969441986, 329842.4065802253, 284549.33043592295, 279013.9803624524, 325700.89364162425, 318379.0050579581, 350603.80053674313, 282168.6049645372, 281841.21395697043, 305219.0970037852, 277508.32498954603, 305486.82416412106, 318606.9076041627, 376959.2780961849, 345470.9233968948, 286082.08644735883, 322731.7735741523, 273865.62866410735, 328796.2084846441, 355735.75905539887, 302639.9875022442, 319672.4344907085, 287145.47044673865, 284317.6484156967, 310511.468183609, 266225.74693118385, 259416.57785668882, 330713.76464763423]
[321046.80808713235, 345520.2063994992, 398859.5111975362, 316743.64588433044, 279573.65064621763, 296627.9341627583, 360477.1044336186, 365389.45139438275, 295379.2010146241, 306545.7056713874, 296330.2072922521, 304049.2287312582, 306078.29146844364, 294684.82914145046, 316623.7360760594, 321356.9437790616, 322988.53591157874, 322899.67610416876, 307321.0953786737, 358429.1976798378, 284117.65316053864, 348953.01133985154, 383653.8929917568, 326195.50151945185, 282666.99429694767, 272193.8819553129, 319670.69201858435, 318368.871698915, 344914.9600935369, 282168.6049645372, 279700.4172979542, 305162.82662355306, 277508.32498954603, 305486.82416412106, 316613.2513685975, 367841.0122736903, 344803.0533026125, 272179.0544664924, 319236.7952775004, 273865.62866410735, 328796.2084846441, 345663.35494137264, 302157.28348359047, 319672.4344907085, 285680.70657433145, 282548.8985363647, 310511.468183609, 263593.6053668296, 259416.57785668882, 326611.98266813287]
[305469.3770885236, 341814.63115587714, 390389.5478640356, 314405.2255738436, 277720.99641725083, 293437.70418002247, 353559.9197570543, 364120.00822537893, 295178.65112893144, 297247.7460077575, 290951.3635092437, 298444.74674269167, 303749.39139661717, 286532.6495133122, 313860.83514536294, 320165.187564726, 315395.85693158355, 318866.9348381847, 305393.5174059726, 352759.80940757744, 279191.36491855176, 348699.41909622273, 371457.62554493506, 326092.0003239104, 281822.5337542767, 272193.8819553129, 312688.52470390825, 316538.45374510717, 337821.54321164737, 282168.6049645372, 279700.4172979542, 305162.82662355306, 277508.32498954603, 301927.4403287378, 313869.1644145082, 365096.012065725, 344803.0533026125, 270466.69775511534, 311367.14539359696, 270940.47044458316, 323899.6909269757, 339645.43105957576, 301589.25729955576, 315566.6797537436, 285203.4704430105, 282160.7577967431, 310381.27109475405, 260998.11658889108, 259416.57785668882, 317455.7641882743]
[305217.1118632398, 341814.63115587714, 386980.7668631217, 313454.9453259231, 276719.90532610915, 285035.16462460445, 353533.79084187484, 363287.7061679098, 281001.1505923226, 297247.7460077575, 284018.5819450202, 295600.10948829004, 301346.4325678173, 285263.5919426441, 313195.7989600436, 314770.5339496668, 315395.85693158355, 318866.9348381847, 301938.24925381236, 335589.0956697325, 279191.36491855176, 341928.71917995776, 371457.62554493506, 323634.71759199986, 281822.5337542767, 269842.57214751706, 302892.2966422204, 316538.45374510717, 333338.63053531875, 279099.1172887334, 272527.34375821456, 304722.4495585302, 277508.32498954603, 297190.3407831242, 309506.36619060714, 364401.5505613187, 342201.98264023324, 270459.3904665019, 311367.14539359696, 267598.1161884824, 297820.1368912546, 337265.19833331474, 299577.19647897175, 315566.6797537436, 285203.4704430105, 279617.89416135993, 310381.27109475405, 260998.11658889108, 255000.46350024757, 312991.31079614843]
[305217.1118632398, 341730.0541208409, 379202.22291406564, 301601.68170620303, 276719.90532610915, 281315.65620679123, 349583.9707754145, 355018.59650112473, 281001.1505923226, 297247.7460077575, 277920.2666910003, 293918.86495904904, 301346.4325678173, 285263.5919426441, 306501.8110082916, 311812.59546512953, 315395.85693158355, 314488.0880548108, 301938.24925381236, 333010.6155763628, 275480.62175111927, 334609.3857409166, 367674.1963707829, 323233.4061230733, 279048.2048768913, 269842.57214751706, 301668.21329804714, 309752.87078685843, 329352.2798339976, 276383.2756906393, 268415.5597694493, 296992.59040346043, 277508.32498954603, 294018.3976969942, 305065.55675391934, 364401.5505613187, 337809.5010348607, 269974.0726181167, 305115.23080533074, 255697.10192552157, 288803.797631762, 330813.4744889043, 293827.8501870901, 315566.6797537436, 284015.7666274083, 279617.89416135993, 303134.2488367219, 260597.09907829907, 251831.1291116906, 311264.76717337413]
[303293.9881341001, 341730.0541208409, 379202.22291406564, 295727.47153878945, 274709.32582976524, 281315.65620679123, 345841.07669695053, 354636.14336376946, 275464.10118898854, 296317.32586102013, 266378.75386864145, 290132.5641424041, 301346.4325678173, 284782.2170580573, 306501.8110082916, 311812.59546512953, 315395.85693158355, 314169.6250543177, 293522.7668190185, 321639.08095844777, 274991.9800954875, 328304.89146421064, 362587.3453343011, 321582.88575162576, 279048.2048768913, 268041.37406181474, 299372.5826259671, 309752.87078685843, 323458.6413782963, 275962.56104088045, 264140.4037110961, 296992.59040346043, 276755.59447757096, 287683.3702591838, 299251.1782607283, 362638.9515391642, 327499.0874379111, 269974.0726181167, 305115.23080533074, 251133.76862903862, 288803.797631762, 328899.46294770896, 293827.8501870901, 315273.20898411225, 281680.83034196886, 279087.913582754, 303134.2488367219, 257610.67226844458, 250523.64508206616, 302121.5484548012]
[302908.3455193584, 341730.0541208409, 379202.22291406564, 295727.47153878945, 274709.32582976524, 277387.38359403744, 345841.07669695053, 350037.3664310202, 271597.43222172087, 295909.6037242216, 263862.1487575133, 290132.5641424041, 296907.4938340826, 284014.6749977217, 303749.432792572, 311812.59546512953, 305391.71762659575, 313232.70793812146, 291275.1258417653, 319454.9372093286, 273612.4015184665, 328304.89146421064, 350621.95413900213, 317077.6111172113, 274441.1182909688, 265363.08939251414, 293567.1002005471, 309752.87078685843, 323458.6413782963, 275799.2381677846, 263115.1462752908, 294085.3534109843, 275869.9328270207, 285696.44381161896, 288656.40036810143, 343373.232514474, 327499.0874379111, 265657.88795933273, 305115.23080533074, 247607.60366137302, 288429.53602427914, 328899.46294770896, 289892.4461252544, 304667.2729173723, 281680.83034196886, 278539.197537887, 298123.0599467143, 257122.44461832818, 244628.72208887216, 302121.5484548012]
[302908.3455193584, 337397.24257179245, 379202.22291406564, 293914.97550130653, 271874.9003858985, 277387.38359403744, 338516.7742089968, 345239.5480286055, 269901.06423346733, 295909.6037242216, 263335.69214839, 286870.0465302976, 287948.09819195606, 282184.3963025816, 303095.04834296776, 311812.59546512953, 305391.71762659575, 309742.54855970445, 291275.1258417653, 309771.28163294296, 273612.4015184665, 324687.80663520575, 350621.95413900213, 301452.1640268414, 274441.1182909688, 262019.77711687415, 289182.9004046433, 309752.87078685843, 315717.74715393357, 275799.2381677846, 259912.18390622773, 293206.03148259956, 275274.4728770937, 284768.4981663397, 285030.18325639534, 343373.232514474, 326924.9147130257, 259052.60999652804, 299896.92822340433, 247092.76379566663, 284831.71584031696, 305263.6701527166, 288424.0480608939, 304610.7943863662, 272698.1074483389, 275441.3155307902, 298123.0599467143, 252326.71293384116, 237342.24621915974, 302121.5484548012]
[296262.8831425818, 330766.71045081236, 375645.54548437113, 293676.7502243717, 264832.3516075717, 276418.12031754345, 338057.8221858475, 339359.2436356065, 269901.06423346733, 294956.4474201377, 260939.6342179495, 285920.4365093109, 287948.09819195606, 276612.91166246205, 297367.6178752859, 299769.4724537193, 305391.71762659575, 307623.6040046617, 291275.1258417653, 309771.28163294296, 273612.4015184665, 322836.105111357, 346880.405574061, 290223.65090034314, 274441.1182909688, 262019.77711687415, 284183.2814949156, 305865.8680534744, 315695.50569013576, 274994.1889151026, 258503.6511927008, 288488.5965447672, 272832.2547357931, 279635.2126457422, 283219.7385651094, 333998.57446717634, 322191.43983007397, 256698.59315195298, 293099.8754647658, 244612.44491794906, 280299.5622574022, 303248.88347521686, 283333.80220906355, 300933.3303121286, 271218.6997781476, 274938.23988663085, 296942.9026645261, 252326.71293384116, 234686.38483800125, 301419.5732007012]
[292550.8803037887, 326568.95519105246, 368816.90230614797, 292023.76749170915, 256364.54407250127, 268680.98851110047, 315936.97464991827, 334806.4150154559, 268518.37876351725, 290850.2417472362, 257837.9366178262, 284840.8160850985, 287866.36924060556, 273281.1962810587, 297367.6178752859, 299769.4724537193, 301420.1900629711, 299913.7616622384, 291114.86428572924, 308888.13964058575, 269758.1407048753, 314686.5285426846, 343726.537198822, 287776.69160434365, 270085.50347636885, 258099.73575137378, 284183.0974397595, 305137.00114906253, 315022.183266487, 274435.4957252619, 250338.59308395963, 288488.5965447672, 272395.2758408148, 271528.42832647864, 283219.7385651094, 333998.57446717634, 322191.43983007397, 250624.00634871656, 292952.0550189506, 244612.44491794906, 278321.1637643886, 299401.5314722257, 282426.440581715, 300933.3303121286, 268061.1805398062, 274938.23988663085, 292395.3004665926, 252326.71293384116, 233444.8852072116, 301419.5732007012]
[290853.3471668832, 326568.95519105246, 365947.4849602004, 288073.85041024484, 254771.10825835512, 268680.98851110047, 315877.6667695681, 334806.4150154559, 265495.0865634765, 283081.39694715117, 257597.1513504615, 283009.4646239417, 283484.0401515388, 271990.919668132, 293202.4839930148, 294624.7107996753, 295998.8392323669, 295638.7557274182, 289318.4702618229, 307015.7119336424, 269758.1407048753, 309321.91644136567, 343726.537198822, 286803.76794026745, 262094.03251711838, 258099.73575137378, 278748.5157690026, 300377.39400765044, 307850.2621896551, 272690.4124677039, 250338.59308395963, 287562.04937837983, 272395.2758408148, 268576.2066512254, 282567.7962313019, 326704.42192715674, 320143.5288984357, 247605.6244483983, 290647.12321418995, 238403.09346504632, 276255.46342998807, 294363.87062907626, 280532.3063786088, 288216.19799702906, 265805.8361864273, 272600.4497656089, 287702.8995249332, 252326.71293384116, 229413.86269987636, 301419.5732007012]
[283504.9564206838, 325582.4118825098, 365043.30348775955, 284389.6853364525, 252572.1617769488, 268680.98851110047, 315877.6667695681, 333100.8629388704, 264018.4496415601, 283081.39694715117, 257597.1513504615, 277376.32532942237, 280447.77256684325, 270439.9677692423, 293202.4839930148, 293509.69878412416, 293264.6099397044, 290905.91453649837, 282533.53314828227, 306020.65894381027, 269192.4332900357, 307746.63234931004, 339945.68106268, 286803.76794026745, 262094.03251711838, 254514.25459367828, 278616.4539102096, 297962.77222674555, 307626.25369222363, 271951.2666569973, 249569.27159900515, 287094.5397919005, 271349.3633972372, 268576.2066512254, 274862.45955138456, 324580.03250625374, 314225.3279185182, 247605.6244483983, 290647.12321418995, 237079.0224290053, 274791.36639754847, 293425.62256699556, 280532.3063786088, 282635.5768976493, 264854.0534603526, 272600.4497656089, 284776.83892231405, 252326.71293384116, 229186.1479573205, 288337.0228886755]
[274642.87785387045, 325582.4118825098, 354984.9039471787, 283999.0807418251, 250994.46998576363, 268680.98851110047, 304970.4953562764, 324705.820497946, 259303.60997788227, 276658.97321191046, 257597.1513504615, 273289.6222950347, 278640.2003347646, 267642.23094599374, 291041.7803596222, 293509.69878412416, 292697.14031046967, 280120.45537847606, 280695.7162193158, 305807.34396868676, 266229.3316187853, 304503.3743459982, 339945.68106268, 283268.73807003937, 262094.03251711838, 254514.25459367828, 276041.1994169136, 293578.86419579614, 307028.3938618065, 268930.9065307578, 249391.30332695908, 286883.4197541963, 271312.8675423974, 262455.3127342103, 274862.45955138456, 323737.7425572711, 310695.32465717633, 246076.34905829892, 288919.1172984218, 237079.0224290053, 271148.867649289, 292496.28618507413, 273658.84978806524, 281400.7668477758, 264771.485807927, 266513.41752227297, 284537.2807044299, 252326.71293384116, 229186.1479573205, 275377.45744950476]
[267587.5070978041, 321424.6454861541, 345193.5754831513, 278796.93819657544, 248758.99979152283, 265767.92601599696, 289942.79469447513, 323574.91586134094, 254244.96124378894, 276658.97321191046, 257597.1513504615, 273289.6222950347, 276267.7311700079, 267642.23094599374, 289405.92854538513, 293509.69878412416, 291536.96442430635, 280120.45537847606, 279942.45428700163, 302954.03041882894, 266211.9779880523, 304503.3743459982, 333723.66708091716, 282574.00154872134, 260817.94407855603, 254514.25459367828, 272370.0974034142, 293578.86419579614, 301278.47577126476, 256225.79943534586, 246490.9959424655, 282328.1503824921, 269675.2233551581, 262455.3127342103, 274304.1132040339, 323737.7425572711, 310695.32465717633, 240331.3146945848, 281779.45625653653, 236639.61134291705, 271148.867649289, 290663.17437695427, 273658.84978806524, 281400.7668477758, 262025.04871514486, 261782.8889905658, 277836.0929060462, 252326.71293384116, 227703.5901734812, 272572.1710982686]
[267499.2830251933, 321424.6454861541, 345193.5754831513, 278305.7819697063, 248758.99979152283, 264686.9423447654, 289942.79469447513, 318473.29508895, 254244.96124378894, 275678.760976863, 257597.1513504615, 269995.0727638501, 266608.1245144791, 263687.31734534213, 289405.92854538513, 290849.9353235791, 291363.0082846054, 274793.74432289705, 278826.8261085403, 298029.6314888251, 265941.77321019216, 303427.8188985904, 332405.7519906782, 276574.6497869607, 258534.45901282752, 254200.46387692651, 272370.0974034142, 291002.96180193964, 301278.47577126476, 246747.722216434, 244178.00149725206, 282125.9218871981, 262667.9241367152, 258594.69338018657, 271916.5018798959, 323084.38634797663, 308327.92437465664, 239222.74879623303, 281523.7281044867, 235269.66603766492, 269405.99487213214, 290663.17437695427, 271341.69202608673, 281400.7668477758, 257121.69183941005, 260767.58577498732, 277836.0929060462, 250158.21970506542, 224377.34247635788, 272572.1710982686]
[266981.6397334179, 311873.7091933667, 344171.67632827716, 270188.938168944, 244693.85951559426, 255530.38883925462, 284371.8456427725, 317946.1399692725, 251387.0470880529, 275678.760976863, 256052.01939971925, 268500.00511223555, 260329.0517363918, 259276.16492006005, 288434.71649881825, 290612.820408027, 287237.1093168955, 271242.3476986188, 278826.8261085403, 289684.0687920565, 265831.31003930094, 301969.88374174555, 329078.0079019084, 276574.6497869607, 251362.6775696779, 248601.4533827721, 270953.52565924445, 281722.28719912213, 301278.47577126476, 242984.7456378637, 244178.00149725206, 282125.9218871981, 257165.02505765267, 257908.59751658732, 268487.2873663743, 314602.9475356805, 308327.92437465664, 238705.8664946345, 281523.7281044867, 235269.66603766492, 265926.84376208467, 290663.17437695427, 271341.69202608673, 270810.9055765093, 252875.47619791576, 260767.58577498732, 273101.9494681123, 250017.78398599452, 224377.34247635788, 271949.5528520665]
[262730.34064838407, 303015.7841565908, 344171.67632827716, 267876.49706390046, 239872.04628302576, 253102.46061571053, 280371.9219005513, 314788.71517771145, 251339.97835770063, 274698.7505709428, 251973.43593794107, 268341.6044006393, 259129.36761924298, 259276.16492006005, 286910.09167154797, 285682.2797545092, 287237.1093168955, 271173.6793120133, 277980.16174231144, 289684.0687920565, 265831.31003930094, 291487.4332142378, 325628.1211707692, 275999.68899558706, 251362.6775696779, 246883.09334059432, 270888.3313390991, 280755.93107120297, 298158.61955880706, 237818.52361645512, 239056.49749792018, 281633.2223744237, 256996.8086951364, 257908.59751658732, 265768.39840913226, 313202.86008469755, 306977.9478116021, 236899.85079048193, 281523.7281044867, 235269.66603766492, 264801.6565669704, 284624.6366120993, 271341.69202608673, 269039.0698649991, 249957.09903997663, 257913.1567843318, 271294.6974825091, 247332.1710862598, 224377.34247635788, 269467.768518768]
[258758.37632760018, 299818.61033493665, 344171.67632827716, 267876.49706390046, 235733.27759806532, 251189.1995626783, 280371.9219005513, 311990.29358194035, 246753.4120322171, 272467.77037757926, 249486.6578486098, 262896.69629982696, 258428.69259714446, 259276.16492006005, 273503.1063095269, 284132.6807755776, 285416.1193842084, 267707.42646104586, 275355.1112855712, 285903.84918096714, 260077.88805076378, 290649.7872462669, 318829.62577657413, 273318.87236151815, 251362.6775696779, 246883.09334059432, 265596.472330766, 276342.15522189403, 296104.09446858166, 237455.66105651722, 233544.31140877857, 280791.98933305184, 255103.9818564767, 249795.6055059378, 265441.065046285, 304785.2595288997, 302134.8576492187, 232021.13470202126, 279394.3193135449, 235203.52553519668, 261702.40487777005, 284567.60498030396, 266629.49587454926, 266997.3333481842, 241215.66646156172, 256902.49551493343, 267716.3343198003, 245944.9207942498, 223650.28101507638, 269467.768518768]
[253107.7404171257, 298072.4117686395, 336950.0666976742, 261002.4664207232, 232345.42863058174, 251189.1995626783, 274392.6224202681, 305652.2149762488, 246626.6849947457, 272091.9558111496, 248448.68158924804, 262896.69629982696, 258428.69259714446, 259276.16492006005, 272671.19015481195, 284020.2146505984, 285416.1193842084, 256678.2315118871, 271320.56312543945, 284149.54073389474, 258893.3606534799, 290649.7872462669, 318628.09044749907, 273318.87236151815, 246669.16378946896, 246883.09334059432, 262346.91949586675, 276342.15522189403, 295329.7817620233, 234083.09819251034, 232388.01488706656, 275870.649912638, 253185.409146966, 249795.6055059378, 265441.065046285, 299929.2571912252, 298830.1823223323, 230528.90761571354, 271675.07121745317, 232689.9591663822, 261205.7720319437, 281206.9792900941, 263335.04780615564, 266296.3616313172, 235879.86751636709, 248379.5670267332, 262566.9569491511, 243474.64108536593, 223650.28101507638, 267401.9470493021]
[253107.7404171257, 298072.4117686395, 330363.1369384297, 261002.4664207232, 232345.42863058174, 245733.071578404, 274392.6224202681, 305652.2149762488, 244528.4397376512, 270847.84874490084, 247588.07327503152, 262896.69629982696, 256550.13272719103, 259276.16492006005, 270571.11077262415, 284020.2146505984, 280468.8639587543, 256206.20017409016, 271020.06411546894, 275063.9160059368, 258364.91434217515, 290649.7872462669, 318098.27167859394, 272582.8781537757, 246669.16378946896, 239984.78361446777, 262145.0489937443, 263535.1974262451, 295329.7817620233, 234024.1858170073, 232388.01488706656, 272893.7166250486, 252728.77894188283, 248104.95616766243, 265441.065046285, 299071.18287346314, 295581.461676613, 230528.90761571354, 271675.07121745317, 230373.83400811156, 260656.74734797105, 281206.9792900941, 263335.04780615564, 265599.66092718835, 226720.76586961126, 247185.46113864827, 262566.9569491511, 241836.6943332864, 223305.3952504876, 266311.513216921]
[248869.74043582316, 298072.4117686395, 321827.8287749528, 257935.31735538505, 231759.99620245397, 245733.071578404, 274392.6224202681, 303692.1120916714, 244003.35280622868, 268794.57570484065, 247347.3069164118, 259394.67115754978, 254119.0448604403, 250462.6169518809, 269995.3655209771, 282065.26238560805, 279144.2820529175, 254515.7852970738, 266572.2833800048, 267374.82486441213, 258364.91434217515, 289396.15224589256, 316968.277012227, 264916.16796587047, 246669.16378946896, 237784.945253993, 257866.5509093895, 262842.04011137685, 295329.7817620233, 234024.1858170073, 232388.01488706656, 272676.47175068676, 247473.40065454715, 246742.19324759202, 263003.01267510554, 295842.08759058604, 291552.7643320782, 230484.66051525655, 271675.07121745317, 227369.85005177092, 260182.88795722177, 281206.9792900941, 261843.9078251001, 262456.2241504815, 226223.02543168617, 235419.89841625644, 260372.12297340017, 236358.73733066552, 223120.38761816281, 265154.0127793266]
[247686.56498416752, 294732.4171551827, 321827.8287749528, 257874.5615000495, 228545.7589117718, 243956.56357727502, 271770.5269964312, 301760.70429135335, 238041.6572953795, 268794.57570484065, 243147.47305268166, 259394.67115754978, 252855.0480375549, 250462.6169518809, 265770.385491065, 278287.28722144885, 279144.2820529175, 254515.7852970738, 259391.3341973023, 267374.82486441213, 257402.96331171546, 288218.253600763, 316968.277012227, 258524.12736040595, 246669.16378946896, 236930.25007578847, 254118.04830284146, 256585.37812274913, 290081.3627614097, 229266.70313186073, 232216.84281914998, 271853.54054517276, 244057.89341430407, 246093.20259926358, 258208.37395657305, 295842.08759058604, 286246.67208018404, 229999.47667455906, 271370.49834965734, 225966.48440682367, 260182.88795722177, 279294.17626177846, 256135.1851802466, 262456.2241504815, 222412.16917396657, 234639.5246393981, 259716.00508227618, 233465.71670462127, 223120.38761816281, 264832.9557675591]
[247686.56498416752, 294732.4171551827, 321827.8287749528, 256489.81696184998, 228435.10500340653, 240728.4155146244, 268885.757091428, 300701.4865430882, 236781.8074292044, 264683.03272204264, 241990.45049812025, 256753.14160756426, 249439.638771939, 243371.95025480125, 262755.13810364436, 275169.2861226985, 272113.08224040817, 251118.30139378048, 254222.9482758247, 266786.3867819976, 251477.6660228882, 279968.0524127705, 316173.9179711929, 257647.4551091365, 246669.16378946896, 236854.45357405447, 252518.10910427602, 248167.9133235124, 285840.4003721296, 227272.5016342373, 232160.03450465528, 271853.54054517276, 243167.82018747908, 242090.50456524984, 258208.37395657305, 287375.9520094994, 281421.9760394248, 229999.47667455906, 271370.49834965734, 224949.04900594047, 257219.19211024325, 274115.5147662222, 253772.55209311092, 257750.37313718797, 222412.16917396657, 231181.01814922452, 259492.2351519197, 228381.7322010873, 221524.78693272377, 260137.2378178605]
[247686.56498416752, 293687.83916247915, 321827.8287749528, 256104.42673794748, 226967.56431736815, 240728.4155146244, 263688.65763170394, 297086.5067799846, 236540.91524413213, 264683.03272204264, 238247.04882566357, 254166.45950490143, 249043.60236272067, 243371.95025480125, 259839.11587199336, 268119.028446624, 271432.1381462426, 251118.30139378048, 246590.16378084122, 263991.1553414024, 251395.90879285443, 279968.0524127705, 316173.9179711929, 257647.4551091365, 246080.8049105391, 235809.2108059916, 252518.10910427602, 248167.9133235124, 285089.0671286911, 226170.47404140295, 230013.7680218475, 270540.7528235193, 238867.8031571935, 240258.14471455617, 257952.6271926667, 286550.30563057226, 280749.2376729265, 224993.06467177984, 265770.52092038235, 222149.03820666368, 257037.0788639458, 267969.6305837967, 249053.15245726443, 252250.83959438084, 221785.71148057678, 231181.01814922452, 256212.26262507268, 226336.01222053435, 218143.99642616097, 260137.2378178605]
[246777.74751590937, 292026.6588812253, 319116.85263399186, 253340.9648461625, 225200.36004369968, 240401.48598209457, 262301.4699822131, 296139.5476042951, 230157.3868422777, 264114.80515289516, 232981.1709552089, 252275.33269876274, 245546.1004899744, 243371.95025480125, 259210.30925185326, 266032.40820714214, 271280.7058142074, 251118.30139378048, 240780.31280963388, 258781.16798050352, 248497.03975644195, 278318.85222575476, 316058.8362411876, 257647.4551091365, 238244.36936350545, 235411.62629236266, 250992.01451618626, 248167.9133235124, 281915.3230517632, 226170.47404140295, 230013.7680218475, 268889.4760267098, 234520.6136992711, 236177.35052346886, 257952.6271926667, 282953.98022266914, 280749.2376729265, 222466.11439199327, 264891.959693581, 220783.09483325313, 257037.0788639458, 265915.0936270265, 248512.3529634214, 251264.07100308166, 221785.71148057678, 230117.14249059866, 247700.63496094005, 217813.3908076876, 216975.1891978064, 260137.2378178605]
[246777.74751590937, 291656.34173296264, 319116.85263399186, 253340.9648461625, 224808.07685292177, 237516.53080076576, 259550.12208599597, 294863.15436121414, 230157.3868422777, 262572.63711585646, 228842.479818522, 252275.33269876274, 237995.1186597189, 242896.3560324631, 257937.03482514533, 264615.08671562705, 268936.06329895405, 249110.19907582318, 240780.31280963388, 258373.71202257642, 242470.866600714, 277100.6621182363, 300291.8238669758, 254929.28989168312, 237590.19001656031, 230022.63334910953, 248742.23763781376, 246270.7027798892, 281915.3230517632, 225587.7798113437, 230013.7680218475, 264887.6805222366, 230872.8110195795, 235231.48479954962, 257952.6271926667, 280773.8615321341, 271659.28880123177, 221510.33039434854, 264891.959693581, 212553.31992767885, 257037.0788639458, 263248.5503484497, 246092.65641353466, 250457.87322443794, 220414.8295926597, 229109.00681522008, 245783.3790024249, 215635.71613263251, 216975.1891978064, 256866.77206029982]
[238829.10406127485, 288756.78487350134, 315741.7383975928, 253340.9648461625, 224808.07685292177, 231929.62972764563, 259289.554087413, 294863.15436121414, 230157.3868422777, 262210.9184955919, 226273.61392579362, 248817.40492755873, 234763.75172784366, 242896.3560324631, 256123.53813757625, 263886.6486194265, 264184.8023075017, 247339.40843274482, 239626.02082429646, 258181.3725128884, 242470.866600714, 272230.6660299499, 295447.11757297645, 254929.28989168312, 236618.62663454204, 223283.38064175416, 248742.23763781376, 243838.97050381475, 280469.5677604504, 223661.42609043317, 225770.5746003915, 264887.6805222366, 227676.32253887565, 234093.8316194575, 257952.6271926667, 280773.8615321341, 271659.28880123177, 218557.44251176558, 264891.959693581, 211738.01823015214, 257037.0788639458, 260270.76560879196, 246092.65641353466, 250457.87322443794, 211513.40561317457, 224082.50090011986, 241798.08761341093, 214726.2098946781, 216975.1891978064, 247196.03286127932]
[236744.11226349743, 273773.95528950053, 315741.7383975928, 253340.9648461625, 219151.0902885349, 231929.62972764563, 259289.554087413, 293562.02172529313, 230157.3868422777, 261182.1262423108, 222210.3951251931, 242849.4301254646, 234111.71695958063, 242238.0290944897, 255169.148312375, 263886.6486194265, 264184.8023075017, 245244.62938059858, 239358.77322359025, 258181.3725128884, 241631.22765943245, 271116.89169257367, 287161.20205547457, 247338.0130663475, 228718.51239155926, 221334.74953015352, 246409.5667443994, 243185.2813353003, 277048.8120012563, 223661.42609043317, 221175.56357015268, 264567.0253257883, 226504.62244675454, 233014.815951519, 257249.54997711378, 280543.89477422606, 271659.28880123177, 216521.9522925141, 255987.11508942992, 208978.65880437847, 257037.0788639458, 257091.9330169686, 242784.3101963916, 250050.63527324665, 211513.40561317457, 223793.65784496246, 238486.50765848818, 213740.93534492733, 216975.1891978064, 242496.52582766954]
[236721.26577355544, 273310.6809967525, 312452.6666741605, 253340.9648461625, 215864.9713452473, 222251.61698497488, 256220.06127874326, 290944.21789961366, 227832.607913395, 261182.1262423108, 221984.9869830197, 242764.501661373, 232398.9678999482, 241480.26410521264, 248153.80536205933, 262019.0225975605, 259989.71755282301, 245244.62938059858, 239358.77322359025, 256671.66811098545, 236989.41687117782, 270439.6701866485, 285902.21466597414, 247215.0482540608, 222068.2671952432, 216235.80257569213, 246409.5667443994, 241778.7839273904, 271784.14289983734, 216209.88662178273, 217679.22111911722, 263339.36727819627, 226504.62244675454, 223808.5771403541, 255867.06013346667, 279938.45338475856, 268929.46245775744, 216521.9522925141, 255255.7679779542, 207950.34707869872, 257037.0788639458, 257091.9330169686, 242784.3101963916, 250050.63527324665, 206631.17799363105, 222964.66247020796, 235027.08538794238, 213341.78331254324, 213206.516939659, 237662.97105451155]
[236721.26577355544, 273310.6809967525, 309322.4126762858, 244945.04891704622, 215864.9713452473, 222251.61698497488, 256220.06127874326, 290944.21789961366, 225648.1165807643, 257363.77355661365, 221463.3117172777, 242764.501661373, 230844.5614395007, 239740.15892337688, 241497.14177494086, 258759.18823881418, 259665.2052753521, 242630.3878878754, 239358.77322359025, 256671.66811098545, 236308.95338888, 269190.9832944916, 280537.437960916, 245603.93463228014, 220023.45930122057, 216159.56375958133, 243176.0779557533, 241568.62348387932, 270131.3126164883, 216209.88662178273, 217507.6145700667, 262593.8227181093, 223433.24270424293, 220879.87356172828, 255867.06013346667, 279938.45338475856, 264086.2417262943, 213513.10933294948, 253188.74488124964, 206942.7101270372, 257037.0788639458, 257091.9330169686, 241442.33883927605, 242626.327895414, 200961.7326118771, 219116.89604705182, 231799.9119128311, 210159.44551378168, 211909.30965807912, 231154.3946826503]
[236721.26577355544, 273310.6809967525, 307755.82264630706, 244930.91016407794, 209459.5508591244, 220053.3707172748, 255587.02155854064, 290576.85446886154, 223507.35470246835, 249943.1157214266, 218193.8407826589, 238336.51645263244, 230844.5614395007, 239189.34615805233, 235731.4406340199, 258759.18823881418, 255223.87233235533, 239073.53972830158, 239345.533635206, 252654.33493249794, 234289.46006661217, 268396.75655511086, 279379.52418950706, 240310.65951786237, 217439.93090610942, 216159.56375958133, 243072.2631887055, 235443.159960737, 266867.29406602884, 216209.88662178273, 215924.86553536486, 260661.49223765475, 223433.24270424293, 220728.52155810205, 254869.67568699844, 262301.02789198625, 263870.29386557115, 213513.10933294948, 252676.7420966328, 204681.6514169196, 257037.0788639458, 257091.9330169686, 227645.94239924484, 242612.4742377201, 197306.36765469812, 218274.94448796008, 231573.98476453807, 208540.42140984978, 211909.30965807912, 226682.53745181742]
[236721.26577355544, 265864.3036475584, 307755.82264630706, 244135.6360303802, 207416.73951985865, 219275.24903208762, 255587.02155854064, 274433.32048081246, 222637.12373368623, 249943.1157214266, 217714.61568419932, 237690.21007389264, 230844.5614395007, 238356.65515866852, 235731.4406340199, 257111.86902052816, 253147.7747056603, 239073.53972830158, 236519.65795924663, 249084.0222564491, 227902.60571187842, 263849.32115146605, 272367.7713554298, 239347.33662343732, 214349.13029455472, 207315.6436314305, 239390.3007582141, 234523.14567118502, 264131.982586093, 216209.88662178273, 215185.07898777034, 260661.49223765475, 221117.86056734575, 220728.52155810205, 251912.97664249418, 257534.68592697135, 257818.34159474127, 209886.4616693367, 245989.32228196348, 204681.6514169196, 251503.68067794776, 254932.55768559925, 227204.11143848728, 242612.4742377201, 197306.36765469812, 217113.25252516466, 226014.1514841835, 208341.68735129837, 211773.1091021384, 226682.53745181742]
[236108.8003012936, 264987.9231538315, 301291.6980247746, 244135.6360303802, 207233.43180644637, 219275.24903208762, 255587.02155854064, 274433.32048081246, 222637.12373368623, 249943.1157214266, 214088.35260012868, 237506.39497174573, 229696.93425191048, 234277.14316787012, 235731.4406340199, 256231.48180834012, 253067.21261268025, 239073.53972830158, 236519.65795924663, 248735.08770460155, 222942.07077577006, 256787.75806338232, 263324.65235363314, 235699.52317130877, 214349.13029455472, 205393.12072635032, 238458.3826734881, 234523.14567118502, 263229.9456857863, 215145.6940629676, 214299.16875373805, 256406.25546370004, 217004.8656235708, 220728.52155810205, 251912.97664249418, 256754.94851186132, 256231.84072394753, 208205.15180992318, 244529.521641361, 204444.72591638283, 251191.83658890455, 244718.5211710969, 227204.11143848728, 242612.4742377201, 195936.54217656003, 211016.63907351898, 223170.710460239, 202485.14441876815, 207235.07491707787, 226682.53745181742]
[231709.4797604236, 256643.25922113392, 294564.38773329195, 243713.31856091967, 207233.43180644637, 216416.82415839593, 255587.02155854064, 273578.88225677965, 222548.39382944925, 249514.34639337714, 214088.35260012868, 237506.39497174573, 229696.93425191048, 232819.72094399825, 235731.4406340199, 255428.11170239496, 251520.3489673583, 231091.74132714304, 231727.6722691357, 248187.17144146445, 220535.35746980977, 256787.75806338232, 263324.65235363314, 235699.52317130877, 214349.13029455472, 205393.12072635032, 234236.05187835038, 227995.82712951917, 263229.9456857863, 215145.6940629676, 208858.62433223124, 256406.25546370004, 212713.28833725204, 220020.59377868666, 243269.35395557102, 253058.08163943148, 256231.84072394753, 208205.15180992318, 240218.6366853089, 204444.72591638283, 249708.10058528016, 243000.57194782808, 224568.9586105031, 240410.23350139614, 195221.53620226536, 211016.63907351898, 223170.710460239, 199608.27956556698, 205868.27014587313, 220024.0105752587]
[230103.9887106317, 256643.25922113392, 292434.2984121786, 233739.76886878494, 205740.27357315784, 211400.82689045282, 252317.1701089242, 268066.49939909705, 221805.77524789982, 246944.18706535944, 214088.35260012868, 235351.12394320042, 227541.79827468167, 225542.88729369914, 230668.64743431588, 252116.06181476344, 251520.3489673583, 230642.96099310723, 226074.22059001122, 241955.10792962447, 214471.57589397085, 256787.75806338232, 263324.65235363314, 231151.3684447754, 214176.12811630164, 199838.44899143203, 230508.3293576621, 226704.2807575434, 254821.2729197634, 213271.62157626456, 205573.32197017394, 255394.82800671473, 208581.7462280508, 214402.34833204522, 242691.5816626722, 249118.03750445106, 256231.84072394753, 207325.7397614972, 240218.6366853089, 202279.59572628845, 249708.10058528016, 240828.2529872618, 224481.890016626, 236023.0791427219, 195221.53620226536, 211016.63907351898, 223170.710460239, 199608.27956556698, 202039.98996131, 219638.0202556486]
[228964.12569137375, 252689.8192148717, 292434.2984121786, 232908.9816207698, 203032.75686503865, 211400.82689045282, 252317.1701089242, 264716.6394621531, 221764.38375854795, 243718.3574456288, 210172.64055684852, 228754.85108725954, 225822.19050780492, 225542.88729369914, 230668.64743431588, 246390.15772572448, 249721.69448365117, 225433.52514542764, 225806.71463192123, 241259.16702182856, 213571.22846004818, 256787.75806338232, 261232.2773933263, 231151.3684447754, 204540.87891793484, 199838.44899143203, 230508.3293576621, 222463.4723996873, 254821.2729197634, 211331.79756757687, 205573.32197017394, 255394.82800671473, 207948.4908174507, 214379.77956835538, 238725.97279864346, 247392.30741811552, 256231.84072394753, 203460.23237915325, 240218.6366853089, 201209.8775858243, 246688.03848133096, 240828.2529872618, 221443.33569761267, 235318.92197591806, 195221.53620226536, 210388.49139596304, 222774.75696490193, 198070.47420534032, 200758.6200497051, 215510.79633233714]
[228624.47128306763, 249731.26332831764, 286454.3419769333, 232908.9816207698, 203032.75686503865, 204981.635167616, 244366.49036428664, 264716.6394621531, 215256.2727446455, 243718.3574456288, 210172.64055684852, 219933.43243464959, 220306.7404177511, 224467.0628889747, 229500.54169777874, 244203.41499440378, 248897.104075051, 225433.52514542764, 224778.80337168142, 223075.86027496838, 213571.22846004818, 256787.75806338232, 256411.81613381504, 227639.43920819773, 203727.02809432268, 194448.95034495145, 229391.07897683838, 218761.46904639006, 254107.69534376316, 211202.5426366423, 203653.56780966322, 252434.33239390026, 204898.8298440805, 205309.8782077742, 235954.68304707887, 247392.30741811552, 254784.0874785919, 203435.73078849848, 239074.0100784494, 201209.8775858243, 245376.84800362316, 240828.2529872618, 218435.57827306027, 233903.72425886896, 194191.79933660023, 204698.47341595576, 220484.27345374675, 197497.0301968975, 198400.22139583848, 214865.29031271287]
[223816.47176791154, 248106.30828550697, 285503.36636426195, 226906.24688653165, 199290.95585406185, 195880.81993713876, 244001.48006340055, 264194.6049847029, 209065.79211021907, 238255.83356884806, 210127.85667022644, 218272.95443939805, 211935.72379758698, 223416.9006256066, 229500.54169777874, 242899.14875294425, 248418.91378965732, 225433.52514542764, 221043.38097472215, 221852.1793616234, 213571.22846004818, 254511.6625472114, 255900.89809937612, 225009.9878181143, 202165.3605712685, 190513.24406212833, 223375.02315790765, 212371.18459240408, 254107.69534376316, 208614.17208221921, 203653.56780966322, 252434.33239390026, 203963.71255757616, 204386.16853505373, 235954.68304707887, 247392.30741811552, 253639.44830871266, 201124.3957548715, 239074.0100784494, 200553.98066632677, 243236.65019600512, 240828.2529872618, 216917.87457299046, 232221.0995414033, 194191.79933660023, 201222.09743593438, 220484.27345374675, 197497.0301968975, 194458.83972014548, 214865.29031271287]
[220645.5504773517, 240834.95134363446, 282487.359025629, 222805.09056136277, 197496.8988538005, 195880.81993713876, 237345.60061578327, 264194.6049847029, 207172.20372821455, 234889.07931213314, 209919.18617436494, 218272.95443939805, 211935.72379758698, 214910.477921107, 225534.25135558937, 242899.14875294425, 247461.29149657994, 223949.83421645575, 221043.38097472215, 220791.40333705535, 213571.22846004818, 254511.6625472114, 255900.89809937612, 222897.08391419798, 202165.3605712685, 187862.05213334324, 223375.02315790765, 212216.48375071964, 251491.08248176504, 204862.77673576208, 201899.41207540012, 248563.5181328918, 203963.71255757616, 204089.10207121196, 235954.68304707887, 246567.13587335002, 247955.9919678818, 194199.79603486686, 232835.80114389473, 200553.98066632677, 242123.8741919844, 236422.19100337886, 210771.03378065286, 231219.27720717638, 193175.1958612564, 199502.2908239134, 216327.34757123567, 197497.0301968975, 192608.6470842419, 214865.29031271287]
[218982.76445135457, 233759.6734330297, 281647.88306402357, 222805.09056136277, 196529.2148105548, 193504.13427253018, 231192.2238038873, 261914.13444786714, 203771.94830007578, 233665.3660256189, 204656.2903293726, 218272.95443939805, 211935.72379758698, 205649.82542547406, 223502.3215930554, 237009.76617692164, 245409.4982891357, 218798.03118401216, 216144.95034715635, 218659.4519541937, 213437.4331711695, 252558.69901360717, 254914.03887677417, 222897.08391419798, 201836.3298760908, 187366.8539770378, 223375.02315790765, 212216.48375071964, 249740.2412010936, 200469.53290010695, 200062.0723017261, 246672.1794251827, 191199.5745303461, 203923.96474099613, 232922.36383431623, 241761.88114858806, 246494.77897176013, 192986.7812742587, 229717.60124269483, 200236.8394491681, 242019.88384668776, 236360.833713465, 205447.41201325896, 230250.13757787907, 192870.19804630833, 198388.78106576792, 216327.34757123567, 190941.64266570343, 192608.6470842419, 214865.29031271287]
[218039.66560405708, 233579.2308009343, 274704.1878184486, 220360.18953134195, 190302.53618681533, 193504.13427253018, 231192.2238038873, 260695.3986646135, 200962.8812545554, 228440.00564551697, 204656.2903293726, 213975.50770772184, 211935.72379758698, 204276.9021715045, 223410.14060243388, 235209.3042997446, 243507.57767653983, 218657.4908841836, 213795.04876497987, 218659.4519541937, 210042.98954668728, 250901.95344934153, 252223.46944630874, 222557.83628175623, 200106.7148629827, 186323.27045836818, 219164.39937991052, 209261.59617066805, 248852.40361998221, 195140.1450276595, 199245.0292518449, 238963.49292298523, 190351.55669949955, 203923.96474099613, 225202.6395450803, 235836.2298564388, 246329.18354630796, 191901.30133678575, 227643.51744195577, 199660.78064972983, 237808.72827864374, 226746.88026879597, 201710.22752121725, 221837.42035384887, 188448.0849620016, 196464.53707550184, 213016.54844177244, 189754.52867365556, 192353.3494342568, 209386.97846452123]
[215620.64785889577, 232655.5116038456, 273777.0141902355, 218704.75075465985, 189877.89015308867, 193504.13427253018, 228653.98369235182, 256561.28162789252, 199423.2424683368, 227520.07454166602, 199921.8172554514, 212762.24245672705, 211722.45634403135, 203342.90975700004, 221774.9350414356, 231814.88624582818, 239213.7142989578, 217100.52994243204, 212203.0641539457, 217343.98395607813, 203206.2429981344, 250901.95344934153, 246775.99577752044, 222557.83628175623, 194240.687435745, 182368.30115069714, 219164.39937991052, 206007.03769897379, 248709.96682306202, 192795.90348576606, 196046.59258926398, 235323.44064123053, 190351.55669949955, 203923.96474099613, 222993.01134333355, 235836.2298564388, 245122.4087791099, 190319.73390712572, 223700.9640791815, 199660.78064972983, 234934.82991592097, 223809.87257919763, 201710.22752121725, 220526.11414287737, 187027.22244381713, 196267.4545781367, 207757.97452694114, 189567.2385860688, 192353.3494342568, 208709.68262264747]
[215282.30524104726, 232655.5116038456, 273401.81858349865, 216842.12220239182, 188449.53108366532, 193504.13427253018, 226903.06238690732, 256561.28162789252, 198307.75209610225, 226179.64827534923, 199878.42367513664, 209701.6247981008, 211722.45634403135, 201329.3994530183, 219081.85150949116, 230465.03368432127, 234413.58635490356, 215218.24792580836, 212203.0641539457, 217343.98395607813, 203206.2429981344, 246044.55295271784, 243137.14789309725, 222557.83628175623, 194240.687435745, 182368.30115069714, 215103.96750356568, 206007.03769897379, 243571.77560945196, 189967.5532191698, 191520.92624098045, 234495.66938172412, 187933.0393761613, 202189.0778517923, 219210.88528897558, 233763.24158697197, 238766.9661184167, 190212.73417294718, 222750.93613072415, 197480.92746370644, 233951.93371409093, 223809.87257919763, 201601.0308639088, 220526.11414287737, 180096.86382156008, 195403.4574173176, 205458.32734262774, 189448.07715271067, 189369.05990425166, 206778.74197550505]
[213360.82223126077, 229725.13640061877, 266773.7591077277, 216842.12220239182, 186104.89513938082, 191754.83062204198, 226903.06238690732, 250710.14286018984, 197262.58447827847, 222978.32061470943, 198040.4930730252, 206790.50247936684, 211722.45634403135, 200186.39128777653, 219081.85150949116, 224462.7245099626, 230312.75342299422, 214646.0117500027, 208353.31548761312, 217343.98395607813, 201732.987915657, 246044.55295271784, 243137.14789309725, 221045.701775836, 190729.8026711268, 179097.21952533117, 206249.15578938794, 204072.4609959918, 239512.67990200763, 186844.11356456383, 190586.52978037612, 232902.768747842, 187933.0393761613, 202109.84114223032, 218705.51671830798, 233051.95884103715, 237039.54928606004, 190212.73417294718, 221355.24659646355, 197480.92746370644, 232804.28751493842, 223809.87257919763, 201533.79814840382, 220510.74285069076, 177575.7349653702, 192177.66626616305, 202425.04434331687, 188004.6208972197, 183437.72316039796, 204007.24171784698]
[202185.5208803544, 228917.1992282073, 266543.1370945106, 212916.80138157526, 184927.19733492905, 190452.21415908853, 224508.9321236121, 250440.17202436464, 197253.92383978583, 222639.90168212232, 198040.4930730252, 202537.4634688097, 210032.1464596137, 195962.17037408, 213617.28006378515, 219599.14099273324, 228624.56965112622, 214646.0117500027, 207926.84411521186, 217343.98395607813, 201327.4344978317, 246044.55295271784, 241755.94928157842, 220920.23952815012, 190408.4320779421, 173227.05825390696, 202319.69167810745, 203683.42741037975, 239512.67990200763, 183762.51139244856, 186405.7246164729, 226244.13874435224, 186329.6593873877, 202109.84114223032, 217512.9600125372, 233051.95884103715, 237039.54928606004, 188999.38982786602, 219976.95870060907, 192741.52961476444, 231937.9962801494, 223809.87257919763, 198424.88896410988, 220510.74285069076, 174427.9849221717, 190134.1641719742, 201497.7758152513, 188004.6208972197, 177800.16728844616, 204007.24171784698]
[201332.92542105756, 228917.1992282073, 258418.6452909778, 211901.7195561792, 183504.39574752178, 185188.42036362592, 223738.57593191354, 246778.65748891368, 196794.2981857397, 213930.59651367282, 193939.2239951111, 196369.16689188225, 209613.9545846588, 195938.36843763263, 206516.61868476128, 217287.54161613053, 225450.25367427286, 214514.76643051516, 203445.96842610752, 214966.16926054945, 200266.1133774714, 243764.0401550078, 241475.4601711778, 218421.2574468131, 187949.23310789707, 173227.05825390696, 201983.53127451567, 202341.9413361917, 237906.65065862745, 178937.722887877, 186312.62862273116, 219988.32852604063, 186329.6593873877, 198945.66531027306, 216853.9515002012, 232507.15670314198, 237039.54928606004, 188297.8511953762, 218737.51859455864, 192279.41583558096, 230791.31724401168, 219263.10592135304, 197785.80852115928, 220510.74285069076, 171954.24019178443, 187080.18015841587, 200548.51715388146, 188004.6208972197, 176606.61170326735, 204007.24171784698]
[201332.92542105756, 227650.41139273686, 258418.6452909778, 211901.7195561792, 183504.39574752178, 183337.47216692564, 214407.7913933861, 246274.80385148496, 192266.0136841451, 212615.90007297663, 193490.48943563955, 196369.16689188225, 208234.9961693875, 194641.92360530168, 206516.61868476128, 210877.9633437334, 225142.3135417314, 210910.31129171065, 203108.3786206094, 214966.16926054945, 200196.84954534905, 240289.82173523057, 241264.98728098668, 217476.41720519276, 185672.2903536137, 173227.05825390696, 201983.53127451567, 200531.29662977613, 234899.24909193412, 175775.18926077095, 185479.1326166746, 218074.19587199547, 185390.36087550392, 198891.7254108367, 209514.7972994054, 231648.85979896266, 237039.54928606004, 183678.7725258588, 212530.5980253378, 187383.26899422033, 228297.35808888118, 217647.19498378434, 197785.80852115928, 214843.49728174746, 171329.42487216752, 186651.43174114724, 200440.0411178853, 186799.18551432173, 175740.13863873744, 202332.63737503928]
[198180.3132044754, 220540.14613088244, 257105.6399982471, 205543.43891860798, 181287.2206741271, 182592.35396146643, 214407.7913933861, 246274.80385148496, 189387.0044800238, 212615.90007297663, 192075.48827861887, 193475.0842314386, 208234.9961693875, 194128.5620704969, 205665.88206759194, 210877.9633437334, 220358.2452363669, 207203.2140184991, 193071.666137248, 209856.6871537966, 197272.50169838723, 233922.7857867925, 240996.20152569882, 217378.02210253518, 185641.6203006658, 172324.80825726336, 201983.53127451567, 200531.29662977613, 232086.27896402922, 175528.02453691125, 185357.46472250915, 214975.4590930491, 181130.0368988086, 198664.76032836904, 209278.28244764585, 224341.76049555148, 234909.99169747793, 182596.477482467, 212530.5980253378, 186385.0764555742, 221961.12968511725, 215121.379839072, 195668.06160469522, 212405.84479636507, 170081.87599003117, 186537.9819034265, 200310.93670388046, 186799.18551432173, 175740.13863873744, 202332.63737503928]
[196663.8166893936, 219288.33459151644, 256368.06395725114, 202105.72972600232, 181287.2206741271, 182592.35396146643, 214407.7913933861, 246274.80385148496, 189387.0044800238, 211137.38140053148, 190477.54656986683, 192761.35278175387, 207299.22189539223, 194128.5620704969, 203005.73106181307, 205227.2707400606, 217582.28188846857, 207203.2140184991, 191538.8233163774, 208167.44952138563, 197272.50169838723, 233463.4154519692, 238273.4939645511, 215891.35900910012, 179670.6204219419, 171834.38026246786, 201983.53127451567, 195396.42770992737, 231736.02901480295, 174927.8715718353, 184639.33344161417, 212722.54590046284, 180050.9560819202, 198664.76032836904, 209278.28244764585, 224341.76049555148, 223583.01604255647, 182532.4325884634, 210700.52172879194, 180650.30940708652, 221344.46090622427, 215031.22500712908, 194589.8465376114, 209511.65845546278, 169147.36908404224, 184273.8041504756, 199807.89259632715, 183432.56281789075, 175740.13863873744, 201432.86596312636]
[196583.0623677543, 217139.01112770365, 254762.62872642349, 202105.72972600232, 181085.38904568306, 182371.82359013558, 214407.7913933861, 245569.23592772713, 179729.46743781393, 208374.04332908866, 189326.83196656028, 192761.35278175387, 207299.22189539223, 193799.40688492378, 203005.73106181307, 204105.11709694652, 217582.28188846857, 207203.2140184991, 189315.4805471037, 206642.91372723927, 196449.35945783136, 233463.4154519692, 237974.84529729537, 213630.65226469524, 179670.6204219419, 171037.68129379695, 198894.75934493687, 193030.39839945344, 231736.02901480295, 174758.93638309525, 175109.5185875294, 201226.08087102658, 176317.93408446788, 193932.47671363706, 206661.40514460712, 223786.2877531008, 223283.7054533024, 182532.4325884634, 210700.52172879194, 179519.28347412156, 221099.22433527358, 210697.1626934524, 194589.8465376114, 209511.65845546278, 166516.7647731057, 184088.76180456547, 198907.87551095692, 181386.6556033825, 173077.6643929797, 198533.14835967636]
[193106.59626059083, 214572.95261335923, 247105.34458529484, 202105.72972600232, 181085.38904568306, 181923.20266665518, 213929.5741575361, 243809.006109107, 178970.5755671051, 206200.63575155483, 187428.0429082117, 192412.93757577677, 207299.22189539223, 193653.29226340665, 203005.73106181307, 203886.70391780842, 212653.35932215428, 202869.50067012623, 188260.86623028142, 206261.87611674157, 192158.29770969896, 225216.8619486692, 237904.86934095592, 207906.53919190212, 178794.73717501364, 167921.34559312428, 198750.8415001157, 193030.39839945344, 227044.760756978, 170592.42547675906, 174046.1699558189, 198545.9441505153, 176317.93408446788, 193557.63213273772, 204607.54491540373, 222740.64685442392, 222278.43194957045, 182532.4325884634, 208682.41713483416, 178889.47750535043, 216174.21701208915, 210697.1626934524, 189647.47050793728, 205470.94902718483, 164534.63905166945, 183006.4580120237, 190178.7052491988, 179161.36282184342, 172954.51934540545, 194334.17680900256]
[193106.59626059083, 211975.56088928072, 247105.34458529484, 199499.15476296213, 181085.38904568306, 181923.20266665518, 213927.83328458347, 243809.006109107, 178970.5755671051, 205357.85810762542, 187113.37777774138, 192412.93757577677, 207115.02560749665, 193464.09981566024, 200512.73994353437, 194766.31563141002, 210137.93233633478, 198428.20189753798, 188260.86623028142, 204951.6643733783, 192110.65711652665, 224724.738786902, 232490.5812956133, 207578.39937034057, 178794.73717501364, 167921.34559312428, 195046.06239703615, 193030.39839945344, 227044.760756978, 169974.16251779572, 172469.18756568286, 196556.78017262186, 175367.52670778258, 192814.99404988086, 202866.43333988375, 218720.83182546147, 222198.1013511809, 180219.0232265171, 207542.37842533825, 175273.00929961418, 213275.80272709936, 210697.1626934524, 189451.69659567624, 205470.94902718483, 162406.16960564564, 183006.4580120237, 187662.20201792664, 179161.36282184342, 172742.68242800684, 192374.22700953064]
[193106.59626059083, 211975.56088928072, 245404.1969695746, 198607.23579118703, 178782.0728007389, 181923.20266665518, 213927.83328458347, 239849.7965999889, 177852.4959682508, 201947.9511997852, 186812.4007888319, 188139.7478775925, 205817.71213187306, 186605.02753365407, 199124.37457139505, 194766.31563141002, 204744.7358401569, 197505.93945466954, 188236.89512843554, 203787.66463901594, 190683.8746637166, 223776.80337823724, 226731.13642191156, 199212.93360623234, 177020.93402772263, 167921.34559312428, 194543.92947445886, 191560.47713630152, 227040.4505864391, 169159.13296419132, 167528.9101414043, 193010.58206024213, 175367.52670778258, 191937.05376249825, 202866.43333988375, 217316.199741953, 218741.31235661273, 178531.32965625465, 206468.63480478193, 175273.00929961418, 209860.0296002095, 210428.03449808955, 187521.00673896886, 199939.89772286598, 162406.16960564564, 182203.1189429677, 187445.05038744162, 178100.30170385426, 170081.9023742962, 190948.46974165845]
[190925.00054614653, 211975.56088928072, 244374.34751981925, 195692.73834487432, 178116.6232393509, 180873.27126402204, 213927.83328458347, 237259.541772473, 177020.2571369394, 201069.1971482137, 185342.67082439625, 185309.99993691625, 203598.85677891906, 186103.34261233555, 197295.95112004149, 194766.31563141002, 198790.81428938796, 194981.68969642825, 186397.40648870956, 201403.98568409245, 188225.17694853665, 223014.17998030415, 226209.46417823056, 192065.09997712605, 177020.93402772263, 167347.48618217197, 188135.5582925841, 191560.47713630152, 226215.44096113587, 168442.27915921583, 167319.54583267478, 193010.58206024213, 174544.96134109562, 189944.2676277259, 201342.64008373418, 211368.77989824017, 214324.01899317908, 178465.97752619983, 204213.3872119934, 175273.00929961418, 206772.865291184, 209544.48343710005, 185537.65163930348, 199939.89772286598, 162406.16960564564, 181484.23523588813, 185734.34491063, 173605.557728821, 163805.71366347847, 190948.46974165845]
[190925.00054614653, 211448.26768747074, 244374.34751981925, 194379.00644341865, 177688.94591191405, 179022.07536919223, 213490.21132125022, 229766.4106855633, 177020.2571369394, 191657.75981882634, 183239.14689724747, 177813.65363328834, 200050.69438738734, 185840.1207278582, 189074.3594506659, 194365.50158526844, 197036.51164307815, 194248.22643948128, 185950.89875237035, 200258.29429236433, 188225.17694853665, 223014.17998030415, 223964.2321229999, 190544.85652704505, 176695.00219324528, 167347.48618217197, 187612.98797958368, 191549.72213363412, 225182.8307932648, 167198.46584586735, 165988.27724651166, 188423.51084266676, 173008.52799459922, 189944.2676277259, 201342.64008373418, 211368.77989824017, 213187.96530984266, 174777.90762179997, 203493.59560396816, 175273.00929961418, 206270.35428777104, 203282.172664496, 185537.65163930348, 196476.49155283388, 158349.36337393292, 181070.37339415905, 185734.34491063, 172595.40793308424, 163589.61394224834, 188046.92954113503]
[190925.00054614653, 211448.26768747074, 242561.6159522105, 194379.00644341865, 175605.99918029635, 179022.07536919223, 211137.8383000189, 223509.4797359695, 177020.2571369394, 189721.69202042406, 183239.14689724747, 174880.13192212232, 198644.87255004156, 184023.76417748004, 188118.7089108292, 194365.50158526844, 196658.1370526346, 191512.73614909482, 185668.20926609088, 199379.58817328868, 187157.08631498684, 220436.850797538, 221181.5738117551, 189874.17944247153, 176695.00219324528, 165427.0487366451, 187612.98797958368, 190758.84476974493, 222963.85160930146, 163999.8070857641, 165037.24994301406, 188423.51084266676, 170419.29896203493, 187172.24811871495, 201342.64008373418, 207315.18542087212, 210804.244211288, 169879.75936184538, 201209.19373793039, 171409.39906085585, 206270.35428777104, 202374.80417310534, 182664.21471590755, 193975.91455384227, 158349.36337393292, 178872.49255470862, 185371.47176601537, 169814.2250859632, 159511.53213153646, 187408.07166860043]
[188039.0584894425, 210343.82655225266, 240668.06880408386, 190910.11264880357, 175605.99918029635, 175870.421834543, 207672.62445124972, 220139.9878733085, 173532.05432190152, 189721.69202042406, 180872.64930687606, 169885.6019861194, 198644.87255004156, 177076.34809134752, 185676.85182974453, 193946.3723518289, 195856.34723559293, 191512.73614909482, 185668.20926609088, 193611.21408363606, 186960.97630206269, 214902.80837903148, 221181.5738117551, 186037.1889704199, 176695.00219324528, 160676.6737208074, 186118.13595565193, 190758.84476974493, 217392.0348173518, 163999.8070857641, 165037.24994301406, 187651.18147392984, 169744.0783646028, 186121.99260050285, 201342.64008373418, 207315.18542087212, 209358.0731899705, 166765.8898719641, 200116.4849407167, 170897.0679662608, 202151.11230152028, 199981.9370517248, 180110.37870594155, 192596.28778303802, 156625.2911390991, 177386.7608020486, 182372.500326672, 166898.44194790593, 159511.53213153646, 184004.0020485002]
[182466.94724569673, 206383.8582743917, 240668.06880408386, 182707.72296337393, 171008.7664672395, 174130.75379925471, 206320.98102091145, 220139.9878733085, 173101.27920105722, 184004.6384599505, 180872.64930687606, 168103.87814534866, 198061.04759340282, 176694.93838020827, 184026.79970054099, 193695.68860451927, 195738.97012314643, 189067.45234853658, 184729.36070036676, 193611.21408363606, 183693.07576947616, 214076.79473519372, 221181.5738117551, 186037.1889704199, 172476.01528568295, 159854.57685368787, 186075.23618089157, 189848.66021633797, 216075.1994372635, 161284.12325620925, 163745.98442878114, 185937.702971494, 169744.0783646028, 181760.08521902136, 201342.64008373418, 206811.8190243442, 209358.0731899705, 165098.37500414238, 198999.9518023198, 169704.18020189292, 194456.3595313095, 199866.4833837037, 177036.5160786695, 192596.28778303802, 156625.2911390991, 176655.34986773046, 177150.43235300313, 166898.44194790593, 159511.53213153646, 183368.3841488133]
[180835.68073349123, 205098.33248804175, 237440.55562087055, 180677.97059820732, 167746.64356284565, 174130.75379925471, 204531.14818822633, 217852.83750585647, 173101.27920105722, 184004.6384599505, 180468.6200272196, 168103.87814534866, 194828.65176268123, 175306.1092828628, 184026.79970054099, 193367.76766541833, 193423.71751596843, 186878.21139621912, 184729.36070036676, 191099.06255676842, 183693.07576947616, 212626.6020022311, 221181.5738117551, 183921.13376248121, 169983.3084772824, 159854.57685368787, 186075.23618089157, 189848.66021633797, 213943.5962822521, 161054.9747806336, 163745.98442878114, 184622.25510359215, 165337.31049579606, 181083.60044961885, 201342.64008373418, 206811.8190243442, 208177.30266711165, 162366.69327008992, 193908.71765923654, 167616.68235820733, 194456.3595313095, 197903.19330371552, 174813.7118823215, 188400.22343699884, 156625.2911390991, 176655.34986773046, 177150.43235300313, 164603.56049609958, 158340.40222237376, 182948.63731964293]
[180835.68073349123, 204577.36997964428, 237215.0370384141, 180379.7285479538, 167746.64356284565, 174130.75379925471, 202497.04148012068, 215325.28901518765, 171575.29650132245, 181489.6641336108, 173520.42888887337, 168103.87814534866, 194273.22903550082, 173202.0199960524, 183005.30736928232, 193203.35923547432, 192298.81172411615, 185825.65791550511, 180593.22372355763, 191099.06255676842, 181863.99597470975, 211041.7768796185, 219434.98858398828, 182094.4317692421, 169345.94341120525, 158806.14249587347, 184191.71702419224, 186514.15379752868, 212950.417415319, 161054.9747806336, 163745.98442878114, 184560.63638270856, 162815.16951150098, 180748.27811824338, 201342.64008373418, 205962.61680549165, 208177.30266711165, 159052.31242999888, 193280.06425633756, 167194.04243730108, 193859.42759638187, 192694.09988204623, 174155.95800501475, 185209.33262223465, 156149.32937237408, 172754.75773975666, 168407.4177614494, 164212.99184282037, 155184.72541210824, 177564.9332738409]
[178193.23040910758, 200136.35076479166, 237080.78668780794, 180379.7285479538, 165789.4507934409, 174130.75379925471, 196262.92975826253, 213723.87332840217, 170458.3216186988, 181207.7998935518, 166920.1142535155, 166674.75109125575, 194188.64243459664, 171255.20231876354, 182938.38498859658, 193203.35923547432, 188308.43964167577, 185825.65791550511, 179699.36974355084, 190789.50860475155, 179224.53236964054, 205864.76363106337, 214667.28213279526, 182005.81494860802, 165608.167719013, 156937.52781262467, 184093.86742962225, 186514.15379752868, 211857.0009458948, 160986.2422926659, 160735.7882965999, 182548.43123081414, 162300.57848032782, 178306.31956700262, 199529.34864312317, 202966.75164028973, 206526.59634361867, 158225.82133555756, 193280.06425633756, 166959.10134185987, 193155.13489807097, 192694.09988204623, 174155.95800501475, 185209.33262223465, 154161.88161754346, 168525.06330200663, 168407.4177614494, 164212.99184282037, 154318.87858271197, 176109.88691715503]
[177387.3953507828, 199188.13606656453, 229360.73259907152, 180379.7285479538, 165369.48449440577, 171553.91574547405, 196262.92975826253, 211890.15719818597, 170458.3216186988, 179259.0200454301, 165767.36482590757, 166635.40831660206, 194188.64243459664, 169417.27730543428, 181548.39113234222, 191471.21491345135, 185702.42103447602, 184557.45671182981, 178545.89530694357, 190789.50860475155, 179224.53236964054, 204990.3996770985, 214007.76967570875, 180888.63930016613, 164409.7631260356, 156937.52781262467, 182268.78102079983, 184974.3123642689, 210137.3406474581, 158900.7654534722, 158692.69516054424, 180569.5531916708, 162106.3555222706, 175218.52427809456, 198318.11255751114, 202966.75164028973, 202739.00909004523, 157435.45575916072, 192463.68215234316, 165542.40981644072, 192283.14902684832, 192694.09988204623, 173059.66744947148, 183690.20930192756, 154161.88161754346, 163405.30353908573, 168407.4177614494, 164095.3280830058, 154120.00541151458, 175085.47955565114]
[176052.79572829383, 191700.41722585144, 226390.53299318333, 180379.7285479538, 164537.33347408165, 171553.91574547405, 195167.23905562836, 207289.89080689606, 167044.09934184497, 179259.0200454301, 164971.13049241272, 166326.8381528862, 193715.10516119297, 169148.7297522337, 179071.5115501788, 191471.21491345135, 185702.42103447602, 181585.203040662, 177933.41055803042, 190641.53155710993, 177264.62815074425, 204253.83438736646, 213975.33734604172, 180888.63930016613, 164409.7631260356, 156937.52781262467, 180225.75802029023, 179246.7583730342, 207483.93445776938, 158900.7654534722, 158067.32137482945, 178490.98324683425, 161717.0278831951, 175218.52427809456, 198021.3424310494, 202966.75164028973, 199083.2004438885, 155446.5775486917, 192463.68215234316, 161585.81141543455, 189336.50460025002, 187773.97900833888, 171403.73856039133, 181609.35194038547, 154161.88161754346, 162740.44021442186, 168010.08918316293, 157516.38074908595, 152194.53624941132, 172491.76572940007]
[171609.96757032638, 185275.23838217332, 223659.4301675762, 180379.7285479538, 163180.12989511067, 171127.52375745669, 195074.41376311178, 206513.15957514104, 166484.21354639798, 179259.0200454301, 163803.13067389434, 166326.8381528862, 190925.9549118619, 163962.82147010177, 175669.04515506243, 190327.5303084702, 184629.64171645715, 178286.94011234428, 177933.41055803042, 190291.79392629402, 175126.27802718198, 201732.2727381874, 212756.95455042977, 180888.63930016613, 162869.74435728107, 156937.52781262467, 180225.75802029023, 175023.12961105336, 206413.6019335399, 155788.88795964388, 158067.32137482945, 174929.42520472984, 160030.71927561465, 174809.27159364277, 195833.84597797366, 201504.95586884202, 198790.0596332209, 155446.5775486917, 192195.95137695325, 160887.96762589653, 187232.67094331232, 187773.97900833888, 171297.95095571212, 180692.15175531604, 153645.73253976874, 161722.11797903007, 164777.6541592006, 156078.64744477562, 151972.14923537543, 168125.2387118646]
[171609.96757032638, 184643.70211508995, 221626.95730949807, 179643.3363903067, 161474.54214133878, 170783.96845152386, 195074.41376311178, 199347.5935319728, 164350.76014095495, 177505.73099409815, 163597.97786979043, 165630.33830358542, 188653.00606498087, 163476.8320792801, 172996.75438737133, 187493.96773036238, 183317.2497796851, 171875.58045012067, 175378.39210937344, 190291.79392629402, 173017.8099241288, 201732.2727381874, 212287.23947449285, 176958.04040406493, 162869.74435728107, 156832.43988096152, 176426.83285473663, 170006.041053442, 206413.6019335399, 155765.24354468318, 157125.55642305818, 171775.17995910748, 159939.35519740387, 174649.11931558204, 193276.99080814412, 200909.87696556706, 196902.69149721044, 155446.5775486917, 192123.01304787188, 160277.24997518107, 181583.24923862203, 187773.97900833888, 163587.86381740088, 180692.15175531604, 153113.7682486835, 161722.11797903007, 164777.6541592006, 153860.71050435628, 151972.14923537543, 168125.2387118646]
[170641.9177416826, 184480.15107445224, 216706.5538917696, 179013.4880097736, 159233.91930265207, 170364.700196693, 195074.41376311178, 197989.2819814486, 164350.76014095495, 176973.72821971274, 163597.97786979043, 165425.5874447403, 188653.00606498087, 163476.8320792801, 168583.26159736974, 186922.94063025198, 183082.7907236306, 170851.50689735176, 174182.58910518448, 190291.79392629402, 172862.91676240752, 198072.97177045804, 212287.23947449285, 176277.36747859418, 160368.82678956242, 152550.2214892627, 175423.11267720096, 168434.63444230292, 203579.8730580274, 155688.6439311517, 156985.23999006287, 171775.17995910748, 156926.08095700262, 174017.68958219694, 192208.9878315383, 200909.87696556706, 196902.69149721044, 154930.96593881847, 191211.9457109992, 157324.14945674926, 179492.50449138082, 184721.3930474377, 162710.30869552912, 178510.8365868961, 151997.63898963746, 161722.11797903007, 162326.20003429262, 153710.75138500155, 150761.04473563525, 168125.2387118646]
[169136.12434060828, 183069.31344011886, 215208.91167090926, 177653.976567698, 155308.36501447734, 170364.700196693, 194571.05693749493, 196011.0431723383, 164350.76014095495, 176039.6382428166, 163597.97786979043, 163984.1109206733, 187724.75548792604, 163476.8320792801, 166582.5854529773, 186922.94063025198, 182512.72644031327, 167928.1179233173, 172455.34429152388, 190291.79392629402, 167727.11189468292, 198072.97177045804, 212287.23947449285, 176154.480428245, 159389.38880723633, 151898.47820561822, 172527.20691117054, 167931.866737624, 201656.88919109025, 150905.9903281986, 156985.23999006287, 171537.83895465857, 151048.66886069486, 170390.81837361777, 189391.92700692554, 200099.886857343, 195842.15841617392, 151152.12146098173, 191211.9457109992, 157324.14945674926, 179492.50449138082, 184069.2569330795, 159736.62625376604, 170551.24818434945, 151388.3606346109, 161722.11797903007, 160678.17623848218, 153343.82236072072, 149558.67176931415, 167780.05848022632]
[166634.06864811448, 183069.31344011886, 215208.91167090926, 177653.976567698, 154957.558348322, 170364.700196693, 191085.83329777396, 191686.81106255896, 163579.84654934864, 175426.7324949785, 161049.80771076315, 162831.11890065164, 187147.47871905364, 162541.32858429325, 166023.97041984624, 186249.28240411275, 176044.2812579757, 167928.1179233173, 168875.66412149376, 190291.79392629402, 167727.11189468292, 198072.97177045804, 210896.57412895904, 176154.480428245, 154226.69558452675, 151333.03145738572, 172527.20691117054, 163375.498546029, 201441.33260202658, 150905.9903281986, 156102.9551268259, 168918.35002017542, 149610.99199528425, 170390.81837361777, 188495.16676803734, 199478.2269189131, 195221.8426496161, 150791.66325287128, 189938.5763795413, 157324.14945674926, 171979.4665373469, 184069.2569330795, 159053.6663332445, 169281.573273276, 150214.8795744127, 161722.11797903007, 159823.0168952154, 153343.82236072072, 149001.47736488606, 166062.43518818382]
[166230.1469447563, 183069.31344011886, 209806.7125807653, 171875.53215446297, 154146.4504934275, 166609.5795777524, 188225.9921808449, 191686.81106255896, 161909.69877376343, 174992.00694694434, 160918.9294571335, 161659.8853987953, 185899.99768449215, 159859.6206154874, 165741.4291965166, 183422.1747567391, 174501.8548557208, 167928.1179233173, 165327.59463273003, 190191.9491447542, 167391.13681119145, 196432.58203895635, 210896.57412895904, 174292.94182684968, 154226.69558452675, 151333.03145738572, 162732.79328658452, 163375.498546029, 201441.33260202658, 149167.84926783093, 154199.26307451588, 167161.571546028, 149610.99199528425, 170108.6273636016, 188495.16676803734, 198994.5031468502, 194181.63928688227, 150079.3931174903, 185402.27901105402, 151894.80645497667, 171362.02945850705, 183919.1337955707, 157956.6730905897, 167675.85615457472, 150214.8795744127, 160989.44867901524, 153539.25740987223, 152768.65317800452, 148768.45603531305, 166062.43518818382]
[163637.6765377867, 181425.54029560168, 207753.7418350122, 171875.53215446297, 154146.4504934275, 162708.95479734152, 188184.97666323706, 186262.713725917, 161429.9185285219, 172097.5623296633, 156717.4419893859, 155343.42200107314, 184998.63169033767, 159188.48340441356, 165257.8140999468, 183422.1747567391, 174501.8548557208, 167392.38117747597, 165143.67761635696, 190191.9491447542, 160010.3877350777, 196432.58203895635, 209565.52239321405, 174292.94182684968, 154165.35598849304, 151333.03145738572, 161684.6015994399, 162725.42250249075, 201356.29975833703, 149167.84926783093, 154199.26307451588, 167161.571546028, 142784.2583044266, 168544.58085728457, 187975.80635436522, 198994.5031468502, 194181.63928688227, 149162.78219030087, 181769.25335389312, 150564.87558381463, 171362.02945850705, 183693.98218490556, 157956.6730905897, 166349.51082050678, 147866.10952826528, 159226.15697516943, 151288.3568061388, 152115.81183848454, 148768.45603531305, 162358.96340439512]
[162729.8846076887, 179472.68605420232, 206092.2116142794, 165976.54835890647, 152279.74981340783, 161842.1374544301, 185315.9378636374, 186224.10116103344, 159933.77860159747, 167703.2425057814, 155991.4671915556, 153845.84207108922, 179752.57873681156, 158798.29956195768, 160323.31749216243, 181986.7492286163, 174230.02922249143, 167138.02509080997, 162535.61449148454, 186131.83940164384, 154831.48293251806, 196432.58203895635, 205534.43762468995, 174292.94182684968, 154165.35598849304, 151281.11086787347, 161183.50349365815, 160074.21731472848, 197133.0000161611, 146801.5030692788, 152176.33632190575, 166662.23955434622, 142302.34176816046, 167334.35966547384, 185668.11132358626, 184673.5018118526, 192334.36949151926, 141390.08133225894, 181769.25335389312, 147812.7297368039, 168251.73515977943, 181645.33703734213, 155145.25899913622, 166349.51082050678, 147782.75544778715, 157329.99352469496, 150600.07314699833, 151216.7152058212, 147638.03960262737, 159428.3433082425]
[160823.8286825823, 178759.79242763776, 203543.25688602543, 160754.68812052035, 152279.74981340783, 161842.1374544301, 185315.9378636374, 185779.91630146184, 159444.82459639598, 166867.65525016768, 150193.25489784576, 153845.84207108922, 178828.0076226975, 154994.46937905753, 156781.64590034712, 181304.08280876794, 174230.02922249143, 160103.4327962314, 160910.64355646208, 184881.02559173078, 147465.73245313915, 195693.23393499473, 203706.2589845269, 172631.64820950566, 152997.35522438033, 151281.11086787347, 161183.50349365815, 159897.20716065186, 190732.3450733922, 146801.5030692788, 151627.2211391268, 165072.4891786198, 139674.36869455717, 163956.73665856387, 185668.11132358626, 184455.82801711492, 188760.95666529227, 141068.49485103454, 181769.25335389312, 145367.18579283575, 167950.80485708674, 180205.61789804866, 155145.25899913622, 166349.51082050678, 146065.3314427399, 154311.4234046592, 146862.81063428265, 149065.17172092263, 147138.8691637272, 158602.61919101537]
[158028.894586424, 178718.3416651843, 203369.3717587823, 159103.0897847424, 152048.82217428318, 161542.32666950225, 182909.33088257464, 183431.14111447154, 155134.03053751163, 166867.65525016768, 143453.07619712342, 153845.84207108922, 172326.5584908117, 153466.40343693848, 156273.04286775913, 181146.55839841094, 173555.99950394672, 159362.44655829118, 160212.46385062704, 182947.6079830869, 146613.64144471605, 193441.54345629158, 194292.31699309472, 171343.18964574538, 150616.3191219167, 147588.86306166486, 161183.50349365815, 158893.7455533275, 190732.3450733922, 142506.21445510324, 151627.2211391268, 160836.0031295758, 139674.36869455717, 163646.3535042336, 180832.8743397097, 181657.4478887771, 188337.3230658952, 136147.4546057906, 181769.25335389312, 145173.84068980915, 167950.80485708674, 174619.60047167935, 153943.52311208635, 166349.51082050678, 146065.3314427399, 151944.13410429194, 144709.40398808155, 148654.08631877555, 147138.8691637272, 152593.87126519735]
[157721.49902131542, 176233.28202638333, 200480.7005341282, 156787.0524119897, 148122.3198397826, 159655.3382405133, 180890.19819642956, 180947.66693962528, 154761.50121912739, 165514.4055245111, 140235.53417997464, 153845.84207108922, 172265.74788688502, 153225.8253201961, 155860.88906633522, 180054.9518042371, 173391.89957425845, 159362.44655829118, 157849.47241205248, 179810.98489632114, 145961.47845171968, 187585.39770070446, 191395.61192766065, 165331.26437481173, 150316.56480094575, 146678.52397461532, 159844.5162705408, 156798.8250793923, 190089.7454330431, 141447.17863324296, 150181.34109232508, 160836.0031295758, 138056.09315883237, 163582.08415571786, 179764.71608542308, 176308.16250781497, 187279.77998479054, 136080.39885640368, 181769.25335389312, 142468.62871676663, 164562.68746518565, 174619.60047167935, 153943.52311208635, 165907.99812189845, 141901.27347948943, 149687.21538887412, 143333.93067269222, 148174.27205267333, 146377.10091540558, 152593.87126519735]
[157491.7854650295, 175092.81433787948, 199712.67107448174, 155657.80170476137, 144687.59327986528, 158129.6462415164, 177674.16080859667, 180324.88217286547, 154210.58603803316, 162129.04716768928, 139968.07557424615, 150243.95032907388, 167298.05804123997, 151896.56558490725, 151833.1300463878, 170644.3592047884, 172286.7410125329, 159170.18281485696, 156772.75815596053, 176050.7305417687, 145961.47845171968, 187585.39770070446, 188007.75273443715, 164153.08659940804, 148299.88110743495, 143533.16689037584, 155618.49729958468, 156798.8250793923, 187716.60684858004, 141400.1795803827, 144737.26910842763, 160164.83334823666, 137990.1714485814, 162096.33616428007, 178987.52750821476, 175527.138520848, 184624.1569179835, 133364.6808570993, 178556.9716832398, 140857.39321601856, 160062.41044201097, 174619.60047167935, 153943.52311208635, 165129.7631010928, 140564.23286695074, 145733.68125338288, 142816.7655990187, 144339.23598385014, 142308.94003430646, 151368.89748832694]
[154914.65003006993, 170891.33141697658, 197222.35085721881, 153823.92447744714, 144670.46434677904, 157898.70656081056, 175237.55376652186, 180324.88217286547, 151241.20230750597, 159873.34010218462, 138716.4553989563, 149864.98393314664, 165918.60903482503, 147819.84196000217, 150493.8927969031, 170644.3592047884, 172286.7410125329, 156402.53158492973, 154524.86027010102, 175788.73838237886, 145961.47845171968, 184510.30161322418, 186065.83994879335, 163191.88096592942, 148299.88110743495, 143533.16689037584, 154760.46521918857, 156798.8250793923, 186631.5080521147, 141400.1795803827, 144737.26910842763, 160164.83334823666, 137990.1714485814, 156880.80492961622, 178987.52750821476, 175527.138520848, 182846.9996297196, 133364.6808570993, 176871.9737211735, 138666.69998182816, 159474.0224277889, 174619.60047167935, 153943.52311208635, 165129.7631010928, 140564.23286695074, 145290.48776858486, 141624.0755017179, 143719.13961708534, 142308.94003430646, 149387.66422098997]
[152635.27066896693, 170142.9798614801, 193790.47123894864, 153823.92447744714, 141836.77729477538, 153849.3028894, 173310.06601519886, 176245.41094001668, 151241.20230750597, 157140.46634396166, 138716.4553989563, 145793.6469790042, 163187.12180465454, 146019.4990201025, 149697.91536493093, 165378.95192836976, 171323.68544590805, 154478.99703371906, 152906.68782901592, 175073.16114383534, 145191.45924841505, 184510.30161322418, 184528.71970723954, 163191.88096592942, 146608.79897803738, 143359.92680375074, 153302.87973482587, 154064.66557788436, 186311.9659954039, 139198.8325505892, 144737.26910842763, 159326.00371861405, 137703.66279471637, 156224.3885365702, 178054.67967322157, 171396.67620630944, 182846.9996297196, 127947.06697764891, 175364.66919052348, 138270.7806300116, 159064.65965620405, 174619.60047167935, 148654.12417359193, 165129.7631010928, 137107.16775417086, 144632.83881433232, 141624.0755017179, 142924.3387078132, 141476.7882523618, 149387.66422098997]
[152616.08875781344, 167868.57429933667, 192324.82412675652, 153719.9933147079, 141250.6559717623, 153482.65760231824, 173310.06601519886, 176222.679556466, 151241.20230750597, 157140.46634396166, 138529.01937600138, 145763.60889678742, 159192.14618323586, 143934.02073131927, 149551.12825137976, 165378.95192836976, 169564.51558298952, 153279.257494984, 151226.2066873, 175073.16114383534, 144700.78147686884, 182324.0355416948, 184528.71970723954, 161574.30924509087, 146450.14489971948, 143359.92680375074, 148129.37668878838, 151652.23977533955, 183993.57854578563, 136696.41140354652, 144721.1104955264, 159326.00371861405, 137703.66279471637, 155016.191471616, 176691.25572285653, 171396.67620630944, 181442.87434513256, 127885.6889849054, 175364.66919052348, 135437.24147282864, 156720.61421699653, 171938.22716647224, 144332.86037656234, 164492.93925059, 135498.02535844618, 144632.83881433232, 140867.70992673526, 140573.92648214698, 140966.45718271198, 149368.5567463656]
[152616.08875781344, 164660.48767956847, 191796.06675123647, 152900.68995918488, 140851.0366031818, 150259.9843601413, 173220.34556589907, 175802.26408702708, 151241.20230750597, 157140.46634396166, 137239.77610264107, 144198.22360350244, 155579.04073760478, 137498.91613020835, 148647.30146752825, 162590.79412228958, 169358.88743947144, 153279.257494984, 151226.2066873, 172612.64982455398, 142609.77306662197, 180207.57919637772, 183842.4593618171, 159922.257942988, 144663.28930301534, 138884.73833270284, 148129.37668878838, 149553.5409112337, 183625.35142755456, 136696.41140354652, 144461.42720725702, 157058.53446541267, 136382.53164255648, 152944.14750337644, 176691.25572285653, 171396.67620630944, 181442.87434513256, 127537.07917817848, 173853.3700658534, 132520.97798332066, 156690.15739136972, 171938.22716647224, 144332.86037656234, 164305.78771341627, 134800.28701673582, 142400.8937922016, 140867.70992673526, 139808.84186431143, 137668.62485677234, 149368.5567463656]
[146863.41211183992, 164484.47383046462, 186214.71172503594, 152157.68038008522, 140099.68417934503, 150259.9843601413, 169299.3991141368, 175443.81048454813, 147660.07642765585, 155910.4772390458, 137096.24316484295, 144198.22360350244, 154794.17647843205, 134818.72186240068, 148160.78723810567, 159341.39736791892, 167622.0657543339, 151962.0158336838, 151224.7961339543, 172361.48337666117, 142313.6700682888, 179744.88270540306, 183842.4593618171, 159922.257942988, 143487.26569148208, 138297.227907644, 146827.44417152047, 148170.49881770625, 180087.58223825908, 136606.78560529437, 142663.8178862332, 156358.76397671868, 136382.53164255648, 151446.89557537722, 175998.83029284002, 168455.83390424354, 178701.19825567142, 127035.73114094518, 170574.34917461715, 129515.209510783, 156276.76083544933, 171680.66413039688, 143537.98644045365, 162434.15016639704, 133845.41716798214, 142400.8937922016, 140437.0115321143, 137371.57250583134, 134807.0773621821, 148864.99802976387]
[146863.41211183992, 164484.47383046462, 184771.2541342731, 146985.3946053235, 139685.24534398178, 149663.76574527248, 167077.33697321822, 174785.2670099148, 147660.07642765585, 153646.21581392435, 134923.8282426785, 144198.22360350244, 150557.22421372015, 130392.17337717004, 148160.78723810567, 159111.56860831642, 167622.0657543339, 149933.36752167434, 149782.4623384791, 172259.38160702804, 142313.6700682888, 175912.4475479587, 181464.96253385596, 158296.4920559383, 141483.39322760128, 138067.02447497152, 145978.34841057163, 145342.55619705003, 175188.36036541875, 136606.78560529437, 141049.0682167216, 156358.76397671868, 134583.13908927934, 150058.72695924647, 172873.1590819742, 168455.83390424354, 176620.2237510619, 127035.73114094518, 169568.74866416137, 129515.209510783, 154605.10492214802, 167722.6997491107, 142224.2519658583, 158828.09467417796, 132475.60235656163, 142281.2872512162, 140437.0115321143, 136835.99436405272, 132767.0579632491, 148714.15975130838]
[145181.0912500116, 161858.64495722, 184771.2541342731, 146985.3946053235, 139685.24534398178, 149508.8305960632, 165904.9384017614, 174785.2670099148, 147474.18085435193, 152752.68572650227, 133954.04942189998, 142790.14062014857, 149159.273420613, 125676.23286945971, 147660.07682388785, 157927.0347623755, 167052.499711949, 149933.36752167434, 148985.46940076523, 171377.5001457867, 142267.51337530644, 175912.4475479587, 181464.96253385596, 155082.51708052706, 141054.70046773303, 138067.02447497152, 145978.34841057163, 145066.34366446632, 175188.36036541875, 134477.9562941286, 141049.0682167216, 156358.76397671868, 134132.0133962899, 149394.1769513465, 168346.5031944583, 167366.00240496878, 173520.5013241512, 125547.27745342236, 167221.21681917403, 126544.84328103352, 154605.10492214802, 166898.04398513894, 142224.2519658583, 158267.68818995263, 132475.60235656163, 139735.58723495944, 140437.0115321143, 136835.99436405272, 129912.86260633243, 148714.15975130838]
[144555.7631580188, 161858.64495722, 184064.9374450376, 146482.7593600925, 138870.1919445318, 147771.64055424146, 165904.9384017614, 174375.71071305408, 141566.24122743015, 152170.7806214465, 133580.75881113097, 142030.04442052863, 145474.1181822807, 125676.23286945971, 146241.02147208882, 156142.7006799371, 165915.62431128297, 149933.36752167434, 148985.46940076523, 167112.70226074493, 140558.6452805517, 175912.4475479587, 181464.96253385596, 152809.32725355373, 136890.8126164665, 134680.38015116594, 145978.34841057163, 145066.34366446632, 174909.2443288197, 133589.53742943477, 137796.59314464408, 154604.00754958187, 133446.96576896642, 147312.53488512788, 167013.54162850825, 166142.67911759345, 168648.06502381802, 125443.95809977052, 165790.7662196081, 126453.61182744506, 154502.98272135432, 166898.04398513894, 139629.07840228349, 155292.81976796745, 130470.75753490758, 139735.58723495944, 137714.24158547766, 134741.87694596703, 128210.32670040049, 148566.79007241045]
[143522.11411236128, 159472.26526337973, 184064.9374450376, 146482.7593600925, 138870.1919445318, 146287.02168161952, 165064.9916467231, 170454.07140643714, 141566.24122743015, 151803.27844535303, 133529.66423390823, 141978.42775845344, 145474.1181822807, 124300.75334570397, 144712.54414689078, 152551.71787721958, 165915.62431128297, 147993.36741380783, 147281.3773191828, 164782.60359863096, 140558.6452805517, 175912.4475479587, 178861.19918163223, 150945.5794884122, 136890.8126164665, 133020.4684547866, 144984.63527433004, 143388.15149482028, 172087.11509792967, 133478.84160324454, 137761.59325831063, 153397.80839314737, 133446.96576896642, 147009.53255054902, 164249.46184531547, 166142.67911759345, 168648.06502381802, 125443.95809977052, 161025.2030705194, 126453.61182744506, 153890.64559284115, 163563.7664841826, 135831.26917436576, 151027.28789569135, 130470.75753490758, 139735.58723495944, 136811.57349277457, 134741.87694596703, 128210.32670040049, 142514.11879946582]
[142118.7010428963, 154635.1307456139, 182262.66943840234, 145979.2431628526, 138870.1919445318, 138832.0055296785, 164710.88421965914, 166298.5252513939, 141087.336861953, 151803.27844535303, 132339.78859316773, 140363.60807780264, 142975.4651088095, 123509.95881518038, 143541.31944477165, 151547.36373164135, 164920.47331517335, 147109.6615237751, 143494.77273375675, 163946.1923406801, 140306.17367090384, 175305.52222954232, 178739.16165572926, 145355.7339968737, 136571.91983194795, 131275.88594952197, 144984.63527433004, 142992.33471925216, 172087.11509792967, 132053.51937639038, 136598.5052923272, 150950.76997423643, 132953.8922350398, 144560.10527449785, 163358.94496004775, 163801.18925062814, 168648.06502381802, 123080.557663396, 161025.2030705194, 124338.208463582, 151605.76293063286, 152665.36182994372, 135831.26917436576, 149663.98658861374, 130275.94962894032, 139347.4622836523, 134798.73981742674, 133810.19415679414, 127514.28140113284, 142371.789126046]
[137237.3769068273, 153572.18348486238, 182262.66943840234, 143287.89474289073, 137737.8953976551, 138028.72405426684, 164710.88421965914, 161066.03972694912, 140336.61353828706, 150893.19640029568, 129351.49599292854, 140363.60807780264, 140647.47606092895, 118547.62542365145, 140690.17231213648, 151049.04741141602, 164782.2872196832, 145439.08235259255, 143494.77273375675, 163946.1923406801, 140306.17367090384, 174008.1028504376, 174278.9240602575, 144591.92620678333, 134306.9837221998, 131275.88594952197, 143901.33141449923, 141910.81017392603, 171773.11911033423, 131993.1506001822, 134799.18941524468, 150319.80840131966, 132953.8922350398, 144159.52287880672, 163358.94496004775, 163801.18925062814, 168316.8301249901, 123080.557663396, 159894.9588707494, 124338.208463582, 151393.84333670014, 152524.50099757692, 135831.26917436576, 148791.61613425633, 130275.94962894032, 138944.75745999848, 134798.73981742674, 133810.19415679414, 126671.23934357215, 141309.68665844802]
[135555.51104835598, 151926.46628872806, 182262.66943840234, 143287.89474289073, 137333.85015878448, 136576.30135190647, 164710.88421965914, 161066.03972694912, 139356.1204804974, 150893.19640029568, 128888.75010542474, 140363.60807780264, 139948.15379773855, 118547.62542365145, 140216.37335269648, 151049.04741141602, 159007.79761796587, 144338.2853796428, 142286.95721547253, 163390.32027248427, 136232.7898740334, 165856.1680570095, 173145.064820212, 144177.84688747625, 134306.9837221998, 126255.55958800807, 138932.3732115818, 141910.81017392603, 170634.18383288302, 131986.29467322564, 134569.36647747498, 148570.82831214703, 132953.8922350398, 144159.52287880672, 162167.9308908074, 163801.18925062814, 167827.38392297574, 123080.557663396, 155973.48247015887, 124338.208463582, 151393.84333670014, 152509.48747444333, 135831.26917436576, 148791.61613425633, 127709.83848496825, 138050.48798329948, 134798.73981742674, 133157.37542065716, 126014.18943704295, 139143.96491723202]
[135555.51104835598, 151459.07057455968, 181490.73623656176, 142050.24728686555, 132002.17560604922, 136576.30135190647, 162251.40333077314, 161066.03972694912, 137522.8062313451, 150123.30230753936, 128869.3422546492, 139139.85804899587, 139436.6478924745, 117050.96049852984, 140084.09122085862, 150211.0020819744, 157578.29500871513, 144199.7873363385, 141817.16422089486, 163088.22346689695, 136217.24190309274, 165856.1680570095, 171022.95219322055, 144177.84688747625, 133920.60904888663, 124820.97191714181, 136658.62098200672, 141910.81017392603, 166246.71733862313, 131986.29467322564, 132651.27062137148, 146494.33469939558, 132574.54206352154, 143764.84046986006, 159274.21683972108, 163522.1490553154, 167184.52896065926, 120609.26480306755, 150835.7400630707, 124338.208463582, 146965.6813030894, 152509.48747444333, 135381.60431988945, 148693.8459916841, 126959.51886188165, 136070.95821224878, 130294.31728531394, 133039.24371046163, 125840.63198584314, 139009.49647937232]
[135555.51104835598, 149660.64546141654, 181490.73623656176, 142050.24728686555, 131124.1580694847, 134373.7000519276, 160699.30164155466, 156792.55325976256, 136842.16699492958, 150123.30230753936, 128560.75498233856, 139139.85804899587, 139436.6478924745, 116201.42784011709, 140038.79853065056, 150211.0020819744, 155882.05923540916, 143682.2942934144, 141817.16422089486, 163088.22346689695, 136217.24190309274, 165856.1680570095, 168705.87614253917, 144177.84688747625, 130864.16765685836, 124611.1233515508, 134201.6720881243, 141910.81017392603, 163248.5997208346, 131984.38876321906, 131696.26789477962, 146063.19578736712, 132570.65054966515, 143614.64605163835, 156672.90753468472, 159933.4335050981, 167078.09259934045, 118909.37555450093, 149800.68333218782, 123409.80163745621, 145684.89696528157, 150853.85138710303, 135196.9107591879, 146067.44833002926, 126331.20335002485, 134067.991888878, 129875.60836362652, 133039.24371046163, 125102.83523385404, 138674.01656776853]
[134797.17290113747, 149660.64546141654, 181490.73623656176, 138528.32833049807, 131124.1580694847, 133684.75580481754, 160699.30164155466, 154703.2011428835, 133097.5410581471, 150123.30230753936, 127888.01051258715, 138650.01933862784, 138635.3058366789, 116201.42784011709, 139860.7924295085, 149234.2440463495, 154977.1884494259, 141067.66199331856, 141817.16422089486, 163088.22346689695, 134695.2806361209, 163663.88829791718, 158439.58700922626, 144177.84688747625, 130864.16765685836, 124611.1233515508, 133386.8733037704, 141910.81017392603, 163248.5997208346, 130949.27306881423, 130634.8284941457, 146063.19578736712, 128588.66312073302, 143614.64605163835, 154756.4511148794, 158929.34528687288, 167078.09259934045, 118909.37555450093, 145543.3292769852, 122720.67513604923, 145684.89696528157, 149297.69796489403, 131174.3529905728, 146067.44833002926, 124363.62113234102, 131910.49007817073, 129144.44576313689, 133039.24371046163, 124126.59879128038, 137254.23717536996]
[134110.97816698925, 149660.64546141654, 178406.23500858416, 138528.32833049807, 130056.98739249213, 130233.1070502124, 158211.49051613742, 152970.7007901758, 130692.35831613574, 149152.14387159256, 124998.1308392185, 135190.94579406868, 138635.3058366789, 115493.69661126332, 139860.7924295085, 146431.84106686636, 151782.05729738355, 137839.2653331337, 141607.4727146865, 162875.680423987, 133292.6799513646, 163316.59250440742, 158439.58700922626, 143688.01963037654, 130864.16765685836, 124293.28458881646, 132609.06007800647, 141645.81107746283, 163217.01969517878, 129502.9241904576, 129333.46238665932, 145403.2788645925, 128588.66312073302, 140867.6120338776, 151734.9321813982, 158395.19148057405, 166413.10476718104, 117265.89266094254, 143196.7867970776, 121589.61249797023, 144752.55167569782, 149297.69796489403, 130974.34580939186, 145308.51926096572, 123183.39692282051, 128299.85200213447, 128821.78567771279, 130229.78212873991, 124126.59879128038, 137254.23717536996]
[134110.97816698925, 149260.88642713238, 176161.41021724322, 138528.32833049807, 129843.26788531365, 129707.38886113928, 154759.88277923115, 150845.08516983426, 130647.7542525266, 148599.115217067, 123798.95410119447, 134423.4080400718, 137294.03289224792, 114511.74555733951, 139138.9597855078, 146053.27428992005, 150142.78325028942, 137839.2653331337, 141523.4706698312, 162156.2121841364, 132234.89285365996, 161532.79523989922, 157554.6784118532, 143002.33486819675, 129815.59523196433, 123737.01477118158, 132609.06007800647, 141060.99417308724, 162824.3843364321, 127703.78550732357, 129043.3356016716, 144344.55368982442, 128588.66312073302, 139946.07288757822, 149784.38921584364, 156444.39604448358, 165795.01753344573, 115384.38398346673, 143196.7867970776, 120161.08082346641, 144752.55167569782, 148720.25444076004, 129155.95602865105, 144231.21370668098, 120537.4265420211, 126010.89864081384, 128472.2566055882, 129604.46234041259, 123545.06887847002, 137254.23717536996]
[133704.82371454354, 149192.88400976366, 175917.11061505793, 138057.27732260682, 128736.6952970711, 128900.69347257695, 154759.88277923115, 150210.0379076161, 129523.06232422907, 147533.9218964873, 123798.95410119447, 133964.20897720812, 135935.8069990021, 114455.68317301983, 137315.4360835224, 144547.44059130028, 148270.8235771676, 137839.2653331337, 139377.32483647228, 158982.30995073757, 132228.1362963053, 157347.3253984346, 154791.59031747695, 141947.1063038608, 129815.59523196433, 123657.35049116572, 132447.64119116, 141060.99417308724, 161270.04925066693, 127356.25491210524, 129043.3356016716, 143602.7741233366, 126158.86168980991, 139596.9453444981, 149133.85385839877, 155231.40945344573, 164816.4850248136, 114684.54740887927, 142108.25309559406, 118449.15480453851, 144752.55167569782, 148086.96180576785, 128809.78011314399, 143750.42495001614, 120537.4265420211, 124123.4460665996, 127493.49754100323, 127869.47883387694, 122802.5718424512, 136598.93483882197]
[130256.85400482686, 149192.88400976366, 172517.6674828883, 137406.46865961998, 127804.88843098553, 128026.30315672889, 153675.48286609512, 144708.1290086775, 127238.37977079154, 146829.06510042032, 123798.95410119447, 133943.72745652992, 134234.28451522702, 113158.57457629766, 134185.32341310667, 144547.44059130028, 147303.27603677096, 132435.0400081395, 138025.29506234365, 157929.09806610324, 132228.1362963053, 156408.90042626427, 154791.59031747695, 141947.1063038608, 129815.59523196433, 123469.99816019964, 131210.60912019206, 136719.6351330483, 160721.25365979288, 127091.13341574273, 128782.32462473455, 143222.07324971893, 126158.86168980991, 139596.9453444981, 149076.10549711384, 155231.40945344573, 164816.4850248136, 114684.54740887927, 142108.25309559406, 116722.07147643692, 144472.82291908012, 145448.06395757996, 128809.78011314399, 143290.89268200676, 119039.05806170581, 121245.73944151906, 124352.13643227806, 126940.51614972434, 122766.42679872984, 136560.3139776449]
[129886.65915042532, 148983.17309208686, 171577.80252780492, 134710.6616990754, 125434.75218264647, 128026.30315672889, 152633.64954330496, 144115.58426270448, 127150.93559499164, 146829.06510042032, 122699.85283104819, 128199.07218044666, 133733.50158008313, 113158.57457629766, 134185.32341310667, 143162.08096859875, 145497.1449629566, 131174.56914753723, 136549.38949093467, 157929.09806610324, 131913.34877753252, 156408.90042626427, 152597.57101563644, 141137.35054187136, 128512.38435626074, 123469.99816019964, 131210.60912019206, 133679.06925574952, 159416.0704269684, 124911.1117084437, 128571.87737715684, 140683.43141032275, 124815.16327713357, 139514.43557435164, 147897.89900339564, 151623.03929901327, 164054.1889476742, 114684.54740887927, 140797.0424687111, 115808.46963694986, 142780.68012164597, 145302.95514995625, 127686.47188416314, 141366.74901337267, 119039.05806170581, 120193.6818249599, 124256.4471270993, 125822.93736343384, 122766.42679872984, 134769.32358991206]
[129886.65915042532, 148176.65675112416, 171334.24968325364, 133801.4785684968, 125434.75218264647, 127297.93632239096, 149228.59220167022, 144115.58426270448, 125789.7754841304, 146829.06510042032, 120116.28805277038, 126804.03415710495, 133733.50158008313, 112591.74371852567, 132045.16477694054, 142250.75912447282, 141948.99357806984, 130330.3241962302, 133644.30210628704, 157554.83325630456, 130427.6021850623, 155116.19727869882, 151860.707125323, 138235.1253277877, 127898.79151065802, 121515.12983985673, 131210.60912019206, 132700.12624885005, 156373.82815386215, 124704.95567014725, 126994.79862483889, 136698.19648491932, 122046.6569146446, 139162.98785053974, 146949.83588687849, 151318.1431392362, 162874.1517742339, 112504.77088007572, 140462.20859425917, 115808.46963694986, 142657.5001547429, 141170.70390839176, 127197.19245429274, 139861.34206232766, 117457.23576956824, 120193.6818249599, 123066.6893664838, 125565.16344265349, 122638.49368680196, 133564.34724591658]
[128208.57492618813, 148176.65675112416, 171334.24968325364, 133801.4785684968, 125434.75218264647, 127297.93632239096, 148601.90207318193, 143999.06512587817, 125789.7754841304, 146829.06510042032, 120116.28805277038, 122748.8528770984, 133508.01753816727, 112591.74371852567, 131576.1417004487, 140867.00309513093, 141948.99357806984, 129694.18476647399, 132853.91643495922, 156310.68039380034, 127746.39687527818, 154405.71146063705, 151790.28528066832, 138116.839584619, 127524.63273163, 121466.08849403886, 130777.58973465461, 132700.12624885005, 156077.6286443405, 123678.48097394974, 124159.48405599038, 136487.827696284, 120841.12657150661, 138121.16117060094, 144460.89173463473, 151318.1431392362, 161694.5954551022, 109902.8874854707, 139291.64914947184, 112794.09791081949, 140392.65212665623, 141170.70390839176, 126334.05215032038, 138729.47387629264, 117457.23576956824, 116234.90684251557, 122411.55743072442, 124796.88956317962, 120320.39210854883, 133564.34724591658]
[128208.57492618813, 145795.71002547053, 171334.24968325364, 133801.4785684968, 125229.47945990603, 127297.93632239096, 148601.90207318193, 143999.06512587817, 125763.06031013145, 145475.08965520104, 119174.07270430887, 122748.8528770984, 133322.6625772089, 111403.47652527658, 128020.61318923521, 138047.2750028242, 141143.0631277054, 129048.81536721837, 130361.89838192992, 152845.58840756927, 127746.39687527818, 153414.3584881927, 151131.85419454225, 135808.80024514924, 126406.97553180488, 120915.83599827232, 130475.7777918675, 132685.3395324, 155087.97655646893, 119701.93941561074, 123217.75180925257, 136165.39062668337, 120841.12657150661, 129836.18617187654, 144266.63162678134, 151046.75212964765, 153883.60895863362, 108177.17442731102, 136511.30756368683, 112794.09791081949, 140391.58581905375, 139262.94875158285, 122762.54543376966, 133408.37233560678, 116024.05842843733, 111424.6175753638, 122411.55743072442, 124095.22831787782, 117549.9704411171, 133465.13297526148]
[127935.61205162255, 144942.06081028536, 171162.75879104767, 130857.99359523054, 125229.47945990603, 126804.2102356557, 147009.30420174368, 141792.57832874678, 123992.24825219282, 142047.39923793153, 116262.86858685632, 122748.8528770984, 132742.80099442787, 111403.47652527658, 128020.61318923521, 135367.34817489597, 141143.0631277054, 129048.81536721837, 128989.16620725887, 151177.36542740685, 127746.39687527818, 152010.21625434508, 151131.85419454225, 135808.80024514924, 126406.97553180488, 120915.83599827232, 130144.20310989888, 131856.5985451648, 154669.9281255376, 119248.66278254017, 120661.43171752866, 136004.99404889054, 119255.17378858481, 129836.18617187654, 138277.2060663901, 149579.97415374935, 153883.60895863362, 108177.17442731102, 134065.93281114427, 112794.09791081949, 139060.54679754158, 138331.0265610192, 121271.05315904159, 132028.90535974957, 115214.7161197998, 111424.6175753638, 122237.60261604656, 124095.22831787782, 114009.7591103667, 133465.13297526148]
[126218.92704749251, 144095.39444737363, 169610.60360720038, 129615.22470153151, 121989.33157283689, 126092.14701888271, 142259.71615461903, 141792.57832874678, 123030.68850857341, 141072.3111142839, 114530.15442304718, 121828.75363696211, 132742.80099442787, 111403.47652527658, 128020.61318923521, 135181.77464013296, 138285.35038639838, 129048.81536721837, 128981.8899720863, 150233.5820016961, 124657.04534742062, 149656.42615166737, 148725.55250568053, 134552.2542300998, 122922.11399828068, 119454.51116883177, 127650.57898410417, 128339.13587846013, 154669.9281255376, 117925.39576567935, 119659.54126304826, 135483.0426196746, 119255.17378858481, 125299.41944351434, 137444.3796614121, 147474.5147911146, 153039.49029672655, 107850.18201161192, 132378.39337138936, 110758.82302783457, 138721.21411155502, 137513.71957686087, 119995.05738450149, 131722.1770608627, 115214.7161197998, 111424.6175753638, 120227.95054760974, 124095.22831787782, 111748.5667953938, 133465.13297526148]
[123102.10067221461, 142433.98735991956, 167489.82334919315, 129128.29098673006, 120696.88861588931, 125175.1681562345, 141458.21973501734, 141384.81012930087, 119778.75286673298, 140650.1481807659, 114530.15442304718, 119856.24269123792, 132742.80099442787, 111403.47652527658, 127736.17025993967, 133640.7795637191, 137974.72773014597, 128585.59513057877, 128512.4667834094, 143567.4384566009, 124479.92531287689, 145458.2705941045, 146795.0124131162, 134552.2542300998, 122922.11399828068, 119218.53705279421, 123553.52364937114, 127461.51498583355, 154669.9281255376, 116886.9133210587, 118063.54985904414, 133831.73956803425, 119255.17378858481, 125195.73820640636, 136497.97451547545, 147474.5147911146, 152461.35473000119, 105140.12728502895, 130094.65239732622, 110758.82302783457, 138721.21411155502, 137513.71957686087, 119806.40102378165, 129671.85049381356, 115152.1240313116, 108469.09782918189, 120227.95054760974, 123435.71752152918, 108881.83601594724, 132293.36757575203]
[122203.57890266734, 142121.6200662817, 167489.82334919315, 127136.11629184327, 119304.97044515498, 123097.89993595346, 138213.08150613183, 141222.34936923446, 119096.67186276396, 140650.1481807659, 114530.15442304718, 119684.46679315376, 132191.8504394295, 111050.21940072514, 127396.01075553433, 133405.8410409269, 135836.29919430145, 127203.55490104477, 128512.4667834094, 139043.04106565315, 123822.91624157953, 144096.5745608071, 146062.83678621185, 134361.7019922742, 122323.1101651625, 118038.24682236425, 120031.22530996436, 126749.78869111743, 152555.13491282618, 116335.01617238198, 116805.644821054, 133831.73956803425, 119255.17378858481, 121507.03416278162, 136497.97451547545, 145801.39731610395, 151302.337013042, 104548.70684483241, 124610.6978074797, 110758.82302783457, 138191.40837558085, 137513.71957686087, 119255.75833682457, 129671.85049381356, 114821.63263519612, 108008.67564907964, 118739.75067734983, 122246.36179142054, 107267.8313398445, 132013.26841609145]
[120597.93956998274, 139934.3657557334, 165488.00168041885, 127105.2306630292, 119225.32959663791, 122612.23237937009, 136441.2148059556, 141030.43370475763, 118817.4669730099, 140035.10188872652, 111232.5512044006, 116149.80649671303, 130302.93924554258, 110947.14017138668, 126727.46463033774, 129428.9650097867, 134312.6540467252, 123659.63402372642, 128171.2913058551, 133515.4141055839, 123173.89979961205, 139872.43725859534, 146062.83678621185, 133821.6354721584, 121890.28625462705, 117676.56992793312, 118862.65095707666, 126636.80847850934, 150554.34398056887, 114004.66463020793, 112231.71125121496, 132019.56658670268, 119255.17378858481, 120116.27457702495, 135424.18657426618, 145801.39731610395, 151059.29589381377, 104548.70684483241, 124610.6978074797, 110130.60725350163, 138147.27474330907, 136154.83207335655, 117412.12144638013, 129362.77449801649, 114266.89865109949, 107177.2206340216, 118188.46364644197, 121443.92579845451, 107267.8313398445, 128597.78194644852]
[119336.02919149278, 137070.39943717112, 164423.1794419225, 127105.2306630292, 119225.32959663791, 119536.97216047658, 136338.25767477756, 132830.80524472933, 117913.09987075867, 138841.29046471082, 111141.97870583017, 113721.4160937673, 128166.2258818286, 110612.12881096694, 125227.46913987475, 129160.3939295348, 134312.6540467252, 123659.63402372642, 127542.55370512682, 133104.919280309, 123173.89979961205, 136105.78827107695, 145779.25241394172, 133553.97944934916, 121406.58052054762, 116330.38726829912, 117954.43089055095, 124214.05488805217, 147845.56833538885, 112440.24250014359, 110881.2434388906, 132019.56658670268, 119255.17378858481, 119851.26944334952, 134944.21290441544, 145801.39731610395, 149336.0174496861, 103487.45246758495, 123697.15349613184, 110130.60725350163, 136524.28408180393, 136154.83207335655, 116348.59608600216, 128042.36102291464, 110039.84647424635, 107177.2206340216, 114878.25993684054, 121111.39131135191, 106945.82041281115, 127731.8309791208]
[116840.79170478866, 137070.39943717112, 163263.1342886095, 127105.2306630292, 118732.17641639155, 117816.18268031513, 136338.25767477756, 132745.6936674108, 113631.09392407404, 138736.8784458064, 111141.97870583017, 113721.4160937673, 128166.2258818286, 110612.12881096694, 123835.72778880142, 127173.01078979783, 132791.33880746906, 123341.33693903519, 125726.19933237524, 132969.71003542692, 122042.18467741061, 135157.8101592329, 143797.15566209835, 130558.07808528918, 121406.58052054762, 114697.97104139689, 117954.43089055095, 124105.86746401674, 145319.1599912005, 112137.39743230662, 110741.33189994775, 129282.3291444671, 119153.55697539813, 119837.65040663788, 134944.21290441544, 145672.7356993873, 149222.36545705696, 102451.2661809961, 121302.83668517617, 108905.12896307612, 136524.28408180393, 134617.9179126853, 114576.61525132458, 128042.36102291464, 110039.84647424635, 105645.4074563644, 114878.25993684054, 117899.97558275801, 106504.7536477979, 125215.03572040924]
[115964.12515089355, 137070.39943717112, 160253.03444444045, 127105.2306630292, 117562.84646343242, 115937.67970261528, 133861.44838317722, 130381.61811426727, 113631.09392407404, 135932.1317439604, 111141.97870583017, 112224.9298316604, 128166.2258818286, 110612.12881096694, 121504.54172641857, 125553.67270362431, 130001.69620452153, 120100.86212743504, 124355.53361877597, 132969.71003542692, 121577.19524835101, 134586.95679141727, 143613.71357262513, 129045.56357198961, 120560.57803782083, 114697.97104139689, 117710.74663129255, 122976.02660004504, 144438.51416066205, 110480.9257545579, 110125.33566320427, 127225.23028801885, 118930.18579294396, 119357.35135594771, 134367.8992816134, 144854.94061665528, 149222.36545705696, 102380.55301315179, 120559.6455535308, 108905.12896307612, 136186.7896102671, 134263.2788500034, 114576.61525132458, 127871.79871799634, 110039.84647424635, 105645.4074563644, 114878.25993684054, 117088.83243373742, 106504.7536477979, 124288.8156935937]
[113846.37863317574, 133978.64857574253, 159677.16156208393, 125457.81893037031, 116124.73933302623, 114908.78832997014, 133359.70067036184, 130381.61811426727, 113305.79413685687, 134206.1329993715, 111141.97870583017, 112224.9298316604, 127395.98062483133, 109257.8489144578, 120114.29331382066, 125553.67270362431, 124372.57433214682, 119538.74560878213, 123085.32146028308, 130809.31867189654, 116363.24699484685, 133380.43169304653, 141673.6753262345, 127985.11933365409, 120560.57803782083, 114697.97104139689, 116840.98638089567, 121567.21072465628, 138117.80506674416, 107883.46110656063, 108446.77445401592, 127225.23028801885, 118322.12309202095, 118788.6885671916, 132224.07749355963, 142079.12836914088, 149222.36545705696, 102242.30876768191, 117712.4252017447, 108310.1366300344, 130082.63742846498, 133703.79398837977, 112631.45518013366, 127871.79871799634, 110039.84647424635, 104830.31077608917, 114878.25993684054, 117066.20607267597, 106272.09365368148, 124288.8156935937]
[112547.7374192226, 133978.64857574253, 157673.76688917598, 124455.45790778185, 115449.3221711351, 113453.03403199938, 133359.70067036184, 127643.32746756745, 110279.53622618648, 134133.78592639198, 109146.89450986113, 112155.21030453756, 127395.98062483133, 108990.93314400085, 118447.80323356707, 122459.55498284812, 120865.2402259827, 117476.89165301008, 119798.35504323951, 130321.7160894667, 113708.47652248868, 131995.64680777033, 139399.91577561936, 127921.05143028444, 118728.79958350521, 109963.81968537936, 116840.98638089567, 119407.29853638433, 138117.80506674416, 106827.00671584524, 108446.77445401592, 126380.0114907459, 115284.79427590423, 116134.76273030264, 131199.21664835623, 141413.8698584888, 146609.75755004148, 102242.30876768191, 116707.49382338177, 108310.1366300344, 126857.64383457435, 133703.79398837977, 110995.13834481915, 126519.03487161151, 110039.84647424635, 103380.41912043723, 113215.8911025096, 115863.259813198, 102826.12817880038, 120882.93766029163]
[112547.7374192226, 132289.70781325726, 153914.96022328243, 124455.45790778185, 114751.69851137223, 112349.02648128585, 131561.5366744409, 127361.54094042808, 110279.53622618648, 132394.02456333904, 107044.83993963592, 110963.53718841236, 125189.99344754843, 106079.29844534249, 118447.80323356707, 122195.44338349, 120865.2402259827, 117476.89165301008, 119330.8844755028, 128828.99274210185, 112529.12938398383, 131977.85184586156, 139399.91577561936, 127675.73157865745, 116096.84485839252, 109345.32229593451, 115621.16637744181, 117654.10008567404, 137769.37473387743, 106016.50915146274, 108339.18634592944, 126380.0114907459, 111518.11503377571, 116134.76273030264, 131199.21664835623, 139834.48508578504, 146609.75755004148, 102242.30876768191, 115358.65570799354, 106164.27208902987, 126597.61418898457, 133249.86126228544, 110454.0218424655, 123809.00579482864, 108807.4779076814, 103380.41912043723, 111218.34609144184, 115669.07362744937, 102666.44542246361, 120595.38206798311]
[112335.30371539606, 130709.70632663183, 153914.96022328243, 123567.82600255455, 114751.69851137223, 111303.07183374414, 131517.57206416893, 127104.31767869841, 110279.53622618648, 129525.78823911923, 104753.54237819806, 110750.42277745814, 124381.0990782022, 106079.29844534249, 112937.2874842624, 120802.9663316803, 120865.2402259827, 116883.49353849271, 119058.67777684014, 125584.66225084748, 111962.18245286254, 131655.07593388172, 134226.5944893805, 127675.73157865745, 114664.98697243686, 108458.49764140465, 115621.16637744181, 116514.4670581896, 136908.6136511873, 102179.10039964509, 107699.823760307, 124433.77112752649, 111518.11503377571, 115700.65163717496, 130672.1301681317, 139425.9655649835, 142230.9806309153, 99780.23183362489, 109974.06101679744, 104652.96407978114, 125780.9072058668, 130585.4152177071, 109274.63807668067, 119834.05555716348, 108788.18457481824, 102782.82222673311, 110478.13906660497, 115284.25136035669, 102101.15930601282, 120595.38206798311]
[112159.9222784331, 129449.37672325678, 152801.51010566016, 122489.81214817232, 114356.43810870992, 111233.35207664245, 131517.57206416893, 126710.943026984, 109202.26556945655, 125853.57676631569, 104753.54237819806, 106791.02131234785, 122686.16084234572, 105925.89237195351, 112937.2874842624, 119152.12554635585, 120865.2402259827, 116476.54598474572, 117251.26389768036, 125584.66225084748, 111405.04891258066, 128596.44768662732, 134226.5944893805, 124726.9602485541, 113009.0593938723, 105902.26651417828, 112741.3794412462, 114994.41479908794, 136908.6136511873, 102179.10039964509, 107699.823760307, 123932.22417235232, 111518.11503377571, 115700.65163717496, 127032.01651122964, 136375.00862943986, 141738.00873496896, 99780.23183362489, 106025.5832128153, 103939.86880682911, 125780.9072058668, 130213.42450215484, 108276.0397516385, 118237.41269204598, 107901.53615829143, 102733.56111282154, 110212.00767879344, 113606.73173504358, 101962.00521094324, 120287.7327476563]
[112159.9222784331, 126487.86998714421, 151822.57430768374, 122489.81214817232, 110968.10543266803, 111233.35207664245, 130538.63503829754, 125921.89416181543, 105406.59931535223, 125051.12766407177, 102737.95383603055, 106791.02131234785, 122457.64634205008, 105691.70267305092, 112665.87744577622, 116349.86437228422, 120400.50088223741, 110403.56829724868, 117251.26389768036, 125584.66225084748, 110677.9068267083, 128596.44768662732, 133475.8540206751, 123032.72732268731, 111272.24498498093, 104653.12220194702, 112250.86774593999, 113174.93322690969, 135329.8249965553, 102179.10039964509, 106644.4229745584, 122295.70012216261, 111322.26562112928, 115700.65163717496, 126970.06250572014, 134540.19519402442, 140165.64078030176, 99652.90905913248, 105576.39991161824, 103939.86880682911, 123504.50742935386, 127987.29748982145, 107951.68781391015, 116152.68440455808, 107901.53615829143, 102733.56111282154, 107225.42925571403, 113282.38138551726, 100186.42817406314, 118436.66028916277]
[112127.31027853026, 126321.29695247035, 151814.72285183886, 121668.04573335937, 110954.75614402788, 110185.6598970575, 129807.43061334286, 125921.89416181543, 101830.58216608301, 124280.5115487321, 102710.02477713462, 106538.22715720355, 122009.89879021494, 105636.75192677001, 112407.3137052523, 116349.86437228422, 120400.50088223741, 109471.59777469872, 117251.26389768036, 123357.21683913954, 109592.6427257783, 128596.44768662732, 132040.72360605374, 122429.47546306446, 111272.24498498093, 102251.6034152005, 111608.09169131762, 113174.93322690969, 131370.04404560145, 102044.42169847981, 105093.61759395129, 121392.33948671135, 110212.10946059565, 115256.84519128429, 124696.87273560834, 132838.4792498106, 137112.5918623933, 98577.5984550856, 105502.49209213397, 103910.56077952484, 119901.7170040042, 124884.87399993995, 107951.68781391015, 116152.68440455808, 106974.41006203453, 101074.73916317767, 107225.42925571403, 112446.41522600471, 99929.23672555588, 118436.66028916277]
[110781.53048553583, 124914.09206016517, 150635.85506594888, 121091.50997511549, 109365.87832472702, 110099.30731527772, 129807.43061334286, 125614.81514867814, 101714.18414947472, 122460.99036393323, 102710.02477713462, 106377.50801191115, 120926.07155748577, 102385.47843563677, 112407.3137052523, 115983.48503762673, 119667.65085629359, 105286.62079703447, 115771.2206718272, 119092.76098383963, 105932.48855841122, 128596.44768662732, 131526.38287384273, 121137.62873282781, 109663.04963335666, 102251.6034152005, 111608.09169131762, 113174.93322690969, 131370.04404560145, 100949.08352837448, 103681.94019952997, 121392.33948671135, 110212.10946059565, 106914.69459942894, 124271.59401817623, 132218.29770200458, 136628.55289606968, 98043.39454848149, 105472.96441910233, 102389.18854227828, 119229.54776637645, 123868.03338281743, 107951.68781391015, 115192.00675248762, 106247.42649139189, 100557.87214422258, 107225.42925571403, 111395.23571940558, 99709.09134663077, 117411.80923216199]
[109669.99269653128, 124619.7438397072, 145853.53607753798, 119940.92903208309, 105181.04501217692, 109697.67456757664, 129172.44637789918, 122563.10010430586, 101714.18414947472, 120739.3805891721, 101942.01592130357, 106377.50801191115, 119350.90693231551, 102385.47843563677, 112394.70578836382, 115253.41111253705, 118249.11762989876, 105286.62079703447, 114217.43020455653, 117570.7578860184, 103001.62095233193, 126891.71451057722, 131526.38287384273, 121137.62873282781, 108903.1893890159, 102251.6034152005, 107648.30600619255, 112800.13594130955, 131370.04404560145, 99232.56430914714, 103413.7624658558, 120571.82932971235, 110212.10946059565, 106452.99635819283, 122896.89726386747, 132218.29770200458, 135613.72566364083, 96416.05931048663, 105472.96441910233, 98585.85646362753, 118921.73020510678, 121869.21385076847, 107502.25348094085, 115192.00675248762, 106247.42649139189, 100056.24370024304, 107225.42925571403, 107693.60302560357, 99065.44882154535, 113104.77182060697]
[109536.15885689268, 124451.98357346805, 145230.4571411965, 116143.28984021713, 105181.04501217692, 109631.16570854606, 129172.44637789918, 121792.72259701762, 101714.18414947472, 118607.49379008931, 100144.1567297194, 106377.50801191115, 117866.65476489856, 102385.47843563677, 108586.02314786178, 114350.81883118628, 117665.13589966219, 104057.28721702064, 113342.98589423171, 116655.93796863903, 102886.24038697276, 126891.71451057722, 130869.16409898414, 119698.61830498542, 108086.94832348253, 101078.44946102104, 107202.39641547922, 111368.42793065104, 130177.5241535909, 95441.3387574899, 102202.03649810136, 119682.4674524536, 110212.10946059565, 104915.57033256334, 121931.9691023829, 127210.03526139511, 135066.64206940687, 95111.0757961618, 104845.80096829799, 96826.09469371973, 117113.76372025597, 121869.21385076847, 107030.8130605005, 114614.42112323476, 105002.56085470346, 100056.24370024304, 107225.42925571403, 107693.60302560357, 97340.79837871189, 112988.39709416832]
[108385.85648719835, 122357.38234380435, 138755.6360055516, 115780.03095170255, 104658.42609879792, 106937.13337148677, 127506.89085749215, 121756.30949513901, 101599.74735914507, 118593.21179931231, 100144.1567297194, 104109.45813127306, 116364.62973896258, 102385.47843563677, 107490.42018449059, 113189.27918276037, 116485.94375233473, 103075.36818573796, 112430.70680589392, 116655.93796863903, 102463.85899575372, 125879.2995271937, 130869.16409898414, 119698.61830498542, 107251.82366588728, 100059.05310605041, 105285.91448556333, 111022.0163117714, 128821.11874338514, 95122.35202529498, 101012.55110030694, 118813.17897400373, 110212.10946059565, 104627.45127699323, 120750.48149427245, 126274.4878585304, 132853.13619069543, 94710.07602497182, 104845.80096829799, 96826.09469371973, 116729.04630639605, 120261.67925823366, 105842.16355021515, 112995.08467104306, 103446.73818447365, 100056.24370024304, 105683.87386150207, 107383.25930431476, 97340.79837871189, 111064.72092554288]
[106514.21527382526, 122357.38234380435, 137856.1190109871, 115780.03095170255, 104270.92903007627, 104651.83649061699, 127506.89085749215, 121756.30949513901, 100733.33337443644, 115142.97188119676, 100144.1567297194, 104109.45813127306, 115064.85081782893, 102385.47843563677, 107490.42018449059, 113189.27918276037, 116485.94375233473, 101412.26129767908, 111835.10656318809, 115849.19767116728, 102463.85899575372, 122492.74412983419, 130869.16409898414, 118578.1661880841, 107251.82366588728, 95664.44217838497, 105285.91448556333, 110782.65462013143, 127644.54762508126, 93845.16511259272, 101012.55110030694, 115973.21839451366, 109812.31349229, 103209.32517986611, 120191.21583764262, 122602.34772919075, 131617.5567827073, 94710.07602497182, 104845.80096829799, 95012.61411236617, 116053.36733374177, 118637.66779074431, 105286.79227610472, 111423.4973281121, 99780.255579421, 98791.4110035636, 105683.87386150207, 104173.88170294467, 96738.48777714778, 111064.72092554288]
[106514.21527382526, 121784.8659638494, 137295.5127612264, 114488.62265680665, 102937.52508133835, 103914.3746005385, 127506.89085749215, 118940.9032502997, 100733.33337443644, 114200.02386170742, 99539.52971703917, 104109.45813127306, 114960.83766306375, 100710.97544703697, 107246.20629511362, 113189.27918276037, 116001.41963312775, 100804.79414141363, 110741.0553463422, 115849.19767116728, 102463.85899575372, 121572.5943105015, 129523.53156218596, 114552.17313696638, 107178.60188568213, 94216.92552901182, 104261.40426423187, 109733.49631165972, 126718.77009031441, 89846.40325365218, 100564.7390264462, 115798.81409071281, 107733.22113419774, 103209.32517986611, 119987.1847213214, 121996.9639007105, 131617.5567827073, 93767.90914108868, 104845.80096829799, 95012.61411236617, 113368.19384370041, 117484.58755749246, 103165.3182328837, 111103.23846346866, 98748.79109089264, 98098.97609281194, 105683.87386150207, 103679.10508978802, 95063.03620119803, 108168.69471351728]
[106411.49292881251, 121137.95947898555, 135980.2653679967, 114488.62265680665, 102562.60883973012, 103631.44825154051, 127506.89085749215, 118940.9032502997, 100733.33337443644, 113133.98010434194, 98945.9586013749, 101683.85191310736, 114688.53773388863, 100270.09462249112, 107246.20629511362, 112893.72091448048, 115247.1479762176, 100804.79414141363, 110741.0553463422, 114141.21990480527, 102463.85899575372, 121572.5943105015, 127209.45985301837, 112281.24051202438, 107178.60188568213, 93556.36221248077, 103995.6007888449, 108223.79762681546, 126718.77009031441, 89518.08470612267, 99796.59537541753, 115477.45566359244, 107157.54743739087, 102209.1618518885, 119883.4486640599, 118493.41873173768, 129952.8811113751, 93767.90914108868, 104175.70568139335, 94266.84925934066, 113105.53249082432, 117111.66189507648, 102567.1752406713, 110424.29490745549, 98748.79109089264, 98098.97609281194, 105683.87386150207, 102824.65452399131, 95056.4487450175, 107498.51659929861]
[102814.3169661, 119678.61228598098, 135980.2653679967, 114430.4250582648, 102201.09376772415, 101117.4238257246, 125837.18361115684, 118131.86702755673, 100618.50573580667, 112636.75205945417, 98175.714484876, 101483.71598546783, 112716.05287567395, 100270.09462249112, 104621.20765813223, 111910.37683500505, 115173.88157979152, 100804.79414141363, 110741.0553463422, 113012.82868103238, 101349.44788903816, 119089.80758852395, 127209.45985301837, 111734.3316347627, 106240.18024563909, 92302.85376619194, 103369.40024282466, 107496.66319019138, 126691.78213698573, 88733.47317908672, 99796.59537541753, 114102.0576952853, 107157.54743739087, 101854.68749506805, 118882.24448628476, 118396.01948623642, 129734.85680788282, 93767.90914108868, 104175.70568139335, 94060.8529714163, 112351.64915932363, 116829.01964908985, 100730.71476396322, 110031.06308012227, 98748.79109089264, 93854.52323790814, 105683.87386150207, 102824.65452399131, 94170.23734033691, 107269.17903943491]
[100866.1968147728, 117505.45644478532, 135380.5062442963, 113317.88806970585, 100712.07366891185, 100337.58007212532, 122909.61484955743, 118131.86702755673, 100600.98339020966, 112161.95814246968, 97773.6050011641, 101110.69654647363, 112716.05287567395, 100207.24240964043, 104621.20765813223, 111333.47796045963, 115001.38609107588, 100804.79414141363, 110741.0553463422, 111005.89402316026, 101349.44788903816, 119089.80758852395, 127114.71516137426, 110988.00671667911, 104402.35524545582, 91448.88960486022, 103283.49554675182, 107052.05251888678, 125145.74564334177, 88560.86073676965, 98862.09576077116, 113181.39668534021, 107157.54743739087, 101323.92832568302, 118882.24448628476, 117403.67872779634, 126065.48948432188, 91372.22943112752, 103378.2413726385, 91099.98728911862, 111322.12399552925, 116829.01964908985, 99045.17676660889, 109124.49406799985, 97214.34523374724, 93478.84911521492, 102456.03739130285, 101029.47406764413, 93064.89120924126, 106509.98869743706]
[100673.22715491331, 116673.73312426676, 130063.02703838566, 113315.88951421599, 99773.03547603633, 100337.58007212532, 122760.8886619495, 117970.31001577254, 99334.0984097873, 109198.17060184588, 97740.85314442441, 98914.17255264967, 112716.05287567395, 100207.24240964043, 104621.20765813223, 110567.07393229732, 113116.23755383799, 100804.79414141363, 110585.30023251784, 108550.37874383922, 100532.57036901377, 117177.42622798793, 122317.84639789001, 108773.4750451713, 104054.11477677742, 89599.78446931433, 103283.49554675182, 106508.35553098586, 125145.74564334177, 88560.86073676965, 98651.27501898266, 112505.5476851399, 107157.54743739087, 98852.13887765928, 118701.49626847608, 116666.1036485051, 125746.6755562009, 91173.38732533707, 101096.42714610758, 89163.39252181812, 111322.12399552925, 116829.01964908985, 99045.17676660889, 108848.32322563666, 95219.66919090468, 92447.98485511022, 101864.06213381121, 100131.29222622173, 93064.89120924126, 106309.49129522727]
[100673.22715491331, 115880.02925836525, 128354.75252919286, 113315.88951421599, 98287.06340591684, 98885.32468345785, 122533.15914275093, 114936.4927350302, 99334.0984097873, 107810.7780087959, 94783.26023417534, 96843.97603024155, 111493.13686703095, 99099.82581420716, 103971.82055460938, 110542.99385195563, 113116.23755383799, 100306.05385685674, 110328.04183326813, 108550.37874383922, 100243.03209173812, 114660.17177935476, 122317.84639789001, 107742.91727584018, 102803.50553172281, 88995.15738486181, 102978.42665984323, 105280.80041677719, 122387.25091869393, 88560.86073676965, 95953.90085821603, 111681.47948242565, 106502.8542444011, 98852.13887765928, 118701.49626847608, 116120.89040971671, 125451.45813806026, 87695.5389739173, 100228.98837570674, 88846.48934079867, 109918.1722730035, 115779.0103487137, 96936.47721230748, 108848.32322563666, 92420.78451615608, 91852.63623617226, 101864.06213381121, 97498.80474868856, 93064.89120924126, 105623.42697167885]
[100253.58286543362, 114592.1784412666, 128354.75252919286, 112745.6289253699, 98287.06340591684, 98753.62160607387, 121399.83250279287, 114858.41461618508, 99334.0984097873, 107277.83166123962, 94553.17447349282, 95179.36094915388, 111350.20787696503, 99047.83070414163, 102762.02368847239, 110367.24982848487, 112096.08100692295, 100306.05385685674, 107653.02068328373, 108550.37874383922, 100198.02176316858, 114660.17177935476, 122317.84639789001, 107632.16055897239, 102247.51971762869, 88983.91480914711, 102445.33232045341, 104703.29631230082, 122387.25091869393, 88560.86073676965, 94502.67657235355, 108630.95665578332, 105150.20047961175, 98852.13887765928, 117334.98911494898, 116120.89040971671, 122027.18373435612, 86952.38708841974, 100228.98837570674, 88720.2348032447, 108241.73327951648, 114327.76240618245, 94723.16396501103, 107388.43810472605, 92420.78451615608, 91852.63623617226, 101285.77757465237, 93835.2705138263, 91760.72814252107, 105279.53927954791]
[100036.21739417606, 113268.42189279509, 128354.75252919286, 112084.7567776423, 95570.54124952633, 96735.62593868146, 120073.83247407545, 110722.56760339485, 98671.50439692842, 107277.83166123962, 93033.26142291543, 94078.4077853344, 111350.20787696503, 97613.15145724334, 101828.32891135453, 109796.26877494105, 110588.02925881995, 99103.7076303507, 106454.35283739935, 108308.98424355741, 99412.91534319417, 114124.05057569439, 121641.27569412455, 105481.79515869418, 102247.51971762869, 87514.95894951977, 102445.33232045341, 104564.88734505662, 122387.25091869393, 87973.57057194016, 93260.38516436235, 108622.184141362, 103549.56280902828, 96685.09896366714, 116968.68804725842, 114402.95014673122, 121414.39609980295, 86952.38708841974, 99451.65696518615, 88237.76458023123, 108111.11845489257, 114070.45738209246, 92620.84168980904, 106734.56884692163, 92420.78451615608, 91334.68210954436, 99952.87566958091, 91987.159126977, 91760.72814252107, 105279.53927954791]
[98967.06768044476, 113208.16642585813, 128354.75252919286, 111152.66984728328, 94326.06323622486, 96345.1130727199, 117192.14863163038, 110031.89095472448, 98403.12833734084, 106726.76926788592, 93033.26142291543, 94078.4077853344, 106508.189789856, 97613.15145724334, 100530.9479598345, 109796.26877494105, 109387.09882370537, 99103.7076303507, 105710.46163212725, 108064.7285546585, 96968.85967023086, 114124.05057569439, 121207.40767294673, 105481.79515869418, 100803.02077084583, 87514.95894951977, 100655.70880238952, 102964.96971458729, 122059.97061113233, 87801.68537519625, 91835.74035573262, 107646.80542257501, 103478.23258646774, 95182.04388797567, 116723.36616877529, 112987.80093092394, 121317.21715282238, 85950.16094078714, 98705.50623569547, 88025.29345483039, 108111.11845489257, 114070.45738209246, 90144.79610477595, 105737.29145519859, 92420.78451615608, 88848.33398601375, 99505.2471880406, 91899.356050567, 90286.01976512288, 104758.2431173095]
[98967.06768044476, 112047.51539623838, 127893.30805829552, 111152.66984728328, 93763.07017007389, 95329.24476581502, 116641.45864826938, 109296.22967519474, 98403.12833734084, 106726.76926788592, 92608.49391738321, 92340.7909987571, 105416.6873747384, 97330.96790060321, 98946.7029505171, 108909.71287660906, 109387.09882370537, 98605.11221806158, 105682.57893314853, 106654.28523442385, 96968.85967023086, 114124.05057569439, 116338.73779989356, 102836.19090727573, 100262.33232452313, 87514.95894951977, 100655.70880238952, 102964.96971458729, 122059.97061113233, 87801.68537519625, 90409.25348450683, 106636.8736299106, 103351.03210229876, 93832.60276515593, 116723.36616877529, 112200.06661971883, 119821.40754381599, 85460.0829041824, 96469.38153179994, 85022.97372242696, 107860.26445972887, 113688.29387389372, 90144.79610477595, 104371.81668959491, 92420.78451615608, 88637.0449049672, 99505.2471880406, 89923.08992920596, 88981.86868589479, 104570.02607093184]
[97659.16076432148, 110120.42426839967, 123547.06610046912, 109675.98809317085, 93455.41831549729, 93296.807555934, 116641.45864826938, 108723.24654168519, 98403.12833734084, 106242.56311966921, 89555.18825362003, 92340.7909987571, 105416.6873747384, 97168.80538688962, 98768.87563201292, 108909.71287660906, 106080.49955907294, 98373.99350285842, 105461.82681853359, 106435.58571756461, 96837.30853188249, 113202.41803154866, 114451.09380276124, 102836.19090727573, 97042.32038718021, 87214.58193659075, 100390.00282866077, 102958.62522987925, 121657.54209964904, 87801.68537519625, 89911.75035845126, 103741.00871682393, 102192.17093634077, 93702.1729086697, 116723.36616877529, 110738.07367442867, 119821.40754381599, 85258.10740662902, 94109.19621782274, 84866.15693398166, 107860.26445972887, 113650.6161309871, 87647.71501847677, 99904.81250070315, 92420.78451615608, 88271.85471258295, 98747.33285388777, 87833.60046519889, 87709.94164673613, 102824.30899783046]
[96870.49277826717, 109454.40020910541, 122108.0901576007, 109675.98809317085, 90602.71543900113, 91891.74913976368, 116600.31165356678, 108723.24654168519, 97932.37759425971, 106242.56311966921, 89555.18825362003, 91444.42624630807, 104204.86589587442, 96314.36536702365, 97492.62075880036, 108909.71287660906, 105794.23400262385, 97231.10321316673, 105461.82681853359, 106435.58571756461, 96178.69047956044, 112841.40689612692, 114175.0357026055, 101462.67173428144, 96719.22725489116, 86433.60101665797, 100122.51997620666, 101879.5551121554, 121493.26522553363, 87801.68537519625, 89559.8353543487, 103741.00871682393, 101104.14765879464, 93702.1729086697, 115613.42460958594, 110212.22301427732, 117909.4062542816, 84331.26709498423, 92459.4146562085, 84866.15693398166, 106548.62488484484, 110262.15871327775, 87600.20869297025, 98621.48692720602, 91886.67205958569, 87123.21526074567, 98572.1807015092, 85390.49935603155, 86127.73253124676, 102395.93042839569]
[96870.49277826717, 107687.36833911347, 120730.66871180804, 109410.81125044345, 89577.02243589125, 91891.74913976368, 116132.9249028976, 108723.24654168519, 95839.83404573085, 106242.56311966921, 88459.05311204455, 88916.40991539977, 103972.28532159058, 95487.12272202995, 96591.04490759176, 106991.59472389794, 104944.46974889452, 96440.78339159413, 104514.1505440573, 106435.58571756461, 96178.69047956044, 112841.40689612692, 112440.76611371819, 101462.67173428144, 96086.01257532816, 85956.72566460303, 98878.80443581982, 100306.8774170258, 121143.51333295096, 87585.41980241318, 88454.0756567637, 102865.39911082778, 100722.2768424969, 93702.1729086697, 115370.23132993188, 110212.22301427732, 111679.51844719949, 84171.73870212221, 91152.44477644976, 84866.15693398166, 102417.62876540591, 109929.09139411613, 86441.37217451542, 98592.97230333598, 90666.50317625699, 86805.12809067054, 98120.29620968923, 84452.46789400095, 85520.64103758612, 102395.93042839569]
[96870.49277826717, 107687.36833911347, 120730.66871180804, 108763.36949742216, 88508.66093076069, 89122.2743720723, 116132.9249028976, 107137.74454381442, 95839.83404573085, 104891.79695521986, 88049.63217929476, 88916.40991539977, 102747.84547269388, 95487.12272202995, 96591.04490759176, 103778.80350530295, 104124.18261152535, 95688.29677261328, 104514.1505440573, 105924.78016270969, 96178.69047956044, 112841.40689612692, 110144.06379444378, 98977.02415370916, 95207.11631554674, 85550.2670051326, 97819.51552646214, 98276.9948312913, 121143.51333295096, 86946.37645824984, 88082.4538360034, 100844.61942159911, 95867.48258065179, 93655.62340684823, 115080.6258812395, 110212.22301427732, 111043.1320563069, 84171.73870212221, 91152.44477644976, 84866.15693398166, 102010.403714734, 109031.99679722726, 85884.35055451134, 98146.09263283983, 88750.5344695016, 86681.77773786511, 95368.20879242691, 83860.43055862143, 82249.02743954558, 102395.93042839569]
[95132.46988961803, 107687.36833911347, 120543.21154612373, 108763.36949742216, 87229.23758461568, 88882.4726198476, 111097.35330706742, 106918.3030495658, 95141.27486561166, 104891.79695521986, 87934.7072226963, 88046.3250534184, 102747.84547269388, 94563.64802127323, 96210.04834056919, 102871.45639204947, 103217.56916902922, 94341.88262084573, 104514.1505440573, 105448.7107952643, 95170.89016368109, 112143.72016574963, 110144.06379444378, 97551.78290137708, 95207.11631554674, 84126.11565353992, 96451.74863846578, 97229.47634832936, 120491.26399632411, 86946.37645824984, 87087.33838926049, 99144.77082199501, 93943.58620377144, 93625.6675399062, 114935.27382316292, 110089.49620976407, 109819.36397015865, 82774.38604264568, 89335.69609579809, 84230.52013222079, 102010.403714734, 107345.71071763965, 85884.35055451134, 96369.82116674606, 87978.6509618475, 86460.00549613882, 94842.9815839293, 83860.43055862143, 82249.02743954558, 101819.01218808025]
[95132.46988961803, 107267.58383452792, 120236.08059892248, 107017.91501413324, 87229.23758461568, 88882.4726198476, 111097.35330706742, 106597.08504395431, 92244.80197741042, 104891.79695521986, 87934.7072226963, 87658.3809441854, 101655.88876725713, 94563.64802127323, 96210.04834056919, 101099.42599907212, 103217.56916902922, 94341.88262084573, 103538.82884902487, 105311.60254703983, 95101.68398492222, 108834.27374435277, 109795.80218394061, 95896.2917927395, 94667.426568923, 82126.66649744444, 96139.76444727211, 95955.5607699276, 117709.64687948623, 85937.04412867961, 87087.33838926049, 98909.9539008249, 92303.89193206317, 91686.3105185819, 113443.65468972633, 109298.18345030563, 109276.28390849342, 80104.70389678248, 88490.73136762681, 84230.52013222079, 99185.44427455546, 106327.64485159967, 82328.89320695744, 95155.41766372243, 87038.10566644404, 84452.84060408856, 94842.9815839293, 82691.27613147396, 81985.88165655264, 101705.64806679258]
[95132.46988961803, 104511.1456628366, 120236.08059892248, 103887.48377394976, 86614.92155983343, 88588.97544242893, 109551.38466802421, 106597.08504395431, 92159.13938037274, 104258.43490595861, 86961.17064745647, 85577.19026880337, 101655.88876725713, 94563.64802127323, 95032.89298220517, 100954.5484807698, 102990.04885728276, 94341.88262084573, 100155.78131741456, 104499.33697475234, 93722.52860699766, 108813.07131554354, 108692.93634989105, 92911.94437440205, 93163.5676533682, 82126.66649744444, 95404.41070493482, 94770.76124066203, 116373.53780196709, 85937.04412867961, 86563.75856255185, 96628.60696441017, 91780.97151989979, 91279.92919383332, 111439.22789251975, 103518.43323119215, 107809.07321788878, 79962.75942823228, 86424.41751873087, 84230.52013222079, 97831.10808769462, 104757.03157179663, 82090.00332269317, 94797.4218275336, 87038.10566644404, 84452.84060408856, 94486.07240187096, 82691.27613147396, 80612.21462700215, 101353.89311062201]
[94318.07959499815, 104376.2161727825, 119795.72568729651, 102476.0644972656, 86273.00433860268, 88588.97544242893, 107884.08590388445, 104564.43306124506, 89977.72882973458, 104062.43235829376, 86861.7965780888, 85346.48170864618, 99856.42173988454, 94563.64802127323, 92505.2534683975, 100954.5484807698, 102771.06666536037, 93956.51440639545, 100095.4868667498, 103557.29428843407, 93722.52860699766, 107620.48921514624, 105778.5006825728, 92911.94437440205, 93163.5676533682, 80861.82606847817, 94201.37982222487, 88162.95263183738, 113079.9421355228, 85937.04412867961, 86291.9500177637, 96628.60696441017, 91780.97151989979, 91279.92919383332, 109860.93909736669, 102081.03917269807, 107117.93782023378, 78224.88590142244, 86424.41751873087, 83632.14360061684, 97121.51016152308, 104757.03157179663, 79665.05395116589, 91311.1731906675, 86068.613921951, 83188.17398596574, 93277.76512135974, 82386.1699424592, 79419.25536018552, 98226.48024626404]
[92575.94219253914, 103835.44949247826, 119172.55422369728, 101655.36050264369, 86273.00433860268, 88588.97544242893, 107584.42655898079, 103883.10334874313, 88842.53771484518, 103453.75835509782, 85951.96648458467, 83794.78821159716, 99258.46838584117, 92533.2279569869, 92083.28609258264, 100954.5484807698, 102530.9882064829, 93396.13370757023, 98890.17045490378, 103311.4116927991, 93442.67061191681, 107612.17706048177, 105581.70890587053, 92103.280432027, 92558.29253604916, 80861.82606847817, 94003.95193405272, 87007.56922539661, 112150.26013252602, 85446.10145607131, 81289.3513837207, 96519.3630502688, 91732.0334341862, 90355.6659897627, 109498.71744913445, 101686.95349562906, 105958.6969925558, 78224.88590142244, 86424.41751873087, 83234.41419201142, 97121.51016152308, 104757.03157179663, 79665.05395116589, 91311.1731906675, 85294.3413123104, 83188.17398596574, 91344.33317638565, 82386.1699424592, 78641.48889792015, 96040.05899369677]
[92017.33702564379, 103506.27678069162, 119172.55422369728, 100350.48030454516, 86273.00433860268, 88112.61341753128, 106782.79964707392, 103509.6154986558, 88016.13480713159, 102408.93180693887, 82531.47992463806, 83756.23292226122, 93937.26760548749, 92533.2279569869, 90640.70768291989, 100954.5484807698, 101707.53497011641, 92062.49180673159, 98890.17045490378, 103104.17597853683, 93165.9934971192, 107612.17706048177, 104480.59037084058, 92103.280432027, 90285.81557831325, 80861.82606847817, 93463.70834740679, 86998.81814733714, 112150.26013252602, 85446.10145607131, 81289.3513837207, 95932.7160715234, 91732.0334341862, 90355.6659897627, 109498.71744913445, 101221.18273565968, 105413.60305741988, 78224.88590142244, 84931.63558307444, 82690.67062411297, 96600.06531252903, 103671.71769754616, 77984.17109634355, 89061.06662217391, 83605.66045345177, 82957.94896102256, 89838.39307767097, 81799.03779297198, 77278.48108901466, 94985.746070096]
[90196.79127109272, 99970.15252672236, 119172.55422369728, 99041.55130349481, 86223.42675486891, 88112.61341753128, 102667.47496330227, 102676.07793039372, 86525.82328745774, 101987.08737565919, 80922.71042907824, 81645.03939123217, 91249.42563359198, 92533.2279569869, 89682.5705620848, 100954.5484807698, 101117.55449333266, 91209.0661730434, 97174.16883726948, 99999.27058998025, 86823.3412261273, 107599.8822955252, 102440.67375757583, 92050.7247699039, 90285.81557831325, 78136.69797352617, 91670.62328251918, 86856.30773414156, 110105.0837482684, 82269.49180156636, 80559.18719471047, 93817.35044718477, 91429.79878131494, 89159.9852783579, 108420.48632845927, 100392.49931516036, 105079.31786464332, 78224.88590142244, 84870.97018100595, 82690.67062411297, 96600.06531252903, 103501.86442690835, 77984.17109634355, 88167.12043994143, 81583.59764969368, 82164.86849782651, 88830.27671391118, 81724.7776369822, 76489.07531127568, 93059.60233675917]
[87827.60464478025, 96201.23777645381, 119172.55422369728, 96654.63978380038, 85912.0096859147, 87479.87256000785, 100976.17516924675, 101320.57449150187, 84852.69330615476, 98591.14590060999, 77058.30859329777, 81233.88667248529, 90338.69684611805, 90971.02634552898, 89682.5705620848, 100954.5484807698, 100477.40793600421, 91209.0661730434, 96749.97983422739, 97948.02897512304, 86739.21577109578, 106115.97834945426, 99528.43489573625, 91477.43362265234, 89755.17967160897, 78136.69797352617, 91670.62328251918, 86086.50348761698, 110105.0837482684, 82269.49180156636, 80559.18719471047, 93817.35044718477, 90544.52477388408, 89159.9852783579, 107647.33097048379, 100148.88381215089, 104613.27633714353, 77839.99689822523, 84870.97018100595, 82089.92859473245, 95335.77319119866, 101606.54199861895, 77031.64111664714, 86359.80267760529, 81080.55853376914, 82164.86849782651, 87400.5535451195, 81724.7776369822, 75403.0463260485, 91854.27776941979]
[85734.51223154979, 95720.69129616108, 119172.55422369728, 96564.58468431972, 84554.29411121496, 86881.63398005134, 99584.04091195457, 99764.14921123741, 82731.34914929842, 98591.14590060999, 77058.30859329777, 81233.88667248529, 89869.94027307497, 90971.02634552898, 89051.75506988575, 99459.00094022845, 97608.75013667638, 90750.80307501042, 96749.97983422739, 97948.02897512304, 86598.88624769074, 104099.21378589267, 98257.99325130468, 91477.43362265234, 89682.72828325334, 77426.01853567715, 89458.52928915537, 86086.50348761698, 109833.97811253901, 81126.42811221463, 78426.28303108629, 92382.34380382294, 90113.78887433726, 87622.42669306778, 106787.81371872856, 99927.35486032134, 104613.27633714353, 76905.37243252616, 83583.83788540537, 81923.8408725498, 94273.44466257401, 101606.54199861895, 77031.64111664714, 83602.27624790664, 78050.38056978789, 80877.3468920026, 87400.5535451195, 81430.61086140163, 74510.48078127271, 91038.3847633933]
[84679.25717075137, 95660.34598530098, 117317.94271925339, 94209.81114218835, 83275.04942840601, 86881.63398005134, 96222.82573477141, 99016.8368706753, 82731.34914929842, 95761.72338892598, 77058.30859329777, 81154.19896954755, 88662.62425147, 90971.02634552898, 89051.75506988575, 97518.96932942935, 96724.28410646583, 89179.08179821316, 95425.43502595079, 97278.82825014353, 86274.16735237054, 103904.9323866106, 98257.99325130468, 91386.12273569933, 89682.72828325334, 76789.96903049508, 87520.73370337908, 83908.21544170857, 108307.16794915881, 80008.14063499453, 77892.43864081542, 91086.1801592866, 87466.86076714836, 87622.42669306778, 104697.40678954698, 98930.84494816745, 102512.85334891407, 76905.37243252616, 82247.16399572395, 78007.23893509172, 93431.2096068281, 98683.33057333062, 77031.64111664714, 83602.27624790664, 77193.21056550756, 79801.39757880814, 87314.69096394914, 81389.83316544855, 74007.71693370615, 90790.96793475852]
[83421.69879859456, 95660.34598530098, 116602.5601269163, 94209.81114218835, 82810.70530313891, 85609.42837938093, 95699.6942096215, 96487.17707531, 82035.94221185477, 95761.72338892598, 77058.30859329777, 80729.34114371479, 87838.88608489271, 89801.46011864292, 88928.6216094629, 95805.02350295451, 96724.28410646583, 87641.17341868297, 94445.09807537463, 97278.82825014353, 85982.60640685396, 99423.33629925878, 95409.75451139393, 91289.84867676257, 89201.09879999227, 76575.98207557987, 85783.98973561963, 83908.21544170857, 107981.85705968566, 78967.51135769204, 77131.25415531712, 91086.1801592866, 86572.74121311668, 87622.42669306778, 99245.44910091939, 96256.93870286427, 102214.93590358585, 76336.27206074353, 81751.83201788146, 78007.23893509172, 92646.11972046734, 98450.70643582783, 75708.8581237933, 83602.27624790664, 76389.63816398643, 77305.19300517252, 87314.69096394914, 77491.95208354697, 74007.71693370615, 90004.2246534719]
[83345.66269137233, 95660.34598530098, 116602.5601269163, 93684.35613016677, 82530.2555426619, 84976.56200800113, 95699.6942096215, 96345.8255267858, 81042.31958082318, 94979.96246891045, 77058.30859329777, 80729.34114371479, 87838.88608489271, 89170.58447702003, 88928.6216094629, 95805.02350295451, 96639.58568984731, 87641.17341868297, 94160.03840148417, 97139.88724715728, 85849.6093983219, 99423.33629925878, 95409.75451139393, 91289.84867676257, 89110.004670275, 76575.98207557987, 85125.67568847266, 83908.21544170857, 105781.69633093577, 78967.51135769204, 76766.28103073436, 89280.16163509825, 86014.75629076282, 86249.02142205366, 98754.9999966795, 94521.05759075694, 99603.47361611426, 76336.27206074353, 81682.00369952989, 78007.23893509172, 91806.45711267409, 98450.70643582783, 75427.64666087585, 83602.27624790664, 76331.72801333992, 77305.19300517252, 87314.69096394914, 77288.40816369755, 73388.09167967548, 87876.16642058466]
[83345.66269137233, 95660.34598530098, 115091.74536283629, 93684.35613016677, 81697.41996033517, 83014.34988464389, 95061.27239877771, 95605.21053933639, 79604.78777395838, 93639.64891098117, 77058.30859329777, 80621.1657293965, 87838.88608489271, 87594.95736441595, 86466.19804963529, 95485.91986006692, 96545.67367337455, 84673.87085243645, 94160.03840148417, 96907.90477828296, 85108.3177612208, 99191.75193598149, 95409.75451139393, 88486.51661452457, 89046.28644009732, 76575.98207557987, 84866.96436973698, 82776.55625700939, 105210.95751499229, 78233.15306791115, 76766.28103073436, 89280.16163509825, 85519.56883523538, 84161.5488772802, 94749.22774226198, 93413.76048340905, 99465.42685149124, 76237.63932903254, 81682.00369952989, 77805.30086971547, 91806.45711267409, 97854.68428907877, 75427.64666087585, 82432.42752476103, 75389.29666012128, 76285.59284496907, 86584.34409781027, 76675.94688406252, 71513.93694527044, 87787.48286618918]
[80254.58336799606, 95630.66848822773, 112774.94304736362, 93190.40698112804, 81050.98001973241, 82002.49718388126, 95061.27239877771, 94895.97088835966, 79604.78777395838, 92902.14186152928, 75715.5537568557, 80621.1657293965, 87838.88608489271, 87371.25039669237, 86151.67117456718, 95108.63355054773, 94627.106449472, 84017.98525164557, 93583.66950793352, 96754.14483654682, 85043.07899979224, 99191.75193598149, 95256.50062385379, 87368.0221704311, 88194.91075237098, 76575.98207557987, 84866.96436973698, 81076.3352037924, 104845.14532189185, 76678.88340923181, 75060.49934964403, 89192.13669824316, 84561.87665102597, 84118.23861544661, 91559.75844315041, 93264.79539630334, 98768.77993769835, 76237.63932903254, 81624.61890887216, 76770.85169643005, 91806.45711267409, 95598.20539872687, 75231.56673401651, 82432.42752476103, 75389.29666012128, 75024.46025413254, 85672.01713029583, 76675.94688406252, 71513.93694527044, 87690.3239168246]
[79812.39574100511, 94642.03270867374, 111105.78366494935, 90375.2237620516, 81050.98001973241, 80151.24994443332, 94470.29076116007, 94895.97088835966, 79304.84994386046, 91371.6794171851, 74840.66169409754, 79827.96093089448, 87363.71660988237, 87371.25039669237, 82227.03932950959, 94288.15196288141, 93919.38652536024, 84017.98525164557, 92346.68180298548, 93901.84910067508, 84858.80743704777, 98186.30063325092, 95256.50062385379, 84657.29004473626, 87783.65690823457, 76467.75269809492, 82861.40269050476, 80404.43261116678, 104704.15257426006, 76678.88340923181, 74948.8473112069, 88079.45774743048, 84495.10773681063, 84118.23861544661, 91559.75844315041, 92846.35204050099, 98512.82151507708, 75789.36668882272, 80938.0140138715, 75943.71841648185, 91806.45711267409, 94899.18395941611, 75231.56673401651, 82023.83863398686, 75090.3675337887, 75024.46025413254, 85153.61330947993, 76675.94688406252, 71513.93694527044, 87231.88588797601]
[78438.07901971486, 93843.85109961465, 110340.28077684724, 89468.65311254164, 79905.81599821126, 80028.156696132, 93040.56937244475, 91405.08891222738, 78976.66452652817, 91281.18335187933, 74840.66169409754, 79722.95658940323, 85936.29335840324, 87371.25039669237, 82158.99233273328, 93637.62498365421, 93037.67223799988, 84017.98525164557, 92346.68180298548, 92459.03846082855, 83520.62861099368, 98174.08591227388, 94802.34859539523, 84632.56336921503, 84820.8430223599, 76268.87947222308, 82861.40269050476, 79718.90396155158, 104631.22731944053, 75983.18704820666, 74783.53144412355, 87136.91772502984, 83965.23196524699, 84118.23861544661, 89484.58613149391, 92724.49920583772, 98438.45458251718, 75789.36668882272, 80938.0140138715, 75513.59828052425, 90489.14087114381, 94899.18395941611, 73492.69592283132, 81668.6027527719, 75090.3675337887, 74243.51435038794, 85153.61330947993, 76100.19893528485, 71220.9844993886, 85344.75728711169]
[78427.33395641117, 92934.70681347082, 109398.45655622255, 88355.12763019247, 79905.81599821126, 79208.79077181648, 90965.66651696198, 89904.73736637806, 78287.28542543229, 91281.18335187933, 74840.66169409754, 79529.93146230992, 85322.94759241128, 85283.34608097767, 82005.58608081937, 92475.88589477738, 92401.20592003447, 82913.79841663087, 92346.68180298548, 91846.62697692277, 82714.03577236434, 97022.99602504045, 94802.34859539523, 84632.56336921503, 84613.85166288506, 76268.87947222308, 80809.03541295286, 79718.90396155158, 100646.4798537331, 75185.35119691626, 74783.53144412355, 86037.90965467421, 83965.23196524699, 84118.23861544661, 88871.75440979729, 92185.16670707625, 97456.97734011301, 75484.3131872374, 80256.84822805248, 74542.16242038892, 88884.19439423468, 92918.90213706206, 72748.75133719068, 80898.79976591474, 72550.89934194423, 74006.1845464198, 85153.61330947993, 74631.24235996541, 71086.6470800529, 85180.40647787371]
[77637.06033163994, 90586.47040573825, 109398.45655622255, 86302.96249048649, 78620.7753643163, 79208.79077181648, 88266.66610471453, 89904.73736637806, 77464.11973914252, 91281.18335187933, 73891.89823337691, 79529.93146230992, 84800.32362815406, 83484.2267169499, 81133.03992419397, 89657.5557146074, 91895.33441665772, 82679.26608024177, 89892.51479471734, 90393.53159378232, 81447.16057073571, 97022.99602504045, 94802.34859539523, 84311.61183520705, 84041.15696825818, 76252.87030343371, 79944.85125111924, 79718.90396155158, 99028.9833752022, 74767.44841134889, 73516.47986045519, 85998.34807115086, 80726.78071742727, 83589.37330680154, 88545.63469828127, 91446.67685638997, 97456.97734011301, 75047.28683924141, 78598.7926109371, 74509.88789552194, 88884.19439423468, 91268.33512076, 72748.75133719068, 80822.9779417766, 72550.89934194423, 73692.06957930829, 85022.84118154975, 74214.59382314779, 71086.6470800529, 84368.54710649097]
[75600.09465780234, 90586.47040573825, 108087.05294337217, 86302.96249048649, 78509.19773951982, 78305.2816412103, 87121.83920868803, 87983.65179595047, 76961.96292390156, 91100.98727312991, 73891.89823337691, 78109.24818941811, 84791.45076161055, 82528.78496433921, 81133.03992419397, 89085.51405284824, 91719.99851918138, 82633.9917258475, 89869.64252064248, 88977.07690154659, 81447.16057073571, 97022.99602504045, 94407.83041508358, 84104.25302261686, 83956.96846417083, 74498.7624019601, 79307.22159200495, 78222.51694849704, 96884.61912403454, 73523.25240839504, 73087.63960114928, 83154.30227920818, 79616.4831573262, 83589.37330680154, 88545.63469828127, 91309.67780938048, 97456.97734011301, 75047.28683924141, 78598.7926109371, 74509.88789552194, 88746.69757995082, 91198.90714937764, 71716.69234951485, 80396.64780750769, 72550.89934194423, 72443.94806294338, 81080.20723480756, 74214.59382314779, 70062.2944749471, 83962.87314910743]
[75577.26064112682, 90585.74727140619, 106222.77206585548, 86286.43656806248, 77285.71645459846, 74396.09439350934, 87121.83920868803, 87513.86614696853, 76099.63312830756, 89978.52525072242, 71373.1930294119, 78109.24818941811, 84791.45076161055, 80438.68025327216, 80904.8272934636, 88423.98794469671, 90188.30548461525, 82633.9917258475, 89869.64252064248, 88977.07690154659, 79302.09420616935, 96529.38467000396, 94305.87056216355, 84104.25302261686, 82837.35800750033, 73563.87724540933, 79307.22159200495, 77611.95173354102, 96884.61912403454, 72663.83125505669, 72740.48545315924, 82783.16736501417, 78306.16009080401, 83318.49879453728, 85560.5094359389, 89247.5452466654, 97456.97734011301, 75047.28683924141, 78488.2141288885, 74223.93750280581, 86950.36307144123, 89086.77922918301, 71716.69234951485, 80369.98850926713, 72057.62613388408, 71688.9087564765, 81080.20723480756, 73252.3432063973, 69421.43812195121, 83553.05103900742]
[72979.78333412387, 88225.36944331536, 105758.04671103778, 86113.26467419569, 77285.71645459846, 73001.99784610057, 87121.83920868803, 87513.86614696853, 75858.66052989909, 88074.14937089868, 71373.1930294119, 76509.27810032733, 83962.78366404002, 79444.6207487091, 80904.8272934636, 87902.8041357773, 89307.90766675911, 81896.16239497521, 89864.39156079332, 88977.07690154659, 79302.09420616935, 96529.38467000396, 94087.90895776956, 83433.90863222194, 81542.15150469218, 73563.87724540933, 78565.76336563982, 75355.48762724707, 96754.5181880556, 72311.21575288083, 71982.8528788791, 82395.49534267113, 78306.16009080401, 79895.60495849185, 85487.74654255358, 89154.22189340446, 96639.63994721632, 73703.63351480462, 78488.2141288885, 74072.20344052586, 86893.02199316914, 89086.77922918301, 71656.64780006753, 78368.251059754, 71748.42993204652, 70112.31490415838, 81080.20723480756, 72919.4136020864, 69421.43812195121, 83248.28453663967]
[72875.5641165361, 88166.55454164979, 105505.918686308, 85627.52955864815, 77285.71645459846, 73001.99784610057, 85431.48437893469, 87218.752567447, 75858.66052989909, 83987.62717549987, 69750.25239905843, 76509.27810032733, 83038.78167138089, 79444.6207487091, 80867.20044824826, 87902.8041357773, 89015.33136402232, 81650.84384047668, 89573.81875091189, 87000.98734258636, 77054.8819786484, 96101.19099967137, 92767.09560834672, 80729.19407349681, 80806.81018505181, 72912.89938539482, 77866.2475027784, 75338.1541886062, 96754.5181880556, 72311.21575288083, 71982.8528788791, 82395.49534267113, 78306.16009080401, 77398.27830498674, 85487.74654255358, 89073.22188258146, 96622.85998842763, 73202.33858215011, 78488.2141288885, 72120.95279359695, 84131.3565273415, 88958.66880537542, 71245.98540070635, 78196.15088589417, 69907.42360322656, 69285.71567470256, 80389.14559730147, 71740.82225956151, 69421.43812195121, 83248.28453663967]
[72338.60611834098, 88069.82170460236, 105106.77990885293, 84862.10208167936, 77239.33984720035, 72551.39344536097, 85027.81610800778, 87208.22354591293, 75097.35329612426, 83321.14345629781, 69750.25239905843, 75971.75160524283, 81811.62733758842, 79444.6207487091, 79755.4317678725, 86866.6197297209, 87302.83454515018, 80085.60567845759, 87023.61403211413, 86883.9014039452, 77054.8819786484, 95715.69797935699, 92552.14215768677, 78983.5832446106, 80145.39918784297, 72912.89938539482, 77303.82078131838, 75116.67471505272, 96754.5181880556, 72268.750834097, 71403.37246413164, 80625.25250865784, 77968.37815143807, 77398.27830498674, 85487.74654255358, 88412.29345782685, 96622.85998842763, 73202.33858215011, 78433.67395570333, 70672.63900715821, 84131.3565273415, 88911.7980277297, 70257.35187887035, 75584.53984339625, 69907.42360322656, 67660.9843559435, 78814.87761490184, 71647.8454915525, 69331.72767565741, 80481.69940559636]
[72338.60611834098, 88069.82170460236, 105106.77990885293, 84198.02885755117, 72678.93494390044, 71448.50767086433, 85026.68182516561, 86700.99483830309, 74760.84340547769, 83321.14345629781, 69558.17681313172, 75971.75160524283, 81811.62733758842, 76068.81081641713, 78489.45070350518, 86771.016143939, 87302.83454515018, 79795.56404846188, 86450.10512734835, 86760.43637871838, 77054.8819786484, 95715.69797935699, 91301.45030705308, 78803.14255094253, 76546.37149746771, 72393.69642993387, 77303.82078131838, 75116.67471505272, 96657.3161524935, 71693.56555601087, 71403.37246413164, 79866.48295468476, 77270.02374871065, 76010.84621904412, 85305.66971019507, 88124.84162703752, 92313.9598528673, 73024.9783608079, 78370.95516653504, 70042.8286105251, 82448.42166909561, 88911.7980277297, 69704.77906473936, 75236.88092343124, 69804.97172290544, 67660.9843559435, 78426.66466133886, 71647.8454915525, 67872.12513589684, 79835.53096224528]
[72338.60611834098, 88069.82170460236, 105106.77990885293, 83834.3898296687, 72607.23464336686, 70657.14677330523, 85026.68182516561, 82219.11497295574, 74049.50319973638, 81871.54913985827, 69558.17681313172, 75689.59503191485, 80360.95891323457, 75521.46197395562, 78489.45070350518, 84569.81019166339, 86904.85170661511, 79464.63426821255, 86172.46101721041, 82899.03648483002, 77054.8819786484, 95715.69797935699, 91301.45030705308, 78800.15859113685, 76373.0023631747, 72393.69642993387, 77303.82078131838, 73553.85055337068, 96365.69169664806, 71094.99161824337, 71403.37246413164, 79866.48295468476, 77208.01777848603, 75845.35997137678, 84694.05333479033, 87993.66359377673, 92313.9598528673, 72439.86532812516, 77742.6389674667, 70042.8286105251, 81215.39705450126, 87699.95993227264, 69386.6103935481, 75236.88092343124, 69691.96240428645, 67660.9843559435, 78426.66466133886, 71647.8454915525, 67691.27079543525, 79835.53096224528]
[72338.60611834098, 87797.10794382989, 103248.98179476902, 82717.03638870394, 71629.39236898845, 70244.42197611502, 83284.55329692138, 80749.63385702224, 72134.3059279691, 81831.51210159269, 69557.0651268436, 74743.87558011497, 79647.05194269614, 72652.37933174474, 78489.45070350518, 83791.25181731812, 85354.77574798148, 77466.45229667451, 83881.16768318585, 82272.30138412342, 75680.0705098727, 95282.39851397529, 91301.45030705308, 78609.834241705, 73489.07814749001, 71735.8444484027, 77303.82078131838, 72089.07676318916, 93601.6962423963, 70881.89743721824, 70827.48418509071, 79388.50351181676, 77208.01777848603, 74357.2599702335, 84355.54486830896, 86141.28436375069, 90852.07155433108, 72171.65542368325, 77386.82248065938, 69051.41621475697, 80394.3462964172, 87450.15132195783, 67914.64892143992, 75057.96161736824, 69193.43420619759, 67425.4340640337, 77396.58373211852, 69950.33034551408, 67691.27079543525, 78683.05519544493]
[71937.50553591523, 86210.66607520092, 102969.97772801225, 81367.37016986152, 71201.7220848645, 70244.42197611502, 83284.55329692138, 80749.63385702224, 72110.37145591684, 81112.24747334668, 69421.27448694086, 74206.30510172909, 79647.05194269614, 71834.99297452757, 78448.43734357218, 83791.25181731812, 85354.77574798148, 76701.48208804836, 81839.72715690307, 81133.918161142, 75165.6843849972, 94483.7673038157, 88406.78329647575, 78377.61642262139, 73166.25577252897, 70005.7795081752, 77096.6577461534, 72089.07676318916, 93601.6962423963, 70881.89743721824, 70101.3244988831, 77345.64101941988, 76150.68076520992, 73671.1063412209, 84355.54486830896, 86141.28436375069, 88097.3513667987, 69459.50410184791, 76473.04481657331, 68144.26211475293, 80394.3462964172, 87450.15132195783, 67914.64892143992, 75057.96161736824, 68621.91567848851, 65884.89143914156, 77396.58373211852, 69660.85939874429, 67691.27079543525, 77020.97165341304]
[71633.5455952012, 86210.66607520092, 97728.82644616075, 79479.68273516092, 71201.7220848645, 69740.28256081001, 82585.1180391638, 80749.63385702224, 72110.37145591684, 80397.54446217832, 69421.27448694086, 72253.6334488731, 77126.86138080317, 71747.64333678679, 78448.43734357218, 83791.25181731812, 85352.16594731987, 76682.8654100032, 81738.28564537008, 81071.64405322264, 74361.75009549395, 93978.280411554, 88258.3106999374, 78377.61642262139, 72862.91363274604, 68381.95383531935, 76340.75879281157, 71825.67146282352, 93330.72415922668, 70742.331587402, 70101.3244988831, 77269.26434755903, 76150.68076520992, 73486.51703247223, 83202.73531202711, 86141.28436375069, 88097.3513667987, 69459.50410184791, 75181.50019571232, 68144.26211475293, 79877.05947562322, 87218.90840682798, 67914.64892143992, 74468.58945361745, 68400.27841167443, 65884.89143914156, 77396.58373211852, 69269.0240839718, 67688.01197468236, 76927.15863674614]
[71473.7933455354, 86210.66607520092, 96727.54373684878, 79479.68273516092, 69875.33950594676, 69740.28256081001, 80952.26052569624, 79848.98081592564, 71937.94403023369, 79948.37220100011, 69411.63807730595, 71591.0658477717, 76890.03687415508, 70969.5965914449, 78448.43734357218, 82082.3636104651, 81348.94006603498, 76682.8654100032, 79180.81956306972, 81038.43648928555, 72134.95144769883, 93890.30844546897, 88258.3106999374, 76054.17393443525, 70379.97913026674, 67514.75450661004, 75813.33551011782, 70354.42787981413, 93330.72415922668, 70601.38670620567, 70101.3244988831, 76950.34891084823, 75948.05877270552, 72097.20206767443, 82707.46829098425, 86141.28436375069, 86888.30148558985, 68835.99975386009, 74226.21161905087, 67553.15832281558, 79240.3181386169, 87162.02817863511, 67769.0387851382, 73379.35097832743, 67571.86886381572, 64400.61047174189, 77396.58373211852, 69269.0240839718, 65877.01621333363, 76211.29588905975]
[71207.05058739793, 86210.66607520092, 96303.69936523342, 79117.80287062933, 67711.97252866374, 69018.66935431829, 80604.68786811031, 79848.98081592564, 70682.74592897421, 77079.02486656341, 68883.1463650659, 71365.54593247751, 76745.78566129187, 70969.5965914449, 77580.70858022373, 82044.83847220374, 81279.6208091885, 74789.08377993484, 78635.42391859405, 81038.43648928555, 71410.97061292472, 90447.05153671952, 88258.3106999374, 75743.48600261679, 70136.07060265946, 66788.48277816808, 73871.47912196719, 70354.42787981413, 92678.2887223952, 69535.78967950286, 70101.3244988831, 76616.24378953989, 73923.25729292056, 72097.20206767443, 81696.57506837204, 86066.10260681646, 84861.2457742305, 68835.99975386009, 73143.69351638813, 67553.15832281558, 79209.38488599824, 87162.02817863511, 67769.0387851382, 72578.85911329309, 66975.99142742838, 63388.11144304925, 76388.34416757329, 69269.0240839718, 65249.212243808084, 76211.29588905975]
[71000.52540313122, 86210.66607520092, 95099.76166897394, 77942.25819422603, 66906.56828745951, 68112.098036363, 79192.40292853722, 79848.98081592564, 69802.32392265656, 76818.24848831029, 68883.1463650659, 70378.34818869075, 76745.78566129187, 69832.40902261974, 77580.70858022373, 81625.97351516434, 81279.6208091885, 74789.08377993484, 78635.42391859405, 80886.24706054798, 70842.79607987442, 89913.00776265512, 86231.92406052974, 74225.71705556677, 70136.07060265946, 66407.98862253608, 71832.77105731881, 68313.11340442256, 90438.53255161254, 69056.64048726, 70101.3244988831, 76233.22787342287, 73923.25729292056, 71696.59422559456, 81078.54237176091, 86066.10260681646, 84861.2457742305, 65726.69127660683, 72054.51840381992, 67428.50550766154, 76500.61601930423, 87162.02817863511, 67377.38834530287, 71590.46787533097, 65229.4541432626, 62108.81490916349, 75771.46104289455, 69269.0240839718, 65147.37375497308, 74703.65010773278]
[70994.56137556102, 85178.12119022767, 94889.18482906623, 76390.21598318526, 66906.56828745951, 68112.098036363, 79039.16848540012, 79635.99749656492, 69802.32392265656, 76579.17039529067, 68181.64900379877, 70378.34818869075, 75566.01541405579, 69287.91431518848, 75584.27386866855, 80888.74519883022, 80981.52135261169, 74388.61422562522, 76896.60379396613, 80886.24706054798, 70082.95596770858, 88645.88180339284, 80787.8742922057, 74225.71705556677, 70049.63724581219, 65572.38601969148, 71832.77105731881, 67706.87896949149, 89906.22023454276, 69056.64048726, 69872.42608049413, 76233.22787342287, 73874.59738799589, 71696.59422559456, 80728.67946572909, 84240.51303362596, 84099.90451614265, 64928.18152845404, 70665.52042206889, 66487.78507256795, 76500.61601930423, 86339.90755850909, 65594.33581747947, 71590.46787533097, 64735.66583506532, 62108.81490916349, 75771.46104289455, 69010.70900172266, 65118.14472681026, 73489.3058356864]
[70915.17666847794, 85178.12119022767, 92782.16193407122, 75546.63740367808, 65446.93737915248, 68112.098036363, 78910.8637241172, 79479.28624588189, 69792.83907435366, 75938.35416019548, 68181.64900379877, 68496.20264060785, 75566.01541405579, 69287.91431518848, 75584.27386866855, 80888.74519883022, 80981.52135261169, 74388.61422562522, 76896.60379396613, 80685.94570403745, 70082.95596770858, 88559.59910162361, 80750.80871955704, 74225.71705556677, 70049.63724581219, 65022.273552606755, 71832.77105731881, 67528.10700632806, 86005.44266605636, 68281.02257082923, 67868.06280045433, 75878.65369507675, 73874.59738799589, 70673.821167307, 78063.21662736994, 82499.20447752056, 81849.1002231508, 64928.18152845404, 70665.52042206889, 66077.49011796952, 76208.74455084224, 85891.79747713992, 65594.33581747947, 69371.95243993102, 64662.141884685436, 61737.90889082626, 74433.8108706865, 69010.70900172266, 64804.64183168353, 72529.86191120157]
[70462.43711509721, 83744.88462054638, 92567.14638039077, 75546.63740367808, 64251.0820909691, 67274.62445370466, 78910.8637241172, 79479.28624588189, 69792.83907435366, 75914.0889676736, 68137.58456729203, 67967.51001629897, 74675.45767007499, 68983.61061456564, 74895.08227011669, 78919.34497032648, 79698.44600661912, 73984.5809386455, 76896.60379396613, 78822.59813936087, 70082.95596770858, 88559.59910162361, 80750.80871955704, 74225.71705556677, 70049.63724581219, 65022.273552606755, 71832.77105731881, 67528.10700632806, 86005.44266605636, 65323.746764875425, 66520.11094465051, 75781.68764029011, 73105.50501853034, 70673.821167307, 77608.47165341792, 81649.6576611108, 81849.1002231508, 61597.59072848592, 69477.23425839224, 64155.89662834364, 75584.57342260008, 85175.12670799176, 65182.19833385665, 67810.56899258596, 64612.816058824086, 61403.99602244055, 73928.25793414429, 66828.8790744856, 63822.03912729956, 72039.88878436411]
[69971.82950152877, 82736.51948370472, 92564.01693537497, 72630.69186003033, 64251.0820909691, 66426.25651257308, 76902.53061899715, 79479.28624588189, 69792.83907435366, 74064.09548297315, 67800.42284073986, 67700.81227107011, 74412.76951793717, 67361.55584182289, 74852.14349829969, 78919.34497032648, 79685.70319477876, 73265.32206956416, 75876.30953907377, 78509.37890223152, 69589.94893972216, 88461.1647845545, 80412.57002166516, 74155.16808614471, 69454.78301869558, 64244.536318700506, 70047.41524531333, 67425.84084420514, 86005.44266605636, 64820.19819653463, 66520.11094465051, 74317.37809937954, 72898.87089253037, 69984.02016502521, 77608.47165341792, 81348.21592716858, 81612.11505623163, 61249.37157528273, 68711.91491237443, 63305.71275023691, 74874.19967152976, 84055.5010758906, 64781.89346988711, 67810.56899258596, 64612.816058824086, 61239.78655696515, 73523.70005670046, 66576.59796022551, 63822.03912729956, 71834.63304088128]
[68696.67536904974, 82660.95867735766, 92222.3498700547, 72630.69186003033, 63609.717433381025, 66177.8146547955, 74777.09581984412, 78599.19315992593, 69072.551081591, 71584.67842330507, 65962.25086061582, 67700.81227107011, 71609.48226759826, 66142.30442054513, 74061.47651739586, 78919.34497032648, 76663.82402925295, 73265.32206956416, 75690.07262584221, 77352.17807461237, 69589.94893972216, 84881.19304934025, 80043.84435503186, 73627.70820506246, 69208.62840489425, 62895.61527325316, 69921.31334348969, 67425.84084420514, 86005.44266605636, 64820.19819653463, 66226.51951449517, 74083.97638893992, 72082.00342666559, 69292.19918350624, 77529.54661855035, 80438.08831309245, 80870.42109060628, 61232.354468942794, 68582.7055136298, 63215.576784568184, 74874.19967152976, 84055.5010758906, 64781.89346988711, 67810.56899258596, 64195.35422399118, 60797.63907457392, 73143.66211546841, 66570.60808356547, 63822.03912729956, 71834.63304088128]
[68015.09267331393, 82582.75739575172, 92222.3498700547, 69391.28594389078, 60975.29521157779, 66177.8146547955, 73419.02901408807, 77600.35285448204, 68069.22418028275, 70925.31412706194, 65656.43554842948, 67700.81227107011, 70426.46950949359, 65667.55430105518, 74061.47651739586, 76883.22688248561, 76095.76934841806, 73213.59097043892, 75690.07262584221, 77134.42699999816, 69589.94893972216, 84192.82933138883, 80043.84435503186, 73627.70820506246, 68757.85100234524, 62144.16895437994, 69873.21086849165, 67140.05202077648, 79340.06503675005, 64807.55039816983, 64056.37554433297, 73989.62353877228, 70448.75802336566, 69292.19918350624, 77305.59716367631, 78666.06437183294, 80870.42109060628, 61232.354468942794, 67734.41753818103, 62996.88217339273, 72351.44959749923, 82868.70139984717, 64781.89346988711, 66247.61370632768, 64195.35422399118, 60797.63907457392, 72819.49133492715, 66559.43296531875, 63822.03912729956, 71417.59421903746]
[67637.07394551951, 81452.91080636394, 90877.2344900897, 68765.3004810927, 59588.263028415815, 65871.67979586522, 71694.14562179489, 76944.43257664033, 66911.69789588123, 70925.31412706194, 65308.599977389, 66916.64901673023, 70372.36752640866, 65347.605587725455, 73136.32168802615, 76421.04049726334, 76095.76934841806, 72205.4713668238, 75625.76535088467, 77134.42699999816, 69589.94893972216, 81762.7861438001, 79111.28614323535, 73627.70820506246, 68750.39017107408, 61905.70760884519, 69679.78938941407, 66108.59814169304, 79340.06503675005, 64315.02599846212, 63377.000067267625, 73539.3603527938, 70448.75802336566, 68739.00599042697, 77305.59716367631, 78666.06437183294, 80776.84959656886, 58544.04140273893, 66871.79584066653, 62996.88217339273, 72214.17966708253, 82868.70139984717, 64029.0487452887, 64924.85180152423, 63172.18683629575, 60334.936290858444, 68996.71407323504, 66559.43296531875, 63822.03912729956, 71154.44099086736]
[67539.94233345983, 81367.97885001791, 88741.71415290728, 68765.3004810927, 59520.17237083105, 65871.67979586522, 69987.85047758339, 76521.18232974144, 66911.69789588123, 70925.31412706194, 64806.60847147936, 63905.92750918084, 68415.9010100919, 64970.12999483198, 72461.39566762827, 76421.04049726334, 75927.83426754188, 71649.2975177411, 75533.00244467908, 76838.19428777372, 69396.61394471984, 81604.40808691656, 78635.25786576867, 73627.70820506246, 68750.39017107408, 61905.70760884519, 69223.68393176422, 66108.59814169304, 78270.14149518221, 64149.06921924432, 63377.000067267625, 73358.61701304468, 69559.36428273491, 68555.39923093547, 77247.6509601932, 78477.60287261978, 80776.84959656886, 58544.04140273893, 66871.79584066653, 62620.438339308675, 70008.49737621391, 81334.62524188329, 64029.0487452887, 64854.927187516834, 62737.129286703086, 57943.60681496648, 68135.59085186163, 66540.33774024875, 63822.03912729956, 69565.21240757595]
[67446.97942841148, 81367.97885001791, 87717.56110990296, 68765.3004810927, 59520.17237083105, 63674.5191888907, 69510.44753075382, 76521.18232974144, 66911.69789588123, 70762.39711401987, 64157.38835725251, 63905.92750918084, 66539.20956830835, 64425.48652379863, 72041.2879549101, 75576.38522589902, 75927.83426754188, 69425.90632106463, 74683.59908378706, 76730.89835500912, 69170.18648600779, 81604.40808691656, 76164.44546804647, 73169.74204013233, 68045.87642558737, 61905.70760884519, 67790.66539530152, 64874.39606793395, 77665.56633602412, 63721.05105899247, 63125.471522639986, 71049.25997680178, 68901.52986554752, 68555.39923093547, 76444.38096656626, 78251.83938640502, 80745.4072255134, 58089.2922213743, 66070.85159174842, 62143.92486699715, 69884.53486386206, 80447.50135748318, 62586.3382123348, 64854.927187516834, 62212.478979942585, 57283.74185456681, 65782.88288956608, 66540.33774024875, 63143.290567802076, 69565.21240757595]
[67446.97942841148, 80647.34257385181, 85283.82132843953, 68534.91882190722, 59440.81176821942, 62804.12309581849, 69510.44753075382, 76521.18232974144, 66868.46022228825, 70762.39711401987, 63903.10809670946, 63880.04721678248, 66343.51422541335, 64425.48652379863, 71046.98072769481, 75576.38522589902, 75780.04902218092, 66213.10207520744, 73909.9329298434, 74572.7027952357, 68569.58765960924, 81527.2939753615, 75267.48380689259, 72962.97378211693, 68032.31454716445, 61092.783138652376, 67012.08812077019, 64759.50473228326, 77665.56633602412, 62549.61249053051, 63006.09990960513, 71049.25997680178, 68860.41445299433, 65432.67507803957, 76351.02990115987, 78251.83938640502, 80610.2529339052, 57720.3928489283, 66070.85159174842, 61605.43172532227, 69884.53486386206, 78440.99385003946, 61910.783580529314, 64372.477388342595, 62212.478979942585, 57283.74185456681, 65782.88288956608, 65640.73683118977, 60542.38448161896, 69080.23778544556]
[67446.97942841148, 80421.0863116602, 84671.96125304425, 68534.91882190722, 59314.433392932566, 59495.95058322568, 69371.21857452279, 76303.10639717804, 66490.28947345351, 69351.62151723416, 62285.86901948283, 63880.04721678248, 65825.07613642991, 61931.6086196323, 70582.40159168452, 73998.72656608642, 75780.04902218092, 66029.22018365614, 71076.99799114799, 74522.19469956539, 68569.58765960924, 79654.35801430827, 74758.17774282456, 72880.25398480802, 68032.31454716445, 60934.46841952186, 66501.75716807698, 64759.50473228326, 77604.53791246557, 61949.28088897923, 62211.68143894459, 69093.08948412299, 68420.73784771541, 64320.567670369135, 76111.97615452354, 77319.6960339479, 79958.94143757425, 57712.244454346735, 65536.77657172523, 61605.43172532227, 69359.35156877225, 78357.51537975288, 61910.783580529314, 64085.83768613123, 62212.478979942585, 57283.74185456681, 64465.18037596778, 65032.90715829861, 60542.38448161896, 69080.23778544556]
[65864.28635683938, 79725.19661985112, 84225.604925437, 68534.91882190722, 57838.88957933862, 59487.13134817842, 69371.21857452279, 75998.22075840665, 66490.28947345351, 69351.62151723416, 61502.47735407543, 63658.59169524007, 65825.07613642991, 61568.982306488164, 70285.23289652243, 72705.49039594675, 75375.1304678172, 65728.69427055391, 71076.99799114799, 74522.19469956539, 67738.37769521508, 79292.07499530655, 74758.17774282456, 70550.64274797298, 68032.31454716445, 60144.2791061798, 65753.4960932267, 64759.50473228326, 77604.53791246557, 61005.549508147604, 61897.95424313564, 68761.44718729604, 66666.20574886633, 63729.67113641879, 76111.97615452354, 77065.58421865753, 79648.04519954501, 57712.244454346735, 65197.20178622565, 61577.7793972831, 68533.01706690728, 78175.95366252531, 61848.45982678407, 64041.72615470538, 62054.68999473848, 56856.40603898141, 64266.45021645102, 64763.63692938427, 59848.252951707946, 66758.67064689044]
[65858.91516974935, 79428.44649807768, 83302.44837456713, 68319.3401242475, 57045.27579272854, 59429.996781547416, 69266.4518310607, 75041.36312249216, 64898.77955248642, 68567.2718181725, 60483.54044018021, 62985.43747180997, 65793.62622600407, 60657.379706640204, 69032.5198249443, 71173.63242317742, 74479.45827499783, 65728.69427055391, 71076.99799114799, 74522.19469956539, 66768.15778891955, 79292.07499530655, 73772.06045444249, 70550.64274797298, 68032.31454716445, 59089.25760557571, 65103.144991167625, 64759.50473228326, 76298.8932841283, 59579.1246902452, 61753.89682342588, 66517.788975638, 66666.20574886633, 63578.20867747136, 74757.2422784534, 77065.58421865753, 79198.54426377076, 57571.60988771855, 64274.95062483401, 61431.755394631415, 68533.01706690728, 76162.06215366215, 61810.37635082175, 63350.66248319546, 62054.68999473848, 56706.614888193224, 64011.357157484184, 62718.306148112926, 58001.94520801983, 64949.903225972594]
[64945.653287192144, 76745.28913075323, 83302.44837456713, 68319.3401242475, 57045.27579272854, 59429.996781547416, 69237.60970478809, 74611.7020631804, 64769.01286346363, 68567.2718181725, 59995.58197030049, 62985.43747180997, 65650.61340688652, 60657.379706640204, 68757.36651169624, 70999.07344211232, 74423.29334748974, 65728.69427055391, 69903.63722433246, 71694.49366231509, 66330.69938300928, 79019.30897656186, 71916.71180931652, 70089.40022990872, 68032.31454716445, 57999.828343842426, 64196.563770423665, 63783.85474486822, 76227.53197607599, 58692.91333127837, 61031.714639461075, 66517.788975638, 66068.9241757411, 62807.56356972755, 74757.2422784534, 77065.58421865753, 76448.56017354084, 57212.439046617794, 64274.95062483401, 61258.59946173262, 67678.43041342245, 74953.46925932574, 60596.020883331425, 63098.497897420326, 62054.68999473848, 56655.718597508196, 63409.14596500473, 62135.275339058215, 57075.61618025556, 64587.774513033466]
[64808.20029134897, 76745.28913075323, 83302.44837456713, 67700.24802101533, 55593.40830762727, 59398.758981689694, 69237.60970478809, 74611.7020631804, 64769.01286346363, 68567.2718181725, 59649.451441860794, 62100.28162005298, 65650.61340688652, 60657.379706640204, 68166.2802075045, 67749.58228848994, 74423.29334748974, 64312.56060863705, 69683.26312146256, 71694.49366231509, 66103.31189572508, 78322.80102844791, 71916.71180931652, 70023.2384033173, 66476.93757224901, 57999.828343842426, 64196.563770423665, 63783.85474486822, 76227.53197607599, 58567.100163520125, 60432.55594748036, 66517.788975638, 64573.42831856133, 62352.94971312435, 74757.2422784534, 77065.58421865753, 75452.74452917457, 56754.10443214232, 63453.94809716956, 59355.42388879997, 66950.0502677215, 72851.05026184344, 59858.043659166105, 62797.97862133613, 61964.711159764454, 56351.337179117094, 62953.0639009577, 62135.275339058215, 56806.5621541521, 63646.89116723797]
[64547.784778035406, 75126.36969190938, 81696.84278087385, 67330.51431217106, 55593.40830762727, 59343.279878972586, 69113.82350466435, 74215.68255152626, 64104.72895207852, 68162.76581307931, 59635.34363164635, 62020.23336197126, 65588.15182540771, 60657.379706640204, 67989.5610131855, 65772.62852629296, 74371.66696113462, 63730.83504635001, 68153.59597148054, 70615.51807569397, 65955.2184829633, 76493.36027420145, 70479.8263926172, 69484.1696449318, 66476.93757224901, 57676.07049417531, 64196.563770423665, 63053.736347621816, 74610.36326056342, 56701.13225554444, 60051.3701915752, 66068.06766181003, 63057.18409487927, 62352.94971312435, 74450.27758517553, 75543.54209571265, 74901.63988789401, 56738.05706839075, 62293.54025807185, 59355.42388879997, 66129.05253186237, 67679.38011696783, 59693.77152912972, 62797.97862133613, 61652.97609384321, 56351.337179117094, 62789.85050246822, 62099.61962791521, 56011.71651445441, 63641.154142862906]
