Fitness
[66787887.21201788, 43573257.644124955, 10.834481535381997, 8079.651361759722, 4.60097999256255, 12.821953094846902, 1407.8379226524426, 3.730110633137916, 464.5363973204485, 20.92611969629313]
[66787887.21201788, 34466495.42162123, 10.834481535381997, 8079.651361759722, 4.60097999256255, 8.025138835648182, 754.5084886623526, 3.730110633137916, 464.5363973204485, 20.572973201600124]
[55477896.26233108, 34466495.42162123, 10.834481535381997, 8079.651361759722, 3.171437825871921, 6.933556506799009, 754.5084886623526, 3.730110633137916, 464.5363973204485, 20.572973201600124]
[17458810.409122154, 16362661.336774435, 10.834481535381997, 8079.651361759722, 2.8654198631200014, 5.063619548812801, 754.5084886623526, 3.626559479024863, 464.5363973204485, 20.260439164613103]
[17458810.409122154, 16362661.336774435, 10.834481535381997, 8079.651361759722, 2.8654198631200014, 3.563822812120449, 754.5084886623526, 3.626559479024863, 464.5363973204485, 20.260439164613103]
[17458810.409122154, 16362661.336774435, 10.834481535381997, 6682.170872500513, 2.2624157112556196, 2.845537082733628, 754.5084886623526, 3.6124804496789262, 464.5363973204485, 20.029494498792737]
[11936281.064654447, 16362661.336774435, 10.834481535381997, 6682.170872500513, 2.14169680078933, 1.9294377615216831, 754.5084886623526, 3.6124804496789262, 365.55404087819227, 20.029494498792737]
[11936281.064654447, 16362661.336774435, 10.834481535381997, 6682.170872500513, 2.14169680078933, 1.9294377615216831, 692.0482351366318, 3.6124804496789262, 283.1669811654677, 20.029494498792737]
[11936281.064654447, 16362661.336774435, 10.834481535381997, 4779.23666754808, 2.14169680078933, 1.9294377615216831, 598.2508007068145, 3.4369522152112535, 283.1669811654677, 20.029494498792737]
[11936281.064654447, 16362661.336774435, 10.834481535381997, 4260.002461464077, 1.8017319851561309, 0.6009316082626555, 342.1647718101244, 3.4369522152112535, 155.24656379688744, 20.029494498792737]
[11936281.064654447, 16362661.336774435, 10.834481535381997, 4260.002461464077, 1.5961329089779188, 0.531369963091052, 270.8322560228744, 3.32691733001445, 155.24656379688744, 19.99999995877693]
[7197071.232888335, 16362661.336774435, 10.834481535381997, 4260.002461464077, 1.5961329089779188, 6.039613253960852e-14, 270.8322560228744, 3.32691733001445, 155.24656379688744, 19.99999995877693]
[7197071.232888335, 16362661.336774435, 10.834481535381997, 4260.002461464077, 1.5961329089779188, 3.552713678800501e-15, 270.8322560228744, 3.32691733001445, 155.24656379688744, 19.999999902736835]
[7197071.232888335, 16362661.336774435, 10.834481535381997, 2449.8580836063456, 1.5961329089779188, 3.552713678800501e-15, 270.8322560228744, 3.32691733001445, 113.48169364189665, 19.999999902736835]
[7197071.232888335, 16362661.336774435, 10.834481535381997, 2449.8580836063456, 1.4674120273126219, 3.552713678800501e-15, 270.8322560228744, 3.32691733001445, 113.48169364189665, 19.999999902736835]
[7197071.232888335, 16362661.336774435, 10.834481535381997, 2425.9370986651793, 1.4674120273126219, 3.552713678800501e-15, 270.8322560228744, 3.32691733001445, 113.48169364189665, 19.999999902736835]
[7197071.232888335, 16362661.336774435, 10.834481535381997, 1763.7235617731958, 1.4674120273126219, 3.552713678800501e-15, 200.90857508632416, 3.32691733001445, 84.55010499849077, 19.999999385014025]
[6338420.899250997, 16362661.336774435, 10.834481535381997, 1763.7235617731958, 1.3842286540955975, 3.552713678800501e-15, 200.90857508632416, 3.32691733001445, 84.55010499849077, 19.999999385014025]
[6338420.899250997, 16362661.336774435, 10.810514463570591, 1763.7235617731958, 1.3842286540955975, 3.552713678800501e-15, 200.90857508632416, 3.160728250874521, 84.55010499849077, 19.999999385014025]
[3575520.4619519156, 16362661.336774435, 10.810514463570591, 1691.453774571812, 1.351525093847421, 3.552713678800501e-15, 200.90857508632416, 3.160728250874521, 84.55010499849077, 19.999998328027942]
[2609591.9346812544, 16362661.336774435, 10.713678436696727, 1691.453774571812, 1.2363381210375923, 3.552713678800501e-15, 180.41221407402736, 3.073437528170906, 52.91200311750518, 19.999998328027942]
[2451001.3164949454, 16362661.336774435, 10.713678436696727, 1642.802657497029, 1.2363381210375923, 3.552713678800501e-15, 83.92452029247033, 3.073437528170906, 45.15856581826788, 19.999994138703848]
[2451001.3164949454, 16362661.336774435, 10.713678436696727, 1097.1571922634216, 1.2363381210375923, 3.552713678800501e-15, 83.92452029247033, 3.073437528170906, 45.15856581826788, 19.9999850911483]
[2451001.3164949454, 16362661.336774435, 9.163611832644255, 759.1973511680701, 1.2363381210375923, 3.552713678800501e-15, 72.14970782767159, 3.073437528170906, 45.15856581826788, 19.9999850911483]
[2451001.3164949454, 16362661.336774435, 9.163611832644255, 430.75314343454505, 1.2205208791624242, 3.552713678800501e-15, 72.14970782767159, 3.073437528170906, 28.391099219211043, 19.999933431354773]
[2009763.053177921, 16362661.336774435, 9.1467308006348, 430.75314343454505, 1.1606374103276234, 3.552713678800501e-15, 42.58473301833783, 3.073437528170906, 28.391099219211043, 19.999933431354773]
[1273227.638496554, 16362661.336774435, 9.1467308006348, 430.75314343454505, 1.1606374103276234, 3.552713678800501e-15, 42.58473301833783, 3.073437528170906, 28.391099219211043, 19.99991634205668]
[1147335.9868180896, 16362661.336774435, 7.244798458625715, 430.70196038161856, 1.1596671017618483, 3.552713678800501e-15, 42.58473301833783, 3.073437528170906, 27.55058658852282, 19.99991166670331]
[1147335.9868180896, 16362661.336774435, 7.244798458625715, 430.70196038161856, 1.1012502770561485, 3.552713678800501e-15, 42.58473301833783, 3.073437528170906, 25.182083223843332, 19.99991166670331]
[1147335.9868180896, 16362661.336774435, 7.244798458625715, 430.70196038161856, 1.094435394089857, 3.552713678800501e-15, 42.58473301833783, 3.073437528170906, 23.074232948458725, 19.99991166670331]
[867188.678458389, 16362661.336774435, 7.244798458625715, 235.45068262035414, 1.094435394089857, 3.552713678800501e-15, 42.58473301833783, 3.073437528170906, 23.074232948458725, 19.99991166670331]
[701444.8065929577, 16362661.336774435, 7.244798458625715, 235.45068262035414, 1.0699224020370763, 3.552713678800501e-15, 30.171902603913622, 3.021857305227732, 20.721472523930988, 19.99991166670331]
[541044.6585972887, 16362661.336774435, 7.244798458625715, 235.45068262035414, 1.0699224020370763, 3.552713678800501e-15, 20.841919347804833, 3.021857305227732, 20.721472523930988, 19.99991166670331]
[541044.6585972887, 16362661.336774435, 7.244798458625715, 235.45068262035414, 1.0699224020370763, 0.0, 20.841919347804833, 3.021857305227732, 14.787214056673577, 19.99973515467778]
[414157.89361167164, 14167384.745154181, 7.244798458625715, 175.5396255648989, 1.0591094006354027, 0.0, 18.712889576052476, 3.021857305227732, 12.344364869412981, 19.99973515467778]
[268981.59317007713, 14167384.745154181, 7.244798458625715, 175.5396255648989, 0.9250332168980449, 0.0, 18.712889576052476, 3.021857305227732, 10.70633773618345, 19.99973515467778]
[268981.59317007713, 14167384.745154181, 7.244798458625715, 175.5396255648989, 0.9250332168980449, 0.0, 15.297649597476266, 3.021857305227732, 9.479971329663906, 19.999074382299476]
[254570.25612313536, 6104939.796201082, 7.244798458625715, 175.5396255648989, 0.9250332168980449, 0.0, 15.297649597476266, 3.021857305227732, 9.26042422253014, 19.999074382299476]
[254570.25612313536, 6104939.796201082, 7.244798458625715, 175.5396255648989, 0.9250332168980449, 0.0, 12.054429327077742, 2.8142997667572605, 9.26042422253014, 19.999074382299476]
[129175.81659699058, 6104939.796201082, 7.244798458625715, 175.5396255648989, 0.9250332168980449, 0.0, 12.054429327077742, 2.8142997667572605, 9.26042422253014, 19.999074382299476]
[129175.81659699058, 6104939.796201082, 7.244798458625715, 175.5396255648989, 0.9250332168980449, 0.0, 12.054429327077742, 2.8142997667572605, 9.26042422253014, 19.999074382299476]
[129175.81659699058, 6104939.796201082, 7.244798458625715, 148.59559023213856, 0.9250332168980449, 0.0, 10.762769708498126, 2.8142997667572605, 9.26042422253014, 19.999074382299476]
[48318.51596103893, 6104939.796201082, 7.244798458625715, 148.59559023213856, 0.8877660284005986, 0.0, 9.927927371901205, 2.8142997667572605, 6.257318580063202, 19.999074382299476]
[48318.51596103893, 6104939.796201082, 7.244798458625715, 120.80206731268699, 0.8877660284005986, 0.0, 9.416969774015342, 2.8142997667572605, 6.257318580063202, 19.999074382299476]
[48318.51596103893, 6104939.796201082, 7.244798458625715, 120.80206731268699, 0.8230582492740742, 0.0, 7.080121088406486, 2.8142997667572605, 5.604875093859727, 19.999074382299476]
[48318.51596103893, 6104939.796201082, 7.244798458625715, 120.80206731268699, 0.8230582492740742, 0.0, 7.080121088406486, 2.8142997667572605, 5.604875093859727, 19.999074382299476]
[48318.51596103893, 6104939.796201082, 7.244798458625715, 118.5727377181668, 0.8230582492740742, 0.0, 7.080121088406486, 2.8142997667572605, 4.352569140240053, 19.999074382299476]
[48318.51596103893, 6104939.796201082, 7.244798458625715, 118.5727377181668, 0.8230582492740742, 0.0, 6.075649056533621, 2.8142997667572605, 3.00024333535994, 19.999074382299476]
[48318.51596103893, 6104939.796201082, 7.244798458625715, 102.76997092336832, 0.8230582492740742, 0.0, 4.491653295929609, 2.8142997667572605, 1.514834780259938, 19.928720835206466]
[48318.51596103893, 6104939.796201082, 7.244798458625715, 102.76997092336832, 0.8230582492740742, 0.0, 3.6660859486974005, 2.8142997667572605, 1.514834780259938, 19.928720835206466]
[48318.51596103893, 6104939.796201082, 7.244798458625715, 102.76997092336832, 0.8230582492740742, 0.0, 3.6660859486974005, 2.8142997667572605, 1.514834780259938, 19.928720835206466]
[48318.51596103893, 6104939.796201082, 7.244798458625715, 52.83920343835247, 0.8230582492740742, 0.0, 3.6660859486974005, 2.8142997667572605, 1.514834780259938, 19.928720835206466]
[47121.673010779836, 6104939.796201082, 7.244798458625715, 52.83920343835247, 0.8230582492740742, 0.0, 3.6660859486974005, 2.8142997667572605, 1.514834780259938, 19.928720835206466]
[16875.837858357863, 6104939.796201082, 7.244798458625715, 52.83920343835247, 0.8230582492740742, 0.0, 1.477732812096292, 2.8142997667572605, 1.514834780259938, 19.928720835206466]
[16875.837858357863, 6104939.796201082, 7.244798458625715, 52.83920343835247, 0.7951592330214823, 0.0, 1.477732812096292, 2.8142997667572605, 1.514834780259938, 19.928720835206466]
[16875.837858357863, 6104939.796201082, 7.244798458625715, 52.83920343835247, 0.7951592330214823, 0.0, 1.477732812096292, 2.8142997667572605, 1.514834780259938, 19.928720835206466]
[16875.837858357863, 6104939.796201082, 7.244798458625715, 52.83920343835247, 0.7951592330214823, 0.0, 1.477732812096292, 2.8142997667572605, 1.514834780259938, 19.928720835206466]
[16875.837858357863, 6104939.796201082, 7.244798458625715, 52.83920343835247, 0.7916066698791565, 0.0, 1.477732812096292, 2.8142997667572605, 1.514834780259938, 19.928720835206466]
[16875.837858357863, 6104939.796201082, 7.244798458625715, 52.83920343835247, 0.6441418998064488, 0.0, 1.3080021561108879, 2.8142997667572605, 1.4990338546060062, 19.859306428241798]
[9661.424586013518, 6104939.796201082, 7.244798458625715, 52.83920343835247, 0.5808989742974009, 0.0, 1.3080021561108879, 2.8142997667572605, 1.4990338546060062, 19.859306428241798]
[9661.424586013518, 6104939.796201082, 7.244798458625715, 52.83920343835247, 0.5808989742974009, 0.0, 1.1066961912456463, 2.8142997667572605, 1.2177118741130923, 19.859306428241798]
[7727.929799116831, 3348164.285679386, 7.244798458625715, 52.83920343835247, 0.5808989742974009, 0.0, 1.1066961912456463, 2.8142997667572605, 0.9952308228708657, 19.859306428241798]
[7727.929799116831, 3348164.285679386, 7.244798458625715, 52.83920343835247, 0.5808989742974009, 0.0, 0.6201881700662852, 2.8142997667572605, 0.9952308228708657, 19.859306428241798]
[6602.90510432509, 3348164.285679386, 7.244798458625715, 52.83920343835247, 0.5808989742974009, 0.0, 0.6201881700662852, 2.8142997667572605, 0.9952308228708657, 19.859306428241798]
[6602.90510432509, 3348164.285679386, 7.244798458625715, 52.83920343835247, 0.5808989742974009, 0.0, 0.5878634974560555, 2.8142997667572605, 0.9952308228708657, 19.859306428241798]
[6602.90510432509, 3348164.285679386, 7.244798458625715, 52.83920343835247, 0.5808989742974009, 0.0, 0.5878634974560555, 2.8142997667572605, 0.865105186786286, 19.859306428241798]
[6602.90510432509, 3348164.285679386, 7.244798458625715, 41.721042370404874, 0.5808989742974009, 0.0, 0.22167221717063512, 2.8142997667572605, 0.865105186786286, 19.859306428241798]
[6004.922642615613, 3348164.285679386, 7.244798458625715, 41.721042370404874, 0.5808989742974009, 0.0, 0.22167221717063512, 2.8142997667572605, 0.865105186786286, 19.859306428241798]
[3751.531387057416, 3348164.285679386, 7.244798458625715, 41.721042370404874, 0.5808989742974009, 0.0, 0.22167221717063512, 2.8142997667572605, 0.791009284116093, 19.859306428241798]
[3256.251182516387, 3348164.285679386, 7.244798458625715, 41.721042370404874, 0.5808989742974009, 0.0, 0.22167221717063512, 2.8142997667572605, 0.791009284116093, 19.859306428241798]
[2915.9655394441174, 3348164.285679386, 7.244798458625715, 41.721042370404874, 0.5808989742974009, 0.0, 0.22167221717063512, 2.8142997667572605, 0.791009284116093, 19.859306428241798]
[1421.339637929628, 3348164.285679386, 7.244798458625715, 41.721042370404874, 0.5808989742974009, 0.0, 0.2086204901115707, 2.8142997667572605, 0.791009284116093, 19.859306428241798]
[1421.339637929628, 3348164.285679386, 7.244798458625715, 41.721042370404874, 0.5808989742974009, 0.0, 0.2086204901115707, 2.8142997667572605, 0.791009284116093, 19.859306428241798]
[1421.339637929628, 3348164.285679386, 7.244798458625715, 41.721042370404874, 0.5808989742974009, 0.0, 0.15731460596180113, 2.8142997667572605, 0.6671940008489794, 19.859306428241798]
[1421.339637929628, 3348164.285679386, 7.244798458625715, 41.721042370404874, 0.5808989742974009, 0.0, 0.15731460596180113, 2.8142997667572605, 0.6671940008489794, 19.859306428241798]
[1421.339637929628, 3348164.285679386, 7.244798458625715, 41.721042370404874, 0.5808989742974009, 0.0, 0.15731460596180113, 2.8142997667572605, 0.6671940008489794, 19.859306428241798]
[1289.2853305733925, 3348164.285679386, 7.244798458625715, 41.721042370404874, 0.5808989742974009, 0.0, 0.15731460596180113, 2.7802181856788204, 0.6671940008489794, 19.859306428241798]
[1152.0475864579716, 3348164.285679386, 7.244798458625715, 39.54060563030478, 0.5808989742974009, 0.0, 0.15731460596180113, 2.7802181856788204, 0.6671940008489794, 19.859306428241798]
[1041.9413559065858, 3348164.285679386, 7.244798458625715, 39.54060563030478, 0.5808989742974009, 0.0, 0.10677773566021642, 2.7802181856788204, 0.6671940008489794, 19.859306428241798]
[826.8437556293171, 3348164.285679386, 7.244798458625715, 39.54060563030478, 0.5808989742974009, 0.0, 0.08767872144653666, 2.7802181856788204, 0.5753762575391108, 19.859306428241798]
[826.8437556293171, 3348164.285679386, 7.244798458625715, 39.54060563030478, 0.5808989742974009, 0.0, 0.08767872144653666, 2.7802181856788204, 0.5753762575391108, 19.859306428241798]
[826.8437556293171, 3348164.285679386, 7.244798458625715, 39.54060563030478, 0.5808989742974009, 0.0, 0.08767872144653666, 2.7802181856788204, 0.5753762575391108, 19.859306428241798]
[750.0090562325743, 3348164.285679386, 7.244798458625715, 39.54060563030478, 0.5808989742974009, 0.0, 0.07316267407441046, 2.7802181856788204, 0.5753762575391108, 19.859306428241798]
[750.0090562325743, 3348164.285679386, 7.244798458625715, 39.54060563030478, 0.5808989742974009, 0.0, 0.07316267407441046, 2.7802181856788204, 0.5753762575391108, 19.859306428241798]
[615.4919025861604, 3348164.285679386, 7.244798458625715, 39.54060563030478, 0.5808989742974009, 0.0, 0.050039029938488966, 2.7802181856788204, 0.5753762575391108, 19.859306428241798]
[465.91630709438556, 3348164.285679386, 7.244798458625715, 39.54060563030478, 0.5808989742974009, 0.0, 0.037303512778635195, 2.7802181856788204, 0.5454773837344744, 19.859306428241798]
[465.91630709438556, 3348164.285679386, 7.244798458625715, 39.54060563030478, 0.5808989742974009, 0.0, 0.037303512778635195, 2.7802181856788204, 0.5454773837344744, 19.859306428241798]
[367.56668377141415, 3348164.285679386, 7.244798458625715, 39.54060563030478, 0.5808989742974009, 0.0, 0.037303512778635195, 2.7802181856788204, 0.5454773837344744, 19.859306428241798]
[318.4305691431381, 3348164.285679386, 7.244798458625715, 37.3985036662967, 0.5808989742974009, 0.0, 0.03256056506324967, 2.7802181856788204, 0.5454773837344744, 19.859306428241798]
[308.3723497786285, 3348164.285679386, 7.244798458625715, 37.3985036662967, 0.5808989742974009, 0.0, 0.02691695783232717, 2.7802181856788204, 0.5123030553064731, 19.859306428241798]
[302.0680936206784, 3348164.285679386, 7.244798458625715, 37.3985036662967, 0.5808989742974009, 0.0, 0.02691695783232717, 2.7802181856788204, 0.5123030553064731, 19.859306428241798]
[282.0053747284675, 3348164.285679386, 7.244798458625715, 36.518984014433435, 0.5808989742974009, 0.0, 0.02158570342908206, 2.7802181856788204, 0.5123030553064731, 19.859306428241798]
[146.65706345253975, 3348164.285679386, 7.244798458625715, 36.518984014433435, 0.5808989742974009, 0.0, 0.02158570342908206, 2.7802181856788204, 0.5123030553064731, 19.859306428241798]
[146.65706345253975, 3348164.285679386, 7.244798458625715, 27.072623372508673, 0.5808989742974009, 0.0, 0.02158570342908206, 2.7802181856788204, 0.5123030553064731, 19.859306428241798]
[140.68407879535712, 3348164.285679386, 7.244798458625715, 20.302769011158333, 0.5808989742974009, 0.0, 0.012481561497224902, 2.7802181856788204, 0.5123030553064731, 19.859306428241798]
[112.32504395196119, 3348164.285679386, 7.244798458625715, 20.302769011158333, 0.5808989742974009, 0.0, 0.010662941669579595, 2.7802181856788204, 0.5123030553064731, 19.859306428241798]
[112.32504395196119, 3348164.285679386, 7.244798458625715, 20.302769011158333, 0.5808989742974009, 0.0, 0.010662941669579595, 2.7802181856788204, 0.5123030553064731, 19.859306428241798]
[112.32504395196119, 3348164.285679386, 7.244798458625715, 20.302769011158333, 0.5808989742974009, 0.0, 0.005114730144669011, 2.7802181856788204, 0.5123030553064731, 19.859306428241798]
[70.10570861328911, 3348164.285679386, 7.244798458625715, 20.302769011158333, 0.5808989742974009, 0.0, 0.005114730144669011, 2.7802181856788204, 0.5123030553064731, 19.859306428241798]
[70.10570861328911, 3348164.285679386, 7.244798458625715, 20.302769011158333, 0.5808989742974009, 0.0, 0.005114730144669011, 2.7802181856788204, 0.5123030553064731, 19.859306428241798]
[70.10570861328911, 3348164.285679386, 7.244798458625715, 20.302769011158333, 0.5808989742974009, 0.0, 0.005114730144669011, 2.7802181856788204, 0.5123030553064731, 19.859306428241798]
[27.892944706603572, 3348164.285679386, 7.244798458625715, 20.302769011158333, 0.5808989742974009, 0.0, 0.004205481593089644, 2.7802181856788204, 0.5123030553064731, 19.859306428241798]
[27.892944706603572, 3348164.285679386, 7.244798458625715, 20.302769011158333, 0.5808989742974009, 0.0, 0.004205481593089644, 2.7802181856788204, 0.5123030553064731, 19.859306428241798]
[27.892944706603572, 3348164.285679386, 7.244798458625715, 20.302769011158333, 0.5808989742974009, 0.0, 0.004205481593089644, 2.7802181856788204, 0.5123030553064731, 19.859306428241798]
[27.892944706603572, 3348164.285679386, 7.244798458625715, 20.302769011158333, 0.5808989742974009, 0.0, 0.004205481593089644, 2.7802181856788204, 0.5123030553064731, 19.859306428241798]
[21.750359512934875, 3348164.285679386, 7.244798458625715, 20.302769011158333, 0.5808989742974009, 0.0, 0.002412300038486137, 2.7802181856788204, 0.5123030553064731, 19.859306428241798]
[18.779006358826674, 3348164.285679386, 7.244798458625715, 20.302769011158333, 0.5808989742974009, 0.0, 0.002412300038486137, 2.7802181856788204, 0.5123030553064731, 19.859306428241798]
[18.779006358826674, 3348164.285679386, 7.244798458625715, 20.302769011158333, 0.5808989742974009, 0.0, 0.000993615883999155, 2.7802181856788204, 0.5123030553064731, 19.859306428241798]
[18.779006358826674, 3348164.285679386, 7.244798458625715, 20.302769011158333, 0.5808989742974009, 0.0, 0.000993615883999155, 2.7802181856788204, 0.5123030553064731, 19.859306428241798]
[17.358111401007914, 3348164.285679386, 7.244798458625715, 20.302769011158333, 0.5808989742974009, 0.0, 0.000993615883999155, 2.7802181856788204, 0.5123030553064731, 19.859306428241798]
[16.053952281361187, 3348164.285679386, 7.244798458625715, 20.302769011158333, 0.5808989742974009, 0.0, 0.000993615883999155, 2.7802181856788204, 0.5123030553064731, 19.859306428241798]
[16.053952281361187, 3348164.285679386, 7.244798458625715, 20.302769011158333, 0.5808989742974009, 0.0, 0.000993615883999155, 2.7802181856788204, 0.5123030553064731, 19.859306428241798]
[16.053952281361187, 3348164.285679386, 7.244798458625715, 20.302769011158333, 0.5808989742974009, 0.0, 0.000993615883999155, 2.7802181856788204, 0.5123030553064731, 19.859306428241798]
[13.002254808822325, 3348164.285679386, 7.244798458625715, 20.302769011158333, 0.5808989742974009, 0.0, 0.000993615883999155, 2.7802181856788204, 0.5123030553064731, 19.859306428241798]
[7.998299199742039, 3348164.285679386, 7.244798458625715, 20.302769011158333, 0.5808989742974009, 0.0, 0.0008372928523385781, 2.7802181856788204, 0.5123030553064731, 19.859306428241798]
[7.895039054180298, 3348164.285679386, 7.244798458625715, 20.302769011158333, 0.5808989742974009, 0.0, 0.0008372928523385781, 2.7802181856788204, 0.5123030553064731, 19.859306428241798]
[7.709421678455252, 3348164.285679386, 7.244798458625715, 20.302769011158333, 0.5808989742974009, 0.0, 0.0008372928523385781, 2.7802181856788204, 0.5123030553064731, 19.859306428241798]
[6.399114438624124, 3348164.285679386, 7.244798458625715, 20.302769011158333, 0.5808989742974009, 0.0, 0.0006108133147790795, 2.7802181856788204, 0.5123030553064731, 19.859306428241798]
[6.283794331531648, 3348164.285679386, 7.244798458625715, 20.302769011158333, 0.5808989742974009, 0.0, 0.0006108133147790795, 2.7802181856788204, 0.5123030553064731, 19.859306428241798]
[6.283794331531648, 3348164.285679386, 7.244798458625715, 20.302769011158333, 0.5808989742974009, 0.0, 0.0006108133147790795, 2.7802181856788204, 0.5123030553064731, 19.859306428241798]
[5.873706287368081, 3348164.285679386, 7.244798458625715, 20.302769011158333, 0.5808989742974009, 0.0, 0.0003592851580833667, 2.7802181856788204, 0.5123030553064731, 19.859306428241798]
[5.21581860853849, 3348164.285679386, 7.244798458625715, 20.302769011158333, 0.5808989742974009, 0.0, 0.0003445063812250737, 2.7802181856788204, 0.5123030553064731, 19.859306428241798]
[4.879388730967103, 3348164.285679386, 7.244798458625715, 20.302769011158333, 0.5808989742974009, 0.0, 0.0003445063812250737, 2.7802181856788204, 0.5123030553064731, 19.859306428241798]
[3.5295626078572373, 3348164.285679386, 7.244798458625715, 20.302769011158333, 0.5808989742974009, 0.0, 0.0003445063812250737, 2.7802181856788204, 0.5123030553064731, 19.859306428241798]
[3.048153005085157, 3348164.285679386, 7.244798458625715, 20.302769011158333, 0.5808989742974009, 0.0, 0.0003445063812250737, 2.7802181856788204, 0.5123030553064731, 19.859306428241798]
[2.531636400247087, 3348164.285679386, 7.244798458625715, 20.302769011158333, 0.5808989742974009, 0.0, 0.0003445063812250737, 2.7802181856788204, 0.5123030553064731, 19.859306428241798]
[2.531636400247087, 3348164.285679386, 7.244798458625715, 20.302769011158333, 0.5808989742974009, 0.0, 0.00033790453289839206, 2.7802181856788204, 0.5123030553064731, 19.859306428241798]
[2.531636400247087, 3348164.285679386, 7.244798458625715, 20.302769011158333, 0.5808989742974009, 0.0, 0.00033790453289839206, 2.7802181856788204, 0.5123030553064731, 19.859306428241798]
[2.531636400247087, 3348164.285679386, 7.244798458625715, 20.302769011158333, 0.5808989742974009, 0.0, 0.0002769311049632961, 2.7802181856788204, 0.5123030553064731, 19.859306428241798]
[1.8514731200233996, 3348164.285679386, 7.244798458625715, 20.302769011158333, 0.5808989742974009, 0.0, 0.0002769311049632961, 2.7802181856788204, 0.5123030553064731, 19.859306428241798]
[1.2663911696502406, 3348164.285679386, 7.244798458625715, 20.302769011158333, 0.5808989742974009, 0.0, 0.00021132631172804395, 2.7802181856788204, 0.5123030553064731, 19.859306428241798]
[1.1840496370686537, 3348164.285679386, 7.244798458625715, 20.302769011158333, 0.5808989742974009, 0.0, 0.00021132631172804395, 2.7802181856788204, 0.5123030553064731, 19.859306428241798]
[1.1840496370686537, 3348164.285679386, 7.244798458625715, 20.302769011158333, 0.5808989742974009, 0.0, 0.00021132631172804395, 2.7802181856788204, 0.5123030553064731, 19.859306428241798]
[1.1298243714732232, 3348164.285679386, 7.244798458625715, 20.302769011158333, 0.5808989742974009, 0.0, 0.00021132631172804395, 2.7802181856788204, 0.5123030553064731, 19.859306428241798]
[1.1298243714732232, 3348164.285679386, 7.244798458625715, 20.302769011158333, 0.5808989742974009, 0.0, 0.00020847643736487953, 2.7802181856788204, 0.5123030553064731, 19.859306428241798]
[1.1298243714732232, 3348164.285679386, 7.244798458625715, 20.302769011158333, 0.5808989742974009, 0.0, 0.00016818184121802915, 2.7802181856788204, 0.5123030553064731, 19.859306428241798]
[0.8345648802606711, 3348164.285679386, 7.244798458625715, 20.302769011158333, 0.5808989742974009, 0.0, 0.00016818184121802915, 2.7802181856788204, 0.5123030553064731, 19.859306428241798]
[0.7833768497853362, 3348164.285679386, 7.244798458625715, 20.302769011158333, 0.5808989742974009, 0.0, 0.00016818184121802915, 2.7802181856788204, 0.5123030553064731, 19.859306428241798]
[0.7087572825626506, 3348164.285679386, 7.244798458625715, 20.302769011158333, 0.5808989742974009, 0.0, 0.00016818184121802915, 2.7802181856788204, 0.5123030553064731, 19.859306428241798]
[0.41443288994769467, 3348164.285679386, 7.244798458625715, 20.302769011158333, 0.5808989742974009, 0.0, 0.00016818184121802915, 2.7802181856788204, 0.5123030553064731, 19.859306428241798]
[0.26764804803283326, 3348164.285679386, 7.244798458625715, 20.302769011158333, 0.5808989742974009, 0.0, 0.00016818184121802915, 2.7802181856788204, 0.5123030553064731, 19.616910544589153]
[0.26764804803283326, 3348164.285679386, 7.244798458625715, 20.302769011158333, 0.5808989742974009, 0.0, 0.00016572791537328158, 2.7802181856788204, 0.5123030553064731, 19.616910544589153]
[0.26764804803283326, 3348164.285679386, 7.244798458625715, 20.302769011158333, 0.5808989742974009, 0.0, 0.00016518721622560406, 2.7802181856788204, 0.5123030553064731, 19.616910544589153]
[0.26764804803283326, 3348164.285679386, 7.244798458625715, 20.302769011158333, 0.5808989742974009, 0.0, 0.00016518721622560406, 2.7471154814548417, 0.5123030553064731, 19.616910544589153]
[0.22400811469779575, 3348164.285679386, 7.244798458625715, 20.302769011158333, 0.5808989742974009, 0.0, 0.00015681029708503047, 2.7471154814548417, 0.5123030553064731, 19.616910544589153]
[0.17791017775159365, 3348164.285679386, 7.244798458625715, 20.302769011158333, 0.5808989742974009, 0.0, 0.00015044787596707465, 2.7471154814548417, 0.5123030553064731, 19.616910544589153]
[0.1529757345193981, 3348164.285679386, 7.244798458625715, 20.302769011158333, 0.5808989742974009, 0.0, 0.00014568067581421928, 2.7471154814548417, 0.5123030553064731, 19.616910544589153]
[0.1529757345193981, 3348164.285679386, 7.244798458625715, 20.302769011158333, 0.5808989742974009, 0.0, 0.00013998646500112955, 2.7471154814548417, 0.5123030553064731, 19.616910544589153]
[0.1529757345193981, 3348164.285679386, 7.244798458625715, 20.302769011158333, 0.5808989742974009, 0.0, 0.00013998646500112955, 2.7471154814548417, 0.5123030553064731, 19.616910544589153]
[0.13932807646132211, 3348164.285679386, 7.244798458625715, 20.302769011158333, 0.5808989742974009, 0.0, 0.00013728371050092392, 2.7471154814548417, 0.5123030553064731, 19.616910544589153]
[0.10477470060695014, 3348164.285679386, 7.244798458625715, 20.302769011158333, 0.5808989742974009, 0.0, 0.00013728371050092392, 2.7471154814548417, 0.5123030553064731, 19.616910544589153]
[0.10477470060695014, 3348164.285679386, 7.244798458625715, 20.302769011158333, 0.5808989742974009, 0.0, 0.00013728371050092392, 2.7471154814548417, 0.5123030553064731, 19.616910544589153]
[0.10477470060695014, 3348164.285679386, 7.244798458625715, 20.302769011158333, 0.5808989742974009, 0.0, 0.00013728371050092392, 2.7471154814548417, 0.5123030553064731, 19.616910544589153]
[0.061868246551268685, 3348164.285679386, 7.244798458625715, 20.302769011158333, 0.5808989742974009, 0.0, 0.00013068633052171208, 2.7471154814548417, 0.5123030553064731, 19.616910544589153]
[0.04629794357155835, 3348164.285679386, 7.244798458625715, 20.302769011158333, 0.5808989742974009, 0.0, 0.00013068633052171208, 2.7471154814548417, 0.5123030553064731, 19.616910544589153]
[0.04629794357155835, 3348164.285679386, 7.244798458625715, 20.302769011158333, 0.5808989742974009, 0.0, 0.00013068633052171208, 2.7471154814548417, 0.5123030553064731, 17.68822769027044]
[0.04320167268155832, 3348164.285679386, 7.244798458625715, 20.302769011158333, 0.5808989742974009, 0.0, 0.00013068633052171208, 2.7471154814548417, 0.5123030553064731, 17.68822769027044]
[0.04320167268155832, 3348164.285679386, 7.244798458625715, 20.302769011158333, 0.5808989742974009, 0.0, 0.00013068633052171208, 2.7471154814548417, 0.5123030553064731, 17.68822769027044]
[0.024727243374392426, 3348164.285679386, 7.244798458625715, 20.302769011158333, 0.5808989742974009, 0.0, 0.00013068633052171208, 2.7471154814548417, 0.5123030553064731, 17.68822769027044]
[0.024727243374392426, 3348164.285679386, 7.244798458625715, 20.302769011158333, 0.5808989742974009, 0.0, 0.00013068633052171208, 2.7471154814548417, 0.5123030553064731, 17.68822769027044]
[0.024727243374392426, 3348164.285679386, 7.244798458625715, 20.302769011158333, 0.5808989742974009, 0.0, 0.00013068633052171208, 2.7471154814548417, 0.5123030553064731, 17.68822769027044]
[0.024727243374392426, 3348164.285679386, 7.244798458625715, 20.302769011158333, 0.5808989742974009, 0.0, 0.00013068633052171208, 2.7471154814548417, 0.5123030553064731, 17.68822769027044]
[0.024727243374392426, 3348164.285679386, 7.244798458625715, 20.302769011158333, 0.5808989742974009, 0.0, 0.00012875325319328113, 2.7471154814548417, 0.5123030553064731, 17.68822769027044]
[0.02125589683504722, 3348164.285679386, 7.244798458625715, 20.302769011158333, 0.5808989742974009, 0.0, 0.00012875325319328113, 2.7471154814548417, 0.5123030553064731, 17.68822769027044]
[0.02125589683504722, 3348164.285679386, 7.244798458625715, 20.302769011158333, 0.5808989742974009, 0.0, 0.00012875325319328113, 2.7471154814548417, 0.5123030553064731, 17.68822769027044]
[0.008361611385780867, 3348164.285679386, 7.244798458625715, 20.302769011158333, 0.5808989742974009, 0.0, 0.00012875325319328113, 2.7471154814548417, 0.5123030553064731, 17.68822769027044]
[0.008361611385780867, 3348164.285679386, 7.244798458625715, 20.302769011158333, 0.5808989742974009, 0.0, 0.0001281140075661824, 2.7471154814548417, 0.5123030553064731, 17.68822769027044]
[0.008361611385780867, 3348164.285679386, 7.244798458625715, 20.302769011158333, 0.5808989742974009, 0.0, 0.00012800000422430458, 2.7471154814548417, 0.5123030553064731, 17.68822769027044]
[0.004741991230786833, 3348164.285679386, 7.244798458625715, 20.302769011158333, 0.5808989742974009, 0.0, 0.00012800000422430458, 2.7471154814548417, 0.5123030553064731, 17.68822769027044]
[0.004741991230786833, 3348164.285679386, 7.244798458625715, 20.302769011158333, 0.5808989742974009, 0.0, 0.00012800000422430458, 2.7471154814548417, 0.5123030553064731, 17.68822769027044]
[0.004741991230786833, 3348164.285679386, 7.244798458625715, 20.302769011158333, 0.5808989742974009, 0.0, 0.00012800000422430458, 2.7471154814548417, 0.5123030553064731, 17.68822769027044]
[0.004741991230786833, 3348164.285679386, 7.244798458625715, 20.302769011158333, 0.5808989742974009, 0.0, 0.0001278607369386009, 2.7471154814548417, 0.5123030553064731, 17.68822769027044]
[0.004741991230786833, 3348164.285679386, 7.244798458625715, 20.302769011158333, 0.5808989742974009, 0.0, 0.0001278607369386009, 2.7471154814548417, 0.5123030553064731, 17.68822769027044]
[0.004741991230786833, 3348164.285679386, 7.244798458625715, 20.302769011158333, 0.5808989742974009, 0.0, 0.00012771275396517012, 2.7471154814548417, 0.5123030553064731, 17.68822769027044]
[0.004741991230786833, 3348164.285679386, 7.244798458625715, 20.302769011158333, 0.5808989742974009, 0.0, 0.00012757614786096383, 2.7471154814548417, 0.5123030553064731, 17.68822769027044]
[0.004741991230786833, 3348164.285679386, 7.244798458625715, 20.302769011158333, 0.5808989742974009, 0.0, 0.00012757614786096383, 2.7471154814548417, 0.5123030553064731, 17.68822769027044]
[0.002898442487268697, 3348164.285679386, 7.244798458625715, 20.302769011158333, 0.5808989742974009, 0.0, 0.00012757614786096383, 2.7471154814548417, 0.5123030553064731, 17.68822769027044]
[0.002898442487268697, 3348164.285679386, 7.244798458625715, 20.302769011158333, 0.5808989742974009, 0.0, 0.00012757614786096383, 2.7471154814548417, 0.5123030553064731, 17.68822769027044]
[0.0027243003887411563, 3348164.285679386, 7.244798458625715, 20.302769011158333, 0.5808989742974009, 0.0, 0.00012757614786096383, 2.7471154814548417, 0.5123030553064731, 17.68822769027044]
[0.0021834486510827096, 3348164.285679386, 7.244798458625715, 20.302769011158333, 0.5808989742974009, 0.0, 0.00012757614786096383, 2.7471154814548417, 0.5123030553064731, 17.68822769027044]
[0.0021834486510827096, 3348164.285679386, 7.244798458625715, 20.302769011158333, 0.5808989742974009, 0.0, 0.00012754630461131455, 2.451705987245821, 0.5123030553064731, 17.68822769027044]
[0.0016104113007654247, 3348164.285679386, 7.244798458625715, 20.302769011158333, 0.5808989742974009, 0.0, 0.00012745509957312606, 2.451705987245821, 0.5123030553064731, 17.68822769027044]
[0.0016104113007654247, 3348164.285679386, 7.244798458625715, 20.302769011158333, 0.5808989742974009, 0.0, 0.00012745509957312606, 2.451705987245821, 0.5123030553064731, 17.68822769027044]
[0.0013507794118909305, 3348164.285679386, 7.244798458625715, 20.302769011158333, 0.566144725737445, 0.0, 0.00012745354342769133, 2.451705987245821, 0.5123030553064731, 17.68822769027044]
[0.0010355147732320712, 3348164.285679386, 7.244798458625715, 20.302769011158333, 0.566144725737445, 0.0, 0.00012745354342769133, 2.451705987245821, 0.5123030553064731, 17.68822769027044]
[0.0010355147732320712, 3348164.285679386, 7.244798458625715, 20.302769011158333, 0.566144725737445, 0.0, 0.00012745354342769133, 2.451705987245821, 0.5123030553064731, 17.68822769027044]
[0.0010355147732320712, 3348164.285679386, 7.244798458625715, 20.302769011158333, 0.566144725737445, 0.0, 0.00012745354342769133, 2.451705987245821, 0.5123030553064731, 17.68822769027044]
[0.0008565914170881821, 3348164.285679386, 7.244798458625715, 20.302769011158333, 0.566144725737445, 0.0, 0.00012737900942738634, 2.451705987245821, 0.5123030553064731, 17.68822769027044]
[0.00023085982472348713, 3348164.285679386, 7.244798458625715, 20.302769011158333, 0.566144725737445, 0.0, 0.00012737900942738634, 2.451705987245821, 0.5123030553064731, 17.68822769027044]
[0.00023085982472348713, 3348164.285679386, 7.244798458625715, 20.302769011158333, 0.566144725737445, 0.0, 0.00012734578831441468, 2.451705987245821, 0.5123030553064731, 17.68822769027044]
[0.00023085982472348713, 3348164.285679386, 7.244798458625715, 20.302769011158333, 0.566144725737445, 0.0, 0.00012734578831441468, 2.451705987245821, 0.5123030553064731, 17.68822769027044]
[0.00023085982472348713, 3348164.285679386, 7.244798458625715, 20.302769011158333, 0.566144725737445, 0.0, 0.00012734578831441468, 2.451705987245821, 0.5123030553064731, 17.68822769027044]
[0.00023085982472348713, 3348164.285679386, 7.244798458625715, 20.302769011158333, 0.566144725737445, 0.0, 0.00012734578831441468, 2.451705987245821, 0.5123030553064731, 17.68822769027044]
[0.00023085982472348713, 3348164.285679386, 7.244798458625715, 20.302769011158333, 0.566144725737445, 0.0, 0.00012733680341625586, 2.451705987245821, 0.5123030553064731, 17.68822769027044]
[0.00023085982472348713, 3348164.285679386, 7.244798458625715, 20.302769011158333, 0.566144725737445, 0.0, 0.00012733229505101917, 2.451705987245821, 0.5123030553064731, 17.68822769027044]
[0.00023085982472348713, 3348164.285679386, 7.244798458625715, 20.302769011158333, 0.566144725737445, 0.0, 0.00012732222785416525, 2.451705987245821, 0.5123030553064731, 17.68822769027044]
[0.00023085982472348713, 3348164.285679386, 7.244798458625715, 20.302769011158333, 0.566144725737445, 0.0, 0.00012732222785416525, 2.451705987245821, 0.5123030553064731, 17.68822769027044]
[0.00023085982472348713, 3348164.285679386, 7.244798458625715, 20.302769011158333, 0.566144725737445, 0.0, 0.00012730094204016495, 2.451705987245821, 0.5123030553064731, 17.68822769027044]
[9.483044623315654e-05, 3348164.285679386, 7.244798458625715, 20.302769011158333, 0.566144725737445, 0.0, 0.00012730094204016495, 2.451705987245821, 0.5123030553064731, 17.68822769027044]
[9.483044623315654e-05, 3348164.285679386, 7.244798458625715, 20.302769011158333, 0.566144725737445, 0.0, 0.00012730094204016495, 2.451705987245821, 0.5123030553064731, 17.68822769027044]
[9.483044623315654e-05, 3348164.285679386, 7.244798458625715, 20.302769011158333, 0.566144725737445, 0.0, 0.00012730094204016495, 2.451705987245821, 0.5123030553064731, 17.68822769027044]
[9.483044623315654e-05, 3348164.285679386, 7.244798458625715, 20.302769011158333, 0.566144725737445, 0.0, 0.00012730063554045046, 2.451705987245821, 0.5123030553064731, 17.68822769027044]
[9.483044623315654e-05, 3348164.285679386, 7.244798458625715, 20.302769011158333, 0.566144725737445, 0.0, 0.00012729641457553953, 2.451705987245821, 0.5123030553064731, 17.68822769027044]
[7.771787163941787e-05, 3348164.285679386, 7.244798458625715, 20.302769011158333, 0.566144725737445, 0.0, 0.00012729641457553953, 2.451158768361197, 0.5123030553064731, 17.68822769027044]
[4.732711520274981e-05, 3348164.285679386, 7.244798458625715, 20.302769011158333, 0.566144725737445, 0.0, 0.00012729396166832885, 2.451158768361197, 0.5123030553064731, 17.68822769027044]
[1.56648220474516e-05, 3348164.285679386, 7.244798458625715, 20.302769011158333, 0.566144725737445, 0.0, 0.00012729274385492317, 2.451158768361197, 0.5123030553064731, 17.68822769027044]
[1.56648220474516e-05, 3348164.285679386, 7.244798458625715, 20.302769011158333, 0.566144725737445, 0.0, 0.00012728702495223843, 2.451158768361197, 0.5123030553064731, 17.68822769027044]
[1.56648220474516e-05, 3348164.285679386, 7.244798458625715, 20.302769011158333, 0.566144725737445, 0.0, 0.00012728702495223843, 2.451158768361197, 0.5123030553064731, 17.68822769027044]
[1.56648220474516e-05, 3348164.285679386, 7.244798458625715, 20.302769011158333, 0.566144725737445, 0.0, 0.00012728702495223843, 2.451158768361197, 0.5123030553064731, 17.68822769027044]
[1.56648220474516e-05, 3348164.285679386, 7.244798458625715, 20.302769011158333, 0.566144725737445, 0.0, 0.00012728314050036715, 2.451158768361197, 0.5123030553064731, 17.68822769027044]
[1.56648220474516e-05, 3348164.285679386, 7.244798458625715, 20.302769011158333, 0.566144725737445, 0.0, 0.00012728314050036715, 2.451158768361197, 0.5123030553064731, 17.68822769027044]
[1.56648220474516e-05, 3348164.285679386, 7.244798458625715, 20.302769011158333, 0.566144725737445, 0.0, 0.00012728314050036715, 2.451158768361197, 0.5123030553064731, 17.68822769027044]
[1.56648220474516e-05, 3348164.285679386, 7.244798458625715, 20.302769011158333, 0.566144725737445, 0.0, 0.00012728314050036715, 2.451158768361197, 0.5123030553064731, 17.68822769027044]
[8.749883632037263e-06, 3348164.285679386, 7.244798458625715, 20.302769011158333, 0.566144725737445, 0.0, 0.00012728288220387185, 2.451158768361197, 0.5123030553064731, 17.68822769027044]
[8.749883632037263e-06, 3348164.285679386, 7.244798458625715, 20.302769011158333, 0.566144725737445, 0.0, 0.00012727868852380197, 2.451158768361197, 0.5123030553064731, 17.68822769027044]
[8.749883632037263e-06, 3348164.285679386, 7.244798458625715, 20.302769011158333, 0.566144725737445, 0.0, 0.00012727868852380197, 2.451158768361197, 0.5123030553064731, 17.68822769027044]
[8.749883632037263e-06, 3348164.285679386, 7.244798458625715, 20.302769011158333, 0.566144725737445, 0.0, 0.00012727868852380197, 2.451158768361197, 0.5123030553064731, 17.68822769027044]
[5.85266104447183e-06, 3348164.285679386, 7.244798458625715, 20.302769011158333, 0.566144725737445, 0.0, 0.00012727868852380197, 2.451158768361197, 0.5123030553064731, 17.68822769027044]
[5.271246824012486e-06, 3348164.285679386, 7.244798458625715, 20.302769011158333, 0.566144725737445, 0.0, 0.00012727765897579957, 2.451158768361197, 0.5123030553064731, 17.68822769027044]
[5.271246824012486e-06, 3348164.285679386, 7.244798458625715, 20.302769011158333, 0.566144725737445, 0.0, 0.00012727765897579957, 2.451158768361197, 0.5123030553064731, 17.68822769027044]
[5.271246824012486e-06, 3348164.285679386, 7.244798458625715, 20.302769011158333, 0.566144725737445, 0.0, 0.00012727765897579957, 2.451158768361197, 0.5123030553064731, 17.68822769027044]
[2.8768581938500067e-06, 3348164.285679386, 7.244798458625715, 20.302769011158333, 0.566144725737445, 0.0, 0.00012727765897579957, 2.451158768361197, 0.5123030553064731, 17.68822769027044]
[2.8768581938500067e-06, 3348164.285679386, 7.244798458625715, 20.302769011158333, 0.566144725737445, 0.0, 0.00012727715056826128, 2.451158768361197, 0.5123030553064731, 17.68822769027044]
[2.8768581938500067e-06, 3348164.285679386, 7.244798458625715, 20.302769011158333, 0.566144725737445, 0.0, 0.00012727715056826128, 2.451158768361197, 0.5123030553064731, 17.68822769027044]
[8.561276994259493e-07, 3348164.285679386, 7.244798458625715, 20.302769011158333, 0.533210711963495, 0.0, 0.00012727684497804148, 2.050657953708941, 0.5123030553064731, 17.68822769027044]
[8.561276994259493e-07, 3348164.285679386, 7.244798458625715, 20.302769011158333, 0.533210711963495, 0.0, 0.0001272767058253521, 2.050657953708941, 0.5123030553064731, 17.68822769027044]
[8.561276994259493e-07, 3348164.285679386, 7.244798458625715, 20.302769011158333, 0.533210711963495, 0.0, 0.0001272767058253521, 2.050657953708941, 0.5123030553064731, 17.68822769027044]
[8.561276994259493e-07, 3348164.285679386, 7.244798458625715, 20.302769011158333, 0.533210711963495, 0.0, 0.00012727607463602908, 2.050657953708941, 0.5123030553064731, 17.68822769027044]
[8.561276994259493e-07, 3348164.285679386, 7.244798458625715, 20.302769011158333, 0.533210711963495, 0.0, 0.00012727607463602908, 2.050657953708941, 0.5123030553064731, 17.68822769027044]
[8.561276994259493e-07, 3348164.285679386, 7.244798458625715, 20.302769011158333, 0.533210711963495, 0.0, 0.00012727607463602908, 2.050657953708941, 0.5123030553064731, 17.68822769027044]
[8.561276994259493e-07, 3348164.285679386, 7.244798458625715, 20.302769011158333, 0.533210711963495, 0.0, 0.00012727607463602908, 2.050657953708941, 0.5123030553064731, 17.68822769027044]
[8.561276994259493e-07, 3348164.285679386, 7.244798458625715, 20.302769011158333, 0.533210711963495, 0.0, 0.00012727607463602908, 2.050657953708941, 0.5123030553064731, 17.68822769027044]
[8.561276994259493e-07, 3348164.285679386, 7.244798458625715, 20.302769011158333, 0.533210711963495, 0.0, 0.00012727607463602908, 2.050657953708941, 0.5123030553064731, 17.68822769027044]
[8.561276994259493e-07, 3348164.285679386, 7.244798458625715, 20.302769011158333, 0.533210711963495, 0.0, 0.00012727607463602908, 2.050657953708941, 0.5123030553064731, 17.68822769027044]
[8.561276994259493e-07, 3348164.285679386, 7.244798458625715, 20.302769011158333, 0.533210711963495, 0.0, 0.0001272757726837881, 2.050657953708941, 0.5123030553064731, 17.68822769027044]
[8.561276994259493e-07, 3001256.4689058354, 7.244798458625715, 20.302769011158333, 0.533210711963495, 0.0, 0.0001272757726837881, 2.050657953708941, 0.5123030553064731, 17.68822769027044]
[8.561276994259493e-07, 3001256.4689058354, 7.244798458625715, 20.302769011158333, 0.533210711963495, 0.0, 0.0001272757726837881, 2.050657953708941, 0.5123030553064731, 17.68822769027044]
[5.916214284490649e-07, 3001256.4689058354, 7.244798458625715, 20.302769011158333, 0.533210711963495, 0.0, 0.0001272757726837881, 2.050657953708941, 0.5123030553064731, 17.68822769027044]
[5.916214284490649e-07, 3001256.4689058354, 7.244798458625715, 20.302769011158333, 0.533210711963495, 0.0, 0.0001272757726837881, 2.050657953708941, 0.5123030553064731, 17.68822769027044]
[5.916214284490649e-07, 3001256.4689058354, 7.244798458625715, 20.302769011158333, 0.533210711963495, 0.0, 0.0001272757726837881, 2.050657953708941, 0.5123030553064731, 17.68822769027044]
[4.3213314070166155e-07, 3001256.4689058354, 7.244798458625715, 20.302769011158333, 0.533210711963495, 0.0, 0.0001272757726837881, 2.050657953708941, 0.5123030553064731, 17.68822769027044]
[4.3213314070166155e-07, 3001256.4689058354, 7.244798458625715, 20.302769011158333, 0.533210711963495, 0.0, 0.0001272757726837881, 2.050657953708941, 0.4024260485354256, 17.68822769027044]
[2.8961237303635634e-07, 3001256.4689058354, 7.244798458625715, 20.302769011158333, 0.533210711963495, 0.0, 0.0001272757726837881, 2.050657953708941, 0.4024260485354256, 17.68822769027044]
[2.8961237303635634e-07, 3001256.4689058354, 7.244798458625715, 20.302769011158333, 0.533210711963495, 0.0, 0.0001272757726837881, 2.050657953708941, 0.4024260485354256, 17.68822769027044]
[1.1993694758663246e-07, 3001256.4689058354, 7.244798458625715, 20.302769011158333, 0.533210711963495, 0.0, 0.0001272757726837881, 2.050657953708941, 0.4024260485354256, 17.68822769027044]
[1.1993694758663246e-07, 3001256.4689058354, 7.244798458625715, 20.302769011158333, 0.533210711963495, 0.0, 0.0001272757726837881, 2.050657953708941, 0.4024260485354256, 17.68822769027044]
[1.1993694758663246e-07, 3001256.4689058354, 7.244798458625715, 20.302769011158333, 0.533210711963495, 0.0, 0.0001272757726837881, 2.050657953708941, 0.4024260485354256, 17.68822769027044]
[1.1993694758663246e-07, 3001256.4689058354, 7.244798458625715, 20.302769011158333, 0.533210711963495, 0.0, 0.0001272757235710742, 2.050657953708941, 0.4024260485354256, 17.68822769027044]
[1.1993694758663246e-07, 3001256.4689058354, 7.244798458625715, 20.302769011158333, 0.533210711963495, 0.0, 0.0001272757235710742, 2.050657953708941, 0.4024260485354256, 17.68822769027044]
[1.1993694758663246e-07, 3001256.4689058354, 7.244798458625715, 20.302769011158333, 0.533210711963495, 0.0, 0.0001272757235710742, 2.050657953708941, 0.4024260485354256, 17.68822769027044]
[1.1993694758663246e-07, 3001256.4689058354, 7.244798458625715, 20.302769011158333, 0.533210711963495, 0.0, 0.00012727570992865367, 2.050657953708941, 0.4024260485354256, 17.68822769027044]
[8.066574875961603e-08, 3001256.4689058354, 7.244798458625715, 20.302769011158333, 0.533210711963495, 0.0, 0.00012727570629067486, 2.050657953708941, 0.4024260485354256, 17.68822769027044]
[3.829406540593959e-08, 3001256.4689058354, 7.244798458625715, 20.302769011158333, 0.533210711963495, 0.0, 0.00012727569992421195, 2.050657953708941, 0.4024260485354256, 17.68822769027044]
[3.829406540593959e-08, 3001256.4689058354, 7.244798458625715, 20.302769011158333, 0.533210711963495, 0.0, 0.00012727569992421195, 2.050657953708941, 0.4024260485354256, 17.68822769027044]
[3.059017457586184e-08, 3001256.4689058354, 7.244798458625715, 20.302769011158333, 0.533210711963495, 0.0, 0.00012727569992421195, 2.050657953708941, 0.4024260485354256, 17.68822769027044]
[3.059017457586184e-08, 3001256.4689058354, 7.244798458625715, 20.302769011158333, 0.533210711963495, 0.0, 0.00012727569446724374, 2.050657953708941, 0.4024260485354256, 17.68822769027044]
[3.059017457586184e-08, 3001256.4689058354, 7.244798458625715, 20.302769011158333, 0.533210711963495, 0.0, 0.00012727569446724374, 2.050657953708941, 0.4024260485354256, 17.68822769027044]
[3.059017457586184e-08, 3001256.4689058354, 7.244798458625715, 20.302769011158333, 0.533210711963495, 0.0, 0.00012727568355330732, 2.050657953708941, 0.4024260485354256, 17.68822769027044]
[3.059017457586184e-08, 3001256.4689058354, 7.244798458625715, 20.302769011158333, 0.533210711963495, 0.0, 0.00012727568355330732, 2.050657953708941, 0.4024260485354256, 17.68822769027044]
[3.059017457586184e-08, 3001256.4689058354, 7.244798458625715, 20.302769011158333, 0.533210711963495, 0.0, 0.0001272756808248232, 2.050657953708941, 0.4024260485354256, 17.68822769027044]
[1.0229560175992256e-08, 3001256.4689058354, 7.244798458625715, 20.302769011158333, 0.533210711963495, 0.0, 0.000127275675367855, 2.050657953708941, 0.4024260485354256, 17.68822769027044]
[1.0229560175992256e-08, 3001256.4689058354, 7.244798458625715, 20.302769011158333, 0.533210711963495, 0.0, 0.0001272756735488656, 2.050657953708941, 0.4024260485354256, 17.68822769027044]
[1.0229560175992256e-08, 3001256.4689058354, 7.244798458625715, 20.302769011158333, 0.533210711963495, 0.0, 0.0001272756735488656, 2.050657953708941, 0.4024260485354256, 17.68822769027044]
[1.0229560175992256e-08, 3001256.4689058354, 7.244798458625715, 20.302769011158333, 0.533210711963495, 0.0, 0.0001272756735488656, 2.050657953708941, 0.4024260485354256, 17.68822769027044]
[1.0229560175992256e-08, 3001256.4689058354, 7.244798458625715, 20.302769011158333, 0.533210711963495, 0.0, 0.00012727566718240269, 2.050657953708941, 0.4024260485354256, 17.68822769027044]
[1.0229560175992256e-08, 3001256.4689058354, 7.244798458625715, 20.302769011158333, 0.533210711963495, 0.0, 0.00012727566718240269, 2.050657953708941, 0.4024260485354256, 17.68822769027044]
[1.0229560175992256e-08, 3001256.4689058354, 7.244798458625715, 20.302769011158333, 0.533210711963495, 0.0, 0.00012727566718240269, 2.050657953708941, 0.4024260485354256, 17.68822769027044]
[1.0229560175992256e-08, 3001256.4689058354, 7.244798458625715, 20.302769011158333, 0.533210711963495, 0.0, 0.00012727566718240269, 2.050657953708941, 0.4024260485354256, 17.68822769027044]
[5.106778894752861e-09, 3001256.4689058354, 7.244798458625715, 20.302769011158333, 0.533210711963495, 0.0, 0.00012727566627290798, 2.050657953708941, 0.4024260485354256, 17.68822769027044]
[5.106778894752861e-09, 3001256.4689058354, 7.244798458625715, 20.302769011158333, 0.533210711963495, 0.0, 0.00012727566627290798, 2.050657953708941, 0.4024260485354256, 17.68822769027044]
[5.106778894752861e-09, 3001256.4689058354, 7.244798458625715, 20.302769011158333, 0.533210711963495, 0.0, 0.00012727566627290798, 2.050657953708941, 0.4024260485354256, 17.68822769027044]
[5.106778894752861e-09, 3001256.4689058354, 7.244798458625715, 20.302769011158333, 0.533210711963495, 0.0, 0.00012727566627290798, 2.050657953708941, 0.4024260485354256, 17.68822769027044]
[5.106778894752861e-09, 3001256.4689058354, 7.244798458625715, 20.302769011158333, 0.533210711963495, 0.0, 0.00012727566627290798, 2.050657953708941, 0.4024260485354256, 17.68822769027044]
[5.106778894752861e-09, 3001256.4689058354, 7.244798458625715, 20.302769011158333, 0.533210711963495, 0.0, 0.00012727566627290798, 2.050657953708941, 0.4024260485354256, 17.68822769027044]
[5.106778894752861e-09, 3001256.4689058354, 7.244798458625715, 20.302769011158333, 0.533210711963495, 0.0, 0.00012727566627290798, 2.050657953708941, 0.4024260485354256, 17.68822769027044]
[5.106778894752861e-09, 3001256.4689058354, 7.244798458625715, 20.302769011158333, 0.533210711963495, 0.0, 0.00012727566536341328, 2.050657953708941, 0.4024260485354256, 17.68822769027044]
[4.715409691125322e-09, 3001256.4689058354, 7.244798458625715, 20.302769011158333, 0.533210711963495, 0.0, 0.00012727566536341328, 2.050657953708941, 0.4024260485354256, 17.68822769027044]
[4.715409691125322e-09, 3001256.4689058354, 7.244798458625715, 20.302769011158333, 0.533210711963495, 0.0, 0.00012727566445391858, 2.050657953708941, 0.4024260485354256, 17.68822769027044]
[2.735859829055018e-09, 3001256.4689058354, 7.244798458625715, 20.302769011158333, 0.533210711963495, 0.0, 0.00012727566445391858, 2.050657953708941, 0.4024260485354256, 17.68822769027044]
[2.735859829055018e-09, 3001256.4689058354, 7.244798458625715, 20.302769011158333, 0.533210711963495, 0.0, 0.00012727566445391858, 2.050657953708941, 0.4024260485354256, 17.68822769027044]
[2.1347323067381037e-09, 3001256.4689058354, 7.244798458625715, 20.302769011158333, 0.533210711963495, 0.0, 0.00012727566354442388, 2.050657953708941, 0.4024260485354256, 17.68822769027044]
[2.0715981250659594e-09, 3001256.4689058354, 7.244798458625715, 20.302769011158333, 0.533210711963495, 0.0, 0.00012727566354442388, 2.050657953708941, 0.4024260485354256, 17.68822769027044]
[1.576758222106203e-09, 3001256.4689058354, 7.244798458625715, 20.302769011158333, 0.533210711963495, 0.0, 0.00012727566354442388, 2.050657953708941, 0.4024260485354256, 17.68822769027044]
[1.576758222106203e-09, 3001256.4689058354, 7.244798458625715, 20.302769011158333, 0.533210711963495, 0.0, 0.00012727566354442388, 2.050657953708941, 0.4024260485354256, 17.68822769027044]
[1.576758222106203e-09, 3001256.4689058354, 7.244798458625715, 20.302769011158333, 0.533210711963495, 0.0, 0.00012727566354442388, 2.050657953708941, 0.4024260485354256, 17.68822769027044]
[8.276388695710163e-10, 3001256.4689058354, 7.244798458625715, 20.302769011158333, 0.533210711963495, 0.0, 0.00012727566354442388, 2.050657953708941, 0.4024260485354256, 17.68822769027044]
[8.276388695710163e-10, 3001256.4689058354, 7.244798458625715, 20.302769011158333, 0.533210711963495, 0.0, 0.00012727566354442388, 2.050657953708941, 0.4024260485354256, 17.68822769027044]
[8.056415670599911e-10, 3001256.4689058354, 7.244798458625715, 20.302769011158333, 0.533210711963495, 0.0, 0.00012727566263492918, 2.050657953708941, 0.4024260485354256, 17.68822769027044]
[6.535054868905595e-10, 3001256.4689058354, 7.244798458625715, 20.302769011158333, 0.533210711963495, 0.0, 0.00012727566263492918, 2.050657953708941, 0.4024260485354256, 17.68822769027044]
[6.535054868905595e-10, 3001256.4689058354, 7.244798458625715, 20.302769011158333, 0.533210711963495, 0.0, 0.00012727566263492918, 2.050657953708941, 0.4024260485354256, 17.68822769027044]
[5.304676390642585e-10, 3001256.4689058354, 7.244798458625715, 20.302769011158333, 0.533210711963495, 0.0, 0.00012727566263492918, 2.050657953708941, 0.4024260485354256, 17.68822769027044]
[4.599827702917851e-10, 3001256.4689058354, 7.244798458625715, 20.302769011158333, 0.533210711963495, 0.0, 0.00012727566263492918, 2.050657953708941, 0.4024260485354256, 17.68822769027044]
[3.4991425656142305e-10, 3001256.4689058354, 7.244798458625715, 20.302769011158333, 0.533210711963495, 0.0, 0.00012727566263492918, 2.050657953708941, 0.4024260485354256, 17.68822769027044]
[3.4991425656142305e-10, 3001256.4689058354, 7.244798458625715, 20.302769011158333, 0.533210711963495, 0.0, 0.00012727566263492918, 2.050657953708941, 0.4024260485354256, 17.68822769027044]
[3.193591392995533e-10, 3001256.4689058354, 7.244798458625715, 20.302769011158333, 0.533210711963495, 0.0, 0.00012727566263492918, 2.050657953708941, 0.4024260485354256, 17.68822769027044]
[3.193591392995533e-10, 3001256.4689058354, 7.244798458625715, 20.302769011158333, 0.533210711963495, 0.0, 0.00012727566263492918, 2.050657953708941, 0.4024260485354256, 17.68822769027044]
[3.070462538255686e-10, 3001256.4689058354, 7.244798458625715, 20.302769011158333, 0.533210711963495, 0.0, 0.00012727566263492918, 2.050657953708941, 0.4024260485354256, 17.68822769027044]
[2.611697973452128e-10, 3001256.4689058354, 7.244798458625715, 20.302769011158333, 0.533210711963495, 0.0, 0.00012727566263492918, 2.050657953708941, 0.4024260485354256, 17.68822769027044]
[1.199143628599557e-10, 3001256.4689058354, 7.244798458625715, 20.302769011158333, 0.533210711963495, 0.0, 0.00012727566263492918, 2.050657953708941, 0.4024260485354256, 17.68822769027044]
[1.199143628599557e-10, 3001256.4689058354, 7.244798458625715, 20.302769011158333, 0.533210711963495, 0.0, 0.00012727566263492918, 2.050657953708941, 0.4024260485354256, 17.68822769027044]
[1.199143628599557e-10, 3001256.4689058354, 7.244798458625715, 20.302769011158333, 0.533210711963495, 0.0, 0.00012727566263492918, 2.050657953708941, 0.4024260485354256, 17.68822769027044]
[1.199143628599557e-10, 3001256.4689058354, 7.244798458625715, 20.302769011158333, 0.533210711963495, 0.0, 0.00012727566263492918, 2.050657953708941, 0.4024260485354256, 17.68822769027044]
[1.199143628599557e-10, 3001256.4689058354, 7.244798458625715, 20.302769011158333, 0.533210711963495, 0.0, 0.00012727566263492918, 2.050657953708941, 0.4024260485354256, 17.68822769027044]
[1.1785002181208022e-10, 3001256.4689058354, 7.244798458625715, 20.302769011158333, 0.533210711963495, 0.0, 0.00012727566263492918, 2.050657953708941, 0.4024260485354256, 17.68822769027044]
[1.08047905368281e-10, 3001256.4689058354, 7.244798458625715, 20.302769011158333, 0.533210711963495, 0.0, 0.00012727566263492918, 2.050657953708941, 0.4024260485354256, 17.68822769027044]
[8.122637884511746e-11, 3001256.4689058354, 7.244798458625715, 20.302769011158333, 0.533210711963495, 0.0, 0.00012727566263492918, 2.050657953708941, 0.4024260485354256, 17.68822769027044]
[7.441076397963089e-11, 3001256.4689058354, 7.244798458625715, 20.302769011158333, 0.533210711963495, 0.0, 0.00012727566263492918, 2.050657953708941, 0.4024260485354256, 17.68822769027044]
[4.4503574894827194e-11, 3001256.4689058354, 7.244798458625715, 20.302769011158333, 0.533210711963495, 0.0, 0.00012727566263492918, 2.050657953708941, 0.4024260485354256, 17.68822769027044]
[4.4503574894827194e-11, 3001256.4689058354, 7.244798458625715, 20.302769011158333, 0.533210711963495, 0.0, 0.00012727566263492918, 2.050657953708941, 0.4024260485354256, 17.68822769027044]
[4.076105456193592e-11, 3001256.4689058354, 7.244798458625715, 20.302769011158333, 0.533210711963495, 0.0, 0.00012727566263492918, 2.050657953708941, 0.4024260485354256, 17.68822769027044]
[4.076105456193592e-11, 3001256.4689058354, 7.244798458625715, 20.302769011158333, 0.533210711963495, 0.0, 0.00012727566263492918, 2.050657953708941, 0.4024260485354256, 17.68822769027044]
[3.201545820018206e-11, 3001256.4689058354, 7.244798458625715, 20.302769011158333, 0.533210711963495, 0.0, 0.00012727566263492918, 2.050657953708941, 0.4024260485354256, 17.68822769027044]
[1.7324490569685536e-11, 3001256.4689058354, 7.244798458625715, 20.302769011158333, 0.533210711963495, 0.0, 0.00012727566263492918, 2.050657953708941, 0.4024260485354256, 17.68822769027044]
[1.7324490569685536e-11, 3001256.4689058354, 7.244798458625715, 20.302769011158333, 0.533210711963495, 0.0, 0.00012727566263492918, 2.050657953708941, 0.4024260485354256, 17.68822769027044]
[1.7324490569685536e-11, 3001256.4689058354, 7.244798458625715, 20.302769011158333, 0.533210711963495, 0.0, 0.00012727566263492918, 2.050657953708941, 0.4024260485354256, 17.68822769027044]
[1.7324490569685536e-11, 3001256.4689058354, 7.244798458625715, 20.302769011158333, 0.533210711963495, 0.0, 0.00012727566263492918, 2.050657953708941, 0.4024260485354256, 17.68822769027044]
[8.057292901758063e-12, 3001256.4689058354, 7.244798458625715, 20.302769011158333, 0.533210711963495, 0.0, 0.00012727566263492918, 2.050657953708941, 0.4024260485354256, 17.68822769027044]
[8.057292901758063e-12, 3001256.4689058354, 7.244798458625715, 20.302769011158333, 0.533210711963495, 0.0, 0.00012727566263492918, 2.050657953708941, 0.4024260485354256, 17.68822769027044]
[8.057292901758063e-12, 3001256.4689058354, 7.244798458625715, 20.302769011158333, 0.533210711963495, 0.0, 0.00012727566263492918, 2.050657953708941, 0.4024260485354256, 17.68822769027044]
[8.057292901758063e-12, 3001256.4689058354, 7.244798458625715, 20.302769011158333, 0.533210711963495, 0.0, 0.00012727566263492918, 2.050657953708941, 0.4024260485354256, 17.68822769027044]
[6.3094495507073195e-12, 3001256.4689058354, 7.244798458625715, 20.302769011158333, 0.533210711963495, 0.0, 0.00012727566263492918, 2.050657953708941, 0.4024260485354256, 17.68822769027044]
[6.3094495507073195e-12, 3001256.4689058354, 7.244798458625715, 20.302769011158333, 0.533210711963495, 0.0, 0.00012727566263492918, 2.050657953708941, 0.4024260485354256, 17.68822769027044]
[5.992833824160082e-12, 3001256.4689058354, 7.244798458625715, 20.302769011158333, 0.533210711963495, 0.0, 0.00012727566263492918, 2.050657953708941, 0.4024260485354256, 17.68822769027044]
[3.238171670805986e-12, 3001256.4689058354, 7.244798458625715, 20.302769011158333, 0.533210711963495, 0.0, 0.00012727566263492918, 2.050657953708941, 0.4024260485354256, 17.68822769027044]
[3.238171670805986e-12, 3001256.4689058354, 7.244798458625715, 20.302769011158333, 0.533210711963495, 0.0, 0.00012727566263492918, 2.050657953708941, 0.4024260485354256, 17.68822769027044]
[3.238171670805986e-12, 3001256.4689058354, 7.244798458625715, 20.302769011158333, 0.533210711963495, 0.0, 0.00012727566263492918, 2.050657953708941, 0.4024260485354256, 17.68822769027044]
[2.585039666664741e-12, 3001256.4689058354, 7.244798458625715, 20.302769011158333, 0.533210711963495, 0.0, 0.00012727566263492918, 2.050657953708941, 0.4024260485354256, 17.68822769027044]
[2.585039666664741e-12, 3001256.4689058354, 7.244798458625715, 20.302769011158333, 0.533210711963495, 0.0, 0.00012727566263492918, 2.050657953708941, 0.4024260485354256, 17.68822769027044]
[2.3407406599563348e-12, 3001256.4689058354, 7.244798458625715, 20.302769011158333, 0.533210711963495, 0.0, 0.00012727566263492918, 2.050657953708941, 0.4024260485354256, 17.68822769027044]
[2.3407406599563348e-12, 3001256.4689058354, 7.244798458625715, 20.302769011158333, 0.533210711963495, 0.0, 0.00012727566263492918, 2.050657953708941, 0.4024260485354256, 17.68822769027044]
[2.3407406599563348e-12, 3001256.4689058354, 7.160114871155711, 20.302769011158333, 0.533210711963495, 0.0, 0.00012727566263492918, 2.050657953708941, 0.4024260485354256, 17.68822769027044]
[1.1517934226525723e-12, 3001256.4689058354, 7.160114871155711, 20.302769011158333, 0.533210711963495, 0.0, 0.00012727566263492918, 2.050657953708941, 0.4024260485354256, 17.68822769027044]
[1.1517934226525723e-12, 3001256.4689058354, 7.160114871155711, 20.302769011158333, 0.533210711963495, 0.0, 0.00012727566263492918, 2.050657953708941, 0.4024260485354256, 17.68822769027044]
[1.1517934226525723e-12, 3001256.4689058354, 7.160114871155711, 20.302769011158333, 0.533210711963495, 0.0, 0.00012727566263492918, 2.050657953708941, 0.4024260485354256, 17.68822769027044]
[1.1517934226525723e-12, 3001256.4689058354, 7.160114871155711, 20.302769011158333, 0.533210711963495, 0.0, 0.00012727566263492918, 2.050657953708941, 0.4024260485354256, 17.68822769027044]
[1.1517934226525723e-12, 3001256.4689058354, 7.160114871155711, 20.302769011158333, 0.533210711963495, 0.0, 0.00012727566263492918, 2.050657953708941, 0.4024260485354256, 17.68822769027044]
[8.815007000236827e-13, 3001256.4689058354, 7.160114871155711, 20.302769011158333, 0.533210711963495, 0.0, 0.00012727566263492918, 2.050657953708941, 0.4024260485354256, 17.68822769027044]
[8.815007000236827e-13, 3001256.4689058354, 7.160114871155711, 20.302769011158333, 0.533210711963495, 0.0, 0.00012727566263492918, 2.050657953708941, 0.4024260485354256, 17.68822769027044]
[7.418749529627028e-13, 3001256.4689058354, 7.160114871155711, 20.302769011158333, 0.533210711963495, 0.0, 0.00012727566263492918, 2.050657953708941, 0.4024260485354256, 17.68822769027044]
[6.943318533816866e-13, 3001256.4689058354, 7.160114871155711, 20.302769011158333, 0.533210711963495, 0.0, 0.00012727566263492918, 2.050657953708941, 0.4024260485354256, 17.68822769027044]
[6.331289397400656e-13, 3001256.4689058354, 7.160114871155711, 20.302769011158333, 0.533210711963495, 0.0, 0.00012727566263492918, 2.050657953708941, 0.4024260485354256, 17.68822769027044]
[5.549501456663913e-13, 3001256.4689058354, 7.160114871155711, 20.302769011158333, 0.533210711963495, 0.0, 0.00012727566263492918, 2.050657953708941, 0.4024260485354256, 17.68822769027044]
[4.742435882399796e-13, 3001256.4689058354, 7.160114871155711, 20.302769011158333, 0.533210711963495, 0.0, 0.00012727566263492918, 2.050657953708941, 0.4024260485354256, 17.68822769027044]
[4.3895050924477626e-13, 3001256.4689058354, 7.160114871155711, 20.302769011158333, 0.533210711963495, 0.0, 0.00012727566263492918, 2.050657953708941, 0.4024260485354256, 17.68822769027044]
[4.109261726797753e-13, 3001256.4689058354, 7.160114871155711, 20.302769011158333, 0.533210711963495, 0.0, 0.00012727566263492918, 2.050657953708941, 0.4024260485354256, 17.68822769027044]
[3.6411008788390127e-13, 3001256.4689058354, 7.160114871155711, 20.302769011158333, 0.533210711963495, 0.0, 0.00012727566263492918, 2.050657953708941, 0.4024260485354256, 17.68822769027044]
[2.3226406989678473e-13, 3001256.4689058354, 7.160114871155711, 20.302769011158333, 0.5315478604664554, 0.0, 0.00012727566263492918, 2.050657953708941, 0.4024260485354256, 17.68822769027044]
[1.0045928312186605e-13, 3001256.4689058354, 7.160114871155711, 20.302769011158333, 0.5315478604664554, 0.0, 0.00012727566263492918, 2.050657953708941, 0.4024260485354256, 17.68822769027044]
[1.0045928312186605e-13, 3001256.4689058354, 7.160114871155711, 20.302769011158333, 0.5315478604664554, 0.0, 0.00012727566263492918, 2.050657953708941, 0.4024260485354256, 17.68822769027044]
[1.0045928312186605e-13, 3001256.4689058354, 7.160114871155711, 20.302769011158333, 0.5315478604664554, 0.0, 0.00012727566263492918, 2.050657953708941, 0.4024260485354256, 17.68822769027044]
[1.0045928312186605e-13, 3001256.4689058354, 7.160114871155711, 20.302769011158333, 0.5315478604664554, 0.0, 0.00012727566263492918, 2.050657953708941, 0.4024260485354256, 17.68822769027044]
[1.0045928312186605e-13, 3001256.4689058354, 7.160114871155711, 20.302769011158333, 0.5315478604664554, 0.0, 0.00012727566263492918, 2.050657953708941, 0.4024260485354256, 17.68822769027044]
[1.0045928312186605e-13, 3001256.4689058354, 7.160114871155711, 20.302769011158333, 0.5315478604664554, 0.0, 0.00012727566263492918, 2.050657953708941, 0.4024260485354256, 17.68822769027044]
[5.034764464655285e-14, 3001256.4689058354, 7.160114871155711, 20.302769011158333, 0.5315478604664554, 0.0, 0.00012727566263492918, 2.050657953708941, 0.4024260485354256, 17.68822769027044]
[5.034764464655285e-14, 3001256.4689058354, 7.160114871155711, 20.302769011158333, 0.5315478604664554, 0.0, 0.00012727566263492918, 2.050657953708941, 0.4024260485354256, 17.68822769027044]
[5.034764464655285e-14, 3001256.4689058354, 7.160114871155711, 20.302769011158333, 0.5315478604664554, 0.0, 0.00012727566263492918, 2.050657953708941, 0.4024260485354256, 17.68822769027044]
[5.034764464655285e-14, 3001256.4689058354, 7.160114871155711, 20.302769011158333, 0.5315478604664554, 0.0, 0.00012727566263492918, 2.050657953708941, 0.4024260485354256, 17.68822769027044]
[4.212879817906049e-14, 3001256.4689058354, 7.160114871155711, 20.302769011158333, 0.5315478604664554, 0.0, 0.00012727566263492918, 2.050657953708941, 0.4024260485354256, 17.68822769027044]
[4.212879817906049e-14, 3001256.4689058354, 7.160114871155711, 20.302769011158333, 0.5315478604664554, 0.0, 0.00012727566263492918, 2.050657953708941, 0.4024260485354256, 17.68822769027044]
[3.469349890084229e-14, 3001256.4689058354, 7.160114871155711, 20.302769011158333, 0.5315478604664554, 0.0, 0.00012727566263492918, 2.050657953708941, 0.4024260485354256, 17.68822769027044]
[2.6936692869526615e-14, 3001256.4689058354, 7.160114871155711, 20.302769011158333, 0.5315478604664554, 0.0, 0.00012727566263492918, 2.050657953708941, 0.4024260485354256, 17.68822769027044]
[2.5632505068737815e-14, 3001256.4689058354, 7.160114871155711, 20.302769011158333, 0.5315478604664554, 0.0, 0.00012727566263492918, 2.050657953708941, 0.4024260485354256, 17.68822769027044]
[2.5632505068737815e-14, 3001256.4689058354, 7.160114871155711, 20.302769011158333, 0.5315478604664554, 0.0, 0.00012727566263492918, 2.050657953708941, 0.4024260485354256, 17.68822769027044]
[1.6232717374880467e-14, 3001256.4689058354, 7.160114871155711, 20.302769011158333, 0.5315478604664554, 0.0, 0.00012727566263492918, 2.050657953708941, 0.4024260485354256, 17.68822769027044]
[1.622672357204953e-14, 3001256.4689058354, 7.160114871155711, 20.302769011158333, 0.5315478604664554, 0.0, 0.00012727566263492918, 2.050657953708941, 0.4024260485354256, 17.68822769027044]
[1.622672357204953e-14, 3001256.4689058354, 7.160114871155711, 20.302769011158333, 0.5315478604664554, 0.0, 0.00012727566263492918, 2.050657953708941, 0.4024260485354256, 17.68822769027044]
[9.352484963555642e-15, 3001256.4689058354, 7.160114871155711, 20.302769011158333, 0.5315478604664554, 0.0, 0.00012727566263492918, 2.050657953708941, 0.4024260485354256, 17.68822769027044]
[9.352484963555642e-15, 3001256.4689058354, 7.160114871155711, 20.302769011158333, 0.5315478604664554, 0.0, 0.00012727566263492918, 2.050657953708941, 0.4024260485354256, 17.68822769027044]
[9.352484963555642e-15, 3001256.4689058354, 7.160114871155711, 20.302769011158333, 0.5315478604664554, 0.0, 0.00012727566263492918, 2.050657953708941, 0.4024260485354256, 17.68822769027044]
[9.352484963555642e-15, 3001256.4689058354, 7.160114871155711, 20.302769011158333, 0.5315478604664554, 0.0, 0.00012727566263492918, 2.050657953708941, 0.4024260485354256, 17.68822769027044]
[9.352484963555642e-15, 3001256.4689058354, 7.160114871155711, 20.302769011158333, 0.5315478604664554, 0.0, 0.00012727566263492918, 2.050657953708941, 0.4024260485354256, 17.68822769027044]
[5.076891324859358e-15, 3001256.4689058354, 7.160114871155711, 20.302769011158333, 0.5315478604664554, 0.0, 0.00012727566263492918, 2.050657953708941, 0.4024260485354256, 17.68822769027044]
[2.7012452459994453e-15, 3001256.4689058354, 7.160114871155711, 20.302769011158333, 0.5315478604664554, 0.0, 0.00012727566263492918, 2.050657953708941, 0.4024260485354256, 17.68822769027044]
[2.7012452459994453e-15, 3001256.4689058354, 7.160114871155711, 20.302769011158333, 0.5315478604664554, 0.0, 0.00012727566263492918, 2.050657953708941, 0.4024260485354256, 17.68822769027044]
[2.7012452459994453e-15, 3001256.4689058354, 7.160114871155711, 20.302769011158333, 0.5315478604664554, 0.0, 0.00012727566263492918, 2.050657953708941, 0.4024260485354256, 17.68822769027044]
[2.7012452459994453e-15, 3001256.4689058354, 7.160114871155711, 20.302769011158333, 0.5315478604664554, 0.0, 0.00012727566263492918, 2.050657953708941, 0.4024260485354256, 17.68822769027044]
[2.7012452459994453e-15, 3001256.4689058354, 7.160114871155711, 20.302769011158333, 0.5315478604664554, 0.0, 0.00012727566263492918, 2.050657953708941, 0.4024260485354256, 17.68822769027044]
[2.7012452459994453e-15, 3001256.4689058354, 7.160114871155711, 20.302769011158333, 0.5315478604664554, 0.0, 0.00012727566263492918, 2.050657953708941, 0.4024260485354256, 17.68822769027044]
[2.7012452459994453e-15, 3001256.4689058354, 7.160114871155711, 20.302769011158333, 0.5315478604664554, 0.0, 0.00012727566263492918, 2.050657953708941, 0.4024260485354256, 17.68822769027044]
[1.9650551675348244e-15, 3001256.4689058354, 7.160114871155711, 20.302769011158333, 0.5315478604664554, 0.0, 0.00012727566263492918, 2.050657953708941, 0.4024260485354256, 17.68822769027044]
[1.3147041722598403e-15, 3001256.4689058354, 7.160114871155711, 20.302769011158333, 0.5315478604664554, 0.0, 0.00012727566263492918, 2.050657953708941, 0.4024260485354256, 17.68822769027044]
[8.350513866283412e-16, 3001256.4689058354, 7.160114871155711, 20.302769011158333, 0.5315478604664554, 0.0, 0.00012727566263492918, 2.050657953708941, 0.4024260485354256, 17.68822769027044]
[8.350513866283412e-16, 3001256.4689058354, 7.160114871155711, 20.302769011158333, 0.5315478604664554, 0.0, 0.00012727566263492918, 2.050657953708941, 0.4024260485354256, 17.68822769027044]
[8.350513866283412e-16, 3001256.4689058354, 7.160114871155711, 20.302769011158333, 0.5315478604664554, 0.0, 0.00012727566263492918, 2.050657953708941, 0.4024260485354256, 17.68822769027044]
[8.350513866283412e-16, 3001256.4689058354, 7.160114871155711, 20.302769011158333, 0.5315478604664554, 0.0, 0.00012727566263492918, 2.050657953708941, 0.4024260485354256, 17.222572255664613]
[8.350513866283412e-16, 3001256.4689058354, 7.160114871155711, 20.302769011158333, 0.5315478604664554, 0.0, 0.00012727566263492918, 2.050657953708941, 0.4024260485354256, 17.222572255664613]
[6.452612942361218e-16, 3001256.4689058354, 7.160114871155711, 20.302769011158333, 0.5315478604664554, 0.0, 0.00012727566263492918, 2.050657953708941, 0.4024260485354256, 17.222572255664613]
[4.766545313621383e-16, 3001256.4689058354, 7.160114871155711, 20.302769011158333, 0.5315478604664554, 0.0, 0.00012727566263492918, 2.050657953708941, 0.4024260485354256, 17.222572255664613]
[4.329167807556906e-16, 3001256.4689058354, 7.160114871155711, 20.302769011158333, 0.5315478604664554, 0.0, 0.00012727566263492918, 2.050657953708941, 0.4024260485354256, 17.222572255664613]
[1.976634290730706e-16, 3001256.4689058354, 7.160114871155711, 20.302769011158333, 0.5315478604664554, 0.0, 0.00012727566263492918, 2.050657953708941, 0.4024260485354256, 17.222572255664613]
[1.976634290730706e-16, 3001256.4689058354, 7.160114871155711, 20.302769011158333, 0.5315478604664554, 0.0, 0.00012727566263492918, 2.050657953708941, 0.4024260485354256, 17.222572255664613]
[1.976634290730706e-16, 3001256.4689058354, 7.160114871155711, 20.302769011158333, 0.5315478604664554, 0.0, 0.00012727566263492918, 2.050657953708941, 0.4024260485354256, 17.222572255664613]
[1.976634290730706e-16, 3001256.4689058354, 7.160114871155711, 20.302769011158333, 0.5315478604664554, 0.0, 0.00012727566263492918, 2.050657953708941, 0.4024260485354256, 17.222572255664613]
[1.6771549892501482e-16, 3001256.4689058354, 7.160114871155711, 20.302769011158333, 0.5315478604664554, 0.0, 0.00012727566263492918, 2.050657953708941, 0.4024260485354256, 17.222572255664613]
[1.6771549892501482e-16, 3001256.4689058354, 7.160114871155711, 20.302769011158333, 0.5315478604664554, 0.0, 0.00012727566263492918, 2.050657953708941, 0.4024260485354256, 17.222572255664613]
[1.274637041411861e-16, 3001256.4689058354, 7.160114871155711, 20.302769011158333, 0.5315478604664554, 0.0, 0.00012727566263492918, 2.050657953708941, 0.4024260485354256, 17.222572255664613]
[1.274637041411861e-16, 3001256.4689058354, 7.160114871155711, 20.302769011158333, 0.5315478604664554, 0.0, 0.00012727566263492918, 2.050657953708941, 0.4024260485354256, 17.222572255664613]
[1.1870730914304265e-16, 3001256.4689058354, 7.160114871155711, 20.302769011158333, 0.5315478604664554, 0.0, 0.00012727566263492918, 2.050657953708941, 0.4024260485354256, 17.222572255664613]
[9.479079372837748e-17, 3001256.4689058354, 7.160114871155711, 20.302769011158333, 0.5315478604664554, 0.0, 0.00012727566263492918, 2.050657953708941, 0.4024260485354256, 17.222572255664613]
[6.014701135523675e-17, 3001256.4689058354, 7.160114871155711, 20.302769011158333, 0.5315478604664554, 0.0, 0.00012727566263492918, 2.050657953708941, 0.4024260485354256, 17.222572255664613]
[6.014701135523675e-17, 3001256.4689058354, 7.160114871155711, 20.302769011158333, 0.5315478604664554, 0.0, 0.00012727566263492918, 2.050657953708941, 0.4024260485354256, 17.222572255664613]
[6.014701135523675e-17, 3001256.4689058354, 7.160114871155711, 20.302769011158333, 0.5315478604664554, 0.0, 0.00012727566263492918, 2.050657953708941, 0.4024260485354256, 17.222572255664613]
[3.989520797510508e-17, 3001256.4689058354, 7.160114871155711, 20.302769011158333, 0.5315478604664554, 0.0, 0.00012727566263492918, 2.050657953708941, 0.4024260485354256, 17.222572255664613]
[3.989520797510508e-17, 3001256.4689058354, 7.160114871155711, 20.302769011158333, 0.5315478604664554, 0.0, 0.00012727566263492918, 2.050657953708941, 0.4024260485354256, 17.222572255664613]
[3.989520797510508e-17, 3001256.4689058354, 7.160114871155711, 20.302769011158333, 0.5315478604664554, 0.0, 0.00012727566263492918, 2.050657953708941, 0.4024260485354256, 17.222572255664613]
[2.492500822722553e-17, 3001256.4689058354, 7.160114871155711, 20.302769011158333, 0.5315478604664554, 0.0, 0.00012727566263492918, 2.050657953708941, 0.4024260485354256, 17.222572255664613]
[2.492500822722553e-17, 3001256.4689058354, 7.160114871155711, 20.302769011158333, 0.5315478604664554, 0.0, 0.00012727566263492918, 2.050657953708941, 0.4024260485354256, 17.222572255664613]
[2.492500822722553e-17, 3001256.4689058354, 7.160114871155711, 20.302769011158333, 0.5315478604664554, 0.0, 0.00012727566263492918, 2.050657953708941, 0.4024260485354256, 17.222572255664613]
[2.492500822722553e-17, 3001256.4689058354, 7.160114871155711, 20.302769011158333, 0.5315478604664554, 0.0, 0.00012727566263492918, 2.050657953708941, 0.4024260485354256, 17.222572255664613]
[1.8422183262740945e-17, 3001256.4689058354, 7.160114871155711, 20.302769011158333, 0.5315478604664554, 0.0, 0.00012727566263492918, 2.050657953708941, 0.4024260485354256, 17.222572255664613]
[1.286647182782345e-17, 3001256.4689058354, 7.160114871155711, 20.302769011158333, 0.5315478604664554, 0.0, 0.00012727566263492918, 2.050657953708941, 0.4024260485354256, 17.222572255664613]
[1.286647182782345e-17, 3001256.4689058354, 7.160114871155711, 20.302769011158333, 0.5315478604664554, 0.0, 0.00012727566263492918, 2.050657953708941, 0.4024260485354256, 17.222572255664613]
[1.286647182782345e-17, 3001256.4689058354, 7.160114871155711, 20.302769011158333, 0.5315478604664554, 0.0, 0.00012727566263492918, 2.050657953708941, 0.4024260485354256, 17.222572255664613]
[8.346684168939802e-18, 3001256.4689058354, 7.160114871155711, 20.302769011158333, 0.5315478604664554, 0.0, 0.00012727566263492918, 2.050657953708941, 0.4024260485354256, 17.222572255664613]
[8.346684168939802e-18, 3001256.4689058354, 7.160114871155711, 20.302769011158333, 0.5315478604664554, 0.0, 0.00012727566263492918, 2.050657953708941, 0.4024260485354256, 17.222572255664613]
[7.740629613637512e-18, 3001256.4689058354, 7.160114871155711, 20.302769011158333, 0.5315478604664554, 0.0, 0.00012727566263492918, 2.050657953708941, 0.4024260485354256, 17.222572255664613]
[7.673571735739064e-18, 3001256.4689058354, 7.160114871155711, 20.302769011158333, 0.40759250382060497, 0.0, 0.00012727566263492918, 1.9545754749374247, 0.4024260485354256, 17.222572255664613]
[7.673571735739064e-18, 3001256.4689058354, 7.160114871155711, 20.302769011158333, 0.40759250382060497, 0.0, 0.00012727566263492918, 1.9545754749374247, 0.4024260485354256, 17.222572255664613]
[6.946735576114231e-18, 3001256.4689058354, 7.160114871155711, 20.302769011158333, 0.40759250382060497, 0.0, 0.00012727566263492918, 1.9545754749374247, 0.4024260485354256, 17.222572255664613]
[3.673290724666282e-18, 3001256.4689058354, 7.160114871155711, 20.302769011158333, 0.40759250382060497, 0.0, 0.00012727566263492918, 1.9545754749374247, 0.4024260485354256, 17.222572255664613]
[3.673290724666282e-18, 3001256.4689058354, 7.160114871155711, 20.302769011158333, 0.40759250382060497, 0.0, 0.00012727566263492918, 1.9545754749374247, 0.4024260485354256, 17.222572255664613]
[3.673290724666282e-18, 3001256.4689058354, 7.160114871155711, 20.302769011158333, 0.40759250382060497, 0.0, 0.00012727566263492918, 1.9545754749374247, 0.4024260485354256, 17.222572255664613]
[2.851316386888663e-18, 3001256.4689058354, 7.160114871155711, 20.302769011158333, 0.40759250382060497, 0.0, 0.00012727566263492918, 1.9545754749374247, 0.4024260485354256, 17.222572255664613]
[2.851316386888663e-18, 3001256.4689058354, 7.160114871155711, 20.302769011158333, 0.40759250382060497, 0.0, 0.00012727566263492918, 1.9545754749374247, 0.4024260485354256, 17.222572255664613]
[2.851316386888663e-18, 3001256.4689058354, 7.160114871155711, 20.302769011158333, 0.40759250382060497, 0.0, 0.00012727566263492918, 1.9545754749374247, 0.4024260485354256, 17.222572255664613]
[2.851316386888663e-18, 3001256.4689058354, 7.160114871155711, 20.302769011158333, 0.40759250382060497, 0.0, 0.00012727566263492918, 1.9545754749374247, 0.4024260485354256, 17.222572255664613]
[1.7674442594675672e-18, 3001256.4689058354, 7.160114871155711, 20.302769011158333, 0.40759250382060497, 0.0, 0.00012727566263492918, 1.9545754749374247, 0.4024260485354256, 17.222572255664613]
[7.040332716785831e-19, 3001256.4689058354, 7.160114871155711, 20.302769011158333, 0.40759250382060497, 0.0, 0.00012727566263492918, 1.9545754749374247, 0.4024260485354256, 17.222572255664613]
[7.040332716785831e-19, 3001256.4689058354, 7.160114871155711, 20.302769011158333, 0.40759250382060497, 0.0, 0.00012727566263492918, 1.9545754749374247, 0.4024260485354256, 17.222572255664613]
[7.040332716785831e-19, 3001256.4689058354, 7.160114871155711, 20.302769011158333, 0.40759250382060497, 0.0, 0.00012727566263492918, 1.9545754749374247, 0.4024260485354256, 17.222572255664613]
[7.040332716785831e-19, 3001256.4689058354, 7.160114871155711, 20.302769011158333, 0.40759250382060497, 0.0, 0.00012727566263492918, 1.9545754749374247, 0.4024260485354256, 17.222572255664613]
[7.040332716785831e-19, 3001256.4689058354, 7.160114871155711, 20.302769011158333, 0.40759250382060497, 0.0, 0.00012727566263492918, 1.9545754749374247, 0.4024260485354256, 17.222572255664613]
[7.040332716785831e-19, 3001256.4689058354, 7.160114871155711, 20.302769011158333, 0.40759250382060497, 0.0, 0.00012727566263492918, 1.9545754749374247, 0.4024260485354256, 17.222572255664613]
[6.09516306165824e-19, 3001256.4689058354, 7.160114871155711, 20.302769011158333, 0.40759250382060497, 0.0, 0.00012727566263492918, 1.9545754749374247, 0.4024260485354256, 17.222572255664613]
[6.09516306165824e-19, 3001256.4689058354, 7.160114871155711, 20.302769011158333, 0.40759250382060497, 0.0, 0.00012727566263492918, 1.9545754749374247, 0.4024260485354256, 17.222572255664613]
[5.920967096460698e-19, 3001256.4689058354, 7.160114871155711, 20.302769011158333, 0.40759250382060497, 0.0, 0.00012727566263492918, 1.9545754749374247, 0.4024260485354256, 17.222572255664613]
[4.0397019575252213e-19, 3001256.4689058354, 7.160114871155711, 20.302769011158333, 0.40759250382060497, 0.0, 0.00012727566263492918, 1.9545754749374247, 0.4024260485354256, 17.222572255664613]
[4.0397019575252213e-19, 3001256.4689058354, 7.160114871155711, 20.302769011158333, 0.40759250382060497, 0.0, 0.00012727566263492918, 1.9545754749374247, 0.4024260485354256, 17.222572255664613]
[4.0397019575252213e-19, 3001256.4689058354, 7.160114871155711, 20.302769011158333, 0.40759250382060497, 0.0, 0.00012727566263492918, 1.9545754749374247, 0.4024260485354256, 17.222572255664613]
[3.8247673471594425e-19, 3001256.4689058354, 7.160114871155711, 20.302769011158333, 0.40759250382060497, 0.0, 0.00012727566263492918, 1.9545754749374247, 0.4024260485354256, 17.222572255664613]
[3.697753764101925e-19, 3001256.4689058354, 7.160114871155711, 20.302769011158333, 0.40759250382060497, 0.0, 0.00012727566263492918, 1.9545754749374247, 0.4024260485354256, 17.222572255664613]
[3.019664185155455e-19, 3001256.4689058354, 7.160114871155711, 20.302769011158333, 0.40759250382060497, 0.0, 0.00012727566263492918, 1.9545754749374247, 0.4024260485354256, 17.222572255664613]
[1.9907838520374972e-19, 3001256.4689058354, 7.160114871155711, 20.302769011158333, 0.40759250382060497, 0.0, 0.00012727566263492918, 1.9545754749374247, 0.4024260485354256, 17.222572255664613]
[1.7694551355366836e-19, 3001256.4689058354, 7.160114871155711, 20.302769011158333, 0.40759250382060497, 0.0, 0.00012727566263492918, 1.9545754749374247, 0.4024260485354256, 17.222572255664613]
[1.7694551355366836e-19, 3001256.4689058354, 7.160114871155711, 20.302769011158333, 0.40759250382060497, 0.0, 0.00012727566263492918, 1.9545754749374247, 0.4024260485354256, 17.222572255664613]
[1.7694551355366836e-19, 3001256.4689058354, 7.160114871155711, 20.302769011158333, 0.40759250382060497, 0.0, 0.00012727566263492918, 1.9545754749374247, 0.4024260485354256, 17.222572255664613]
[7.880880568037716e-20, 3001256.4689058354, 7.160114871155711, 20.302769011158333, 0.40759250382060497, 0.0, 0.00012727566263492918, 1.9545754749374247, 0.4024260485354256, 17.222572255664613]
[7.880880568037716e-20, 3001256.4689058354, 7.160114871155711, 20.302769011158333, 0.40759250382060497, 0.0, 0.00012727566263492918, 1.9545754749374247, 0.4024260485354256, 17.222572255664613]
[6.594780151640268e-20, 3001256.4689058354, 7.160114871155711, 20.302769011158333, 0.40759250382060497, 0.0, 0.00012727566263492918, 1.9545754749374247, 0.4024260485354256, 17.222572255664613]
[5.4175367038547995e-20, 3001256.4689058354, 7.160114871155711, 20.302769011158333, 0.40759250382060497, 0.0, 0.00012727566263492918, 1.9545754749374247, 0.4024260485354256, 17.222572255664613]
[5.4175367038547995e-20, 3001256.4689058354, 7.160114871155711, 20.302769011158333, 0.40759250382060497, 0.0, 0.00012727566263492918, 1.9545754749374247, 0.4024260485354256, 17.222572255664613]
[5.389743435273018e-20, 3001256.4689058354, 7.160114871155711, 20.302769011158333, 0.40759250382060497, 0.0, 0.00012727566263492918, 1.9545754749374247, 0.4024260485354256, 17.222572255664613]
[5.389743435273018e-20, 3001256.4689058354, 7.160114871155711, 20.302769011158333, 0.40759250382060497, 0.0, 0.00012727566263492918, 1.9545754749374247, 0.4024260485354256, 17.222572255664613]
[4.309362837217508e-20, 3001256.4689058354, 7.160114871155711, 20.302769011158333, 0.40759250382060497, 0.0, 0.00012727566263492918, 1.9545754749374247, 0.4024260485354256, 17.222572255664613]
[3.9493738346344306e-20, 3001256.4689058354, 7.160114871155711, 20.302769011158333, 0.40759250382060497, 0.0, 0.00012727566263492918, 1.9545754749374247, 0.4024260485354256, 17.222572255664613]
[1.9376705849054673e-20, 3001256.4689058354, 7.160114871155711, 20.302769011158333, 0.40759250382060497, 0.0, 0.00012727566263492918, 1.9545754749374247, 0.4024260485354256, 17.222572255664613]
[1.4639442480963484e-20, 3001256.4689058354, 7.160114871155711, 20.302769011158333, 0.40759250382060497, 0.0, 0.00012727566263492918, 1.9545754749374247, 0.4024260485354256, 17.222572255664613]
[1.4639442480963484e-20, 3001256.4689058354, 7.160114871155711, 20.302769011158333, 0.40759250382060497, 0.0, 0.00012727566263492918, 1.9545754749374247, 0.4024260485354256, 17.222572255664613]
[1.4639442480963484e-20, 3001256.4689058354, 7.160114871155711, 20.302769011158333, 0.40759250382060497, 0.0, 0.00012727566263492918, 1.9545754749374247, 0.4024260485354256, 17.222572255664613]
[1.4455808384976712e-20, 3001256.4689058354, 7.160114871155711, 20.302769011158333, 0.40759250382060497, 0.0, 0.00012727566263492918, 1.9545754749374247, 0.4024260485354256, 17.222572255664613]
[1.4455808384976712e-20, 3001256.4689058354, 7.160114871155711, 20.302769011158333, 0.40759250382060497, 0.0, 0.00012727566263492918, 1.9545754749374247, 0.4024260485354256, 17.222572255664613]
[1.3732852529605365e-20, 3001256.4689058354, 7.160114871155711, 20.302769011158333, 0.40759250382060497, 0.0, 0.00012727566263492918, 1.9545754749374247, 0.4024260485354256, 17.222572255664613]
[1.3732852529605365e-20, 3001256.4689058354, 7.160114871155711, 20.302769011158333, 0.40759250382060497, 0.0, 0.00012727566263492918, 1.9545754749374247, 0.4024260485354256, 17.222572255664613]
[1.1635122496170887e-20, 3001256.4689058354, 7.160114871155711, 20.302769011158333, 0.40759250382060497, 0.0, 0.00012727566263492918, 1.9545754749374247, 0.4024260485354256, 17.222572255664613]
[1.1635122496170887e-20, 3001256.4689058354, 7.160114871155711, 20.302769011158333, 0.40759250382060497, 0.0, 0.00012727566263492918, 1.9545754749374247, 0.4024260485354256, 17.222572255664613]
[9.083270306444797e-21, 3001256.4689058354, 7.160114871155711, 20.302769011158333, 0.40759250382060497, 0.0, 0.00012727566263492918, 1.9545754749374247, 0.4024260485354256, 17.222572255664613]
[9.083270306444797e-21, 3001256.4689058354, 7.160114871155711, 20.302769011158333, 0.40759250382060497, 0.0, 0.00012727566263492918, 1.9545754749374247, 0.4024260485354256, 17.222572255664613]
[6.6811378075908045e-21, 3001256.4689058354, 7.160114871155711, 20.302769011158333, 0.40759250382060497, 0.0, 0.00012727566263492918, 1.9545754749374247, 0.4024260485354256, 17.222572255664613]
[6.616617719811668e-21, 3001256.4689058354, 7.160114871155711, 20.302769011158333, 0.40759250382060497, 0.0, 0.00012727566263492918, 1.9545754749374247, 0.4024260485354256, 17.222572255664613]
[6.616617719811668e-21, 3001256.4689058354, 7.160114871155711, 20.302769011158333, 0.40759250382060497, 0.0, 0.00012727566263492918, 1.9545754749374247, 0.4024260485354256, 17.222572255664613]
[5.698447239877808e-21, 3001256.4689058354, 7.160114871155711, 20.302769011158333, 0.40759250382060497, 0.0, 0.00012727566263492918, 1.9545754749374247, 0.4024260485354256, 17.222572255664613]
[4.751325438504591e-21, 3001256.4689058354, 7.160114871155711, 20.302769011158333, 0.40759250382060497, 0.0, 0.00012727566263492918, 1.9545754749374247, 0.4024260485354256, 17.222572255664613]
[4.1110876443885475e-21, 3001256.4689058354, 7.160114871155711, 20.302769011158333, 0.40759250382060497, 0.0, 0.00012727566263492918, 1.9545754749374247, 0.4024260485354256, 17.222572255664613]
[4.1110876443885475e-21, 3001256.4689058354, 7.160114871155711, 20.302769011158333, 0.40759250382060497, 0.0, 0.00012727566263492918, 1.9545754749374247, 0.4024260485354256, 17.222572255664613]
[3.7520912585405335e-21, 3001256.4689058354, 7.160114871155711, 20.302769011158333, 0.40759250382060497, 0.0, 0.00012727566263492918, 1.9545754749374247, 0.4024260485354256, 17.222572255664613]
[3.046506196032801e-21, 3001256.4689058354, 7.160114871155711, 20.302769011158333, 0.40759250382060497, 0.0, 0.00012727566263492918, 1.9545754749374247, 0.4024260485354256, 17.222572255664613]
[2.54358038360056e-21, 3001256.4689058354, 7.160114871155711, 20.302769011158333, 0.40759250382060497, 0.0, 0.00012727566263492918, 1.9545754749374247, 0.4024260485354256, 17.222572255664613]
[1.9587636905255695e-21, 3001256.4689058354, 7.160114871155711, 20.302769011158333, 0.40759250382060497, 0.0, 0.00012727566263492918, 1.9545754749374247, 0.4024260485354256, 17.222572255664613]
[1.5029871730088513e-21, 3001256.4689058354, 7.160114871155711, 20.302769011158333, 0.40759250382060497, 0.0, 0.00012727566263492918, 1.9545754749374247, 0.4024260485354256, 17.222572255664613]
[1.5029871730088513e-21, 3001256.4689058354, 7.160114871155711, 20.302769011158333, 0.40759250382060497, 0.0, 0.00012727566263492918, 1.9545754749374247, 0.4024260485354256, 17.222572255664613]
[1.5029871730088513e-21, 3001256.4689058354, 7.160114871155711, 20.302769011158333, 0.40759250382060497, 0.0, 0.00012727566263492918, 1.9545754749374247, 0.4024260485354256, 17.222572255664613]
[9.355412727974743e-22, 3001256.4689058354, 7.160114871155711, 20.302769011158333, 0.40759250382060497, 0.0, 0.00012727566263492918, 1.9545754749374247, 0.4024260485354256, 17.222572255664613]
[9.355412727974743e-22, 3001256.4689058354, 7.160114871155711, 20.302769011158333, 0.40759250382060497, 0.0, 0.00012727566263492918, 1.9545754749374247, 0.4024260485354256, 17.222572255664613]
[6.203854594147708e-22, 3001256.4689058354, 7.160114871155711, 20.302769011158333, 0.40759250382060497, 0.0, 0.00012727566263492918, 1.9545754749374247, 0.4024260485354256, 17.222572255664613]
[6.203854594147708e-22, 3001256.4689058354, 7.160114871155711, 20.302769011158333, 0.40759250382060497, 0.0, 0.00012727566263492918, 1.9545754749374247, 0.4024260485354256, 17.222572255664613]
[4.582580593543773e-22, 3001256.4689058354, 7.160114871155711, 20.302769011158333, 0.40759250382060497, 0.0, 0.00012727566263492918, 1.9545754749374247, 0.4024260485354256, 17.222572255664613]
[4.582580593543773e-22, 3001256.4689058354, 7.160114871155711, 20.302769011158333, 0.40759250382060497, 0.0, 0.00012727566263492918, 1.9545754749374247, 0.4024260485354256, 17.222572255664613]
[3.490702184973777e-22, 3001256.4689058354, 7.160114871155711, 20.302769011158333, 0.40759250382060497, 0.0, 0.00012727566263492918, 1.9545754749374247, 0.4024260485354256, 17.222572255664613]
[3.490702184973777e-22, 3001256.4689058354, 7.160114871155711, 20.302769011158333, 0.40759250382060497, 0.0, 0.00012727566263492918, 1.9545754749374247, 0.4024260485354256, 17.222572255664613]
[3.490702184973777e-22, 3001256.4689058354, 7.160114871155711, 20.302769011158333, 0.40759250382060497, 0.0, 0.00012727566263492918, 1.9545754749374247, 0.4024260485354256, 17.222572255664613]
[2.903403950061127e-22, 3001256.4689058354, 7.160114871155711, 20.302769011158333, 0.40759250382060497, 0.0, 0.00012727566263492918, 1.9545754749374247, 0.4024260485354256, 17.222572255664613]
[2.1341259803868114e-22, 3001256.4689058354, 7.160114871155711, 20.302769011158333, 0.40759250382060497, 0.0, 0.00012727566263492918, 1.9545754749374247, 0.4024260485354256, 17.222572255664613]
[2.1341259803868114e-22, 3001256.4689058354, 7.160114871155711, 20.302769011158333, 0.40759250382060497, 0.0, 0.00012727566263492918, 1.9545754749374247, 0.4024260485354256, 17.222572255664613]
[2.1341259803868114e-22, 3001256.4689058354, 7.160114871155711, 20.302769011158333, 0.40759250382060497, 0.0, 0.00012727566263492918, 1.9545754749374247, 0.4024260485354256, 17.222572255664613]
[2.1341259803868114e-22, 3001256.4689058354, 7.160114871155711, 20.302769011158333, 0.40759250382060497, 0.0, 0.00012727566263492918, 1.9545754749374247, 0.4024260485354256, 17.222572255664613]
[9.098986738083304e-23, 3001256.4689058354, 7.160114871155711, 20.302769011158333, 0.40759250382060497, 0.0, 0.00012727566263492918, 1.9545754749374247, 0.4024260485354256, 17.222572255664613]
[9.098986738083304e-23, 3001256.4689058354, 7.160114871155711, 20.302769011158333, 0.40759250382060497, 0.0, 0.00012727566263492918, 1.9545754749374247, 0.4024260485354256, 17.222572255664613]
[9.098986738083304e-23, 3001256.4689058354, 7.160114871155711, 20.302769011158333, 0.40759250382060497, 0.0, 0.00012727566263492918, 1.9545754749374247, 0.4024260485354256, 17.222572255664613]
[9.098986738083304e-23, 3001256.4689058354, 7.160114871155711, 20.302769011158333, 0.40759250382060497, 0.0, 0.00012727566263492918, 1.9545754749374247, 0.4024260485354256, 17.222572255664613]
[4.4667753077863494e-23, 3001256.4689058354, 7.160114871155711, 20.302769011158333, 0.40759250382060497, 0.0, 0.00012727566263492918, 1.9545754749374247, 0.4024260485354256, 17.222572255664613]
[3.88774887899923e-23, 3001256.4689058354, 7.160114871155711, 20.302769011158333, 0.400576075407429, 0.0, 0.00012727566263492918, 1.9545754749374247, 0.4024260485354256, 17.222572255664613]
[3.88774887899923e-23, 3001256.4689058354, 7.160114871155711, 20.302769011158333, 0.400576075407429, 0.0, 0.00012727566263492918, 1.9545754749374247, 0.4024260485354256, 17.222572255664613]
[3.88774887899923e-23, 3001256.4689058354, 7.160114871155711, 20.302769011158333, 0.400576075407429, 0.0, 0.00012727566263492918, 1.9545754749374247, 0.4024260485354256, 17.222572255664613]
[3.88774887899923e-23, 3001256.4689058354, 7.160114871155711, 20.302769011158333, 0.400576075407429, 0.0, 0.00012727566263492918, 1.9545754749374247, 0.4024260485354256, 17.222572255664613]
[3.474158572722716e-23, 3001256.4689058354, 7.160114871155711, 20.302769011158333, 0.400576075407429, 0.0, 0.00012727566263492918, 1.9545754749374247, 0.4024260485354256, 17.222572255664613]
[1.9852334701272664e-23, 3001256.4689058354, 7.160114871155711, 20.302769011158333, 0.400576075407429, 0.0, 0.00012727566263492918, 1.9545754749374247, 0.4024260485354256, 17.222572255664613]
[1.9852334701272664e-23, 3001256.4689058354, 7.160114871155711, 20.302769011158333, 0.400576075407429, 0.0, 0.00012727566263492918, 1.9545754749374247, 0.4024260485354256, 17.222572255664613]
[1.9852334701272664e-23, 3001256.4689058354, 7.160114871155711, 20.302769011158333, 0.400576075407429, 0.0, 0.00012727566263492918, 1.9545754749374247, 0.4024260485354256, 17.222572255664613]
[1.406207041340147e-23, 3001256.4689058354, 7.160114871155711, 20.302769011158333, 0.400576075407429, 0.0, 0.00012727566263492918, 1.9545754749374247, 0.4024260485354256, 17.222572255664613]
[1.406207041340147e-23, 2379536.6716818567, 7.160114871155711, 20.302769011158333, 0.400576075407429, 0.0, 0.00012727566263492918, 1.9545754749374247, 0.4024260485354256, 17.222572255664613]
[1.406207041340147e-23, 2379536.6716818567, 7.160114871155711, 20.302769011158333, 0.400576075407429, 0.0, 0.00012727566263492918, 1.9545754749374247, 0.4024260485354256, 17.222572255664613]
[1.406207041340147e-23, 2379536.6716818567, 7.160114871155711, 20.302769011158333, 0.400576075407429, 0.0, 0.00012727566263492918, 1.9545754749374247, 0.4024260485354256, 17.222572255664613]
[1.1580528575742387e-23, 2379536.6716818567, 7.160114871155711, 20.302769011158333, 0.400576075407429, 0.0, 0.00012727566263492918, 1.9545754749374247, 0.4024260485354256, 17.222572255664613]
[1.1580528575742387e-23, 2379536.6716818567, 7.160114871155711, 20.302769011158333, 0.400576075407429, 0.0, 0.00012727566263492918, 1.9545754749374247, 0.4024260485354256, 17.222572255664613]
[1.1580528575742387e-23, 2379536.6716818567, 7.160114871155711, 20.302769011158333, 0.400576075407429, 0.0, 0.00012727566263492918, 1.9545754749374247, 0.4024260485354256, 17.222572255664613]
[6.617444900424222e-24, 2379536.6716818567, 7.160114871155711, 20.302769011158333, 0.400576075407429, 0.0, 0.00012727566263492918, 1.9545754749374247, 0.4024260485354256, 17.222572255664613]
[4.963083675318166e-24, 2379536.6716818567, 7.160114871155711, 20.302769011158333, 0.400576075407429, 0.0, 0.00012727566263492918, 1.9545754749374247, 0.4024260485354256, 17.222572255664613]
[4.963083675318166e-24, 2379536.6716818567, 7.160114871155711, 20.302769011158333, 0.400576075407429, 0.0, 0.00012727566263492918, 1.9545754749374247, 0.4024260485354256, 17.222572255664613]
[4.963083675318166e-24, 2379536.6716818567, 7.160114871155711, 20.302769011158333, 0.400576075407429, 0.0, 0.00012727566263492918, 1.9545754749374247, 0.4024260485354256, 17.222572255664613]
[4.963083675318166e-24, 2379536.6716818567, 7.160114871155711, 20.302769011158333, 0.400576075407429, 0.0, 0.00012727566263492918, 1.9545754749374247, 0.4024260485354256, 17.222572255664613]
[4.1359030627651384e-24, 2379536.6716818567, 7.160114871155711, 20.302769011158333, 0.400576075407429, 0.0, 0.00012727566263492918, 1.9545754749374247, 0.4024260485354256, 17.222572255664613]
[3.308722450212111e-24, 2379536.6716818567, 7.160114871155711, 20.302769011158333, 0.400576075407429, 0.0, 0.00012727566263492918, 1.9545754749374247, 0.4024260485354256, 17.222572255664613]
[3.308722450212111e-24, 2379536.6716818567, 7.160114871155711, 20.302769011158333, 0.400576075407429, 0.0, 0.00012727566263492918, 1.9545754749374247, 0.4024260485354256, 17.222572255664613]
[1.6543612251060553e-24, 2379536.6716818567, 7.160114871155711, 20.302769011158333, 0.400576075407429, 0.0, 0.00012727566263492918, 1.9545754749374247, 0.4024260485354256, 17.222572255664613]
[8.271806125530277e-25, 2379536.6716818567, 7.160114871155711, 20.302769011158333, 0.400576075407429, 0.0, 0.00012727566263492918, 1.9545754749374247, 0.4024260485354256, 17.222572255664613]
[8.271806125530277e-25, 2379536.6716818567, 7.160114871155711, 20.302769011158333, 0.400576075407429, 0.0, 0.00012727566263492918, 1.9545754749374247, 0.4024260485354256, 17.222572255664613]
[8.271806125530277e-25, 2379536.6716818567, 7.160114871155711, 20.302769011158333, 0.400576075407429, 0.0, 0.00012727566263492918, 1.9545754749374247, 0.4024260485354256, 17.222572255664613]
[8.271806125530277e-25, 2379536.6716818567, 7.160114871155711, 20.302769011158333, 0.400576075407429, 0.0, 0.00012727566263492918, 1.9545754749374247, 0.4024260485354256, 17.222572255664613]
[8.271806125530277e-25, 2379536.6716818567, 7.160114871155711, 20.302769011158333, 0.400576075407429, 0.0, 0.00012727566263492918, 1.9545754749374247, 0.4024260485354256, 17.222572255664613]
[0.0, 2379536.6716818567, 7.160114871155711, 20.302769011158333, 0.400576075407429, 0.0, 0.00012727566263492918, 1.9545754749374247, 0.4024260485354256, 17.222572255664613]
[0.0, 2379536.6716818567, 7.160114871155711, 20.302769011158333, 0.400576075407429, 0.0, 0.00012727566263492918, 1.9545754749374247, 0.4024260485354256, 17.222572255664613]
[0.0, 2379536.6716818567, 7.160114871155711, 20.302769011158333, 0.400576075407429, 0.0, 0.00012727566263492918, 1.9545754749374247, 0.4024260485354256, 17.222572255664613]
[0.0, 2379536.6716818567, 7.160114871155711, 20.302769011158333, 0.400576075407429, 0.0, 0.00012727566263492918, 1.9545754749374247, 0.4024260485354256, 17.222572255664613]
[0.0, 2379536.6716818567, 7.160114871155711, 20.302769011158333, 0.400576075407429, 0.0, 0.00012727566263492918, 1.9545754749374247, 0.4024260485354256, 17.222572255664613]
[0.0, 2379536.6716818567, 7.160114871155711, 20.302769011158333, 0.400576075407429, 0.0, 0.00012727566263492918, 1.9545754749374247, 0.4024260485354256, 17.222572255664613]
[0.0, 2379536.6716818567, 7.160114871155711, 20.302769011158333, 0.400576075407429, 0.0, 0.00012727566263492918, 1.9545754749374247, 0.4024260485354256, 17.222572255664613]
[0.0, 2379536.6716818567, 7.160114871155711, 20.302769011158333, 0.400576075407429, 0.0, 0.00012727566263492918, 1.9545754749374247, 0.4024260485354256, 17.222572255664613]
[0.0, 2379536.6716818567, 7.160114871155711, 20.302769011158333, 0.400576075407429, 0.0, 0.00012727566263492918, 1.9545754749374247, 0.4024260485354256, 17.222572255664613]
[0.0, 2379536.6716818567, 7.160114871155711, 20.302769011158333, 0.400576075407429, 0.0, 0.00012727566263492918, 1.9545754749374247, 0.4024260485354256, 17.222572255664613]
[0.0, 2379536.6716818567, 7.160114871155711, 20.302769011158333, 0.400576075407429, 0.0, 0.00012727566263492918, 1.9545754749374247, 0.4024260485354256, 17.222572255664613]
[0.0, 2379536.6716818567, 7.160114871155711, 20.302769011158333, 0.400576075407429, 0.0, 0.00012727566263492918, 1.9545754749374247, 0.4024260485354256, 17.222572255664613]
[0.0, 2379536.6716818567, 7.160114871155711, 20.302769011158333, 0.400576075407429, 0.0, 0.00012727566263492918, 1.9545754749374247, 0.4024260485354256, 17.222572255664613]
[0.0, 2379536.6716818567, 7.160114871155711, 20.302769011158333, 0.400576075407429, 0.0, 0.00012727566263492918, 1.9545754749374247, 0.4024260485354256, 17.222572255664613]
[0.0, 2379536.6716818567, 7.160114871155711, 20.302769011158333, 0.400576075407429, 0.0, 0.00012727566263492918, 1.9545754749374247, 0.4024260485354256, 17.222572255664613]
[0.0, 2379536.6716818567, 7.160114871155711, 20.302769011158333, 0.400576075407429, 0.0, 0.00012727566263492918, 1.9545754749374247, 0.4024260485354256, 17.222572255664613]
[0.0, 2379536.6716818567, 7.160114871155711, 20.302769011158333, 0.400576075407429, 0.0, 0.00012727566263492918, 1.9545754749374247, 0.4024260485354256, 17.222572255664613]
[0.0, 2379536.6716818567, 6.311074672987021, 20.302769011158333, 0.400576075407429, 0.0, 0.00012727566263492918, 1.9545754749374247, 0.4024260485354256, 17.222572255664613]
[0.0, 2379536.6716818567, 6.311074672987021, 20.302769011158333, 0.400576075407429, 0.0, 0.00012727566263492918, 1.9545754749374247, 0.4024260485354256, 17.222572255664613]
[0.0, 2379536.6716818567, 6.311074672987021, 20.302769011158333, 0.400576075407429, 0.0, 0.00012727566263492918, 1.9545754749374247, 0.4024260485354256, 16.777432146422488]
[0.0, 2379536.6716818567, 6.311074672987021, 20.302769011158333, 0.400576075407429, 0.0, 0.00012727566263492918, 1.9545754749374247, 0.4024260485354256, 16.777432146422488]
[0.0, 2379536.6716818567, 6.311074672987021, 20.302769011158333, 0.400576075407429, 0.0, 0.00012727566263492918, 1.9545754749374247, 0.4024260485354256, 16.777432146422488]
[0.0, 2379536.6716818567, 6.311074672987021, 20.302769011158333, 0.400576075407429, 0.0, 0.00012727566263492918, 1.9545754749374247, 0.4024260485354256, 16.777432146422488]
[0.0, 2379536.6716818567, 6.311074672987021, 20.302769011158333, 0.400576075407429, 0.0, 0.00012727566263492918, 1.9545754749374247, 0.4024260485354256, 16.777432146422488]
[0.0, 2379536.6716818567, 6.311074672987021, 20.302769011158333, 0.400576075407429, 0.0, 0.00012727566263492918, 1.9545754749374247, 0.4024260485354256, 16.777432146422488]
[0.0, 2379536.6716818567, 6.311074672987021, 20.302769011158333, 0.400576075407429, 0.0, 0.00012727566263492918, 1.9545754749374247, 0.4024260485354256, 16.777432146422488]
[0.0, 2379536.6716818567, 6.311074672987021, 20.302769011158333, 0.400576075407429, 0.0, 0.00012727566263492918, 1.9545754749374247, 0.4024260485354256, 16.777432146422488]
[0.0, 2379536.6716818567, 6.311074672987021, 20.302769011158333, 0.400576075407429, 0.0, 0.00012727566263492918, 1.9545754749374247, 0.4024260485354256, 16.777432146422488]
[0.0, 2379536.6716818567, 6.311074672987021, 20.302769011158333, 0.400576075407429, 0.0, 0.00012727566263492918, 1.9545754749374247, 0.4024260485354256, 16.777432146422488]
[0.0, 2379536.6716818567, 6.311074672987021, 20.302769011158333, 0.400576075407429, 0.0, 0.00012727566263492918, 1.9545754749374247, 0.4024260485354256, 16.777432146422488]
[0.0, 2379536.6716818567, 6.311074672987021, 20.302769011158333, 0.400576075407429, 0.0, 0.00012727566263492918, 1.9545754749374247, 0.4024260485354256, 16.777432146422488]
[0.0, 2379536.6716818567, 6.311074672987021, 20.302769011158333, 0.400576075407429, 0.0, 0.00012727566263492918, 1.9545754749374247, 0.4024260485354256, 16.777432146422488]
[0.0, 2379536.6716818567, 6.311074672987021, 20.302769011158333, 0.400576075407429, 0.0, 0.00012727566263492918, 1.9545754749374247, 0.4024260485354256, 16.777432146422488]
[0.0, 2379536.6716818567, 6.311074672987021, 20.302769011158333, 0.400576075407429, 0.0, 0.00012727566263492918, 1.9545754749374247, 0.4024260485354256, 16.777432146422488]
[0.0, 2379536.6716818567, 6.311074672987021, 20.302769011158333, 0.400576075407429, 0.0, 0.00012727566263492918, 1.9545754749374247, 0.4024260485354256, 16.777432146422488]
[0.0, 2379536.6716818567, 6.311074672987021, 20.302769011158333, 0.400576075407429, 0.0, 0.00012727566263492918, 1.9545754749374247, 0.4024260485354256, 16.777432146422488]
[0.0, 2379536.6716818567, 6.311074672987021, 20.302769011158333, 0.400576075407429, 0.0, 0.00012727566263492918, 1.9545754749374247, 0.4024260485354256, 16.777432146422488]
[0.0, 2379536.6716818567, 6.311074672987021, 20.302769011158333, 0.400576075407429, 0.0, 0.00012727566263492918, 1.9545754749374247, 0.4024260485354256, 16.777432146422488]
[0.0, 2379536.6716818567, 6.311074672987021, 20.302769011158333, 0.400576075407429, 0.0, 0.00012727566263492918, 1.9545754749374247, 0.4024260485354256, 16.777432146422488]
[0.0, 2379536.6716818567, 6.311074672987021, 20.302769011158333, 0.400576075407429, 0.0, 0.00012727566263492918, 1.9545754749374247, 0.4024260485354256, 16.777432146422488]
[0.0, 2379536.6716818567, 6.311074672987021, 20.302769011158333, 0.400576075407429, 0.0, 0.00012727566263492918, 1.9545754749374247, 0.4024260485354256, 16.777432146422488]
[0.0, 2379536.6716818567, 6.311074672987021, 20.302769011158333, 0.400576075407429, 0.0, 0.00012727566263492918, 1.9545754749374247, 0.4024260485354256, 16.777432146422488]
[0.0, 2379536.6716818567, 6.311074672987021, 20.302769011158333, 0.400576075407429, 0.0, 0.00012727566263492918, 1.9545754749374247, 0.4024260485354256, 16.777432146422488]
[0.0, 2379536.6716818567, 6.311074672987021, 20.302769011158333, 0.400576075407429, 0.0, 0.00012727566263492918, 1.9545754749374247, 0.4024260485354256, 16.777432146422488]
[0.0, 2379536.6716818567, 6.311074672987021, 20.302769011158333, 0.400576075407429, 0.0, 0.00012727566263492918, 1.9545754749374247, 0.4024260485354256, 16.777432146422488]
[0.0, 2379536.6716818567, 6.311074672987021, 20.302769011158333, 0.400576075407429, 0.0, 0.00012727566263492918, 1.9545754749374247, 0.4024260485354256, 16.777432146422488]
[0.0, 2379536.6716818567, 6.311074672987021, 20.302769011158333, 0.400576075407429, 0.0, 0.00012727566263492918, 1.9545754749374247, 0.4024260485354256, 16.777432146422488]
[0.0, 2379536.6716818567, 6.311074672987021, 20.302769011158333, 0.400576075407429, 0.0, 0.00012727566263492918, 1.9545754749374247, 0.4024260485354256, 16.777432146422488]
[0.0, 2379536.6716818567, 6.311074672987021, 20.302769011158333, 0.400576075407429, 0.0, 0.00012727566263492918, 1.9545754749374247, 0.4024260485354256, 16.777432146422488]
[0.0, 2379536.6716818567, 6.311074672987021, 20.302769011158333, 0.400576075407429, 0.0, 0.00012727566263492918, 1.9545754749374247, 0.4024260485354256, 16.777432146422488]
[0.0, 2379536.6716818567, 6.311074672987021, 20.302769011158333, 0.400576075407429, 0.0, 0.00012727566263492918, 1.9545754749374247, 0.4024260485354256, 16.777432146422488]
[0.0, 2379536.6716818567, 6.311074672987021, 20.302769011158333, 0.400576075407429, 0.0, 0.00012727566263492918, 1.9545754749374247, 0.4024260485354256, 16.777432146422488]
[0.0, 2379536.6716818567, 6.311074672987021, 20.302769011158333, 0.400576075407429, 0.0, 0.00012727566263492918, 1.9545754749374247, 0.4024260485354256, 16.777432146422488]
[0.0, 2379536.6716818567, 6.311074672987021, 20.302769011158333, 0.400576075407429, 0.0, 0.00012727566263492918, 1.9545754749374247, 0.4024260485354256, 16.777432146422488]
[0.0, 2379536.6716818567, 6.311074672987021, 20.302769011158333, 0.400576075407429, 0.0, 0.00012727566263492918, 1.9545754749374247, 0.4024260485354256, 16.777432146422488]
[0.0, 2379536.6716818567, 6.311074672987021, 20.302769011158333, 0.400576075407429, 0.0, 0.00012727566263492918, 1.9545754749374247, 0.4024260485354256, 16.777432146422488]
[0.0, 2379536.6716818567, 6.311074672987021, 20.302769011158333, 0.400576075407429, 0.0, 0.00012727566263492918, 1.9545754749374247, 0.4024260485354256, 16.777432146422488]
[0.0, 2379536.6716818567, 6.311074672987021, 20.302769011158333, 0.400576075407429, 0.0, 0.00012727566263492918, 1.9545754749374247, 0.4024260485354256, 16.777432146422488]
[0.0, 2379536.6716818567, 6.311074672987021, 20.302769011158333, 0.400576075407429, 0.0, 0.00012727566263492918, 1.9545754749374247, 0.4024260485354256, 16.777432146422488]
[0.0, 2379536.6716818567, 6.311074672987021, 20.302769011158333, 0.400576075407429, 0.0, 0.00012727566263492918, 1.9545754749374247, 0.4024260485354256, 16.777432146422488]
[0.0, 2379536.6716818567, 6.311074672987021, 20.302769011158333, 0.400576075407429, 0.0, 0.00012727566263492918, 1.9545754749374247, 0.4024260485354256, 16.777432146422488]
[0.0, 2379536.6716818567, 6.311074672987021, 20.302769011158333, 0.400576075407429, 0.0, 0.00012727566263492918, 1.9545754749374247, 0.4024260485354256, 16.777432146422488]
[0.0, 2379536.6716818567, 6.311074672987021, 20.302769011158333, 0.400576075407429, 0.0, 0.00012727566263492918, 1.9545754749374247, 0.4024260485354256, 16.777432146422488]
[0.0, 2379536.6716818567, 6.311074672987021, 20.302769011158333, 0.400576075407429, 0.0, 0.00012727566263492918, 1.9545754749374247, 0.4024260485354256, 16.777432146422488]
[0.0, 2379536.6716818567, 6.311074672987021, 20.302769011158333, 0.400576075407429, 0.0, 0.00012727566263492918, 1.9545754749374247, 0.4024260485354256, 16.777432146422488]
[0.0, 2379536.6716818567, 6.311074672987021, 20.302769011158333, 0.400576075407429, 0.0, 0.00012727566263492918, 1.9545754749374247, 0.4024260485354256, 16.777432146422488]
[0.0, 2379536.6716818567, 6.311074672987021, 20.302769011158333, 0.400576075407429, 0.0, 0.00012727566263492918, 1.9545754749374247, 0.4024260485354256, 16.777432146422488]
[0.0, 2379536.6716818567, 6.311074672987021, 20.302769011158333, 0.400576075407429, 0.0, 0.00012727566263492918, 1.9545754749374247, 0.4024260485354256, 16.49566664552078]
[0.0, 2379536.6716818567, 6.311074672987021, 20.302769011158333, 0.400576075407429, 0.0, 0.00012727566263492918, 1.9545754749374247, 0.4024260485354256, 16.49566664552078]
[0.0, 2379536.6716818567, 6.311074672987021, 20.302769011158333, 0.400576075407429, 0.0, 0.00012727566263492918, 1.9545754749374247, 0.4024260485354256, 16.49566664552078]
[0.0, 2379536.6716818567, 6.311074672987021, 20.302769011158333, 0.400576075407429, 0.0, 0.00012727566263492918, 1.9545754749374247, 0.4024260485354256, 16.49566664552078]
[0.0, 2379536.6716818567, 6.311074672987021, 20.302769011158333, 0.400576075407429, 0.0, 0.00012727566263492918, 1.9545754749374247, 0.4024260485354256, 16.49566664552078]
[0.0, 2379536.6716818567, 6.311074672987021, 20.302769011158333, 0.400576075407429, 0.0, 0.00012727566263492918, 1.9545754749374247, 0.4024260485354256, 16.49566664552078]
[0.0, 2379536.6716818567, 6.311074672987021, 20.302769011158333, 0.400576075407429, 0.0, 0.00012727566263492918, 1.9545754749374247, 0.4024260485354256, 16.49566664552078]
[0.0, 2379536.6716818567, 6.311074672987021, 20.302769011158333, 0.400576075407429, 0.0, 0.00012727566263492918, 1.9545754749374247, 0.4024260485354256, 16.49566664552078]
[0.0, 2379536.6716818567, 6.311074672987021, 20.302769011158333, 0.400576075407429, 0.0, 0.00012727566263492918, 1.9545754749374247, 0.4024260485354256, 16.49566664552078]
[0.0, 2379536.6716818567, 6.311074672987021, 20.302769011158333, 0.400576075407429, 0.0, 0.00012727566263492918, 1.9545754749374247, 0.4024260485354256, 16.49566664552078]
[0.0, 2379536.6716818567, 6.311074672987021, 20.302769011158333, 0.400576075407429, 0.0, 0.00012727566263492918, 1.9545754749374247, 0.4024260485354256, 16.49566664552078]
[0.0, 2379536.6716818567, 6.311074672987021, 20.302769011158333, 0.400576075407429, 0.0, 0.00012727566263492918, 1.9545754749374247, 0.4024260485354256, 16.49566664552078]
[0.0, 2379536.6716818567, 6.311074672987021, 20.302769011158333, 0.400576075407429, 0.0, 0.00012727566263492918, 1.9545754749374247, 0.4024260485354256, 16.49566664552078]
[0.0, 2379536.6716818567, 6.311074672987021, 20.302769011158333, 0.400576075407429, 0.0, 0.00012727566263492918, 1.9545754749374247, 0.4024260485354256, 16.49566664552078]
[0.0, 2379536.6716818567, 6.311074672987021, 20.302769011158333, 0.400576075407429, 0.0, 0.00012727566263492918, 1.9545754749374247, 0.4024260485354256, 16.49566664552078]
[0.0, 2379536.6716818567, 6.311074672987021, 20.302769011158333, 0.400576075407429, 0.0, 0.00012727566263492918, 1.9545754749374247, 0.4024260485354256, 16.49566664552078]
[0.0, 2379536.6716818567, 6.311074672987021, 20.302769011158333, 0.400576075407429, 0.0, 0.00012727566263492918, 1.9545754749374247, 0.4024260485354256, 16.49566664552078]
[0.0, 2379536.6716818567, 6.311074672987021, 20.302769011158333, 0.400576075407429, 0.0, 0.00012727566263492918, 1.9545754749374247, 0.4024260485354256, 16.49566664552078]
[0.0, 2379536.6716818567, 6.311074672987021, 20.302769011158333, 0.400576075407429, 0.0, 0.00012727566263492918, 1.9545754749374247, 0.4024260485354256, 16.49566664552078]
[0.0, 2379536.6716818567, 6.311074672987021, 20.302769011158333, 0.400576075407429, 0.0, 0.00012727566263492918, 1.9545754749374247, 0.4024260485354256, 16.49566664552078]
[0.0, 2379536.6716818567, 6.311074672987021, 20.302769011158333, 0.400576075407429, 0.0, 0.00012727566263492918, 1.9545754749374247, 0.4024260485354256, 16.49566664552078]
[0.0, 2379536.6716818567, 6.311074672987021, 20.302769011158333, 0.400576075407429, 0.0, 0.00012727566263492918, 1.9545754749374247, 0.4024260485354256, 16.49566664552078]
[0.0, 2379536.6716818567, 6.311074672987021, 20.302769011158333, 0.400576075407429, 0.0, 0.00012727566263492918, 1.9545754749374247, 0.4024260485354256, 16.49566664552078]
[0.0, 2379536.6716818567, 6.311074672987021, 20.302769011158333, 0.400576075407429, 0.0, 0.00012727566263492918, 1.9545754749374247, 0.4024260485354256, 16.49566664552078]
[0.0, 2379536.6716818567, 6.311074672987021, 20.302769011158333, 0.400576075407429, 0.0, 0.00012727566263492918, 1.9545754749374247, 0.4024260485354256, 16.49566664552078]
[0.0, 2379536.6716818567, 6.311074672987021, 20.302769011158333, 0.400576075407429, 0.0, 0.00012727566263492918, 1.9545754749374247, 0.4024260485354256, 16.49566664552078]
[0.0, 2379536.6716818567, 6.311074672987021, 20.302769011158333, 0.400576075407429, 0.0, 0.00012727566263492918, 1.9545754749374247, 0.4024260485354256, 16.49566664552078]
[0.0, 2379536.6716818567, 6.311074672987021, 20.302769011158333, 0.400576075407429, 0.0, 0.00012727566263492918, 1.9545754749374247, 0.4024260485354256, 16.49566664552078]
[0.0, 2379536.6716818567, 6.311074672987021, 20.302769011158333, 0.400576075407429, 0.0, 0.00012727566263492918, 1.9545754749374247, 0.4024260485354256, 16.49566664552078]
[0.0, 2379536.6716818567, 6.311074672987021, 20.302769011158333, 0.400576075407429, 0.0, 0.00012727566263492918, 1.9545754749374247, 0.4024260485354256, 16.49566664552078]
[0.0, 2379536.6716818567, 6.311074672987021, 20.302769011158333, 0.400576075407429, 0.0, 0.00012727566263492918, 1.9545754749374247, 0.4024260485354256, 16.49566664552078]
[0.0, 2379536.6716818567, 6.311074672987021, 20.302769011158333, 0.400576075407429, 0.0, 0.00012727566263492918, 1.9545754749374247, 0.4024260485354256, 16.49566664552078]
[0.0, 2379536.6716818567, 6.311074672987021, 20.302769011158333, 0.400576075407429, 0.0, 0.00012727566263492918, 1.9545754749374247, 0.4024260485354256, 16.49566664552078]
[0.0, 2379536.6716818567, 6.311074672987021, 20.302769011158333, 0.400576075407429, 0.0, 0.00012727566263492918, 1.9545754749374247, 0.4024260485354256, 16.49566664552078]
[0.0, 2379536.6716818567, 6.311074672987021, 20.302769011158333, 0.400576075407429, 0.0, 0.00012727566263492918, 1.9545754749374247, 0.4024260485354256, 16.49566664552078]
[0.0, 2379536.6716818567, 6.311074672987021, 20.302769011158333, 0.400576075407429, 0.0, 0.00012727566263492918, 1.9545754749374247, 0.4024260485354256, 16.49566664552078]
[0.0, 2379536.6716818567, 6.311074672987021, 20.302769011158333, 0.400576075407429, 0.0, 0.00012727566263492918, 1.9545754749374247, 0.4024260485354256, 16.49566664552078]
[0.0, 2379536.6716818567, 6.311074672987021, 20.302769011158333, 0.400576075407429, 0.0, 0.00012727566263492918, 1.9545754749374247, 0.4024260485354256, 16.49566664552078]
[0.0, 2379536.6716818567, 6.311074672987021, 20.302769011158333, 0.400576075407429, 0.0, 0.00012727566263492918, 1.9545754749374247, 0.4024260485354256, 16.49566664552078]
[0.0, 2379536.6716818567, 6.311074672987021, 20.302769011158333, 0.400576075407429, 0.0, 0.00012727566263492918, 1.9545754749374247, 0.4024260485354256, 16.49566664552078]
[0.0, 2379536.6716818567, 6.311074672987021, 20.302769011158333, 0.400576075407429, 0.0, 0.00012727566263492918, 1.9545754749374247, 0.4024260485354256, 16.49566664552078]
[0.0, 2379536.6716818567, 6.311074672987021, 20.302769011158333, 0.400576075407429, 0.0, 0.00012727566263492918, 1.9545754749374247, 0.4024260485354256, 16.49566664552078]
[0.0, 2379536.6716818567, 6.311074672987021, 20.302769011158333, 0.400576075407429, 0.0, 0.00012727566263492918, 1.9545754749374247, 0.4024260485354256, 16.49566664552078]
[0.0, 2379536.6716818567, 6.311074672987021, 20.302769011158333, 0.400576075407429, 0.0, 0.00012727566263492918, 1.9545754749374247, 0.38559151631836686, 16.49566664552078]
[0.0, 2379536.6716818567, 6.311074672987021, 20.302769011158333, 0.400576075407429, 0.0, 0.00012727566263492918, 1.9545754749374247, 0.38559151631836686, 16.49566664552078]
[0.0, 2379536.6716818567, 6.311074672987021, 20.302769011158333, 0.400576075407429, 0.0, 0.00012727566263492918, 1.9545754749374247, 0.38559151631836686, 16.49566664552078]
[0.0, 2379536.6716818567, 6.311074672987021, 20.302769011158333, 0.400576075407429, 0.0, 0.00012727566263492918, 1.9545754749374247, 0.38559151631836686, 16.49566664552078]
[0.0, 2379536.6716818567, 6.311074672987021, 20.302769011158333, 0.400576075407429, 0.0, 0.00012727566263492918, 1.9545754749374247, 0.38559151631836686, 16.49566664552078]
[0.0, 2379536.6716818567, 6.311074672987021, 20.302769011158333, 0.400576075407429, 0.0, 0.00012727566263492918, 1.9545754749374247, 0.38559151631836686, 16.49566664552078]
[0.0, 2379536.6716818567, 6.311074672987021, 20.302769011158333, 0.400576075407429, 0.0, 0.00012727566263492918, 1.9545754749374247, 0.38559151631836686, 16.49566664552078]
[0.0, 2379536.6716818567, 6.311074672987021, 20.302769011158333, 0.400576075407429, 0.0, 0.00012727566263492918, 1.9545754749374247, 0.38559151631836686, 16.49566664552078]
[0.0, 2379536.6716818567, 6.311074672987021, 20.302769011158333, 0.400576075407429, 0.0, 0.00012727566263492918, 1.9545754749374247, 0.38559151631836686, 16.49566664552078]
[0.0, 2379536.6716818567, 6.311074672987021, 20.302769011158333, 0.400576075407429, 0.0, 0.00012727566263492918, 1.9545754749374247, 0.38559151631836686, 16.49566664552078]
[0.0, 2379536.6716818567, 6.311074672987021, 20.302769011158333, 0.400576075407429, 0.0, 0.00012727566263492918, 1.9545754749374247, 0.38559151631836686, 16.49566664552078]
[0.0, 2379536.6716818567, 6.311074672987021, 20.302769011158333, 0.400576075407429, 0.0, 0.00012727566263492918, 1.9545754749374247, 0.38559151631836686, 16.49566664552078]
[0.0, 2379536.6716818567, 6.311074672987021, 20.302769011158333, 0.400576075407429, 0.0, 0.00012727566263492918, 1.9545754749374247, 0.38559151631836686, 16.49566664552078]
[0.0, 2379536.6716818567, 6.311074672987021, 20.302769011158333, 0.400576075407429, 0.0, 0.00012727566263492918, 1.9545754749374247, 0.38559151631836686, 16.49566664552078]
[0.0, 2379536.6716818567, 6.311074672987021, 20.302769011158333, 0.400576075407429, 0.0, 0.00012727566263492918, 1.9545754749374247, 0.38559151631836686, 16.49566664552078]
[0.0, 2379536.6716818567, 6.311074672987021, 20.302769011158333, 0.400576075407429, 0.0, 0.00012727566263492918, 1.9545754749374247, 0.38559151631836686, 16.49566664552078]
[0.0, 2379536.6716818567, 6.311074672987021, 20.302769011158333, 0.400576075407429, 0.0, 0.00012727566263492918, 1.9215411730564211, 0.38559151631836686, 16.49566664552078]
[0.0, 2379536.6716818567, 6.311074672987021, 20.302769011158333, 0.400576075407429, 0.0, 0.00012727566263492918, 1.9215411730564211, 0.38559151631836686, 16.49566664552078]
[0.0, 2379536.6716818567, 6.311074672987021, 20.302769011158333, 0.400576075407429, 0.0, 0.00012727566263492918, 1.9215411730564211, 0.38559151631836686, 16.49566664552078]
[0.0, 2379536.6716818567, 6.311074672987021, 20.302769011158333, 0.400576075407429, 0.0, 0.00012727566263492918, 1.9215411730564211, 0.38559151631836686, 16.49566664552078]
[0.0, 2379536.6716818567, 6.311074672987021, 20.302769011158333, 0.400576075407429, 0.0, 0.00012727566263492918, 1.9215411730564211, 0.38559151631836686, 16.49566664552078]
[0.0, 2379536.6716818567, 6.311074672987021, 20.302769011158333, 0.400576075407429, 0.0, 0.00012727566263492918, 1.9215411730564211, 0.38559151631836686, 16.49566664552078]
[0.0, 2379536.6716818567, 6.311074672987021, 20.302769011158333, 0.400576075407429, 0.0, 0.00012727566263492918, 1.9215411730564211, 0.38559151631836686, 16.49566664552078]
[0.0, 2379536.6716818567, 6.311074672987021, 20.302769011158333, 0.400576075407429, 0.0, 0.00012727566263492918, 1.9215411730564211, 0.38559151631836686, 16.49566664552078]
[0.0, 2379536.6716818567, 6.311074672987021, 20.302769011158333, 0.400576075407429, 0.0, 0.00012727566263492918, 1.9215411730564211, 0.38559151631836686, 16.49566664552078]
[0.0, 2379536.6716818567, 6.311074672987021, 20.302769011158333, 0.400576075407429, 0.0, 0.00012727566263492918, 1.9215411730564211, 0.38559151631836686, 16.49566664552078]
[0.0, 2379536.6716818567, 6.311074672987021, 20.302769011158333, 0.400576075407429, 0.0, 0.00012727566263492918, 1.9215411730564211, 0.38559151631836686, 16.49566664552078]
[0.0, 2379536.6716818567, 6.311074672987021, 20.302769011158333, 0.400576075407429, 0.0, 0.00012727566263492918, 1.5610783690581562, 0.38559151631836686, 16.49566664552078]
[0.0, 2379536.6716818567, 6.311074672987021, 20.302769011158333, 0.400576075407429, 0.0, 0.00012727566263492918, 1.5610783690581562, 0.38559151631836686, 16.49566664552078]
[0.0, 2379536.6716818567, 6.311074672987021, 20.302769011158333, 0.400576075407429, 0.0, 0.00012727566263492918, 1.5610783690581562, 0.38559151631836686, 14.99154205052129]
[0.0, 2379536.6716818567, 6.311074672987021, 20.302769011158333, 0.400576075407429, 0.0, 0.00012727566263492918, 1.5610783690581562, 0.38559151631836686, 14.99154205052129]
[0.0, 2379536.6716818567, 6.311074672987021, 20.302769011158333, 0.400576075407429, 0.0, 0.00012727566263492918, 1.5610783690581562, 0.38559151631836686, 14.99154205052129]
[0.0, 2379536.6716818567, 6.311074672987021, 20.302769011158333, 0.400576075407429, 0.0, 0.00012727566263492918, 1.5610783690581562, 0.38559151631836686, 14.99154205052129]
[0.0, 2379536.6716818567, 6.311074672987021, 20.302769011158333, 0.400576075407429, 0.0, 0.00012727566263492918, 1.5610783690581562, 0.38559151631836686, 14.99154205052129]
[0.0, 2379536.6716818567, 6.311074672987021, 20.302769011158333, 0.400576075407429, 0.0, 0.00012727566263492918, 1.5610783690581562, 0.38559151631836686, 14.99154205052129]
[0.0, 2379536.6716818567, 6.311074672987021, 20.302769011158333, 0.400576075407429, 0.0, 0.00012727566263492918, 1.5610783690581562, 0.38559151631836686, 14.99154205052129]
[0.0, 2379536.6716818567, 6.311074672987021, 20.302769011158333, 0.400576075407429, 0.0, 0.00012727566263492918, 1.5610783690581562, 0.38559151631836686, 14.99154205052129]
[0.0, 2379536.6716818567, 6.311074672987021, 20.302769011158333, 0.400576075407429, 0.0, 0.00012727566263492918, 1.5610783690581562, 0.38559151631836686, 14.99154205052129]
[0.0, 2379536.6716818567, 6.311074672987021, 20.302769011158333, 0.400576075407429, 0.0, 0.00012727566263492918, 1.5610783690581562, 0.38559151631836686, 14.99154205052129]
[0.0, 2379536.6716818567, 6.311074672987021, 20.302769011158333, 0.400576075407429, 0.0, 0.00012727566263492918, 1.5610783690581562, 0.38559151631836686, 14.99154205052129]
[0.0, 2379536.6716818567, 6.311074672987021, 20.302769011158333, 0.400576075407429, 0.0, 0.00012727566263492918, 1.5610783690581562, 0.38559151631836686, 14.99154205052129]
[0.0, 2379536.6716818567, 6.311074672987021, 20.302769011158333, 0.400576075407429, 0.0, 0.00012727566263492918, 1.5610783690581562, 0.38559151631836686, 14.99154205052129]
[0.0, 2379536.6716818567, 6.311074672987021, 20.302769011158333, 0.400576075407429, 0.0, 0.00012727566263492918, 1.5610783690581562, 0.38559151631836686, 14.99154205052129]
[0.0, 2379536.6716818567, 6.311074672987021, 20.302769011158333, 0.400576075407429, 0.0, 0.00012727566263492918, 1.5610783690581562, 0.38559151631836686, 14.99154205052129]
[0.0, 2379536.6716818567, 6.311074672987021, 20.302769011158333, 0.400576075407429, 0.0, 0.00012727566263492918, 1.5610783690581562, 0.38559151631836686, 14.99154205052129]
[0.0, 2379536.6716818567, 6.311074672987021, 20.302769011158333, 0.400576075407429, 0.0, 0.00012727566263492918, 1.5610783690581562, 0.38559151631836686, 14.99154205052129]
[0.0, 2379536.6716818567, 6.311074672987021, 20.302769011158333, 0.400576075407429, 0.0, 0.00012727566263492918, 1.5610783690581562, 0.38559151631836686, 14.99154205052129]
[0.0, 2379536.6716818567, 6.311074672987021, 20.302769011158333, 0.400576075407429, 0.0, 0.00012727566263492918, 1.5610783690581562, 0.38559151631836686, 14.99154205052129]
[0.0, 2379536.6716818567, 6.311074672987021, 20.302769011158333, 0.400576075407429, 0.0, 0.00012727566263492918, 1.5610783690581562, 0.38559151631836686, 14.99154205052129]
[0.0, 2379536.6716818567, 6.311074672987021, 20.302769011158333, 0.400576075407429, 0.0, 0.00012727566263492918, 1.5610783690581562, 0.38559151631836686, 14.99154205052129]
[0.0, 2379536.6716818567, 6.311074672987021, 20.302769011158333, 0.400576075407429, 0.0, 0.00012727566263492918, 1.5610783690581562, 0.38559151631836686, 14.99154205052129]
[0.0, 2379536.6716818567, 6.311074672987021, 20.302769011158333, 0.400576075407429, 0.0, 0.00012727566263492918, 1.5610783690581562, 0.38559151631836686, 14.99154205052129]
[0.0, 2379536.6716818567, 6.311074672987021, 20.302769011158333, 0.400576075407429, 0.0, 0.00012727566263492918, 1.5610783690581562, 0.38559151631836686, 14.99154205052129]
[0.0, 2379536.6716818567, 6.311074672987021, 20.302769011158333, 0.400576075407429, 0.0, 0.00012727566263492918, 1.5610783690581562, 0.38559151631836686, 14.99154205052129]
[0.0, 2379536.6716818567, 6.311074672987021, 20.302769011158333, 0.400576075407429, 0.0, 0.00012727566263492918, 1.5610783690581562, 0.38559151631836686, 14.99154205052129]
[0.0, 2379536.6716818567, 6.311074672987021, 20.302769011158333, 0.400576075407429, 0.0, 0.00012727566263492918, 1.5610783690581562, 0.38559151631836686, 14.99154205052129]
[0.0, 2379536.6716818567, 6.311074672987021, 20.302769011158333, 0.400576075407429, 0.0, 0.00012727566263492918, 1.5610783690581562, 0.38559151631836686, 14.99154205052129]
[0.0, 2379536.6716818567, 6.311074672987021, 20.302769011158333, 0.400576075407429, 0.0, 0.00012727566263492918, 1.5610783690581562, 0.38559151631836686, 14.99154205052129]
[0.0, 2379536.6716818567, 6.311074672987021, 20.302769011158333, 0.400576075407429, 0.0, 0.00012727566263492918, 1.5610783690581562, 0.38559151631836686, 14.99154205052129]
[0.0, 2379536.6716818567, 6.311074672987021, 20.302769011158333, 0.400576075407429, 0.0, 0.00012727566263492918, 1.5610783690581562, 0.38559151631836686, 14.99154205052129]
[0.0, 2379536.6716818567, 6.311074672987021, 20.302769011158333, 0.400576075407429, 0.0, 0.00012727566263492918, 1.5610783690581562, 0.38559151631836686, 14.99154205052129]
[0.0, 2379536.6716818567, 6.311074672987021, 20.302769011158333, 0.400576075407429, 0.0, 0.00012727566263492918, 1.5610783690581562, 0.38559151631836686, 14.99154205052129]
[0.0, 2379536.6716818567, 6.311074672987021, 20.302769011158333, 0.400576075407429, 0.0, 0.00012727566263492918, 1.5610783690581562, 0.38559151631836686, 14.99154205052129]
[0.0, 2379536.6716818567, 6.311074672987021, 20.302769011158333, 0.400576075407429, 0.0, 0.00012727566263492918, 1.5610783690581562, 0.38559151631836686, 14.99154205052129]
[0.0, 2379536.6716818567, 6.311074672987021, 20.302769011158333, 0.400576075407429, 0.0, 0.00012727566263492918, 1.5610783690581562, 0.38559151631836686, 14.99154205052129]
[0.0, 2379536.6716818567, 6.311074672987021, 20.302769011158333, 0.400576075407429, 0.0, 0.00012727566263492918, 1.5610783690581562, 0.38559151631836686, 14.99154205052129]
[0.0, 2379536.6716818567, 6.311074672987021, 20.302769011158333, 0.400576075407429, 0.0, 0.00012727566263492918, 1.5610783690581562, 0.38559151631836686, 14.99154205052129]
[0.0, 2379536.6716818567, 6.311074672987021, 20.302769011158333, 0.400576075407429, 0.0, 0.00012727566263492918, 1.5610783690581562, 0.38559151631836686, 14.99154205052129]
[0.0, 2379536.6716818567, 6.311074672987021, 20.302769011158333, 0.400576075407429, 0.0, 0.00012727566263492918, 1.5610783690581562, 0.38559151631836686, 14.634376410620142]
[0.0, 2379536.6716818567, 6.311074672987021, 20.302769011158333, 0.400576075407429, 0.0, 0.00012727566263492918, 1.5610783690581562, 0.38559151631836686, 14.634376410620142]
[0.0, 2379536.6716818567, 6.311074672987021, 20.302769011158333, 0.400576075407429, 0.0, 0.00012727566263492918, 1.5610783690581562, 0.38559151631836686, 14.634376410620142]
[0.0, 2379536.6716818567, 6.311074672987021, 20.302769011158333, 0.400576075407429, 0.0, 0.00012727566263492918, 1.5610783690581562, 0.38559151631836686, 14.634376410620142]
[0.0, 2379536.6716818567, 6.311074672987021, 20.302769011158333, 0.400576075407429, 0.0, 0.00012727566263492918, 1.5610783690581562, 0.38559151631836686, 14.634376410620142]
[0.0, 2379536.6716818567, 6.311074672987021, 20.302769011158333, 0.400576075407429, 0.0, 0.00012727566263492918, 1.5610783690581562, 0.38559151631836686, 14.634376410620142]
[0.0, 2379536.6716818567, 6.311074672987021, 20.302769011158333, 0.400576075407429, 0.0, 0.00012727566263492918, 1.5610783690581562, 0.38559151631836686, 14.634376410620142]
[0.0, 2379536.6716818567, 6.311074672987021, 20.302769011158333, 0.400576075407429, 0.0, 0.00012727566263492918, 1.5610783690581562, 0.38559151631836686, 14.634376410620142]
[0.0, 2379536.6716818567, 6.311074672987021, 20.302769011158333, 0.400576075407429, 0.0, 0.00012727566263492918, 1.5610783690581562, 0.38559151631836686, 14.634376410620142]
[0.0, 2379536.6716818567, 6.311074672987021, 20.302769011158333, 0.400576075407429, 0.0, 0.00012727566263492918, 1.5610783690581562, 0.38559151631836686, 14.634376410620142]
[0.0, 2379536.6716818567, 6.311074672987021, 20.302769011158333, 0.400576075407429, 0.0, 0.00012727566263492918, 1.5610783690581562, 0.38559151631836686, 14.634376410620142]
[0.0, 2379536.6716818567, 6.311074672987021, 17.81961723161486, 0.400576075407429, 0.0, 0.00012727566263492918, 1.5610783690581562, 0.38559151631836686, 14.634376410620142]
[0.0, 2379536.6716818567, 6.311074672987021, 17.81961723161486, 0.400576075407429, 0.0, 0.00012727566263492918, 1.5610783690581562, 0.38559151631836686, 14.634376410620142]
[0.0, 2379536.6716818567, 6.311074672987021, 17.81961723161486, 0.400576075407429, 0.0, 0.00012727566263492918, 1.5610783690581562, 0.38559151631836686, 14.634376410620142]
[0.0, 2379536.6716818567, 6.311074672987021, 17.81961723161486, 0.400576075407429, 0.0, 0.00012727566263492918, 1.5610783690581562, 0.38559151631836686, 14.634376410620142]
[0.0, 2379536.6716818567, 6.311074672987021, 17.81961723161486, 0.400576075407429, 0.0, 0.00012727566263492918, 1.5610783690581562, 0.38559151631836686, 14.634376410620142]
[0.0, 2379536.6716818567, 6.311074672987021, 17.81961723161486, 0.400576075407429, 0.0, 0.00012727566263492918, 1.5610783690581562, 0.38559151631836686, 14.634376410620142]
[0.0, 2379536.6716818567, 6.311074672987021, 17.81961723161486, 0.400576075407429, 0.0, 0.00012727566263492918, 1.5610783690581562, 0.38559151631836686, 12.615538547808917]
[0.0, 2379536.6716818567, 6.311074672987021, 17.81961723161486, 0.400576075407429, 0.0, 0.00012727566263492918, 1.5610783690581562, 0.38559151631836686, 12.615538547808917]
[0.0, 2379536.6716818567, 6.311074672987021, 17.81961723161486, 0.400576075407429, 0.0, 0.00012727566263492918, 1.5610783690581562, 0.38559151631836686, 12.615538547808917]
[0.0, 2379536.6716818567, 6.311074672987021, 17.81961723161486, 0.400576075407429, 0.0, 0.00012727566263492918, 1.5610783690581562, 0.38559151631836686, 11.959598984422065]
[0.0, 2379536.6716818567, 6.311074672987021, 17.81961723161486, 0.400576075407429, 0.0, 0.00012727566263492918, 1.5610783690581562, 0.38559151631836686, 11.959598984422065]
[0.0, 2379536.6716818567, 6.311074672987021, 17.81961723161486, 0.400576075407429, 0.0, 0.00012727566263492918, 1.5610783690581562, 0.38559151631836686, 11.959598984422065]
[0.0, 2379536.6716818567, 6.311074672987021, 17.81961723161486, 0.400576075407429, 0.0, 0.00012727566263492918, 1.5610783690581562, 0.38559151631836686, 11.959598984422065]
[0.0, 2379536.6716818567, 6.311074672987021, 17.81961723161486, 0.400576075407429, 0.0, 0.00012727566263492918, 1.5610783690581562, 0.38559151631836686, 11.959598984422065]
[0.0, 2379536.6716818567, 6.311074672987021, 17.81961723161486, 0.400576075407429, 0.0, 0.00012727566263492918, 1.5610783690581562, 0.38559151631836686, 11.959598984422065]
[0.0, 2379536.6716818567, 6.311074672987021, 17.81961723161486, 0.400576075407429, 0.0, 0.00012727566263492918, 1.5610783690581562, 0.38559151631836686, 11.959598984422065]
[0.0, 2379536.6716818567, 6.311074672987021, 17.81961723161486, 0.400576075407429, 0.0, 0.00012727566263492918, 1.5610783690581562, 0.38559151631836686, 11.959598984422065]
[0.0, 2379536.6716818567, 6.311074672987021, 17.81961723161486, 0.400576075407429, 0.0, 0.00012727566263492918, 1.5610783690581562, 0.38559151631836686, 11.959598984422065]
[0.0, 2379536.6716818567, 6.311074672987021, 17.81961723161486, 0.400576075407429, 0.0, 0.00012727566263492918, 1.5610783690581562, 0.38559151631836686, 11.959598984422065]
[0.0, 2379536.6716818567, 6.311074672987021, 17.81961723161486, 0.400576075407429, 0.0, 0.00012727566263492918, 1.5610783690581562, 0.38559151631836686, 11.959598984422065]
[0.0, 2379536.6716818567, 6.311074672987021, 17.81961723161486, 0.400576075407429, 0.0, 0.00012727566263492918, 1.5610783690581562, 0.38559151631836686, 11.959598984422065]
[0.0, 2379536.6716818567, 6.311074672987021, 17.81961723161486, 0.400576075407429, 0.0, 0.00012727566263492918, 1.5610783690581562, 0.38559151631836686, 11.959598984422065]
[0.0, 2379536.6716818567, 6.311074672987021, 17.81961723161486, 0.400576075407429, 0.0, 0.00012727566263492918, 1.5610783690581562, 0.38559151631836686, 11.959598984422065]
[0.0, 2379536.6716818567, 6.311074672987021, 17.81961723161486, 0.400576075407429, 0.0, 0.00012727566263492918, 1.5610783690581562, 0.38559151631836686, 11.959598984422065]
[0.0, 2379536.6716818567, 6.311074672987021, 17.81961723161486, 0.400576075407429, 0.0, 0.00012727566263492918, 1.5610783690581562, 0.38559151631836686, 11.959598984422065]
[0.0, 2379536.6716818567, 6.311074672987021, 17.81961723161486, 0.400576075407429, 0.0, 0.00012727566263492918, 1.5610783690581562, 0.38559151631836686, 11.959598984422065]
[0.0, 2379536.6716818567, 6.311074672987021, 17.81961723161486, 0.400576075407429, 0.0, 0.00012727566263492918, 1.5610783690581562, 0.38559151631836686, 11.959598984422065]
[0.0, 2379536.6716818567, 6.311074672987021, 17.81961723161486, 0.400576075407429, 0.0, 0.00012727566263492918, 1.5610783690581562, 0.38559151631836686, 11.959598984422065]
[0.0, 2379536.6716818567, 6.311074672987021, 17.81961723161486, 0.400576075407429, 0.0, 0.00012727566263492918, 1.5610783690581562, 0.38559151631836686, 11.959598984422065]
[0.0, 2379536.6716818567, 6.311074672987021, 17.81961723161486, 0.400576075407429, 0.0, 0.00012727566263492918, 1.5610783690581562, 0.38559151631836686, 11.959598984422065]
[0.0, 2379536.6716818567, 6.311074672987021, 17.81961723161486, 0.400576075407429, 0.0, 0.00012727566263492918, 1.5610783690581562, 0.38559151631836686, 11.959598984422065]
[0.0, 2379536.6716818567, 6.311074672987021, 17.81961723161486, 0.400576075407429, 0.0, 0.00012727566263492918, 1.5610783690581562, 0.38559151631836686, 11.959598984422065]
[0.0, 2379536.6716818567, 6.311074672987021, 17.81961723161486, 0.400576075407429, 0.0, 0.00012727566263492918, 1.5610783690581562, 0.38559151631836686, 11.959598984422065]
[0.0, 2379536.6716818567, 6.311074672987021, 17.81961723161486, 0.400576075407429, 0.0, 0.00012727566263492918, 1.5610783690581562, 0.38559151631836686, 11.959598984422065]
[0.0, 2379536.6716818567, 6.311074672987021, 17.81961723161486, 0.400576075407429, 0.0, 0.00012727566263492918, 1.5610783690581562, 0.38559151631836686, 11.959598984422065]
[0.0, 2379536.6716818567, 6.311074672987021, 17.81961723161486, 0.400576075407429, 0.0, 0.00012727566263492918, 1.5610783690581562, 0.38559151631836686, 11.959598984422065]
[0.0, 2379536.6716818567, 6.311074672987021, 17.81961723161486, 0.400576075407429, 0.0, 0.00012727566263492918, 1.5610783690581562, 0.38559151631836686, 11.959598984422065]
[0.0, 2379536.6716818567, 6.311074672987021, 17.81961723161486, 0.400576075407429, 0.0, 0.00012727566263492918, 1.5610783690581562, 0.38559151631836686, 11.959598984422065]
[0.0, 2379536.6716818567, 6.311074672987021, 17.81961723161486, 0.400576075407429, 0.0, 0.00012727566263492918, 1.5610783690581562, 0.38559151631836686, 11.959598984422065]
[0.0, 2379536.6716818567, 6.311074672987021, 17.81961723161486, 0.400576075407429, 0.0, 0.00012727566263492918, 1.5610783690581562, 0.38559151631836686, 11.959598984422065]
[0.0, 2379536.6716818567, 6.311074672987021, 17.81961723161486, 0.400576075407429, 0.0, 0.00012727566263492918, 1.5610783690581562, 0.38559151631836686, 11.959598984422065]
[0.0, 2379536.6716818567, 6.311074672987021, 17.81961723161486, 0.400576075407429, 0.0, 0.00012727566263492918, 1.5610783690581562, 0.38559151631836686, 11.959598984422065]
[0.0, 2379536.6716818567, 6.311074672987021, 17.81961723161486, 0.400576075407429, 0.0, 0.00012727566263492918, 1.5610783690581562, 0.38559151631836686, 11.959598984422065]
[0.0, 2379536.6716818567, 6.311074672987021, 17.81961723161486, 0.400576075407429, 0.0, 0.00012727566263492918, 1.5610783690581562, 0.38559151631836686, 11.959598984422065]
[0.0, 2379536.6716818567, 6.311074672987021, 17.81961723161486, 0.400576075407429, 0.0, 0.00012727566263492918, 1.5610783690581562, 0.38559151631836686, 11.959598984422065]
[0.0, 2379536.6716818567, 6.311074672987021, 17.81961723161486, 0.400576075407429, 0.0, 0.00012727566263492918, 1.5610783690581562, 0.38559151631836686, 11.959598984422065]
[0.0, 2379536.6716818567, 6.311074672987021, 17.81961723161486, 0.400576075407429, 0.0, 0.00012727566263492918, 1.5610783690581562, 0.38559151631836686, 11.959598984422065]
[0.0, 2379536.6716818567, 6.311074672987021, 17.81961723161486, 0.400576075407429, 0.0, 0.00012727566263492918, 1.5610783690581562, 0.38559151631836686, 11.959598984422065]
[0.0, 2379536.6716818567, 6.311074672987021, 17.81961723161486, 0.400576075407429, 0.0, 0.00012727566263492918, 1.5610783690581562, 0.38559151631836686, 11.791473090104127]
[0.0, 2379536.6716818567, 6.311074672987021, 17.81961723161486, 0.400576075407429, 0.0, 0.00012727566263492918, 1.5610783690581562, 0.38559151631836686, 11.791473090104127]
[0.0, 2379536.6716818567, 6.311074672987021, 17.81961723161486, 0.400576075407429, 0.0, 0.00012727566263492918, 1.5610783690581562, 0.38559151631836686, 11.791473090104127]
[0.0, 2379536.6716818567, 6.311074672987021, 17.81961723161486, 0.400576075407429, 0.0, 0.00012727566263492918, 1.5610783690581562, 0.38559151631836686, 11.791473090104127]
[0.0, 2379536.6716818567, 6.311074672987021, 17.81961723161486, 0.400576075407429, 0.0, 0.00012727566263492918, 1.5610783690581562, 0.38559151631836686, 11.791473090104127]
[0.0, 2379536.6716818567, 6.311074672987021, 17.81961723161486, 0.400576075407429, 0.0, 0.00012727566263492918, 1.5610783690581562, 0.38559151631836686, 11.791473090104127]
[0.0, 2379536.6716818567, 6.311074672987021, 17.81961723161486, 0.400576075407429, 0.0, 0.00012727566263492918, 1.5610783690581562, 0.38559151631836686, 11.791473090104127]
[0.0, 2379536.6716818567, 6.311074672987021, 17.81961723161486, 0.400576075407429, 0.0, 0.00012727566263492918, 1.5610783690581562, 0.38559151631836686, 11.791473090104127]
[0.0, 2379536.6716818567, 6.311074672987021, 17.81961723161486, 0.400576075407429, 0.0, 0.00012727566263492918, 1.5610783690581562, 0.38559151631836686, 11.791473090104127]
[0.0, 2379536.6716818567, 6.311074672987021, 17.81961723161486, 0.400576075407429, 0.0, 0.00012727566263492918, 1.5610783690581562, 0.38559151631836686, 11.791473090104127]
[0.0, 2379536.6716818567, 6.311074672987021, 17.81961723161486, 0.400576075407429, 0.0, 0.00012727566263492918, 1.5610783690581562, 0.38559151631836686, 11.791473090104127]
[0.0, 2379536.6716818567, 6.311074672987021, 17.81961723161486, 0.400576075407429, 0.0, 0.00012727566263492918, 1.5610783690581562, 0.38559151631836686, 11.791473090104127]
[0.0, 2379536.6716818567, 6.311074672987021, 17.81961723161486, 0.400576075407429, 0.0, 0.00012727566263492918, 1.5610783690581562, 0.38559151631836686, 11.33229661985457]
[0.0, 2379536.6716818567, 6.311074672987021, 17.81961723161486, 0.400576075407429, 0.0, 0.00012727566263492918, 1.5610783690581562, 0.38559151631836686, 10.575222230125014]
[0.0, 2379536.6716818567, 6.311074672987021, 17.81961723161486, 0.400576075407429, 0.0, 0.00012727566263492918, 1.5610783690581562, 0.38559151631836686, 10.575222230125014]
[0.0, 2379536.6716818567, 6.311074672987021, 17.81961723161486, 0.400576075407429, 0.0, 0.00012727566263492918, 1.5610783690581562, 0.38559151631836686, 10.575222230125014]
[0.0, 2379536.6716818567, 6.311074672987021, 17.81961723161486, 0.400576075407429, 0.0, 0.00012727566263492918, 1.5610783690581562, 0.38559151631836686, 10.575222230125014]
[0.0, 2379536.6716818567, 6.311074672987021, 17.81961723161486, 0.400576075407429, 0.0, 0.00012727566263492918, 1.5610783690581562, 0.38559151631836686, 10.575222230125014]
[0.0, 2379536.6716818567, 6.311074672987021, 17.81961723161486, 0.400576075407429, 0.0, 0.00012727566263492918, 1.5610783690581562, 0.38559151631836686, 10.575222230125014]
[0.0, 2379536.6716818567, 6.311074672987021, 17.81961723161486, 0.400576075407429, 0.0, 0.00012727566263492918, 1.5610783690581562, 0.38559151631836686, 10.575222230125014]
[0.0, 2379536.6716818567, 6.311074672987021, 17.81961723161486, 0.400576075407429, 0.0, 0.00012727566263492918, 1.5610783690581562, 0.38559151631836686, 10.575222230125014]
[0.0, 2379536.6716818567, 6.311074672987021, 17.569769585187164, 0.400576075407429, 0.0, 0.00012727566263492918, 1.5610783690581562, 0.38559151631836686, 10.575222230125014]
[0.0, 2379536.6716818567, 6.311074672987021, 17.569769585187164, 0.400576075407429, 0.0, 0.00012727566263492918, 1.5610783690581562, 0.38559151631836686, 10.575222230125014]
[0.0, 2379536.6716818567, 6.311074672987021, 17.569769585187164, 0.400576075407429, 0.0, 0.00012727566263492918, 1.5610783690581562, 0.38559151631836686, 10.575222230125014]
[0.0, 2379536.6716818567, 6.311074672987021, 17.569769585187164, 0.400576075407429, 0.0, 0.00012727566263492918, 1.5610783690581562, 0.38559151631836686, 10.575222230125014]
[0.0, 2379536.6716818567, 6.311074672987021, 17.569769585187164, 0.400576075407429, 0.0, 0.00012727566263492918, 1.5610783690581562, 0.38559151631836686, 10.575222230125014]
[0.0, 2379536.6716818567, 6.311074672987021, 17.569769585187164, 0.400576075407429, 0.0, 0.00012727566263492918, 1.5610783690581562, 0.38559151631836686, 10.575222230125014]
[0.0, 2379536.6716818567, 6.311074672987021, 17.569769585187164, 0.400576075407429, 0.0, 0.00012727566263492918, 1.5610783690581562, 0.38559151631836686, 10.575222230125014]
[0.0, 2379536.6716818567, 6.311074672987021, 17.569769585187164, 0.400576075407429, 0.0, 0.00012727566263492918, 1.5610783690581562, 0.38559151631836686, 10.575222230125014]
[0.0, 2379536.6716818567, 6.311074672987021, 17.569769585187164, 0.400576075407429, 0.0, 0.00012727566263492918, 1.5610783690581562, 0.38559151631836686, 10.575222230125014]
[0.0, 2379536.6716818567, 6.311074672987021, 17.569769585187164, 0.400576075407429, 0.0, 0.00012727566263492918, 1.5610783690581562, 0.38559151631836686, 10.44522172976427]
[0.0, 2379536.6716818567, 6.311074672987021, 17.569769585187164, 0.400576075407429, 0.0, 0.00012727566263492918, 1.5610783690581562, 0.38559151631836686, 10.44522172976427]
[0.0, 2379536.6716818567, 6.311074672987021, 17.569769585187164, 0.400576075407429, 0.0, 0.00012727566263492918, 1.5610783690581562, 0.38559151631836686, 10.44522172976427]
[0.0, 2379536.6716818567, 6.311074672987021, 13.401226717823356, 0.400576075407429, 0.0, 0.00012727566263492918, 1.5610783690581562, 0.38559151631836686, 10.44522172976427]
[0.0, 2379536.6716818567, 6.311074672987021, 13.401226717823356, 0.400576075407429, 0.0, 0.00012727566263492918, 1.5610783690581562, 0.38559151631836686, 9.078628864896833]
[0.0, 2379536.6716818567, 6.311074672987021, 13.401226717823356, 0.400576075407429, 0.0, 0.00012727566263492918, 1.5610783690581562, 0.38559151631836686, 9.078628864896833]
[0.0, 2379536.6716818567, 6.311074672987021, 13.401226717823356, 0.400576075407429, 0.0, 0.00012727566263492918, 1.5610783690581562, 0.38559151631836686, 9.078628864896833]
[0.0, 2379536.6716818567, 6.311074672987021, 13.401226717823356, 0.400576075407429, 0.0, 0.00012727566263492918, 1.5610783690581562, 0.38559151631836686, 9.078628864896833]
[0.0, 2379536.6716818567, 6.311074672987021, 13.401226717823356, 0.400576075407429, 0.0, 0.00012727566263492918, 1.5610783690581562, 0.38559151631836686, 9.078628864896833]
[0.0, 2379536.6716818567, 6.311074672987021, 13.401226717823356, 0.400576075407429, 0.0, 0.00012727566263492918, 1.5610783690581562, 0.38559151631836686, 8.277679691463177]
[0.0, 2379536.6716818567, 6.311074672987021, 13.401226717823356, 0.400576075407429, 0.0, 0.00012727566263492918, 1.5610783690581562, 0.38559151631836686, 8.277679691463177]
[0.0, 2379536.6716818567, 6.311074672987021, 13.401226717823356, 0.400576075407429, 0.0, 0.00012727566263492918, 1.5610783690581562, 0.38559151631836686, 8.277679691463177]
[0.0, 2379536.6716818567, 6.311074672987021, 13.401226717823356, 0.400576075407429, 0.0, 0.00012727566263492918, 1.5610783690581562, 0.38559151631836686, 8.277679691463177]
[0.0, 2379536.6716818567, 6.311074672987021, 13.401226717823356, 0.400576075407429, 0.0, 0.00012727566263492918, 1.5610783690581562, 0.38559151631836686, 8.277679691463177]
[0.0, 2379536.6716818567, 6.311074672987021, 13.401226717823356, 0.400576075407429, 0.0, 0.00012727566263492918, 1.5610783690581562, 0.38559151631836686, 8.277679691463177]
[0.0, 2379536.6716818567, 6.311074672987021, 13.401226717823356, 0.400576075407429, 0.0, 0.00012727566263492918, 1.5610783690581562, 0.38559151631836686, 8.277679691463177]
[0.0, 2379536.6716818567, 6.311074672987021, 13.401226717823356, 0.400576075407429, 0.0, 0.00012727566263492918, 1.5610783690581562, 0.38559151631836686, 8.277679691463177]
[0.0, 2379536.6716818567, 6.311074672987021, 13.401226717823356, 0.400576075407429, 0.0, 0.00012727566263492918, 1.5610783690581562, 0.38559151631836686, 8.277679691463177]
[0.0, 2379536.6716818567, 6.311074672987021, 13.401226717823356, 0.400576075407429, 0.0, 0.00012727566263492918, 1.5610783690581562, 0.38559151631836686, 8.277679691463177]
[0.0, 2379536.6716818567, 6.311074672987021, 13.401226717823356, 0.400576075407429, 0.0, 0.00012727566263492918, 1.5610783690581562, 0.38559151631836686, 8.277679691463177]
[0.0, 2379536.6716818567, 6.311074672987021, 13.401226717823356, 0.400576075407429, 0.0, 0.00012727566263492918, 1.5610783690581562, 0.38559151631836686, 8.277679691463177]
[0.0, 2379536.6716818567, 6.311074672987021, 13.401226717823356, 0.400576075407429, 0.0, 0.00012727566263492918, 1.5610783690581562, 0.38559151631836686, 8.277679691463177]
[0.0, 2379536.6716818567, 6.311074672987021, 13.401226717823356, 0.400576075407429, 0.0, 0.00012727566263492918, 1.5610783690581562, 0.38559151631836686, 8.277679691463177]
[0.0, 2379536.6716818567, 6.311074672987021, 13.401226717823356, 0.400576075407429, 0.0, 0.00012727566263492918, 1.5610783690581562, 0.38559151631836686, 8.277679691463177]
[0.0, 2379536.6716818567, 6.311074672987021, 13.401226717823356, 0.400576075407429, 0.0, 0.00012727566263492918, 1.5610783690581562, 0.38559151631836686, 8.277679691463177]
[0.0, 2379536.6716818567, 6.311074672987021, 13.401226717823356, 0.400576075407429, 0.0, 0.00012727566263492918, 1.5610783690581562, 0.38559151631836686, 8.277679691463177]
[0.0, 2379536.6716818567, 6.311074672987021, 13.401226717823356, 0.400576075407429, 0.0, 0.00012727566263492918, 1.5610783690581562, 0.38559151631836686, 8.277679691463177]
[0.0, 2379536.6716818567, 6.311074672987021, 13.401226717823356, 0.400576075407429, 0.0, 0.00012727566263492918, 1.5610783690581562, 0.38559151631836686, 8.277679691463177]
[0.0, 2379536.6716818567, 6.311074672987021, 13.401226717823356, 0.400576075407429, 0.0, 0.00012727566263492918, 1.5610783690581562, 0.38559151631836686, 8.277679691463177]
[0.0, 2379536.6716818567, 6.311074672987021, 13.401226717823356, 0.400576075407429, 0.0, 0.00012727566263492918, 1.5610783690581562, 0.38559151631836686, 8.277679691463177]
[0.0, 2379536.6716818567, 6.311074672987021, 13.401226717823356, 0.400576075407429, 0.0, 0.00012727566263492918, 1.5610783690581562, 0.38559151631836686, 8.277679691463177]
[0.0, 2379536.6716818567, 6.311074672987021, 13.401226717823356, 0.400576075407429, 0.0, 0.00012727566263492918, 1.5610783690581562, 0.38559151631836686, 8.277679691463177]
[0.0, 2379536.6716818567, 6.311074672987021, 13.401226717823356, 0.400576075407429, 0.0, 0.00012727566263492918, 1.5610783690581562, 0.38559151631836686, 8.277679691463177]
[0.0, 2379536.6716818567, 6.311074672987021, 13.401226717823356, 0.400576075407429, 0.0, 0.00012727566263492918, 1.5610783690581562, 0.38559151631836686, 8.277679691463177]
[0.0, 2379536.6716818567, 6.311074672987021, 13.401226717823356, 0.400576075407429, 0.0, 0.00012727566263492918, 1.5610783690581562, 0.38559151631836686, 8.277679691463177]
[0.0, 2379536.6716818567, 6.311074672987021, 13.401226717823356, 0.400576075407429, 0.0, 0.00012727566263492918, 1.5610783690581562, 0.38559151631836686, 8.277679691463177]
[0.0, 2379536.6716818567, 6.311074672987021, 13.401226717823356, 0.400576075407429, 0.0, 0.00012727566263492918, 1.5610783690581562, 0.38559151631836686, 8.277679691463177]
[0.0, 2379536.6716818567, 6.311074672987021, 13.401226717823356, 0.400576075407429, 0.0, 0.00012727566263492918, 1.5610783690581562, 0.38559151631836686, 8.277679691463177]
[0.0, 2379536.6716818567, 6.311074672987021, 13.401226717823356, 0.400576075407429, 0.0, 0.00012727566263492918, 1.5610783690581562, 0.38559151631836686, 8.277679691463177]
[0.0, 2379536.6716818567, 6.311074672987021, 13.401226717823356, 0.400576075407429, 0.0, 0.00012727566263492918, 1.5610783690581562, 0.38559151631836686, 8.277679691463177]
[0.0, 2379536.6716818567, 6.311074672987021, 13.401226717823356, 0.400576075407429, 0.0, 0.00012727566263492918, 1.5610783690581562, 0.38559151631836686, 7.085429573420974]
[0.0, 2379536.6716818567, 6.311074672987021, 13.401226717823356, 0.400576075407429, 0.0, 0.00012727566263492918, 1.5610783690581562, 0.38559151631836686, 7.085429573420974]
[0.0, 2379536.6716818567, 6.311074672987021, 13.401226717823356, 0.400576075407429, 0.0, 0.00012727566263492918, 1.5610783690581562, 0.38559151631836686, 7.085429573420974]
[0.0, 2379536.6716818567, 6.311074672987021, 13.401226717823356, 0.400576075407429, 0.0, 0.00012727566263492918, 1.5610783690581562, 0.38559151631836686, 7.085429573420974]
[0.0, 2379536.6716818567, 6.311074672987021, 13.401226717823356, 0.400576075407429, 0.0, 0.00012727566263492918, 1.5610783690581562, 0.38559151631836686, 7.085429573420974]
[0.0, 2379536.6716818567, 6.311074672987021, 13.401226717823356, 0.400576075407429, 0.0, 0.00012727566263492918, 1.5610783690581562, 0.38559151631836686, 7.085429573420974]
[0.0, 2379536.6716818567, 6.311074672987021, 13.401226717823356, 0.400576075407429, 0.0, 0.00012727566263492918, 1.5610783690581562, 0.38559151631836686, 7.085429573420974]
[0.0, 2379536.6716818567, 6.311074672987021, 13.401226717823356, 0.400576075407429, 0.0, 0.00012727566263492918, 1.5610783690581562, 0.38559151631836686, 7.085429573420974]
[0.0, 2379536.6716818567, 6.311074672987021, 13.401226717823356, 0.400576075407429, 0.0, 0.00012727566263492918, 1.5610783690581562, 0.37687846862707425, 7.085429573420974]
[0.0, 2379536.6716818567, 6.311074672987021, 13.401226717823356, 0.400576075407429, 0.0, 0.00012727566263492918, 1.5610783690581562, 0.37687846862707425, 7.085429573420974]
[0.0, 2379536.6716818567, 6.311074672987021, 13.401226717823356, 0.400576075407429, 0.0, 0.00012727566263492918, 1.5610783690581562, 0.37687846862707425, 7.085429573420974]
[0.0, 2379536.6716818567, 6.311074672987021, 13.401226717823356, 0.400576075407429, 0.0, 0.00012727566263492918, 1.5610783690581562, 0.37687846862707425, 7.085429573420974]
[0.0, 2379536.6716818567, 6.311074672987021, 13.401226717823356, 0.400576075407429, 0.0, 0.00012727566263492918, 1.5610783690581562, 0.37687846862707425, 7.085429573420974]
[0.0, 2379536.6716818567, 6.311074672987021, 13.401226717823356, 0.400576075407429, 0.0, 0.00012727566263492918, 1.5610783690581562, 0.37687846862707425, 7.085429573420974]
[0.0, 2379536.6716818567, 6.311074672987021, 13.401226717823356, 0.400576075407429, 0.0, 0.00012727566263492918, 1.5610783690581562, 0.37687846862707425, 7.085429573420974]
[0.0, 2379536.6716818567, 6.311074672987021, 13.401226717823356, 0.400576075407429, 0.0, 0.00012727566263492918, 1.5610783690581562, 0.37687846862707425, 7.085429573420974]
[0.0, 2379536.6716818567, 6.311074672987021, 13.401226717823356, 0.400576075407429, 0.0, 0.00012727566263492918, 1.5610783690581562, 0.37687846862707425, 7.085429573420974]
[0.0, 2379536.6716818567, 6.311074672987021, 13.401226717823356, 0.400576075407429, 0.0, 0.00012727566263492918, 1.5610783690581562, 0.37687846862707425, 7.085429573420974]
[0.0, 2379536.6716818567, 6.311074672987021, 13.401226717823356, 0.400576075407429, 0.0, 0.00012727566263492918, 1.5610783690581562, 0.37687846862707425, 7.085429573420974]
[0.0, 2379536.6716818567, 6.311074672987021, 13.401226717823356, 0.400576075407429, 0.0, 0.00012727566263492918, 1.5610783690581562, 0.37687846862707425, 7.085429573420974]
[0.0, 2379536.6716818567, 6.311074672987021, 13.401226717823356, 0.400576075407429, 0.0, 0.00012727566263492918, 1.5610783690581562, 0.37687846862707425, 7.085429573420974]
[0.0, 2379536.6716818567, 6.311074672987021, 13.401226717823356, 0.400576075407429, 0.0, 0.00012727566263492918, 1.5610783690581562, 0.37687846862707425, 7.085429573420974]
[0.0, 2379536.6716818567, 6.311074672987021, 13.401226717823356, 0.400576075407429, 0.0, 0.00012727566263492918, 1.5610783690581562, 0.37687846862707425, 7.085429573420974]
[0.0, 2379536.6716818567, 6.311074672987021, 13.401226717823356, 0.400576075407429, 0.0, 0.00012727566263492918, 1.5610783690581562, 0.37687846862707425, 7.085429573420974]
[0.0, 2379536.6716818567, 6.311074672987021, 13.401226717823356, 0.400576075407429, 0.0, 0.00012727566263492918, 1.5610783690581562, 0.37687846862707425, 7.085429573420974]
[0.0, 2379536.6716818567, 6.311074672987021, 13.401226717823356, 0.400576075407429, 0.0, 0.00012727566263492918, 1.5610783690581562, 0.37687846862707425, 7.085429573420974]
[0.0, 2379536.6716818567, 6.311074672987021, 13.401226717823356, 0.400576075407429, 0.0, 0.00012727566263492918, 1.5610783690581562, 0.37687846862707425, 7.085429573420974]
[0.0, 2379536.6716818567, 6.311074672987021, 13.401226717823356, 0.400576075407429, 0.0, 0.00012727566263492918, 1.5610783690581562, 0.37687846862707425, 7.085429573420974]
[0.0, 2379536.6716818567, 6.311074672987021, 13.401226717823356, 0.400576075407429, 0.0, 0.00012727566263492918, 1.5610783690581562, 0.37687846862707425, 7.085429573420974]
[0.0, 2379536.6716818567, 6.311074672987021, 13.401226717823356, 0.400576075407429, 0.0, 0.00012727566263492918, 1.5610783690581562, 0.37687846862707425, 7.085429573420974]
[0.0, 2379536.6716818567, 6.311074672987021, 13.401226717823356, 0.400576075407429, 0.0, 0.00012727566263492918, 1.5610783690581562, 0.37687846862707425, 7.085429573420974]
[0.0, 2379536.6716818567, 6.311074672987021, 13.401226717823356, 0.400576075407429, 0.0, 0.00012727566263492918, 1.5610783690581562, 0.37687846862707425, 7.085429573420974]
[0.0, 2379536.6716818567, 6.311074672987021, 13.401226717823356, 0.400576075407429, 0.0, 0.00012727566263492918, 1.5610783690581562, 0.37687846862707425, 7.085429573420974]
[0.0, 2379536.6716818567, 6.311074672987021, 13.401226717823356, 0.400576075407429, 0.0, 0.00012727566263492918, 1.5610783690581562, 0.37687846862707425, 7.085429573420974]
[0.0, 2379536.6716818567, 6.311074672987021, 13.401226717823356, 0.400576075407429, 0.0, 0.00012727566263492918, 1.5610783690581562, 0.37687846862707425, 7.085429573420974]
[0.0, 2379536.6716818567, 6.311074672987021, 13.401226717823356, 0.400576075407429, 0.0, 0.00012727566263492918, 1.5610783690581562, 0.37687846862707425, 7.085429573420974]
[0.0, 2379536.6716818567, 6.311074672987021, 13.401226717823356, 0.400576075407429, 0.0, 0.00012727566263492918, 1.5610783690581562, 0.37687846862707425, 7.085429573420974]
[0.0, 2379536.6716818567, 6.311074672987021, 13.401226717823356, 0.400576075407429, 0.0, 0.00012727566263492918, 1.5610783690581562, 0.37687846862707425, 7.085429573420974]
[0.0, 2379536.6716818567, 6.311074672987021, 13.401226717823356, 0.400576075407429, 0.0, 0.00012727566263492918, 1.5610783690581562, 0.37687846862707425, 7.085429573420974]
[0.0, 2379536.6716818567, 6.311074672987021, 13.401226717823356, 0.400576075407429, 0.0, 0.00012727566263492918, 1.5610783690581562, 0.37687846862707425, 7.085429573420974]
[0.0, 2379536.6716818567, 6.311074672987021, 13.401226717823356, 0.400576075407429, 0.0, 0.00012727566263492918, 1.5610783690581562, 0.37687846862707425, 7.085429573420974]
[0.0, 2379536.6716818567, 6.311074672987021, 13.401226717823356, 0.400576075407429, 0.0, 0.00012727566263492918, 1.5610783690581562, 0.37687846862707425, 7.085429573420974]
[0.0, 2379536.6716818567, 6.311074672987021, 13.401226717823356, 0.400576075407429, 0.0, 0.00012727566263492918, 1.5610783690581562, 0.37687846862707425, 7.085429573420974]
[0.0, 2379536.6716818567, 6.311074672987021, 13.401226717823356, 0.400576075407429, 0.0, 0.00012727566263492918, 1.5610783690581562, 0.37687846862707425, 7.085429573420974]
[0.0, 2379536.6716818567, 6.311074672987021, 13.401226717823356, 0.400576075407429, 0.0, 0.00012727566263492918, 1.5610783690581562, 0.37687846862707425, 7.085429573420974]
[0.0, 2379536.6716818567, 6.311074672987021, 13.401226717823356, 0.400576075407429, 0.0, 0.00012727566263492918, 1.5610783690581562, 0.37687846862707425, 7.085429573420974]
[0.0, 2379536.6716818567, 6.311074672987021, 13.401226717823356, 0.400576075407429, 0.0, 0.00012727566263492918, 1.5610783690581562, 0.37687846862707425, 7.032125327472189]
[0.0, 2379536.6716818567, 6.311074672987021, 13.401226717823356, 0.3962931427104761, 0.0, 0.00012727566263492918, 1.5610783690581562, 0.37687846862707425, 7.032125327472189]
[0.0, 2379536.6716818567, 6.311074672987021, 13.401226717823356, 0.3962931427104761, 0.0, 0.00012727566263492918, 1.5610783690581562, 0.37687846862707425, 7.032125327472189]
[0.0, 2379536.6716818567, 6.311074672987021, 13.401226717823356, 0.3962931427104761, 0.0, 0.00012727566263492918, 1.5610783690581562, 0.37687846862707425, 7.032125327472189]
[0.0, 2379536.6716818567, 6.311074672987021, 13.401226717823356, 0.3962931427104761, 0.0, 0.00012727566263492918, 1.5610783690581562, 0.37687846862707425, 7.032125327472189]
[0.0, 2379536.6716818567, 6.311074672987021, 13.401226717823356, 0.3962931427104761, 0.0, 0.00012727566263492918, 1.5610783690581562, 0.37687846862707425, 7.032125327472189]
[0.0, 2379536.6716818567, 6.311074672987021, 13.401226717823356, 0.3962931427104761, 0.0, 0.00012727566263492918, 1.5610783690581562, 0.37687846862707425, 7.032125327472189]
[0.0, 2379536.6716818567, 6.311074672987021, 13.401226717823356, 0.3962931427104761, 0.0, 0.00012727566263492918, 1.5610783690581562, 0.37687846862707425, 7.032125327472189]
[0.0, 2379536.6716818567, 6.311074672987021, 13.401226717823356, 0.3962931427104761, 0.0, 0.00012727566263492918, 1.5610783690581562, 0.37687846862707425, 7.032125327472189]
[0.0, 2379536.6716818567, 6.311074672987021, 13.401226717823356, 0.3962931427104761, 0.0, 0.00012727566263492918, 1.5610783690581562, 0.37687846862707425, 7.032125327472189]
[0.0, 2379536.6716818567, 6.311074672987021, 13.401226717823356, 0.3962931427104761, 0.0, 0.00012727566263492918, 1.5610783690581562, 0.37687846862707425, 7.032125327472189]
[0.0, 2379536.6716818567, 6.311074672987021, 13.401226717823356, 0.3962931427104761, 0.0, 0.00012727566263492918, 1.5610783690581562, 0.37687846862707425, 7.032125327472189]
[0.0, 2379536.6716818567, 6.311074672987021, 13.401226717823356, 0.3962931427104761, 0.0, 0.00012727566263492918, 1.5610783690581562, 0.37687846862707425, 7.032125327472189]
[0.0, 2379536.6716818567, 6.311074672987021, 13.401226717823356, 0.3962931427104761, 0.0, 0.00012727566263492918, 1.5610783690581562, 0.37687846862707425, 7.032125327472189]
[0.0, 2379536.6716818567, 6.311074672987021, 13.401226717823356, 0.3962931427104761, 0.0, 0.00012727566263492918, 1.5610783690581562, 0.37687846862707425, 7.032125327472189]
[0.0, 2379536.6716818567, 6.311074672987021, 13.401226717823356, 0.3962931427104761, 0.0, 0.00012727566263492918, 1.5610783690581562, 0.25110361451245133, 7.032125327472189]
[0.0, 2379536.6716818567, 6.311074672987021, 13.401226717823356, 0.3962931427104761, 0.0, 0.00012727566263492918, 1.5610783690581562, 0.25110361451245133, 7.032125327472189]
[0.0, 2379536.6716818567, 6.311074672987021, 13.401226717823356, 0.3962931427104761, 0.0, 0.00012727566263492918, 1.5610783690581562, 0.25110361451245133, 7.032125327472189]
[0.0, 2379536.6716818567, 6.311074672987021, 13.401226717823356, 0.3962931427104761, 0.0, 0.00012727566263492918, 1.5610783690581562, 0.25110361451245133, 7.032125327472189]
[0.0, 2379536.6716818567, 6.311074672987021, 13.401226717823356, 0.3962931427104761, 0.0, 0.00012727566263492918, 1.5610783690581562, 0.25110361451245133, 6.925768958003076]
[0.0, 2379536.6716818567, 6.311074672987021, 13.401226717823356, 0.3962931427104761, 0.0, 0.00012727566263492918, 1.5610783690581562, 0.25110361451245133, 6.925768958003076]
[0.0, 2379536.6716818567, 6.311074672987021, 13.401226717823356, 0.3962931427104761, 0.0, 0.00012727566263492918, 1.5610783690581562, 0.25110361451245133, 6.732925176457336]
[0.0, 2379536.6716818567, 6.311074672987021, 13.401226717823356, 0.3962931427104761, 0.0, 0.00012727566263492918, 1.5610783690581562, 0.25110361451245133, 6.732925176457336]
[0.0, 2379536.6716818567, 6.311074672987021, 13.401226717823356, 0.3962931427104761, 0.0, 0.00012727566263492918, 1.5610783690581562, 0.25110361451245133, 6.732925176457336]
[0.0, 2379536.6716818567, 6.311074672987021, 13.401226717823356, 0.3962931427104761, 0.0, 0.00012727566263492918, 1.5610783690581562, 0.25110361451245133, 6.732925176457336]
[0.0, 2379536.6716818567, 6.311074672987021, 13.401226717823356, 0.3962931427104761, 0.0, 0.00012727566263492918, 1.5610783690581562, 0.25110361451245133, 6.732925176457336]
[0.0, 2379536.6716818567, 6.311074672987021, 13.401226717823356, 0.3962931427104761, 0.0, 0.00012727566263492918, 1.5610783690581562, 0.25110361451245133, 6.3817547235449155]
[0.0, 2379536.6716818567, 6.311074672987021, 13.401226717823356, 0.3962931427104761, 0.0, 0.00012727566263492918, 1.5610783690581562, 0.25110361451245133, 6.3817547235449155]
[0.0, 2379536.6716818567, 6.311074672987021, 13.401226717823356, 0.3962931427104761, 0.0, 0.00012727566263492918, 1.5610783690581562, 0.25110361451245133, 6.3817547235449155]
[0.0, 2379536.6716818567, 6.311074672987021, 13.401226717823356, 0.3962931427104761, 0.0, 0.00012727566263492918, 1.5610783690581562, 0.25110361451245133, 6.3817547235449155]
[0.0, 2379536.6716818567, 6.311074672987021, 13.401226717823356, 0.3962931427104761, 0.0, 0.00012727566263492918, 1.5610783690581562, 0.25110361451245133, 6.3817547235449155]
[0.0, 2379536.6716818567, 6.311074672987021, 13.401226717823356, 0.3962931427104761, 0.0, 0.00012727566263492918, 1.5610783690581562, 0.25110361451245133, 6.3817547235449155]
[0.0, 2379536.6716818567, 6.311074672987021, 13.401226717823356, 0.3962931427104761, 0.0, 0.00012727566263492918, 1.5610783690581562, 0.25110361451245133, 6.3817547235449155]
[0.0, 2379536.6716818567, 6.311074672987021, 13.401226717823356, 0.3962931427104761, 0.0, 0.00012727566263492918, 1.5610783690581562, 0.25110361451245133, 6.3817547235449155]
[0.0, 2379536.6716818567, 6.311074672987021, 13.401226717823356, 0.3962931427104761, 0.0, 0.00012727566263492918, 1.5610783690581562, 0.25110361451245133, 6.3817547235449155]
[0.0, 2379536.6716818567, 6.311074672987021, 13.401226717823356, 0.3962931427104761, 0.0, 0.00012727566263492918, 1.5610783690581562, 0.25110361451245133, 6.3817547235449155]
[0.0, 2379536.6716818567, 6.311074672987021, 13.401226717823356, 0.3962931427104761, 0.0, 0.00012727566263492918, 1.5610783690581562, 0.25110361451245133, 6.3817547235449155]
[0.0, 2379536.6716818567, 6.311074672987021, 13.401226717823356, 0.3962931427104761, 0.0, 0.00012727566263492918, 1.5610783690581562, 0.25110361451245133, 6.3817547235449155]
[0.0, 2379536.6716818567, 6.311074672987021, 13.401226717823356, 0.3962931427104761, 0.0, 0.00012727566263492918, 1.5610783690581562, 0.25110361451245133, 6.3817547235449155]
[0.0, 2379536.6716818567, 6.311074672987021, 13.401226717823356, 0.3962931427104761, 0.0, 0.00012727566263492918, 1.5610783690581562, 0.25110361451245133, 5.742123965249185]
[0.0, 2379536.6716818567, 6.311074672987021, 13.401226717823356, 0.3962931427104761, 0.0, 0.00012727566263492918, 1.5610783690581562, 0.25110361451245133, 5.742123965249185]
[0.0, 2379536.6716818567, 6.311074672987021, 13.401226717823356, 0.3962931427104761, 0.0, 0.00012727566263492918, 1.5610783690581562, 0.25110361451245133, 5.742123965249185]
[0.0, 2379536.6716818567, 6.311074672987021, 13.401226717823356, 0.3962931427104761, 0.0, 0.00012727566263492918, 1.5610783690581562, 0.25110361451245133, 5.742123965249185]
[0.0, 2379536.6716818567, 6.311074672987021, 13.401226717823356, 0.3962931427104761, 0.0, 0.00012727566263492918, 1.5610783690581562, 0.25110361451245133, 5.742123965249185]
[0.0, 2379536.6716818567, 6.311074672987021, 13.401226717823356, 0.3962931427104761, 0.0, 0.00012727566263492918, 1.5610783690581562, 0.25110361451245133, 5.742123965249185]
[0.0, 2379536.6716818567, 6.311074672987021, 13.401226717823356, 0.3962931427104761, 0.0, 0.00012727566263492918, 1.5610783690581562, 0.25110361451245133, 5.742123965249185]
[0.0, 2379536.6716818567, 6.311074672987021, 13.401226717823356, 0.3962931427104761, 0.0, 0.00012727566263492918, 1.5610783690581562, 0.25110361451245133, 5.742123965249185]
[0.0, 2379536.6716818567, 6.311074672987021, 13.401226717823356, 0.3962931427104761, 0.0, 0.00012727566263492918, 1.5610783690581562, 0.25110361451245133, 5.087823937882195]
[0.0, 2379536.6716818567, 6.311074672987021, 13.401226717823356, 0.3962931427104761, 0.0, 0.00012727566263492918, 1.5610783690581562, 0.25110361451245133, 5.087823937882195]
[0.0, 2379536.6716818567, 6.311074672987021, 13.401226717823356, 0.3962931427104761, 0.0, 0.00012727566263492918, 1.5610783690581562, 0.25110361451245133, 5.087823937882195]
[0.0, 2379536.6716818567, 6.311074672987021, 13.401226717823356, 0.3962931427104761, 0.0, 0.00012727566263492918, 1.5610783690581562, 0.25110361451245133, 5.087823937882195]
[0.0, 2379536.6716818567, 6.311074672987021, 13.401226717823356, 0.3962931427104761, 0.0, 0.00012727566263492918, 1.5610783690581562, 0.25110361451245133, 5.087823937882195]
[0.0, 2379536.6716818567, 6.311074672987021, 13.401226717823356, 0.3962931427104761, 0.0, 0.00012727566263492918, 1.5610783690581562, 0.25110361451245133, 5.087823937882195]
[0.0, 2379536.6716818567, 6.311074672987021, 13.401226717823356, 0.3962931427104761, 0.0, 0.00012727566263492918, 1.5610783690581562, 0.25110361451245133, 5.087823937882195]
[0.0, 2379536.6716818567, 6.311074672987021, 13.401226717823356, 0.3962931427104761, 0.0, 0.00012727566263492918, 1.5610783690581562, 0.25110361451245133, 5.087823937882195]
[0.0, 2379536.6716818567, 6.311074672987021, 13.401226717823356, 0.3962931427104761, 0.0, 0.00012727566263492918, 1.5610783690581562, 0.25110361451245133, 5.087823937882195]
[0.0, 2379536.6716818567, 6.311074672987021, 13.401226717823356, 0.3962931427104761, 0.0, 0.00012727566263492918, 1.5610783690581562, 0.25110361451245133, 5.087823937882195]
[0.0, 2379536.6716818567, 6.311074672987021, 13.401226717823356, 0.3962931427104761, 0.0, 0.00012727566263492918, 1.5610783690581562, 0.25110361451245133, 5.087823937882195]
[0.0, 2379536.6716818567, 6.311074672987021, 13.401226717823356, 0.3962931427104761, 0.0, 0.00012727566263492918, 1.5610783690581562, 0.25110361451245133, 5.087823937882195]
[0.0, 2379536.6716818567, 6.311074672987021, 13.401226717823356, 0.3962931427104761, 0.0, 0.00012727566263492918, 1.5610783690581562, 0.25110361451245133, 5.087823937882195]
[0.0, 2379536.6716818567, 6.311074672987021, 13.401226717823356, 0.3962931427104761, 0.0, 0.00012727566263492918, 1.5610783690581562, 0.25110361451245133, 5.087823937882195]
[0.0, 2379536.6716818567, 6.311074672987021, 13.401226717823356, 0.3962931427104761, 0.0, 0.00012727566263492918, 1.5610783690581562, 0.25110361451245133, 5.087823937882195]
[0.0, 2379536.6716818567, 6.311074672987021, 13.401226717823356, 0.3962931427104761, 0.0, 0.00012727566263492918, 1.5610783690581562, 0.25110361451245133, 5.087823937882195]
[0.0, 2379536.6716818567, 6.311074672987021, 13.401226717823356, 0.3962931427104761, 0.0, 0.00012727566263492918, 1.5610783690581562, 0.25110361451245133, 5.087823937882195]
[0.0, 2379536.6716818567, 6.311074672987021, 13.401226717823356, 0.3962931427104761, 0.0, 0.00012727566263492918, 1.5610783690581562, 0.25110361451245133, 5.087823937882195]
[0.0, 2379536.6716818567, 6.311074672987021, 13.401226717823356, 0.3962931427104761, 0.0, 0.00012727566263492918, 1.5610783690581562, 0.25110361451245133, 5.087823937882195]
[0.0, 2379536.6716818567, 6.311074672987021, 13.401226717823356, 0.3962931427104761, 0.0, 0.00012727566263492918, 1.5610783690581562, 0.25110361451245133, 5.087823937882195]
[0.0, 2379536.6716818567, 6.311074672987021, 13.401226717823356, 0.3962931427104761, 0.0, 0.00012727566263492918, 1.5610783690581562, 0.25110361451245133, 5.087823937882195]
[0.0, 2379536.6716818567, 6.311074672987021, 13.401226717823356, 0.3962931427104761, 0.0, 0.00012727566263492918, 1.5610783690581562, 0.25110361451245133, 5.087823937882195]
[0.0, 2379536.6716818567, 6.311074672987021, 13.401226717823356, 0.3962931427104761, 0.0, 0.00012727566263492918, 1.5610783690581562, 0.25110361451245133, 5.087823937882195]
[0.0, 2379536.6716818567, 6.311074672987021, 13.401226717823356, 0.3962931427104761, 0.0, 0.00012727566263492918, 1.5610783690581562, 0.25110361451245133, 5.087823937882195]
[0.0, 2379536.6716818567, 6.311074672987021, 13.401226717823356, 0.3962931427104761, 0.0, 0.00012727566263492918, 1.5610783690581562, 0.25110361451245133, 5.087823937882195]
[0.0, 2379536.6716818567, 6.311074672987021, 13.401226717823356, 0.3962931427104761, 0.0, 0.00012727566263492918, 1.5610783690581562, 0.25110361451245133, 5.087823937882195]
[0.0, 2379536.6716818567, 6.311074672987021, 13.401226717823356, 0.3962931427104761, 0.0, 0.00012727566263492918, 1.5610783690581562, 0.25110361451245133, 5.087823937882195]
[0.0, 2379536.6716818567, 6.311074672987021, 13.401226717823356, 0.3962931427104761, 0.0, 0.00012727566263492918, 1.5610783690581562, 0.25110361451245133, 5.087823937882195]
[0.0, 2379536.6716818567, 6.311074672987021, 13.401226717823356, 0.3962931427104761, 0.0, 0.00012727566263492918, 1.5610783690581562, 0.25110361451245133, 5.087823937882195]
[0.0, 2379536.6716818567, 6.311074672987021, 13.401226717823356, 0.3962931427104761, 0.0, 0.00012727566263492918, 1.5610783690581562, 0.25110361451245133, 4.987464430713704]
[0.0, 2379536.6716818567, 6.311074672987021, 13.401226717823356, 0.3962931427104761, 0.0, 0.00012727566263492918, 1.5610783690581562, 0.25110361451245133, 4.666661768404847]
[0.0, 2379536.6716818567, 6.311074672987021, 13.401226717823356, 0.3962931427104761, 0.0, 0.00012727566263492918, 1.5610783690581562, 0.25110361451245133, 4.271123892046781]
[0.0, 2379536.6716818567, 6.311074672987021, 13.401226717823356, 0.3962931427104761, 0.0, 0.00012727566263492918, 1.5610783690581562, 0.25110361451245133, 4.271123892046781]
[0.0, 2379536.6716818567, 6.311074672987021, 13.401226717823356, 0.3962931427104761, 0.0, 0.00012727566263492918, 1.5610783690581562, 0.25110361451245133, 4.271123892046781]
[0.0, 2379536.6716818567, 6.311074672987021, 13.401226717823356, 0.3962931427104761, 0.0, 0.00012727566263492918, 1.5610783690581562, 0.25110361451245133, 4.271123892046781]
[0.0, 2379536.6716818567, 6.311074672987021, 13.401226717823356, 0.3962931427104761, 0.0, 0.00012727566263492918, 1.5610783690581562, 0.25110361451245133, 4.271123892046781]
[0.0, 2379536.6716818567, 6.311074672987021, 13.401226717823356, 0.3962931427104761, 0.0, 0.00012727566263492918, 1.5610783690581562, 0.25110361451245133, 4.271123892046781]
[0.0, 2379536.6716818567, 6.311074672987021, 13.401226717823356, 0.3962931427104761, 0.0, 0.00012727566263492918, 1.5610783690581562, 0.25110361451245133, 4.271123892046781]
[0.0, 2379536.6716818567, 6.311074672987021, 13.401226717823356, 0.3962931427104761, 0.0, 0.00012727566263492918, 1.5610783690581562, 0.25110361451245133, 4.271123892046781]
[0.0, 2379536.6716818567, 6.311074672987021, 13.401226717823356, 0.3962931427104761, 0.0, 0.00012727566263492918, 1.5610783690581562, 0.25110361451245133, 4.271123892046781]
[0.0, 2379536.6716818567, 6.311074672987021, 13.401226717823356, 0.3962931427104761, 0.0, 0.00012727566263492918, 1.5610783690581562, 0.25110361451245133, 4.271123892046781]
[0.0, 2379536.6716818567, 6.311074672987021, 13.401226717823356, 0.3962931427104761, 0.0, 0.00012727566263492918, 1.5610783690581562, 0.25110361451245133, 4.271123892046781]
[0.0, 2379536.6716818567, 6.311074672987021, 13.401226717823356, 0.3962931427104761, 0.0, 0.00012727566263492918, 1.5610783690581562, 0.25110361451245133, 4.271123892046781]
[0.0, 2379536.6716818567, 6.311074672987021, 13.401226717823356, 0.3962931427104761, 0.0, 0.00012727566263492918, 1.5610783690581562, 0.25110361451245133, 4.271123892046781]
[0.0, 2379536.6716818567, 6.311074672987021, 13.401226717823356, 0.3962931427104761, 0.0, 0.00012727566263492918, 1.5610783690581562, 0.25110361451245133, 4.271123892046781]
[0.0, 2379536.6716818567, 6.311074672987021, 13.401226717823356, 0.3861034959427021, 0.0, 0.00012727566263492918, 1.5610783690581562, 0.25110361451245133, 4.271123892046781]
[0.0, 2379536.6716818567, 6.311074672987021, 13.401226717823356, 0.3861034959427021, 0.0, 0.00012727566263492918, 1.5610783690581562, 0.25110361451245133, 4.271123892046781]
[0.0, 2379536.6716818567, 6.311074672987021, 13.401226717823356, 0.3861034959427021, 0.0, 0.00012727566263492918, 1.5610783690581562, 0.25110361451245133, 4.271123892046781]
[0.0, 2379536.6716818567, 6.311074672987021, 13.401226717823356, 0.3861034959427021, 0.0, 0.00012727566263492918, 1.5610783690581562, 0.25110361451245133, 4.271123892046781]
[0.0, 2379536.6716818567, 6.311074672987021, 13.401226717823356, 0.3861034959427021, 0.0, 0.00012727566263492918, 1.5610783690581562, 0.25110361451245133, 4.271123892046781]
[0.0, 2379536.6716818567, 6.311074672987021, 13.401226717823356, 0.3861034959427021, 0.0, 0.00012727566263492918, 1.5610783690581562, 0.25110361451245133, 4.271123892046781]
[0.0, 2379536.6716818567, 6.311074672987021, 13.401226717823356, 0.3861034959427021, 0.0, 0.00012727566263492918, 1.5610783690581562, 0.25110361451245133, 4.271123892046781]
[0.0, 2379536.6716818567, 6.311074672987021, 13.401226717823356, 0.3861034959427021, 0.0, 0.00012727566263492918, 1.5610783690581562, 0.25110361451245133, 4.271123892046781]
[0.0, 2379536.6716818567, 6.311074672987021, 13.401226717823356, 0.3861034959427021, 0.0, 0.00012727566263492918, 1.5610783690581562, 0.25110361451245133, 4.271123892046781]
[0.0, 2379536.6716818567, 6.311074672987021, 13.401226717823356, 0.3861034959427021, 0.0, 0.00012727566263492918, 1.5610783690581562, 0.25110361451245133, 4.271123892046781]
[0.0, 2379536.6716818567, 6.311074672987021, 13.401226717823356, 0.3861034959427021, 0.0, 0.00012727566263492918, 1.5610783690581562, 0.25110361451245133, 4.271123892046781]
[0.0, 2379536.6716818567, 6.311074672987021, 13.401226717823356, 0.3861034959427021, 0.0, 0.00012727566263492918, 1.5610783690581562, 0.25110361451245133, 4.271123892046781]
[0.0, 2379536.6716818567, 6.311074672987021, 13.401226717823356, 0.3861034959427021, 0.0, 0.00012727566263492918, 1.5610783690581562, 0.25110361451245133, 4.271123892046781]
[0.0, 2379536.6716818567, 6.311074672987021, 13.401226717823356, 0.3861034959427021, 0.0, 0.00012727566263492918, 1.5610783690581562, 0.25110361451245133, 4.271123892046781]
[0.0, 2379536.6716818567, 6.311074672987021, 13.401226717823356, 0.3861034959427021, 0.0, 0.00012727566263492918, 1.5610783690581562, 0.25110361451245133, 4.271123892046781]
[0.0, 2379536.6716818567, 6.311074672987021, 13.401226717823356, 0.3861034959427021, 0.0, 0.00012727566263492918, 1.5610783690581562, 0.25110361451245133, 4.271123892046781]
[0.0, 2379536.6716818567, 6.311074672987021, 13.401226717823356, 0.3861034959427021, 0.0, 0.00012727566263492918, 1.5610783690581562, 0.25110361451245133, 4.271123892046781]
[0.0, 2379536.6716818567, 6.311074672987021, 13.401226717823356, 0.3861034959427021, 0.0, 0.00012727566263492918, 1.5610783690581562, 0.25110361451245133, 4.271123892046781]
[0.0, 2379536.6716818567, 6.311074672987021, 13.401226717823356, 0.3861034959427021, 0.0, 0.00012727566263492918, 1.5610783690581562, 0.25110361451245133, 4.271123892046781]
[0.0, 2379536.6716818567, 6.311074672987021, 13.401226717823356, 0.3861034959427021, 0.0, 0.00012727566263492918, 1.5610783690581562, 0.25110361451245133, 4.271123892046781]
[0.0, 2379536.6716818567, 6.311074672987021, 13.401226717823356, 0.3861034959427021, 0.0, 0.00012727566263492918, 1.5610783690581562, 0.25110361451245133, 4.271123892046781]
[0.0, 2379536.6716818567, 6.311074672987021, 13.401226717823356, 0.3861034959427021, 0.0, 0.00012727566263492918, 1.5610783690581562, 0.25110361451245133, 4.271123892046781]
[0.0, 2379536.6716818567, 6.311074672987021, 13.401226717823356, 0.3861034959427021, 0.0, 0.00012727566263492918, 1.5610783690581562, 0.25110361451245133, 4.271123892046781]
[0.0, 2379536.6716818567, 6.311074672987021, 13.401226717823356, 0.3861034959427021, 0.0, 0.00012727566263492918, 1.5610783690581562, 0.25110361451245133, 4.189035212012957]
[0.0, 2379536.6716818567, 6.311074672987021, 13.401226717823356, 0.3861034959427021, 0.0, 0.00012727566263492918, 1.5610783690581562, 0.25110361451245133, 4.189035212012957]
[0.0, 2379536.6716818567, 6.311074672987021, 13.401226717823356, 0.3861034959427021, 0.0, 0.00012727566263492918, 1.5610783690581562, 0.25110361451245133, 4.189035212012957]
[0.0, 2379536.6716818567, 6.311074672987021, 13.401226717823356, 0.3861034959427021, 0.0, 0.00012727566263492918, 1.5610783690581562, 0.25110361451245133, 4.189035212012957]
[0.0, 2379536.6716818567, 6.311074672987021, 13.401226717823356, 0.3861034959427021, 0.0, 0.00012727566263492918, 1.5610783690581562, 0.25110361451245133, 4.189035212012957]
[0.0, 2379536.6716818567, 6.311074672987021, 13.401226717823356, 0.3861034959427021, 0.0, 0.00012727566263492918, 1.5610783690581562, 0.25110361451245133, 4.189035212012957]
[0.0, 2379536.6716818567, 6.311074672987021, 13.401226717823356, 0.3861034959427021, 0.0, 0.00012727566263492918, 1.5610783690581562, 0.25110361451245133, 4.189035212012957]
[0.0, 2379536.6716818567, 6.311074672987021, 13.401226717823356, 0.3861034959427021, 0.0, 0.00012727566263492918, 1.5610783690581562, 0.25110361451245133, 4.189035212012957]
[0.0, 2379536.6716818567, 6.311074672987021, 13.401226717823356, 0.3861034959427021, 0.0, 0.00012727566263492918, 1.5610783690581562, 0.25110361451245133, 4.189035212012957]
[0.0, 2379536.6716818567, 6.311074672987021, 13.401226717823356, 0.3861034959427021, 0.0, 0.00012727566263492918, 1.5610783690581562, 0.25110361451245133, 4.189035212012957]
[0.0, 2379536.6716818567, 6.311074672987021, 13.401226717823356, 0.3861034959427021, 0.0, 0.00012727566263492918, 1.5610783690581562, 0.25110361451245133, 4.189035212012957]
[0.0, 2379536.6716818567, 6.311074672987021, 13.401226717823356, 0.3861034959427021, 0.0, 0.00012727566263492918, 1.5610783690581562, 0.25110361451245133, 4.189035212012957]
[0.0, 2020336.3452358209, 6.311074672987021, 13.401226717823356, 0.3861034959427021, 0.0, 0.00012727566263492918, 1.5610783690581562, 0.25110361451245133, 4.189035212012957]
[0.0, 2020336.3452358209, 6.311074672987021, 13.401226717823356, 0.3861034959427021, 0.0, 0.00012727566263492918, 1.488993500218005, 0.25110361451245133, 4.189035212012957]
[0.0, 2020336.3452358209, 6.311074672987021, 13.401226717823356, 0.3861034959427021, 0.0, 0.00012727566263492918, 1.488993500218005, 0.25110361451245133, 4.189035212012957]
[0.0, 2020336.3452358209, 6.311074672987021, 13.401226717823356, 0.3861034959427021, 0.0, 0.00012727566263492918, 1.488993500218005, 0.25110361451245133, 4.17417545123832]
[0.0, 2020336.3452358209, 6.311074672987021, 13.401226717823356, 0.3861034959427021, 0.0, 0.00012727566263492918, 1.488993500218005, 0.25110361451245133, 4.17417545123832]
[0.0, 2020336.3452358209, 6.311074672987021, 13.401226717823356, 0.3861034959427021, 0.0, 0.00012727566263492918, 1.488993500218005, 0.25110361451245133, 3.958542646200613]
[0.0, 2020336.3452358209, 6.311074672987021, 13.401226717823356, 0.3861034959427021, 0.0, 0.00012727566263492918, 1.488993500218005, 0.25110361451245133, 3.958542646200613]
[0.0, 2020336.3452358209, 6.311074672987021, 13.401226717823356, 0.3861034959427021, 0.0, 0.00012727566263492918, 1.488993500218005, 0.25110361451245133, 3.958542646200613]
[0.0, 2020336.3452358209, 6.311074672987021, 13.401226717823356, 0.3861034959427021, 0.0, 0.00012727566263492918, 1.488993500218005, 0.25110361451245133, 3.958542646200613]
[0.0, 2020336.3452358209, 6.311074672987021, 13.401226717823356, 0.3861034959427021, 0.0, 0.00012727566263492918, 1.488993500218005, 0.25110361451245133, 3.958542646200613]
[0.0, 2020336.3452358209, 6.311074672987021, 13.401226717823356, 0.3861034959427021, 0.0, 0.00012727566263492918, 1.488993500218005, 0.25110361451245133, 3.958542646200613]
[0.0, 2020336.3452358209, 6.311074672987021, 13.401226717823356, 0.3861034959427021, 0.0, 0.00012727566263492918, 1.488993500218005, 0.25110361451245133, 3.9309753319306258]
[0.0, 2020336.3452358209, 6.311074672987021, 13.401226717823356, 0.3861034959427021, 0.0, 0.00012727566263492918, 1.488993500218005, 0.25110361451245133, 3.791944472498504]
[0.0, 2020336.3452358209, 6.311074672987021, 13.401226717823356, 0.3861034959427021, 0.0, 0.00012727566263492918, 1.488993500218005, 0.25110361451245133, 3.791944472498504]
[0.0, 2020336.3452358209, 6.311074672987021, 13.401226717823356, 0.3861034959427021, 0.0, 0.00012727566263492918, 1.488993500218005, 0.25110361451245133, 3.791944472498504]
[0.0, 2020336.3452358209, 6.311074672987021, 13.401226717823356, 0.3861034959427021, 0.0, 0.00012727566263492918, 1.488993500218005, 0.25110361451245133, 3.791944472498504]
[0.0, 2020336.3452358209, 6.311074672987021, 13.401226717823356, 0.3861034959427021, 0.0, 0.00012727566263492918, 1.488993500218005, 0.25110361451245133, 3.5943321127858607]
[0.0, 2020336.3452358209, 6.311074672987021, 13.401226717823356, 0.3861034959427021, 0.0, 0.00012727566263492918, 1.488993500218005, 0.25110361451245133, 3.5943321127858607]
[0.0, 2020336.3452358209, 6.311074672987021, 13.401226717823356, 0.3861034959427021, 0.0, 0.00012727566263492918, 1.488993500218005, 0.25110361451245133, 3.5943321127858607]
[0.0, 2020336.3452358209, 6.311074672987021, 13.401226717823356, 0.3861034959427021, 0.0, 0.00012727566263492918, 1.488993500218005, 0.25110361451245133, 3.5943321127858607]
[0.0, 2020336.3452358209, 6.311074672987021, 13.401226717823356, 0.3861034959427021, 0.0, 0.00012727566263492918, 1.488993500218005, 0.25110361451245133, 3.5943321127858607]
[0.0, 2020336.3452358209, 6.311074672987021, 13.401226717823356, 0.3861034959427021, 0.0, 0.00012727566263492918, 1.488993500218005, 0.25110361451245133, 3.5943321127858607]
[0.0, 2020336.3452358209, 6.311074672987021, 13.401226717823356, 0.3861034959427021, 0.0, 0.00012727566263492918, 1.488993500218005, 0.25110361451245133, 3.5943321127858607]
[0.0, 2020336.3452358209, 6.311074672987021, 13.401226717823356, 0.3861034959427021, 0.0, 0.00012727566263492918, 1.488993500218005, 0.25110361451245133, 3.5943321127858607]
[0.0, 2020336.3452358209, 6.311074672987021, 13.401226717823356, 0.3861034959427021, 0.0, 0.00012727566263492918, 1.488993500218005, 0.25110361451245133, 3.5943321127858607]
[0.0, 2020336.3452358209, 6.311074672987021, 13.401226717823356, 0.3861034959427021, 0.0, 0.00012727566263492918, 1.488993500218005, 0.25110361451245133, 3.5943321127858607]
[0.0, 2020336.3452358209, 6.311074672987021, 13.401226717823356, 0.3861034959427021, 0.0, 0.00012727566263492918, 1.488993500218005, 0.25110361451245133, 3.5943321127858607]
[0.0, 2020336.3452358209, 6.311074672987021, 13.401226717823356, 0.3861034959427021, 0.0, 0.00012727566263492918, 1.488993500218005, 0.25110361451245133, 3.5943321127858607]
[0.0, 2020336.3452358209, 6.311074672987021, 13.401226717823356, 0.3861034959427021, 0.0, 0.00012727566263492918, 1.488993500218005, 0.25110361451245133, 3.5943321127858607]
[0.0, 2020336.3452358209, 6.311074672987021, 13.401226717823356, 0.3861034959427021, 0.0, 0.00012727566263492918, 1.488993500218005, 0.25110361451245133, 3.5943321127858607]
[0.0, 2020336.3452358209, 6.311074672987021, 13.401226717823356, 0.3861034959427021, 0.0, 0.00012727566263492918, 1.488993500218005, 0.25110361451245133, 3.5943321127858607]
[0.0, 2020336.3452358209, 6.311074672987021, 13.401226717823356, 0.3861034959427021, 0.0, 0.00012727566263492918, 1.488993500218005, 0.25110361451245133, 3.5943321127858607]
[0.0, 2020336.3452358209, 6.311074672987021, 13.401226717823356, 0.3861034959427021, 0.0, 0.00012727566263492918, 1.488993500218005, 0.25110361451245133, 3.5943321127858607]
[0.0, 2020336.3452358209, 6.311074672987021, 13.401226717823356, 0.3861034959427021, 0.0, 0.00012727566263492918, 1.488993500218005, 0.25110361451245133, 3.5943321127858607]
[0.0, 2020336.3452358209, 6.311074672987021, 13.401226717823356, 0.3861034959427021, 0.0, 0.00012727566263492918, 1.488993500218005, 0.25110361451245133, 3.5943321127858607]
[0.0, 2020336.3452358209, 6.311074672987021, 13.401226717823356, 0.3861034959427021, 0.0, 0.00012727566263492918, 1.488993500218005, 0.25110361451245133, 3.5943321127858607]
[0.0, 2020336.3452358209, 6.311074672987021, 13.401226717823356, 0.3861034959427021, 0.0, 0.00012727566263492918, 1.488993500218005, 0.25110361451245133, 3.5943321127858607]
[0.0, 2020336.3452358209, 6.311074672987021, 13.401226717823356, 0.3861034959427021, 0.0, 0.00012727566263492918, 1.488993500218005, 0.25110361451245133, 3.5943321127858607]
[0.0, 2020336.3452358209, 6.311074672987021, 13.401226717823356, 0.3861034959427021, 0.0, 0.00012727566263492918, 1.488993500218005, 0.25110361451245133, 3.5943321127858607]
[0.0, 2020336.3452358209, 6.311074672987021, 13.401226717823356, 0.3861034959427021, 0.0, 0.00012727566263492918, 1.488993500218005, 0.25110361451245133, 3.5943321127858607]
[0.0, 2020336.3452358209, 6.311074672987021, 13.401226717823356, 0.3861034959427021, 0.0, 0.00012727566263492918, 1.488993500218005, 0.25110361451245133, 3.5943321127858607]
[0.0, 2020336.3452358209, 6.311074672987021, 13.401226717823356, 0.3861034959427021, 0.0, 0.00012727566263492918, 1.488993500218005, 0.25110361451245133, 3.5943321127858607]
[0.0, 2020336.3452358209, 6.311074672987021, 13.401226717823356, 0.3861034959427021, 0.0, 0.00012727566263492918, 1.488993500218005, 0.25110361451245133, 3.5943321127858607]
[0.0, 2020336.3452358209, 6.311074672987021, 13.401226717823356, 0.3861034959427021, 0.0, 0.00012727566263492918, 1.488993500218005, 0.25110361451245133, 3.5943321127858607]
[0.0, 2020336.3452358209, 6.311074672987021, 13.401226717823356, 0.3861034959427021, 0.0, 0.00012727566263492918, 1.488993500218005, 0.25110361451245133, 3.5943321127858607]
[0.0, 2020336.3452358209, 6.311074672987021, 13.401226717823356, 0.3861034959427021, 0.0, 0.00012727566263492918, 1.488993500218005, 0.25110361451245133, 3.5943321127858607]
[0.0, 2020336.3452358209, 6.311074672987021, 13.401226717823356, 0.3861034959427021, 0.0, 0.00012727566263492918, 1.488993500218005, 0.25110361451245133, 3.5943321127858607]
[0.0, 2020336.3452358209, 6.311074672987021, 13.401226717823356, 0.3861034959427021, 0.0, 0.00012727566263492918, 1.488993500218005, 0.25110361451245133, 3.1775838630583277]
[0.0, 2020336.3452358209, 6.311074672987021, 13.401226717823356, 0.3861034959427021, 0.0, 0.00012727566263492918, 1.488993500218005, 0.25110361451245133, 3.1775838630583277]
[0.0, 2020336.3452358209, 6.311074672987021, 13.401226717823356, 0.3861034959427021, 0.0, 0.00012727566263492918, 1.488993500218005, 0.25110361451245133, 3.142175142914088]
[0.0, 2020336.3452358209, 6.311074672987021, 13.401226717823356, 0.3861034959427021, 0.0, 0.00012727566263492918, 1.488993500218005, 0.25110361451245133, 3.142175142914088]
[0.0, 2020336.3452358209, 6.311074672987021, 13.401226717823356, 0.3861034959427021, 0.0, 0.00012727566263492918, 1.488993500218005, 0.25110361451245133, 3.142175142914088]
[0.0, 2020336.3452358209, 6.311074672987021, 13.401226717823356, 0.3861034959427021, 0.0, 0.00012727566263492918, 1.488993500218005, 0.25110361451245133, 3.142175142914088]
[0.0, 2020336.3452358209, 6.311074672987021, 13.401226717823356, 0.3861034959427021, 0.0, 0.00012727566263492918, 1.488993500218005, 0.25110361451245133, 3.142175142914088]
[0.0, 2020336.3452358209, 6.311074672987021, 13.401226717823356, 0.3861034959427021, 0.0, 0.00012727566263492918, 1.488993500218005, 0.25110361451245133, 3.142175142914088]
[0.0, 2020336.3452358209, 6.311074672987021, 13.401226717823356, 0.3861034959427021, 0.0, 0.00012727566263492918, 1.488993500218005, 0.25110361451245133, 3.142175142914088]
[0.0, 2020336.3452358209, 6.311074672987021, 13.401226717823356, 0.3861034959427021, 0.0, 0.00012727566263492918, 1.488993500218005, 0.25110361451245133, 3.142175142914088]
[0.0, 2020336.3452358209, 6.311074672987021, 13.401226717823356, 0.3861034959427021, 0.0, 0.00012727566263492918, 1.488993500218005, 0.25110361451245133, 3.142175142914088]
[0.0, 2020336.3452358209, 6.311074672987021, 13.401226717823356, 0.3861034959427021, 0.0, 0.00012727566263492918, 1.488993500218005, 0.25110361451245133, 3.142175142914088]
[0.0, 2020336.3452358209, 6.311074672987021, 13.401226717823356, 0.3861034959427021, 0.0, 0.00012727566263492918, 1.488993500218005, 0.25110361451245133, 2.8779195752589755]
[0.0, 2020336.3452358209, 6.311074672987021, 13.401226717823356, 0.3861034959427021, 0.0, 0.00012727566263492918, 1.488993500218005, 0.25110361451245133, 2.8779195752589755]
[0.0, 2020336.3452358209, 6.311074672987021, 13.401226717823356, 0.3861034959427021, 0.0, 0.00012727566263492918, 1.488993500218005, 0.25110361451245133, 2.8779195752589755]
[0.0, 2020336.3452358209, 6.311074672987021, 13.401226717823356, 0.3861034959427021, 0.0, 0.00012727566263492918, 1.488993500218005, 0.25110361451245133, 2.8779195752589755]
[0.0, 2020336.3452358209, 6.311074672987021, 13.401226717823356, 0.3861034959427021, 0.0, 0.00012727566263492918, 1.488993500218005, 0.25110361451245133, 2.8779195752589755]
[0.0, 2020336.3452358209, 6.311074672987021, 13.401226717823356, 0.3861034959427021, 0.0, 0.00012727566263492918, 1.488993500218005, 0.25110361451245133, 2.8779195752589755]
[0.0, 2020336.3452358209, 6.311074672987021, 13.401226717823356, 0.3861034959427021, 0.0, 0.00012727566263492918, 1.488993500218005, 0.25110361451245133, 2.8779195752589755]
[0.0, 2020336.3452358209, 6.311074672987021, 13.401226717823356, 0.3861034959427021, 0.0, 0.00012727566263492918, 1.488993500218005, 0.25110361451245133, 2.8779195752589755]
[0.0, 2020336.3452358209, 6.311074672987021, 13.401226717823356, 0.3861034959427021, 0.0, 0.00012727566263492918, 1.488993500218005, 0.25110361451245133, 2.8779195752589755]
[0.0, 2020336.3452358209, 6.311074672987021, 13.401226717823356, 0.3861034959427021, 0.0, 0.00012727566263492918, 1.488993500218005, 0.25110361451245133, 2.8779195752589755]
[0.0, 2020336.3452358209, 6.311074672987021, 13.401226717823356, 0.3861034959427021, 0.0, 0.00012727566263492918, 1.488993500218005, 0.25110361451245133, 2.8779195752589755]
[0.0, 2020336.3452358209, 6.311074672987021, 13.401226717823356, 0.3861034959427021, 0.0, 0.00012727566263492918, 1.488993500218005, 0.25110361451245133, 2.8779195752589755]
[0.0, 2020336.3452358209, 6.311074672987021, 13.401226717823356, 0.3861034959427021, 0.0, 0.00012727566263492918, 1.488993500218005, 0.25110361451245133, 2.8779195752589755]
[0.0, 2020336.3452358209, 6.311074672987021, 13.401226717823356, 0.3861034959427021, 0.0, 0.00012727566263492918, 1.488993500218005, 0.25110361451245133, 2.8779195752589755]
[0.0, 2020336.3452358209, 6.311074672987021, 13.401226717823356, 0.3861034959427021, 0.0, 0.00012727566263492918, 1.488993500218005, 0.25110361451245133, 2.8779195752589755]
[0.0, 2020336.3452358209, 6.311074672987021, 13.401226717823356, 0.3861034959427021, 0.0, 0.00012727566263492918, 1.488993500218005, 0.25110361451245133, 2.8779195752589755]
[0.0, 2020336.3452358209, 6.311074672987021, 13.401226717823356, 0.3861034959427021, 0.0, 0.00012727566263492918, 1.488993500218005, 0.25110361451245133, 2.8779195752589755]
[0.0, 2020336.3452358209, 6.311074672987021, 13.401226717823356, 0.3861034959427021, 0.0, 0.00012727566263492918, 1.488993500218005, 0.25110361451245133, 2.8779195752589755]
[0.0, 2020336.3452358209, 6.311074672987021, 13.401226717823356, 0.3861034959427021, 0.0, 0.00012727566263492918, 1.488993500218005, 0.25110361451245133, 2.8779195752589755]
[0.0, 2020336.3452358209, 6.311074672987021, 13.401226717823356, 0.3861034959427021, 0.0, 0.00012727566263492918, 1.488993500218005, 0.25110361451245133, 2.8779195752589755]
[0.0, 2020336.3452358209, 6.311074672987021, 13.401226717823356, 0.3861034959427021, 0.0, 0.00012727566263492918, 1.488993500218005, 0.25110361451245133, 2.8779195752589755]
[0.0, 2020336.3452358209, 6.311074672987021, 13.401226717823356, 0.3861034959427021, 0.0, 0.00012727566263492918, 1.488993500218005, 0.25110361451245133, 2.8779195752589755]
[0.0, 2020336.3452358209, 6.311074672987021, 13.401226717823356, 0.3861034959427021, 0.0, 0.00012727566263492918, 1.488993500218005, 0.25110361451245133, 2.8779195752589755]
[0.0, 2020336.3452358209, 6.311074672987021, 13.401226717823356, 0.3861034959427021, 0.0, 0.00012727566263492918, 1.488993500218005, 0.25110361451245133, 2.8779195752589755]
[0.0, 2020336.3452358209, 6.311074672987021, 13.401226717823356, 0.3861034959427021, 0.0, 0.00012727566263492918, 1.488993500218005, 0.25110361451245133, 2.8779195752589755]
[0.0, 2020336.3452358209, 6.311074672987021, 13.401226717823356, 0.3861034959427021, 0.0, 0.00012727566263492918, 1.488993500218005, 0.25110361451245133, 2.738745641666686]
[0.0, 2020336.3452358209, 6.311074672987021, 13.401226717823356, 0.3861034959427021, 0.0, 0.00012727566263492918, 1.488993500218005, 0.25110361451245133, 2.738745641666686]
[0.0, 2020336.3452358209, 6.311074672987021, 13.401226717823356, 0.3861034959427021, 0.0, 0.00012727566263492918, 1.488993500218005, 0.25110361451245133, 2.738745641666686]
[0.0, 2020336.3452358209, 6.311074672987021, 13.401226717823356, 0.3861034959427021, 0.0, 0.00012727566263492918, 1.488993500218005, 0.25110361451245133, 2.738745641666686]
[0.0, 2020336.3452358209, 6.311074672987021, 13.401226717823356, 0.3861034959427021, 0.0, 0.00012727566263492918, 1.488993500218005, 0.25110361451245133, 2.738745641666686]
[0.0, 2020336.3452358209, 6.311074672987021, 13.401226717823356, 0.3861034959427021, 0.0, 0.00012727566263492918, 1.488993500218005, 0.25110361451245133, 2.738745641666686]
[0.0, 2020336.3452358209, 6.311074672987021, 13.401226717823356, 0.3861034959427021, 0.0, 0.00012727566263492918, 1.488993500218005, 0.25110361451245133, 2.738745641666686]
[0.0, 2020336.3452358209, 6.311074672987021, 13.401226717823356, 0.3861034959427021, 0.0, 0.00012727566263492918, 1.488993500218005, 0.25110361451245133, 2.738745641666686]
[0.0, 2020336.3452358209, 6.311074672987021, 13.401226717823356, 0.3861034959427021, 0.0, 0.00012727566263492918, 1.488993500218005, 0.25110361451245133, 2.738745641666686]
[0.0, 2020336.3452358209, 6.311074672987021, 13.401226717823356, 0.3861034959427021, 0.0, 0.00012727566263492918, 1.488993500218005, 0.25110361451245133, 2.738745641666686]
[0.0, 2020336.3452358209, 6.311074672987021, 13.401226717823356, 0.3861034959427021, 0.0, 0.00012727566263492918, 1.488993500218005, 0.25110361451245133, 2.738745641666686]
[0.0, 2020336.3452358209, 6.311074672987021, 13.401226717823356, 0.3861034959427021, 0.0, 0.00012727566263492918, 1.488993500218005, 0.25110361451245133, 2.738745641666686]
[0.0, 2020336.3452358209, 6.311074672987021, 13.401226717823356, 0.3861034959427021, 0.0, 0.00012727566263492918, 1.488993500218005, 0.25110361451245133, 2.738745641666686]
[0.0, 2020336.3452358209, 6.311074672987021, 13.401226717823356, 0.3861034959427021, 0.0, 0.00012727566263492918, 1.488993500218005, 0.25110361451245133, 2.738745641666686]
[0.0, 2020336.3452358209, 6.311074672987021, 13.401226717823356, 0.3861034959427021, 0.0, 0.00012727566263492918, 1.488993500218005, 0.25110361451245133, 2.738745641666686]
[0.0, 2020336.3452358209, 6.311074672987021, 13.401226717823356, 0.3861034959427021, 0.0, 0.00012727566263492918, 1.488993500218005, 0.25110361451245133, 2.738745641666686]
[0.0, 2020336.3452358209, 6.311074672987021, 13.401226717823356, 0.3861034959427021, 0.0, 0.00012727566263492918, 1.488993500218005, 0.25110361451245133, 2.738745641666686]
[0.0, 2020336.3452358209, 6.311074672987021, 13.401226717823356, 0.3861034959427021, 0.0, 0.00012727566263492918, 1.488993500218005, 0.25110361451245133, 2.738745641666686]
[0.0, 2020336.3452358209, 6.311074672987021, 13.401226717823356, 0.3861034959427021, 0.0, 0.00012727566263492918, 1.488993500218005, 0.25110361451245133, 2.738745641666686]
[0.0, 2020336.3452358209, 6.311074672987021, 13.401226717823356, 0.3861034959427021, 0.0, 0.00012727566263492918, 1.488993500218005, 0.25110361451245133, 2.738745641666686]
[0.0, 2020336.3452358209, 6.311074672987021, 13.401226717823356, 0.3861034959427021, 0.0, 0.00012727566263492918, 1.488993500218005, 0.25110361451245133, 2.738745641666686]
[0.0, 2020336.3452358209, 6.311074672987021, 13.401226717823356, 0.3861034959427021, 0.0, 0.00012727566263492918, 1.488993500218005, 0.25110361451245133, 2.738745641666686]
[0.0, 2020336.3452358209, 6.311074672987021, 13.401226717823356, 0.3861034959427021, 0.0, 0.00012727566263492918, 1.488993500218005, 0.25110361451245133, 2.738745641666686]
[0.0, 2020336.3452358209, 6.311074672987021, 13.401226717823356, 0.3861034959427021, 0.0, 0.00012727566263492918, 1.488993500218005, 0.25110361451245133, 2.738745641666686]
[0.0, 2020336.3452358209, 6.311074672987021, 13.401226717823356, 0.3861034959427021, 0.0, 0.00012727566263492918, 1.488993500218005, 0.25110361451245133, 2.738745641666686]
[0.0, 2020336.3452358209, 6.311074672987021, 13.401226717823356, 0.3861034959427021, 0.0, 0.00012727566263492918, 1.488993500218005, 0.25110361451245133, 2.738745641666686]
[0.0, 2020336.3452358209, 6.311074672987021, 13.401226717823356, 0.3861034959427021, 0.0, 0.00012727566263492918, 1.488993500218005, 0.25110361451245133, 2.6729286795294205]
[0.0, 2020336.3452358209, 6.311074672987021, 13.401226717823356, 0.3861034959427021, 0.0, 0.00012727566263492918, 1.488993500218005, 0.25110361451245133, 2.6729286795294205]
[0.0, 2020336.3452358209, 6.311074672987021, 13.401226717823356, 0.3861034959427021, 0.0, 0.00012727566263492918, 1.488993500218005, 0.25110361451245133, 2.6729286795294205]
[0.0, 2020336.3452358209, 6.311074672987021, 13.401226717823356, 0.3861034959427021, 0.0, 0.00012727566263492918, 1.488993500218005, 0.25110361451245133, 2.6729286795294205]
[0.0, 2020336.3452358209, 6.311074672987021, 13.401226717823356, 0.3861034959427021, 0.0, 0.00012727566263492918, 1.488993500218005, 0.25110361451245133, 2.6729286795294205]
[0.0, 2020336.3452358209, 6.311074672987021, 13.401226717823356, 0.3861034959427021, 0.0, 0.00012727566263492918, 1.488993500218005, 0.25110361451245133, 2.6729286795294205]
[0.0, 2020336.3452358209, 6.311074672987021, 13.401226717823356, 0.3861034959427021, 0.0, 0.00012727566263492918, 1.488993500218005, 0.25110361451245133, 2.6729286795294205]
[0.0, 2020336.3452358209, 6.311074672987021, 13.401226717823356, 0.3861034959427021, 0.0, 0.00012727566263492918, 1.488993500218005, 0.25110361451245133, 2.6729286795294205]
[0.0, 2020336.3452358209, 6.311074672987021, 13.401226717823356, 0.3861034959427021, 0.0, 0.00012727566263492918, 1.488993500218005, 0.25110361451245133, 2.6729286795294205]
[0.0, 2020336.3452358209, 6.311074672987021, 13.401226717823356, 0.3861034959427021, 0.0, 0.00012727566263492918, 1.488993500218005, 0.25110361451245133, 2.6729286795294205]
[0.0, 2020336.3452358209, 6.311074672987021, 13.401226717823356, 0.3861034959427021, 0.0, 0.00012727566263492918, 1.488993500218005, 0.25110361451245133, 2.6729286795294205]
[0.0, 2020336.3452358209, 6.311074672987021, 13.401226717823356, 0.3861034959427021, 0.0, 0.00012727566263492918, 1.488993500218005, 0.25110361451245133, 2.6729286795294205]
[0.0, 2020336.3452358209, 6.311074672987021, 13.401226717823356, 0.3861034959427021, 0.0, 0.00012727566263492918, 1.488993500218005, 0.25110361451245133, 2.6729286795294205]
[0.0, 2020336.3452358209, 6.311074672987021, 13.401226717823356, 0.3861034959427021, 0.0, 0.00012727566263492918, 1.488993500218005, 0.25110361451245133, 2.6729286795294205]
[0.0, 2020336.3452358209, 6.311074672987021, 13.401226717823356, 0.3861034959427021, 0.0, 0.00012727566263492918, 1.488993500218005, 0.25110361451245133, 2.6729286795294205]
[0.0, 2020336.3452358209, 6.311074672987021, 13.401226717823356, 0.3861034959427021, 0.0, 0.00012727566263492918, 1.488993500218005, 0.25110361451245133, 2.6729286795294205]
[0.0, 2020336.3452358209, 6.311074672987021, 13.401226717823356, 0.3861034959427021, 0.0, 0.00012727566263492918, 1.488993500218005, 0.25110361451245133, 2.6729286795294205]
[0.0, 2020336.3452358209, 6.311074672987021, 13.401226717823356, 0.3861034959427021, 0.0, 0.00012727566263492918, 1.488993500218005, 0.25110361451245133, 2.6729286795294205]
[0.0, 2020336.3452358209, 6.311074672987021, 13.401226717823356, 0.3861034959427021, 0.0, 0.00012727566263492918, 1.488993500218005, 0.25110361451245133, 2.6729286795294205]
[0.0, 2020336.3452358209, 6.311074672987021, 13.401226717823356, 0.3861034959427021, 0.0, 0.00012727566263492918, 1.488993500218005, 0.25110361451245133, 2.6729286795294205]
[0.0, 2020336.3452358209, 6.311074672987021, 13.401226717823356, 0.3861034959427021, 0.0, 0.00012727566263492918, 1.488993500218005, 0.25110361451245133, 2.6729286795294205]
[0.0, 2020336.3452358209, 6.311074672987021, 13.401226717823356, 0.34339188280615374, 0.0, 0.00012727566263492918, 1.488993500218005, 0.25110361451245133, 2.6729286795294205]
[0.0, 2020336.3452358209, 6.311074672987021, 13.401226717823356, 0.34339188280615374, 0.0, 0.00012727566263492918, 1.488993500218005, 0.25110361451245133, 2.6729286795294205]
[0.0, 2020336.3452358209, 6.311074672987021, 13.401226717823356, 0.34339188280615374, 0.0, 0.00012727566263492918, 1.488993500218005, 0.25110361451245133, 2.6729286795294205]
[0.0, 2020336.3452358209, 6.311074672987021, 13.401226717823356, 0.34339188280615374, 0.0, 0.00012727566263492918, 1.488993500218005, 0.25110361451245133, 2.6729286795294205]
[0.0, 2020336.3452358209, 6.311074672987021, 13.401226717823356, 0.34339188280615374, 0.0, 0.00012727566263492918, 1.488993500218005, 0.25110361451245133, 2.6729286795294205]
[0.0, 2020336.3452358209, 6.311074672987021, 13.401226717823356, 0.34339188280615374, 0.0, 0.00012727566263492918, 1.488993500218005, 0.25110361451245133, 2.6729286795294205]
[0.0, 2020336.3452358209, 6.311074672987021, 13.401226717823356, 0.34339188280615374, 0.0, 0.00012727566263492918, 1.488993500218005, 0.25110361451245133, 2.6729286795294205]
[0.0, 2020336.3452358209, 6.311074672987021, 13.401226717823356, 0.34339188280615374, 0.0, 0.00012727566263492918, 1.488993500218005, 0.25110361451245133, 2.6729286795294205]
[0.0, 2020336.3452358209, 6.311074672987021, 13.401226717823356, 0.34339188280615374, 0.0, 0.00012727566263492918, 1.488993500218005, 0.25110361451245133, 2.5444086343851855]
[0.0, 2020336.3452358209, 6.311074672987021, 13.401226717823356, 0.34339188280615374, 0.0, 0.00012727566263492918, 1.488993500218005, 0.25110361451245133, 2.5444086343851855]
[0.0, 2020336.3452358209, 6.311074672987021, 13.401226717823356, 0.34339188280615374, 0.0, 0.00012727566263492918, 1.488993500218005, 0.25110361451245133, 2.5444086343851855]
[0.0, 2020336.3452358209, 6.311074672987021, 13.401226717823356, 0.34339188280615374, 0.0, 0.00012727566263492918, 1.488993500218005, 0.25110361451245133, 2.5444086343851855]
[0.0, 2020336.3452358209, 6.311074672987021, 13.401226717823356, 0.34339188280615374, 0.0, 0.00012727566263492918, 1.488993500218005, 0.25110361451245133, 2.5444086343851855]
[0.0, 2020336.3452358209, 6.311074672987021, 13.401226717823356, 0.34339188280615374, 0.0, 0.00012727566263492918, 1.488993500218005, 0.25110361451245133, 2.5444086343851855]
[0.0, 2020336.3452358209, 6.311074672987021, 13.401226717823356, 0.34339188280615374, 0.0, 0.00012727566263492918, 1.488993500218005, 0.25110361451245133, 2.5444086343851855]
[0.0, 2020336.3452358209, 6.311074672987021, 13.401226717823356, 0.34339188280615374, 0.0, 0.00012727566263492918, 1.488993500218005, 0.25110361451245133, 2.441785824888918]
[0.0, 2020336.3452358209, 6.311074672987021, 13.401226717823356, 0.34339188280615374, 0.0, 0.00012727566263492918, 1.488993500218005, 0.25110361451245133, 2.441785824888918]
[0.0, 2020336.3452358209, 6.311074672987021, 13.401226717823356, 0.34339188280615374, 0.0, 0.00012727566263492918, 1.488993500218005, 0.25110361451245133, 2.441785824888918]
[0.0, 2020336.3452358209, 6.311074672987021, 13.401226717823356, 0.34339188280615374, 0.0, 0.00012727566263492918, 1.488993500218005, 0.25110361451245133, 2.441785824888918]
[0.0, 2020336.3452358209, 6.311074672987021, 13.401226717823356, 0.34339188280615374, 0.0, 0.00012727566263492918, 1.488993500218005, 0.25110361451245133, 2.441785824888918]
[0.0, 2020336.3452358209, 6.311074672987021, 13.401226717823356, 0.34339188280615374, 0.0, 0.00012727566263492918, 1.488993500218005, 0.25110361451245133, 2.054365353873646]
[0.0, 2020336.3452358209, 6.311074672987021, 13.401226717823356, 0.34339188280615374, 0.0, 0.00012727566263492918, 1.488993500218005, 0.25110361451245133, 2.054365353873646]
[0.0, 2020336.3452358209, 6.311074672987021, 13.401226717823356, 0.34339188280615374, 0.0, 0.00012727566263492918, 1.488993500218005, 0.25110361451245133, 2.054365353873646]
[0.0, 2020336.3452358209, 6.311074672987021, 13.401226717823356, 0.34339188280615374, 0.0, 0.00012727566263492918, 1.488993500218005, 0.25110361451245133, 2.054365353873646]
[0.0, 2020336.3452358209, 6.311074672987021, 13.401226717823356, 0.34339188280615374, 0.0, 0.00012727566263492918, 1.488993500218005, 0.25110361451245133, 2.054365353873646]
[0.0, 2020336.3452358209, 6.311074672987021, 13.401226717823356, 0.34339188280615374, 0.0, 0.00012727566263492918, 1.488993500218005, 0.25110361451245133, 2.054365353873646]
[0.0, 2020336.3452358209, 6.311074672987021, 13.401226717823356, 0.34339188280615374, 0.0, 0.00012727566263492918, 1.488993500218005, 0.25110361451245133, 2.054365353873646]
[0.0, 2020336.3452358209, 6.311074672987021, 13.401226717823356, 0.34339188280615374, 0.0, 0.00012727566263492918, 1.488993500218005, 0.25110361451245133, 2.054365353873646]
[0.0, 2020336.3452358209, 6.311074672987021, 13.401226717823356, 0.34339188280615374, 0.0, 0.00012727566263492918, 1.488993500218005, 0.25110361451245133, 2.054365353873646]
[0.0, 2020336.3452358209, 6.311074672987021, 13.401226717823356, 0.34339188280615374, 0.0, 0.00012727566263492918, 1.488993500218005, 0.25110361451245133, 2.054365353873646]
[0.0, 2020336.3452358209, 6.311074672987021, 13.401226717823356, 0.34339188280615374, 0.0, 0.00012727566263492918, 1.488993500218005, 0.25110361451245133, 2.054365353873646]
[0.0, 2020336.3452358209, 6.311074672987021, 13.401226717823356, 0.34339188280615374, 0.0, 0.00012727566263492918, 1.488993500218005, 0.25110361451245133, 2.054365353873646]
[0.0, 2020336.3452358209, 6.311074672987021, 13.401226717823356, 0.34339188280615374, 0.0, 0.00012727566263492918, 1.488993500218005, 0.25110361451245133, 2.054365353873646]
[0.0, 2020336.3452358209, 6.311074672987021, 13.401226717823356, 0.34339188280615374, 0.0, 0.00012727566263492918, 1.488993500218005, 0.25110361451245133, 2.054365353873646]
[0.0, 2020336.3452358209, 6.311074672987021, 13.401226717823356, 0.34339188280615374, 0.0, 0.00012727566263492918, 1.488993500218005, 0.25110361451245133, 2.054365353873646]
[0.0, 2020336.3452358209, 6.311074672987021, 13.401226717823356, 0.34339188280615374, 0.0, 0.00012727566263492918, 1.488993500218005, 0.25110361451245133, 2.054365353873646]
[0.0, 2020336.3452358209, 6.311074672987021, 13.401226717823356, 0.34339188280615374, 0.0, 0.00012727566263492918, 1.488993500218005, 0.25110361451245133, 2.054365353873646]
[0.0, 2020336.3452358209, 6.311074672987021, 13.401226717823356, 0.34339188280615374, 0.0, 0.00012727566263492918, 1.488993500218005, 0.25110361451245133, 2.054365353873646]
[0.0, 2020336.3452358209, 6.311074672987021, 13.401226717823356, 0.34339188280615374, 0.0, 0.00012727566263492918, 1.488993500218005, 0.25110361451245133, 2.054365353873646]
[0.0, 2020336.3452358209, 6.311074672987021, 13.401226717823356, 0.34339188280615374, 0.0, 0.00012727566263492918, 1.488993500218005, 0.25110361451245133, 2.054365353873646]
[0.0, 2020336.3452358209, 6.311074672987021, 13.401226717823356, 0.34339188280615374, 0.0, 0.00012727566263492918, 1.488993500218005, 0.25110361451245133, 2.054365353873646]
[0.0, 2020336.3452358209, 6.311074672987021, 13.401226717823356, 0.34339188280615374, 0.0, 0.00012727566263492918, 1.488993500218005, 0.25110361451245133, 2.054365353873646]
[0.0, 2020336.3452358209, 6.311074672987021, 13.401226717823356, 0.34339188280615374, 0.0, 0.00012727566263492918, 1.488993500218005, 0.25110361451245133, 2.054365353873646]
[0.0, 2020336.3452358209, 6.311074672987021, 13.401226717823356, 0.34339188280615374, 0.0, 0.00012727566263492918, 1.488993500218005, 0.25110361451245133, 2.054365353873646]
[0.0, 2020336.3452358209, 6.311074672987021, 13.401226717823356, 0.34339188280615374, 0.0, 0.00012727566263492918, 1.488993500218005, 0.25110361451245133, 2.054365353873646]
[0.0, 2020336.3452358209, 6.311074672987021, 13.401226717823356, 0.34339188280615374, 0.0, 0.00012727566263492918, 1.488993500218005, 0.25110361451245133, 2.054365353873646]
[0.0, 2020336.3452358209, 6.311074672987021, 13.401226717823356, 0.34339188280615374, 0.0, 0.00012727566263492918, 1.488993500218005, 0.25110361451245133, 2.054365353873646]
[0.0, 2020336.3452358209, 6.311074672987021, 13.401226717823356, 0.34339188280615374, 0.0, 0.00012727566263492918, 1.488993500218005, 0.25110361451245133, 2.054365353873646]
[0.0, 2020336.3452358209, 6.311074672987021, 13.401226717823356, 0.34339188280615374, 0.0, 0.00012727566263492918, 1.488993500218005, 0.25110361451245133, 2.0486808167894215]
[0.0, 2020336.3452358209, 6.311074672987021, 13.401226717823356, 0.34339188280615374, 0.0, 0.00012727566263492918, 1.488993500218005, 0.25110361451245133, 1.944404542040655]
[0.0, 2020336.3452358209, 6.311074672987021, 13.401226717823356, 0.34339188280615374, 0.0, 0.00012727566263492918, 1.488993500218005, 0.25110361451245133, 1.944404542040655]
[0.0, 2020336.3452358209, 6.311074672987021, 13.401226717823356, 0.34339188280615374, 0.0, 0.00012727566263492918, 1.488993500218005, 0.25110361451245133, 1.944404542040655]
[0.0, 2020336.3452358209, 6.311074672987021, 13.401226717823356, 0.34339188280615374, 0.0, 0.00012727566263492918, 1.488993500218005, 0.25110361451245133, 1.944404542040655]
[0.0, 2020336.3452358209, 6.311074672987021, 13.401226717823356, 0.34339188280615374, 0.0, 0.00012727566263492918, 1.488993500218005, 0.25110361451245133, 1.944404542040655]
[0.0, 2020336.3452358209, 6.311074672987021, 13.401226717823356, 0.34339188280615374, 0.0, 0.00012727566263492918, 1.488993500218005, 0.25110361451245133, 1.944404542040655]
[0.0, 2020336.3452358209, 6.311074672987021, 13.401226717823356, 0.34339188280615374, 0.0, 0.00012727566263492918, 1.488993500218005, 0.25110361451245133, 1.944404542040655]
[0.0, 2020336.3452358209, 6.311074672987021, 13.401226717823356, 0.34339188280615374, 0.0, 0.00012727566263492918, 1.488993500218005, 0.25110361451245133, 1.944404542040655]
[0.0, 2020336.3452358209, 6.311074672987021, 13.401226717823356, 0.34339188280615374, 0.0, 0.00012727566263492918, 1.488993500218005, 0.25110361451245133, 1.944404542040655]
[0.0, 2020336.3452358209, 6.311074672987021, 13.401226717823356, 0.34339188280615374, 0.0, 0.00012727566263492918, 1.488993500218005, 0.25110361451245133, 1.944404542040655]
[0.0, 2020336.3452358209, 6.311074672987021, 13.401226717823356, 0.34339188280615374, 0.0, 0.00012727566263492918, 1.488993500218005, 0.25110361451245133, 1.944404542040655]
[0.0, 2020336.3452358209, 6.311074672987021, 13.401226717823356, 0.34339188280615374, 0.0, 0.00012727566263492918, 1.488993500218005, 0.25110361451245133, 1.944404542040655]
[0.0, 2020336.3452358209, 6.311074672987021, 13.401226717823356, 0.34339188280615374, 0.0, 0.00012727566263492918, 1.488993500218005, 0.25110361451245133, 1.944404542040655]
[0.0, 2020336.3452358209, 6.311074672987021, 13.401226717823356, 0.34339188280615374, 0.0, 0.00012727566263492918, 1.488993500218005, 0.25110361451245133, 1.944404542040655]
[0.0, 2020336.3452358209, 6.311074672987021, 13.401226717823356, 0.34339188280615374, 0.0, 0.00012727566263492918, 1.488993500218005, 0.25110361451245133, 1.600716603651716]
[0.0, 2020336.3452358209, 6.311074672987021, 13.401226717823356, 0.34339188280615374, 0.0, 0.00012727566263492918, 1.488993500218005, 0.25110361451245133, 1.600716603651716]
[0.0, 2020336.3452358209, 6.311074672987021, 13.401226717823356, 0.34339188280615374, 0.0, 0.00012727566263492918, 1.488993500218005, 0.25110361451245133, 1.600716603651716]
[0.0, 2020336.3452358209, 6.311074672987021, 13.401226717823356, 0.34339188280615374, 0.0, 0.00012727566263492918, 1.488993500218005, 0.25110361451245133, 1.600716603651716]
[0.0, 2020336.3452358209, 6.311074672987021, 13.401226717823356, 0.34339188280615374, 0.0, 0.00012727566263492918, 1.488993500218005, 0.25110361451245133, 1.600716603651716]
[0.0, 2020336.3452358209, 6.311074672987021, 13.401226717823356, 0.34339188280615374, 0.0, 0.00012727566263492918, 1.488993500218005, 0.25110361451245133, 1.600716603651716]
[0.0, 2020336.3452358209, 6.311074672987021, 13.401226717823356, 0.34339188280615374, 0.0, 0.00012727566263492918, 1.488993500218005, 0.25110361451245133, 1.600716603651716]
[0.0, 2020336.3452358209, 6.311074672987021, 13.401226717823356, 0.34339188280615374, 0.0, 0.00012727566263492918, 1.488993500218005, 0.25110361451245133, 1.600716603651716]
[0.0, 2020336.3452358209, 6.311074672987021, 13.401226717823356, 0.34339188280615374, 0.0, 0.00012727566263492918, 1.488993500218005, 0.25110361451245133, 1.528386874406579]
[0.0, 2020336.3452358209, 6.311074672987021, 13.401226717823356, 0.34339188280615374, 0.0, 0.00012727566263492918, 1.488993500218005, 0.25110361451245133, 1.528386874406579]
[0.0, 2020336.3452358209, 6.311074672987021, 13.401226717823356, 0.34339188280615374, 0.0, 0.00012727566263492918, 1.488993500218005, 0.25110361451245133, 1.528386874406579]
[0.0, 2020336.3452358209, 6.311074672987021, 13.401226717823356, 0.34339188280615374, 0.0, 0.00012727566263492918, 1.488993500218005, 0.25110361451245133, 1.528386874406579]
[0.0, 2020336.3452358209, 6.311074672987021, 13.401226717823356, 0.34339188280615374, 0.0, 0.00012727566263492918, 1.488993500218005, 0.25110361451245133, 1.528386874406579]
[0.0, 2020336.3452358209, 6.311074672987021, 13.401226717823356, 0.34339188280615374, 0.0, 0.00012727566263492918, 1.488993500218005, 0.25110361451245133, 1.528386874406579]
[0.0, 2020336.3452358209, 6.311074672987021, 13.401226717823356, 0.34339188280615374, 0.0, 0.00012727566263492918, 1.488993500218005, 0.25110361451245133, 1.528386874406579]
[0.0, 2020336.3452358209, 6.311074672987021, 13.401226717823356, 0.34339188280615374, 0.0, 0.00012727566263492918, 1.488993500218005, 0.25110361451245133, 1.528386874406579]
[0.0, 2020336.3452358209, 6.311074672987021, 13.401226717823356, 0.34339188280615374, 0.0, 0.00012727566263492918, 1.488993500218005, 0.25110361451245133, 1.5042029262843113]
[0.0, 2020336.3452358209, 6.311074672987021, 13.401226717823356, 0.34339188280615374, 0.0, 0.00012727566263492918, 1.488993500218005, 0.25110361451245133, 1.5042029262843113]
[0.0, 2020336.3452358209, 6.311074672987021, 13.401226717823356, 0.34339188280615374, 0.0, 0.00012727566263492918, 1.488993500218005, 0.25110361451245133, 1.5042029262843113]
[0.0, 2020336.3452358209, 6.311074672987021, 13.401226717823356, 0.34339188280615374, 0.0, 0.00012727566263492918, 1.488993500218005, 0.25110361451245133, 1.5042029262843113]
[0.0, 2020336.3452358209, 6.311074672987021, 13.401226717823356, 0.34339188280615374, 0.0, 0.00012727566263492918, 1.488993500218005, 0.25110361451245133, 1.5042029262843113]
[0.0, 2020336.3452358209, 6.311074672987021, 13.401226717823356, 0.34339188280615374, 0.0, 0.00012727566263492918, 1.488993500218005, 0.25110361451245133, 1.5042029262843113]
[0.0, 2020336.3452358209, 6.311074672987021, 13.401226717823356, 0.34339188280615374, 0.0, 0.00012727566263492918, 1.488993500218005, 0.25110361451245133, 1.5042029262843113]
[0.0, 2020336.3452358209, 6.311074672987021, 13.401226717823356, 0.34339188280615374, 0.0, 0.00012727566263492918, 1.488993500218005, 0.25110361451245133, 1.5042029262843113]
[0.0, 2020336.3452358209, 6.311074672987021, 13.401226717823356, 0.34339188280615374, 0.0, 0.00012727566263492918, 1.488993500218005, 0.25110361451245133, 1.5042029262843113]
[0.0, 2020336.3452358209, 6.311074672987021, 13.401226717823356, 0.34339188280615374, 0.0, 0.00012727566263492918, 1.488993500218005, 0.25110361451245133, 1.5042029262843113]
[0.0, 2020336.3452358209, 6.311074672987021, 13.401226717823356, 0.34339188280615374, 0.0, 0.00012727566263492918, 1.488993500218005, 0.25110361451245133, 1.5042029262843113]
[0.0, 2020336.3452358209, 6.311074672987021, 13.401226717823356, 0.34339188280615374, 0.0, 0.00012727566263492918, 1.488993500218005, 0.25110361451245133, 1.5042029262843113]
[0.0, 2020336.3452358209, 6.311074672987021, 13.401226717823356, 0.34339188280615374, 0.0, 0.00012727566263492918, 1.488993500218005, 0.25110361451245133, 1.5042029262843113]
[0.0, 2020336.3452358209, 6.311074672987021, 13.401226717823356, 0.34339188280615374, 0.0, 0.00012727566263492918, 1.488993500218005, 0.25110361451245133, 1.5042029262843113]
[0.0, 2020336.3452358209, 6.311074672987021, 13.401226717823356, 0.34339188280615374, 0.0, 0.00012727566263492918, 1.488993500218005, 0.25110361451245133, 1.3281744545332441]
[0.0, 2020336.3452358209, 6.311074672987021, 13.401226717823356, 0.34339188280615374, 0.0, 0.00012727566263492918, 1.488993500218005, 0.25110361451245133, 1.3281744545332441]
[0.0, 2020336.3452358209, 6.311074672987021, 13.401226717823356, 0.34339188280615374, 0.0, 0.00012727566263492918, 1.488993500218005, 0.25110361451245133, 1.3281744545332441]
[0.0, 2020336.3452358209, 6.311074672987021, 13.401226717823356, 0.34339188280615374, 0.0, 0.00012727566263492918, 1.488993500218005, 0.25110361451245133, 1.3281744545332441]
[0.0, 2020336.3452358209, 6.311074672987021, 13.401226717823356, 0.34339188280615374, 0.0, 0.00012727566263492918, 1.488993500218005, 0.25110361451245133, 1.3281744545332441]
[0.0, 2020336.3452358209, 6.311074672987021, 13.401226717823356, 0.34339188280615374, 0.0, 0.00012727566263492918, 1.488993500218005, 0.25110361451245133, 1.3281744545332441]
[0.0, 2020336.3452358209, 6.311074672987021, 13.401226717823356, 0.34339188280615374, 0.0, 0.00012727566263492918, 1.488993500218005, 0.25110361451245133, 1.3281744545332441]
[0.0, 2020336.3452358209, 6.311074672987021, 13.401226717823356, 0.34339188280615374, 0.0, 0.00012727566263492918, 1.488993500218005, 0.25110361451245133, 1.158941023003813]
[0.0, 2020336.3452358209, 6.311074672987021, 13.401226717823356, 0.34339188280615374, 0.0, 0.00012727566263492918, 1.488993500218005, 0.25110361451245133, 1.158941023003813]
[0.0, 2020336.3452358209, 6.311074672987021, 13.401226717823356, 0.34339188280615374, 0.0, 0.00012727566263492918, 1.488993500218005, 0.25110361451245133, 1.158941023003813]
[0.0, 2020336.3452358209, 6.311074672987021, 13.401226717823356, 0.34339188280615374, 0.0, 0.00012727566263492918, 1.488993500218005, 0.25110361451245133, 1.158941023003813]
[0.0, 2020336.3452358209, 6.311074672987021, 13.401226717823356, 0.34339188280615374, 0.0, 0.00012727566263492918, 1.488993500218005, 0.25110361451245133, 1.158941023003813]
[0.0, 2020336.3452358209, 6.311074672987021, 13.401226717823356, 0.34339188280615374, 0.0, 0.00012727566263492918, 1.488993500218005, 0.25110361451245133, 1.158941023003813]
[0.0, 2020336.3452358209, 6.311074672987021, 13.401226717823356, 0.34339188280615374, 0.0, 0.00012727566263492918, 1.488993500218005, 0.25110361451245133, 1.158941023003813]
[0.0, 2020336.3452358209, 6.311074672987021, 13.401226717823356, 0.34339188280615374, 0.0, 0.00012727566263492918, 1.488993500218005, 0.25110361451245133, 1.158941023003813]
[0.0, 2020336.3452358209, 6.311074672987021, 13.401226717823356, 0.34339188280615374, 0.0, 0.00012727566263492918, 1.488993500218005, 0.25110361451245133, 1.158941023003813]
[0.0, 2020336.3452358209, 6.311074672987021, 13.401226717823356, 0.34339188280615374, 0.0, 0.00012727566263492918, 1.488993500218005, 0.25110361451245133, 1.158941023003813]
[0.0, 2020336.3452358209, 6.311074672987021, 13.401226717823356, 0.34339188280615374, 0.0, 0.00012727566263492918, 1.488993500218005, 0.25110361451245133, 1.158941023003813]
[0.0, 2020336.3452358209, 6.311074672987021, 13.401226717823356, 0.34339188280615374, 0.0, 0.00012727566263492918, 1.488993500218005, 0.25110361451245133, 1.158941023003813]
[0.0, 2020336.3452358209, 6.311074672987021, 13.401226717823356, 0.34339188280615374, 0.0, 0.00012727566263492918, 1.488993500218005, 0.25110361451245133, 1.158941023003813]
[0.0, 2020336.3452358209, 6.311074672987021, 13.401226717823356, 0.34339188280615374, 0.0, 0.00012727566263492918, 1.488993500218005, 0.25110361451245133, 1.158941023003813]
[0.0, 2020336.3452358209, 6.311074672987021, 13.401226717823356, 0.34339188280615374, 0.0, 0.00012727566263492918, 1.488993500218005, 0.25110361451245133, 1.158941023003813]
[0.0, 2020336.3452358209, 6.311074672987021, 13.401226717823356, 0.34339188280615374, 0.0, 0.00012727566263492918, 1.488993500218005, 0.25110361451245133, 1.158941023003813]
[0.0, 2020336.3452358209, 6.311074672987021, 13.401226717823356, 0.34339188280615374, 0.0, 0.00012727566263492918, 1.488993500218005, 0.25110361451245133, 1.158941023003813]
[0.0, 2020336.3452358209, 6.311074672987021, 13.401226717823356, 0.34339188280615374, 0.0, 0.00012727566263492918, 1.488993500218005, 0.25110361451245133, 1.158941023003813]
[0.0, 2020336.3452358209, 6.311074672987021, 13.401226717823356, 0.34339188280615374, 0.0, 0.00012727566263492918, 1.488993500218005, 0.25110361451245133, 1.158941023003813]
[0.0, 2020336.3452358209, 6.311074672987021, 13.401226717823356, 0.34339188280615374, 0.0, 0.00012727566263492918, 1.488993500218005, 0.25110361451245133, 1.158941023003813]
[0.0, 2020336.3452358209, 6.311074672987021, 13.401226717823356, 0.34339188280615374, 0.0, 0.00012727566263492918, 1.488993500218005, 0.25110361451245133, 1.158941023003813]
[0.0, 2020336.3452358209, 6.311074672987021, 13.401226717823356, 0.34339188280615374, 0.0, 0.00012727566263492918, 1.488993500218005, 0.25110361451245133, 1.158941023003813]
[0.0, 2020336.3452358209, 6.311074672987021, 13.401226717823356, 0.34339188280615374, 0.0, 0.00012727566263492918, 1.488993500218005, 0.25110361451245133, 1.158941023003813]
[0.0, 2020336.3452358209, 6.311074672987021, 13.401226717823356, 0.34339188280615374, 0.0, 0.00012727566263492918, 1.488993500218005, 0.25110361451245133, 1.158941023003813]
[0.0, 2020336.3452358209, 6.311074672987021, 13.401226717823356, 0.34339188280615374, 0.0, 0.00012727566263492918, 1.488993500218005, 0.25110361451245133, 1.158941023003813]
[0.0, 2020336.3452358209, 6.311074672987021, 13.401226717823356, 0.34339188280615374, 0.0, 0.00012727566263492918, 1.488993500218005, 0.25110361451245133, 1.158941023003813]
[0.0, 2020336.3452358209, 6.311074672987021, 13.401226717823356, 0.34339188280615374, 0.0, 0.00012727566263492918, 1.488993500218005, 0.25110361451245133, 1.158941023003813]
[0.0, 2020336.3452358209, 6.311074672987021, 13.401226717823356, 0.34339188280615374, 0.0, 0.00012727566263492918, 1.488993500218005, 0.25110361451245133, 1.158941023003813]
[0.0, 2020336.3452358209, 6.311074672987021, 13.401226717823356, 0.34339188280615374, 0.0, 0.00012727566263492918, 1.488993500218005, 0.25110361451245133, 1.158941023003813]
[0.0, 2020336.3452358209, 6.311074672987021, 13.401226717823356, 0.34339188280615374, 0.0, 0.00012727566263492918, 1.488993500218005, 0.25110361451245133, 1.158941023003813]
[0.0, 2020336.3452358209, 6.311074672987021, 13.401226717823356, 0.34339188280615374, 0.0, 0.00012727566263492918, 1.488993500218005, 0.25110361451245133, 1.158941023003813]
[0.0, 2020336.3452358209, 6.311074672987021, 13.401226717823356, 0.34339188280615374, 0.0, 0.00012727566263492918, 1.488993500218005, 0.25110361451245133, 1.158941023003813]
[0.0, 2020336.3452358209, 6.311074672987021, 13.401226717823356, 0.34339188280615374, 0.0, 0.00012727566263492918, 1.488993500218005, 0.25110361451245133, 1.158941023003813]
[0.0, 2020336.3452358209, 6.311074672987021, 13.401226717823356, 0.34339188280615374, 0.0, 0.00012727566263492918, 1.488993500218005, 0.25110361451245133, 0.8683448443843003]
[0.0, 2020336.3452358209, 6.311074672987021, 13.401226717823356, 0.34339188280615374, 0.0, 0.00012727566263492918, 1.488993500218005, 0.25110361451245133, 0.8024933983794793]
[0.0, 1722796.3484998941, 6.311074672987021, 13.401226717823356, 0.34339188280615374, 0.0, 0.00012727566263492918, 1.488993500218005, 0.25110361451245133, 0.8024933983794793]
[0.0, 1722796.3484998941, 6.311074672987021, 13.401226717823356, 0.34339188280615374, 0.0, 0.00012727566263492918, 1.488993500218005, 0.25110361451245133, 0.8024933983794793]
[0.0, 1722796.3484998941, 6.311074672987021, 13.401226717823356, 0.34339188280615374, 0.0, 0.00012727566263492918, 1.488993500218005, 0.25110361451245133, 0.8024933983794793]
[0.0, 1722796.3484998941, 6.311074672987021, 13.401226717823356, 0.34339188280615374, 0.0, 0.00012727566263492918, 1.488993500218005, 0.25110361451245133, 0.8024933983794793]
[0.0, 1722796.3484998941, 6.311074672987021, 13.401226717823356, 0.34339188280615374, 0.0, 0.00012727566263492918, 1.488993500218005, 0.25110361451245133, 0.8024933983794793]
[0.0, 1722796.3484998941, 6.311074672987021, 13.401226717823356, 0.34339188280615374, 0.0, 0.00012727566263492918, 1.488993500218005, 0.25110361451245133, 0.8024933983794793]
[0.0, 1722796.3484998941, 6.311074672987021, 13.401226717823356, 0.34339188280615374, 0.0, 0.00012727566263492918, 1.488993500218005, 0.25110361451245133, 0.8024933983794793]
[0.0, 1722796.3484998941, 6.311074672987021, 13.401226717823356, 0.34339188280615374, 0.0, 0.00012727566263492918, 1.488993500218005, 0.25110361451245133, 0.8024933983794793]
[0.0, 1722796.3484998941, 6.311074672987021, 13.401226717823356, 0.34339188280615374, 0.0, 0.00012727566263492918, 1.488993500218005, 0.25110361451245133, 0.8024933983794793]
[0.0, 1722796.3484998941, 6.311074672987021, 13.401226717823356, 0.34339188280615374, 0.0, 0.00012727566263492918, 1.488993500218005, 0.25110361451245133, 0.8024933983794793]
[0.0, 1722796.3484998941, 6.311074672987021, 13.401226717823356, 0.34339188280615374, 0.0, 0.00012727566263492918, 1.488993500218005, 0.25110361451245133, 0.8024933983794793]
[0.0, 1722796.3484998941, 6.311074672987021, 13.401226717823356, 0.34339188280615374, 0.0, 0.00012727566263492918, 1.488993500218005, 0.25110361451245133, 0.8024933983794793]
[0.0, 1722796.3484998941, 6.311074672987021, 13.401226717823356, 0.34339188280615374, 0.0, 0.00012727566263492918, 1.488993500218005, 0.25110361451245133, 0.8024933983794793]
[0.0, 1722796.3484998941, 6.311074672987021, 13.401226717823356, 0.34339188280615374, 0.0, 0.00012727566263492918, 1.488993500218005, 0.25110361451245133, 0.8024933983794793]
[0.0, 1722796.3484998941, 6.311074672987021, 13.401226717823356, 0.34339188280615374, 0.0, 0.00012727566263492918, 1.488993500218005, 0.25110361451245133, 0.8024933983794793]
[0.0, 1722796.3484998941, 6.311074672987021, 13.401226717823356, 0.34339188280615374, 0.0, 0.00012727566263492918, 1.488993500218005, 0.25110361451245133, 0.8024933983794793]
[0.0, 1722796.3484998941, 6.311074672987021, 13.401226717823356, 0.34339188280615374, 0.0, 0.00012727566263492918, 1.488993500218005, 0.25110361451245133, 0.8024933983794793]
[0.0, 1722796.3484998941, 6.311074672987021, 13.401226717823356, 0.34339188280615374, 0.0, 0.00012727566263492918, 1.488993500218005, 0.25110361451245133, 0.8024933983794793]
[0.0, 1722796.3484998941, 6.311074672987021, 13.401226717823356, 0.34339188280615374, 0.0, 0.00012727566263492918, 1.488993500218005, 0.25110361451245133, 0.8024933983794793]
[0.0, 1722796.3484998941, 6.311074672987021, 13.401226717823356, 0.34339188280615374, 0.0, 0.00012727566263492918, 1.488993500218005, 0.25110361451245133, 0.8024933983794793]
[0.0, 1722796.3484998941, 6.311074672987021, 13.401226717823356, 0.34339188280615374, 0.0, 0.00012727566263492918, 1.488993500218005, 0.25110361451245133, 0.8024933983794793]
[0.0, 1722796.3484998941, 6.311074672987021, 13.401226717823356, 0.34339188280615374, 0.0, 0.00012727566263492918, 1.488993500218005, 0.25110361451245133, 0.8024933983794793]
[0.0, 1722796.3484998941, 6.311074672987021, 13.401226717823356, 0.34339188280615374, 0.0, 0.00012727566263492918, 1.488993500218005, 0.25110361451245133, 0.8024933983794793]
[0.0, 1722796.3484998941, 6.311074672987021, 13.401226717823356, 0.34339188280615374, 0.0, 0.00012727566263492918, 1.488993500218005, 0.25110361451245133, 0.8024933983794793]
[0.0, 1722796.3484998941, 6.311074672987021, 13.401226717823356, 0.34339188280615374, 0.0, 0.00012727566263492918, 1.488993500218005, 0.25110361451245133, 0.8024933983794793]
[0.0, 1722796.3484998941, 6.311074672987021, 13.401226717823356, 0.34339188280615374, 0.0, 0.00012727566263492918, 1.488993500218005, 0.25110361451245133, 0.5917196171522083]
[0.0, 1722796.3484998941, 6.311074672987021, 13.401226717823356, 0.34339188280615374, 0.0, 0.00012727566263492918, 1.488993500218005, 0.25110361451245133, 0.5917196171522083]
[0.0, 1722796.3484998941, 6.311074672987021, 13.401226717823356, 0.34339188280615374, 0.0, 0.00012727566263492918, 1.488993500218005, 0.25110361451245133, 0.5917196171522083]
[0.0, 1722796.3484998941, 6.311074672987021, 13.401226717823356, 0.34339188280615374, 0.0, 0.00012727566263492918, 1.488993500218005, 0.25110361451245133, 0.5917196171522083]
[0.0, 1722796.3484998941, 6.311074672987021, 13.401226717823356, 0.34339188280615374, 0.0, 0.00012727566263492918, 1.488993500218005, 0.25110361451245133, 0.5917196171522083]
[0.0, 1722796.3484998941, 6.311074672987021, 13.401226717823356, 0.34339188280615374, 0.0, 0.00012727566263492918, 1.488993500218005, 0.25110361451245133, 0.5917196171522083]
[0.0, 1722796.3484998941, 6.311074672987021, 13.401226717823356, 0.34339188280615374, 0.0, 0.00012727566263492918, 1.488993500218005, 0.25110361451245133, 0.5917196171522083]
[0.0, 1722796.3484998941, 6.311074672987021, 13.401226717823356, 0.34339188280615374, 0.0, 0.00012727566263492918, 1.488993500218005, 0.25110361451245133, 0.5917196171522083]
[0.0, 1722796.3484998941, 6.311074672987021, 13.401226717823356, 0.34339188280615374, 0.0, 0.00012727566263492918, 1.488993500218005, 0.25110361451245133, 0.5917196171522083]
[0.0, 1722796.3484998941, 6.311074672987021, 13.401226717823356, 0.34339188280615374, 0.0, 0.00012727566263492918, 1.488993500218005, 0.25110361451245133, 0.5917196171522083]
[0.0, 1722796.3484998941, 6.311074672987021, 13.401226717823356, 0.34339188280615374, 0.0, 0.00012727566263492918, 1.488993500218005, 0.25110361451245133, 0.5917196171522083]
[0.0, 1722796.3484998941, 6.311074672987021, 13.401226717823356, 0.34339188280615374, 0.0, 0.00012727566263492918, 1.488993500218005, 0.25110361451245133, 0.5917196171522083]
[0.0, 1722796.3484998941, 6.311074672987021, 13.401226717823356, 0.34339188280615374, 0.0, 0.00012727566263492918, 1.488993500218005, 0.25110361451245133, 0.5917196171522083]
[0.0, 1722796.3484998941, 6.311074672987021, 13.401226717823356, 0.34339188280615374, 0.0, 0.00012727566263492918, 1.488993500218005, 0.25110361451245133, 0.5917196171522083]
[0.0, 1722796.3484998941, 6.311074672987021, 13.401226717823356, 0.34339188280615374, 0.0, 0.00012727566263492918, 1.488993500218005, 0.25110361451245133, 0.5917196171522083]
[0.0, 1722796.3484998941, 6.311074672987021, 13.401226717823356, 0.34339188280615374, 0.0, 0.00012727566263492918, 1.488993500218005, 0.25110361451245133, 0.5917196171522083]
[0.0, 1722796.3484998941, 6.311074672987021, 13.401226717823356, 0.34339188280615374, 0.0, 0.00012727566263492918, 1.488993500218005, 0.25110361451245133, 0.5917196171522083]
[0.0, 1722796.3484998941, 6.311074672987021, 13.401226717823356, 0.34339188280615374, 0.0, 0.00012727566263492918, 1.488993500218005, 0.25110361451245133, 0.5917196171522083]
[0.0, 1722796.3484998941, 6.311074672987021, 13.401226717823356, 0.34339188280615374, 0.0, 0.00012727566263492918, 1.488993500218005, 0.25110361451245133, 0.5917196171522083]
[0.0, 1722796.3484998941, 6.311074672987021, 13.401226717823356, 0.34339188280615374, 0.0, 0.00012727566263492918, 1.488993500218005, 0.25110361451245133, 0.5917196171522083]
[0.0, 1722796.3484998941, 6.311074672987021, 13.401226717823356, 0.34339188280615374, 0.0, 0.00012727566263492918, 1.488993500218005, 0.25110361451245133, 0.5917196171522083]
[0.0, 1722796.3484998941, 6.311074672987021, 13.401226717823356, 0.34339188280615374, 0.0, 0.00012727566263492918, 1.488993500218005, 0.25110361451245133, 0.5917196171522083]
[0.0, 1722796.3484998941, 6.311074672987021, 13.401226717823356, 0.34339188280615374, 0.0, 0.00012727566263492918, 1.488993500218005, 0.25110361451245133, 0.5917196171522083]
[0.0, 1722796.3484998941, 6.311074672987021, 13.401226717823356, 0.34339188280615374, 0.0, 0.00012727566263492918, 1.488993500218005, 0.25110361451245133, 0.5917196171522083]
[0.0, 1722796.3484998941, 6.311074672987021, 13.401226717823356, 0.34339188280615374, 0.0, 0.00012727566263492918, 1.488993500218005, 0.25110361451245133, 0.5917196171522083]
[0.0, 1722796.3484998941, 6.311074672987021, 13.401226717823356, 0.34339188280615374, 0.0, 0.00012727566263492918, 1.488993500218005, 0.25110361451245133, 0.5917196171522083]
[0.0, 1722796.3484998941, 6.311074672987021, 13.401226717823356, 0.34339188280615374, 0.0, 0.00012727566263492918, 1.488993500218005, 0.25110361451245133, 0.5917196171522083]
[0.0, 1722796.3484998941, 6.311074672987021, 13.401226717823356, 0.34339188280615374, 0.0, 0.00012727566263492918, 1.488993500218005, 0.25110361451245133, 0.5833976861486474]
[0.0, 1722796.3484998941, 6.311074672987021, 13.401226717823356, 0.34339188280615374, 0.0, 0.00012727566263492918, 1.488993500218005, 0.25110361451245133, 0.5833976861486474]
[0.0, 1722796.3484998941, 6.311074672987021, 13.401226717823356, 0.34339188280615374, 0.0, 0.00012727566263492918, 1.488993500218005, 0.25110361451245133, 0.5833976861486474]
[0.0, 1722796.3484998941, 6.311074672987021, 13.401226717823356, 0.34339188280615374, 0.0, 0.00012727566263492918, 1.488993500218005, 0.25110361451245133, 0.5833976861486474]
[0.0, 1722796.3484998941, 6.311074672987021, 13.401226717823356, 0.34339188280615374, 0.0, 0.00012727566263492918, 1.488993500218005, 0.25110361451245133, 0.5833976861486474]
[0.0, 1722796.3484998941, 6.311074672987021, 13.401226717823356, 0.34339188280615374, 0.0, 0.00012727566263492918, 1.488993500218005, 0.25110361451245133, 0.5833976861486474]
[0.0, 1722796.3484998941, 6.311074672987021, 13.401226717823356, 0.34339188280615374, 0.0, 0.00012727566263492918, 1.488993500218005, 0.25110361451245133, 0.5833976861486474]
[0.0, 1722796.3484998941, 6.311074672987021, 13.401226717823356, 0.34339188280615374, 0.0, 0.00012727566263492918, 1.488993500218005, 0.25110361451245133, 0.5833976861486474]
[0.0, 1722796.3484998941, 6.311074672987021, 13.401226717823356, 0.34339188280615374, 0.0, 0.00012727566263492918, 1.472949725805156, 0.25110361451245133, 0.5833976861486474]
[0.0, 1722796.3484998941, 6.311074672987021, 13.401226717823356, 0.34339188280615374, 0.0, 0.00012727566263492918, 1.472949725805156, 0.25110361451245133, 0.5833976861486474]
[0.0, 1722796.3484998941, 6.311074672987021, 13.401226717823356, 0.34339188280615374, 0.0, 0.00012727566263492918, 1.472949725805156, 0.25110361451245133, 0.43899324148050356]
[0.0, 1722796.3484998941, 6.311074672987021, 13.401226717823356, 0.34339188280615374, 0.0, 0.00012727566263492918, 1.472949725805156, 0.25110361451245133, 0.43899324148050356]
[0.0, 1722796.3484998941, 6.311074672987021, 13.401226717823356, 0.34339188280615374, 0.0, 0.00012727566263492918, 1.472949725805156, 0.25110361451245133, 0.43899324148050356]
[0.0, 1722796.3484998941, 6.311074672987021, 13.401226717823356, 0.34339188280615374, 0.0, 0.00012727566263492918, 1.472949725805156, 0.25110361451245133, 0.43899324148050356]
[0.0, 1722796.3484998941, 6.311074672987021, 13.401226717823356, 0.34339188280615374, 0.0, 0.00012727566263492918, 1.472949725805156, 0.25110361451245133, 0.43899324148050356]
[0.0, 1722796.3484998941, 6.311074672987021, 13.401226717823356, 0.34339188280615374, 0.0, 0.00012727566263492918, 1.472949725805156, 0.25110361451245133, 0.43899324148050356]
[0.0, 1722796.3484998941, 6.311074672987021, 13.401226717823356, 0.34339188280615374, 0.0, 0.00012727566263492918, 1.472949725805156, 0.25110361451245133, 0.43899324148050356]
[0.0, 1722796.3484998941, 6.311074672987021, 13.401226717823356, 0.34339188280615374, 0.0, 0.00012727566263492918, 1.472949725805156, 0.25110361451245133, 0.43899324148050356]
[0.0, 1722796.3484998941, 6.311074672987021, 13.401226717823356, 0.34339188280615374, 0.0, 0.00012727566263492918, 1.472949725805156, 0.25110361451245133, 0.43899324148050356]
[0.0, 1722796.3484998941, 6.311074672987021, 13.401226717823356, 0.34339188280615374, 0.0, 0.00012727566263492918, 1.472949725805156, 0.25110361451245133, 0.40481504612179053]
[0.0, 1722796.3484998941, 6.311074672987021, 13.401226717823356, 0.34339188280615374, 0.0, 0.00012727566263492918, 1.472949725805156, 0.25110361451245133, 0.40481504612179053]
[0.0, 1722796.3484998941, 6.311074672987021, 13.401226717823356, 0.34339188280615374, 0.0, 0.00012727566263492918, 1.472949725805156, 0.25110361451245133, 0.40481504612179053]
[0.0, 1722796.3484998941, 6.311074672987021, 13.401226717823356, 0.34339188280615374, 0.0, 0.00012727566263492918, 1.472949725805156, 0.25110361451245133, 0.40481504612179053]
[0.0, 1722796.3484998941, 6.311074672987021, 13.401226717823356, 0.34339188280615374, 0.0, 0.00012727566263492918, 1.472949725805156, 0.25110361451245133, 0.40481504612179053]
[0.0, 1722796.3484998941, 6.311074672987021, 13.401226717823356, 0.34339188280615374, 0.0, 0.00012727566263492918, 1.472949725805156, 0.25110361451245133, 0.40481504612179053]
[0.0, 1722796.3484998941, 6.311074672987021, 13.401226717823356, 0.34339188280615374, 0.0, 0.00012727566263492918, 1.472949725805156, 0.25110361451245133, 0.40481504612179053]
[0.0, 1722796.3484998941, 6.311074672987021, 13.401226717823356, 0.34339188280615374, 0.0, 0.00012727566263492918, 1.472949725805156, 0.25110361451245133, 0.40481504612179053]
[0.0, 1722796.3484998941, 6.311074672987021, 13.401226717823356, 0.34339188280615374, 0.0, 0.00012727566263492918, 1.472949725805156, 0.25110361451245133, 0.40481504612179053]
[0.0, 1722796.3484998941, 6.311074672987021, 13.401226717823356, 0.34339188280615374, 0.0, 0.00012727566263492918, 1.472949725805156, 0.25110361451245133, 0.40481504612179053]
[0.0, 1722796.3484998941, 6.311074672987021, 13.401226717823356, 0.34339188280615374, 0.0, 0.00012727566263492918, 1.472949725805156, 0.25110361451245133, 0.40481504612179053]
[0.0, 1722796.3484998941, 6.311074672987021, 13.401226717823356, 0.34339188280615374, 0.0, 0.00012727566263492918, 1.472949725805156, 0.25110361451245133, 0.40481504612179053]
[0.0, 1722796.3484998941, 6.311074672987021, 13.401226717823356, 0.34339188280615374, 0.0, 0.00012727566263492918, 1.472949725805156, 0.25110361451245133, 0.40481504612179053]
[0.0, 1722796.3484998941, 6.311074672987021, 13.401226717823356, 0.34339188280615374, 0.0, 0.00012727566263492918, 1.472949725805156, 0.25110361451245133, 0.40481504612179053]
[0.0, 1722796.3484998941, 6.311074672987021, 13.401226717823356, 0.34339188280615374, 0.0, 0.00012727566263492918, 1.472949725805156, 0.25110361451245133, 0.40481504612179053]
[0.0, 1722796.3484998941, 6.311074672987021, 13.401226717823356, 0.34339188280615374, 0.0, 0.00012727566263492918, 1.472949725805156, 0.25110361451245133, 0.40481504612179053]
[0.0, 1722796.3484998941, 6.311074672987021, 13.401226717823356, 0.34339188280615374, 0.0, 0.00012727566263492918, 1.472949725805156, 0.25110361451245133, 0.40481504612179053]
[0.0, 1722796.3484998941, 6.311074672987021, 13.401226717823356, 0.34339188280615374, 0.0, 0.00012727566263492918, 1.472949725805156, 0.25110361451245133, 0.35574758601043444]
[0.0, 1722796.3484998941, 6.311074672987021, 13.401226717823356, 0.34339188280615374, 0.0, 0.00012727566263492918, 1.472949725805156, 0.25110361451245133, 0.35574758601043444]
[0.0, 1722796.3484998941, 6.311074672987021, 13.401226717823356, 0.34339188280615374, 0.0, 0.00012727566263492918, 1.472949725805156, 0.25110361451245133, 0.35574758601043444]
[0.0, 1722796.3484998941, 6.311074672987021, 13.401226717823356, 0.34339188280615374, 0.0, 0.00012727566263492918, 1.472949725805156, 0.25110361451245133, 0.35574758601043444]
[0.0, 1722796.3484998941, 6.311074672987021, 13.401226717823356, 0.34339188280615374, 0.0, 0.00012727566263492918, 1.472949725805156, 0.25110361451245133, 0.35574758601043444]
[0.0, 1722796.3484998941, 6.311074672987021, 13.401226717823356, 0.34339188280615374, 0.0, 0.00012727566263492918, 1.472949725805156, 0.25110361451245133, 0.35574758601043444]
[0.0, 1722796.3484998941, 6.311074672987021, 13.401226717823356, 0.34339188280615374, 0.0, 0.00012727566263492918, 1.472949725805156, 0.25110361451245133, 0.35574758601043444]
[0.0, 1722796.3484998941, 6.311074672987021, 13.401226717823356, 0.34339188280615374, 0.0, 0.00012727566263492918, 1.472949725805156, 0.25110361451245133, 0.35574758601043444]
[0.0, 1722796.3484998941, 6.311074672987021, 13.401226717823356, 0.34339188280615374, 0.0, 0.00012727566263492918, 1.472949725805156, 0.25110361451245133, 0.35574758601043444]
[0.0, 1722796.3484998941, 6.311074672987021, 13.401226717823356, 0.34339188280615374, 0.0, 0.00012727566263492918, 1.472949725805156, 0.25110361451245133, 0.35574758601043444]
[0.0, 1722796.3484998941, 6.311074672987021, 13.401226717823356, 0.34339188280615374, 0.0, 0.00012727566263492918, 1.472949725805156, 0.25110361451245133, 0.35574758601043444]
[0.0, 1722796.3484998941, 6.311074672987021, 13.401226717823356, 0.34339188280615374, 0.0, 0.00012727566263492918, 1.472949725805156, 0.25110361451245133, 0.35574758601043444]
[0.0, 1722796.3484998941, 6.311074672987021, 13.401226717823356, 0.2846333777000525, 0.0, 0.00012727566263492918, 1.472949725805156, 0.25110361451245133, 0.35574758601043444]
[0.0, 1722796.3484998941, 6.311074672987021, 13.401226717823356, 0.2846333777000525, 0.0, 0.00012727566263492918, 1.472949725805156, 0.25110361451245133, 0.35574758601043444]
[0.0, 1722796.3484998941, 6.311074672987021, 13.401226717823356, 0.2846333777000525, 0.0, 0.00012727566263492918, 1.472949725805156, 0.25110361451245133, 0.35574758601043444]
[0.0, 1722796.3484998941, 6.311074672987021, 13.401226717823356, 0.2846333777000525, 0.0, 0.00012727566263492918, 1.472949725805156, 0.25110361451245133, 0.35574758601043444]
[0.0, 1722796.3484998941, 6.311074672987021, 13.401226717823356, 0.2846333777000525, 0.0, 0.00012727566263492918, 1.472949725805156, 0.25110361451245133, 0.28234135315385744]
[0.0, 1722796.3484998941, 6.311074672987021, 13.401226717823356, 0.2846333777000525, 0.0, 0.00012727566263492918, 1.472949725805156, 0.25110361451245133, 0.28234135315385744]
[0.0, 1722796.3484998941, 6.311074672987021, 13.401226717823356, 0.2846333777000525, 0.0, 0.00012727566263492918, 1.472949725805156, 0.25110361451245133, 0.28234135315385744]
[0.0, 1722796.3484998941, 6.311074672987021, 13.401226717823356, 0.2846333777000525, 0.0, 0.00012727566263492918, 1.472949725805156, 0.25110361451245133, 0.28234135315385744]
[0.0, 1722796.3484998941, 6.311074672987021, 13.401226717823356, 0.2846333777000525, 0.0, 0.00012727566263492918, 1.472949725805156, 0.25110361451245133, 0.28234135315385744]
[0.0, 1722796.3484998941, 6.311074672987021, 13.401226717823356, 0.2846333777000525, 0.0, 0.00012727566263492918, 1.472949725805156, 0.25110361451245133, 0.28234135315385744]
[0.0, 1722796.3484998941, 6.311074672987021, 13.401226717823356, 0.2846333777000525, 0.0, 0.00012727566263492918, 1.472949725805156, 0.25110361451245133, 0.28234135315385744]
[0.0, 1722796.3484998941, 6.311074672987021, 13.401226717823356, 0.2846333777000525, 0.0, 0.00012727566263492918, 1.472949725805156, 0.25110361451245133, 0.28234135315385744]
[0.0, 1722796.3484998941, 6.311074672987021, 13.401226717823356, 0.2846333777000525, 0.0, 0.00012727566263492918, 1.472949725805156, 0.25110361451245133, 0.28234135315385744]
[0.0, 1722796.3484998941, 6.311074672987021, 13.401226717823356, 0.2846333777000525, 0.0, 0.00012727566263492918, 1.472949725805156, 0.25110361451245133, 0.28234135315385744]
[0.0, 1722796.3484998941, 6.311074672987021, 13.401226717823356, 0.2846333777000525, 0.0, 0.00012727566263492918, 1.472949725805156, 0.25110361451245133, 0.28234135315385744]
[0.0, 1722796.3484998941, 6.311074672987021, 13.401226717823356, 0.2846333777000525, 0.0, 0.00012727566263492918, 1.472949725805156, 0.25110361451245133, 0.28234135315385744]
[0.0, 1722796.3484998941, 6.311074672987021, 13.401226717823356, 0.2846333777000525, 0.0, 0.00012727566263492918, 1.472949725805156, 0.25110361451245133, 0.28234135315385744]
[0.0, 1722796.3484998941, 6.311074672987021, 13.401226717823356, 0.2846333777000525, 0.0, 0.00012727566263492918, 1.472949725805156, 0.25110361451245133, 0.28234135315385744]
[0.0, 1722796.3484998941, 6.311074672987021, 13.401226717823356, 0.2846333777000525, 0.0, 0.00012727566263492918, 1.472949725805156, 0.25110361451245133, 0.28234135315385744]
[0.0, 1722796.3484998941, 6.311074672987021, 13.401226717823356, 0.2846333777000525, 0.0, 0.00012727566263492918, 1.472949725805156, 0.25110361451245133, 0.28234135315385744]
[0.0, 1722796.3484998941, 6.311074672987021, 13.401226717823356, 0.2846333777000525, 0.0, 0.00012727566263492918, 1.472949725805156, 0.25110361451245133, 0.28234135315385744]
[0.0, 1722796.3484998941, 6.311074672987021, 13.401226717823356, 0.2846333777000525, 0.0, 0.00012727566263492918, 1.472949725805156, 0.25110361451245133, 0.28234135315385744]
[0.0, 1722796.3484998941, 6.311074672987021, 13.401226717823356, 0.2846333777000525, 0.0, 0.00012727566263492918, 1.472949725805156, 0.25110361451245133, 0.28234135315385744]
[0.0, 1722796.3484998941, 6.311074672987021, 13.401226717823356, 0.2846333777000525, 0.0, 0.00012727566263492918, 1.472949725805156, 0.25110361451245133, 0.28234135315385744]
[0.0, 1722796.3484998941, 6.311074672987021, 13.401226717823356, 0.2846333777000525, 0.0, 0.00012727566263492918, 1.472949725805156, 0.25110361451245133, 0.28234135315385744]
[0.0, 1722796.3484998941, 6.311074672987021, 13.401226717823356, 0.2846333777000525, 0.0, 0.00012727566263492918, 1.472949725805156, 0.25110361451245133, 0.2747768376491817]
[0.0, 1722796.3484998941, 6.311074672987021, 13.401226717823356, 0.2846333777000525, 0.0, 0.00012727566263492918, 1.472949725805156, 0.25110361451245133, 0.22178855612544313]
[0.0, 1722796.3484998941, 6.311074672987021, 13.401226717823356, 0.2846333777000525, 0.0, 0.00012727566263492918, 1.472949725805156, 0.25110361451245133, 0.22178855612544313]
[0.0, 1722796.3484998941, 6.311074672987021, 13.401226717823356, 0.2846333777000525, 0.0, 0.00012727566263492918, 1.472949725805156, 0.25110361451245133, 0.22178855612544313]
[0.0, 1722796.3484998941, 6.311074672987021, 13.401226717823356, 0.2846333777000525, 0.0, 0.00012727566263492918, 1.472949725805156, 0.25110361451245133, 0.22178855612544313]
[0.0, 1722796.3484998941, 6.311074672987021, 13.401226717823356, 0.2846333777000525, 0.0, 0.00012727566263492918, 1.472949725805156, 0.25110361451245133, 0.22178855612544313]
[0.0, 1722796.3484998941, 6.311074672987021, 13.401226717823356, 0.2846333777000525, 0.0, 0.00012727566263492918, 1.472949725805156, 0.25110361451245133, 0.22178855612544313]
[0.0, 1722796.3484998941, 6.311074672987021, 13.401226717823356, 0.2846333777000525, 0.0, 0.00012727566263492918, 1.472949725805156, 0.25110361451245133, 0.22178855612544313]
[0.0, 1722796.3484998941, 6.311074672987021, 13.401226717823356, 0.2846333777000525, 0.0, 0.00012727566263492918, 1.472949725805156, 0.25110361451245133, 0.22178855612544313]
[0.0, 1722796.3484998941, 6.311074672987021, 13.401226717823356, 0.2846333777000525, 0.0, 0.00012727566263492918, 0.8322259474340109, 0.25110361451245133, 0.22178855612544313]
[0.0, 1722796.3484998941, 6.311074672987021, 13.401226717823356, 0.2846333777000525, 0.0, 0.00012727566263492918, 0.8322259474340109, 0.25110361451245133, 0.22178855612544313]
[0.0, 1722796.3484998941, 6.311074672987021, 13.401226717823356, 0.2846333777000525, 0.0, 0.00012727566263492918, 0.8322259474340109, 0.25110361451245133, 0.22178855612544313]
[0.0, 1722796.3484998941, 6.311074672987021, 13.401226717823356, 0.2846333777000525, 0.0, 0.00012727566263492918, 0.8322259474340109, 0.25110361451245133, 0.22178855612544313]
[0.0, 1722796.3484998941, 6.311074672987021, 13.401226717823356, 0.2846333777000525, 0.0, 0.00012727566263492918, 0.8322259474340109, 0.25110361451245133, 0.22178855612544313]
[0.0, 1722796.3484998941, 6.311074672987021, 13.401226717823356, 0.2846333777000525, 0.0, 0.00012727566263492918, 0.8322259474340109, 0.25110361451245133, 0.22178855612544313]
[0.0, 1722796.3484998941, 6.311074672987021, 13.401226717823356, 0.2846333777000525, 0.0, 0.00012727566263492918, 0.8322259474340109, 0.25110361451245133, 0.22178855612544313]
[0.0, 1722796.3484998941, 6.311074672987021, 13.401226717823356, 0.2846333777000525, 0.0, 0.00012727566263492918, 0.8322259474340109, 0.25110361451245133, 0.22178855612544313]
[0.0, 1722796.3484998941, 6.311074672987021, 13.401226717823356, 0.2846333777000525, 0.0, 0.00012727566263492918, 0.8322259474340109, 0.25110361451245133, 0.22178855612544313]
[0.0, 1722796.3484998941, 6.311074672987021, 13.401226717823356, 0.2846333777000525, 0.0, 0.00012727566263492918, 0.8322259474340109, 0.25110361451245133, 0.22178855612544313]
[0.0, 1722796.3484998941, 6.311074672987021, 13.401226717823356, 0.2846333777000525, 0.0, 0.00012727566263492918, 0.8322259474340109, 0.25110361451245133, 0.22178855612544313]
[0.0, 1722796.3484998941, 6.311074672987021, 13.401226717823356, 0.2846333777000525, 0.0, 0.00012727566263492918, 0.8322259474340109, 0.25110361451245133, 0.22178855612544313]
[0.0, 1722796.3484998941, 6.311074672987021, 13.401226717823356, 0.2846333777000525, 0.0, 0.00012727566263492918, 0.8322259474340109, 0.25110361451245133, 0.22178855612544313]
[0.0, 1722796.3484998941, 6.311074672987021, 13.401226717823356, 0.2846333777000525, 0.0, 0.00012727566263492918, 0.8322259474340109, 0.25110361451245133, 0.22178855612544313]
[0.0, 1722796.3484998941, 6.311074672987021, 13.401226717823356, 0.2846333777000525, 0.0, 0.00012727566263492918, 0.8322259474340109, 0.25110361451245133, 0.22178855612544313]
[0.0, 1722796.3484998941, 6.311074672987021, 13.401226717823356, 0.2846333777000525, 0.0, 0.00012727566263492918, 0.8322259474340109, 0.25110361451245133, 0.22178855612544313]
[0.0, 1722796.3484998941, 6.311074672987021, 13.401226717823356, 0.2846333777000525, 0.0, 0.00012727566263492918, 0.8322259474340109, 0.25110361451245133, 0.22178855612544313]
[0.0, 1722796.3484998941, 6.311074672987021, 13.401226717823356, 0.2846333777000525, 0.0, 0.00012727566263492918, 0.8322259474340109, 0.25110361451245133, 0.22178855612544313]
[0.0, 1722796.3484998941, 6.311074672987021, 13.401226717823356, 0.2846333777000525, 0.0, 0.00012727566263492918, 0.8322259474340109, 0.25110361451245133, 0.22178855612544313]
[0.0, 1722796.3484998941, 6.311074672987021, 13.401226717823356, 0.2846333777000525, 0.0, 0.00012727566263492918, 0.8322259474340109, 0.25110361451245133, 0.22178855612544313]
[0.0, 1722796.3484998941, 6.311074672987021, 13.401226717823356, 0.2846333777000525, 0.0, 0.00012727566263492918, 0.8322259474340109, 0.25110361451245133, 0.22178855612544313]
[0.0, 1722796.3484998941, 6.311074672987021, 13.401226717823356, 0.2846333777000525, 0.0, 0.00012727566263492918, 0.8322259474340109, 0.25110361451245133, 0.22178855612544313]
[0.0, 1722796.3484998941, 6.311074672987021, 13.401226717823356, 0.2846333777000525, 0.0, 0.00012727566263492918, 0.8322259474340109, 0.25110361451245133, 0.22178855612544313]
[0.0, 1722796.3484998941, 6.311074672987021, 13.401226717823356, 0.2846333777000525, 0.0, 0.00012727566263492918, 0.8322259474340109, 0.25110361451245133, 0.17977651504643122]
[0.0, 1722796.3484998941, 6.311074672987021, 13.401226717823356, 0.2846333777000525, 0.0, 0.00012727566263492918, 0.8322259474340109, 0.25110361451245133, 0.17977651504643122]
[0.0, 1722796.3484998941, 6.311074672987021, 13.401226717823356, 0.2846333777000525, 0.0, 0.00012727566263492918, 0.8322259474340109, 0.25110361451245133, 0.17977651504643122]
[0.0, 1722796.3484998941, 6.311074672987021, 13.401226717823356, 0.2846333777000525, 0.0, 0.00012727566263492918, 0.8322259474340109, 0.25110361451245133, 0.17977651504643122]
[0.0, 1722796.3484998941, 6.311074672987021, 13.401226717823356, 0.2846333777000525, 0.0, 0.00012727566263492918, 0.8322259474340109, 0.25110361451245133, 0.17977651504643122]
[0.0, 1722796.3484998941, 6.311074672987021, 13.401226717823356, 0.2846333777000525, 0.0, 0.00012727566263492918, 0.8322259474340109, 0.25110361451245133, 0.17977651504643122]
[0.0, 1722796.3484998941, 6.311074672987021, 13.401226717823356, 0.2846333777000525, 0.0, 0.00012727566263492918, 0.8322259474340109, 0.25110361451245133, 0.17977651504643122]
[0.0, 1722796.3484998941, 6.311074672987021, 13.401226717823356, 0.2846333777000525, 0.0, 0.00012727566263492918, 0.8322259474340109, 0.25110361451245133, 0.17977651504643122]
[0.0, 1722796.3484998941, 6.311074672987021, 13.401226717823356, 0.2846333777000525, 0.0, 0.00012727566263492918, 0.8322259474340109, 0.25110361451245133, 0.17977651504643122]
[0.0, 1722796.3484998941, 6.311074672987021, 13.401226717823356, 0.2846333777000525, 0.0, 0.00012727566263492918, 0.8322259474340109, 0.25110361451245133, 0.17977651504643122]
[0.0, 1722796.3484998941, 6.311074672987021, 13.401226717823356, 0.2846333777000525, 0.0, 0.00012727566263492918, 0.8322259474340109, 0.25110361451245133, 0.17977651504643122]
[0.0, 1722796.3484998941, 6.311074672987021, 13.401226717823356, 0.2846333777000525, 0.0, 0.00012727566263492918, 0.8322259474340109, 0.25110361451245133, 0.17977651504643122]
[0.0, 1722796.3484998941, 6.311074672987021, 13.401226717823356, 0.2846333777000525, 0.0, 0.00012727566263492918, 0.8322259474340109, 0.25110361451245133, 0.17977651504643122]
[0.0, 1722796.3484998941, 6.311074672987021, 13.401226717823356, 0.2846333777000525, 0.0, 0.00012727566263492918, 0.8322259474340109, 0.25110361451245133, 0.17977651504643122]
[0.0, 1722796.3484998941, 6.311074672987021, 13.401226717823356, 0.2846333777000525, 0.0, 0.00012727566263492918, 0.8322259474340109, 0.25110361451245133, 0.17977651504643122]
[0.0, 1722796.3484998941, 6.311074672987021, 13.401226717823356, 0.2846333777000525, 0.0, 0.00012727566263492918, 0.8322259474340109, 0.25110361451245133, 0.17916797675674134]
[0.0, 1722796.3484998941, 6.311074672987021, 13.401226717823356, 0.2846333777000525, 0.0, 0.00012727566263492918, 0.8322259474340109, 0.25110361451245133, 0.17916797675674134]
[0.0, 1722796.3484998941, 6.311074672987021, 13.401226717823356, 0.2846333777000525, 0.0, 0.00012727566263492918, 0.8322259474340109, 0.25110361451245133, 0.1510503336942688]
[0.0, 1722796.3484998941, 6.311074672987021, 13.401226717823356, 0.2846333777000525, 0.0, 0.00012727566263492918, 0.8322259474340109, 0.25110361451245133, 0.1510503336942688]
[0.0, 1722796.3484998941, 6.311074672987021, 13.401226717823356, 0.2846333777000525, 0.0, 0.00012727566263492918, 0.8322259474340109, 0.25110361451245133, 0.1510503336942688]
[0.0, 1722796.3484998941, 6.311074672987021, 13.401226717823356, 0.2846333777000525, 0.0, 0.00012727566263492918, 0.8322259474340109, 0.25110361451245133, 0.1510503336942688]
[0.0, 1722796.3484998941, 6.311074672987021, 13.401226717823356, 0.2846333777000525, 0.0, 0.00012727566263492918, 0.8322259474340109, 0.25110361451245133, 0.1510503336942688]
[0.0, 1722796.3484998941, 6.311074672987021, 13.401226717823356, 0.2846333777000525, 0.0, 0.00012727566263492918, 0.8322259474340109, 0.25110361451245133, 0.1510503336942688]
[0.0, 1722796.3484998941, 6.311074672987021, 13.401226717823356, 0.2846333777000525, 0.0, 0.00012727566263492918, 0.8322259474340109, 0.25110361451245133, 0.1510503336942688]
[0.0, 1722796.3484998941, 6.311074672987021, 13.401226717823356, 0.2846333777000525, 0.0, 0.00012727566263492918, 0.8322259474340109, 0.25110361451245133, 0.1510503336942688]
[0.0, 1722796.3484998941, 6.311074672987021, 13.401226717823356, 0.2846333777000525, 0.0, 0.00012727566263492918, 0.8322259474340109, 0.25110361451245133, 0.1510503336942688]
[0.0, 1722796.3484998941, 6.311074672987021, 13.401226717823356, 0.2846333777000525, 0.0, 0.00012727566263492918, 0.8322259474340109, 0.25110361451245133, 0.1510503336942688]
[0.0, 1722796.3484998941, 6.311074672987021, 13.401226717823356, 0.2846333777000525, 0.0, 0.00012727566263492918, 0.8322259474340109, 0.25110361451245133, 0.12736345377088698]
[0.0, 1722796.3484998941, 6.311074672987021, 13.401226717823356, 0.2846333777000525, 0.0, 0.00012727566263492918, 0.8322259474340109, 0.25110361451245133, 0.12736345377088698]
[0.0, 1722796.3484998941, 6.311074672987021, 13.401226717823356, 0.2846333777000525, 0.0, 0.00012727566263492918, 0.8322259474340109, 0.25110361451245133, 0.12736345377088698]
[0.0, 1722796.3484998941, 6.311074672987021, 13.401226717823356, 0.2846333777000525, 0.0, 0.00012727566263492918, 0.8322259474340109, 0.25110361451245133, 0.12736345377088698]
[0.0, 1722796.3484998941, 6.311074672987021, 12.422988754349817, 0.2846333777000525, 0.0, 0.00012727566263492918, 0.8322259474340109, 0.25110361451245133, 0.12736345377088698]
[0.0, 1722796.3484998941, 6.311074672987021, 12.422988754349817, 0.2846333777000525, 0.0, 0.00012727566263492918, 0.8322259474340109, 0.25110361451245133, 0.12736345377088698]
[0.0, 1722796.3484998941, 6.311074672987021, 12.422988754349817, 0.2846333777000525, 0.0, 0.00012727566263492918, 0.8322259474340109, 0.25110361451245133, 0.12736345377088698]
[0.0, 1722796.3484998941, 6.311074672987021, 12.422988754349817, 0.2846333777000525, 0.0, 0.00012727566263492918, 0.8322259474340109, 0.25110361451245133, 0.12736345377088698]
[0.0, 1722796.3484998941, 6.311074672987021, 12.422988754349817, 0.2846333777000525, 0.0, 0.00012727566263492918, 0.8322259474340109, 0.25110361451245133, 0.12736345377088698]
[0.0, 1722796.3484998941, 6.311074672987021, 12.422988754349817, 0.2846333777000525, 0.0, 0.00012727566263492918, 0.8322259474340109, 0.25110361451245133, 0.12736345377088698]
[0.0, 1722796.3484998941, 6.311074672987021, 12.422988754349817, 0.2846333777000525, 0.0, 0.00012727566263492918, 0.8322259474340109, 0.25110361451245133, 0.12736345377088698]
[0.0, 1722796.3484998941, 6.311074672987021, 12.422988754349817, 0.2846333777000525, 0.0, 0.00012727566263492918, 0.8322259474340109, 0.25110361451245133, 0.12736345377088698]
[0.0, 1722796.3484998941, 6.311074672987021, 12.422988754349817, 0.2846333777000525, 0.0, 0.00012727566263492918, 0.8322259474340109, 0.25110361451245133, 0.12736345377088698]
[0.0, 1722796.3484998941, 6.311074672987021, 12.422988754349817, 0.2846333777000525, 0.0, 0.00012727566263492918, 0.8322259474340109, 0.25110361451245133, 0.12736345377088698]
[0.0, 1722796.3484998941, 6.311074672987021, 12.422988754349817, 0.2846333777000525, 0.0, 0.00012727566263492918, 0.8322259474340109, 0.25110361451245133, 0.12736345377088698]
[0.0, 1722796.3484998941, 6.311074672987021, 12.422988754349817, 0.2846333777000525, 0.0, 0.00012727566263492918, 0.8322259474340109, 0.25110361451245133, 0.12736345377088698]
[0.0, 1722796.3484998941, 6.311074672987021, 12.422988754349817, 0.2846333777000525, 0.0, 0.00012727566263492918, 0.8322259474340109, 0.25110361451245133, 0.12736345377088698]
[0.0, 1722796.3484998941, 6.311074672987021, 12.422988754349817, 0.2846333777000525, 0.0, 0.00012727566263492918, 0.8322259474340109, 0.25110361451245133, 0.12354496977407736]
[0.0, 1722796.3484998941, 6.311074672987021, 12.422988754349817, 0.2846333777000525, 0.0, 0.00012727566263492918, 0.8322259474340109, 0.25110361451245133, 0.12354496977407736]
[0.0, 1722796.3484998941, 6.311074672987021, 12.422988754349817, 0.2846333777000525, 0.0, 0.00012727566263492918, 0.8322259474340109, 0.25110361451245133, 0.12354496977407736]
[0.0, 1722796.3484998941, 6.311074672987021, 12.422988754349817, 0.2846333777000525, 0.0, 0.00012727566263492918, 0.8322259474340109, 0.25110361451245133, 0.12354496977407736]
[0.0, 1722796.3484998941, 6.311074672987021, 12.422988754349817, 0.2846333777000525, 0.0, 0.00012727566263492918, 0.8322259474340109, 0.25110361451245133, 0.12354496977407736]
[0.0, 1722796.3484998941, 6.311074672987021, 12.422988754349817, 0.2846333777000525, 0.0, 0.00012727566263492918, 0.8322259474340109, 0.25110361451245133, 0.12354496977407736]
[0.0, 1722796.3484998941, 6.311074672987021, 12.422988754349817, 0.2846333777000525, 0.0, 0.00012727566263492918, 0.8322259474340109, 0.25110361451245133, 0.12354496977407736]
[0.0, 1722796.3484998941, 6.311074672987021, 12.422988754349817, 0.2846333777000525, 0.0, 0.00012727566263492918, 0.8322259474340109, 0.25110361451245133, 0.12354496977407736]
[0.0, 1722796.3484998941, 6.311074672987021, 12.422988754349817, 0.2846333777000525, 0.0, 0.00012727566263492918, 0.8322259474340109, 0.25110361451245133, 0.12354496977407736]
[0.0, 1722796.3484998941, 6.311074672987021, 12.422988754349817, 0.2846333777000525, 0.0, 0.00012727566263492918, 0.8322259474340109, 0.25110361451245133, 0.12354496977407736]
[0.0, 1722796.3484998941, 6.311074672987021, 12.422988754349817, 0.2846333777000525, 0.0, 0.00012727566263492918, 0.8322259474340109, 0.25110361451245133, 0.12354496977407736]
[0.0, 1722796.3484998941, 6.311074672987021, 12.422988754349817, 0.2846333777000525, 0.0, 0.00012727566263492918, 0.8322259474340109, 0.25110361451245133, 0.12354496977407736]
[0.0, 1722796.3484998941, 6.311074672987021, 12.422988754349817, 0.2846333777000525, 0.0, 0.00012727566263492918, 0.8322259474340109, 0.25110361451245133, 0.12354496977407736]
[0.0, 1722796.3484998941, 6.311074672987021, 12.422988754349817, 0.2846333777000525, 0.0, 0.00012727566263492918, 0.8322259474340109, 0.25110361451245133, 0.12354496977407736]
[0.0, 1722796.3484998941, 6.311074672987021, 12.422988754349817, 0.2846333777000525, 0.0, 0.00012727566263492918, 0.8322259474340109, 0.25110361451245133, 0.12354496977407736]
[0.0, 1722796.3484998941, 6.311074672987021, 12.422988754349817, 0.2846333777000525, 0.0, 0.00012727566263492918, 0.8322259474340109, 0.25110361451245133, 0.12354496977407736]
[0.0, 1722796.3484998941, 6.311074672987021, 12.422988754349817, 0.2846333777000525, 0.0, 0.00012727566263492918, 0.8322259474340109, 0.25110361451245133, 0.12354496977407736]
[0.0, 1722796.3484998941, 6.311074672987021, 12.422988754349817, 0.2846333777000525, 0.0, 0.00012727566263492918, 0.8322259474340109, 0.25110361451245133, 0.12354496977407736]
[0.0, 1722796.3484998941, 6.311074672987021, 12.422988754349817, 0.2846333777000525, 0.0, 0.00012727566263492918, 0.8322259474340109, 0.25110361451245133, 0.12354496977407736]
[0.0, 1722796.3484998941, 6.311074672987021, 12.422988754349817, 0.2846333777000525, 0.0, 0.00012727566263492918, 0.8322259474340109, 0.25110361451245133, 0.12354496977407736]
[0.0, 1722796.3484998941, 6.311074672987021, 12.422988754349817, 0.2846333777000525, 0.0, 0.00012727566263492918, 0.8322259474340109, 0.25110361451245133, 0.12143946729548505]
[0.0, 1722796.3484998941, 6.311074672987021, 12.422988754349817, 0.2846333777000525, 0.0, 0.00012727566263492918, 0.8322259474340109, 0.25110361451245133, 0.12143946729548505]
[0.0, 1722796.3484998941, 6.311074672987021, 12.422988754349817, 0.2846333777000525, 0.0, 0.00012727566263492918, 0.8322259474340109, 0.25110361451245133, 0.12143946729548505]
[0.0, 1722796.3484998941, 6.311074672987021, 12.422988754349817, 0.2846333777000525, 0.0, 0.00012727566263492918, 0.8322259474340109, 0.25110361451245133, 0.12143946729548505]
[0.0, 1722796.3484998941, 6.311074672987021, 12.422988754349817, 0.2846333777000525, 0.0, 0.00012727566263492918, 0.8322259474340109, 0.25110361451245133, 0.12143946729548505]
[0.0, 1722796.3484998941, 6.311074672987021, 12.422988754349817, 0.2846333777000525, 0.0, 0.00012727566263492918, 0.8322259474340109, 0.25110361451245133, 0.12143946729548505]
[0.0, 1722796.3484998941, 6.311074672987021, 12.422988754349817, 0.2846333777000525, 0.0, 0.00012727566263492918, 0.8322259474340109, 0.25110361451245133, 0.12143946729548505]
[0.0, 1722796.3484998941, 6.311074672987021, 12.422988754349817, 0.2846333777000525, 0.0, 0.00012727566263492918, 0.8322259474340109, 0.25110361451245133, 0.12143946729548505]
[0.0, 1722796.3484998941, 6.311074672987021, 12.422988754349817, 0.2846333777000525, 0.0, 0.00012727566263492918, 0.8322259474340109, 0.25110361451245133, 0.1118959806020432]
[0.0, 1722796.3484998941, 6.311074672987021, 12.422988754349817, 0.2846333777000525, 0.0, 0.00012727566263492918, 0.8322259474340109, 0.25110361451245133, 0.1118959806020432]
[0.0, 1722796.3484998941, 6.311074672987021, 12.422988754349817, 0.2846333777000525, 0.0, 0.00012727566263492918, 0.8322259474340109, 0.25110361451245133, 0.1118959806020432]
[0.0, 1722796.3484998941, 6.311074672987021, 12.422988754349817, 0.2846333777000525, 0.0, 0.00012727566263492918, 0.8322259474340109, 0.25110361451245133, 0.1118959806020432]
[0.0, 1722796.3484998941, 6.311074672987021, 12.422988754349817, 0.2846333777000525, 0.0, 0.00012727566263492918, 0.8322259474340109, 0.25110361451245133, 0.1118959806020432]
[0.0, 1722796.3484998941, 6.311074672987021, 12.422988754349817, 0.2846333777000525, 0.0, 0.00012727566263492918, 0.8322259474340109, 0.25110361451245133, 0.1118959806020432]
[0.0, 1722796.3484998941, 6.311074672987021, 12.422988754349817, 0.2846333777000525, 0.0, 0.00012727566263492918, 0.8322259474340109, 0.25110361451245133, 0.1118959806020432]
[0.0, 1722796.3484998941, 6.311074672987021, 12.422988754349817, 0.2846333777000525, 0.0, 0.00012727566263492918, 0.8322259474340109, 0.25110361451245133, 0.1118959806020432]
[0.0, 1722796.3484998941, 6.311074672987021, 12.422988754349817, 0.2846333777000525, 0.0, 0.00012727566263492918, 0.8322259474340109, 0.25110361451245133, 0.1118959806020432]
[0.0, 1722796.3484998941, 6.311074672987021, 12.422988754349817, 0.2846333777000525, 0.0, 0.00012727566263492918, 0.8322259474340109, 0.25110361451245133, 0.1118959806020432]
[0.0, 1722796.3484998941, 6.311074672987021, 12.422988754349817, 0.2846333777000525, 0.0, 0.00012727566263492918, 0.8322259474340109, 0.25110361451245133, 0.1118959806020432]
[0.0, 1722796.3484998941, 6.311074672987021, 12.422988754349817, 0.2846333777000525, 0.0, 0.00012727566263492918, 0.8322259474340109, 0.25110361451245133, 0.1118959806020432]
[0.0, 1722796.3484998941, 6.311074672987021, 12.422988754349817, 0.2846333777000525, 0.0, 0.00012727566263492918, 0.8322259474340109, 0.25110361451245133, 0.1118959806020432]
[0.0, 1722796.3484998941, 6.311074672987021, 12.422988754349817, 0.2846333777000525, 0.0, 0.00012727566263492918, 0.8322259474340109, 0.25110361451245133, 0.1118959806020432]
[0.0, 1722796.3484998941, 6.311074672987021, 12.422988754349817, 0.2846333777000525, 0.0, 0.00012727566263492918, 0.8322259474340109, 0.25110361451245133, 0.1118959806020432]
[0.0, 1722796.3484998941, 6.311074672987021, 12.422988754349817, 0.2846333777000525, 0.0, 0.00012727566263492918, 0.8322259474340109, 0.25110361451245133, 0.1118959806020432]
[0.0, 1722796.3484998941, 6.311074672987021, 12.422988754349817, 0.2846333777000525, 0.0, 0.00012727566263492918, 0.8322259474340109, 0.25110361451245133, 0.1118959806020432]
[0.0, 1722796.3484998941, 6.311074672987021, 12.422988754349817, 0.2846333777000525, 0.0, 0.00012727566263492918, 0.8322259474340109, 0.25110361451245133, 0.1118959806020432]
[0.0, 1722796.3484998941, 6.311074672987021, 12.422988754349817, 0.2846333777000525, 0.0, 0.00012727566263492918, 0.8322259474340109, 0.25110361451245133, 0.1118959806020432]
[0.0, 1722796.3484998941, 6.311074672987021, 12.422988754349817, 0.2846333777000525, 0.0, 0.00012727566263492918, 0.8322259474340109, 0.25110361451245133, 0.1118959806020432]
[0.0, 1722796.3484998941, 6.311074672987021, 12.422988754349817, 0.2846333777000525, 0.0, 0.00012727566263492918, 0.8322259474340109, 0.25110361451245133, 0.1118959806020432]
[0.0, 1722796.3484998941, 6.311074672987021, 12.422988754349817, 0.2846333777000525, 0.0, 0.00012727566263492918, 0.8322259474340109, 0.25110361451245133, 0.1118959806020432]
[0.0, 1722796.3484998941, 6.311074672987021, 12.422988754349817, 0.2846333777000525, 0.0, 0.00012727566263492918, 0.8322259474340109, 0.25110361451245133, 0.1118959806020432]
[0.0, 1722796.3484998941, 6.311074672987021, 12.422988754349817, 0.2846333777000525, 0.0, 0.00012727566263492918, 0.8322259474340109, 0.25110361451245133, 0.1118959806020432]
[0.0, 1722796.3484998941, 6.311074672987021, 12.422988754349817, 0.2846333777000525, 0.0, 0.00012727566263492918, 0.8322259474340109, 0.25110361451245133, 0.1069068714058905]
[0.0, 1722796.3484998941, 6.311074672987021, 12.422988754349817, 0.2846333777000525, 0.0, 0.00012727566263492918, 0.8322259474340109, 0.25110361451245133, 0.1069068714058905]
[0.0, 1722796.3484998941, 6.311074672987021, 12.422988754349817, 0.2846333777000525, 0.0, 0.00012727566263492918, 0.8322259474340109, 0.25110361451245133, 0.1069068714058905]
[0.0, 1722796.3484998941, 6.311074672987021, 12.422988754349817, 0.2846333777000525, 0.0, 0.00012727566263492918, 0.8322259474340109, 0.25110361451245133, 0.1069068714058905]
[0.0, 1722796.3484998941, 6.311074672987021, 12.422988754349817, 0.2846333777000525, 0.0, 0.00012727566263492918, 0.8322259474340109, 0.25110361451245133, 0.10642265183731014]
[0.0, 1722796.3484998941, 6.311074672987021, 12.422988754349817, 0.2846333777000525, 0.0, 0.00012727566263492918, 0.8322259474340109, 0.25110361451245133, 0.1049874996536393]
[0.0, 1722796.3484998941, 6.311074672987021, 12.422988754349817, 0.2846333777000525, 0.0, 0.00012727566263492918, 0.8322259474340109, 0.25110361451245133, 0.1049874996536393]
[0.0, 1722796.3484998941, 6.311074672987021, 12.422988754349817, 0.2846333777000525, 0.0, 0.00012727566263492918, 0.8322259474340109, 0.25110361451245133, 0.1049874996536393]
[0.0, 1722796.3484998941, 6.311074672987021, 12.422988754349817, 0.2846333777000525, 0.0, 0.00012727566263492918, 0.8322259474340109, 0.25110361451245133, 0.1049874996536393]
[0.0, 1722796.3484998941, 6.311074672987021, 12.422988754349817, 0.2846333777000525, 0.0, 0.00012727566263492918, 0.8322259474340109, 0.25110361451245133, 0.1049874996536393]
[0.0, 1722796.3484998941, 6.311074672987021, 12.422988754349817, 0.2846333777000525, 0.0, 0.00012727566263492918, 0.8322259474340109, 0.25110361451245133, 0.1049874996536393]
[0.0, 1722796.3484998941, 6.311074672987021, 12.422988754349817, 0.2846333777000525, 0.0, 0.00012727566263492918, 0.8322259474340109, 0.25110361451245133, 0.1049874996536393]
[0.0, 1722796.3484998941, 6.311074672987021, 12.422988754349817, 0.2846333777000525, 0.0, 0.00012727566263492918, 0.8322259474340109, 0.25110361451245133, 0.09348746577874723]
[0.0, 1722796.3484998941, 6.311074672987021, 12.422988754349817, 0.2846333777000525, 0.0, 0.00012727566263492918, 0.8322259474340109, 0.25110361451245133, 0.09348746577874723]
[0.0, 1722796.3484998941, 6.311074672987021, 12.422988754349817, 0.2846333777000525, 0.0, 0.00012727566263492918, 0.8322259474340109, 0.25110361451245133, 0.09348746577874723]
[0.0, 1722796.3484998941, 6.311074672987021, 12.422988754349817, 0.2846333777000525, 0.0, 0.00012727566263492918, 0.8322259474340109, 0.25110361451245133, 0.09348746577874723]
[0.0, 1722796.3484998941, 6.311074672987021, 12.422988754349817, 0.2846333777000525, 0.0, 0.00012727566263492918, 0.8322259474340109, 0.25110361451245133, 0.09348746577874723]
[0.0, 1722796.3484998941, 6.311074672987021, 12.422988754349817, 0.2846333777000525, 0.0, 0.00012727566263492918, 0.8322259474340109, 0.25110361451245133, 0.09348746577874723]
[0.0, 1722796.3484998941, 6.311074672987021, 12.422988754349817, 0.2846333777000525, 0.0, 0.00012727566263492918, 0.8322259474340109, 0.25110361451245133, 0.09348746577874723]
[0.0, 1722796.3484998941, 6.311074672987021, 12.422988754349817, 0.2846333777000525, 0.0, 0.00012727566263492918, 0.8322259474340109, 0.25110361451245133, 0.09348746577874723]
[0.0, 1722796.3484998941, 6.311074672987021, 12.422988754349817, 0.2846333777000525, 0.0, 0.00012727566263492918, 0.8322259474340109, 0.25110361451245133, 0.09348746577874723]
[0.0, 1722796.3484998941, 6.311074672987021, 12.422988754349817, 0.2846333777000525, 0.0, 0.00012727566263492918, 0.8322259474340109, 0.25110361451245133, 0.09348746577874723]
[0.0, 1722796.3484998941, 6.311074672987021, 12.422988754349817, 0.2846333777000525, 0.0, 0.00012727566263492918, 0.8322259474340109, 0.25110361451245133, 0.09348746577874723]
[0.0, 1722796.3484998941, 6.311074672987021, 12.422988754349817, 0.2846333777000525, 0.0, 0.00012727566263492918, 0.8322259474340109, 0.25110361451245133, 0.08650843391971508]
[0.0, 1722796.3484998941, 6.311074672987021, 12.422988754349817, 0.2846333777000525, 0.0, 0.00012727566263492918, 0.8322259474340109, 0.25110361451245133, 0.08650843391971508]
[0.0, 1722796.3484998941, 6.311074672987021, 12.422988754349817, 0.2846333777000525, 0.0, 0.00012727566263492918, 0.8322259474340109, 0.25110361451245133, 0.08650843391971508]
[0.0, 1722796.3484998941, 6.311074672987021, 12.422988754349817, 0.2846333777000525, 0.0, 0.00012727566263492918, 0.8322259474340109, 0.25110361451245133, 0.08650843391971508]
[0.0, 1722796.3484998941, 6.311074672987021, 12.422988754349817, 0.2846333777000525, 0.0, 0.00012727566263492918, 0.8322259474340109, 0.25110361451245133, 0.08650843391971508]
[0.0, 1722796.3484998941, 6.311074672987021, 12.422988754349817, 0.2846333777000525, 0.0, 0.00012727566263492918, 0.8322259474340109, 0.25110361451245133, 0.08650843391971508]
[0.0, 1722796.3484998941, 6.311074672987021, 12.422988754349817, 0.2846333777000525, 0.0, 0.00012727566263492918, 0.8322259474340109, 0.25110361451245133, 0.08650843391971508]
[0.0, 1722796.3484998941, 6.311074672987021, 12.422988754349817, 0.2846333777000525, 0.0, 0.00012727566263492918, 0.8322259474340109, 0.25110361451245133, 0.08650843391971508]
[0.0, 1722796.3484998941, 6.311074672987021, 12.422988754349817, 0.2846333777000525, 0.0, 0.00012727566263492918, 0.8322259474340109, 0.25110361451245133, 0.08650843391971508]
[0.0, 1722796.3484998941, 6.311074672987021, 12.422988754349817, 0.2846333777000525, 0.0, 0.00012727566263492918, 0.8322259474340109, 0.25110361451245133, 0.08650843391971508]
[0.0, 1722796.3484998941, 6.311074672987021, 12.422988754349817, 0.2846333777000525, 0.0, 0.00012727566263492918, 0.8322259474340109, 0.25110361451245133, 0.08650843391971508]
[0.0, 1722796.3484998941, 6.311074672987021, 12.422988754349817, 0.2846333777000525, 0.0, 0.00012727566263492918, 0.8322259474340109, 0.25110361451245133, 0.08650843391971508]
[0.0, 1722796.3484998941, 6.311074672987021, 12.422988754349817, 0.2846333777000525, 0.0, 0.00012727566263492918, 0.8322259474340109, 0.25110361451245133, 0.08650843391971508]
[0.0, 1722796.3484998941, 6.311074672987021, 12.422988754349817, 0.2846333777000525, 0.0, 0.00012727566263492918, 0.8322259474340109, 0.25110361451245133, 0.08650843391971508]
[0.0, 1722796.3484998941, 6.311074672987021, 12.422988754349817, 0.2846333777000525, 0.0, 0.00012727566263492918, 0.8322259474340109, 0.25110361451245133, 0.08650843391971508]
[0.0, 1722796.3484998941, 6.311074672987021, 12.422988754349817, 0.2846333777000525, 0.0, 0.00012727566263492918, 0.8322259474340109, 0.25110361451245133, 0.08650843391971508]
[0.0, 1722796.3484998941, 6.311074672987021, 12.422988754349817, 0.2846333777000525, 0.0, 0.00012727566263492918, 0.8322259474340109, 0.25110361451245133, 0.08302919983878754]
[0.0, 1722796.3484998941, 6.311074672987021, 12.422988754349817, 0.2846333777000525, 0.0, 0.00012727566263492918, 0.8322259474340109, 0.25110361451245133, 0.08302919983878754]
[0.0, 1722796.3484998941, 6.311074672987021, 12.422988754349817, 0.2846333777000525, 0.0, 0.00012727566263492918, 0.8322259474340109, 0.25110361451245133, 0.08302919983878754]
[0.0, 1722796.3484998941, 6.311074672987021, 12.422988754349817, 0.2846333777000525, 0.0, 0.00012727566263492918, 0.8322259474340109, 0.25110361451245133, 0.08302919983878754]
[0.0, 1722796.3484998941, 6.311074672987021, 12.422988754349817, 0.2846333777000525, 0.0, 0.00012727566263492918, 0.8322259474340109, 0.25110361451245133, 0.08302919983878754]
[0.0, 1722796.3484998941, 6.311074672987021, 12.422988754349817, 0.2846333777000525, 0.0, 0.00012727566263492918, 0.8322259474340109, 0.25110361451245133, 0.08302919983878754]
[0.0, 1722796.3484998941, 6.311074672987021, 12.422988754349817, 0.2846333777000525, 0.0, 0.00012727566263492918, 0.8322259474340109, 0.25110361451245133, 0.08302919983878754]
[0.0, 1722796.3484998941, 6.311074672987021, 12.422988754349817, 0.2846333777000525, 0.0, 0.00012727566263492918, 0.8322259474340109, 0.25110361451245133, 0.08302919983878754]
[0.0, 1722796.3484998941, 6.311074672987021, 12.422988754349817, 0.2846333777000525, 0.0, 0.00012727566263492918, 0.8322259474340109, 0.25110361451245133, 0.08302919983878754]
[0.0, 1722796.3484998941, 6.311074672987021, 12.422988754349817, 0.2846333777000525, 0.0, 0.00012727566263492918, 0.8322259474340109, 0.25110361451245133, 0.08302919983878754]
[0.0, 1722796.3484998941, 6.311074672987021, 12.422988754349817, 0.2846333777000525, 0.0, 0.00012727566263492918, 0.8322259474340109, 0.25110361451245133, 0.08302919983878754]
[0.0, 1722796.3484998941, 6.311074672987021, 12.422988754349817, 0.2846333777000525, 0.0, 0.00012727566263492918, 0.8322259474340109, 0.25110361451245133, 0.08302919983878754]
[0.0, 1722796.3484998941, 6.311074672987021, 12.422988754349817, 0.2846333777000525, 0.0, 0.00012727566263492918, 0.8322259474340109, 0.25110361451245133, 0.08302919983878754]
[0.0, 1722796.3484998941, 6.311074672987021, 12.422988754349817, 0.2846333777000525, 0.0, 0.00012727566263492918, 0.8322259474340109, 0.25110361451245133, 0.08302919983878754]
[0.0, 1722796.3484998941, 6.311074672987021, 12.422988754349817, 0.2846333777000525, 0.0, 0.00012727566263492918, 0.8322259474340109, 0.25110361451245133, 0.0797454334551202]
[0.0, 1722796.3484998941, 6.311074672987021, 12.422988754349817, 0.2846333777000525, 0.0, 0.00012727566263492918, 0.8322259474340109, 0.25110361451245133, 0.06657208418761629]
[0.0, 1722796.3484998941, 6.311074672987021, 12.422988754349817, 0.2846333777000525, 0.0, 0.00012727566263492918, 0.8322259474340109, 0.25110361451245133, 0.06657208418761629]
[0.0, 1722796.3484998941, 6.311074672987021, 12.422988754349817, 0.2846333777000525, 0.0, 0.00012727566263492918, 0.8322259474340109, 0.25110361451245133, 0.06657208418761629]
[0.0, 1722796.3484998941, 6.311074672987021, 12.422988754349817, 0.2846333777000525, 0.0, 0.00012727566263492918, 0.8322259474340109, 0.25110361451245133, 0.06657208418761629]
[0.0, 1722796.3484998941, 6.311074672987021, 12.422988754349817, 0.2846333777000525, 0.0, 0.00012727566263492918, 0.8322259474340109, 0.25110361451245133, 0.06657208418761629]
[0.0, 1722796.3484998941, 6.311074672987021, 12.422988754349817, 0.2846333777000525, 0.0, 0.00012727566263492918, 0.8322259474340109, 0.25110361451245133, 0.06657208418761629]
[0.0, 1722796.3484998941, 6.311074672987021, 12.422988754349817, 0.2846333777000525, 0.0, 0.00012727566263492918, 0.8322259474340109, 0.25110361451245133, 0.06657208418761629]
[0.0, 1722796.3484998941, 6.311074672987021, 12.422988754349817, 0.2846333777000525, 0.0, 0.00012727566263492918, 0.8322259474340109, 0.25110361451245133, 0.06657208418761629]
[0.0, 1722796.3484998941, 6.311074672987021, 12.422988754349817, 0.2846333777000525, 0.0, 0.00012727566263492918, 0.8322259474340109, 0.25110361451245133, 0.06657208418761629]
[0.0, 1722796.3484998941, 6.311074672987021, 12.422988754349817, 0.2846333777000525, 0.0, 0.00012727566263492918, 0.8322259474340109, 0.25110361451245133, 0.06657208418761629]
[0.0, 1722796.3484998941, 6.311074672987021, 12.422988754349817, 0.2846333777000525, 0.0, 0.00012727566263492918, 0.8322259474340109, 0.25110361451245133, 0.06657208418761629]
[0.0, 1722796.3484998941, 6.311074672987021, 12.422988754349817, 0.2846333777000525, 0.0, 0.00012727566263492918, 0.8322259474340109, 0.25110361451245133, 0.06657208418761629]
[0.0, 1722796.3484998941, 6.311074672987021, 12.422988754349817, 0.2846333777000525, 0.0, 0.00012727566263492918, 0.8322259474340109, 0.25110361451245133, 0.06657208418761629]
[0.0, 1722796.3484998941, 6.311074672987021, 12.422988754349817, 0.2846333777000525, 0.0, 0.00012727566263492918, 0.8322259474340109, 0.25110361451245133, 0.06657208418761629]
[0.0, 1722796.3484998941, 6.311074672987021, 12.422988754349817, 0.2846333777000525, 0.0, 0.00012727566263492918, 0.8322259474340109, 0.25110361451245133, 0.06657208418761629]
[0.0, 1722796.3484998941, 6.311074672987021, 12.422988754349817, 0.2846333777000525, 0.0, 0.00012727566263492918, 0.8322259474340109, 0.25110361451245133, 0.06657208418761629]
[0.0, 1722796.3484998941, 6.311074672987021, 12.422988754349817, 0.2846333777000525, 0.0, 0.00012727566263492918, 0.8322259474340109, 0.25110361451245133, 0.06657208418761629]
[0.0, 1722796.3484998941, 6.311074672987021, 12.422988754349817, 0.2846333777000525, 0.0, 0.00012727566263492918, 0.8322259474340109, 0.25110361451245133, 0.05962117891933305]
[0.0, 1722796.3484998941, 6.311074672987021, 12.422988754349817, 0.2846333777000525, 0.0, 0.00012727566263492918, 0.8322259474340109, 0.25110361451245133, 0.05962117891933305]
[0.0, 1722796.3484998941, 6.311074672987021, 12.422988754349817, 0.2846333777000525, 0.0, 0.00012727566263492918, 0.8322259474340109, 0.25110361451245133, 0.05962117891933305]
[0.0, 1722796.3484998941, 6.311074672987021, 12.422988754349817, 0.2846333777000525, 0.0, 0.00012727566263492918, 0.8322259474340109, 0.25110361451245133, 0.05962117891933305]
[0.0, 1722796.3484998941, 6.311074672987021, 12.422988754349817, 0.2846333777000525, 0.0, 0.00012727566263492918, 0.8322259474340109, 0.25110361451245133, 0.05962117891933305]
[0.0, 1722796.3484998941, 6.311074672987021, 12.422988754349817, 0.2846333777000525, 0.0, 0.00012727566263492918, 0.8322259474340109, 0.25110361451245133, 0.05532560308444845]
[0.0, 1722796.3484998941, 6.311074672987021, 12.422988754349817, 0.2846333777000525, 0.0, 0.00012727566263492918, 0.8322259474340109, 0.25110361451245133, 0.05532560308444845]
[0.0, 1722796.3484998941, 6.311074672987021, 12.422988754349817, 0.2846333777000525, 0.0, 0.00012727566263492918, 0.8322259474340109, 0.25110361451245133, 0.05532560308444845]
[0.0, 1722796.3484998941, 6.311074672987021, 12.422988754349817, 0.2846333777000525, 0.0, 0.00012727566263492918, 0.8322259474340109, 0.25110361451245133, 0.05532560308444845]
[0.0, 1722796.3484998941, 6.311074672987021, 12.422988754349817, 0.2846333777000525, 0.0, 0.00012727566263492918, 0.8322259474340109, 0.25110361451245133, 0.05532560308444845]
[0.0, 1722796.3484998941, 6.311074672987021, 12.422988754349817, 0.2846333777000525, 0.0, 0.00012727566263492918, 0.8322259474340109, 0.25110361451245133, 0.05532560308444845]
[0.0, 1722796.3484998941, 6.311074672987021, 12.422988754349817, 0.2846333777000525, 0.0, 0.00012727566263492918, 0.8322259474340109, 0.25110361451245133, 0.05532560308444845]
[0.0, 1722796.3484998941, 6.311074672987021, 12.422988754349817, 0.2846333777000525, 0.0, 0.00012727566263492918, 0.8322259474340109, 0.25110361451245133, 0.05532560308444845]
[0.0, 1722796.3484998941, 6.311074672987021, 12.422988754349817, 0.2846333777000525, 0.0, 0.00012727566263492918, 0.8322259474340109, 0.25110361451245133, 0.05532560308444845]
[0.0, 1722796.3484998941, 6.311074672987021, 12.422988754349817, 0.2846333777000525, 0.0, 0.00012727566263492918, 0.8322259474340109, 0.25110361451245133, 0.05532560308444845]
[0.0, 1722796.3484998941, 6.311074672987021, 12.422988754349817, 0.2846333777000525, 0.0, 0.00012727566263492918, 0.8322259474340109, 0.25110361451245133, 0.05532560308444845]
[0.0, 1722796.3484998941, 6.311074672987021, 12.422988754349817, 0.2846333777000525, 0.0, 0.00012727566263492918, 0.8322259474340109, 0.25110361451245133, 0.05532560308444845]
[0.0, 1722796.3484998941, 6.311074672987021, 12.422988754349817, 0.2846333777000525, 0.0, 0.00012727566263492918, 0.8322259474340109, 0.25110361451245133, 0.05532560308444845]
[0.0, 1722796.3484998941, 6.311074672987021, 12.422988754349817, 0.2846333777000525, 0.0, 0.00012727566263492918, 0.8322259474340109, 0.25110361451245133, 0.04170948921722273]
[0.0, 1722796.3484998941, 6.311074672987021, 12.422988754349817, 0.2846333777000525, 0.0, 0.00012727566263492918, 0.8322259474340109, 0.25110361451245133, 0.04170948921722273]
[0.0, 1722796.3484998941, 6.311074672987021, 12.422988754349817, 0.2846333777000525, 0.0, 0.00012727566263492918, 0.8322259474340109, 0.25110361451245133, 0.04170948921722273]
[0.0, 1722796.3484998941, 6.311074672987021, 12.422988754349817, 0.2846333777000525, 0.0, 0.00012727566263492918, 0.8322259474340109, 0.25110361451245133, 0.04170948921722273]
[0.0, 1722796.3484998941, 6.311074672987021, 12.422988754349817, 0.2846333777000525, 0.0, 0.00012727566263492918, 0.8322259474340109, 0.25110361451245133, 0.04170948921722273]
[0.0, 1722796.3484998941, 6.311074672987021, 12.422988754349817, 0.2846333777000525, 0.0, 0.00012727566263492918, 0.8322259474340109, 0.25110361451245133, 0.04170948921722273]
[0.0, 1722796.3484998941, 6.311074672987021, 12.422988754349817, 0.2846333777000525, 0.0, 0.00012727566263492918, 0.8322259474340109, 0.25110361451245133, 0.04170948921722273]
[0.0, 1722796.3484998941, 6.311074672987021, 12.422988754349817, 0.2846333777000525, 0.0, 0.00012727566263492918, 0.8322259474340109, 0.25110361451245133, 0.04170948921722273]
[0.0, 1722796.3484998941, 6.311074672987021, 12.422988754349817, 0.2846333777000525, 0.0, 0.00012727566263492918, 0.8322259474340109, 0.25110361451245133, 0.04170948921722273]
[0.0, 1722796.3484998941, 6.311074672987021, 12.422988754349817, 0.2846333777000525, 0.0, 0.00012727566263492918, 0.8322259474340109, 0.25110361451245133, 0.04170948921722273]
[0.0, 1722796.3484998941, 6.311074672987021, 12.422988754349817, 0.2846333777000525, 0.0, 0.00012727566263492918, 0.8322259474340109, 0.25110361451245133, 0.04170948921722273]
[0.0, 1722796.3484998941, 6.311074672987021, 12.422988754349817, 0.2846333777000525, 0.0, 0.00012727566263492918, 0.8322259474340109, 0.25110361451245133, 0.04170948921722273]
[0.0, 1722796.3484998941, 6.311074672987021, 12.422988754349817, 0.2846333777000525, 0.0, 0.00012727566263492918, 0.8322259474340109, 0.25110361451245133, 0.04170948921722273]
[0.0, 1722796.3484998941, 6.311074672987021, 12.422988754349817, 0.2846333777000525, 0.0, 0.00012727566263492918, 0.8322259474340109, 0.25110361451245133, 0.04170948921722273]
[0.0, 1722796.3484998941, 6.311074672987021, 12.422988754349817, 0.2846333777000525, 0.0, 0.00012727566263492918, 0.8322259474340109, 0.25110361451245133, 0.04170948921722273]
[0.0, 1722796.3484998941, 6.311074672987021, 12.422988754349817, 0.2846333777000525, 0.0, 0.00012727566263492918, 0.8322259474340109, 0.25110361451245133, 0.04170948921722273]
[0.0, 1722796.3484998941, 6.311074672987021, 12.422988754349817, 0.2846333777000525, 0.0, 0.00012727566263492918, 0.8322259474340109, 0.25110361451245133, 0.04170948921722273]
[0.0, 1722796.3484998941, 6.311074672987021, 12.422988754349817, 0.2846333777000525, 0.0, 0.00012727566263492918, 0.8322259474340109, 0.25110361451245133, 0.04170948921722273]
[0.0, 1722796.3484998941, 6.311074672987021, 12.422988754349817, 0.2846333777000525, 0.0, 0.00012727566263492918, 0.8322259474340109, 0.25110361451245133, 0.04170948921722273]
[0.0, 1722796.3484998941, 6.311074672987021, 12.422988754349817, 0.2846333777000525, 0.0, 0.00012727566263492918, 0.8322259474340109, 0.25110361451245133, 0.04170948921722273]
[0.0, 1722796.3484998941, 6.311074672987021, 12.422988754349817, 0.2846333777000525, 0.0, 0.00012727566263492918, 0.8322259474340109, 0.25110361451245133, 0.04170948921722273]
[0.0, 1722796.3484998941, 6.311074672987021, 12.422988754349817, 0.2846333777000525, 0.0, 0.00012727566263492918, 0.8322259474340109, 0.25110361451245133, 0.04170948921722273]
[0.0, 1722796.3484998941, 6.311074672987021, 12.422988754349817, 0.2846333777000525, 0.0, 0.00012727566263492918, 0.8322259474340109, 0.25110361451245133, 0.04170948921722273]
[0.0, 1722796.3484998941, 6.311074672987021, 12.422988754349817, 0.2846333777000525, 0.0, 0.00012727566263492918, 0.8322259474340109, 0.25110361451245133, 0.04170948921722273]
[0.0, 1722796.3484998941, 6.311074672987021, 12.422988754349817, 0.2846333777000525, 0.0, 0.00012727566263492918, 0.8322259474340109, 0.25110361451245133, 0.04170948921722273]
[0.0, 1722796.3484998941, 6.311074672987021, 12.422988754349817, 0.2846333777000525, 0.0, 0.00012727566263492918, 0.8322259474340109, 0.25110361451245133, 0.04170948921722273]
[0.0, 1722796.3484998941, 6.311074672987021, 12.422988754349817, 0.2846333777000525, 0.0, 0.00012727566263492918, 0.8322259474340109, 0.25110361451245133, 0.04170948921722273]
[0.0, 1722796.3484998941, 6.311074672987021, 12.422988754349817, 0.2846333777000525, 0.0, 0.00012727566263492918, 0.8322259474340109, 0.25110361451245133, 0.04170948921722273]
[0.0, 1722796.3484998941, 6.311074672987021, 12.422988754349817, 0.2846333777000525, 0.0, 0.00012727566263492918, 0.8322259474340109, 0.25110361451245133, 0.04170948921722273]
[0.0, 1722796.3484998941, 6.311074672987021, 12.422988754349817, 0.2846333777000525, 0.0, 0.00012727566263492918, 0.8322259474340109, 0.25110361451245133, 0.04170948921722273]
[0.0, 1722796.3484998941, 6.311074672987021, 12.422988754349817, 0.2846333777000525, 0.0, 0.00012727566263492918, 0.8322259474340109, 0.25110361451245133, 0.04170948921722273]
[0.0, 1722796.3484998941, 6.311074672987021, 12.422988754349817, 0.2846333777000525, 0.0, 0.00012727566263492918, 0.8322259474340109, 0.25110361451245133, 0.04170948921722273]
[0.0, 1722796.3484998941, 6.311074672987021, 12.422988754349817, 0.2846333777000525, 0.0, 0.00012727566263492918, 0.8322259474340109, 0.25110361451245133, 0.04170948921722273]
[0.0, 1722796.3484998941, 6.311074672987021, 12.422988754349817, 0.2846333777000525, 0.0, 0.00012727566263492918, 0.8322259474340109, 0.25110361451245133, 0.04170948921722273]
[0.0, 1722796.3484998941, 6.311074672987021, 12.422988754349817, 0.2846333777000525, 0.0, 0.00012727566263492918, 0.8322259474340109, 0.25110361451245133, 0.04170948921722273]
[0.0, 1722796.3484998941, 6.311074672987021, 12.422988754349817, 0.2846333777000525, 0.0, 0.00012727566263492918, 0.8322259474340109, 0.25110361451245133, 0.04170948921722273]
[0.0, 1722796.3484998941, 6.311074672987021, 12.422988754349817, 0.2846333777000525, 0.0, 0.00012727566263492918, 0.8322259474340109, 0.25110361451245133, 0.04170948921722273]
[0.0, 1722796.3484998941, 6.311074672987021, 12.422988754349817, 0.2846333777000525, 0.0, 0.00012727566263492918, 0.8322259474340109, 0.25110361451245133, 0.04170948921722273]
[0.0, 1722796.3484998941, 6.311074672987021, 12.422988754349817, 0.2846333777000525, 0.0, 0.00012727566263492918, 0.8322259474340109, 0.25110361451245133, 0.04170948921722273]
[0.0, 1722796.3484998941, 6.311074672987021, 12.422988754349817, 0.2846333777000525, 0.0, 0.00012727566263492918, 0.8322259474340109, 0.25110361451245133, 0.04170948921722273]
[0.0, 1722796.3484998941, 6.311074672987021, 12.422988754349817, 0.2846333777000525, 0.0, 0.00012727566263492918, 0.8322259474340109, 0.25110361451245133, 0.04170948921722273]
[0.0, 1722796.3484998941, 6.311074672987021, 12.422988754349817, 0.2846333777000525, 0.0, 0.00012727566263492918, 0.8322259474340109, 0.25110361451245133, 0.04170948921722273]
[0.0, 1722796.3484998941, 6.311074672987021, 12.422988754349817, 0.2846333777000525, 0.0, 0.00012727566263492918, 0.8322259474340109, 0.25110361451245133, 0.04170948921722273]
[0.0, 1722796.3484998941, 6.311074672987021, 12.422988754349817, 0.2846333777000525, 0.0, 0.00012727566263492918, 0.8322259474340109, 0.25110361451245133, 0.04170948921722273]
[0.0, 1722796.3484998941, 6.311074672987021, 12.422988754349817, 0.2846333777000525, 0.0, 0.00012727566263492918, 0.8322259474340109, 0.25110361451245133, 0.03897541866730636]
[0.0, 1722796.3484998941, 6.311074672987021, 12.422988754349817, 0.2846333777000525, 0.0, 0.00012727566263492918, 0.8322259474340109, 0.25110361451245133, 0.03897541866730636]
[0.0, 1722796.3484998941, 6.311074672987021, 12.422988754349817, 0.2846333777000525, 0.0, 0.00012727566263492918, 0.8322259474340109, 0.25110361451245133, 0.03897541866730636]
[0.0, 1722796.3484998941, 6.311074672987021, 12.422988754349817, 0.2846333777000525, 0.0, 0.00012727566263492918, 0.8322259474340109, 0.25110361451245133, 0.03897541866730636]
[0.0, 1722796.3484998941, 6.311074672987021, 12.422988754349817, 0.2846333777000525, 0.0, 0.00012727566263492918, 0.8322259474340109, 0.25110361451245133, 0.03897541866730636]
[0.0, 1722796.3484998941, 6.311074672987021, 12.422988754349817, 0.2846333777000525, 0.0, 0.00012727566263492918, 0.8322259474340109, 0.25110361451245133, 0.03897541866730636]
[0.0, 1722796.3484998941, 6.311074672987021, 12.422988754349817, 0.2846333777000525, 0.0, 0.00012727566263492918, 0.8322259474340109, 0.25110361451245133, 0.03897541866730636]
[0.0, 1722796.3484998941, 6.311074672987021, 12.422988754349817, 0.2846333777000525, 0.0, 0.00012727566263492918, 0.8322259474340109, 0.25110361451245133, 0.03897541866730636]
[0.0, 1722796.3484998941, 6.311074672987021, 12.422988754349817, 0.2846333777000525, 0.0, 0.00012727566263492918, 0.8322259474340109, 0.25110361451245133, 0.03897541866730636]
[0.0, 1722796.3484998941, 6.311074672987021, 12.422988754349817, 0.2846333777000525, 0.0, 0.00012727566263492918, 0.8322259474340109, 0.25110361451245133, 0.03897541866730636]
[0.0, 1722796.3484998941, 6.311074672987021, 12.422988754349817, 0.2846333777000525, 0.0, 0.00012727566263492918, 0.8322259474340109, 0.25110361451245133, 0.03897541866730636]
[0.0, 1722796.3484998941, 6.311074672987021, 12.422988754349817, 0.2846333777000525, 0.0, 0.00012727566263492918, 0.8322259474340109, 0.25110361451245133, 0.03897541866730636]
[0.0, 1722796.3484998941, 6.311074672987021, 12.422988754349817, 0.2846333777000525, 0.0, 0.00012727566263492918, 0.8322259474340109, 0.25110361451245133, 0.03519508515885095]
[0.0, 1722796.3484998941, 6.311074672987021, 12.422988754349817, 0.2846333777000525, 0.0, 0.00012727566263492918, 0.8322259474340109, 0.25110361451245133, 0.03495920437892197]
[0.0, 1722796.3484998941, 6.311074672987021, 12.422988754349817, 0.2846333777000525, 0.0, 0.00012727566263492918, 0.8322259474340109, 0.25110361451245133, 0.03495920437892197]
[0.0, 1722796.3484998941, 6.311074672987021, 12.422988754349817, 0.2846333777000525, 0.0, 0.00012727566263492918, 0.8322259474340109, 0.25110361451245133, 0.03495920437892197]
[0.0, 1722796.3484998941, 6.311074672987021, 12.422988754349817, 0.2846333777000525, 0.0, 0.00012727566263492918, 0.8322259474340109, 0.25110361451245133, 0.03495920437892197]
[0.0, 1722796.3484998941, 6.311074672987021, 12.422988754349817, 0.2846333777000525, 0.0, 0.00012727566263492918, 0.8322259474340109, 0.25110361451245133, 0.03495920437892197]
[0.0, 1722796.3484998941, 6.311074672987021, 12.422988754349817, 0.2846333777000525, 0.0, 0.00012727566263492918, 0.8322259474340109, 0.25110361451245133, 0.03495920437892197]
[0.0, 1722796.3484998941, 6.311074672987021, 12.422988754349817, 0.2846333777000525, 0.0, 0.00012727566263492918, 0.8322259474340109, 0.25110361451245133, 0.03495920437892197]
[0.0, 1722796.3484998941, 6.311074672987021, 12.422988754349817, 0.2846333777000525, 0.0, 0.00012727566263492918, 0.8322259474340109, 0.25110361451245133, 0.03495920437892197]
[0.0, 1722796.3484998941, 6.311074672987021, 12.422988754349817, 0.2846333777000525, 0.0, 0.00012727566263492918, 0.8322259474340109, 0.25110361451245133, 0.03495920437892197]
[0.0, 1722796.3484998941, 6.311074672987021, 12.422988754349817, 0.2846333777000525, 0.0, 0.00012727566263492918, 0.8322259474340109, 0.25110361451245133, 0.03495920437892197]
[0.0, 1722796.3484998941, 6.311074672987021, 12.422988754349817, 0.2846333777000525, 0.0, 0.00012727566263492918, 0.8322259474340109, 0.25110361451245133, 0.03495920437892197]
[0.0, 1722796.3484998941, 6.311074672987021, 12.422988754349817, 0.2846333777000525, 0.0, 0.00012727566263492918, 0.8322259474340109, 0.25110361451245133, 0.03495920437892197]
[0.0, 1722796.3484998941, 6.311074672987021, 12.422988754349817, 0.2846333777000525, 0.0, 0.00012727566263492918, 0.8322259474340109, 0.25110361451245133, 0.03391545307444277]
[0.0, 1722796.3484998941, 6.311074672987021, 12.422988754349817, 0.2846333777000525, 0.0, 0.00012727566263492918, 0.8322259474340109, 0.25110361451245133, 0.03092769990664168]
[0.0, 1722796.3484998941, 6.311074672987021, 12.422988754349817, 0.2846333777000525, 0.0, 0.00012727566263492918, 0.8322259474340109, 0.25110361451245133, 0.03092769990664168]
[0.0, 1722796.3484998941, 6.311074672987021, 12.422988754349817, 0.2846333777000525, 0.0, 0.00012727566263492918, 0.8322259474340109, 0.25110361451245133, 0.03092769990664168]
[0.0, 1722796.3484998941, 6.311074672987021, 12.422988754349817, 0.2846333777000525, 0.0, 0.00012727566263492918, 0.8322259474340109, 0.25110361451245133, 0.03092769990664168]
[0.0, 1722796.3484998941, 6.311074672987021, 12.422988754349817, 0.2846333777000525, 0.0, 0.00012727566263492918, 0.8322259474340109, 0.25110361451245133, 0.03092769990664168]
[0.0, 1722796.3484998941, 6.311074672987021, 12.422988754349817, 0.2846333777000525, 0.0, 0.00012727566263492918, 0.8322259474340109, 0.25110361451245133, 0.03092769990664168]
[0.0, 1722796.3484998941, 6.311074672987021, 12.422988754349817, 0.2846333777000525, 0.0, 0.00012727566263492918, 0.8322259474340109, 0.25110361451245133, 0.025808735942402183]
[0.0, 1722796.3484998941, 6.311074672987021, 12.422988754349817, 0.2846333777000525, 0.0, 0.00012727566263492918, 0.8322259474340109, 0.25110361451245133, 0.025808735942402183]
[0.0, 1722796.3484998941, 6.311074672987021, 12.422988754349817, 0.2846333777000525, 0.0, 0.00012727566263492918, 0.8322259474340109, 0.25110361451245133, 0.025808735942402183]
[0.0, 1722796.3484998941, 6.311074672987021, 12.422988754349817, 0.2846333777000525, 0.0, 0.00012727566263492918, 0.8322259474340109, 0.25110361451245133, 0.025808735942402183]
[0.0, 1722796.3484998941, 6.311074672987021, 12.422988754349817, 0.2846333777000525, 0.0, 0.00012727566263492918, 0.8322259474340109, 0.25110361451245133, 0.025808735942402183]
[0.0, 1722796.3484998941, 6.311074672987021, 12.422988754349817, 0.2846333777000525, 0.0, 0.00012727566263492918, 0.8322259474340109, 0.25110361451245133, 0.025808735942402183]
[0.0, 1722796.3484998941, 6.311074672987021, 12.422988754349817, 0.2846333777000525, 0.0, 0.00012727566263492918, 0.8322259474340109, 0.25110361451245133, 0.025808735942402183]
[0.0, 1722796.3484998941, 6.311074672987021, 12.422988754349817, 0.2846333777000525, 0.0, 0.00012727566263492918, 0.8322259474340109, 0.25110361451245133, 0.025808735942402183]
[0.0, 1722796.3484998941, 6.311074672987021, 12.422988754349817, 0.2846333777000525, 0.0, 0.00012727566263492918, 0.8322259474340109, 0.25110361451245133, 0.025808735942402183]
[0.0, 1722796.3484998941, 6.311074672987021, 12.422988754349817, 0.2846333777000525, 0.0, 0.00012727566263492918, 0.8322259474340109, 0.25110361451245133, 0.025808735942402183]
[0.0, 1722796.3484998941, 6.311074672987021, 12.422988754349817, 0.2846333777000525, 0.0, 0.00012727566263492918, 0.8322259474340109, 0.25110361451245133, 0.025808735942402183]
[0.0, 1722796.3484998941, 6.311074672987021, 12.422988754349817, 0.2846333777000525, 0.0, 0.00012727566263492918, 0.8322259474340109, 0.25110361451245133, 0.025808735942402183]
[0.0, 1722796.3484998941, 6.311074672987021, 12.422988754349817, 0.2846333777000525, 0.0, 0.00012727566263492918, 0.8322259474340109, 0.25110361451245133, 0.025808735942402183]
[0.0, 1722796.3484998941, 6.311074672987021, 12.422988754349817, 0.2846333777000525, 0.0, 0.00012727566263492918, 0.8322259474340109, 0.25110361451245133, 0.025808735942402183]
[0.0, 1722796.3484998941, 6.311074672987021, 12.422988754349817, 0.2846333777000525, 0.0, 0.00012727566263492918, 0.8322259474340109, 0.25110361451245133, 0.02562184513740151]
[0.0, 1722796.3484998941, 6.311074672987021, 12.422988754349817, 0.2846333777000525, 0.0, 0.00012727566263492918, 0.8322259474340109, 0.25110361451245133, 0.02562184513740151]
[0.0, 1722796.3484998941, 6.311074672987021, 12.422988754349817, 0.2846333777000525, 0.0, 0.00012727566263492918, 0.8322259474340109, 0.25110361451245133, 0.02562184513740151]
[0.0, 1722796.3484998941, 6.311074672987021, 12.422988754349817, 0.2846333777000525, 0.0, 0.00012727566263492918, 0.8322259474340109, 0.25110361451245133, 0.02562184513740151]
[0.0, 1722796.3484998941, 6.311074672987021, 12.422988754349817, 0.2846333777000525, 0.0, 0.00012727566263492918, 0.8322259474340109, 0.25110361451245133, 0.02562184513740151]
[0.0, 1722796.3484998941, 6.311074672987021, 12.422988754349817, 0.2846333777000525, 0.0, 0.00012727566263492918, 0.8322259474340109, 0.25110361451245133, 0.02562184513740151]
[0.0, 1722796.3484998941, 6.311074672987021, 12.422988754349817, 0.2846333777000525, 0.0, 0.00012727566263492918, 0.8322259474340109, 0.25110361451245133, 0.02562184513740151]
[0.0, 1722796.3484998941, 6.311074672987021, 12.422988754349817, 0.2846333777000525, 0.0, 0.00012727566263492918, 0.8322259474340109, 0.25110361451245133, 0.02562184513740151]
[0.0, 1722796.3484998941, 6.311074672987021, 12.422988754349817, 0.2846333777000525, 0.0, 0.00012727566263492918, 0.8322259474340109, 0.25110361451245133, 0.02562184513740151]
[0.0, 1722796.3484998941, 6.311074672987021, 12.422988754349817, 0.2846333777000525, 0.0, 0.00012727566263492918, 0.8322259474340109, 0.25110361451245133, 0.02562184513740151]
[0.0, 1722796.3484998941, 6.311074672987021, 12.422988754349817, 0.2846333777000525, 0.0, 0.00012727566263492918, 0.8322259474340109, 0.25110361451245133, 0.02562184513740151]
[0.0, 1722796.3484998941, 6.311074672987021, 12.422988754349817, 0.2846333777000525, 0.0, 0.00012727566263492918, 0.8322259474340109, 0.25110361451245133, 0.02562184513740151]
[0.0, 1722796.3484998941, 6.311074672987021, 12.422988754349817, 0.2846333777000525, 0.0, 0.00012727566263492918, 0.8322259474340109, 0.25110361451245133, 0.02562184513740151]
[0.0, 1722796.3484998941, 6.311074672987021, 12.422988754349817, 0.2846333777000525, 0.0, 0.00012727566263492918, 0.8322259474340109, 0.25110361451245133, 0.02562184513740151]
[0.0, 1722796.3484998941, 6.311074672987021, 12.422988754349817, 0.2846333777000525, 0.0, 0.00012727566263492918, 0.8322259474340109, 0.25110361451245133, 0.02562184513740151]
[0.0, 1722796.3484998941, 6.311074672987021, 12.422988754349817, 0.2846333777000525, 0.0, 0.00012727566263492918, 0.8322259474340109, 0.25110361451245133, 0.02562184513740151]
[0.0, 1722796.3484998941, 6.311074672987021, 12.422988754349817, 0.2846333777000525, 0.0, 0.00012727566263492918, 0.8322259474340109, 0.25110361451245133, 0.02562184513740151]
[0.0, 1722796.3484998941, 6.311074672987021, 12.422988754349817, 0.2846333777000525, 0.0, 0.00012727566263492918, 0.8322259474340109, 0.25110361451245133, 0.02562184513740151]
[0.0, 1722796.3484998941, 6.311074672987021, 12.422988754349817, 0.2846333777000525, 0.0, 0.00012727566263492918, 0.8322259474340109, 0.25110361451245133, 0.01941130100180688]
[0.0, 1722796.3484998941, 6.311074672987021, 12.422988754349817, 0.2846333777000525, 0.0, 0.00012727566263492918, 0.8322259474340109, 0.25110361451245133, 0.01941130100180688]
[0.0, 1722796.3484998941, 6.311074672987021, 12.422988754349817, 0.2846333777000525, 0.0, 0.00012727566263492918, 0.8322259474340109, 0.25110361451245133, 0.01941130100180688]
[0.0, 1722796.3484998941, 6.311074672987021, 12.422988754349817, 0.2846333777000525, 0.0, 0.00012727566263492918, 0.8322259474340109, 0.25110361451245133, 0.01941130100180688]
[0.0, 1722796.3484998941, 6.311074672987021, 12.422988754349817, 0.2846333777000525, 0.0, 0.00012727566263492918, 0.8322259474340109, 0.25110361451245133, 0.01941130100180688]
[0.0, 1722796.3484998941, 6.311074672987021, 12.422988754349817, 0.2846333777000525, 0.0, 0.00012727566263492918, 0.8322259474340109, 0.25110361451245133, 0.01941130100180688]
[0.0, 1722796.3484998941, 6.311074672987021, 12.422988754349817, 0.2846333777000525, 0.0, 0.00012727566263492918, 0.8322259474340109, 0.25110361451245133, 0.01941130100180688]
[0.0, 1722796.3484998941, 6.311074672987021, 12.422988754349817, 0.2846333777000525, 0.0, 0.00012727566263492918, 0.8322259474340109, 0.25110361451245133, 0.01941130100180688]
[0.0, 1722796.3484998941, 6.311074672987021, 12.422988754349817, 0.2846333777000525, 0.0, 0.00012727566263492918, 0.8322259474340109, 0.25110361451245133, 0.01941130100180688]
[0.0, 1722796.3484998941, 6.311074672987021, 12.422988754349817, 0.2846333777000525, 0.0, 0.00012727566263492918, 0.8322259474340109, 0.25110361451245133, 0.01941130100180688]
[0.0, 1722796.3484998941, 6.311074672987021, 12.422988754349817, 0.2846333777000525, 0.0, 0.00012727566263492918, 0.8322259474340109, 0.25110361451245133, 0.01941130100180688]
[0.0, 1722796.3484998941, 6.311074672987021, 12.422988754349817, 0.2846333777000525, 0.0, 0.00012727566263492918, 0.8322259474340109, 0.25110361451245133, 0.01941130100180688]
[0.0, 1722796.3484998941, 6.311074672987021, 12.422988754349817, 0.2846333777000525, 0.0, 0.00012727566263492918, 0.8322259474340109, 0.25110361451245133, 0.01941130100180688]
[0.0, 1722796.3484998941, 6.311074672987021, 12.422988754349817, 0.2846333777000525, 0.0, 0.00012727566263492918, 0.8322259474340109, 0.25110361451245133, 0.01941130100180688]
[0.0, 1722796.3484998941, 6.311074672987021, 12.422988754349817, 0.2846333777000525, 0.0, 0.00012727566263492918, 0.8322259474340109, 0.25110361451245133, 0.01941130100180688]
[0.0, 1722796.3484998941, 6.311074672987021, 12.422988754349817, 0.2846333777000525, 0.0, 0.00012727566263492918, 0.8322259474340109, 0.25110361451245133, 0.01941130100180688]
[0.0, 1722796.3484998941, 6.311074672987021, 12.422988754349817, 0.2846333777000525, 0.0, 0.00012727566263492918, 0.8322259474340109, 0.25110361451245133, 0.01941130100180688]
[0.0, 1722796.3484998941, 6.311074672987021, 12.422988754349817, 0.2846333777000525, 0.0, 0.00012727566263492918, 0.8322259474340109, 0.25110361451245133, 0.01941130100180688]
[0.0, 1722796.3484998941, 6.311074672987021, 12.422988754349817, 0.2846333777000525, 0.0, 0.00012727566263492918, 0.8322259474340109, 0.25110361451245133, 0.01941130100180688]
[0.0, 1722796.3484998941, 6.311074672987021, 12.422988754349817, 0.2846333777000525, 0.0, 0.00012727566263492918, 0.8322259474340109, 0.25110361451245133, 0.01941130100180688]
[0.0, 1722796.3484998941, 6.311074672987021, 12.422988754349817, 0.2846333777000525, 0.0, 0.00012727566263492918, 0.8322259474340109, 0.25110361451245133, 0.01941130100180688]
[0.0, 1722796.3484998941, 6.311074672987021, 12.422988754349817, 0.2846333777000525, 0.0, 0.00012727566263492918, 0.8322259474340109, 0.25110361451245133, 0.01941130100180688]
[0.0, 1722796.3484998941, 6.311074672987021, 12.422988754349817, 0.2846333777000525, 0.0, 0.00012727566263492918, 0.8322259474340109, 0.25110361451245133, 0.01941130100180688]
[0.0, 1722796.3484998941, 6.311074672987021, 12.422988754349817, 0.2846333777000525, 0.0, 0.00012727566263492918, 0.8322259474340109, 0.25110361451245133, 0.01941130100180688]
[0.0, 1722796.3484998941, 6.311074672987021, 12.422988754349817, 0.2846333777000525, 0.0, 0.00012727566263492918, 0.8322259474340109, 0.25110361451245133, 0.01941130100180688]
[0.0, 1722796.3484998941, 6.311074672987021, 12.422988754349817, 0.2846333777000525, 0.0, 0.00012727566263492918, 0.8322259474340109, 0.25110361451245133, 0.01941130100180688]
[0.0, 1722796.3484998941, 6.311074672987021, 12.422988754349817, 0.2846333777000525, 0.0, 0.00012727566263492918, 0.8322259474340109, 0.25110361451245133, 0.01941130100180688]
[0.0, 1722796.3484998941, 6.311074672987021, 12.422988754349817, 0.2846333777000525, 0.0, 0.00012727566263492918, 0.8322259474340109, 0.25110361451245133, 0.01941130100180688]
[0.0, 1722796.3484998941, 6.311074672987021, 12.422988754349817, 0.2846333777000525, 0.0, 0.00012727566263492918, 0.8322259474340109, 0.25110361451245133, 0.01941130100180688]
[0.0, 1722796.3484998941, 6.311074672987021, 12.422988754349817, 0.2846333777000525, 0.0, 0.00012727566263492918, 0.8322259474340109, 0.25110361451245133, 0.01941130100180688]
[0.0, 1722796.3484998941, 6.311074672987021, 12.422988754349817, 0.2846333777000525, 0.0, 0.00012727566263492918, 0.8322259474340109, 0.25110361451245133, 0.01941130100180688]
[0.0, 928545.2317406026, 6.311074672987021, 12.422988754349817, 0.2846333777000525, 0.0, 0.00012727566263492918, 0.8322259474340109, 0.25110361451245133, 0.01941130100180688]
[0.0, 928545.2317406026, 6.311074672987021, 12.422988754349817, 0.2846333777000525, 0.0, 0.00012727566263492918, 0.8322259474340109, 0.25110361451245133, 0.01941130100180688]
[0.0, 928545.2317406026, 6.311074672987021, 12.422988754349817, 0.2846333777000525, 0.0, 0.00012727566263492918, 0.8322259474340109, 0.25110361451245133, 0.01941130100180688]
[0.0, 928545.2317406026, 6.311074672987021, 12.422988754349817, 0.2846333777000525, 0.0, 0.00012727566263492918, 0.8322259474340109, 0.25110361451245133, 0.01941130100180688]
[0.0, 928545.2317406026, 6.311074672987021, 12.422988754349817, 0.2846333777000525, 0.0, 0.00012727566263492918, 0.8322259474340109, 0.25110361451245133, 0.01941130100180688]
[0.0, 928545.2317406026, 6.311074672987021, 12.422988754349817, 0.2846333777000525, 0.0, 0.00012727566263492918, 0.8322259474340109, 0.25110361451245133, 0.01941130100180688]
[0.0, 928545.2317406026, 6.311074672987021, 12.422988754349817, 0.2846333777000525, 0.0, 0.00012727566263492918, 0.8322259474340109, 0.25110361451245133, 0.01941130100180688]
[0.0, 928545.2317406026, 6.311074672987021, 12.422988754349817, 0.2846333777000525, 0.0, 0.00012727566263492918, 0.8322259474340109, 0.25110361451245133, 0.01941130100180688]
[0.0, 928545.2317406026, 6.311074672987021, 12.422988754349817, 0.2846333777000525, 0.0, 0.00012727566263492918, 0.8322259474340109, 0.25110361451245133, 0.018228060673362467]
[0.0, 928545.2317406026, 6.311074672987021, 12.422988754349817, 0.2846333777000525, 0.0, 0.00012727566263492918, 0.8322259474340109, 0.25110361451245133, 0.016092875820981067]
[0.0, 928545.2317406026, 6.311074672987021, 12.422988754349817, 0.2846333777000525, 0.0, 0.00012727566263492918, 0.8322259474340109, 0.25110361451245133, 0.016092875820981067]
[0.0, 928545.2317406026, 6.311074672987021, 12.422988754349817, 0.2846333777000525, 0.0, 0.00012727566263492918, 0.8322259474340109, 0.25110361451245133, 0.016092875820981067]
[0.0, 928545.2317406026, 6.311074672987021, 12.422988754349817, 0.2846333777000525, 0.0, 0.00012727566263492918, 0.8322259474340109, 0.25110361451245133, 0.016092875820981067]
[0.0, 928545.2317406026, 6.311074672987021, 12.422988754349817, 0.2846333777000525, 0.0, 0.00012727566263492918, 0.8322259474340109, 0.25110361451245133, 0.016092875820981067]
[0.0, 928545.2317406026, 6.311074672987021, 12.422988754349817, 0.2846333777000525, 0.0, 0.00012727566263492918, 0.8322259474340109, 0.25110361451245133, 0.016092875820981067]
[0.0, 928545.2317406026, 6.311074672987021, 12.422988754349817, 0.2846333777000525, 0.0, 0.00012727566263492918, 0.8322259474340109, 0.25110361451245133, 0.016092875820981067]
[0.0, 928545.2317406026, 6.311074672987021, 12.422988754349817, 0.2846333777000525, 0.0, 0.00012727566263492918, 0.8322259474340109, 0.25110361451245133, 0.016092875820981067]
[0.0, 928545.2317406026, 6.311074672987021, 12.422988754349817, 0.2846333777000525, 0.0, 0.00012727566263492918, 0.8322259474340109, 0.25110361451245133, 0.016092875820981067]
[0.0, 928545.2317406026, 6.311074672987021, 12.422988754349817, 0.2846333777000525, 0.0, 0.00012727566263492918, 0.8322259474340109, 0.25110361451245133, 0.016092875820981067]
[0.0, 928545.2317406026, 6.311074672987021, 12.422988754349817, 0.2846333777000525, 0.0, 0.00012727566263492918, 0.8322259474340109, 0.25110361451245133, 0.016092875820981067]
[0.0, 928545.2317406026, 6.311074672987021, 12.422988754349817, 0.2846333777000525, 0.0, 0.00012727566263492918, 0.8322259474340109, 0.25110361451245133, 0.016092875820981067]
[0.0, 928545.2317406026, 6.311074672987021, 12.422988754349817, 0.2846333777000525, 0.0, 0.00012727566263492918, 0.8322259474340109, 0.25110361451245133, 0.016092875820981067]
[0.0, 928545.2317406026, 6.311074672987021, 12.422988754349817, 0.2846333777000525, 0.0, 0.00012727566263492918, 0.8322259474340109, 0.25110361451245133, 0.016092875820981067]
[0.0, 928545.2317406026, 6.311074672987021, 12.422988754349817, 0.2846333777000525, 0.0, 0.00012727566263492918, 0.8322259474340109, 0.25110361451245133, 0.016092875820981067]
[0.0, 928545.2317406026, 6.311074672987021, 12.422988754349817, 0.2846333777000525, 0.0, 0.00012727566263492918, 0.8322259474340109, 0.25110361451245133, 0.016092875820981067]
[0.0, 928545.2317406026, 6.311074672987021, 12.422988754349817, 0.2846333777000525, 0.0, 0.00012727566263492918, 0.8322259474340109, 0.25110361451245133, 0.016092875820981067]
[0.0, 928545.2317406026, 6.311074672987021, 12.422988754349817, 0.2846333777000525, 0.0, 0.00012727566263492918, 0.8322259474340109, 0.25110361451245133, 0.016092875820981067]
[0.0, 928545.2317406026, 6.311074672987021, 12.422988754349817, 0.2846333777000525, 0.0, 0.00012727566263492918, 0.8322259474340109, 0.25110361451245133, 0.016092875820981067]
[0.0, 928545.2317406026, 6.311074672987021, 12.422988754349817, 0.2846333777000525, 0.0, 0.00012727566263492918, 0.8322259474340109, 0.25110361451245133, 0.016092875820981067]
[0.0, 928545.2317406026, 6.311074672987021, 12.422988754349817, 0.2846333777000525, 0.0, 0.00012727566263492918, 0.8322259474340109, 0.25110361451245133, 0.016092875820981067]
[0.0, 928545.2317406026, 6.311074672987021, 12.422988754349817, 0.2846333777000525, 0.0, 0.00012727566263492918, 0.8322259474340109, 0.25110361451245133, 0.016092875820981067]
[0.0, 928545.2317406026, 6.311074672987021, 12.422988754349817, 0.2846333777000525, 0.0, 0.00012727566263492918, 0.8322259474340109, 0.25110361451245133, 0.016092875820981067]
[0.0, 928545.2317406026, 6.311074672987021, 12.422988754349817, 0.2846333777000525, 0.0, 0.00012727566263492918, 0.8322259474340109, 0.25110361451245133, 0.016092875820981067]
[0.0, 928545.2317406026, 6.311074672987021, 12.422988754349817, 0.2846333777000525, 0.0, 0.00012727566263492918, 0.8322259474340109, 0.25110361451245133, 0.016092875820981067]
[0.0, 928545.2317406026, 6.311074672987021, 12.422988754349817, 0.2846333777000525, 0.0, 0.00012727566263492918, 0.8322259474340109, 0.25110361451245133, 0.016092875820981067]
[0.0, 928545.2317406026, 6.311074672987021, 12.422988754349817, 0.2846333777000525, 0.0, 0.00012727566263492918, 0.8322259474340109, 0.25110361451245133, 0.016092875820981067]
[0.0, 928545.2317406026, 6.311074672987021, 12.422988754349817, 0.2846333777000525, 0.0, 0.00012727566263492918, 0.8322259474340109, 0.25110361451245133, 0.016092875820981067]
[0.0, 928545.2317406026, 6.311074672987021, 12.422988754349817, 0.2846333777000525, 0.0, 0.00012727566263492918, 0.8322259474340109, 0.25110361451245133, 0.016092875820981067]
[0.0, 928545.2317406026, 6.311074672987021, 12.422988754349817, 0.2846333777000525, 0.0, 0.00012727566263492918, 0.8322259474340109, 0.25110361451245133, 0.016092875820981067]
[0.0, 928545.2317406026, 6.311074672987021, 12.422988754349817, 0.2846333777000525, 0.0, 0.00012727566263492918, 0.8322259474340109, 0.25110361451245133, 0.016092875820981067]
[0.0, 928545.2317406026, 6.311074672987021, 12.422988754349817, 0.2846333777000525, 0.0, 0.00012727566263492918, 0.8322259474340109, 0.25110361451245133, 0.016092875820981067]
[0.0, 928545.2317406026, 6.311074672987021, 12.422988754349817, 0.2846333777000525, 0.0, 0.00012727566263492918, 0.8322259474340109, 0.25110361451245133, 0.016092875820981067]
[0.0, 928545.2317406026, 6.311074672987021, 12.422988754349817, 0.2846333777000525, 0.0, 0.00012727566263492918, 0.8322259474340109, 0.25110361451245133, 0.016092875820981067]
[0.0, 928545.2317406026, 6.311074672987021, 12.422988754349817, 0.2846333777000525, 0.0, 0.00012727566263492918, 0.8322259474340109, 0.25110361451245133, 0.016092875820981067]
[0.0, 928545.2317406026, 6.311074672987021, 7.715791302621607, 0.2846333777000525, 0.0, 0.00012727566263492918, 0.8322259474340109, 0.25110361451245133, 0.015116922027314406]
[0.0, 928545.2317406026, 6.311074672987021, 7.715791302621607, 0.2846333777000525, 0.0, 0.00012727566263492918, 0.8322259474340109, 0.25110361451245133, 0.015116922027314406]
[0.0, 928545.2317406026, 6.311074672987021, 7.715791302621607, 0.2846333777000525, 0.0, 0.00012727566263492918, 0.8322259474340109, 0.25110361451245133, 0.015116922027314406]
[0.0, 928545.2317406026, 6.311074672987021, 7.715791302621607, 0.2846333777000525, 0.0, 0.00012727566263492918, 0.8322259474340109, 0.25110361451245133, 0.015116922027314406]
[0.0, 928545.2317406026, 6.311074672987021, 7.715791302621607, 0.2846333777000525, 0.0, 0.00012727566263492918, 0.8322259474340109, 0.25110361451245133, 0.015116922027314406]
[0.0, 928545.2317406026, 6.311074672987021, 7.715791302621607, 0.2846333777000525, 0.0, 0.00012727566263492918, 0.8322259474340109, 0.25110361451245133, 0.015116922027314406]
[0.0, 928545.2317406026, 6.311074672987021, 7.715791302621607, 0.2846333777000525, 0.0, 0.00012727566263492918, 0.8322259474340109, 0.25110361451245133, 0.014652907667486392]
[0.0, 928545.2317406026, 6.311074672987021, 7.715791302621607, 0.2846333777000525, 0.0, 0.00012727566263492918, 0.8322259474340109, 0.25110361451245133, 0.014652907667486392]
[0.0, 928545.2317406026, 6.311074672987021, 7.715791302621607, 0.2846333777000525, 0.0, 0.00012727566263492918, 0.8322259474340109, 0.25110361451245133, 0.014652907667486392]
[0.0, 928545.2317406026, 6.311074672987021, 7.715791302621607, 0.2846333777000525, 0.0, 0.00012727566263492918, 0.8322259474340109, 0.25110361451245133, 0.014652907667486392]
[0.0, 928545.2317406026, 6.311074672987021, 7.715791302621607, 0.2846333777000525, 0.0, 0.00012727566263492918, 0.8322259474340109, 0.25110361451245133, 0.014652907667486392]
[0.0, 928545.2317406026, 6.311074672987021, 7.715791302621607, 0.2846333777000525, 0.0, 0.00012727566263492918, 0.8322259474340109, 0.25110361451245133, 0.014652907667486392]
[0.0, 928545.2317406026, 6.311074672987021, 7.715791302621607, 0.2846333777000525, 0.0, 0.00012727566263492918, 0.8322259474340109, 0.25110361451245133, 0.014652907667486392]
[0.0, 928545.2317406026, 6.311074672987021, 7.715791302621607, 0.2846333777000525, 0.0, 0.00012727566263492918, 0.8322259474340109, 0.25110361451245133, 0.014652907667486392]
[0.0, 928545.2317406026, 6.311074672987021, 7.715791302621607, 0.2846333777000525, 0.0, 0.00012727566263492918, 0.8322259474340109, 0.25110361451245133, 0.014113170827574795]
[0.0, 928545.2317406026, 6.311074672987021, 7.715791302621607, 0.2846333777000525, 0.0, 0.00012727566263492918, 0.8322259474340109, 0.25110361451245133, 0.014113170827574795]
[0.0, 928545.2317406026, 6.311074672987021, 7.715791302621607, 0.2846333777000525, 0.0, 0.00012727566263492918, 0.8322259474340109, 0.25110361451245133, 0.014113170827574795]
[0.0, 928545.2317406026, 6.311074672987021, 7.715791302621607, 0.2846333777000525, 0.0, 0.00012727566263492918, 0.8322259474340109, 0.25110361451245133, 0.014113170827574795]
[0.0, 928545.2317406026, 6.311074672987021, 7.715791302621607, 0.2846333777000525, 0.0, 0.00012727566263492918, 0.8322259474340109, 0.25110361451245133, 0.014113170827574795]
[0.0, 928545.2317406026, 6.311074672987021, 7.715791302621607, 0.2846333777000525, 0.0, 0.00012727566263492918, 0.8322259474340109, 0.25110361451245133, 0.014113170827574795]
[0.0, 928545.2317406026, 6.311074672987021, 7.715791302621607, 0.2846333777000525, 0.0, 0.00012727566263492918, 0.8322259474340109, 0.25110361451245133, 0.013796742016336072]
[0.0, 928545.2317406026, 6.311074672987021, 7.715791302621607, 0.2846333777000525, 0.0, 0.00012727566263492918, 0.8322259474340109, 0.25110361451245133, 0.013796742016336072]
[0.0, 928545.2317406026, 6.311074672987021, 7.715791302621607, 0.2846333777000525, 0.0, 0.00012727566263492918, 0.8322259474340109, 0.25110361451245133, 0.013796742016336072]
[0.0, 928545.2317406026, 6.311074672987021, 7.715791302621607, 0.2846333777000525, 0.0, 0.00012727566263492918, 0.8322259474340109, 0.25110361451245133, 0.013796742016336072]
[0.0, 928545.2317406026, 6.311074672987021, 7.715791302621607, 0.2846333777000525, 0.0, 0.00012727566263492918, 0.8322259474340109, 0.25110361451245133, 0.013796742016336072]
[0.0, 928545.2317406026, 6.311074672987021, 7.715791302621607, 0.2846333777000525, 0.0, 0.00012727566263492918, 0.8322259474340109, 0.25110361451245133, 0.013796742016336072]
[0.0, 928545.2317406026, 6.311074672987021, 7.715791302621607, 0.2846333777000525, 0.0, 0.00012727566263492918, 0.8322259474340109, 0.25110361451245133, 0.013796742016336072]
[0.0, 928545.2317406026, 6.311074672987021, 7.715791302621607, 0.2846333777000525, 0.0, 0.00012727566263492918, 0.8322259474340109, 0.25110361451245133, 0.012260337213856776]
[0.0, 928545.2317406026, 6.311074672987021, 7.715791302621607, 0.2846333777000525, 0.0, 0.00012727566263492918, 0.8322259474340109, 0.25110361451245133, 0.012260337213856776]
[0.0, 928545.2317406026, 6.311074672987021, 7.715791302621607, 0.2846333777000525, 0.0, 0.00012727566263492918, 0.8322259474340109, 0.25110361451245133, 0.012260337213856776]
[0.0, 928545.2317406026, 6.311074672987021, 7.715791302621607, 0.2846333777000525, 0.0, 0.00012727566263492918, 0.8322259474340109, 0.25110361451245133, 0.012260337213856776]
[0.0, 928545.2317406026, 6.311074672987021, 7.715791302621607, 0.2846333777000525, 0.0, 0.00012727566263492918, 0.8322259474340109, 0.25110361451245133, 0.012260337213856776]
[0.0, 928545.2317406026, 6.311074672987021, 7.715791302621607, 0.2846333777000525, 0.0, 0.00012727566263492918, 0.8322259474340109, 0.25110361451245133, 0.012260337213856776]
[0.0, 928545.2317406026, 6.311074672987021, 7.715791302621607, 0.2846333777000525, 0.0, 0.00012727566263492918, 0.8322259474340109, 0.25110361451245133, 0.012260337213856776]
[0.0, 928545.2317406026, 6.311074672987021, 7.715791302621607, 0.2846333777000525, 0.0, 0.00012727566263492918, 0.8322259474340109, 0.25110361451245133, 0.012260337213856776]
[0.0, 928545.2317406026, 6.311074672987021, 7.715791302621607, 0.2846333777000525, 0.0, 0.00012727566263492918, 0.8322259474340109, 0.25110361451245133, 0.012260337213856776]
[0.0, 928545.2317406026, 6.311074672987021, 7.715791302621607, 0.2846333777000525, 0.0, 0.00012727566263492918, 0.8322259474340109, 0.25110361451245133, 0.012260337213856776]
[0.0, 928545.2317406026, 6.311074672987021, 7.715791302621607, 0.2846333777000525, 0.0, 0.00012727566263492918, 0.8322259474340109, 0.25110361451245133, 0.012260337213856776]
[0.0, 928545.2317406026, 6.311074672987021, 7.715791302621607, 0.2846333777000525, 0.0, 0.00012727566263492918, 0.8322259474340109, 0.25110361451245133, 0.012260337213856776]
[0.0, 928545.2317406026, 6.311074672987021, 7.715791302621607, 0.2846333777000525, 0.0, 0.00012727566263492918, 0.8322259474340109, 0.25110361451245133, 0.012260337213856776]
[0.0, 928545.2317406026, 6.311074672987021, 7.715791302621607, 0.2846333777000525, 0.0, 0.00012727566263492918, 0.8322259474340109, 0.25110361451245133, 0.012260337213856776]
[0.0, 928545.2317406026, 6.311074672987021, 7.715791302621607, 0.2846333777000525, 0.0, 0.00012727566263492918, 0.8322259474340109, 0.25110361451245133, 0.01164259956324587]
[0.0, 928545.2317406026, 6.311074672987021, 7.715791302621607, 0.2846333777000525, 0.0, 0.00012727566263492918, 0.8322259474340109, 0.25110361451245133, 0.01164259956324587]
[0.0, 928545.2317406026, 6.311074672987021, 7.715791302621607, 0.2846333777000525, 0.0, 0.00012727566263492918, 0.8322259474340109, 0.25110361451245133, 0.01164259956324587]
[0.0, 928545.2317406026, 6.311074672987021, 7.715791302621607, 0.2846333777000525, 0.0, 0.00012727566263492918, 0.8322259474340109, 0.25110361451245133, 0.009276699364690888]
[0.0, 928545.2317406026, 6.311074672987021, 7.715791302621607, 0.2846333777000525, 0.0, 0.00012727566263492918, 0.8322259474340109, 0.25110361451245133, 0.009276699364690888]
[0.0, 928545.2317406026, 6.311074672987021, 7.715791302621607, 0.2846333777000525, 0.0, 0.00012727566263492918, 0.8322259474340109, 0.25110361451245133, 0.009276699364690888]
[0.0, 928545.2317406026, 6.311074672987021, 7.715791302621607, 0.2846333777000525, 0.0, 0.00012727566263492918, 0.8322259474340109, 0.25110361451245133, 0.009276699364690888]
[0.0, 928545.2317406026, 6.311074672987021, 7.715791302621607, 0.2846333777000525, 0.0, 0.00012727566263492918, 0.8322259474340109, 0.25110361451245133, 0.009276699364690888]
[0.0, 928545.2317406026, 6.311074672987021, 7.715791302621607, 0.2846333777000525, 0.0, 0.00012727566263492918, 0.8322259474340109, 0.25110361451245133, 0.009276699364690888]
[0.0, 928545.2317406026, 6.311074672987021, 7.715791302621607, 0.2846333777000525, 0.0, 0.00012727566263492918, 0.8322259474340109, 0.25110361451245133, 0.009276699364690888]
[0.0, 928545.2317406026, 6.311074672987021, 7.715791302621607, 0.2846333777000525, 0.0, 0.00012727566263492918, 0.8322259474340109, 0.25110361451245133, 0.009276699364690888]
[0.0, 928545.2317406026, 6.311074672987021, 7.715791302621607, 0.2846333777000525, 0.0, 0.00012727566263492918, 0.8322259474340109, 0.25110361451245133, 0.009276699364690888]
[0.0, 928545.2317406026, 6.311074672987021, 7.715791302621607, 0.2846333777000525, 0.0, 0.00012727566263492918, 0.8322259474340109, 0.25110361451245133, 0.009276699364690888]
[0.0, 928545.2317406026, 6.311074672987021, 7.715791302621607, 0.2846333777000525, 0.0, 0.00012727566263492918, 0.8322259474340109, 0.25110361451245133, 0.008199927238319749]
[0.0, 928545.2317406026, 6.311074672987021, 7.715791302621607, 0.2846333777000525, 0.0, 0.00012727566263492918, 0.8322259474340109, 0.25110361451245133, 0.008199927238319749]
[0.0, 928545.2317406026, 6.311074672987021, 7.715791302621607, 0.2846333777000525, 0.0, 0.00012727566263492918, 0.8322259474340109, 0.25110361451245133, 0.008199927238319749]
[0.0, 928545.2317406026, 6.311074672987021, 7.715791302621607, 0.2846333777000525, 0.0, 0.00012727566263492918, 0.8322259474340109, 0.25110361451245133, 0.008199927238319749]
[0.0, 928545.2317406026, 6.311074672987021, 7.715791302621607, 0.2846333777000525, 0.0, 0.00012727566263492918, 0.8322259474340109, 0.25110361451245133, 0.008199927238319749]
[0.0, 928545.2317406026, 6.311074672987021, 7.715791302621607, 0.2846333777000525, 0.0, 0.00012727566263492918, 0.8322259474340109, 0.25110361451245133, 0.008199927238319749]
[0.0, 928545.2317406026, 6.311074672987021, 7.715791302621607, 0.2846333777000525, 0.0, 0.00012727566263492918, 0.8322259474340109, 0.25110361451245133, 0.008199927238319749]
[0.0, 928545.2317406026, 6.311074672987021, 7.715791302621607, 0.2846333777000525, 0.0, 0.00012727566263492918, 0.8322259474340109, 0.25110361451245133, 0.008199927238319749]
[0.0, 928545.2317406026, 6.311074672987021, 7.715791302621607, 0.2846333777000525, 0.0, 0.00012727566263492918, 0.8322259474340109, 0.25110361451245133, 0.008199927238319749]
[0.0, 928545.2317406026, 6.311074672987021, 7.715791302621607, 0.2846333777000525, 0.0, 0.00012727566263492918, 0.8322259474340109, 0.25110361451245133, 0.008199927238319749]
[0.0, 928545.2317406026, 6.311074672987021, 7.715791302621607, 0.2846333777000525, 0.0, 0.00012727566263492918, 0.8322259474340109, 0.25110361451245133, 0.008199927238319749]
[0.0, 928545.2317406026, 6.311074672987021, 7.715791302621607, 0.2846333777000525, 0.0, 0.00012727566263492918, 0.8322259474340109, 0.25110361451245133, 0.008199927238319749]
[0.0, 928545.2317406026, 6.311074672987021, 7.715791302621607, 0.2846333777000525, 0.0, 0.00012727566263492918, 0.8322259474340109, 0.25110361451245133, 0.008199927238319749]
[0.0, 928545.2317406026, 6.311074672987021, 7.715791302621607, 0.2846333777000525, 0.0, 0.00012727566263492918, 0.8322259474340109, 0.25110361451245133, 0.008199927238319749]
[0.0, 928545.2317406026, 6.311074672987021, 7.715791302621607, 0.2846333777000525, 0.0, 0.00012727566263492918, 0.8322259474340109, 0.25110361451245133, 0.008199927238319749]
[0.0, 928545.2317406026, 6.311074672987021, 7.715791302621607, 0.2846333777000525, 0.0, 0.00012727566263492918, 0.8322259474340109, 0.25110361451245133, 0.008199927238319749]
[0.0, 928545.2317406026, 6.311074672987021, 7.715791302621607, 0.2846333777000525, 0.0, 0.00012727566263492918, 0.8322259474340109, 0.25110361451245133, 0.007256199252769324]
[0.0, 928545.2317406026, 6.311074672987021, 7.715791302621607, 0.2846333777000525, 0.0, 0.00012727566263492918, 0.8322259474340109, 0.25110361451245133, 0.007256199252769324]
[0.0, 928545.2317406026, 6.311074672987021, 7.715791302621607, 0.2846333777000525, 0.0, 0.00012727566263492918, 0.8322259474340109, 0.25110361451245133, 0.007256199252769324]
[0.0, 928545.2317406026, 6.311074672987021, 7.715791302621607, 0.2846333777000525, 0.0, 0.00012727566263492918, 0.8322259474340109, 0.25110361451245133, 0.007256199252769324]
[0.0, 928545.2317406026, 6.311074672987021, 7.715791302621607, 0.2846333777000525, 0.0, 0.00012727566263492918, 0.8322259474340109, 0.25110361451245133, 0.007256199252769324]
[0.0, 928545.2317406026, 6.311074672987021, 7.715791302621607, 0.2846333777000525, 0.0, 0.00012727566263492918, 0.8322259474340109, 0.25110361451245133, 0.007256199252769324]
[0.0, 928545.2317406026, 6.311074672987021, 7.715791302621607, 0.2846333777000525, 0.0, 0.00012727566263492918, 0.8322259474340109, 0.25110361451245133, 0.007256199252769324]
[0.0, 928545.2317406026, 6.311074672987021, 7.715791302621607, 0.2846333777000525, 0.0, 0.00012727566263492918, 0.8322259474340109, 0.25110361451245133, 0.007256199252769324]
[0.0, 928545.2317406026, 6.311074672987021, 7.715791302621607, 0.2846333777000525, 0.0, 0.00012727566263492918, 0.8322259474340109, 0.25110361451245133, 0.007256199252769324]
[0.0, 928545.2317406026, 6.311074672987021, 7.715791302621607, 0.2846333777000525, 0.0, 0.00012727566263492918, 0.8322259474340109, 0.25110361451245133, 0.007256199252769324]
[0.0, 928545.2317406026, 6.311074672987021, 7.715791302621607, 0.2846333777000525, 0.0, 0.00012727566263492918, 0.8322259474340109, 0.25110361451245133, 0.007256199252769324]
[0.0, 928545.2317406026, 6.311074672987021, 7.715791302621607, 0.2846333777000525, 0.0, 0.00012727566263492918, 0.8322259474340109, 0.25110361451245133, 0.007256199252769324]
[0.0, 928545.2317406026, 6.311074672987021, 7.715791302621607, 0.2846333777000525, 0.0, 0.00012727566263492918, 0.8322259474340109, 0.25110361451245133, 0.007256199252769324]
[0.0, 928545.2317406026, 6.311074672987021, 7.715791302621607, 0.2846333777000525, 0.0, 0.00012727566263492918, 0.8322259474340109, 0.25110361451245133, 0.007256199252769324]
[0.0, 928545.2317406026, 6.311074672987021, 7.715791302621607, 0.2846333777000525, 0.0, 0.00012727566263492918, 0.8322259474340109, 0.25110361451245133, 0.007256199252769324]
[0.0, 928545.2317406026, 6.311074672987021, 7.715791302621607, 0.2846333777000525, 0.0, 0.00012727566263492918, 0.8322259474340109, 0.25110361451245133, 0.007256199252769324]
[0.0, 928545.2317406026, 6.311074672987021, 7.715791302621607, 0.2846333777000525, 0.0, 0.00012727566263492918, 0.8322259474340109, 0.25110361451245133, 0.007256199252769324]
[0.0, 928545.2317406026, 6.311074672987021, 7.715791302621607, 0.2846333777000525, 0.0, 0.00012727566263492918, 0.8322259474340109, 0.25110361451245133, 0.007256199252769324]
[0.0, 928545.2317406026, 6.311074672987021, 7.715791302621607, 0.2846333777000525, 0.0, 0.00012727566263492918, 0.8322259474340109, 0.25110361451245133, 0.005516061751329904]
[0.0, 928545.2317406026, 6.311074672987021, 7.715791302621607, 0.2846333777000525, 0.0, 0.00012727566263492918, 0.8322259474340109, 0.25110361451245133, 0.005516061751329904]
[0.0, 928545.2317406026, 6.311074672987021, 7.715791302621607, 0.2846333777000525, 0.0, 0.00012727566263492918, 0.8322259474340109, 0.25110361451245133, 0.005516061751329904]
[0.0, 928545.2317406026, 6.311074672987021, 7.715791302621607, 0.2846333777000525, 0.0, 0.00012727566263492918, 0.8322259474340109, 0.25110361451245133, 0.005516061751329904]
[0.0, 928545.2317406026, 6.311074672987021, 7.715791302621607, 0.2846333777000525, 0.0, 0.00012727566263492918, 0.8322259474340109, 0.25110361451245133, 0.005516061751329904]
[0.0, 928545.2317406026, 6.311074672987021, 7.715791302621607, 0.2846333777000525, 0.0, 0.00012727566263492918, 0.8322259474340109, 0.25110361451245133, 0.005516061751329904]
[0.0, 928545.2317406026, 6.311074672987021, 7.715791302621607, 0.2846333777000525, 0.0, 0.00012727566263492918, 0.8322259474340109, 0.25110361451245133, 0.005516061751329904]
[0.0, 928545.2317406026, 6.311074672987021, 7.715791302621607, 0.2846333777000525, 0.0, 0.00012727566263492918, 0.8322259474340109, 0.25110361451245133, 0.005516061751329904]
[0.0, 928545.2317406026, 6.311074672987021, 7.715791302621607, 0.2846333777000525, 0.0, 0.00012727566263492918, 0.8322259474340109, 0.25110361451245133, 0.005516061751329904]
[0.0, 928545.2317406026, 6.311074672987021, 7.715791302621607, 0.2846333777000525, 0.0, 0.00012727566263492918, 0.8322259474340109, 0.25110361451245133, 0.005516061751329904]
[0.0, 928545.2317406026, 6.311074672987021, 7.715791302621607, 0.2846333777000525, 0.0, 0.00012727566263492918, 0.8322259474340109, 0.25110361451245133, 0.005516061751329904]
[0.0, 928545.2317406026, 6.311074672987021, 7.715791302621607, 0.2846333777000525, 0.0, 0.00012727566263492918, 0.8322259474340109, 0.25110361451245133, 0.005516061751329904]
[0.0, 928545.2317406026, 6.311074672987021, 7.715791302621607, 0.2846333777000525, 0.0, 0.00012727566263492918, 0.8322259474340109, 0.25110361451245133, 0.005516061751329904]
[0.0, 928545.2317406026, 6.311074672987021, 7.715791302621607, 0.2846333777000525, 0.0, 0.00012727566263492918, 0.8322259474340109, 0.25110361451245133, 0.005516061751329904]
[0.0, 928545.2317406026, 6.311074672987021, 7.715791302621607, 0.2846333777000525, 0.0, 0.00012727566263492918, 0.8322259474340109, 0.25110361451245133, 0.005516061751329904]
[0.0, 928545.2317406026, 6.311074672987021, 7.715791302621607, 0.2846333777000525, 0.0, 0.00012727566263492918, 0.8322259474340109, 0.25110361451245133, 0.005516061751329904]
[0.0, 928545.2317406026, 6.311074672987021, 7.715791302621607, 0.2846333777000525, 0.0, 0.00012727566263492918, 0.8322259474340109, 0.25110361451245133, 0.005516061751329904]
[0.0, 928545.2317406026, 6.311074672987021, 7.715791302621607, 0.2846333777000525, 0.0, 0.00012727566263492918, 0.8322259474340109, 0.25110361451245133, 0.005516061751329904]
[0.0, 928545.2317406026, 6.311074672987021, 7.715791302621607, 0.2846333777000525, 0.0, 0.00012727566263492918, 0.8322259474340109, 0.25110361451245133, 0.005516061751329904]
[0.0, 928545.2317406026, 6.311074672987021, 7.715791302621607, 0.2846333777000525, 0.0, 0.00012727566263492918, 0.8322259474340109, 0.25110361451245133, 0.005516061751329904]
[0.0, 928545.2317406026, 6.311074672987021, 7.715791302621607, 0.2846333777000525, 0.0, 0.00012727566263492918, 0.8322259474340109, 0.25110361451245133, 0.005516061751329904]
[0.0, 928545.2317406026, 6.311074672987021, 7.715791302621607, 0.2846333777000525, 0.0, 0.00012727566263492918, 0.8322259474340109, 0.25110361451245133, 0.005516061751329904]
[0.0, 928545.2317406026, 6.311074672987021, 7.715791302621607, 0.2846333777000525, 0.0, 0.00012727566263492918, 0.8322259474340109, 0.25110361451245133, 0.005516061751329904]
[0.0, 928545.2317406026, 6.311074672987021, 7.715791302621607, 0.2846333777000525, 0.0, 0.00012727566263492918, 0.8322259474340109, 0.25110361451245133, 0.005516061751329904]
[0.0, 928545.2317406026, 6.311074672987021, 7.715791302621607, 0.2846333777000525, 0.0, 0.00012727566263492918, 0.8322259474340109, 0.25110361451245133, 0.005516061751329904]
[0.0, 928545.2317406026, 6.311074672987021, 7.715791302621607, 0.2846333777000525, 0.0, 0.00012727566263492918, 0.8322259474340109, 0.25110361451245133, 0.005516061751329904]
[0.0, 928545.2317406026, 6.311074672987021, 7.715791302621607, 0.2846333777000525, 0.0, 0.00012727566263492918, 0.8322259474340109, 0.25110361451245133, 0.005516061751329904]
[0.0, 928545.2317406026, 6.311074672987021, 7.715791302621607, 0.2846333777000525, 0.0, 0.00012727566263492918, 0.8322259474340109, 0.25110361451245133, 0.005516061751329904]
[0.0, 928545.2317406026, 6.311074672987021, 7.715791302621607, 0.2846333777000525, 0.0, 0.00012727566263492918, 0.8322259474340109, 0.25110361451245133, 0.005516061751329904]
[0.0, 928545.2317406026, 6.311074672987021, 7.715791302621607, 0.2846333777000525, 0.0, 0.00012727566263492918, 0.8322259474340109, 0.25110361451245133, 0.005516061751329904]
[0.0, 928545.2317406026, 6.311074672987021, 7.715791302621607, 0.2846333777000525, 0.0, 0.00012727566263492918, 0.8322259474340109, 0.25110361451245133, 0.005178359800894317]
[0.0, 928545.2317406026, 6.311074672987021, 7.715791302621607, 0.2846333777000525, 0.0, 0.00012727566263492918, 0.8322259474340109, 0.25110361451245133, 0.005178359800894317]
[0.0, 928545.2317406026, 6.311074672987021, 7.715791302621607, 0.2846333777000525, 0.0, 0.00012727566263492918, 0.8322259474340109, 0.25110361451245133, 0.005178359800894317]
[0.0, 928545.2317406026, 6.311074672987021, 7.715791302621607, 0.2846333777000525, 0.0, 0.00012727566263492918, 0.8322259474340109, 0.25110361451245133, 0.005178359800894317]
[0.0, 928545.2317406026, 6.311074672987021, 7.715791302621607, 0.2846333777000525, 0.0, 0.00012727566263492918, 0.8322259474340109, 0.25110361451245133, 0.004959147282218357]
[0.0, 928545.2317406026, 6.311074672987021, 7.715791302621607, 0.2846333777000525, 0.0, 0.00012727566263492918, 0.8322259474340109, 0.25110361451245133, 0.004959147282218357]
[0.0, 928545.2317406026, 6.311074672987021, 7.715791302621607, 0.2846333777000525, 0.0, 0.00012727566263492918, 0.8322259474340109, 0.25110361451245133, 0.004959147282218357]
[0.0, 928545.2317406026, 6.311074672987021, 7.715791302621607, 0.2846333777000525, 0.0, 0.00012727566263492918, 0.8322259474340109, 0.25110361451245133, 0.004959147282218357]
[0.0, 928545.2317406026, 6.311074672987021, 7.715791302621607, 0.2846333777000525, 0.0, 0.00012727566263492918, 0.8322259474340109, 0.25110361451245133, 0.004959147282218357]
[0.0, 928545.2317406026, 6.311074672987021, 7.715791302621607, 0.2846333777000525, 0.0, 0.00012727566263492918, 0.8322259474340109, 0.25110361451245133, 0.004959147282218357]
[0.0, 928545.2317406026, 6.311074672987021, 7.715791302621607, 0.2846333777000525, 0.0, 0.00012727566263492918, 0.8322259474340109, 0.25110361451245133, 0.004959147282218357]
[0.0, 928545.2317406026, 6.311074672987021, 7.715791302621607, 0.2846333777000525, 0.0, 0.00012727566263492918, 0.8322259474340109, 0.25110361451245133, 0.004959147282218357]
[0.0, 928545.2317406026, 6.311074672987021, 7.715791302621607, 0.2846333777000525, 0.0, 0.00012727566263492918, 0.8322259474340109, 0.25110361451245133, 0.004959147282218357]
[0.0, 928545.2317406026, 6.311074672987021, 7.715791302621607, 0.2846333777000525, 0.0, 0.00012727566263492918, 0.8322259474340109, 0.25110361451245133, 0.004959147282218357]
[0.0, 928545.2317406026, 6.311074672987021, 7.715791302621607, 0.2846333777000525, 0.0, 0.00012727566263492918, 0.8322259474340109, 0.25110361451245133, 0.004959147282218357]
[0.0, 928545.2317406026, 6.311074672987021, 7.715791302621607, 0.2846333777000525, 0.0, 0.00012727566263492918, 0.8322259474340109, 0.25110361451245133, 0.004959147282218357]
[0.0, 928545.2317406026, 6.311074672987021, 7.715791302621607, 0.2846333777000525, 0.0, 0.00012727566263492918, 0.8322259474340109, 0.25110361451245133, 0.003613605591717306]
[0.0, 928545.2317406026, 6.311074672987021, 7.715791302621607, 0.2846333777000525, 0.0, 0.00012727566263492918, 0.8322259474340109, 0.25110361451245133, 0.003613605591717306]
[0.0, 928545.2317406026, 6.311074672987021, 7.715791302621607, 0.2846333777000525, 0.0, 0.00012727566263492918, 0.8322259474340109, 0.25110361451245133, 0.003613605591717306]
[0.0, 928545.2317406026, 6.311074672987021, 7.715791302621607, 0.2846333777000525, 0.0, 0.00012727566263492918, 0.8322259474340109, 0.25110361451245133, 0.003613605591717306]
[0.0, 928545.2317406026, 6.311074672987021, 7.715791302621607, 0.2846333777000525, 0.0, 0.00012727566263492918, 0.8322259474340109, 0.25110361451245133, 0.003613605591717306]
[0.0, 928545.2317406026, 6.311074672987021, 7.715791302621607, 0.2846333777000525, 0.0, 0.00012727566263492918, 0.8322259474340109, 0.25110361451245133, 0.003613605591717306]
[0.0, 928545.2317406026, 6.311074672987021, 7.715791302621607, 0.2846333777000525, 0.0, 0.00012727566263492918, 0.8322259474340109, 0.25110361451245133, 0.003613605591717306]
[0.0, 928545.2317406026, 6.311074672987021, 7.715791302621607, 0.2846333777000525, 0.0, 0.00012727566263492918, 0.8322259474340109, 0.25110361451245133, 0.003613605591717306]
[0.0, 928545.2317406026, 6.311074672987021, 7.715791302621607, 0.2846333777000525, 0.0, 0.00012727566263492918, 0.8322259474340109, 0.25110361451245133, 0.003613605591717306]
[0.0, 928545.2317406026, 6.311074672987021, 7.715791302621607, 0.2846333777000525, 0.0, 0.00012727566263492918, 0.8322259474340109, 0.25110361451245133, 0.003613605591717306]
[0.0, 928545.2317406026, 6.311074672987021, 7.715791302621607, 0.2846333777000525, 0.0, 0.00012727566263492918, 0.8322259474340109, 0.25110361451245133, 0.003613605591717306]
[0.0, 928545.2317406026, 6.311074672987021, 7.715791302621607, 0.2846333777000525, 0.0, 0.00012727566263492918, 0.8322259474340109, 0.25110361451245133, 0.003613605591717306]
[0.0, 928545.2317406026, 6.311074672987021, 7.715791302621607, 0.2846333777000525, 0.0, 0.00012727566263492918, 0.8322259474340109, 0.25110361451245133, 0.003613605591717306]
[0.0, 928545.2317406026, 6.311074672987021, 7.715791302621607, 0.2846333777000525, 0.0, 0.00012727566263492918, 0.8322259474340109, 0.25110361451245133, 0.003613605591717306]
[0.0, 928545.2317406026, 6.311074672987021, 7.715791302621607, 0.2846333777000525, 0.0, 0.00012727566263492918, 0.8322259474340109, 0.25110361451245133, 0.003613605591717306]
[0.0, 928545.2317406026, 6.311074672987021, 7.715791302621607, 0.2846333777000525, 0.0, 0.00012727566263492918, 0.8322259474340109, 0.25110361451245133, 0.003613605591717306]
[0.0, 928545.2317406026, 6.311074672987021, 7.715791302621607, 0.2846333777000525, 0.0, 0.00012727566263492918, 0.8322259474340109, 0.25110361451245133, 0.003613605591717306]
[0.0, 928545.2317406026, 6.311074672987021, 7.715791302621607, 0.2846333777000525, 0.0, 0.00012727566263492918, 0.8322259474340109, 0.25110361451245133, 0.003613605591717306]
[0.0, 928545.2317406026, 6.311074672987021, 7.715791302621607, 0.2846333777000525, 0.0, 0.00012727566263492918, 0.8322259474340109, 0.25110361451245133, 0.003613605591717306]
[0.0, 928545.2317406026, 6.311074672987021, 7.715791302621607, 0.2846333777000525, 0.0, 0.00012727566263492918, 0.8322259474340109, 0.25110361451245133, 0.003613605591717306]
[0.0, 928545.2317406026, 6.311074672987021, 7.715791302621607, 0.2846333777000525, 0.0, 0.00012727566263492918, 0.8322259474340109, 0.25110361451245133, 0.003613605591717306]
[0.0, 928545.2317406026, 6.311074672987021, 7.715791302621607, 0.2846333777000525, 0.0, 0.00012727566263492918, 0.8322259474340109, 0.25110361451245133, 0.003613605591717306]
[0.0, 928545.2317406026, 6.311074672987021, 7.715791302621607, 0.2846333777000525, 0.0, 0.00012727566263492918, 0.8322259474340109, 0.25110361451245133, 0.003613605591717306]
[0.0, 928545.2317406026, 6.311074672987021, 7.715791302621607, 0.2846333777000525, 0.0, 0.00012727566263492918, 0.8322259474340109, 0.25110361451245133, 0.003613605591717306]
[0.0, 928545.2317406026, 6.311074672987021, 7.715791302621607, 0.2846333777000525, 0.0, 0.00012727566263492918, 0.8322259474340109, 0.25110361451245133, 0.003613605591717306]
[0.0, 928545.2317406026, 6.311074672987021, 7.715791302621607, 0.2846333777000525, 0.0, 0.00012727566263492918, 0.8322259474340109, 0.25110361451245133, 0.003613605591717306]
[0.0, 928545.2317406026, 6.311074672987021, 7.715791302621607, 0.2846333777000525, 0.0, 0.00012727566263492918, 0.8322259474340109, 0.25110361451245133, 0.003613605591717306]
[0.0, 928545.2317406026, 6.311074672987021, 7.715791302621607, 0.2846333777000525, 0.0, 0.00012727566263492918, 0.8322259474340109, 0.25110361451245133, 0.003613605591717306]
[0.0, 928545.2317406026, 6.311074672987021, 7.715791302621607, 0.2846333777000525, 0.0, 0.00012727566263492918, 0.8322259474340109, 0.25110361451245133, 0.003613605591717306]
[0.0, 928545.2317406026, 6.311074672987021, 7.715791302621607, 0.2846333777000525, 0.0, 0.00012727566263492918, 0.8322259474340109, 0.25110361451245133, 0.003613605591717306]
[0.0, 928545.2317406026, 6.311074672987021, 7.715791302621607, 0.2846333777000525, 0.0, 0.00012727566263492918, 0.8322259474340109, 0.25110361451245133, 0.003613605591717306]
[0.0, 928545.2317406026, 6.311074672987021, 7.715791302621607, 0.2846333777000525, 0.0, 0.00012727566263492918, 0.8322259474340109, 0.25110361451245133, 0.003613605591717306]
[0.0, 928545.2317406026, 6.311074672987021, 7.715791302621607, 0.2846333777000525, 0.0, 0.00012727566263492918, 0.8322259474340109, 0.25110361451245133, 0.003613605591717306]
[0.0, 928545.2317406026, 6.311074672987021, 7.715791302621607, 0.2846333777000525, 0.0, 0.00012727566263492918, 0.8322259474340109, 0.25110361451245133, 0.003613605591717306]
[0.0, 928545.2317406026, 6.311074672987021, 7.715791302621607, 0.2846333777000525, 0.0, 0.00012727566263492918, 0.8322259474340109, 0.25110361451245133, 0.003613605591717306]
[0.0, 928545.2317406026, 6.311074672987021, 7.715791302621607, 0.2846333777000525, 0.0, 0.00012727566263492918, 0.8322259474340109, 0.25110361451245133, 0.003613605591717306]
[0.0, 928545.2317406026, 6.311074672987021, 7.715791302621607, 0.2846333777000525, 0.0, 0.00012727566263492918, 0.8322259474340109, 0.25110361451245133, 0.003613605591717306]
[0.0, 928545.2317406026, 6.311074672987021, 7.715791302621607, 0.2846333777000525, 0.0, 0.00012727566263492918, 0.8322259474340109, 0.25110361451245133, 0.003613605591717306]
[0.0, 928545.2317406026, 6.311074672987021, 7.715791302621607, 0.2846333777000525, 0.0, 0.00012727566263492918, 0.8322259474340109, 0.25110361451245133, 0.003311233770052713]
[0.0, 928545.2317406026, 6.311074672987021, 7.715791302621607, 0.2846333777000525, 0.0, 0.00012727566263492918, 0.8322259474340109, 0.25110361451245133, 0.003311233770052713]
[0.0, 928545.2317406026, 6.311074672987021, 7.715791302621607, 0.2846333777000525, 0.0, 0.00012727566263492918, 0.8322259474340109, 0.25110361451245133, 0.003311233770052713]
[0.0, 928545.2317406026, 6.311074672987021, 7.715791302621607, 0.2846333777000525, 0.0, 0.00012727566263492918, 0.8322259474340109, 0.25110361451245133, 0.003311233770052713]
[0.0, 928545.2317406026, 6.311074672987021, 7.715791302621607, 0.2846333777000525, 0.0, 0.00012727566263492918, 0.8322259474340109, 0.25110361451245133, 0.003311233770052713]
[0.0, 928545.2317406026, 6.311074672987021, 7.715791302621607, 0.2846333777000525, 0.0, 0.00012727566263492918, 0.8322259474340109, 0.25110361451245133, 0.003311233770052713]
[0.0, 928545.2317406026, 6.311074672987021, 7.715791302621607, 0.2846333777000525, 0.0, 0.00012727566263492918, 0.8322259474340109, 0.25110361451245133, 0.0027100481546757926]
[0.0, 928545.2317406026, 6.311074672987021, 7.715791302621607, 0.2846333777000525, 0.0, 0.00012727566263492918, 0.8322259474340109, 0.25110361451245133, 0.0027100481546757926]
[0.0, 928545.2317406026, 6.311074672987021, 7.715791302621607, 0.2846333777000525, 0.0, 0.00012727566263492918, 0.8322259474340109, 0.25110361451245133, 0.0027100481546757926]
[0.0, 928545.2317406026, 6.311074672987021, 7.715791302621607, 0.2846333777000525, 0.0, 0.00012727566263492918, 0.8322259474340109, 0.25110361451245133, 0.0027100481546757926]
[0.0, 928545.2317406026, 6.311074672987021, 7.715791302621607, 0.2846333777000525, 0.0, 0.00012727566263492918, 0.8322259474340109, 0.25110361451245133, 0.0027100481546757926]
[0.0, 928545.2317406026, 6.311074672987021, 7.715791302621607, 0.2846333777000525, 0.0, 0.00012727566263492918, 0.8322259474340109, 0.25110361451245133, 0.0027100481546757926]
[0.0, 928545.2317406026, 6.311074672987021, 7.715791302621607, 0.2846333777000525, 0.0, 0.00012727566263492918, 0.8322259474340109, 0.25110361451245133, 0.0027100481546757926]
[0.0, 928545.2317406026, 6.311074672987021, 7.715791302621607, 0.2846333777000525, 0.0, 0.00012727566263492918, 0.8322259474340109, 0.25110361451245133, 0.0027100481546757926]
[0.0, 928545.2317406026, 6.311074672987021, 7.715791302621607, 0.2846333777000525, 0.0, 0.00012727566263492918, 0.8322259474340109, 0.25110361451245133, 0.0027100481546757926]
[0.0, 928545.2317406026, 6.311074672987021, 7.715791302621607, 0.2846333777000525, 0.0, 0.00012727566263492918, 0.8322259474340109, 0.25110361451245133, 0.0027100481546757926]
[0.0, 928545.2317406026, 6.311074672987021, 7.715791302621607, 0.2846333777000525, 0.0, 0.00012727566263492918, 0.8322259474340109, 0.25110361451245133, 0.0027100481546757926]
[0.0, 928545.2317406026, 6.311074672987021, 7.715791302621607, 0.2846333777000525, 0.0, 0.00012727566263492918, 0.8322259474340109, 0.25110361451245133, 0.0027100481546757926]
[0.0, 928545.2317406026, 6.311074672987021, 7.715791302621607, 0.2846333777000525, 0.0, 0.00012727566263492918, 0.8322259474340109, 0.25110361451245133, 0.0027100481546757926]
[0.0, 928545.2317406026, 6.311074672987021, 7.715791302621607, 0.2846333777000525, 0.0, 0.00012727566263492918, 0.8322259474340109, 0.25110361451245133, 0.0027100481546757926]
[0.0, 928545.2317406026, 6.311074672987021, 7.715791302621607, 0.2846333777000525, 0.0, 0.00012727566263492918, 0.8322259474340109, 0.25110361451245133, 0.0027100481546757926]
[0.0, 928545.2317406026, 6.311074672987021, 7.715791302621607, 0.2846333777000525, 0.0, 0.00012727566263492918, 0.8322259474340109, 0.25110361451245133, 0.0027100481546757926]
[0.0, 928545.2317406026, 6.311074672987021, 7.715791302621607, 0.2846333777000525, 0.0, 0.00012727566263492918, 0.8322259474340109, 0.25110361451245133, 0.0027100481546757926]
[0.0, 928545.2317406026, 6.311074672987021, 7.715791302621607, 0.2846333777000525, 0.0, 0.00012727566263492918, 0.8322259474340109, 0.25110361451245133, 0.0027100481546757926]
[0.0, 928545.2317406026, 6.311074672987021, 7.715791302621607, 0.2846333777000525, 0.0, 0.00012727566263492918, 0.8322259474340109, 0.25110361451245133, 0.0027100481546757926]
[0.0, 928545.2317406026, 6.311074672987021, 7.715791302621607, 0.2846333777000525, 0.0, 0.00012727566263492918, 0.8322259474340109, 0.25110361451245133, 0.0027100481546757926]
[0.0, 928545.2317406026, 6.311074672987021, 7.715791302621607, 0.2846333777000525, 0.0, 0.00012727566263492918, 0.8322259474340109, 0.25110361451245133, 0.0027100481546757926]
[0.0, 928545.2317406026, 6.311074672987021, 7.715791302621607, 0.2846333777000525, 0.0, 0.00012727566263492918, 0.8322259474340109, 0.25110361451245133, 0.0027100481546757926]
[0.0, 928545.2317406026, 6.311074672987021, 7.715791302621607, 0.2846333777000525, 0.0, 0.00012727566263492918, 0.8322259474340109, 0.25110361451245133, 0.0027100481546757926]
[0.0, 928545.2317406026, 6.311074672987021, 7.715791302621607, 0.2846333777000525, 0.0, 0.00012727566263492918, 0.8322259474340109, 0.25110361451245133, 0.0027100481546757926]
[0.0, 928545.2317406026, 6.311074672987021, 7.715791302621607, 0.2846333777000525, 0.0, 0.00012727566263492918, 0.8322259474340109, 0.25110361451245133, 0.0027100481546757926]
[0.0, 928545.2317406026, 6.311074672987021, 7.715791302621607, 0.2846333777000525, 0.0, 0.00012727566263492918, 0.8322259474340109, 0.25110361451245133, 0.0027100481546757926]
[0.0, 928545.2317406026, 6.311074672987021, 7.715791302621607, 0.2846333777000525, 0.0, 0.00012727566263492918, 0.8322259474340109, 0.25110361451245133, 0.0027100481546757926]
[0.0, 928545.2317406026, 6.311074672987021, 7.715791302621607, 0.2846333777000525, 0.0, 0.00012727566263492918, 0.8322259474340109, 0.25110361451245133, 0.0027100481546757926]
[0.0, 928545.2317406026, 6.311074672987021, 7.715791302621607, 0.2846333777000525, 0.0, 0.00012727566263492918, 0.8322259474340109, 0.25110361451245133, 0.0027100481546757926]
[0.0, 928545.2317406026, 6.311074672987021, 7.715791302621607, 0.2846333777000525, 0.0, 0.00012727566263492918, 0.8322259474340109, 0.25110361451245133, 0.0027100481546757926]
[0.0, 928545.2317406026, 6.311074672987021, 7.715791302621607, 0.2846333777000525, 0.0, 0.00012727566263492918, 0.8322259474340109, 0.25110361451245133, 0.0027100481546757926]
[0.0, 928545.2317406026, 6.311074672987021, 7.715791302621607, 0.2846333777000525, 0.0, 0.00012727566263492918, 0.8322259474340109, 0.25110361451245133, 0.0027100481546757926]
[0.0, 928545.2317406026, 6.311074672987021, 7.715791302621607, 0.2846333777000525, 0.0, 0.00012727566263492918, 0.8322259474340109, 0.25110361451245133, 0.0025680686664029118]
[0.0, 928545.2317406026, 6.311074672987021, 7.715791302621607, 0.2846333777000525, 0.0, 0.00012727566263492918, 0.8322259474340109, 0.25110361451245133, 0.0025680686664029118]
[0.0, 928545.2317406026, 6.311074672987021, 7.715791302621607, 0.2846333777000525, 0.0, 0.00012727566263492918, 0.8322259474340109, 0.25110361451245133, 0.0025680686664029118]
[0.0, 928545.2317406026, 6.311074672987021, 7.715791302621607, 0.2846333777000525, 0.0, 0.00012727566263492918, 0.8322259474340109, 0.25110361451245133, 0.0025680686664029118]
[0.0, 928545.2317406026, 6.311074672987021, 7.715791302621607, 0.2846333777000525, 0.0, 0.00012727566263492918, 0.8322259474340109, 0.25110361451245133, 0.0025680686664029118]
[0.0, 928545.2317406026, 6.311074672987021, 7.715791302621607, 0.2846333777000525, 0.0, 0.00012727566263492918, 0.8322259474340109, 0.25110361451245133, 0.0025680686664029118]
[0.0, 928545.2317406026, 6.311074672987021, 7.715791302621607, 0.2846333777000525, 0.0, 0.00012727566263492918, 0.8322259474340109, 0.25110361451245133, 0.0025680686664029118]
[0.0, 928545.2317406026, 6.311074672987021, 7.715791302621607, 0.2846333777000525, 0.0, 0.00012727566263492918, 0.8322259474340109, 0.25110361451245133, 0.0025680686664029118]
[0.0, 928545.2317406026, 6.311074672987021, 7.715791302621607, 0.2846333777000525, 0.0, 0.00012727566263492918, 0.8322259474340109, 0.25110361451245133, 0.0025680686664029118]
[0.0, 928545.2317406026, 6.311074672987021, 7.715791302621607, 0.2846333777000525, 0.0, 0.00012727566263492918, 0.8322259474340109, 0.25110361451245133, 0.0025680686664029118]
[0.0, 928545.2317406026, 6.311074672987021, 7.715791302621607, 0.2846333777000525, 0.0, 0.00012727566263492918, 0.8322259474340109, 0.25110361451245133, 0.0025680686664029118]
[0.0, 928545.2317406026, 6.311074672987021, 7.715791302621607, 0.2846333777000525, 0.0, 0.00012727566263492918, 0.8322259474340109, 0.25110361451245133, 0.0025680686664029118]
[0.0, 928545.2317406026, 6.311074672987021, 7.715791302621607, 0.2846333777000525, 0.0, 0.00012727566263492918, 0.8322259474340109, 0.25110361451245133, 0.0025680686664029118]
[0.0, 884996.1115491362, 6.311074672987021, 7.715791302621607, 0.2846333777000525, 0.0, 0.00012727566263492918, 0.8322259474340109, 0.25110361451245133, 0.0025680686664029118]
[0.0, 884996.1115491362, 6.311074672987021, 7.715791302621607, 0.2846333777000525, 0.0, 0.00012727566263492918, 0.8322259474340109, 0.25110361451245133, 0.0025680686664029118]
[0.0, 884996.1115491362, 6.311074672987021, 7.715791302621607, 0.2846333777000525, 0.0, 0.00012727566263492918, 0.8322259474340109, 0.25110361451245133, 0.0025680686664029118]
[0.0, 884996.1115491362, 6.311074672987021, 7.715791302621607, 0.2846333777000525, 0.0, 0.00012727566263492918, 0.8322259474340109, 0.25110361451245133, 0.0025680686664029118]
[0.0, 884996.1115491362, 6.311074672987021, 7.715791302621607, 0.2846333777000525, 0.0, 0.00012727566263492918, 0.8322259474340109, 0.25110361451245133, 0.0025680686664029118]
[0.0, 884996.1115491362, 6.311074672987021, 7.715791302621607, 0.2846333777000525, 0.0, 0.00012727566263492918, 0.8322259474340109, 0.25110361451245133, 0.002164245394056241]
[0.0, 884996.1115491362, 6.311074672987021, 7.715791302621607, 0.2846333777000525, 0.0, 0.00012727566263492918, 0.8322259474340109, 0.25110361451245133, 0.002164245394056241]
[0.0, 884996.1115491362, 6.311074672987021, 7.715791302621607, 0.2846333777000525, 0.0, 0.00012727566263492918, 0.8322259474340109, 0.25110361451245133, 0.002164245394056241]
[0.0, 884996.1115491362, 6.311074672987021, 7.715791302621607, 0.2846333777000525, 0.0, 0.00012727566263492918, 0.8322259474340109, 0.25110361451245133, 0.002164245394056241]
[0.0, 884996.1115491362, 6.311074672987021, 7.715791302621607, 0.2846333777000525, 0.0, 0.00012727566263492918, 0.8322259474340109, 0.25110361451245133, 0.002164245394056241]
[0.0, 884996.1115491362, 6.311074672987021, 7.715791302621607, 0.2846333777000525, 0.0, 0.00012727566263492918, 0.8322259474340109, 0.25110361451245133, 0.002164245394056241]
[0.0, 884996.1115491362, 6.311074672987021, 7.715791302621607, 0.2846333777000525, 0.0, 0.00012727566263492918, 0.8322259474340109, 0.25110361451245133, 0.002164245394056241]
[0.0, 884996.1115491362, 6.311074672987021, 7.715791302621607, 0.2846333777000525, 0.0, 0.00012727566263492918, 0.8322259474340109, 0.25110361451245133, 0.002164245394056241]
[0.0, 884996.1115491362, 6.311074672987021, 7.715791302621607, 0.2846333777000525, 0.0, 0.00012727566263492918, 0.8322259474340109, 0.25110361451245133, 0.002164245394056241]
[0.0, 884996.1115491362, 6.311074672987021, 7.715791302621607, 0.2846333777000525, 0.0, 0.00012727566263492918, 0.8322259474340109, 0.25110361451245133, 0.002164245394056241]
[0.0, 884996.1115491362, 6.311074672987021, 7.715791302621607, 0.2846333777000525, 0.0, 0.00012727566263492918, 0.8322259474340109, 0.25110361451245133, 0.002164245394056241]
[0.0, 884996.1115491362, 6.311074672987021, 7.715791302621607, 0.2846333777000525, 0.0, 0.00012727566263492918, 0.8322259474340109, 0.25110361451245133, 0.002164245394056241]
[0.0, 884996.1115491362, 6.311074672987021, 7.715791302621607, 0.2846333777000525, 0.0, 0.00012727566263492918, 0.8322259474340109, 0.25110361451245133, 0.002164245394056241]
[0.0, 884996.1115491362, 6.311074672987021, 7.715791302621607, 0.2846333777000525, 0.0, 0.00012727566263492918, 0.8322259474340109, 0.25110361451245133, 0.00213614279428187]
[0.0, 884996.1115491362, 6.311074672987021, 7.715791302621607, 0.2846333777000525, 0.0, 0.00012727566263492918, 0.8322259474340109, 0.25110361451245133, 0.001865884555869446]
[0.0, 884996.1115491362, 6.311074672987021, 7.715791302621607, 0.2846333777000525, 0.0, 0.00012727566263492918, 0.8322259474340109, 0.25110361451245133, 0.001758648624591519]
[0.0, 884996.1115491362, 6.311074672987021, 7.715791302621607, 0.2846333777000525, 0.0, 0.00012727566263492918, 0.8322259474340109, 0.25110361451245133, 0.001758648624591519]
[0.0, 884996.1115491362, 6.311074672987021, 7.715791302621607, 0.2846333777000525, 0.0, 0.00012727566263492918, 0.8322259474340109, 0.25110361451245133, 0.001758648624591519]
[0.0, 884996.1115491362, 6.311074672987021, 7.715791302621607, 0.2846333777000525, 0.0, 0.00012727566263492918, 0.8322259474340109, 0.25110361451245133, 0.001758648624591519]
[0.0, 884996.1115491362, 6.311074672987021, 7.715791302621607, 0.2846333777000525, 0.0, 0.00012727566263492918, 0.8322259474340109, 0.25110361451245133, 0.001758648624591519]
[0.0, 884996.1115491362, 6.311074672987021, 7.715791302621607, 0.2846333777000525, 0.0, 0.00012727566263492918, 0.8322259474340109, 0.25110361451245133, 0.001758648624591519]
[0.0, 884996.1115491362, 6.311074672987021, 7.715791302621607, 0.2846333777000525, 0.0, 0.00012727566263492918, 0.8322259474340109, 0.25110361451245133, 0.001758648624591519]
[0.0, 884996.1115491362, 6.311074672987021, 7.715791302621607, 0.2846333777000525, 0.0, 0.00012727566263492918, 0.8322259474340109, 0.25110361451245133, 0.001758648624591519]
[0.0, 884996.1115491362, 6.311074672987021, 7.715791302621607, 0.2846333777000525, 0.0, 0.00012727566263492918, 0.8322259474340109, 0.25110361451245133, 0.001758648624591519]
[0.0, 884996.1115491362, 6.311074672987021, 7.715791302621607, 0.2846333777000525, 0.0, 0.00012727566263492918, 0.8322259474340109, 0.25110361451245133, 0.001758648624591519]
[0.0, 884996.1115491362, 6.311074672987021, 7.715791302621607, 0.2846333777000525, 0.0, 0.00012727566263492918, 0.8322259474340109, 0.25110361451245133, 0.001537610845666837]
[0.0, 884996.1115491362, 6.311074672987021, 7.715791302621607, 0.2846333777000525, 0.0, 0.00012727566263492918, 0.8322259474340109, 0.25110361451245133, 0.001537610845666837]
[0.0, 884996.1115491362, 6.311074672987021, 7.715791302621607, 0.2846333777000525, 0.0, 0.00012727566263492918, 0.8322259474340109, 0.25110361451245133, 0.001537610845666837]
[0.0, 884996.1115491362, 6.311074672987021, 7.715791302621607, 0.2846333777000525, 0.0, 0.00012727566263492918, 0.8322259474340109, 0.25110361451245133, 0.001537610845666837]
[0.0, 884996.1115491362, 6.311074672987021, 7.715791302621607, 0.2846333777000525, 0.0, 0.00012727566263492918, 0.8322259474340109, 0.25110361451245133, 0.001537610845666837]
[0.0, 884996.1115491362, 6.311074672987021, 7.715791302621607, 0.2846333777000525, 0.0, 0.00012727566263492918, 0.8322259474340109, 0.25110361451245133, 0.001537610845666837]
[0.0, 884996.1115491362, 6.311074672987021, 7.715791302621607, 0.2846333777000525, 0.0, 0.00012727566263492918, 0.8322259474340109, 0.25110361451245133, 0.001537610845666837]
[0.0, 884996.1115491362, 6.311074672987021, 7.715791302621607, 0.2846333777000525, 0.0, 0.00012727566263492918, 0.8322259474340109, 0.25110361451245133, 0.001537610845666837]
[0.0, 884996.1115491362, 6.311074672987021, 7.715791302621607, 0.2846333777000525, 0.0, 0.00012727566263492918, 0.8322259474340109, 0.25110361451245133, 0.001537610845666837]
[0.0, 884996.1115491362, 6.311074672987021, 7.715791302621607, 0.2846333777000525, 0.0, 0.00012727566263492918, 0.8322259474340109, 0.25110361451245133, 0.001537610845666837]
[0.0, 884996.1115491362, 6.311074672987021, 7.715791302621607, 0.2846333777000525, 0.0, 0.00012727566263492918, 0.8322259474340109, 0.25110361451245133, 0.001537610845666837]
[0.0, 884996.1115491362, 6.311074672987021, 7.715791302621607, 0.2846333777000525, 0.0, 0.00012727566263492918, 0.8322259474340109, 0.25110361451245133, 0.001537610845666837]
[0.0, 884996.1115491362, 6.311074672987021, 7.715791302621607, 0.2846333777000525, 0.0, 0.00012727566263492918, 0.8322259474340109, 0.25110361451245133, 0.001537610845666837]
[0.0, 884996.1115491362, 6.311074672987021, 7.715791302621607, 0.2846333777000525, 0.0, 0.00012727566263492918, 0.8322259474340109, 0.25110361451245133, 0.001537610845666837]
[0.0, 884996.1115491362, 6.311074672987021, 7.715791302621607, 0.2846333777000525, 0.0, 0.00012727566263492918, 0.8322259474340109, 0.25110361451245133, 0.001537610845666837]
[0.0, 884996.1115491362, 6.311074672987021, 7.715791302621607, 0.2846333777000525, 0.0, 0.00012727566263492918, 0.8322259474340109, 0.25110361451245133, 0.001537610845666837]
[0.0, 884996.1115491362, 6.311074672987021, 7.715791302621607, 0.2846333777000525, 0.0, 0.00012727566263492918, 0.8322259474340109, 0.25110361451245133, 0.001537610845666837]
[0.0, 884996.1115491362, 6.311074672987021, 7.715791302621607, 0.2846333777000525, 0.0, 0.00012727566263492918, 0.8322259474340109, 0.25110361451245133, 0.001537610845666837]
[0.0, 884996.1115491362, 6.311074672987021, 7.715791302621607, 0.2846333777000525, 0.0, 0.00012727566263492918, 0.8322259474340109, 0.25110361451245133, 0.001537610845666837]
[0.0, 884996.1115491362, 6.311074672987021, 7.715791302621607, 0.2846333777000525, 0.0, 0.00012727566263492918, 0.8322259474340109, 0.25110361451245133, 0.001537610845666837]
[0.0, 884996.1115491362, 6.311074672987021, 7.715791302621607, 0.2846333777000525, 0.0, 0.00012727566263492918, 0.8322259474340109, 0.25110361451245133, 0.001537610845666837]
[0.0, 884996.1115491362, 6.311074672987021, 7.715791302621607, 0.2846333777000525, 0.0, 0.00012727566263492918, 0.8322259474340109, 0.25110361451245133, 0.001537610845666837]
[0.0, 884996.1115491362, 6.311074672987021, 7.715791302621607, 0.2846333777000525, 0.0, 0.00012727566263492918, 0.8322259474340109, 0.25110361451245133, 0.001537610845666837]
[0.0, 884996.1115491362, 6.311074672987021, 7.715791302621607, 0.2846333777000525, 0.0, 0.00012727566263492918, 0.8322259474340109, 0.25110361451245133, 0.001537610845666837]
[0.0, 884996.1115491362, 6.311074672987021, 7.715791302621607, 0.2846333777000525, 0.0, 0.00012727566263492918, 0.8322259474340109, 0.25110361451245133, 0.001537610845666837]
[0.0, 884996.1115491362, 6.311074672987021, 7.715791302621607, 0.2846333777000525, 0.0, 0.00012727566263492918, 0.8322259474340109, 0.25110361451245133, 0.001537610845666837]
[0.0, 884996.1115491362, 6.311074672987021, 7.715791302621607, 0.2846333777000525, 0.0, 0.00012727566263492918, 0.8322259474340109, 0.25110361451245133, 0.001537610845666837]
[0.0, 884996.1115491362, 6.311074672987021, 7.715791302621607, 0.2846333777000525, 0.0, 0.00012727566263492918, 0.8322259474340109, 0.25110361451245133, 0.001537610845666837]
[0.0, 884996.1115491362, 6.311074672987021, 7.715791302621607, 0.2846333777000525, 0.0, 0.00012727566263492918, 0.8322259474340109, 0.25110361451245133, 0.001537610845666837]
[0.0, 884996.1115491362, 6.311074672987021, 7.715791302621607, 0.2846333777000525, 0.0, 0.00012727566263492918, 0.8322259474340109, 0.25110361451245133, 0.001537610845666837]
[0.0, 884996.1115491362, 6.311074672987021, 7.715791302621607, 0.2846333777000525, 0.0, 0.00012727566263492918, 0.8322259474340109, 0.25110361451245133, 0.001537610845666837]
[0.0, 884996.1115491362, 6.311074672987021, 7.715791302621607, 0.2846333777000525, 0.0, 0.00012727566263492918, 0.8322259474340109, 0.25110361451245133, 0.001537610845666837]
[0.0, 884996.1115491362, 6.311074672987021, 7.715791302621607, 0.2846333777000525, 0.0, 0.00012727566263492918, 0.8322259474340109, 0.25110361451245133, 0.001537610845666837]
[0.0, 884996.1115491362, 6.311074672987021, 7.715791302621607, 0.2846333777000525, 0.0, 0.00012727566263492918, 0.8322259474340109, 0.25110361451245133, 0.001537610845666837]
[0.0, 884996.1115491362, 6.311074672987021, 7.715791302621607, 0.2846333777000525, 0.0, 0.00012727566263492918, 0.8322259474340109, 0.25110361451245133, 0.001537610845666837]
[0.0, 884996.1115491362, 6.311074672987021, 7.715791302621607, 0.2846333777000525, 0.0, 0.00012727566263492918, 0.8322259474340109, 0.25110361451245133, 0.001537610845666837]
[0.0, 884996.1115491362, 6.311074672987021, 7.715791302621607, 0.2846333777000525, 0.0, 0.00012727566263492918, 0.8322259474340109, 0.25110361451245133, 0.001537610845666837]
[0.0, 884996.1115491362, 6.311074672987021, 7.715791302621607, 0.2846333777000525, 0.0, 0.00012727566263492918, 0.8322259474340109, 0.25110361451245133, 0.001537610845666837]
[0.0, 884996.1115491362, 6.311074672987021, 7.715791302621607, 0.2846333777000525, 0.0, 0.00012727566263492918, 0.8322259474340109, 0.25110361451245133, 0.001537610845666837]
[0.0, 884996.1115491362, 6.311074672987021, 7.715791302621607, 0.2846333777000525, 0.0, 0.00012727566263492918, 0.8322259474340109, 0.25110361451245133, 0.001537610845666837]
[0.0, 884996.1115491362, 6.311074672987021, 7.715791302621607, 0.2846333777000525, 0.0, 0.00012727566263492918, 0.8322259474340109, 0.25110361451245133, 0.001537610845666837]
[0.0, 884996.1115491362, 6.311074672987021, 7.715791302621607, 0.2821133090851218, 0.0, 0.00012727566263492918, 0.8322259474340109, 0.25110361451245133, 0.001537610845666837]
[0.0, 884996.1115491362, 6.311074672987021, 7.715791302621607, 0.2821133090851218, 0.0, 0.00012727566263492918, 0.8322259474340109, 0.25110361451245133, 0.001537610845666837]
[0.0, 884996.1115491362, 6.311074672987021, 7.715791302621607, 0.2821133090851218, 0.0, 0.00012727566263492918, 0.8322259474340109, 0.25110361451245133, 0.001537610845666837]
[0.0, 884996.1115491362, 6.311074672987021, 7.715791302621607, 0.2821133090851218, 0.0, 0.00012727566263492918, 0.8322259474340109, 0.25110361451245133, 0.001537610845666837]
[0.0, 884996.1115491362, 6.311074672987021, 7.715791302621607, 0.2821133090851218, 0.0, 0.00012727566263492918, 0.8322259474340109, 0.25110361451245133, 0.001537610845666837]
[0.0, 884996.1115491362, 6.311074672987021, 7.715791302621607, 0.2821133090851218, 0.0, 0.00012727566263492918, 0.8322259474340109, 0.25110361451245133, 0.001537610845666837]
[0.0, 884996.1115491362, 6.311074672987021, 7.715791302621607, 0.2821133090851218, 0.0, 0.00012727566263492918, 0.8322259474340109, 0.25110361451245133, 0.001537610845666837]
[0.0, 884996.1115491362, 6.311074672987021, 7.715791302621607, 0.2821133090851218, 0.0, 0.00012727566263492918, 0.8322259474340109, 0.25110361451245133, 0.0015347838652890466]
[0.0, 884996.1115491362, 6.311074672987021, 7.715791302621607, 0.2821133090851218, 0.0, 0.00012727566263492918, 0.8322259474340109, 0.25110361451245133, 0.0015347838652890466]
[0.0, 884996.1115491362, 6.311074672987021, 7.715791302621607, 0.2821133090851218, 0.0, 0.00012727566263492918, 0.8322259474340109, 0.25110361451245133, 0.0015347838652890466]
[0.0, 884996.1115491362, 6.311074672987021, 7.715791302621607, 0.2821133090851218, 0.0, 0.00012727566263492918, 0.8322259474340109, 0.25110361451245133, 0.0015347838652890466]
[0.0, 884996.1115491362, 6.311074672987021, 7.715791302621607, 0.2821133090851218, 0.0, 0.00012727566263492918, 0.8322259474340109, 0.25110361451245133, 0.0015347838652890466]
[0.0, 884996.1115491362, 6.311074672987021, 7.715791302621607, 0.2821133090851218, 0.0, 0.00012727566263492918, 0.8322259474340109, 0.25110361451245133, 0.0015347838652890466]
[0.0, 884996.1115491362, 6.311074672987021, 7.715791302621607, 0.2821133090851218, 0.0, 0.00012727566263492918, 0.8322259474340109, 0.25110361451245133, 0.0015347838652890466]
[0.0, 884996.1115491362, 6.311074672987021, 7.715791302621607, 0.2821133090851218, 0.0, 0.00012727566263492918, 0.8322259474340109, 0.25110361451245133, 0.0015347838652890466]
[0.0, 884996.1115491362, 6.311074672987021, 7.715791302621607, 0.2821133090851218, 0.0, 0.00012727566263492918, 0.8322259474340109, 0.25110361451245133, 0.0014560423514287102]
[0.0, 884996.1115491362, 6.311074672987021, 7.715791302621607, 0.2821133090851218, 0.0, 0.00012727566263492918, 0.8322259474340109, 0.25110361451245133, 0.0014560423514287102]
[0.0, 884996.1115491362, 6.311074672987021, 7.715791302621607, 0.2821133090851218, 0.0, 0.00012727566263492918, 0.8322259474340109, 0.25110361451245133, 0.0014560423514287102]
[0.0, 884996.1115491362, 6.311074672987021, 7.715791302621607, 0.2821133090851218, 0.0, 0.00012727566263492918, 0.8322259474340109, 0.25110361451245133, 0.0014560423514287102]
[0.0, 884996.1115491362, 6.311074672987021, 7.715791302621607, 0.2821133090851218, 0.0, 0.00012727566263492918, 0.8322259474340109, 0.25110361451245133, 0.0014560423514287102]
[0.0, 884996.1115491362, 6.311074672987021, 7.715791302621607, 0.2821133090851218, 0.0, 0.00012727566263492918, 0.8322259474340109, 0.25110361451245133, 0.0014560423514287102]
[0.0, 884996.1115491362, 6.311074672987021, 7.715791302621607, 0.2821133090851218, 0.0, 0.00012727566263492918, 0.8322259474340109, 0.25110361451245133, 0.0014319080028006859]
[0.0, 884996.1115491362, 6.311074672987021, 7.715791302621607, 0.2821133090851218, 0.0, 0.00012727566263492918, 0.8322259474340109, 0.25110361451245133, 0.0014319080028006859]
[0.0, 884996.1115491362, 6.311074672987021, 7.715791302621607, 0.2821133090851218, 0.0, 0.00012727566263492918, 0.8322259474340109, 0.25110361451245133, 0.0014319080028006859]
[0.0, 884996.1115491362, 6.311074672987021, 7.715791302621607, 0.2821133090851218, 0.0, 0.00012727566263492918, 0.8322259474340109, 0.25110361451245133, 0.0014319080028006859]
[0.0, 884996.1115491362, 6.311074672987021, 7.715791302621607, 0.2821133090851218, 0.0, 0.00012727566263492918, 0.8322259474340109, 0.25110361451245133, 0.0014319080028006859]
[0.0, 884996.1115491362, 6.311074672987021, 7.715791302621607, 0.2821133090851218, 0.0, 0.00012727566263492918, 0.8322259474340109, 0.25110361451245133, 0.0014319080028006859]
[0.0, 884996.1115491362, 6.311074672987021, 7.715791302621607, 0.2821133090851218, 0.0, 0.00012727566263492918, 0.8322259474340109, 0.25110361451245133, 0.0014319080028006859]
[0.0, 884996.1115491362, 6.311074672987021, 7.715791302621607, 0.2821133090851218, 0.0, 0.00012727566263492918, 0.8322259474340109, 0.25110361451245133, 0.0014319080028006859]
[0.0, 884996.1115491362, 6.311074672987021, 7.715791302621607, 0.2821133090851218, 0.0, 0.00012727566263492918, 0.8322259474340109, 0.25110361451245133, 0.0014319080028006859]
[0.0, 884996.1115491362, 6.311074672987021, 7.715791302621607, 0.2821133090851218, 0.0, 0.00012727566263492918, 0.8322259474340109, 0.25110361451245133, 0.0014319080028006859]
[0.0, 884996.1115491362, 6.311074672987021, 7.715791302621607, 0.2821133090851218, 0.0, 0.00012727566263492918, 0.8322259474340109, 0.25110361451245133, 0.0014319080028006859]
[0.0, 884996.1115491362, 6.311074672987021, 7.715791302621607, 0.2821133090851218, 0.0, 0.00012727566263492918, 0.8322259474340109, 0.25110361451245133, 0.0014319080028006859]
[0.0, 884996.1115491362, 6.311074672987021, 7.715791302621607, 0.2821133090851218, 0.0, 0.00012727566263492918, 0.8322259474340109, 0.25110361451245133, 0.0014319080028006859]
[0.0, 884996.1115491362, 6.311074672987021, 7.715791302621607, 0.2821133090851218, 0.0, 0.00012727566263492918, 0.8322259474340109, 0.25110361451245133, 0.0014008080345111473]
[0.0, 884996.1115491362, 6.311074672987021, 7.715791302621607, 0.2821133090851218, 0.0, 0.00012727566263492918, 0.8322259474340109, 0.25110361451245133, 0.0014008080345111473]
[0.0, 884996.1115491362, 6.311074672987021, 7.715791302621607, 0.2821133090851218, 0.0, 0.00012727566263492918, 0.8322259474340109, 0.25110361451245133, 0.0012660347441273423]
[0.0, 884996.1115491362, 6.311074672987021, 7.715791302621607, 0.2821133090851218, 0.0, 0.00012727566263492918, 0.8322259474340109, 0.25110361451245133, 0.0012660347441273423]
[0.0, 884996.1115491362, 6.311074672987021, 7.715791302621607, 0.2821133090851218, 0.0, 0.00012727566263492918, 0.8322259474340109, 0.25110361451245133, 0.0012660347441273423]
[0.0, 884996.1115491362, 6.311074672987021, 7.715791302621607, 0.2821133090851218, 0.0, 0.00012727566263492918, 0.8322259474340109, 0.25110361451245133, 0.0012660347441273423]
[0.0, 884996.1115491362, 6.311074672987021, 7.715791302621607, 0.2821133090851218, 0.0, 0.00012727566263492918, 0.8322259474340109, 0.25110361451245133, 0.0012660347441273423]
[0.0, 884996.1115491362, 6.311074672987021, 7.715791302621607, 0.2821133090851218, 0.0, 0.00012727566263492918, 0.8322259474340109, 0.25110361451245133, 0.0012660347441273423]
[0.0, 884996.1115491362, 6.311074672987021, 7.715791302621607, 0.2821133090851218, 0.0, 0.00012727566263492918, 0.8322259474340109, 0.25110361451245133, 0.0012660347441273423]
[0.0, 884996.1115491362, 6.311074672987021, 7.715791302621607, 0.2821133090851218, 0.0, 0.00012727566263492918, 0.8322259474340109, 0.25110361451245133, 0.0012660347441273423]
[0.0, 884996.1115491362, 6.311074672987021, 7.715791302621607, 0.2821133090851218, 0.0, 0.00012727566263492918, 0.8322259474340109, 0.25110361451245133, 0.0012660347441273423]
[0.0, 884996.1115491362, 6.311074672987021, 7.715791302621607, 0.2821133090851218, 0.0, 0.00012727566263492918, 0.8322259474340109, 0.25110361451245133, 0.0012660347441273423]
[0.0, 884996.1115491362, 6.311074672987021, 7.715791302621607, 0.2821133090851218, 0.0, 0.00012727566263492918, 0.8322259474340109, 0.25110361451245133, 0.0012486329531857798]
[0.0, 884996.1115491362, 6.311074672987021, 7.715791302621607, 0.2821133090851218, 0.0, 0.00012727566263492918, 0.8322259474340109, 0.25110361451245133, 0.0012486329531857798]
[0.0, 884996.1115491362, 6.311074672987021, 7.715791302621607, 0.2821133090851218, 0.0, 0.00012727566263492918, 0.8322259474340109, 0.25110361451245133, 0.0012486329531857798]
[0.0, 884996.1115491362, 6.311074672987021, 7.715791302621607, 0.2821133090851218, 0.0, 0.00012727566263492918, 0.8322259474340109, 0.25110361451245133, 0.0012486329531857798]
[0.0, 884996.1115491362, 6.311074672987021, 7.715791302621607, 0.2821133090851218, 0.0, 0.00012727566263492918, 0.8322259474340109, 0.25110361451245133, 0.0012486329531857798]
[0.0, 884996.1115491362, 6.311074672987021, 7.715791302621607, 0.2821133090851218, 0.0, 0.00012727566263492918, 0.8322259474340109, 0.25110361451245133, 0.0012486329531857798]
[0.0, 884996.1115491362, 6.311074672987021, 7.715791302621607, 0.2821133090851218, 0.0, 0.00012727566263492918, 0.8322259474340109, 0.25110361451245133, 0.0012486329531857798]
[0.0, 884996.1115491362, 6.311074672987021, 7.715791302621607, 0.2821133090851218, 0.0, 0.00012727566263492918, 0.8322259474340109, 0.25110361451245133, 0.0012486329531857798]
[0.0, 884996.1115491362, 6.311074672987021, 7.715791302621607, 0.2821133090851218, 0.0, 0.00012727566263492918, 0.8322259474340109, 0.25110361451245133, 0.001237734953293046]
[0.0, 884996.1115491362, 6.311074672987021, 7.715791302621607, 0.2821133090851218, 0.0, 0.00012727566263492918, 0.8322259474340109, 0.25110361451245133, 0.001237734953293046]
[0.0, 884996.1115491362, 6.311074672987021, 7.715791302621607, 0.2821133090851218, 0.0, 0.00012727566263492918, 0.8322259474340109, 0.25110361451245133, 0.001237734953293046]
[0.0, 884996.1115491362, 6.311074672987021, 7.715791302621607, 0.2821133090851218, 0.0, 0.00012727566263492918, 0.8322259474340109, 0.25110361451245133, 0.001237734953293046]
[0.0, 884996.1115491362, 6.311074672987021, 7.715791302621607, 0.2821133090851218, 0.0, 0.00012727566263492918, 0.8322259474340109, 0.25110361451245133, 0.001237734953293046]
[0.0, 884996.1115491362, 6.311074672987021, 7.715791302621607, 0.2821133090851218, 0.0, 0.00012727566263492918, 0.8322259474340109, 0.25110361451245133, 0.0011353263313549355]
[0.0, 884996.1115491362, 6.311074672987021, 7.715791302621607, 0.2821133090851218, 0.0, 0.00012727566263492918, 0.8322259474340109, 0.25110361451245133, 0.0009509739707742604]
[0.0, 884996.1115491362, 6.311074672987021, 7.715791302621607, 0.2821133090851218, 0.0, 0.00012727566263492918, 0.8322259474340109, 0.25110361451245133, 0.0009509739707742604]
[0.0, 884996.1115491362, 6.311074672987021, 7.715791302621607, 0.2821133090851218, 0.0, 0.00012727566263492918, 0.8322259474340109, 0.25110361451245133, 0.0009509739707742604]
[0.0, 884996.1115491362, 6.311074672987021, 7.715791302621607, 0.2821133090851218, 0.0, 0.00012727566263492918, 0.8322259474340109, 0.25110361451245133, 0.0009509739707742604]
[0.0, 884996.1115491362, 6.311074672987021, 7.715791302621607, 0.2821133090851218, 0.0, 0.00012727566263492918, 0.8322259474340109, 0.25110361451245133, 0.0009509739707742604]
[0.0, 884996.1115491362, 6.311074672987021, 7.715791302621607, 0.2821133090851218, 0.0, 0.00012727566263492918, 0.8322259474340109, 0.25110361451245133, 0.0009509739707742604]
[0.0, 884996.1115491362, 6.311074672987021, 7.715791302621607, 0.2821133090851218, 0.0, 0.00012727566263492918, 0.8322259474340109, 0.25110361451245133, 0.0009509739707742604]
[0.0, 884996.1115491362, 6.311074672987021, 7.715791302621607, 0.2821133090851218, 0.0, 0.00012727566263492918, 0.8322259474340109, 0.25110361451245133, 0.0009509739707742604]
[0.0, 884996.1115491362, 6.311074672987021, 7.715791302621607, 0.2821133090851218, 0.0, 0.00012727566263492918, 0.8322259474340109, 0.25110361451245133, 0.0009509739707742604]
[0.0, 884996.1115491362, 6.311074672987021, 7.715791302621607, 0.2821133090851218, 0.0, 0.00012727566263492918, 0.8322259474340109, 0.25110361451245133, 0.0009509739707742604]
[0.0, 884996.1115491362, 6.311074672987021, 7.715791302621607, 0.2821133090851218, 0.0, 0.00012727566263492918, 0.8322259474340109, 0.25110361451245133, 0.0008409195383767276]
[0.0, 884996.1115491362, 6.311074672987021, 7.715791302621607, 0.2821133090851218, 0.0, 0.00012727566263492918, 0.8322259474340109, 0.25110361451245133, 0.0008409195383767276]
[0.0, 884996.1115491362, 6.311074672987021, 7.715791302621607, 0.2821133090851218, 0.0, 0.00012727566263492918, 0.8322259474340109, 0.25110361451245133, 0.0008409195383767276]
[0.0, 884996.1115491362, 6.311074672987021, 7.715791302621607, 0.2821133090851218, 0.0, 0.00012727566263492918, 0.8322259474340109, 0.25110361451245133, 0.0008409195383767276]
[0.0, 884996.1115491362, 6.311074672987021, 7.715791302621607, 0.2821133090851218, 0.0, 0.00012727566263492918, 0.8322259474340109, 0.25110361451245133, 0.0008409195383767276]
[0.0, 884996.1115491362, 6.311074672987021, 7.715791302621607, 0.2821133090851218, 0.0, 0.00012727566263492918, 0.8322259474340109, 0.25110361451245133, 0.0008409195383767276]
[0.0, 884996.1115491362, 6.311074672987021, 7.715791302621607, 0.2821133090851218, 0.0, 0.00012727566263492918, 0.8322259474340109, 0.25110361451245133, 0.0008409195383767276]
[0.0, 884996.1115491362, 6.311074672987021, 7.715791302621607, 0.2821133090851218, 0.0, 0.00012727566263492918, 0.8322259474340109, 0.25110361451245133, 0.0008409195383767276]
[0.0, 884996.1115491362, 6.311074672987021, 7.715791302621607, 0.2821133090851218, 0.0, 0.00012727566263492918, 0.8322259474340109, 0.25110361451245133, 0.0008409195383767276]
[0.0, 884996.1115491362, 6.311074672987021, 7.715791302621607, 0.2821133090851218, 0.0, 0.00012727566263492918, 0.8322259474340109, 0.25110361451245133, 0.0008409195383767276]
[0.0, 884996.1115491362, 6.311074672987021, 7.715791302621607, 0.2821133090851218, 0.0, 0.00012727566263492918, 0.8322259474340109, 0.25110361451245133, 0.0008409195383767276]
[0.0, 884996.1115491362, 6.311074672987021, 7.715791302621607, 0.2821133090851218, 0.0, 0.00012727566263492918, 0.8322259474340109, 0.25110361451245133, 0.0008409195383767276]
[0.0, 884996.1115491362, 6.311074672987021, 7.715791302621607, 0.2821133090851218, 0.0, 0.00012727566263492918, 0.8322259474340109, 0.25110361451245133, 0.0008409195383767276]
[0.0, 884996.1115491362, 6.311074672987021, 7.715791302621607, 0.2821133090851218, 0.0, 0.00012727566263492918, 0.8322259474340109, 0.25110361451245133, 0.0008409195383767276]
[0.0, 884996.1115491362, 5.685597551588833, 7.715791302621607, 0.2821133090851218, 0.0, 0.00012727566263492918, 0.8322259474340109, 0.25110361451245133, 0.0008409195383767276]
[0.0, 884996.1115491362, 5.685597551588833, 7.715791302621607, 0.2821133090851218, 0.0, 0.00012727566263492918, 0.8322259474340109, 0.25110361451245133, 0.0008409195383767276]
[0.0, 884996.1115491362, 5.685597551588833, 7.715791302621607, 0.2821133090851218, 0.0, 0.00012727566263492918, 0.8322259474340109, 0.25110361451245133, 0.0008409195383767276]
[0.0, 884996.1115491362, 5.685597551588833, 7.715791302621607, 0.2821133090851218, 0.0, 0.00012727566263492918, 0.8322259474340109, 0.25110361451245133, 0.0008409195383767276]
[0.0, 884996.1115491362, 5.685597551588833, 7.715791302621607, 0.2821133090851218, 0.0, 0.00012727566263492918, 0.8322259474340109, 0.25110361451245133, 0.0008409195383767276]
[0.0, 884996.1115491362, 5.685597551588833, 7.715791302621607, 0.2821133090851218, 0.0, 0.00012727566263492918, 0.8322259474340109, 0.25110361451245133, 0.0008409195383767276]
[0.0, 884996.1115491362, 5.685597551588833, 7.715791302621607, 0.2821133090851218, 0.0, 0.00012727566263492918, 0.8322259474340109, 0.25110361451245133, 0.0007201318502123577]
[0.0, 884996.1115491362, 5.685597551588833, 7.715791302621607, 0.2821133090851218, 0.0, 0.00012727566263492918, 0.8322259474340109, 0.25110361451245133, 0.0007201318502123577]
[0.0, 884996.1115491362, 5.685597551588833, 7.715791302621607, 0.2821133090851218, 0.0, 0.00012727566263492918, 0.8322259474340109, 0.25110361451245133, 0.0007201318502123577]
[0.0, 884996.1115491362, 5.685597551588833, 7.715791302621607, 0.2821133090851218, 0.0, 0.00012727566263492918, 0.8322259474340109, 0.25110361451245133, 0.0007201318502123577]
[0.0, 884996.1115491362, 5.685597551588833, 7.715791302621607, 0.2821133090851218, 0.0, 0.00012727566263492918, 0.8322259474340109, 0.25110361451245133, 0.0007201318502123577]
[0.0, 884996.1115491362, 5.685597551588833, 7.715791302621607, 0.2821133090851218, 0.0, 0.00012727566263492918, 0.8322259474340109, 0.25110361451245133, 0.0007201318502123577]
[0.0, 884996.1115491362, 5.685597551588833, 7.715791302621607, 0.2821133090851218, 0.0, 0.00012727566263492918, 0.8322259474340109, 0.25110361451245133, 0.0007201318502123577]
[0.0, 884996.1115491362, 5.685597551588833, 7.715791302621607, 0.2821133090851218, 0.0, 0.00012727566263492918, 0.8322259474340109, 0.25110361451245133, 0.0006216685357469665]
[0.0, 884996.1115491362, 5.685597551588833, 7.715791302621607, 0.2821133090851218, 0.0, 0.00012727566263492918, 0.8322259474340109, 0.25110361451245133, 0.0006216685357469665]
[0.0, 884996.1115491362, 5.685597551588833, 7.715791302621607, 0.2821133090851218, 0.0, 0.00012727566263492918, 0.8322259474340109, 0.25110361451245133, 0.0006216685357469665]
[0.0, 884996.1115491362, 5.685597551588833, 7.715791302621607, 0.2821133090851218, 0.0, 0.00012727566263492918, 0.8322259474340109, 0.25110361451245133, 0.0006216685357469665]
[0.0, 884996.1115491362, 5.685597551588833, 7.715791302621607, 0.2821133090851218, 0.0, 0.00012727566263492918, 0.8322259474340109, 0.25110361451245133, 0.0006216685357469665]
[0.0, 884996.1115491362, 5.685597551588833, 7.715791302621607, 0.2821133090851218, 0.0, 0.00012727566263492918, 0.8322259474340109, 0.25110361451245133, 0.0006216685357469665]
[0.0, 884996.1115491362, 5.685597551588833, 7.715791302621607, 0.2821133090851218, 0.0, 0.00012727566263492918, 0.8322259474340109, 0.25110361451245133, 0.0006216685357469665]
[0.0, 884996.1115491362, 5.685597551588833, 7.715791302621607, 0.2821133090851218, 0.0, 0.00012727566263492918, 0.8322259474340109, 0.25110361451245133, 0.0006216685357469665]
[0.0, 884996.1115491362, 5.685597551588833, 7.715791302621607, 0.2821133090851218, 0.0, 0.00012727566263492918, 0.8322259474340109, 0.25110361451245133, 0.0006216685357469665]
[0.0, 884996.1115491362, 5.685597551588833, 7.715791302621607, 0.2744381553321431, 0.0, 0.00012727566263492918, 0.8322259474340109, 0.25110361451245133, 0.0006216685357469665]
[0.0, 884996.1115491362, 5.685597551588833, 7.715791302621607, 0.2744381553321431, 0.0, 0.00012727566263492918, 0.8322259474340109, 0.25110361451245133, 0.0006216685357469665]
[0.0, 884996.1115491362, 5.685597551588833, 7.715791302621607, 0.2744381553321431, 0.0, 0.00012727566263492918, 0.8322259474340109, 0.25110361451245133, 0.0006216685357469665]
[0.0, 884996.1115491362, 5.685597551588833, 7.715791302621607, 0.2744381553321431, 0.0, 0.00012727566263492918, 0.8322259474340109, 0.25110361451245133, 0.0006216685357469665]
[0.0, 884996.1115491362, 5.685597551588833, 7.715791302621607, 0.2744381553321431, 0.0, 0.00012727566263492918, 0.8322259474340109, 0.25110361451245133, 0.0006216685357469665]
[0.0, 884996.1115491362, 5.685597551588833, 7.715791302621607, 0.26537475403395794, 0.0, 0.00012727566263492918, 0.8322259474340109, 0.25110361451245133, 0.0006216685357469665]
[0.0, 884996.1115491362, 5.685597551588833, 7.715791302621607, 0.26537475403395794, 0.0, 0.00012727566263492918, 0.8322259474340109, 0.25110361451245133, 0.0006216685357469665]
[0.0, 884996.1115491362, 5.685597551588833, 7.715791302621607, 0.26537475403395794, 0.0, 0.00012727566263492918, 0.8322259474340109, 0.25110361451245133, 0.0006216685357469665]
[0.0, 884996.1115491362, 5.685597551588833, 7.715791302621607, 0.26537475403395794, 0.0, 0.00012727566263492918, 0.8322259474340109, 0.25110361451245133, 0.0006216685357469665]
[0.0, 884996.1115491362, 5.685597551588833, 7.715791302621607, 0.26537475403395794, 0.0, 0.00012727566263492918, 0.8322259474340109, 0.25110361451245133, 0.0006216685357469665]
[0.0, 884996.1115491362, 5.685597551588833, 7.715791302621607, 0.26537475403395794, 0.0, 0.00012727566263492918, 0.8322259474340109, 0.25110361451245133, 0.0006216685357469665]
[0.0, 884996.1115491362, 5.685597551588833, 7.715791302621607, 0.26537475403395794, 0.0, 0.00012727566263492918, 0.8322259474340109, 0.25110361451245133, 0.0006216685357469665]
[0.0, 884996.1115491362, 5.685597551588833, 7.715791302621607, 0.26537475403395794, 0.0, 0.00012727566263492918, 0.8322259474340109, 0.25110361451245133, 0.0006216685357469665]
[0.0, 884996.1115491362, 5.685597551588833, 7.715791302621607, 0.26537475403395794, 0.0, 0.00012727566263492918, 0.8322259474340109, 0.25110361451245133, 0.0006216685357469665]
[0.0, 884996.1115491362, 5.685597551588833, 7.715791302621607, 0.26537475403395794, 0.0, 0.00012727566263492918, 0.8322259474340109, 0.25110361451245133, 0.0006216685357469665]
[0.0, 884996.1115491362, 5.685597551588833, 7.715791302621607, 0.26537475403395794, 0.0, 0.00012727566263492918, 0.8322259474340109, 0.25110361451245133, 0.0005928535816299707]
[0.0, 884996.1115491362, 5.685597551588833, 7.715791302621607, 0.26537475403395794, 0.0, 0.00012727566263492918, 0.8322259474340109, 0.25110361451245133, 0.0005928535816299707]
[0.0, 884996.1115491362, 5.685597551588833, 7.715791302621607, 0.26537475403395794, 0.0, 0.00012727566263492918, 0.8322259474340109, 0.25110361451245133, 0.0005928535816299707]
[0.0, 884996.1115491362, 5.685597551588833, 7.715791302621607, 0.26537475403395794, 0.0, 0.00012727566263492918, 0.8322259474340109, 0.25110361451245133, 0.0005928535816299707]
[0.0, 884996.1115491362, 5.685597551588833, 7.715791302621607, 0.26537475403395794, 0.0, 0.00012727566263492918, 0.8322259474340109, 0.25110361451245133, 0.0005928535816299707]
[0.0, 884996.1115491362, 5.685597551588833, 7.715791302621607, 0.26537475403395794, 0.0, 0.00012727566263492918, 0.8322259474340109, 0.25110361451245133, 0.0005928535816299707]
[0.0, 884996.1115491362, 5.685597551588833, 7.715791302621607, 0.26537475403395794, 0.0, 0.00012727566263492918, 0.8322259474340109, 0.25110361451245133, 0.0005928535816299707]
[0.0, 884996.1115491362, 5.685597551588833, 7.715791302621607, 0.26537475403395794, 0.0, 0.00012727566263492918, 0.8322259474340109, 0.25110361451245133, 0.0005928535816299707]
[0.0, 884996.1115491362, 5.685597551588833, 7.715791302621607, 0.26537475403395794, 0.0, 0.00012727566263492918, 0.8322259474340109, 0.25110361451245133, 0.0005928535816299707]
[0.0, 884996.1115491362, 5.685597551588833, 7.715791302621607, 0.26537475403395794, 0.0, 0.00012727566263492918, 0.8322259474340109, 0.25110361451245133, 0.0005928535816299707]
[0.0, 884996.1115491362, 5.685597551588833, 7.715791302621607, 0.26537475403395794, 0.0, 0.00012727566263492918, 0.8322259474340109, 0.25110361451245133, 0.0005928535816299707]
[0.0, 884996.1115491362, 5.685597551588833, 7.715791302621607, 0.26537475403395794, 0.0, 0.00012727566263492918, 0.8322259474340109, 0.25110361451245133, 0.0005928535816299707]
[0.0, 884996.1115491362, 5.685597551588833, 7.715791302621607, 0.26537475403395794, 0.0, 0.00012727566263492918, 0.8322259474340109, 0.25110361451245133, 0.0005928535816299707]
[0.0, 884996.1115491362, 5.685597551588833, 7.715791302621607, 0.26537475403395794, 0.0, 0.00012727566263492918, 0.8322259474340109, 0.25110361451245133, 0.0005928535816299707]
[0.0, 884996.1115491362, 5.685597551588833, 7.715791302621607, 0.26537475403395794, 0.0, 0.00012727566263492918, 0.8322259474340109, 0.25110361451245133, 0.0005230803578908372]
[0.0, 884996.1115491362, 5.685597551588833, 7.715791302621607, 0.26537475403395794, 0.0, 0.00012727566263492918, 0.8322259474340109, 0.25110361451245133, 0.0005230803578908372]
[0.0, 884996.1115491362, 5.685597551588833, 7.715791302621607, 0.26537475403395794, 0.0, 0.00012727566263492918, 0.8322259474340109, 0.25110361451245133, 0.0005230803578908372]
[0.0, 884996.1115491362, 5.685597551588833, 7.715791302621607, 0.26537475403395794, 0.0, 0.00012727566263492918, 0.8322259474340109, 0.25110361451245133, 0.0005230803578908372]
[0.0, 884996.1115491362, 5.685597551588833, 7.715791302621607, 0.26537475403395794, 0.0, 0.00012727566263492918, 0.8322259474340109, 0.25110361451245133, 0.0005230803578908372]
[0.0, 884996.1115491362, 5.685597551588833, 7.715791302621607, 0.26537475403395794, 0.0, 0.00012727566263492918, 0.8322259474340109, 0.25110361451245133, 0.0005230803578908372]
[0.0, 884996.1115491362, 5.685597551588833, 7.715791302621607, 0.26537475403395794, 0.0, 0.00012727566263492918, 0.8322259474340109, 0.25110361451245133, 0.0005230803578908372]
[0.0, 884996.1115491362, 5.685597551588833, 7.715791302621607, 0.26537475403395794, 0.0, 0.00012727566263492918, 0.8322259474340109, 0.25110361451245133, 0.0005230803578908372]
[0.0, 884996.1115491362, 5.685597551588833, 7.715791302621607, 0.26537475403395794, 0.0, 0.00012727566263492918, 0.8322259474340109, 0.25110361451245133, 0.0005230803578908372]
[0.0, 884996.1115491362, 5.685597551588833, 7.715791302621607, 0.26537475403395794, 0.0, 0.00012727566263492918, 0.8322259474340109, 0.25110361451245133, 0.0005230803578908372]
[0.0, 884996.1115491362, 5.685597551588833, 7.715791302621607, 0.26537475403395794, 0.0, 0.00012727566263492918, 0.8322259474340109, 0.25110361451245133, 0.0005230803578908372]
[0.0, 884996.1115491362, 5.685597551588833, 7.715791302621607, 0.26537475403395794, 0.0, 0.00012727566263492918, 0.8322259474340109, 0.25110361451245133, 0.0005230803578908372]
[0.0, 884996.1115491362, 5.685597551588833, 7.715791302621607, 0.26537475403395794, 0.0, 0.00012727566263492918, 0.8322259474340109, 0.25110361451245133, 0.0005230803578908372]
[0.0, 884996.1115491362, 5.685597551588833, 7.715791302621607, 0.26537475403395794, 0.0, 0.00012727566263492918, 0.8322259474340109, 0.25110361451245133, 0.0005230803578908372]
[0.0, 884996.1115491362, 5.685597551588833, 7.715791302621607, 0.26537475403395794, 0.0, 0.00012727566263492918, 0.8322259474340109, 0.25110361451245133, 0.0005230803578908372]
[0.0, 884996.1115491362, 5.685597551588833, 7.715791302621607, 0.26537475403395794, 0.0, 0.00012727566263492918, 0.8322259474340109, 0.25110361451245133, 0.0005230803578908372]
[0.0, 884996.1115491362, 5.685597551588833, 7.715791302621607, 0.26537475403395794, 0.0, 0.00012727566263492918, 0.8322259474340109, 0.25110361451245133, 0.0005230803578908372]
[0.0, 884996.1115491362, 5.685597551588833, 7.715791302621607, 0.26537475403395794, 0.0, 0.00012727566263492918, 0.8322259474340109, 0.25110361451245133, 0.0005230803578908372]
[0.0, 884996.1115491362, 5.685597551588833, 7.715791302621607, 0.26537475403395794, 0.0, 0.00012727566263492918, 0.8322259474340109, 0.25110361451245133, 0.0005230803578908372]
[0.0, 884996.1115491362, 5.685597551588833, 7.715791302621607, 0.26537475403395794, 0.0, 0.00012727566263492918, 0.8322259474340109, 0.25110361451245133, 0.0005230803578908372]
[0.0, 884996.1115491362, 5.685597551588833, 7.715791302621607, 0.26537475403395794, 0.0, 0.00012727566263492918, 0.8322259474340109, 0.25110361451245133, 0.0005230803578908372]
[0.0, 884996.1115491362, 5.685597551588833, 7.715791302621607, 0.26537475403395794, 0.0, 0.00012727566263492918, 0.8322259474340109, 0.25110361451245133, 0.0005230803578908372]
[0.0, 884996.1115491362, 5.685597551588833, 7.715791302621607, 0.26537475403395794, 0.0, 0.00012727566263492918, 0.8322259474340109, 0.25110361451245133, 0.0005230803578908372]
[0.0, 884996.1115491362, 5.685597551588833, 7.715791302621607, 0.26537475403395794, 0.0, 0.00012727566263492918, 0.8322259474340109, 0.25110361451245133, 0.00027787439816195914]
[0.0, 884996.1115491362, 5.685597551588833, 7.715791302621607, 0.26537475403395794, 0.0, 0.00012727566263492918, 0.8322259474340109, 0.25110361451245133, 0.00027787439816195914]
[0.0, 884996.1115491362, 5.685597551588833, 7.715791302621607, 0.26537475403395794, 0.0, 0.00012727566263492918, 0.8322259474340109, 0.25110361451245133, 0.00027787439816195914]
[0.0, 884996.1115491362, 5.685597551588833, 7.715791302621607, 0.26537475403395794, 0.0, 0.00012727566263492918, 0.8322259474340109, 0.25110361451245133, 0.00027787439816195914]
[0.0, 884996.1115491362, 5.685597551588833, 7.715791302621607, 0.26537475403395794, 0.0, 0.00012727566263492918, 0.8322259474340109, 0.25110361451245133, 0.00027787439816195914]
[0.0, 884996.1115491362, 5.685597551588833, 7.715791302621607, 0.26537475403395794, 0.0, 0.00012727566263492918, 0.8322259474340109, 0.25110361451245133, 0.00027787439816195914]
[0.0, 884996.1115491362, 5.685597551588833, 7.715791302621607, 0.26537475403395794, 0.0, 0.00012727566263492918, 0.8322259474340109, 0.25110361451245133, 0.00027787439816195914]
[0.0, 884996.1115491362, 5.685597551588833, 7.715791302621607, 0.26537475403395794, 0.0, 0.00012727566263492918, 0.8322259474340109, 0.25110361451245133, 0.00027787439816195914]
[0.0, 884996.1115491362, 5.685597551588833, 7.715791302621607, 0.26537475403395794, 0.0, 0.00012727566263492918, 0.8322259474340109, 0.25110361451245133, 0.00027787439816195914]
[0.0, 884996.1115491362, 5.685597551588833, 7.715791302621607, 0.26537475403395794, 0.0, 0.00012727566263492918, 0.8322259474340109, 0.25110361451245133, 0.00027787439816195914]
[0.0, 884996.1115491362, 5.685597551588833, 7.715791302621607, 0.26537475403395794, 0.0, 0.00012727566263492918, 0.8322259474340109, 0.25110361451245133, 0.00027787439816195914]
[0.0, 884996.1115491362, 5.685597551588833, 7.715791302621607, 0.26537475403395794, 0.0, 0.00012727566263492918, 0.8322259474340109, 0.25110361451245133, 0.00027787439816195914]
[0.0, 884996.1115491362, 5.685597551588833, 7.715791302621607, 0.26537475403395794, 0.0, 0.00012727566263492918, 0.8322259474340109, 0.25110361451245133, 0.00027787439816195914]
[0.0, 884996.1115491362, 5.685597551588833, 7.715791302621607, 0.21286491432345855, 0.0, 0.00012727566263492918, 0.8322259474340109, 0.25110361451245133, 0.00027787439816195914]
[0.0, 884996.1115491362, 5.685597551588833, 7.715791302621607, 0.21286491432345855, 0.0, 0.00012727566263492918, 0.8322259474340109, 0.25110361451245133, 0.00027787439816195914]
[0.0, 884996.1115491362, 5.685597551588833, 7.715791302621607, 0.21286491432345855, 0.0, 0.00012727566263492918, 0.8322259474340109, 0.25110361451245133, 0.00027787439816195914]
[0.0, 884996.1115491362, 5.685597551588833, 7.715791302621607, 0.21286491432345855, 0.0, 0.00012727566263492918, 0.8322259474340109, 0.25110361451245133, 0.00027787439816195914]
[0.0, 884996.1115491362, 5.685597551588833, 7.715791302621607, 0.21286491432345855, 0.0, 0.00012727566263492918, 0.8322259474340109, 0.25110361451245133, 0.00027787439816195914]
[0.0, 884996.1115491362, 5.685597551588833, 7.715791302621607, 0.21286491432345855, 0.0, 0.00012727566263492918, 0.8322259474340109, 0.25110361451245133, 0.00027787439816195914]
[0.0, 884996.1115491362, 5.685597551588833, 7.715791302621607, 0.21286491432345855, 0.0, 0.00012727566263492918, 0.8322259474340109, 0.25110361451245133, 0.00027787439816195914]
[0.0, 884996.1115491362, 5.685597551588833, 7.715791302621607, 0.21286491432345855, 0.0, 0.00012727566263492918, 0.8322259474340109, 0.25110361451245133, 0.00027787439816195914]
[0.0, 884996.1115491362, 5.685597551588833, 7.715791302621607, 0.21286491432345855, 0.0, 0.00012727566263492918, 0.8322259474340109, 0.25110361451245133, 0.00027787439816195914]
[0.0, 884996.1115491362, 5.685597551588833, 7.715791302621607, 0.21286491432345855, 0.0, 0.00012727566263492918, 0.8322259474340109, 0.25110361451245133, 0.00027787439816195914]
[0.0, 884996.1115491362, 5.685597551588833, 7.715791302621607, 0.21286491432345855, 0.0, 0.00012727566263492918, 0.8322259474340109, 0.25110361451245133, 0.00027787439816195914]
[0.0, 884996.1115491362, 5.685597551588833, 7.715791302621607, 0.21286491432345855, 0.0, 0.00012727566263492918, 0.8322259474340109, 0.25110361451245133, 0.00027787439816195914]
[0.0, 884996.1115491362, 5.685597551588833, 7.715791302621607, 0.21286491432345855, 0.0, 0.00012727566263492918, 0.8322259474340109, 0.25110361451245133, 0.00027787439816195914]
[0.0, 884996.1115491362, 5.685597551588833, 7.715791302621607, 0.21286491432345855, 0.0, 0.00012727566263492918, 0.8322259474340109, 0.25110361451245133, 0.00027787439816195914]
[0.0, 884996.1115491362, 5.685597551588833, 7.715791302621607, 0.21286491432345855, 0.0, 0.00012727566263492918, 0.8322259474340109, 0.25110361451245133, 0.00027787439816195914]
[0.0, 884996.1115491362, 5.685597551588833, 7.715791302621607, 0.21286491432345855, 0.0, 0.00012727566263492918, 0.8322259474340109, 0.25110361451245133, 0.00027787439816195914]
[0.0, 884996.1115491362, 5.685597551588833, 7.715791302621607, 0.21286491432345855, 0.0, 0.00012727566263492918, 0.8322259474340109, 0.25110361451245133, 0.00027787439816195914]
[0.0, 884996.1115491362, 5.685597551588833, 7.715791302621607, 0.21286491432345855, 0.0, 0.00012727566263492918, 0.8322259474340109, 0.25110361451245133, 0.00027787439816195914]
[0.0, 884996.1115491362, 5.685597551588833, 7.715791302621607, 0.21286491432345855, 0.0, 0.00012727566263492918, 0.8322259474340109, 0.25110361451245133, 0.00027787439816195914]
[0.0, 884996.1115491362, 5.685597551588833, 7.715791302621607, 0.21286491432345855, 0.0, 0.00012727566263492918, 0.8322259474340109, 0.25110361451245133, 0.00027787439816195914]
[0.0, 884996.1115491362, 5.685597551588833, 7.715791302621607, 0.21286491432345855, 0.0, 0.00012727566263492918, 0.8322259474340109, 0.25110361451245133, 0.00027787439816195914]
[0.0, 884996.1115491362, 5.685597551588833, 7.715791302621607, 0.21286491432345855, 0.0, 0.00012727566263492918, 0.8322259474340109, 0.25110361451245133, 0.00027787439816195914]
[0.0, 884996.1115491362, 5.685597551588833, 7.715791302621607, 0.21286491432345855, 0.0, 0.00012727566263492918, 0.8322259474340109, 0.25110361451245133, 0.00027787439816195914]
[0.0, 884996.1115491362, 5.685597551588833, 7.715791302621607, 0.21286491432345855, 0.0, 0.00012727566263492918, 0.8322259474340109, 0.25110361451245133, 0.00027787439816195914]
[0.0, 884996.1115491362, 5.685597551588833, 7.715791302621607, 0.21286491432345855, 0.0, 0.00012727566263492918, 0.8322259474340109, 0.25110361451245133, 0.00027787439816195914]
[0.0, 884996.1115491362, 5.685597551588833, 7.715791302621607, 0.21286491432345855, 0.0, 0.00012727566263492918, 0.8322259474340109, 0.25110361451245133, 0.00027787439816195914]
[0.0, 884996.1115491362, 5.685597551588833, 7.715791302621607, 0.21286491432345855, 0.0, 0.00012727566263492918, 0.8322259474340109, 0.25110361451245133, 0.00027787439816195914]
[0.0, 884996.1115491362, 5.685597551588833, 7.715791302621607, 0.21286491432345855, 0.0, 0.00012727566263492918, 0.8322259474340109, 0.25110361451245133, 0.00027787439816195914]
[0.0, 884996.1115491362, 5.685597551588833, 7.715791302621607, 0.21286491432345855, 0.0, 0.00012727566263492918, 0.8322259474340109, 0.25110361451245133, 0.00027787439816195914]
[0.0, 884996.1115491362, 5.685597551588833, 7.715791302621607, 0.21286491432345855, 0.0, 0.00012727566263492918, 0.8322259474340109, 0.25110361451245133, 0.00027787439816195914]
[0.0, 884996.1115491362, 5.685597551588833, 7.715791302621607, 0.21286491432345855, 0.0, 0.00012727566263492918, 0.8322259474340109, 0.25110361451245133, 0.00027787439816195914]
[0.0, 884996.1115491362, 5.685597551588833, 7.715791302621607, 0.21286491432345855, 0.0, 0.00012727566263492918, 0.8322259474340109, 0.25110361451245133, 0.00027787439816195914]
[0.0, 884996.1115491362, 5.685597551588833, 7.715791302621607, 0.21286491432345855, 0.0, 0.00012727566263492918, 0.8322259474340109, 0.25110361451245133, 0.00027787439816195914]
[0.0, 884996.1115491362, 5.685597551588833, 7.715791302621607, 0.21286491432345855, 0.0, 0.00012727566263492918, 0.8322259474340109, 0.25110361451245133, 0.00027787439816195914]
[0.0, 884996.1115491362, 5.685597551588833, 7.715791302621607, 0.21286491432345855, 0.0, 0.00012727566263492918, 0.8322259474340109, 0.25110361451245133, 0.00027787439816195914]
[0.0, 884996.1115491362, 5.685597551588833, 7.715791302621607, 0.21286491432345855, 0.0, 0.00012727566263492918, 0.8322259474340109, 0.25110361451245133, 0.00027787439816195914]
[0.0, 884996.1115491362, 5.685597551588833, 7.715791302621607, 0.21286491432345855, 0.0, 0.00012727566263492918, 0.8322259474340109, 0.25110361451245133, 0.00027787439816195914]
[0.0, 884996.1115491362, 5.685597551588833, 7.715791302621607, 0.2109428755375522, 0.0, 0.00012727566263492918, 0.8322259474340109, 0.25110361451245133, 0.00027787439816195914]
[0.0, 884996.1115491362, 5.685597551588833, 7.715791302621607, 0.2109428755375522, 0.0, 0.00012727566263492918, 0.8322259474340109, 0.25110361451245133, 0.00027787439816195914]
[0.0, 884996.1115491362, 5.685597551588833, 7.715791302621607, 0.2109428755375522, 0.0, 0.00012727566263492918, 0.8322259474340109, 0.25110361451245133, 0.00027787439816195914]
[0.0, 884996.1115491362, 5.685597551588833, 7.715791302621607, 0.2109428755375522, 0.0, 0.00012727566263492918, 0.8322259474340109, 0.25110361451245133, 0.00027787439816195914]
[0.0, 884996.1115491362, 5.685597551588833, 7.715791302621607, 0.2109428755375522, 0.0, 0.00012727566263492918, 0.8322259474340109, 0.25110361451245133, 0.00027787439816195914]
[0.0, 884996.1115491362, 5.685597551588833, 7.715791302621607, 0.2109428755375522, 0.0, 0.00012727566263492918, 0.8322259474340109, 0.25110361451245133, 0.00027787439816195914]
[0.0, 884996.1115491362, 5.685597551588833, 7.715791302621607, 0.2109428755375522, 0.0, 0.00012727566263492918, 0.8322259474340109, 0.25110361451245133, 0.00027787439816195914]
[0.0, 884996.1115491362, 5.685597551588833, 7.715791302621607, 0.2109428755375522, 0.0, 0.00012727566263492918, 0.8322259474340109, 0.25110361451245133, 0.00027787439816195914]
[0.0, 884996.1115491362, 5.685597551588833, 7.715791302621607, 0.2109428755375522, 0.0, 0.00012727566263492918, 0.8322259474340109, 0.25110361451245133, 0.00027787439816195914]
[0.0, 884996.1115491362, 5.685597551588833, 7.715791302621607, 0.2109428755375522, 0.0, 0.00012727566263492918, 0.8322259474340109, 0.25110361451245133, 0.00027787439816195914]
[0.0, 884996.1115491362, 5.685597551588833, 7.715791302621607, 0.2109428755375522, 0.0, 0.00012727566263492918, 0.8322259474340109, 0.25110361451245133, 0.00027787439816195914]
[0.0, 884996.1115491362, 5.685597551588833, 7.715791302621607, 0.2109428755375522, 0.0, 0.00012727566263492918, 0.8322259474340109, 0.25110361451245133, 0.00027787439816195914]
[0.0, 884996.1115491362, 5.685597551588833, 7.715791302621607, 0.2109428755375522, 0.0, 0.00012727566263492918, 0.8322259474340109, 0.25110361451245133, 0.00027787439816195914]
[0.0, 884996.1115491362, 5.685597551588833, 7.715791302621607, 0.2109428755375522, 0.0, 0.00012727566263492918, 0.8322259474340109, 0.25110361451245133, 0.00027787439816195914]
[0.0, 884996.1115491362, 5.685597551588833, 7.715791302621607, 0.2109428755375522, 0.0, 0.00012727566263492918, 0.8322259474340109, 0.25110361451245133, 0.00027787439816195914]
[0.0, 884996.1115491362, 5.685597551588833, 7.715791302621607, 0.2109428755375522, 0.0, 0.00012727566263492918, 0.8322259474340109, 0.25110361451245133, 0.00027787439816195914]
[0.0, 884996.1115491362, 5.685597551588833, 7.715791302621607, 0.2109428755375522, 0.0, 0.00012727566263492918, 0.8322259474340109, 0.25110361451245133, 0.00027787439816195914]
[0.0, 884996.1115491362, 5.685597551588833, 7.715791302621607, 0.2109428755375522, 0.0, 0.00012727566263492918, 0.8322259474340109, 0.25110361451245133, 0.00027787439816195914]
[0.0, 884996.1115491362, 5.685597551588833, 7.715791302621607, 0.2109428755375522, 0.0, 0.00012727566263492918, 0.8322259474340109, 0.25110361451245133, 0.00027787439816195914]
[0.0, 884996.1115491362, 5.685597551588833, 7.715791302621607, 0.2109428755375522, 0.0, 0.00012727566263492918, 0.8322259474340109, 0.25110361451245133, 0.0002658615430957134]
[0.0, 884996.1115491362, 5.685597551588833, 7.715791302621607, 0.2109428755375522, 0.0, 0.00012727566263492918, 0.8322259474340109, 0.25110361451245133, 0.00022282612571844496]
[0.0, 884996.1115491362, 5.685597551588833, 7.715791302621607, 0.2109428755375522, 0.0, 0.00012727566263492918, 0.8322259474340109, 0.25110361451245133, 0.00022282612571844496]
[0.0, 884996.1115491362, 5.685597551588833, 7.715791302621607, 0.2109428755375522, 0.0, 0.00012727566263492918, 0.8322259474340109, 0.25110361451245133, 0.00022282612571844496]
[0.0, 884996.1115491362, 5.685597551588833, 7.715791302621607, 0.2109428755375522, 0.0, 0.00012727566263492918, 0.8322259474340109, 0.25110361451245133, 0.00022282612571844496]
[0.0, 884996.1115491362, 5.685597551588833, 7.715791302621607, 0.2109428755375522, 0.0, 0.00012727566263492918, 0.8322259474340109, 0.25110361451245133, 0.00022282612571844496]
[0.0, 884996.1115491362, 5.685597551588833, 7.715791302621607, 0.2109428755375522, 0.0, 0.00012727566263492918, 0.8322259474340109, 0.25110361451245133, 0.00022282612571844496]
[0.0, 884996.1115491362, 5.685597551588833, 7.715791302621607, 0.2109428755375522, 0.0, 0.00012727566263492918, 0.8322259474340109, 0.25110361451245133, 0.00022282612571844496]
[0.0, 884996.1115491362, 5.685597551588833, 7.715791302621607, 0.2109428755375522, 0.0, 0.00012727566263492918, 0.8322259474340109, 0.25110361451245133, 0.00022282612571844496]
[0.0, 884996.1115491362, 5.685597551588833, 7.715791302621607, 0.2109428755375522, 0.0, 0.00012727566263492918, 0.8322259474340109, 0.25110361451245133, 0.00022282612571844496]
[0.0, 884996.1115491362, 5.685597551588833, 7.715791302621607, 0.2109428755375522, 0.0, 0.00012727566263492918, 0.8322259474340109, 0.25110361451245133, 0.00022282612571844496]
[0.0, 884996.1115491362, 5.685597551588833, 7.715791302621607, 0.2109428755375522, 0.0, 0.00012727566263492918, 0.8322259474340109, 0.25110361451245133, 0.00022282612571844496]
[0.0, 884996.1115491362, 5.685597551588833, 7.715791302621607, 0.2109428755375522, 0.0, 0.00012727566263492918, 0.8322259474340109, 0.25110361451245133, 0.00022282612571844496]
[0.0, 884996.1115491362, 5.685597551588833, 7.715791302621607, 0.2109428755375522, 0.0, 0.00012727566263492918, 0.8322259474340109, 0.25110361451245133, 0.00022282612571844496]
[0.0, 884996.1115491362, 5.685597551588833, 7.715791302621607, 0.2109428755375522, 0.0, 0.00012727566263492918, 0.8322259474340109, 0.25110361451245133, 0.00022282612571844496]
[0.0, 884996.1115491362, 5.685597551588833, 7.715791302621607, 0.2109428755375522, 0.0, 0.00012727566263492918, 0.8322259474340109, 0.25110361451245133, 0.00022282612571844496]
[0.0, 884996.1115491362, 5.685597551588833, 7.715791302621607, 0.2109428755375522, 0.0, 0.00012727566263492918, 0.8322259474340109, 0.25110361451245133, 0.00022282612571844496]
[0.0, 884996.1115491362, 5.685597551588833, 7.715791302621607, 0.2109428755375522, 0.0, 0.00012727566263492918, 0.8322259474340109, 0.25110361451245133, 0.00022282612571844496]
[0.0, 884996.1115491362, 5.685597551588833, 7.715791302621607, 0.2109428755375522, 0.0, 0.00012727566263492918, 0.8322259474340109, 0.25110361451245133, 0.00022282612571844496]
[0.0, 884996.1115491362, 5.685597551588833, 7.715791302621607, 0.2109428755375522, 0.0, 0.00012727566263492918, 0.8322259474340109, 0.25110361451245133, 0.00022282612571844496]
[0.0, 884996.1115491362, 5.685597551588833, 7.715791302621607, 0.2109428755375522, 0.0, 0.00012727566263492918, 0.8322259474340109, 0.25110361451245133, 0.00022282612571844496]
[0.0, 884996.1115491362, 5.685597551588833, 7.715791302621607, 0.2109428755375522, 0.0, 0.00012727566263492918, 0.8322259474340109, 0.25110361451245133, 0.00022282612571844496]
[0.0, 884996.1115491362, 5.685597551588833, 7.715791302621607, 0.2109428755375522, 0.0, 0.00012727566263492918, 0.8322259474340109, 0.25110361451245133, 0.00022282612571844496]
[0.0, 884996.1115491362, 5.685597551588833, 7.715791302621607, 0.2109428755375522, 0.0, 0.00012727566263492918, 0.8322259474340109, 0.25110361451245133, 0.00022282612571844496]
[0.0, 884996.1115491362, 5.685597551588833, 7.715791302621607, 0.2109428755375522, 0.0, 0.00012727566263492918, 0.8322259474340109, 0.25110361451245133, 0.00017817475508907776]
[0.0, 884996.1115491362, 5.685597551588833, 7.715791302621607, 0.2109428755375522, 0.0, 0.00012727566263492918, 0.8322259474340109, 0.25110361451245133, 0.00017817475508907776]
[0.0, 884996.1115491362, 5.685597551588833, 7.715791302621607, 0.2109428755375522, 0.0, 0.00012727566263492918, 0.8322259474340109, 0.25110361451245133, 0.00017817475508907776]
[0.0, 884996.1115491362, 5.685597551588833, 7.715791302621607, 0.2109428755375522, 0.0, 0.00012727566263492918, 0.8322259474340109, 0.25110361451245133, 0.00017817475508907776]
[0.0, 884996.1115491362, 5.685597551588833, 7.715791302621607, 0.2109428755375522, 0.0, 0.00012727566263492918, 0.8322259474340109, 0.25110361451245133, 0.00017817475508907776]
[0.0, 884996.1115491362, 5.685597551588833, 7.715791302621607, 0.2109428755375522, 0.0, 0.00012727566263492918, 0.8322259474340109, 0.25110361451245133, 0.00017817475508907776]
[0.0, 884996.1115491362, 5.685597551588833, 7.715791302621607, 0.2109428755375522, 0.0, 0.00012727566263492918, 0.8322259474340109, 0.25110361451245133, 0.00017817475508907776]
[0.0, 884996.1115491362, 5.685597551588833, 7.715791302621607, 0.2109428755375522, 0.0, 0.00012727566263492918, 0.8322259474340109, 0.25110361451245133, 0.00017817475508907776]
[0.0, 884996.1115491362, 5.685597551588833, 7.715791302621607, 0.2109428755375522, 0.0, 0.00012727566263492918, 0.8322259474340109, 0.25110361451245133, 0.00017817475508907776]
[0.0, 884996.1115491362, 5.685597551588833, 7.715791302621607, 0.2109428755375522, 0.0, 0.00012727566263492918, 0.8322259474340109, 0.25110361451245133, 0.00017817475508907776]
[0.0, 884996.1115491362, 5.685597551588833, 7.715791302621607, 0.2109428755375522, 0.0, 0.00012727566263492918, 0.8322259474340109, 0.25110361451245133, 0.00017817475508907776]
[0.0, 884996.1115491362, 5.685597551588833, 7.715791302621607, 0.2109428755375522, 0.0, 0.00012727566263492918, 0.8322259474340109, 0.25110361451245133, 0.00017817475508907776]
[0.0, 884996.1115491362, 5.685597551588833, 7.715791302621607, 0.2109428755375522, 0.0, 0.00012727566263492918, 0.8322259474340109, 0.25110361451245133, 0.00017817475508907776]
[0.0, 884996.1115491362, 5.685597551588833, 7.715791302621607, 0.2109428755375522, 0.0, 0.00012727566263492918, 0.8322259474340109, 0.25110361451245133, 0.00017817475508907776]
[0.0, 884996.1115491362, 5.685597551588833, 7.715791302621607, 0.2109428755375522, 0.0, 0.00012727566263492918, 0.8322259474340109, 0.25110361451245133, 0.00017817475508907776]
[0.0, 884996.1115491362, 5.685597551588833, 7.715791302621607, 0.2109428755375522, 0.0, 0.00012727566263492918, 0.8322259474340109, 0.2341497045015244, 0.00017817475508907776]
[0.0, 884996.1115491362, 5.685597551588833, 7.715791302621607, 0.2109428755375522, 0.0, 0.00012727566263492918, 0.8322259474340109, 0.2341497045015244, 0.00017817475508907776]
[0.0, 884996.1115491362, 5.685597551588833, 7.715791302621607, 0.2109428755375522, 0.0, 0.00012727566263492918, 0.8322259474340109, 0.2341497045015244, 0.00017817475508907776]
[0.0, 884996.1115491362, 5.685597551588833, 7.715791302621607, 0.2109428755375522, 0.0, 0.00012727566263492918, 0.8322259474340109, 0.2341497045015244, 0.00017817475508907776]
[0.0, 884996.1115491362, 5.685597551588833, 7.715791302621607, 0.2109428755375522, 0.0, 0.00012727566263492918, 0.8322259474340109, 0.2341497045015244, 0.00017817475508907776]
[0.0, 884996.1115491362, 5.685597551588833, 7.715791302621607, 0.2109428755375522, 0.0, 0.00012727566263492918, 0.8322259474340109, 0.2341497045015244, 0.00017817475508907776]
[0.0, 884996.1115491362, 5.685597551588833, 7.715791302621607, 0.2109428755375522, 0.0, 0.00012727566263492918, 0.8322259474340109, 0.2341497045015244, 0.00017817475508907776]
[0.0, 884996.1115491362, 5.685597551588833, 7.715791302621607, 0.2109428755375522, 0.0, 0.00012727566263492918, 0.8322259474340109, 0.2341497045015244, 0.00017817475508907776]
[0.0, 884996.1115491362, 5.685597551588833, 7.715791302621607, 0.2109428755375522, 0.0, 0.00012727566263492918, 0.8322259474340109, 0.2341497045015244, 0.00017817475508907776]
[0.0, 884996.1115491362, 5.685597551588833, 7.715791302621607, 0.2109428755375522, 0.0, 0.00012727566263492918, 0.8322259474340109, 0.2341497045015244, 0.00017817475508907776]
[0.0, 884996.1115491362, 5.685597551588833, 7.715791302621607, 0.2109428755375522, 0.0, 0.00012727566263492918, 0.8322259474340109, 0.2341497045015244, 0.00017817475508907776]
[0.0, 884996.1115491362, 5.685597551588833, 7.715791302621607, 0.2109428755375522, 0.0, 0.00012727566263492918, 0.8322259474340109, 0.2341497045015244, 0.00017817475508907776]
[0.0, 884996.1115491362, 5.685597551588833, 7.715791302621607, 0.2109428755375522, 0.0, 0.00012727566263492918, 0.8322259474340109, 0.2341497045015244, 0.00017817475508907776]
[0.0, 884996.1115491362, 5.685597551588833, 7.715791302621607, 0.2109428755375522, 0.0, 0.00012727566263492918, 0.8322259474340109, 0.2341497045015244, 0.00017817475508907776]
[0.0, 884996.1115491362, 5.685597551588833, 7.715791302621607, 0.2109428755375522, 0.0, 0.00012727566263492918, 0.8322259474340109, 0.2341497045015244, 0.00017817475508907776]
[0.0, 884996.1115491362, 5.685597551588833, 7.715791302621607, 0.2109428755375522, 0.0, 0.00012727566263492918, 0.8322259474340109, 0.2341497045015244, 0.00017817475508907776]
[0.0, 884996.1115491362, 5.685597551588833, 7.715791302621607, 0.2109428755375522, 0.0, 0.00012727566263492918, 0.8322259474340109, 0.2341497045015244, 0.00017817475508907776]
[0.0, 884996.1115491362, 5.685597551588833, 7.715791302621607, 0.2109428755375522, 0.0, 0.00012727566263492918, 0.8322259474340109, 0.2341497045015244, 0.00017817475508907776]
[0.0, 884996.1115491362, 5.685597551588833, 7.715791302621607, 0.2109428755375522, 0.0, 0.00012727566263492918, 0.8322259474340109, 0.2341497045015244, 0.00017817475508907776]
[0.0, 884996.1115491362, 5.685597551588833, 7.715791302621607, 0.2109428755375522, 0.0, 0.00012727566263492918, 0.8322259474340109, 0.2341497045015244, 0.00017817475508907776]
[0.0, 884996.1115491362, 5.685597551588833, 7.715791302621607, 0.2109428755375522, 0.0, 0.00012727566263492918, 0.8322259474340109, 0.2341497045015244, 0.00013651568370720568]
[0.0, 884996.1115491362, 5.685597551588833, 7.715791302621607, 0.2109428755375522, 0.0, 0.00012727566263492918, 0.8322259474340109, 0.2341497045015244, 0.00013651568370720568]
[0.0, 884996.1115491362, 5.685597551588833, 7.715791302621607, 0.2109428755375522, 0.0, 0.00012727566263492918, 0.8322259474340109, 0.2341497045015244, 0.00013651568370720568]
[0.0, 884996.1115491362, 5.685597551588833, 7.715791302621607, 0.2109428755375522, 0.0, 0.00012727566263492918, 0.8322259474340109, 0.2341497045015244, 0.00013651568370720568]
[0.0, 884996.1115491362, 5.685597551588833, 7.715791302621607, 0.2109428755375522, 0.0, 0.00012727566263492918, 0.8322259474340109, 0.2341497045015244, 0.00013651568370720568]
[0.0, 884996.1115491362, 5.685597551588833, 7.715791302621607, 0.2109428755375522, 0.0, 0.00012727566263492918, 0.8322259474340109, 0.2341497045015244, 0.00013651568370720568]
[0.0, 884996.1115491362, 5.685597551588833, 7.715791302621607, 0.2109428755375522, 0.0, 0.00012727566263492918, 0.8322259474340109, 0.2341497045015244, 0.00013651568370720568]
[0.0, 884996.1115491362, 5.685597551588833, 7.715791302621607, 0.2109428755375522, 0.0, 0.00012727566263492918, 0.8322259474340109, 0.2341497045015244, 0.00013651568370720568]
[0.0, 884996.1115491362, 5.685597551588833, 7.715791302621607, 0.2109428755375522, 0.0, 0.00012727566263492918, 0.8322259474340109, 0.2341497045015244, 0.00013651568370720568]
[0.0, 884996.1115491362, 5.685597551588833, 7.715791302621607, 0.2109428755375522, 0.0, 0.00012727566263492918, 0.8322259474340109, 0.2341497045015244, 0.00013651568370720568]
[0.0, 884996.1115491362, 5.685597551588833, 7.715791302621607, 0.2109428755375522, 0.0, 0.00012727566263492918, 0.8322259474340109, 0.2341497045015244, 0.00013651568370720568]
[0.0, 884996.1115491362, 5.685597551588833, 7.715791302621607, 0.2109428755375522, 0.0, 0.00012727566263492918, 0.8322259474340109, 0.2341497045015244, 0.00013651568370720568]
[0.0, 884996.1115491362, 5.685597551588833, 7.715791302621607, 0.2109428755375522, 0.0, 0.00012727566263492918, 0.8322259474340109, 0.2341497045015244, 0.00013651568370720568]
[0.0, 884996.1115491362, 5.685597551588833, 7.715791302621607, 0.2109428755375522, 0.0, 0.00012727566263492918, 0.8322259474340109, 0.2341497045015244, 0.00013651568370720568]
[0.0, 884996.1115491362, 5.685597551588833, 7.715791302621607, 0.2109428755375522, 0.0, 0.00012727566263492918, 0.8322259474340109, 0.2341497045015244, 0.00013651568370720568]
[0.0, 884996.1115491362, 5.685597551588833, 7.715791302621607, 0.2109428755375522, 0.0, 0.00012727566263492918, 0.8322259474340109, 0.2341497045015244, 0.00013651568370720568]
[0.0, 884996.1115491362, 5.685597551588833, 7.715791302621607, 0.2109428755375522, 0.0, 0.00012727566263492918, 0.8322259474340109, 0.2341497045015244, 0.00013651568370720568]
[0.0, 884996.1115491362, 5.685597551588833, 7.715791302621607, 0.2109428755375522, 0.0, 0.00012727566263492918, 0.8322259474340109, 0.2341497045015244, 0.00013651568370720568]
[0.0, 884996.1115491362, 5.685597551588833, 7.715791302621607, 0.2109428755375522, 0.0, 0.00012727566263492918, 0.8322259474340109, 0.2341497045015244, 0.00013651568370720568]
[0.0, 884996.1115491362, 5.685597551588833, 7.715791302621607, 0.2109428755375522, 0.0, 0.00012727566263492918, 0.8322259474340109, 0.2341497045015244, 0.00013651568370720568]
[0.0, 884996.1115491362, 5.685597551588833, 7.715791302621607, 0.2109428755375522, 0.0, 0.00012727566263492918, 0.8322259474340109, 0.2341497045015244, 0.00013651568370720568]
[0.0, 884996.1115491362, 5.685597551588833, 7.715791302621607, 0.2109428755375522, 0.0, 0.00012727566263492918, 0.8322259474340109, 0.2341497045015244, 0.00013651568370720568]
[0.0, 884996.1115491362, 5.685597551588833, 7.715791302621607, 0.2109428755375522, 0.0, 0.00012727566263492918, 0.8322259474340109, 0.2341497045015244, 0.00013651568370720568]
[0.0, 884996.1115491362, 5.685597551588833, 7.715791302621607, 0.2109428755375522, 0.0, 0.00012727566263492918, 0.8322259474340109, 0.2341497045015244, 0.00013651568370720568]
[0.0, 884996.1115491362, 5.685597551588833, 7.715791302621607, 0.2109428755375522, 0.0, 0.00012727566263492918, 0.8322259474340109, 0.2341497045015244, 0.00013651568370720568]
[0.0, 884996.1115491362, 5.685597551588833, 7.715791302621607, 0.2109428755375522, 0.0, 0.00012727566263492918, 0.8322259474340109, 0.2341497045015244, 0.00013651568370720568]
[0.0, 884996.1115491362, 5.685597551588833, 7.715791302621607, 0.2109428755375522, 0.0, 0.00012727566263492918, 0.8322259474340109, 0.2341497045015244, 0.0001320039174683707]
[0.0, 884996.1115491362, 5.685597551588833, 7.715791302621607, 0.2109428755375522, 0.0, 0.00012727566263492918, 0.8322259474340109, 0.2341497045015244, 0.0001320039174683707]
[0.0, 884996.1115491362, 5.685597551588833, 7.715791302621607, 0.2109428755375522, 0.0, 0.00012727566263492918, 0.8322259474340109, 0.2341497045015244, 0.0001320039174683707]
[0.0, 884996.1115491362, 5.685597551588833, 7.715791302621607, 0.2109428755375522, 0.0, 0.00012727566263492918, 0.8322259474340109, 0.2341497045015244, 0.0001320039174683707]
[0.0, 884996.1115491362, 5.685597551588833, 7.715791302621607, 0.2109428755375522, 0.0, 0.00012727566263492918, 0.8322259474340109, 0.2341497045015244, 0.0001320039174683707]
[0.0, 884996.1115491362, 5.685597551588833, 7.715791302621607, 0.2109428755375522, 0.0, 0.00012727566263492918, 0.8322259474340109, 0.2341497045015244, 0.0001320039174683707]
[0.0, 884996.1115491362, 5.685597551588833, 7.715791302621607, 0.2109428755375522, 0.0, 0.00012727566263492918, 0.8322259474340109, 0.2341497045015244, 0.0001320039174683707]
[0.0, 884996.1115491362, 5.685597551588833, 7.715791302621607, 0.2109428755375522, 0.0, 0.00012727566263492918, 0.8322259474340109, 0.2341497045015244, 0.0001320039174683707]
[0.0, 884996.1115491362, 5.685597551588833, 7.715791302621607, 0.2109428755375522, 0.0, 0.00012727566263492918, 0.8322259474340109, 0.2341497045015244, 0.0001320039174683707]
[0.0, 884996.1115491362, 5.685597551588833, 7.715791302621607, 0.2109428755375522, 0.0, 0.00012727566263492918, 0.8322259474340109, 0.2341497045015244, 0.0001320039174683707]
[0.0, 884996.1115491362, 5.685597551588833, 7.715791302621607, 0.2109428755375522, 0.0, 0.00012727566263492918, 0.8322259474340109, 0.2341497045015244, 0.0001320039174683707]
[0.0, 884996.1115491362, 5.685597551588833, 7.715791302621607, 0.2109428755375522, 0.0, 0.00012727566263492918, 0.8322259474340109, 0.2341497045015244, 0.0001320039174683707]
[0.0, 884996.1115491362, 5.685597551588833, 7.715791302621607, 0.2109428755375522, 0.0, 0.00012727566263492918, 0.8322259474340109, 0.2341497045015244, 0.00012267367830576248]
[0.0, 884996.1115491362, 5.685597551588833, 7.715791302621607, 0.2109428755375522, 0.0, 0.00012727566263492918, 0.8322259474340109, 0.2341497045015244, 0.00012267367830576248]
[0.0, 884996.1115491362, 5.685597551588833, 7.715791302621607, 0.2109428755375522, 0.0, 0.00012727566263492918, 0.8322259474340109, 0.2341497045015244, 0.00012267367830576248]
[0.0, 884996.1115491362, 5.685597551588833, 7.715791302621607, 0.2109428755375522, 0.0, 0.00012727566263492918, 0.8322259474340109, 0.2341497045015244, 0.00012267367830576248]
[0.0, 884996.1115491362, 5.685597551588833, 7.715791302621607, 0.2109428755375522, 0.0, 0.00012727566263492918, 0.8322259474340109, 0.2341497045015244, 0.00012267367830576248]
[0.0, 884996.1115491362, 5.685597551588833, 7.715791302621607, 0.2109428755375522, 0.0, 0.00012727566263492918, 0.8322259474340109, 0.2341497045015244, 0.00012267367830576248]
[0.0, 884996.1115491362, 5.685597551588833, 7.715791302621607, 0.2109428755375522, 0.0, 0.00012727566263492918, 0.8322259474340109, 0.2341497045015244, 0.00012267367830576248]
[0.0, 884996.1115491362, 5.685597551588833, 7.715791302621607, 0.2109428755375522, 0.0, 0.00012727566263492918, 0.8322259474340109, 0.2341497045015244, 0.00012267367830576248]
[0.0, 884996.1115491362, 5.685597551588833, 7.715791302621607, 0.2109428755375522, 0.0, 0.00012727566263492918, 0.8322259474340109, 0.2341497045015244, 0.00011077918757651517]
[0.0, 884996.1115491362, 5.685597551588833, 7.715791302621607, 0.2109428755375522, 0.0, 0.00012727566263492918, 0.8322259474340109, 0.2341497045015244, 9.485774716155859e-05]
[0.0, 884996.1115491362, 5.685597551588833, 7.715791302621607, 0.2109428755375522, 0.0, 0.00012727566263492918, 0.8322259474340109, 0.2341497045015244, 9.485774716155859e-05]
[0.0, 884996.1115491362, 5.685597551588833, 7.715791302621607, 0.2109428755375522, 0.0, 0.00012727566263492918, 0.8322259474340109, 0.2341497045015244, 9.485774716155859e-05]
[0.0, 884996.1115491362, 5.685597551588833, 7.715791302621607, 0.2109428755375522, 0.0, 0.00012727566263492918, 0.8322259474340109, 0.2341497045015244, 9.485774716155859e-05]
[0.0, 884996.1115491362, 5.685597551588833, 7.715791302621607, 0.2109428755375522, 0.0, 0.00012727566263492918, 0.8322259474340109, 0.2341497045015244, 9.485774716155859e-05]
[0.0, 884996.1115491362, 5.685597551588833, 7.715791302621607, 0.2109428755375522, 0.0, 0.00012727566263492918, 0.8322259474340109, 0.2341497045015244, 9.485774716155859e-05]
[0.0, 884996.1115491362, 5.685597551588833, 7.715791302621607, 0.2109428755375522, 0.0, 0.00012727566263492918, 0.8322259474340109, 0.2341497045015244, 9.485774716155859e-05]
[0.0, 884996.1115491362, 5.685597551588833, 7.715791302621607, 0.2109428755375522, 0.0, 0.00012727566263492918, 0.8322259474340109, 0.2341497045015244, 9.485774716155859e-05]
[0.0, 884996.1115491362, 5.685597551588833, 7.715791302621607, 0.2109428755375522, 0.0, 0.00012727566263492918, 0.8322259474340109, 0.2341497045015244, 9.485774716155859e-05]
[0.0, 884996.1115491362, 5.685597551588833, 7.715791302621607, 0.2109428755375522, 0.0, 0.00012727566263492918, 0.8322259474340109, 0.2341497045015244, 9.485774716155859e-05]
[0.0, 884996.1115491362, 5.685597551588833, 7.715791302621607, 0.2109428755375522, 0.0, 0.00012727566263492918, 0.8322259474340109, 0.2341497045015244, 9.485774716155859e-05]
[0.0, 884996.1115491362, 5.685597551588833, 7.715791302621607, 0.2109428755375522, 0.0, 0.00012727566263492918, 0.8322259474340109, 0.2341497045015244, 9.485774716155859e-05]
[0.0, 884996.1115491362, 5.685597551588833, 7.715791302621607, 0.2109428755375522, 0.0, 0.00012727566263492918, 0.8322259474340109, 0.2341497045015244, 9.485774716155859e-05]
[0.0, 884996.1115491362, 5.685597551588833, 7.715791302621607, 0.2109428755375522, 0.0, 0.00012727566263492918, 0.8322259474340109, 0.2341497045015244, 9.485774716155859e-05]
[0.0, 884996.1115491362, 5.685597551588833, 7.715791302621607, 0.2109428755375522, 0.0, 0.00012727566263492918, 0.8322259474340109, 0.2341497045015244, 9.485774716155859e-05]
[0.0, 884996.1115491362, 5.685597551588833, 7.715791302621607, 0.2109428755375522, 0.0, 0.00012727566263492918, 0.8322259474340109, 0.2341497045015244, 9.485774716155859e-05]
[0.0, 884996.1115491362, 5.685597551588833, 7.715791302621607, 0.2109428755375522, 0.0, 0.00012727566263492918, 0.8322259474340109, 0.2341497045015244, 9.485774716155859e-05]
[0.0, 884996.1115491362, 5.685597551588833, 7.715791302621607, 0.2109428755375522, 0.0, 0.00012727566263492918, 0.8322259474340109, 0.2341497045015244, 9.485774716155859e-05]
[0.0, 884996.1115491362, 5.685597551588833, 7.715791302621607, 0.2109428755375522, 0.0, 0.00012727566263492918, 0.8322259474340109, 0.2341497045015244, 9.485774716155859e-05]
[0.0, 884996.1115491362, 5.685597551588833, 7.715791302621607, 0.2109428755375522, 0.0, 0.00012727566263492918, 0.8322259474340109, 0.2341497045015244, 9.485774716155859e-05]
[0.0, 884996.1115491362, 5.685597551588833, 7.715791302621607, 0.2109428755375522, 0.0, 0.00012727566263492918, 0.8322259474340109, 0.2341497045015244, 9.485774716155859e-05]
[0.0, 884996.1115491362, 5.685597551588833, 7.715791302621607, 0.2109428755375522, 0.0, 0.00012727566263492918, 0.8322259474340109, 0.2341497045015244, 9.485774716155859e-05]
[0.0, 884996.1115491362, 5.685597551588833, 7.715791302621607, 0.2109428755375522, 0.0, 0.00012727566263492918, 0.8322259474340109, 0.2341497045015244, 9.485774716155859e-05]
[0.0, 884996.1115491362, 5.685597551588833, 7.715791302621607, 0.2109428755375522, 0.0, 0.00012727566263492918, 0.8322259474340109, 0.2341497045015244, 9.485774716155859e-05]
[0.0, 884996.1115491362, 5.685597551588833, 7.715791302621607, 0.2109428755375522, 0.0, 0.00012727566263492918, 0.8322259474340109, 0.2341497045015244, 9.485774716155859e-05]
[0.0, 884996.1115491362, 5.685597551588833, 7.715791302621607, 0.2109428755375522, 0.0, 0.00012727566263492918, 0.8322259474340109, 0.2341497045015244, 9.485774716155859e-05]
[0.0, 884996.1115491362, 5.685597551588833, 7.715791302621607, 0.2109428755375522, 0.0, 0.00012727566263492918, 0.8322259474340109, 0.2341497045015244, 9.485774716155859e-05]
[0.0, 884996.1115491362, 5.685597551588833, 7.715791302621607, 0.2109428755375522, 0.0, 0.00012727566263492918, 0.8322259474340109, 0.2341497045015244, 9.485774716155859e-05]
[0.0, 884996.1115491362, 5.685597551588833, 7.715791302621607, 0.2109428755375522, 0.0, 0.00012727566263492918, 0.8322259474340109, 0.2341497045015244, 9.485774716155859e-05]
[0.0, 884996.1115491362, 5.685597551588833, 7.715791302621607, 0.2109428755375522, 0.0, 0.00012727566263492918, 0.8322259474340109, 0.2341497045015244, 9.485774716155859e-05]
[0.0, 884996.1115491362, 5.685597551588833, 7.715791302621607, 0.2109428755375522, 0.0, 0.00012727566263492918, 0.8322259474340109, 0.2341497045015244, 9.485774716155859e-05]
[0.0, 884996.1115491362, 5.685597551588833, 7.715791302621607, 0.2109428755375522, 0.0, 0.00012727566263492918, 0.8322259474340109, 0.2341497045015244, 9.485774716155859e-05]
[0.0, 884996.1115491362, 5.685597551588833, 7.715791302621607, 0.2109428755375522, 0.0, 0.00012727566263492918, 0.8322259474340109, 0.2341497045015244, 9.485774716155859e-05]
[0.0, 884996.1115491362, 5.685597551588833, 7.715791302621607, 0.2109428755375522, 0.0, 0.00012727566263492918, 0.8322259474340109, 0.2341497045015244, 9.485774716155859e-05]
[0.0, 884996.1115491362, 5.685597551588833, 7.715791302621607, 0.2109428755375522, 0.0, 0.00012727566263492918, 0.8322259474340109, 0.2341497045015244, 9.485774716155859e-05]
[0.0, 884996.1115491362, 5.685597551588833, 7.715791302621607, 0.2109428755375522, 0.0, 0.00012727566263492918, 0.8322259474340109, 0.2341497045015244, 9.485774716155859e-05]
[0.0, 884996.1115491362, 5.685597551588833, 7.715791302621607, 0.2109428755375522, 0.0, 0.00012727566263492918, 0.8322259474340109, 0.2341497045015244, 9.115158792782907e-05]
[0.0, 884996.1115491362, 5.685597551588833, 7.715791302621607, 0.2109428755375522, 0.0, 0.00012727566263492918, 0.8322259474340109, 0.2341497045015244, 9.115158792782907e-05]
[0.0, 884996.1115491362, 5.685597551588833, 7.715791302621607, 0.2109428755375522, 0.0, 0.00012727566263492918, 0.8322259474340109, 0.2341497045015244, 9.115158792782907e-05]
[0.0, 884996.1115491362, 5.685597551588833, 7.715791302621607, 0.2109428755375522, 0.0, 0.00012727566263492918, 0.8322259474340109, 0.2341497045015244, 9.115158792782907e-05]
[0.0, 884996.1115491362, 5.685597551588833, 7.715791302621607, 0.2109428755375522, 0.0, 0.00012727566263492918, 0.8322259474340109, 0.2341497045015244, 9.115158792782907e-05]
[0.0, 884996.1115491362, 5.685597551588833, 7.715791302621607, 0.2109428755375522, 0.0, 0.00012727566263492918, 0.8322259474340109, 0.2341497045015244, 9.115158792782907e-05]
[0.0, 884996.1115491362, 5.685597551588833, 7.715791302621607, 0.2109428755375522, 0.0, 0.00012727566263492918, 0.8322259474340109, 0.2341497045015244, 9.115158792782907e-05]
[0.0, 884996.1115491362, 5.685597551588833, 7.715791302621607, 0.2109428755375522, 0.0, 0.00012727566263492918, 0.8322259474340109, 0.2341497045015244, 9.115158792782907e-05]
[0.0, 884996.1115491362, 5.685597551588833, 7.715791302621607, 0.2109428755375522, 0.0, 0.00012727566263492918, 0.8322259474340109, 0.2341497045015244, 8.924940384291702e-05]
[0.0, 884996.1115491362, 5.685597551588833, 7.715791302621607, 0.2109428755375522, 0.0, 0.00012727566263492918, 0.8322259474340109, 0.2341497045015244, 8.924940384291702e-05]
[0.0, 884996.1115491362, 5.685597551588833, 7.715791302621607, 0.2109428755375522, 0.0, 0.00012727566263492918, 0.8322259474340109, 0.2341497045015244, 8.924940384291702e-05]
[0.0, 884996.1115491362, 5.685597551588833, 7.715791302621607, 0.2109428755375522, 0.0, 0.00012727566263492918, 0.8322259474340109, 0.2341497045015244, 8.924940384291702e-05]
[0.0, 884996.1115491362, 5.685597551588833, 7.715791302621607, 0.2109428755375522, 0.0, 0.00012727566263492918, 0.8322259474340109, 0.2341497045015244, 8.924940384291702e-05]
[0.0, 884996.1115491362, 5.685597551588833, 7.715791302621607, 0.2109428755375522, 0.0, 0.00012727566263492918, 0.8322259474340109, 0.2341497045015244, 8.924940384291702e-05]
[0.0, 884996.1115491362, 5.685597551588833, 7.715791302621607, 0.2109428755375522, 0.0, 0.00012727566263492918, 0.8322259474340109, 0.2341497045015244, 8.924940384291702e-05]
[0.0, 884996.1115491362, 5.685597551588833, 7.715791302621607, 0.2109428755375522, 0.0, 0.00012727566263492918, 0.8322259474340109, 0.2341497045015244, 8.924940384291702e-05]
[0.0, 884996.1115491362, 5.685597551588833, 7.715791302621607, 0.2109428755375522, 0.0, 0.00012727566263492918, 0.8322259474340109, 0.2341497045015244, 8.924940384291702e-05]
[0.0, 884996.1115491362, 5.685597551588833, 7.715791302621607, 0.2109428755375522, 0.0, 0.00012727566263492918, 0.8322259474340109, 0.2341497045015244, 8.924940384291702e-05]
[0.0, 884996.1115491362, 5.685597551588833, 7.715791302621607, 0.2109428755375522, 0.0, 0.00012727566263492918, 0.8322259474340109, 0.2341497045015244, 8.924940384291702e-05]
[0.0, 884996.1115491362, 5.685597551588833, 7.715791302621607, 0.2109428755375522, 0.0, 0.00012727566263492918, 0.8322259474340109, 0.2341497045015244, 8.924940384291702e-05]
[0.0, 884996.1115491362, 5.685597551588833, 7.715791302621607, 0.2109428755375522, 0.0, 0.00012727566263492918, 0.8322259474340109, 0.2341497045015244, 7.566374315048918e-05]
[0.0, 884996.1115491362, 5.685597551588833, 7.715791302621607, 0.2109428755375522, 0.0, 0.00012727566263492918, 0.8322259474340109, 0.2341497045015244, 7.566374315048918e-05]
[0.0, 884996.1115491362, 5.685597551588833, 7.715791302621607, 0.2109428755375522, 0.0, 0.00012727566263492918, 0.8322259474340109, 0.2341497045015244, 7.566374315048918e-05]
[0.0, 884996.1115491362, 5.685597551588833, 7.715791302621607, 0.2109428755375522, 0.0, 0.00012727566263492918, 0.8322259474340109, 0.2341497045015244, 7.566374315048918e-05]
[0.0, 884996.1115491362, 5.685597551588833, 7.715791302621607, 0.2109428755375522, 0.0, 0.00012727566263492918, 0.8322259474340109, 0.2341497045015244, 7.566374315048918e-05]
[0.0, 884996.1115491362, 5.685597551588833, 7.715791302621607, 0.2109428755375522, 0.0, 0.00012727566263492918, 0.8322259474340109, 0.2341497045015244, 7.566374315048918e-05]
[0.0, 884996.1115491362, 5.685597551588833, 7.715791302621607, 0.2109428755375522, 0.0, 0.00012727566263492918, 0.8322259474340109, 0.2341497045015244, 7.566374315048918e-05]
[0.0, 884996.1115491362, 5.685597551588833, 7.715791302621607, 0.2109428755375522, 0.0, 0.00012727566263492918, 0.8322259474340109, 0.2341497045015244, 7.566374315048918e-05]
[0.0, 884996.1115491362, 5.685597551588833, 7.715791302621607, 0.2109428755375522, 0.0, 0.00012727566263492918, 0.8322259474340109, 0.2341497045015244, 7.566374315048918e-05]
[0.0, 884996.1115491362, 5.685597551588833, 7.715791302621607, 0.2109428755375522, 0.0, 0.00012727566263492918, 0.8322259474340109, 0.2341497045015244, 7.566374315048918e-05]
[0.0, 884996.1115491362, 5.685597551588833, 7.715791302621607, 0.2109428755375522, 0.0, 0.00012727566263492918, 0.8322259474340109, 0.2341497045015244, 7.566374315048918e-05]
[0.0, 884996.1115491362, 5.685597551588833, 7.715791302621607, 0.2109428755375522, 0.0, 0.00012727566263492918, 0.8322259474340109, 0.2341497045015244, 6.502869307256631e-05]
[0.0, 884996.1115491362, 5.685597551588833, 7.715791302621607, 0.2109428755375522, 0.0, 0.00012727566263492918, 0.8322259474340109, 0.2341497045015244, 6.502869307256631e-05]
[0.0, 884996.1115491362, 5.685597551588833, 7.715791302621607, 0.2109428755375522, 0.0, 0.00012727566263492918, 0.8322259474340109, 0.2341497045015244, 6.502869307256631e-05]
[0.0, 884996.1115491362, 5.685597551588833, 7.715791302621607, 0.2109428755375522, 0.0, 0.00012727566263492918, 0.8322259474340109, 0.2341497045015244, 6.502869307256631e-05]
[0.0, 884996.1115491362, 5.685597551588833, 7.715791302621607, 0.2109428755375522, 0.0, 0.00012727566263492918, 0.8322259474340109, 0.2341497045015244, 6.502869307256631e-05]
[0.0, 884996.1115491362, 5.685597551588833, 7.715791302621607, 0.2109428755375522, 0.0, 0.00012727566263492918, 0.8322259474340109, 0.2341497045015244, 6.502869307256631e-05]
[0.0, 884996.1115491362, 5.685597551588833, 7.715791302621607, 0.2109428755375522, 0.0, 0.00012727566263492918, 0.8322259474340109, 0.2341497045015244, 6.502869307256631e-05]
[0.0, 884996.1115491362, 5.685597551588833, 7.715791302621607, 0.2109428755375522, 0.0, 0.00012727566263492918, 0.8322259474340109, 0.2341497045015244, 6.502869307256631e-05]
[0.0, 884996.1115491362, 5.685597551588833, 7.715791302621607, 0.2109428755375522, 0.0, 0.00012727566263492918, 0.8322259474340109, 0.2341497045015244, 6.502869307256631e-05]
[0.0, 884996.1115491362, 5.685597551588833, 7.715791302621607, 0.2109428755375522, 0.0, 0.00012727566263492918, 0.8322259474340109, 0.2341497045015244, 6.502869307256631e-05]
[0.0, 884996.1115491362, 5.685597551588833, 7.715791302621607, 0.2109428755375522, 0.0, 0.00012727566263492918, 0.8322259474340109, 0.2341497045015244, 6.502869307256631e-05]
[0.0, 884996.1115491362, 5.685597551588833, 7.715791302621607, 0.2109428755375522, 0.0, 0.00012727566263492918, 0.8322259474340109, 0.2341497045015244, 6.502869307256631e-05]
[0.0, 884996.1115491362, 5.685597551588833, 7.715791302621607, 0.2109428755375522, 0.0, 0.00012727566263492918, 0.8322259474340109, 0.2341497045015244, 6.502869307256631e-05]
[0.0, 884996.1115491362, 5.685597551588833, 7.715791302621607, 0.2109428755375522, 0.0, 0.00012727566263492918, 0.8322259474340109, 0.2341497045015244, 6.502869307256631e-05]
[0.0, 884996.1115491362, 5.685597551588833, 7.715791302621607, 0.2109428755375522, 0.0, 0.00012727566263492918, 0.8322259474340109, 0.2341497045015244, 6.502869307256631e-05]
[0.0, 884996.1115491362, 5.685597551588833, 7.715791302621607, 0.2109428755375522, 0.0, 0.00012727566263492918, 0.8322259474340109, 0.2341497045015244, 6.502869307256631e-05]
[0.0, 884996.1115491362, 5.685597551588833, 7.715791302621607, 0.2109428755375522, 0.0, 0.00012727566263492918, 0.8322259474340109, 0.2341497045015244, 6.003527326514657e-05]
[0.0, 884996.1115491362, 5.685597551588833, 7.715791302621607, 0.2109428755375522, 0.0, 0.00012727566263492918, 0.8322259474340109, 0.2341497045015244, 6.003527326514657e-05]
[0.0, 884996.1115491362, 5.685597551588833, 7.715791302621607, 0.2109428755375522, 0.0, 0.00012727566263492918, 0.8322259474340109, 0.2341497045015244, 6.003527326514657e-05]
[0.0, 884996.1115491362, 5.685597551588833, 7.715791302621607, 0.2109428755375522, 0.0, 0.00012727566263492918, 0.8322259474340109, 0.2341497045015244, 6.003527326514657e-05]
[0.0, 884996.1115491362, 5.685597551588833, 7.715791302621607, 0.2109428755375522, 0.0, 0.00012727566263492918, 0.8322259474340109, 0.2341497045015244, 6.003527326514657e-05]
[0.0, 884996.1115491362, 5.685597551588833, 7.715791302621607, 0.2109428755375522, 0.0, 0.00012727566263492918, 0.8322259474340109, 0.2341497045015244, 6.003527326514657e-05]
[0.0, 884996.1115491362, 5.685597551588833, 7.715791302621607, 0.2109428755375522, 0.0, 0.00012727566263492918, 0.8322259474340109, 0.2341497045015244, 6.003527326514657e-05]
[0.0, 884996.1115491362, 5.685597551588833, 7.715791302621607, 0.2109428755375522, 0.0, 0.00012727566263492918, 0.8322259474340109, 0.2341497045015244, 6.003527326514657e-05]
[0.0, 884996.1115491362, 5.685597551588833, 7.715791302621607, 0.2109428755375522, 0.0, 0.00012727566263492918, 0.8322259474340109, 0.2341497045015244, 6.003527326514657e-05]
[0.0, 884996.1115491362, 5.685597551588833, 7.715791302621607, 0.2109428755375522, 0.0, 0.00012727566263492918, 0.8322259474340109, 0.2341497045015244, 6.003527326514657e-05]
[0.0, 884996.1115491362, 5.685597551588833, 7.715791302621607, 0.2109428755375522, 0.0, 0.00012727566263492918, 0.8322259474340109, 0.2341497045015244, 6.003527326514657e-05]
[0.0, 884996.1115491362, 5.685597551588833, 7.715791302621607, 0.2109428755375522, 0.0, 0.00012727566263492918, 0.8322259474340109, 0.2341497045015244, 6.003527326514657e-05]
[0.0, 884996.1115491362, 5.685597551588833, 7.715791302621607, 0.2109428755375522, 0.0, 0.00012727566263492918, 0.8322259474340109, 0.2341497045015244, 6.003527326514657e-05]
[0.0, 884996.1115491362, 5.685597551588833, 7.715791302621607, 0.2109428755375522, 0.0, 0.00012727566263492918, 0.8322259474340109, 0.2341497045015244, 6.003527326514657e-05]
[0.0, 884996.1115491362, 5.685597551588833, 7.715791302621607, 0.2109428755375522, 0.0, 0.00012727566263492918, 0.8322259474340109, 0.2341497045015244, 6.003527326514657e-05]
[0.0, 884996.1115491362, 5.685597551588833, 7.715791302621607, 0.2109428755375522, 0.0, 0.00012727566263492918, 0.8322259474340109, 0.2341497045015244, 6.003527326514657e-05]
[0.0, 884996.1115491362, 5.685597551588833, 7.715791302621607, 0.2109428755375522, 0.0, 0.00012727566263492918, 0.8322259474340109, 0.2341497045015244, 6.003527326514657e-05]
[0.0, 884996.1115491362, 5.685597551588833, 7.715791302621607, 0.2109428755375522, 0.0, 0.00012727566263492918, 0.8322259474340109, 0.2341497045015244, 6.003527326514657e-05]
[0.0, 884996.1115491362, 5.685597551588833, 7.715791302621607, 0.2109428755375522, 0.0, 0.00012727566263492918, 0.8322259474340109, 0.2341497045015244, 6.003527326514657e-05]
[0.0, 884996.1115491362, 5.685597551588833, 7.715791302621607, 0.2109428755375522, 0.0, 0.00012727566263492918, 0.8322259474340109, 0.2341497045015244, 6.003527326514657e-05]
[0.0, 884996.1115491362, 5.685597551588833, 7.715791302621607, 0.2109428755375522, 0.0, 0.00012727566263492918, 0.8322259474340109, 0.2341497045015244, 6.003527326514657e-05]
[0.0, 884996.1115491362, 5.685597551588833, 7.715791302621607, 0.2109428755375522, 0.0, 0.00012727566263492918, 0.8322259474340109, 0.2341497045015244, 5.4191836149630745e-05]
[0.0, 884996.1115491362, 5.685597551588833, 7.715791302621607, 0.1340708559072178, 0.0, 0.00012727566263492918, 0.8322259474340109, 0.2341497045015244, 5.4191836149630745e-05]
[0.0, 884996.1115491362, 5.685597551588833, 7.715791302621607, 0.1340708559072178, 0.0, 0.00012727566263492918, 0.8322259474340109, 0.2341497045015244, 4.051611692945656e-05]
[0.0, 884996.1115491362, 5.685597551588833, 7.715791302621607, 0.1340708559072178, 0.0, 0.00012727566263492918, 0.8322259474340109, 0.2341497045015244, 4.051611692945656e-05]
[0.0, 884996.1115491362, 5.685597551588833, 7.715791302621607, 0.1340708559072178, 0.0, 0.00012727566263492918, 0.8322259474340109, 0.2341497045015244, 4.051611692945656e-05]
[0.0, 884996.1115491362, 5.685597551588833, 7.715791302621607, 0.1340708559072178, 0.0, 0.00012727566263492918, 0.8322259474340109, 0.2341497045015244, 4.051611692945656e-05]
[0.0, 884996.1115491362, 5.685597551588833, 7.715791302621607, 0.1340708559072178, 0.0, 0.00012727566263492918, 0.8322259474340109, 0.2341497045015244, 4.051611692945656e-05]
[0.0, 884996.1115491362, 5.685597551588833, 7.715791302621607, 0.1340708559072178, 0.0, 0.00012727566263492918, 0.8322259474340109, 0.2341497045015244, 4.051611692945656e-05]
[0.0, 884996.1115491362, 5.685597551588833, 7.715791302621607, 0.1340708559072178, 0.0, 0.00012727566263492918, 0.8322259474340109, 0.2341497045015244, 4.051611692945656e-05]
[0.0, 884996.1115491362, 5.685597551588833, 7.715791302621607, 0.1340708559072178, 0.0, 0.00012727566263492918, 0.8322259474340109, 0.2341497045015244, 4.051611692945656e-05]
[0.0, 884996.1115491362, 5.685597551588833, 7.715791302621607, 0.1340708559072178, 0.0, 0.00012727566263492918, 0.8322259474340109, 0.2341497045015244, 4.051611692945656e-05]
[0.0, 884996.1115491362, 5.685597551588833, 7.715791302621607, 0.1340708559072178, 0.0, 0.00012727566263492918, 0.8322259474340109, 0.2341497045015244, 4.051611692945656e-05]
[0.0, 884996.1115491362, 5.685597551588833, 7.715791302621607, 0.1340708559072178, 0.0, 0.00012727566263492918, 0.8322259474340109, 0.2341497045015244, 4.051611692945656e-05]
[0.0, 884996.1115491362, 5.685597551588833, 7.715791302621607, 0.1340708559072178, 0.0, 0.00012727566263492918, 0.8322259474340109, 0.2341497045015244, 4.051611692945656e-05]
[0.0, 884996.1115491362, 5.685597551588833, 7.715791302621607, 0.1340708559072178, 0.0, 0.00012727566263492918, 0.8322259474340109, 0.2341497045015244, 4.051611692945656e-05]
[0.0, 884996.1115491362, 5.685597551588833, 7.715791302621607, 0.1340708559072178, 0.0, 0.00012727566263492918, 0.8322259474340109, 0.2341497045015244, 4.051611692945656e-05]
[0.0, 884996.1115491362, 5.685597551588833, 7.715791302621607, 0.1340708559072178, 0.0, 0.00012727566263492918, 0.8322259474340109, 0.2341497045015244, 4.051611692945656e-05]
[0.0, 884996.1115491362, 5.685597551588833, 7.715791302621607, 0.1340708559072178, 0.0, 0.00012727566263492918, 0.8322259474340109, 0.2341497045015244, 4.051611692945656e-05]
[0.0, 884996.1115491362, 5.685597551588833, 7.715791302621607, 0.1340708559072178, 0.0, 0.00012727566263492918, 0.8322259474340109, 0.2341497045015244, 4.051611692945656e-05]
[0.0, 884996.1115491362, 5.685597551588833, 7.715791302621607, 0.1340708559072178, 0.0, 0.00012727566263492918, 0.8322259474340109, 0.2341497045015244, 4.051611692945656e-05]
[0.0, 884996.1115491362, 5.685597551588833, 7.715791302621607, 0.1340708559072178, 0.0, 0.00012727566263492918, 0.8322259474340109, 0.2341497045015244, 4.051611692945656e-05]
[0.0, 884996.1115491362, 5.685597551588833, 7.715791302621607, 0.1340708559072178, 0.0, 0.00012727566263492918, 0.8322259474340109, 0.2341497045015244, 4.051611692945656e-05]
[0.0, 884996.1115491362, 5.685597551588833, 7.715791302621607, 0.1340708559072178, 0.0, 0.00012727566263492918, 0.8322259474340109, 0.2341497045015244, 4.051611692945656e-05]
[0.0, 884996.1115491362, 5.685597551588833, 7.715791302621607, 0.1340708559072178, 0.0, 0.00012727566263492918, 0.8322259474340109, 0.2341497045015244, 4.051611692945656e-05]
[0.0, 884996.1115491362, 5.685597551588833, 7.715791302621607, 0.1340708559072178, 0.0, 0.00012727566263492918, 0.8322259474340109, 0.2341497045015244, 4.051611692945656e-05]
[0.0, 884996.1115491362, 5.685597551588833, 7.715791302621607, 0.1340708559072178, 0.0, 0.00012727566263492918, 0.8322259474340109, 0.2341497045015244, 4.051611692945656e-05]
[0.0, 884996.1115491362, 5.685597551588833, 7.715791302621607, 0.1340708559072178, 0.0, 0.00012727566263492918, 0.8322259474340109, 0.2341497045015244, 4.051611692945656e-05]
[0.0, 884996.1115491362, 5.685597551588833, 7.715791302621607, 0.1340708559072178, 0.0, 0.00012727566263492918, 0.8322259474340109, 0.2341497045015244, 3.715641763735178e-05]
[0.0, 884996.1115491362, 5.685597551588833, 7.715791302621607, 0.1340708559072178, 0.0, 0.00012727566263492918, 0.8322259474340109, 0.2341497045015244, 3.715641763735178e-05]
[0.0, 884996.1115491362, 5.685597551588833, 7.715791302621607, 0.1340708559072178, 0.0, 0.00012727566263492918, 0.8322259474340109, 0.2341497045015244, 3.715641763735178e-05]
[0.0, 884996.1115491362, 5.685597551588833, 7.715791302621607, 0.1340708559072178, 0.0, 0.00012727566263492918, 0.8322259474340109, 0.2341497045015244, 3.715641763735178e-05]
[0.0, 884996.1115491362, 5.685597551588833, 7.715791302621607, 0.1340708559072178, 0.0, 0.00012727566263492918, 0.8322259474340109, 0.2341497045015244, 3.715641763735178e-05]
[0.0, 884996.1115491362, 5.685597551588833, 7.715791302621607, 0.1340708559072178, 0.0, 0.00012727566263492918, 0.8322259474340109, 0.2341497045015244, 3.715641763735178e-05]
[0.0, 884996.1115491362, 5.685597551588833, 7.715791302621607, 0.1340708559072178, 0.0, 0.00012727566263492918, 0.8322259474340109, 0.2341497045015244, 3.715641763735178e-05]
[0.0, 884996.1115491362, 5.685597551588833, 7.715791302621607, 0.1340708559072178, 0.0, 0.00012727566263492918, 0.8322259474340109, 0.2341497045015244, 3.715641763735178e-05]
[0.0, 884996.1115491362, 5.685597551588833, 7.715791302621607, 0.1340708559072178, 0.0, 0.00012727566263492918, 0.8322259474340109, 0.2341497045015244, 3.715641763735178e-05]
[0.0, 884996.1115491362, 5.685597551588833, 7.715791302621607, 0.1340708559072178, 0.0, 0.00012727566263492918, 0.8322259474340109, 0.2341497045015244, 3.715641763735178e-05]
[0.0, 884996.1115491362, 5.685597551588833, 7.715791302621607, 0.1340708559072178, 0.0, 0.00012727566263492918, 0.8322259474340109, 0.2341497045015244, 3.715641763735178e-05]
[0.0, 884996.1115491362, 5.685597551588833, 7.715791302621607, 0.1340708559072178, 0.0, 0.00012727566263492918, 0.8322259474340109, 0.2341497045015244, 3.715641763735178e-05]
[0.0, 884996.1115491362, 5.685597551588833, 7.715791302621607, 0.1340708559072178, 0.0, 0.00012727566263492918, 0.8322259474340109, 0.2341497045015244, 3.715641763735178e-05]
[0.0, 884996.1115491362, 5.685597551588833, 7.715791302621607, 0.1340708559072178, 0.0, 0.00012727566263492918, 0.8322259474340109, 0.2341497045015244, 3.715641763735178e-05]
[0.0, 884996.1115491362, 5.685597551588833, 7.715791302621607, 0.1340708559072178, 0.0, 0.00012727566263492918, 0.8322259474340109, 0.2341497045015244, 3.715641763735178e-05]
[0.0, 884996.1115491362, 5.685597551588833, 7.715791302621607, 0.1340708559072178, 0.0, 0.00012727566263492918, 0.8322259474340109, 0.2341497045015244, 3.715641763735178e-05]
[0.0, 884996.1115491362, 5.685597551588833, 7.715791302621607, 0.1340708559072178, 0.0, 0.00012727566263492918, 0.8322259474340109, 0.2341497045015244, 3.715641763735178e-05]
[0.0, 884996.1115491362, 5.685597551588833, 7.715791302621607, 0.1340708559072178, 0.0, 0.00012727566263492918, 0.8322259474340109, 0.2341497045015244, 3.715641763735178e-05]
[0.0, 884996.1115491362, 5.685597551588833, 7.715791302621607, 0.1340708559072178, 0.0, 0.00012727566263492918, 0.8322259474340109, 0.2341497045015244, 3.715641763735178e-05]
[0.0, 884996.1115491362, 5.685597551588833, 7.715791302621607, 0.1340708559072178, 0.0, 0.00012727566263492918, 0.8322259474340109, 0.2341497045015244, 2.8815309701446523e-05]
[0.0, 884996.1115491362, 5.685597551588833, 7.715791302621607, 0.1340708559072178, 0.0, 0.00012727566263492918, 0.8322259474340109, 0.2341497045015244, 2.8815309701446523e-05]
[0.0, 884996.1115491362, 5.685597551588833, 7.715791302621607, 0.1340708559072178, 0.0, 0.00012727566263492918, 0.8322259474340109, 0.2341497045015244, 2.8815309701446523e-05]
[0.0, 884996.1115491362, 5.685597551588833, 7.715791302621607, 0.1340708559072178, 0.0, 0.00012727566263492918, 0.8322259474340109, 0.2341497045015244, 2.8815309701446523e-05]
[0.0, 884996.1115491362, 5.685597551588833, 7.715791302621607, 0.1340708559072178, 0.0, 0.00012727566263492918, 0.8322259474340109, 0.2341497045015244, 2.8815309701446523e-05]
[0.0, 884996.1115491362, 5.685597551588833, 7.715791302621607, 0.1340708559072178, 0.0, 0.00012727566263492918, 0.8322259474340109, 0.2341497045015244, 2.8815309701446523e-05]
[0.0, 884996.1115491362, 5.685597551588833, 7.715791302621607, 0.1340708559072178, 0.0, 0.00012727566263492918, 0.8322259474340109, 0.2341497045015244, 2.8815309701446523e-05]
[0.0, 884996.1115491362, 5.685597551588833, 7.559583239089429, 0.1340708559072178, 0.0, 0.00012727566263492918, 0.8322259474340109, 0.2341497045015244, 2.8815309701446523e-05]
[0.0, 884996.1115491362, 5.685597551588833, 7.559583239089429, 0.1340708559072178, 0.0, 0.00012727566263492918, 0.8322259474340109, 0.2341497045015244, 2.8815309701446523e-05]
[0.0, 884996.1115491362, 5.685597551588833, 7.559583239089429, 0.1340708559072178, 0.0, 0.00012727566263492918, 0.8322259474340109, 0.2341497045015244, 2.8815309701446523e-05]
[0.0, 884996.1115491362, 5.685597551588833, 7.559583239089429, 0.1340708559072178, 0.0, 0.00012727566263492918, 0.8322259474340109, 0.2341497045015244, 2.8815309701446523e-05]
[0.0, 884996.1115491362, 5.685597551588833, 7.559583239089429, 0.1340708559072178, 0.0, 0.00012727566263492918, 0.8322259474340109, 0.2341497045015244, 2.8815309701446523e-05]
[0.0, 884996.1115491362, 5.685597551588833, 7.559583239089429, 0.1340708559072178, 0.0, 0.00012727566263492918, 0.8322259474340109, 0.2341497045015244, 2.8815309701446523e-05]
[0.0, 884996.1115491362, 5.685597551588833, 7.559583239089429, 0.1340708559072178, 0.0, 0.00012727566263492918, 0.8322259474340109, 0.2341497045015244, 2.8815309701446523e-05]
[0.0, 884996.1115491362, 5.685597551588833, 7.559583239089429, 0.1340708559072178, 0.0, 0.00012727566263492918, 0.8322259474340109, 0.2341497045015244, 2.8815309701446523e-05]
[0.0, 884996.1115491362, 5.685597551588833, 7.559583239089429, 0.1340708559072178, 0.0, 0.00012727566263492918, 0.8322259474340109, 0.2341497045015244, 2.8815309701446523e-05]
[0.0, 884996.1115491362, 5.685597551588833, 7.559583239089429, 0.1340708559072178, 0.0, 0.00012727566263492918, 0.8322259474340109, 0.2341497045015244, 2.8815309701446523e-05]
[0.0, 884996.1115491362, 5.685597551588833, 7.559583239089429, 0.1340708559072178, 0.0, 0.00012727566263492918, 0.8322259474340109, 0.2341497045015244, 2.8815309701446523e-05]
[0.0, 884996.1115491362, 5.685597551588833, 7.559583239089429, 0.1340708559072178, 0.0, 0.00012727566263492918, 0.8322259474340109, 0.2341497045015244, 2.8815309701446523e-05]
[0.0, 884996.1115491362, 5.685597551588833, 7.559583239089429, 0.1340708559072178, 0.0, 0.00012727566263492918, 0.8322259474340109, 0.2341497045015244, 2.8815309701446523e-05]
[0.0, 884996.1115491362, 5.685597551588833, 7.559583239089429, 0.1340708559072178, 0.0, 0.00012727566263492918, 0.8322259474340109, 0.2341497045015244, 2.8815309701446523e-05]
[0.0, 884996.1115491362, 5.685597551588833, 7.559583239089429, 0.1340708559072178, 0.0, 0.00012727566263492918, 0.8322259474340109, 0.2341497045015244, 2.8815309701446523e-05]
[0.0, 884996.1115491362, 5.685597551588833, 7.559583239089429, 0.1340708559072178, 0.0, 0.00012727566263492918, 0.8322259474340109, 0.2341497045015244, 2.8815309701446523e-05]
[0.0, 884996.1115491362, 5.685597551588833, 7.559583239089429, 0.1340708559072178, 0.0, 0.00012727566263492918, 0.8322259474340109, 0.2341497045015244, 2.8815309701446523e-05]
[0.0, 884996.1115491362, 5.685597551588833, 7.559583239089429, 0.1340708559072178, 0.0, 0.00012727566263492918, 0.8322259474340109, 0.2341497045015244, 2.8815309701446523e-05]
[0.0, 884996.1115491362, 5.685597551588833, 7.559583239089429, 0.1340708559072178, 0.0, 0.00012727566263492918, 0.8322259474340109, 0.2341497045015244, 2.8815309701446523e-05]
[0.0, 884996.1115491362, 5.685597551588833, 7.559583239089429, 0.1340708559072178, 0.0, 0.00012727566263492918, 0.8322259474340109, 0.2341497045015244, 2.8815309701446523e-05]
[0.0, 884996.1115491362, 5.685597551588833, 7.559583239089429, 0.1340708559072178, 0.0, 0.00012727566263492918, 0.8322259474340109, 0.2341497045015244, 2.8815309701446523e-05]
[0.0, 884996.1115491362, 5.685597551588833, 7.559583239089429, 0.1340708559072178, 0.0, 0.00012727566263492918, 0.8322259474340109, 0.2341497045015244, 2.8815309701446523e-05]
[0.0, 884996.1115491362, 5.685597551588833, 7.559583239089429, 0.1340708559072178, 0.0, 0.00012727566263492918, 0.8322259474340109, 0.2341497045015244, 2.8815309701446523e-05]
[0.0, 884996.1115491362, 5.685597551588833, 7.559583239089429, 0.1340708559072178, 0.0, 0.00012727566263492918, 0.8322259474340109, 0.2341497045015244, 2.8815309701446523e-05]
[0.0, 884996.1115491362, 5.685597551588833, 7.559583239089429, 0.1340708559072178, 0.0, 0.00012727566263492918, 0.8322259474340109, 0.2341497045015244, 2.8815309701446523e-05]
[0.0, 884996.1115491362, 5.685597551588833, 7.559583239089429, 0.1340708559072178, 0.0, 0.00012727566263492918, 0.8322259474340109, 0.2341497045015244, 2.8815309701446523e-05]
[0.0, 884996.1115491362, 5.685597551588833, 7.559583239089429, 0.1340708559072178, 0.0, 0.00012727566263492918, 0.8322259474340109, 0.2341497045015244, 2.8815309701446523e-05]
[0.0, 884996.1115491362, 5.685597551588833, 7.559583239089429, 0.1340708559072178, 0.0, 0.00012727566263492918, 0.8322259474340109, 0.2341497045015244, 2.8815309701446523e-05]
[0.0, 884996.1115491362, 5.685597551588833, 7.559583239089429, 0.1340708559072178, 0.0, 0.00012727566263492918, 0.8322259474340109, 0.2341497045015244, 2.8815309701446523e-05]
[0.0, 884996.1115491362, 5.685597551588833, 7.559583239089429, 0.1340708559072178, 0.0, 0.00012727566263492918, 0.8322259474340109, 0.2341497045015244, 2.8815309701446523e-05]
[0.0, 884996.1115491362, 5.685597551588833, 7.559583239089429, 0.1340708559072178, 0.0, 0.00012727566263492918, 0.8322259474340109, 0.2341497045015244, 2.8815309701446523e-05]
[0.0, 884996.1115491362, 5.685597551588833, 7.559583239089429, 0.1340708559072178, 0.0, 0.00012727566263492918, 0.8322259474340109, 0.2341497045015244, 2.8815309701446523e-05]
[0.0, 884996.1115491362, 5.685597551588833, 7.559583239089429, 0.1340708559072178, 0.0, 0.00012727566263492918, 0.8322259474340109, 0.2341497045015244, 2.8815309701446523e-05]
[0.0, 884996.1115491362, 5.685597551588833, 7.559583239089429, 0.1340708559072178, 0.0, 0.00012727566263492918, 0.8322259474340109, 0.2341497045015244, 2.8815309701446523e-05]
[0.0, 884996.1115491362, 5.685597551588833, 7.559583239089429, 0.1340708559072178, 0.0, 0.00012727566263492918, 0.8322259474340109, 0.2341497045015244, 2.8815309701446523e-05]
[0.0, 884996.1115491362, 5.685597551588833, 7.559583239089429, 0.1340708559072178, 0.0, 0.00012727566263492918, 0.8322259474340109, 0.2341497045015244, 2.8815309701446523e-05]
[0.0, 884996.1115491362, 5.685597551588833, 7.559583239089429, 0.1340708559072178, 0.0, 0.00012727566263492918, 0.8322259474340109, 0.2341497045015244, 2.2755090669068778e-05]
[0.0, 884996.1115491362, 5.685597551588833, 7.559583239089429, 0.1340708559072178, 0.0, 0.00012727566263492918, 0.8322259474340109, 0.2341497045015244, 2.2755090669068778e-05]
[0.0, 884996.1115491362, 5.685597551588833, 7.559583239089429, 0.1340708559072178, 0.0, 0.00012727566263492918, 0.8322259474340109, 0.2341497045015244, 2.2755090669068778e-05]
[0.0, 884996.1115491362, 5.685597551588833, 7.559583239089429, 0.1340708559072178, 0.0, 0.00012727566263492918, 0.8322259474340109, 0.2341497045015244, 2.2755090669068778e-05]
[0.0, 884996.1115491362, 5.685597551588833, 7.559583239089429, 0.1340708559072178, 0.0, 0.00012727566263492918, 0.8322259474340109, 0.2341497045015244, 2.2755090669068778e-05]
[0.0, 884996.1115491362, 5.685597551588833, 7.559583239089429, 0.1340708559072178, 0.0, 0.00012727566263492918, 0.8322259474340109, 0.2341497045015244, 2.2755090669068778e-05]
[0.0, 884996.1115491362, 5.685597551588833, 7.559583239089429, 0.1340708559072178, 0.0, 0.00012727566263492918, 0.8322259474340109, 0.2341497045015244, 2.2755090669068778e-05]
[0.0, 884996.1115491362, 5.685597551588833, 7.559583239089429, 0.1340708559072178, 0.0, 0.00012727566263492918, 0.8322259474340109, 0.2341497045015244, 2.2755090669068778e-05]
[0.0, 884996.1115491362, 5.685597551588833, 7.559583239089429, 0.1340708559072178, 0.0, 0.00012727566263492918, 0.8322259474340109, 0.2341497045015244, 2.2755090669068778e-05]
[0.0, 884996.1115491362, 5.685597551588833, 7.559583239089429, 0.1340708559072178, 0.0, 0.00012727566263492918, 0.8322259474340109, 0.2341497045015244, 2.2755090669068778e-05]
[0.0, 884996.1115491362, 5.685597551588833, 7.559583239089429, 0.1340708559072178, 0.0, 0.00012727566263492918, 0.8322259474340109, 0.2341497045015244, 2.2755090669068778e-05]
[0.0, 884996.1115491362, 5.685597551588833, 7.559583239089429, 0.1340708559072178, 0.0, 0.00012727566263492918, 0.8322259474340109, 0.2341497045015244, 2.2755090669068778e-05]
[0.0, 884996.1115491362, 5.685597551588833, 7.559583239089429, 0.1340708559072178, 0.0, 0.00012727566263492918, 0.8322259474340109, 0.2341497045015244, 2.2755090669068778e-05]
[0.0, 884996.1115491362, 5.685597551588833, 7.559583239089429, 0.1340708559072178, 0.0, 0.00012727566263492918, 0.8322259474340109, 0.2341497045015244, 2.2755090669068778e-05]
[0.0, 884996.1115491362, 5.685597551588833, 7.559583239089429, 0.1340708559072178, 0.0, 0.00012727566263492918, 0.8322259474340109, 0.2341497045015244, 2.2755090669068778e-05]
[0.0, 884996.1115491362, 5.685597551588833, 7.559583239089429, 0.1340708559072178, 0.0, 0.00012727566263492918, 0.8322259474340109, 0.2341497045015244, 2.2755090669068778e-05]
[0.0, 884996.1115491362, 5.685597551588833, 7.559583239089429, 0.1340708559072178, 0.0, 0.00012727566263492918, 0.8322259474340109, 0.2341497045015244, 2.2755090669068778e-05]
[0.0, 884996.1115491362, 5.685597551588833, 7.559583239089429, 0.1340708559072178, 0.0, 0.00012727566263492918, 0.8322259474340109, 0.2341497045015244, 2.0314800889043028e-05]
[0.0, 884996.1115491362, 5.685597551588833, 7.559583239089429, 0.1340708559072178, 0.0, 0.00012727566263492918, 0.8322259474340109, 0.2341497045015244, 2.0314800889043028e-05]
[0.0, 884996.1115491362, 5.685597551588833, 7.559583239089429, 0.1340708559072178, 0.0, 0.00012727566263492918, 0.8322259474340109, 0.2341497045015244, 2.0314800889043028e-05]
[0.0, 884996.1115491362, 5.685597551588833, 7.559583239089429, 0.1340708559072178, 0.0, 0.00012727566263492918, 0.8322259474340109, 0.2341497045015244, 2.0314800889043028e-05]
[0.0, 884996.1115491362, 5.685597551588833, 7.559583239089429, 0.1340708559072178, 0.0, 0.00012727566263492918, 0.8322259474340109, 0.2341497045015244, 2.0314800889043028e-05]
[0.0, 884996.1115491362, 5.685597551588833, 7.559583239089429, 0.1340708559072178, 0.0, 0.00012727566263492918, 0.8322259474340109, 0.2341497045015244, 2.0314800889043028e-05]
[0.0, 884996.1115491362, 5.685597551588833, 7.559583239089429, 0.1340708559072178, 0.0, 0.00012727566263492918, 0.8322259474340109, 0.2341497045015244, 2.0314800889043028e-05]
[0.0, 884996.1115491362, 5.685597551588833, 7.559583239089429, 0.1340708559072178, 0.0, 0.00012727566263492918, 0.8322259474340109, 0.2341497045015244, 2.0314800889043028e-05]
[0.0, 884996.1115491362, 5.685597551588833, 7.559583239089429, 0.1340708559072178, 0.0, 0.00012727566263492918, 0.8322259474340109, 0.2341497045015244, 2.0314800889043028e-05]
[0.0, 884996.1115491362, 5.685597551588833, 7.559583239089429, 0.1340708559072178, 0.0, 0.00012727566263492918, 0.8322259474340109, 0.2341497045015244, 2.0314800889043028e-05]
[0.0, 884996.1115491362, 5.685597551588833, 7.559583239089429, 0.1340708559072178, 0.0, 0.00012727566263492918, 0.8322259474340109, 0.2341497045015244, 2.0314800889043028e-05]
[0.0, 884996.1115491362, 5.685597551588833, 7.559583239089429, 0.1340708559072178, 0.0, 0.00012727566263492918, 0.8322259474340109, 0.2341497045015244, 2.0314800889043028e-05]
[0.0, 884996.1115491362, 5.685597551588833, 7.559583239089429, 0.1340708559072178, 0.0, 0.00012727566263492918, 0.8322259474340109, 0.2341497045015244, 2.0314800889043028e-05]
[0.0, 884996.1115491362, 5.685597551588833, 7.559583239089429, 0.1340708559072178, 0.0, 0.00012727566263492918, 0.8322259474340109, 0.2341497045015244, 2.0314800889043028e-05]
[0.0, 884996.1115491362, 5.685597551588833, 7.559583239089429, 0.1340708559072178, 0.0, 0.00012727566263492918, 0.8322259474340109, 0.2341497045015244, 2.0314800889043028e-05]
[0.0, 884996.1115491362, 5.685597551588833, 7.559583239089429, 0.1340708559072178, 0.0, 0.00012727566263492918, 0.8322259474340109, 0.2341497045015244, 2.0314800889043028e-05]
[0.0, 884996.1115491362, 5.685597551588833, 7.559583239089429, 0.1340708559072178, 0.0, 0.00012727566263492918, 0.8322259474340109, 0.2341497045015244, 2.0314800889043028e-05]
[0.0, 884996.1115491362, 5.685597551588833, 7.559583239089429, 0.1340708559072178, 0.0, 0.00012727566263492918, 0.8322259474340109, 0.2341497045015244, 2.0314800889043028e-05]
[0.0, 884996.1115491362, 5.685597551588833, 7.559583239089429, 0.1340708559072178, 0.0, 0.00012727566263492918, 0.8322259474340109, 0.2341497045015244, 2.0314800889043028e-05]
[0.0, 884996.1115491362, 5.685597551588833, 7.559583239089429, 0.1340708559072178, 0.0, 0.00012727566263492918, 0.8322259474340109, 0.2341497045015244, 2.0314800889043028e-05]
[0.0, 884996.1115491362, 5.685597551588833, 7.559583239089429, 0.1340708559072178, 0.0, 0.00012727566263492918, 0.8322259474340109, 0.2341497045015244, 2.0314800889043028e-05]
[0.0, 884996.1115491362, 5.685597551588833, 7.559583239089429, 0.1340708559072178, 0.0, 0.00012727566263492918, 0.8322259474340109, 0.2341497045015244, 2.0314800889043028e-05]
[0.0, 884996.1115491362, 5.685597551588833, 7.559583239089429, 0.1340708559072178, 0.0, 0.00012727566263492918, 0.8322259474340109, 0.2341497045015244, 2.0314800889043028e-05]
[0.0, 884996.1115491362, 5.685597551588833, 7.559583239089429, 0.1340708559072178, 0.0, 0.00012727566263492918, 0.8322259474340109, 0.2341497045015244, 2.0314800889043028e-05]
[0.0, 884996.1115491362, 5.685597551588833, 7.559583239089429, 0.1340708559072178, 0.0, 0.00012727566263492918, 0.8322259474340109, 0.2341497045015244, 2.0314800889043028e-05]
[0.0, 884996.1115491362, 5.685597551588833, 7.559583239089429, 0.1340708559072178, 0.0, 0.00012727566263492918, 0.8322259474340109, 0.2341497045015244, 1.7587698544208052e-05]
[0.0, 884996.1115491362, 5.685597551588833, 7.559583239089429, 0.1340708559072178, 0.0, 0.00012727566263492918, 0.8322259474340109, 0.2341497045015244, 1.7587698544208052e-05]
[0.0, 884996.1115491362, 5.685597551588833, 7.559583239089429, 0.1340708559072178, 0.0, 0.00012727566263492918, 0.8322259474340109, 0.2341497045015244, 1.7587698544208052e-05]
[0.0, 884996.1115491362, 5.685597551588833, 7.559583239089429, 0.1340708559072178, 0.0, 0.00012727566263492918, 0.8322259474340109, 0.2341497045015244, 1.7587698544208052e-05]
[0.0, 884996.1115491362, 5.685597551588833, 7.559583239089429, 0.1340708559072178, 0.0, 0.00012727566263492918, 0.8322259474340109, 0.2341497045015244, 1.5999084557183352e-05]
[0.0, 884996.1115491362, 5.685597551588833, 7.559583239089429, 0.1340708559072178, 0.0, 0.00012727566263492918, 0.8322259474340109, 0.2341497045015244, 1.5999084557183352e-05]
[0.0, 884996.1115491362, 5.685597551588833, 7.559583239089429, 0.1340708559072178, 0.0, 0.00012727566263492918, 0.8322259474340109, 0.2341497045015244, 1.5999084557183352e-05]
[0.0, 884996.1115491362, 5.685597551588833, 7.559583239089429, 0.1340708559072178, 0.0, 0.00012727566263492918, 0.8322259474340109, 0.2341497045015244, 1.5999084557183352e-05]
[0.0, 884996.1115491362, 5.685597551588833, 7.559583239089429, 0.1340708559072178, 0.0, 0.00012727566263492918, 0.8322259474340109, 0.2341497045015244, 1.5999084557183352e-05]
[0.0, 884996.1115491362, 5.685597551588833, 7.559583239089429, 0.1340708559072178, 0.0, 0.00012727566263492918, 0.8322259474340109, 0.2341497045015244, 1.5999084557183352e-05]
[0.0, 884996.1115491362, 5.685597551588833, 7.559583239089429, 0.1340708559072178, 0.0, 0.00012727566263492918, 0.8322259474340109, 0.2341497045015244, 1.5999084557183352e-05]
[0.0, 884996.1115491362, 5.685597551588833, 7.559583239089429, 0.1340708559072178, 0.0, 0.00012727566263492918, 0.8322259474340109, 0.2341497045015244, 1.5999084557183352e-05]
[0.0, 884996.1115491362, 5.685597551588833, 7.559583239089429, 0.1340708559072178, 0.0, 0.00012727566263492918, 0.8322259474340109, 0.2341497045015244, 1.5999084557183352e-05]
[0.0, 884996.1115491362, 5.685597551588833, 7.559583239089429, 0.1340708559072178, 0.0, 0.00012727566263492918, 0.8322259474340109, 0.2341497045015244, 1.5999084557183352e-05]
[0.0, 884996.1115491362, 5.685597551588833, 7.559583239089429, 0.1340708559072178, 0.0, 0.00012727566263492918, 0.8322259474340109, 0.2341497045015244, 1.5999084557183352e-05]
[0.0, 884996.1115491362, 5.685597551588833, 7.559583239089429, 0.1340708559072178, 0.0, 0.00012727566263492918, 0.8322259474340109, 0.2341497045015244, 1.5999084557183352e-05]
[0.0, 884996.1115491362, 5.685597551588833, 7.559583239089429, 0.1340708559072178, 0.0, 0.00012727566263492918, 0.8322259474340109, 0.2341497045015244, 1.5999084557183352e-05]
[0.0, 884996.1115491362, 5.685597551588833, 7.559583239089429, 0.1340708559072178, 0.0, 0.00012727566263492918, 0.8322259474340109, 0.2341497045015244, 1.5999084557183352e-05]
[0.0, 884996.1115491362, 5.685597551588833, 7.559583239089429, 0.1340708559072178, 0.0, 0.00012727566263492918, 0.8322259474340109, 0.2341497045015244, 1.5999084557183352e-05]
[0.0, 884996.1115491362, 5.685597551588833, 7.559583239089429, 0.1340708559072178, 0.0, 0.00012727566263492918, 0.8322259474340109, 0.2341497045015244, 1.3831850744328023e-05]
[0.0, 884996.1115491362, 5.685597551588833, 7.559583239089429, 0.1340708559072178, 0.0, 0.00012727566263492918, 0.8322259474340109, 0.2341497045015244, 1.3831850744328023e-05]
[0.0, 884996.1115491362, 5.685597551588833, 7.559583239089429, 0.1340708559072178, 0.0, 0.00012727566263492918, 0.8322259474340109, 0.2341497045015244, 1.3831850744328023e-05]
[0.0, 884996.1115491362, 5.685597551588833, 7.559583239089429, 0.1340708559072178, 0.0, 0.00012727566263492918, 0.8322259474340109, 0.2341497045015244, 1.3831850744328023e-05]
[0.0, 884996.1115491362, 5.685597551588833, 7.559583239089429, 0.1340708559072178, 0.0, 0.00012727566263492918, 0.8322259474340109, 0.2341497045015244, 1.3831850744328023e-05]
[0.0, 884996.1115491362, 5.685597551588833, 7.559583239089429, 0.1340708559072178, 0.0, 0.00012727566263492918, 0.8322259474340109, 0.2341497045015244, 1.3831850744328023e-05]
[0.0, 884996.1115491362, 5.685597551588833, 7.559583239089429, 0.1340708559072178, 0.0, 0.00012727566263492918, 0.8322259474340109, 0.2341497045015244, 1.3831850744328023e-05]
[0.0, 884996.1115491362, 5.685597551588833, 7.559583239089429, 0.1340708559072178, 0.0, 0.00012727566263492918, 0.8322259474340109, 0.2341497045015244, 1.3831850744328023e-05]
[0.0, 884996.1115491362, 5.685597551588833, 7.559583239089429, 0.1340708559072178, 0.0, 0.00012727566263492918, 0.8322259474340109, 0.2341497045015244, 1.3831850744328023e-05]
[0.0, 884996.1115491362, 5.685597551588833, 7.559583239089429, 0.1340708559072178, 0.0, 0.00012727566263492918, 0.8322259474340109, 0.2341497045015244, 1.3831850744328023e-05]
[0.0, 884996.1115491362, 5.685597551588833, 7.559583239089429, 0.1340708559072178, 0.0, 0.00012727566263492918, 0.8322259474340109, 0.2341497045015244, 1.3831850744328023e-05]
[0.0, 884996.1115491362, 5.685597551588833, 7.559583239089429, 0.1340708559072178, 0.0, 0.00012727566263492918, 0.8322259474340109, 0.2341497045015244, 1.3831850744328023e-05]
[0.0, 884996.1115491362, 5.685597551588833, 7.559583239089429, 0.1340708559072178, 0.0, 0.00012727566263492918, 0.8322259474340109, 0.2341497045015244, 1.3831850744328023e-05]
[0.0, 884996.1115491362, 5.685597551588833, 7.559583239089429, 0.1340708559072178, 0.0, 0.00012727566263492918, 0.8322259474340109, 0.2341497045015244, 1.3831850744328023e-05]
[0.0, 884996.1115491362, 5.685597551588833, 7.559583239089429, 0.1340708559072178, 0.0, 0.00012727566263492918, 0.8322259474340109, 0.2341497045015244, 1.3831850744328023e-05]
[0.0, 884996.1115491362, 5.685597551588833, 7.559583239089429, 0.1340708559072178, 0.0, 0.00012727566263492918, 0.8322259474340109, 0.2341497045015244, 1.3831850744328023e-05]
[0.0, 884996.1115491362, 5.685597551588833, 7.548595630027077, 0.1340708559072178, 0.0, 0.00012727566263492918, 0.8322259474340109, 0.2341497045015244, 1.3831850744328023e-05]
[0.0, 884996.1115491362, 5.685597551588833, 7.548595630027077, 0.1340708559072178, 0.0, 0.00012727566263492918, 0.8322259474340109, 0.2341497045015244, 1.3831850744328023e-05]
[0.0, 884996.1115491362, 5.685597551588833, 7.548595630027077, 0.1340708559072178, 0.0, 0.00012727566263492918, 0.8322259474340109, 0.2341497045015244, 1.3831850744328023e-05]
[0.0, 884996.1115491362, 5.685597551588833, 7.548595630027077, 0.1340708559072178, 0.0, 0.00012727566263492918, 0.8322259474340109, 0.2341497045015244, 1.3831850744328023e-05]
[0.0, 884996.1115491362, 5.685597551588833, 7.548595630027077, 0.1340708559072178, 0.0, 0.00012727566263492918, 0.8322259474340109, 0.2341497045015244, 1.3831850744328023e-05]
[0.0, 884996.1115491362, 5.685597551588833, 7.548595630027077, 0.1340708559072178, 0.0, 0.00012727566263492918, 0.8322259474340109, 0.2341497045015244, 1.3831850744328023e-05]
[0.0, 884996.1115491362, 5.685597551588833, 7.548595630027077, 0.1340708559072178, 0.0, 0.00012727566263492918, 0.8322259474340109, 0.2341497045015244, 1.3831850744328023e-05]
[0.0, 884996.1115491362, 5.685597551588833, 7.548595630027077, 0.1340708559072178, 0.0, 0.00012727566263492918, 0.8322259474340109, 0.2341497045015244, 1.3831850744328023e-05]
[0.0, 884996.1115491362, 5.685597551588833, 7.548595630027077, 0.1340708559072178, 0.0, 0.00012727566263492918, 0.8322259474340109, 0.2341497045015244, 1.3831850744328023e-05]
[0.0, 884996.1115491362, 5.685597551588833, 7.548595630027077, 0.1340708559072178, 0.0, 0.00012727566263492918, 0.8322259474340109, 0.2341497045015244, 1.3831850744328023e-05]
[0.0, 884996.1115491362, 5.685597551588833, 7.548595630027077, 0.1340708559072178, 0.0, 0.00012727566263492918, 0.8322259474340109, 0.2341497045015244, 1.3831850744328023e-05]
[0.0, 884996.1115491362, 5.685597551588833, 7.548595630027077, 0.1340708559072178, 0.0, 0.00012727566263492918, 0.8322259474340109, 0.2341497045015244, 1.3398821732568678e-05]
[0.0, 884996.1115491362, 5.685597551588833, 7.548595630027077, 0.1340708559072178, 0.0, 0.00012727566263492918, 0.8322259474340109, 0.2341497045015244, 1.3398821732568678e-05]
[0.0, 884996.1115491362, 5.685597551588833, 7.548595630027077, 0.1340708559072178, 0.0, 0.00012727566263492918, 0.8322259474340109, 0.2341497045015244, 1.3398821732568678e-05]
[0.0, 884996.1115491362, 5.685597551588833, 7.548595630027077, 0.1340708559072178, 0.0, 0.00012727566263492918, 0.8322259474340109, 0.2341497045015244, 1.260890057297459e-05]
[0.0, 884996.1115491362, 5.685597551588833, 7.548595630027077, 0.1340708559072178, 0.0, 0.00012727566263492918, 0.8322259474340109, 0.2341497045015244, 1.260890057297459e-05]
[0.0, 884996.1115491362, 5.685597551588833, 7.548595630027077, 0.1340708559072178, 0.0, 0.00012727566263492918, 0.8322259474340109, 0.2341497045015244, 9.745784958159476e-06]
[0.0, 884996.1115491362, 5.685597551588833, 7.548595630027077, 0.1340708559072178, 0.0, 0.00012727566263492918, 0.8322259474340109, 0.2341497045015244, 9.745784958159476e-06]
[0.0, 884996.1115491362, 5.685597551588833, 7.548595630027077, 0.1340708559072178, 0.0, 0.00012727566263492918, 0.8322259474340109, 0.2341497045015244, 9.745784958159476e-06]
[0.0, 884996.1115491362, 5.685597551588833, 7.548595630027077, 0.1340708559072178, 0.0, 0.00012727566263492918, 0.8322259474340109, 0.2341497045015244, 9.745784958159476e-06]
[0.0, 884996.1115491362, 5.685597551588833, 7.548595630027077, 0.1340708559072178, 0.0, 0.00012727566263492918, 0.8322259474340109, 0.2341497045015244, 9.745784958159476e-06]
[0.0, 884996.1115491362, 5.685597551588833, 7.548595630027077, 0.1340708559072178, 0.0, 0.00012727566263492918, 0.8322259474340109, 0.2341497045015244, 9.745784958159476e-06]
[0.0, 884996.1115491362, 5.685597551588833, 7.548595630027077, 0.1340708559072178, 0.0, 0.00012727566263492918, 0.8322259474340109, 0.2341497045015244, 9.745784958159476e-06]
[0.0, 884996.1115491362, 5.685597551588833, 7.548595630027077, 0.1340708559072178, 0.0, 0.00012727566263492918, 0.8322259474340109, 0.2341497045015244, 9.745784958159476e-06]
[0.0, 884996.1115491362, 5.685597551588833, 7.548595630027077, 0.1340708559072178, 0.0, 0.00012727566263492918, 0.8322259474340109, 0.2341497045015244, 9.745784958159476e-06]
[0.0, 884996.1115491362, 5.685597551588833, 7.548595630027077, 0.1340708559072178, 0.0, 0.00012727566263492918, 0.8322259474340109, 0.2341497045015244, 9.745784958159476e-06]
[0.0, 884996.1115491362, 5.685597551588833, 7.548595630027077, 0.1340708559072178, 0.0, 0.00012727566263492918, 0.8322259474340109, 0.2341497045015244, 9.745784958159476e-06]
[0.0, 884996.1115491362, 5.685597551588833, 7.548595630027077, 0.1340708559072178, 0.0, 0.00012727566263492918, 0.8322259474340109, 0.2341497045015244, 9.745784958159476e-06]
[0.0, 884996.1115491362, 5.685597551588833, 7.548595630027077, 0.1340708559072178, 0.0, 0.00012727566263492918, 0.8322259474340109, 0.2341497045015244, 9.745784958159476e-06]
[0.0, 884996.1115491362, 5.685597551588833, 7.548595630027077, 0.1340708559072178, 0.0, 0.00012727566263492918, 0.8322259474340109, 0.2341497045015244, 9.745784958159476e-06]
[0.0, 884996.1115491362, 5.685597551588833, 7.548595630027077, 0.1340708559072178, 0.0, 0.00012727566263492918, 0.8322259474340109, 0.2341497045015244, 9.745784958159476e-06]
[0.0, 884996.1115491362, 5.685597551588833, 7.548595630027077, 0.1340708559072178, 0.0, 0.00012727566263492918, 0.8322259474340109, 0.2341497045015244, 9.745784958159476e-06]
[0.0, 884996.1115491362, 5.685597551588833, 7.548595630027077, 0.1340708559072178, 0.0, 0.00012727566263492918, 0.8322259474340109, 0.2341497045015244, 9.745784958159476e-06]
[0.0, 884996.1115491362, 5.685597551588833, 7.548595630027077, 0.1340708559072178, 0.0, 0.00012727566263492918, 0.8322259474340109, 0.2341497045015244, 9.745784958159476e-06]
[0.0, 884996.1115491362, 5.685597551588833, 7.548595630027077, 0.1340708559072178, 0.0, 0.00012727566263492918, 0.8322259474340109, 0.2341497045015244, 9.745784958159476e-06]
[0.0, 884996.1115491362, 5.685597551588833, 7.548595630027077, 0.1340708559072178, 0.0, 0.00012727566263492918, 0.8322259474340109, 0.2341497045015244, 9.745784958159476e-06]
[0.0, 884996.1115491362, 5.685597551588833, 7.548595630027077, 0.1340708559072178, 0.0, 0.00012727566263492918, 0.8322259474340109, 0.2341497045015244, 9.745784958159476e-06]
[0.0, 884996.1115491362, 5.685597551588833, 7.548595630027077, 0.1340708559072178, 0.0, 0.00012727566263492918, 0.8322259474340109, 0.2341497045015244, 9.745784958159476e-06]
[0.0, 884996.1115491362, 5.685597551588833, 7.548595630027077, 0.1340708559072178, 0.0, 0.00012727566263492918, 0.8322259474340109, 0.2341497045015244, 9.745784958159476e-06]
[0.0, 884996.1115491362, 5.685597551588833, 7.548595630027077, 0.1340708559072178, 0.0, 0.00012727566263492918, 0.8322259474340109, 0.2341497045015244, 9.745784958159476e-06]
[0.0, 884996.1115491362, 5.685597551588833, 7.548595630027077, 0.1340708559072178, 0.0, 0.00012727566263492918, 0.8322259474340109, 0.2341497045015244, 9.745784958159476e-06]
[0.0, 884996.1115491362, 5.685597551588833, 7.548595630027077, 0.1340708559072178, 0.0, 0.00012727566263492918, 0.8322259474340109, 0.2341497045015244, 9.745784958159476e-06]
[0.0, 884996.1115491362, 5.685597551588833, 7.548595630027077, 0.1340708559072178, 0.0, 0.00012727566263492918, 0.8322259474340109, 0.2341497045015244, 9.745784958159476e-06]
[0.0, 884996.1115491362, 5.685597551588833, 7.548595630027077, 0.1340708559072178, 0.0, 0.00012727566263492918, 0.8322259474340109, 0.2341497045015244, 9.745784958159476e-06]
[0.0, 884996.1115491362, 5.685597551588833, 5.141986812134569, 0.1340708559072178, 0.0, 0.00012727566263492918, 0.8322259474340109, 0.2341497045015244, 9.745784958159476e-06]
[0.0, 884996.1115491362, 5.685597551588833, 5.141986812134569, 0.1340708559072178, 0.0, 0.00012727566263492918, 0.8322259474340109, 0.2341497045015244, 9.745784958159476e-06]
[0.0, 884996.1115491362, 5.685597551588833, 5.141986812134569, 0.1340708559072178, 0.0, 0.00012727566263492918, 0.8322259474340109, 0.2341497045015244, 9.745784958159476e-06]
[0.0, 884996.1115491362, 5.685597551588833, 5.141986812134569, 0.1340708559072178, 0.0, 0.00012727566263492918, 0.8322259474340109, 0.2341497045015244, 9.745784958159476e-06]
[0.0, 884996.1115491362, 5.685597551588833, 5.141986812134569, 0.1340708559072178, 0.0, 0.00012727566263492918, 0.8322259474340109, 0.2341497045015244, 9.745784958159476e-06]
[0.0, 884996.1115491362, 5.685597551588833, 5.141986812134569, 0.1340708559072178, 0.0, 0.00012727566263492918, 0.8322259474340109, 0.2341497045015244, 9.335342092686716e-06]
[0.0, 884996.1115491362, 5.685597551588833, 5.141986812134569, 0.1340708559072178, 0.0, 0.00012727566263492918, 0.8322259474340109, 0.2341497045015244, 9.335342092686716e-06]
[0.0, 884996.1115491362, 5.685597551588833, 5.141986812134569, 0.1340708559072178, 0.0, 0.00012727566263492918, 0.8322259474340109, 0.2341497045015244, 9.335342092686716e-06]
[0.0, 884996.1115491362, 5.685597551588833, 5.141986812134569, 0.1340708559072178, 0.0, 0.00012727566263492918, 0.8322259474340109, 0.2341497045015244, 9.335342092686716e-06]
[0.0, 884996.1115491362, 5.685597551588833, 5.141986812134569, 0.1340708559072178, 0.0, 0.00012727566263492918, 0.8322259474340109, 0.2341497045015244, 9.335342092686716e-06]
[0.0, 884996.1115491362, 5.685597551588833, 5.141986812134569, 0.1340708559072178, 0.0, 0.00012727566263492918, 0.8322259474340109, 0.2341497045015244, 9.335342092686716e-06]
[0.0, 884996.1115491362, 5.685597551588833, 5.141986812134569, 0.1340708559072178, 0.0, 0.00012727566263492918, 0.8322259474340109, 0.2341497045015244, 9.335342092686716e-06]
[0.0, 884996.1115491362, 5.685597551588833, 5.141986812134569, 0.1340708559072178, 0.0, 0.00012727566263492918, 0.8322259474340109, 0.2341497045015244, 9.335342092686716e-06]
[0.0, 884996.1115491362, 5.685597551588833, 5.141986812134569, 0.1340708559072178, 0.0, 0.00012727566263492918, 0.8322259474340109, 0.2341497045015244, 9.335342092686716e-06]
[0.0, 884996.1115491362, 5.685597551588833, 5.141986812134569, 0.1340708559072178, 0.0, 0.00012727566263492918, 0.8322259474340109, 0.2341497045015244, 9.335342092686716e-06]
[0.0, 884996.1115491362, 5.685597551588833, 5.141986812134569, 0.1340708559072178, 0.0, 0.00012727566263492918, 0.8322259474340109, 0.2341497045015244, 8.76320183751389e-06]
[0.0, 884996.1115491362, 5.685597551588833, 5.141986812134569, 0.1340708559072178, 0.0, 0.00012727566263492918, 0.8322259474340109, 0.2341497045015244, 8.751534217754653e-06]
[0.0, 884996.1115491362, 5.685597551588833, 5.141986812134569, 0.1340708559072178, 0.0, 0.00012727566263492918, 0.8322259474340109, 0.2341497045015244, 8.751534217754653e-06]
[0.0, 884996.1115491362, 5.685597551588833, 5.141986812134569, 0.1340708559072178, 0.0, 0.00012727566263492918, 0.8322259474340109, 0.2341497045015244, 8.751534217754653e-06]
[0.0, 884996.1115491362, 5.685597551588833, 5.141986812134569, 0.1340708559072178, 0.0, 0.00012727566263492918, 0.8322259474340109, 0.2341497045015244, 8.751534217754653e-06]
[0.0, 884996.1115491362, 5.685597551588833, 5.141986812134569, 0.1340708559072178, 0.0, 0.00012727566263492918, 0.8322259474340109, 0.2341497045015244, 8.751534217754653e-06]
[0.0, 884996.1115491362, 5.685597551588833, 5.141986812134569, 0.1340708559072178, 0.0, 0.00012727566263492918, 0.8322259474340109, 0.2341497045015244, 8.751534217754653e-06]
[0.0, 884996.1115491362, 5.685597551588833, 5.141986812134569, 0.1340708559072178, 0.0, 0.00012727566263492918, 0.8322259474340109, 0.2341497045015244, 8.751534217754653e-06]
[0.0, 884996.1115491362, 5.685597551588833, 5.141986812134569, 0.1340708559072178, 0.0, 0.00012727566263492918, 0.8322259474340109, 0.2341497045015244, 8.751534217754653e-06]
[0.0, 884996.1115491362, 5.685597551588833, 5.141986812134569, 0.1340708559072178, 0.0, 0.00012727566263492918, 0.8322259474340109, 0.2341497045015244, 8.751534217754653e-06]
[0.0, 884996.1115491362, 5.685597551588833, 5.141986812134569, 0.1340708559072178, 0.0, 0.00012727566263492918, 0.8322259474340109, 0.2341497045015244, 8.751534217754653e-06]
[0.0, 884996.1115491362, 5.685597551588833, 5.141986812134569, 0.1340708559072178, 0.0, 0.00012727566263492918, 0.8322259474340109, 0.2341497045015244, 7.2228448790845334e-06]
[0.0, 884996.1115491362, 5.685597551588833, 5.141986812134569, 0.1340708559072178, 0.0, 0.00012727566263492918, 0.8322259474340109, 0.2341497045015244, 7.2228448790845334e-06]
[0.0, 884996.1115491362, 5.685597551588833, 5.141986812134569, 0.1340708559072178, 0.0, 0.00012727566263492918, 0.8322259474340109, 0.2341497045015244, 7.2228448790845334e-06]
[0.0, 884996.1115491362, 5.685597551588833, 5.141986812134569, 0.1340708559072178, 0.0, 0.00012727566263492918, 0.8322259474340109, 0.2341497045015244, 7.2228448790845334e-06]
[0.0, 884996.1115491362, 5.685597551588833, 5.141986812134569, 0.1340708559072178, 0.0, 0.00012727566263492918, 0.8322259474340109, 0.2341497045015244, 7.2228448790845334e-06]
[0.0, 884996.1115491362, 5.685597551588833, 5.141986812134569, 0.1340708559072178, 0.0, 0.00012727566263492918, 0.8322259474340109, 0.2341497045015244, 5.352814202996825e-06]
[0.0, 884996.1115491362, 5.685597551588833, 5.141986812134569, 0.1340708559072178, 0.0, 0.00012727566263492918, 0.8322259474340109, 0.2341497045015244, 5.352814202996825e-06]
[0.0, 884996.1115491362, 5.685597551588833, 5.141986812134569, 0.1340708559072178, 0.0, 0.00012727566263492918, 0.8322259474340109, 0.2341497045015244, 5.352814202996825e-06]
[0.0, 884996.1115491362, 5.685597551588833, 5.141986812134569, 0.1340708559072178, 0.0, 0.00012727566263492918, 0.8322259474340109, 0.2341497045015244, 5.352814202996825e-06]
[0.0, 884996.1115491362, 5.685597551588833, 5.141986812134569, 0.1340708559072178, 0.0, 0.00012727566263492918, 0.8322259474340109, 0.2341497045015244, 5.352814202996825e-06]
[0.0, 884996.1115491362, 5.685597551588833, 5.141986812134569, 0.1340708559072178, 0.0, 0.00012727566263492918, 0.8322259474340109, 0.2341497045015244, 5.352814202996825e-06]
[0.0, 884996.1115491362, 5.685597551588833, 5.141986812134569, 0.1340708559072178, 0.0, 0.00012727566263492918, 0.8322259474340109, 0.2341497045015244, 5.352814202996825e-06]
[0.0, 884996.1115491362, 5.685597551588833, 5.141986812134569, 0.1340708559072178, 0.0, 0.00012727566263492918, 0.8322259474340109, 0.2341497045015244, 5.352814202996825e-06]
[0.0, 884996.1115491362, 5.685597551588833, 5.141986812134569, 0.1340708559072178, 0.0, 0.00012727566263492918, 0.8322259474340109, 0.2341497045015244, 5.352814202996825e-06]
[0.0, 884996.1115491362, 5.685597551588833, 5.141986812134569, 0.1340708559072178, 0.0, 0.00012727566263492918, 0.8322259474340109, 0.2341497045015244, 5.352814202996825e-06]
[0.0, 884996.1115491362, 5.685597551588833, 5.141986812134569, 0.1340708559072178, 0.0, 0.00012727566263492918, 0.8322259474340109, 0.2341497045015244, 5.352814202996825e-06]
[0.0, 884996.1115491362, 5.685597551588833, 5.141986812134569, 0.1340708559072178, 0.0, 0.00012727566263492918, 0.8322259474340109, 0.2341497045015244, 5.352814202996825e-06]
[0.0, 884996.1115491362, 5.685597551588833, 5.141986812134569, 0.1340708559072178, 0.0, 0.00012727566263492918, 0.8322259474340109, 0.2341497045015244, 5.352814202996825e-06]
[0.0, 884996.1115491362, 5.685597551588833, 5.141986812134569, 0.1340708559072178, 0.0, 0.00012727566263492918, 0.8322259474340109, 0.2341497045015244, 5.352814202996825e-06]
[0.0, 884996.1115491362, 5.685597551588833, 5.141986812134569, 0.1340708559072178, 0.0, 0.00012727566263492918, 0.8322259474340109, 0.2341497045015244, 5.352814202996825e-06]
[0.0, 884996.1115491362, 5.685597551588833, 5.141986812134569, 0.1340708559072178, 0.0, 0.00012727566263492918, 0.8322259474340109, 0.2341497045015244, 5.352814202996825e-06]
[0.0, 884996.1115491362, 5.685597551588833, 5.141986812134569, 0.1340708559072178, 0.0, 0.00012727566263492918, 0.8322259474340109, 0.2341497045015244, 5.352814202996825e-06]
[0.0, 884996.1115491362, 5.685597551588833, 5.141986812134569, 0.1340708559072178, 0.0, 0.00012727566263492918, 0.8322259474340109, 0.2341497045015244, 5.352814202996825e-06]
[0.0, 884996.1115491362, 5.685597551588833, 5.141986812134569, 0.1340708559072178, 0.0, 0.00012727566263492918, 0.8322259474340109, 0.2341497045015244, 5.352814202996825e-06]
[0.0, 884996.1115491362, 5.685597551588833, 5.141986812134569, 0.1340708559072178, 0.0, 0.00012727566263492918, 0.8322259474340109, 0.2341497045015244, 5.352814202996825e-06]
[0.0, 884996.1115491362, 5.685597551588833, 5.141986812134569, 0.1340708559072178, 0.0, 0.00012727566263492918, 0.8322259474340109, 0.2341497045015244, 5.352814202996825e-06]
[0.0, 884996.1115491362, 5.685597551588833, 5.141986812134569, 0.1340708559072178, 0.0, 0.00012727566263492918, 0.8322259474340109, 0.2341497045015244, 5.352814202996825e-06]
[0.0, 884996.1115491362, 5.685597551588833, 5.141986812134569, 0.1340708559072178, 0.0, 0.00012727566263492918, 0.8322259474340109, 0.2341497045015244, 5.352814202996825e-06]
[0.0, 884996.1115491362, 5.685597551588833, 5.141986812134569, 0.1340708559072178, 0.0, 0.00012727566263492918, 0.8322259474340109, 0.2341497045015244, 5.352814202996825e-06]
[0.0, 884996.1115491362, 5.685597551588833, 5.141986812134569, 0.1340708559072178, 0.0, 0.00012727566263492918, 0.8322259474340109, 0.2341497045015244, 5.352814202996825e-06]
[0.0, 884996.1115491362, 5.685597551588833, 5.141986812134569, 0.1340708559072178, 0.0, 0.00012727566263492918, 0.8322259474340109, 0.2341497045015244, 5.352814202996825e-06]
[0.0, 884996.1115491362, 5.685597551588833, 5.141986812134569, 0.1340708559072178, 0.0, 0.00012727566263492918, 0.8322259474340109, 0.2341497045015244, 5.352814202996825e-06]
[0.0, 884996.1115491362, 5.685597551588833, 5.141986812134569, 0.1340708559072178, 0.0, 0.00012727566263492918, 0.8322259474340109, 0.2341497045015244, 5.352814202996825e-06]
[0.0, 884996.1115491362, 5.685597551588833, 5.141986812134569, 0.1340708559072178, 0.0, 0.00012727566263492918, 0.8322259474340109, 0.2341497045015244, 5.352814202996825e-06]
[0.0, 884996.1115491362, 5.685597551588833, 5.141986812134569, 0.1340708559072178, 0.0, 0.00012727566263492918, 0.8322259474340109, 0.2341497045015244, 5.352814202996825e-06]
[0.0, 884996.1115491362, 5.685597551588833, 5.141986812134569, 0.1340708559072178, 0.0, 0.00012727566263492918, 0.8322259474340109, 0.2341497045015244, 5.352814202996825e-06]
[0.0, 884996.1115491362, 5.685597551588833, 5.141986812134569, 0.1340708559072178, 0.0, 0.00012727566263492918, 0.8322259474340109, 0.2341497045015244, 5.352814202996825e-06]
[0.0, 884996.1115491362, 5.685597551588833, 5.141986812134569, 0.1340708559072178, 0.0, 0.00012727566263492918, 0.8322259474340109, 0.2341497045015244, 5.352814202996825e-06]
[0.0, 884996.1115491362, 5.685597551588833, 5.141986812134569, 0.1340708559072178, 0.0, 0.00012727566263492918, 0.8322259474340109, 0.2341497045015244, 5.352814202996825e-06]
[0.0, 884996.1115491362, 5.685597551588833, 5.141986812134569, 0.1340708559072178, 0.0, 0.00012727566263492918, 0.8322259474340109, 0.2341497045015244, 5.352814202996825e-06]
[0.0, 884996.1115491362, 5.685597551588833, 5.141986812134569, 0.1340708559072178, 0.0, 0.00012727566263492918, 0.8322259474340109, 0.2341497045015244, 5.352814202996825e-06]
[0.0, 884996.1115491362, 5.685597551588833, 5.141986812134569, 0.1340708559072178, 0.0, 0.00012727566263492918, 0.8322259474340109, 0.2341497045015244, 5.352814202996825e-06]
[0.0, 884996.1115491362, 5.685597551588833, 5.141986812134569, 0.1340708559072178, 0.0, 0.00012727566263492918, 0.8322259474340109, 0.2341497045015244, 5.352814202996825e-06]
[0.0, 884996.1115491362, 5.685597551588833, 5.141986812134569, 0.1340708559072178, 0.0, 0.00012727566263492918, 0.8322259474340109, 0.2341497045015244, 5.352814202996825e-06]
[0.0, 884996.1115491362, 5.685597551588833, 5.141986812134569, 0.1340708559072178, 0.0, 0.00012727566263492918, 0.8322259474340109, 0.2341497045015244, 5.352814202996825e-06]
[0.0, 884996.1115491362, 5.685597551588833, 5.141986812134569, 0.1340708559072178, 0.0, 0.00012727566263492918, 0.8322259474340109, 0.2341497045015244, 5.352814202996825e-06]
[0.0, 884996.1115491362, 5.685597551588833, 5.141986812134569, 0.1340708559072178, 0.0, 0.00012727566263492918, 0.8322259474340109, 0.2341497045015244, 5.352814202996825e-06]
[0.0, 884996.1115491362, 5.685597551588833, 5.141986812134569, 0.1340708559072178, 0.0, 0.00012727566263492918, 0.8322259474340109, 0.2341497045015244, 5.352814202996825e-06]
[0.0, 884996.1115491362, 5.685597551588833, 5.141986812134569, 0.1340708559072178, 0.0, 0.00012727566263492918, 0.8322259474340109, 0.2341497045015244, 5.352814202996825e-06]
[0.0, 884996.1115491362, 5.685597551588833, 5.141986812134569, 0.1340708559072178, 0.0, 0.00012727566263492918, 0.8322259474340109, 0.2341497045015244, 5.352814202996825e-06]
[0.0, 884996.1115491362, 5.685597551588833, 5.141986812134569, 0.1340708559072178, 0.0, 0.00012727566263492918, 0.8322259474340109, 0.2341497045015244, 5.352814202996825e-06]
[0.0, 884996.1115491362, 5.685597551588833, 5.141986812134569, 0.1340708559072178, 0.0, 0.00012727566263492918, 0.8322259474340109, 0.2341497045015244, 5.352814202996825e-06]
[0.0, 884996.1115491362, 5.685597551588833, 5.141986812134569, 0.1340708559072178, 0.0, 0.00012727566263492918, 0.8322259474340109, 0.2341497045015244, 5.352814202996825e-06]
[0.0, 884996.1115491362, 5.685597551588833, 5.141986812134569, 0.1340708559072178, 0.0, 0.00012727566263492918, 0.8322259474340109, 0.2341497045015244, 5.352814202996825e-06]
[0.0, 884996.1115491362, 5.685597551588833, 5.141986812134569, 0.1340708559072178, 0.0, 0.00012727566263492918, 0.8322259474340109, 0.2341497045015244, 5.352814202996825e-06]
[0.0, 884996.1115491362, 5.685597551588833, 5.141986812134569, 0.1340708559072178, 0.0, 0.00012727566263492918, 0.8322259474340109, 0.2341497045015244, 5.124339417239554e-06]
[0.0, 884996.1115491362, 5.685597551588833, 5.141986812134569, 0.1340708559072178, 0.0, 0.00012727566263492918, 0.8322259474340109, 0.2341497045015244, 5.124339417239554e-06]
[0.0, 884996.1115491362, 5.685597551588833, 5.141986812134569, 0.1340708559072178, 0.0, 0.00012727566263492918, 0.8322259474340109, 0.2341497045015244, 5.124339417239554e-06]
[0.0, 884996.1115491362, 5.685597551588833, 5.141986812134569, 0.1340708559072178, 0.0, 0.00012727566263492918, 0.8322259474340109, 0.2341497045015244, 5.124339417239554e-06]
[0.0, 884996.1115491362, 5.685597551588833, 5.141986812134569, 0.1340708559072178, 0.0, 0.00012727566263492918, 0.8322259474340109, 0.2341497045015244, 5.124339417239554e-06]
[0.0, 884996.1115491362, 5.685597551588833, 5.141986812134569, 0.1340708559072178, 0.0, 0.00012727566263492918, 0.8322259474340109, 0.2341497045015244, 5.124339417239554e-06]
[0.0, 884996.1115491362, 5.685597551588833, 5.141986812134569, 0.1340708559072178, 0.0, 0.00012727566263492918, 0.8322259474340109, 0.2341497045015244, 5.124339417239554e-06]
[0.0, 884996.1115491362, 5.685597551588833, 5.141986812134569, 0.1340708559072178, 0.0, 0.00012727566263492918, 0.8322259474340109, 0.2341497045015244, 5.124339417239554e-06]
[0.0, 884996.1115491362, 5.685597551588833, 5.141986812134569, 0.1340708559072178, 0.0, 0.00012727566263492918, 0.8322259474340109, 0.2341497045015244, 5.124339417239554e-06]
[0.0, 884996.1115491362, 5.685597551588833, 5.141986812134569, 0.1340708559072178, 0.0, 0.00012727566263492918, 0.8322259474340109, 0.2341497045015244, 5.124339417239554e-06]
[0.0, 884996.1115491362, 5.685597551588833, 5.141986812134569, 0.1340708559072178, 0.0, 0.00012727566263492918, 0.8322259474340109, 0.2341497045015244, 5.124339417239554e-06]
[0.0, 884996.1115491362, 5.685597551588833, 5.141986812134569, 0.1340708559072178, 0.0, 0.00012727566263492918, 0.8322259474340109, 0.2341497045015244, 5.124339417239554e-06]
[0.0, 884996.1115491362, 5.685597551588833, 5.141986812134569, 0.1340708559072178, 0.0, 0.00012727566263492918, 0.8322259474340109, 0.2341497045015244, 5.124339417239554e-06]
[0.0, 884996.1115491362, 5.685597551588833, 5.141986812134569, 0.1340708559072178, 0.0, 0.00012727566263492918, 0.8322259474340109, 0.2341497045015244, 4.866217345966817e-06]
[0.0, 884996.1115491362, 5.685597551588833, 5.141986812134569, 0.1340708559072178, 0.0, 0.00012727566263492918, 0.8322259474340109, 0.2341497045015244, 4.866217345966817e-06]
[0.0, 884996.1115491362, 5.685597551588833, 5.141986812134569, 0.1340708559072178, 0.0, 0.00012727566263492918, 0.8322259474340109, 0.2341497045015244, 4.866217345966817e-06]
[0.0, 884996.1115491362, 5.685597551588833, 5.141986812134569, 0.1340708559072178, 0.0, 0.00012727566263492918, 0.8322259474340109, 0.2341497045015244, 4.866217345966817e-06]
[0.0, 884996.1115491362, 5.685597551588833, 5.141986812134569, 0.1340708559072178, 0.0, 0.00012727566263492918, 0.8322259474340109, 0.2341497045015244, 4.866217345966817e-06]
[0.0, 884996.1115491362, 5.685597551588833, 5.141986812134569, 0.1340708559072178, 0.0, 0.00012727566263492918, 0.8322259474340109, 0.2341497045015244, 4.866217345966817e-06]
[0.0, 884996.1115491362, 5.685597551588833, 5.141986812134569, 0.1340708559072178, 0.0, 0.00012727566263492918, 0.8322259474340109, 0.2341497045015244, 4.1422628744847145e-06]
[0.0, 884996.1115491362, 5.685597551588833, 5.141986812134569, 0.1340708559072178, 0.0, 0.00012727566263492918, 0.8322259474340109, 0.2341497045015244, 4.1422628744847145e-06]
[0.0, 884996.1115491362, 5.685597551588833, 5.141986812134569, 0.1340708559072178, 0.0, 0.00012727566263492918, 0.8322259474340109, 0.2341497045015244, 4.1422628744847145e-06]
[0.0, 884996.1115491362, 5.685597551588833, 5.141986812134569, 0.1340708559072178, 0.0, 0.00012727566263492918, 0.8322259474340109, 0.2341497045015244, 4.1422628744847145e-06]
[0.0, 884996.1115491362, 5.685597551588833, 5.141986812134569, 0.1340708559072178, 0.0, 0.00012727566263492918, 0.8322259474340109, 0.2341497045015244, 4.1422628744847145e-06]
[0.0, 884996.1115491362, 5.685597551588833, 5.141986812134569, 0.1340708559072178, 0.0, 0.00012727566263492918, 0.8322259474340109, 0.2341497045015244, 4.1422628744847145e-06]
[0.0, 884996.1115491362, 5.685597551588833, 5.141986812134569, 0.1340708559072178, 0.0, 0.00012727566263492918, 0.8322259474340109, 0.2341497045015244, 3.3651507647114443e-06]
[0.0, 884996.1115491362, 5.685597551588833, 5.141986812134569, 0.1340708559072178, 0.0, 0.00012727566263492918, 0.8322259474340109, 0.2341497045015244, 3.3651507647114443e-06]
[0.0, 884996.1115491362, 5.685597551588833, 5.141986812134569, 0.1340708559072178, 0.0, 0.00012727566263492918, 0.8322259474340109, 0.2341497045015244, 3.3651507647114443e-06]
[0.0, 884996.1115491362, 5.685597551588833, 5.141986812134569, 0.1340708559072178, 0.0, 0.00012727566263492918, 0.8322259474340109, 0.2341497045015244, 3.3651507647114443e-06]
[0.0, 884996.1115491362, 5.685597551588833, 5.141986812134569, 0.1340708559072178, 0.0, 0.00012727566263492918, 0.8322259474340109, 0.2341497045015244, 3.3651507647114443e-06]
[0.0, 884996.1115491362, 5.685597551588833, 5.141986812134569, 0.1340708559072178, 0.0, 0.00012727566263492918, 0.8322259474340109, 0.2341497045015244, 3.3651507647114443e-06]
[0.0, 884996.1115491362, 5.685597551588833, 5.141986812134569, 0.1340708559072178, 0.0, 0.00012727566263492918, 0.8322259474340109, 0.2341497045015244, 3.3651507647114443e-06]
[0.0, 884996.1115491362, 5.685597551588833, 5.141986812134569, 0.1340708559072178, 0.0, 0.00012727566263492918, 0.8322259474340109, 0.2341497045015244, 3.3651507647114443e-06]
[0.0, 884996.1115491362, 5.685597551588833, 5.141986812134569, 0.1340708559072178, 0.0, 0.00012727566263492918, 0.8322259474340109, 0.2341497045015244, 3.3651507647114443e-06]
[0.0, 884996.1115491362, 5.685597551588833, 5.141986812134569, 0.1340708559072178, 0.0, 0.00012727566263492918, 0.8322259474340109, 0.2341497045015244, 3.3651507647114443e-06]
[0.0, 884996.1115491362, 5.685597551588833, 5.141986812134569, 0.1340708559072178, 0.0, 0.00012727566263492918, 0.8322259474340109, 0.2341497045015244, 3.3651507647114443e-06]
[0.0, 884996.1115491362, 5.685597551588833, 5.141986812134569, 0.1340708559072178, 0.0, 0.00012727566263492918, 0.8322259474340109, 0.2341497045015244, 3.3651507647114443e-06]
[0.0, 884996.1115491362, 5.685597551588833, 5.141986812134569, 0.1340708559072178, 0.0, 0.00012727566263492918, 0.8322259474340109, 0.2341497045015244, 3.3651507647114443e-06]
[0.0, 884996.1115491362, 5.685597551588833, 5.141986812134569, 0.1340708559072178, 0.0, 0.00012727566263492918, 0.8322259474340109, 0.2341497045015244, 3.3651507647114443e-06]
[0.0, 884996.1115491362, 5.685597551588833, 5.141986812134569, 0.1340708559072178, 0.0, 0.00012727566263492918, 0.8322259474340109, 0.2341497045015244, 3.3651507647114443e-06]
[0.0, 884996.1115491362, 5.685597551588833, 5.141986812134569, 0.1340708559072178, 0.0, 0.00012727566263492918, 0.8322259474340109, 0.2341497045015244, 3.3651507647114443e-06]
[0.0, 884996.1115491362, 5.685597551588833, 5.141986812134569, 0.1340708559072178, 0.0, 0.00012727566263492918, 0.8322259474340109, 0.2341497045015244, 3.3651507647114443e-06]
[0.0, 884996.1115491362, 5.685597551588833, 5.141986812134569, 0.1340708559072178, 0.0, 0.00012727566263492918, 0.8322259474340109, 0.2341497045015244, 3.3651507647114443e-06]
[0.0, 884996.1115491362, 5.685597551588833, 5.141986812134569, 0.1340708559072178, 0.0, 0.00012727566263492918, 0.8322259474340109, 0.2341497045015244, 3.3651507647114443e-06]
[0.0, 884996.1115491362, 5.685597551588833, 5.141986812134569, 0.1340708559072178, 0.0, 0.00012727566263492918, 0.8322259474340109, 0.2341497045015244, 3.3651507647114443e-06]
[0.0, 884996.1115491362, 5.685597551588833, 5.141986812134569, 0.1340708559072178, 0.0, 0.00012727566263492918, 0.8322259474340109, 0.2341497045015244, 3.3651507647114443e-06]
[0.0, 884996.1115491362, 5.685597551588833, 5.141986812134569, 0.1340708559072178, 0.0, 0.00012727566263492918, 0.8322259474340109, 0.2341497045015244, 3.3651507647114443e-06]
[0.0, 884996.1115491362, 5.685597551588833, 5.141986812134569, 0.1340708559072178, 0.0, 0.00012727566263492918, 0.8322259474340109, 0.2341497045015244, 3.3651507647114443e-06]
[0.0, 884996.1115491362, 5.685597551588833, 5.141986812134569, 0.1340708559072178, 0.0, 0.00012727566263492918, 0.8322259474340109, 0.2341497045015244, 3.3651507647114443e-06]
[0.0, 884996.1115491362, 5.685597551588833, 5.141986812134569, 0.1340708559072178, 0.0, 0.00012727566263492918, 0.8322259474340109, 0.2341497045015244, 3.3651507647114443e-06]
[0.0, 884996.1115491362, 5.685597551588833, 5.141986812134569, 0.1340708559072178, 0.0, 0.00012727566263492918, 0.8322259474340109, 0.2341497045015244, 3.3617562249510513e-06]
[0.0, 884996.1115491362, 5.685597551588833, 5.141986812134569, 0.1340708559072178, 0.0, 0.00012727566263492918, 0.8322259474340109, 0.2341497045015244, 3.3617562249510513e-06]
[0.0, 884996.1115491362, 5.685597551588833, 5.141986812134569, 0.1340708559072178, 0.0, 0.00012727566263492918, 0.8322259474340109, 0.2341497045015244, 3.3617562249510513e-06]
[0.0, 884996.1115491362, 5.685597551588833, 5.141986812134569, 0.1340708559072178, 0.0, 0.00012727566263492918, 0.8322259474340109, 0.2341497045015244, 3.3617562249510513e-06]
[0.0, 884996.1115491362, 5.685597551588833, 5.141986812134569, 0.1340708559072178, 0.0, 0.00012727566263492918, 0.8322259474340109, 0.2341497045015244, 3.3617562249510513e-06]
[0.0, 884996.1115491362, 5.685597551588833, 5.141986812134569, 0.1340708559072178, 0.0, 0.00012727566263492918, 0.8322259474340109, 0.2341497045015244, 3.3617562249510513e-06]
[0.0, 884996.1115491362, 5.685597551588833, 5.141986812134569, 0.1340708559072178, 0.0, 0.00012727566263492918, 0.8322259474340109, 0.2341497045015244, 3.3617562249510513e-06]
[0.0, 884996.1115491362, 5.685597551588833, 5.141986812134569, 0.1340708559072178, 0.0, 0.00012727566263492918, 0.8322259474340109, 0.2341497045015244, 3.3617562249510513e-06]
[0.0, 884996.1115491362, 5.685597551588833, 5.141986812134569, 0.1340708559072178, 0.0, 0.00012727566263492918, 0.8322259474340109, 0.2341497045015244, 3.3617562249510513e-06]
[0.0, 884996.1115491362, 5.685597551588833, 5.141986812134569, 0.1340708559072178, 0.0, 0.00012727566263492918, 0.8322259474340109, 0.2341497045015244, 3.3617562249510513e-06]
[0.0, 884996.1115491362, 5.685597551588833, 5.141986812134569, 0.1340708559072178, 0.0, 0.00012727566263492918, 0.8322259474340109, 0.2341497045015244, 3.3617562249510513e-06]
[0.0, 884996.1115491362, 5.685597551588833, 5.141986812134569, 0.1340708559072178, 0.0, 0.00012727566263492918, 0.8322259474340109, 0.2341497045015244, 3.3617562249510513e-06]
[0.0, 884996.1115491362, 5.685597551588833, 5.141986812134569, 0.1340708559072178, 0.0, 0.00012727566263492918, 0.8322259474340109, 0.2341497045015244, 3.3617562249510513e-06]
[0.0, 884996.1115491362, 5.685597551588833, 5.141986812134569, 0.1340708559072178, 0.0, 0.00012727566263492918, 0.8322259474340109, 0.2341497045015244, 2.934425726852652e-06]
[0.0, 884996.1115491362, 5.685597551588833, 5.141986812134569, 0.1340708559072178, 0.0, 0.00012727566263492918, 0.8322259474340109, 0.2341497045015244, 2.934425726852652e-06]
[0.0, 884996.1115491362, 5.685597551588833, 5.141986812134569, 0.1340708559072178, 0.0, 0.00012727566263492918, 0.8322259474340109, 0.2341497045015244, 2.934425726852652e-06]
[0.0, 884996.1115491362, 5.685597551588833, 5.141986812134569, 0.1340708559072178, 0.0, 0.00012727566263492918, 0.8322259474340109, 0.2341497045015244, 2.934425726852652e-06]
[0.0, 884996.1115491362, 5.685597551588833, 5.141986812134569, 0.1340708559072178, 0.0, 0.00012727566263492918, 0.8322259474340109, 0.2341497045015244, 2.934425726852652e-06]
[0.0, 884996.1115491362, 5.685597551588833, 5.141986812134569, 0.1340708559072178, 0.0, 0.00012727566263492918, 0.8322259474340109, 0.2341497045015244, 2.934425726852652e-06]
[0.0, 884996.1115491362, 5.685597551588833, 5.141986812134569, 0.1340708559072178, 0.0, 0.00012727566263492918, 0.8322259474340109, 0.2341497045015244, 2.934425726852652e-06]
[0.0, 884996.1115491362, 5.685597551588833, 5.141986812134569, 0.1340708559072178, 0.0, 0.00012727566263492918, 0.8322259474340109, 0.2341497045015244, 2.934425726852652e-06]
[0.0, 884996.1115491362, 5.685597551588833, 5.141986812134569, 0.1340708559072178, 0.0, 0.00012727566263492918, 0.8322259474340109, 0.2341497045015244, 2.934425726852652e-06]
[0.0, 884996.1115491362, 5.685597551588833, 5.141986812134569, 0.1340708559072178, 0.0, 0.00012727566263492918, 0.8322259474340109, 0.2341497045015244, 2.718578965943408e-06]
[0.0, 884996.1115491362, 5.685597551588833, 5.141986812134569, 0.1340708559072178, 0.0, 0.00012727566263492918, 0.8322259474340109, 0.2341497045015244, 2.718578965943408e-06]
[0.0, 884996.1115491362, 5.685597551588833, 5.141986812134569, 0.1340708559072178, 0.0, 0.00012727566263492918, 0.8322259474340109, 0.2341497045015244, 2.718578965943408e-06]
[0.0, 884996.1115491362, 5.685597551588833, 5.141986812134569, 0.1340708559072178, 0.0, 0.00012727566263492918, 0.8322259474340109, 0.2341497045015244, 2.718578965943408e-06]
[0.0, 884996.1115491362, 5.685597551588833, 5.141986812134569, 0.1340708559072178, 0.0, 0.00012727566263492918, 0.8322259474340109, 0.2341497045015244, 2.718578965943408e-06]
[0.0, 884996.1115491362, 5.685597551588833, 5.141986812134569, 0.1340708559072178, 0.0, 0.00012727566263492918, 0.8322259474340109, 0.2341497045015244, 2.718578965943408e-06]
[0.0, 884996.1115491362, 5.685597551588833, 5.141986812134569, 0.1340708559072178, 0.0, 0.00012727566263492918, 0.8322259474340109, 0.2341497045015244, 2.718578965943408e-06]
[0.0, 884996.1115491362, 5.685597551588833, 5.141986812134569, 0.1340708559072178, 0.0, 0.00012727566263492918, 0.8322259474340109, 0.2341497045015244, 2.718578965943408e-06]
[0.0, 884996.1115491362, 5.685597551588833, 5.141986812134569, 0.1340708559072178, 0.0, 0.00012727566263492918, 0.8322259474340109, 0.2341497045015244, 2.718578965943408e-06]
[0.0, 884996.1115491362, 5.685597551588833, 5.141986812134569, 0.1340708559072178, 0.0, 0.00012727566263492918, 0.8322259474340109, 0.2341497045015244, 2.718578965943408e-06]
[0.0, 884996.1115491362, 5.685597551588833, 5.141986812134569, 0.1340708559072178, 0.0, 0.00012727566263492918, 0.8322259474340109, 0.2341497045015244, 2.718578965943408e-06]
[0.0, 884996.1115491362, 5.685597551588833, 5.141986812134569, 0.1340708559072178, 0.0, 0.00012727566263492918, 0.8322259474340109, 0.2341497045015244, 2.718578965943408e-06]
[0.0, 884996.1115491362, 5.685597551588833, 5.141986812134569, 0.1340708559072178, 0.0, 0.00012727566263492918, 0.8322259474340109, 0.2341497045015244, 2.718578965943408e-06]
[0.0, 884996.1115491362, 5.685597551588833, 5.141986812134569, 0.1340708559072178, 0.0, 0.00012727566263492918, 0.8322259474340109, 0.2341497045015244, 2.718578965943408e-06]
[0.0, 884996.1115491362, 5.685597551588833, 5.141986812134569, 0.1340708559072178, 0.0, 0.00012727566263492918, 0.8322259474340109, 0.2341497045015244, 2.718578965943408e-06]
[0.0, 884996.1115491362, 5.685597551588833, 5.141986812134569, 0.1340708559072178, 0.0, 0.00012727566263492918, 0.8322259474340109, 0.2341497045015244, 2.718578965943408e-06]
[0.0, 884996.1115491362, 5.685597551588833, 5.141986812134569, 0.1340708559072178, 0.0, 0.00012727566263492918, 0.8322259474340109, 0.2341497045015244, 2.718578965943408e-06]
[0.0, 884996.1115491362, 5.685597551588833, 5.141986812134569, 0.1340708559072178, 0.0, 0.00012727566263492918, 0.8322259474340109, 0.2341497045015244, 2.718578965943408e-06]
[0.0, 884996.1115491362, 5.685597551588833, 5.141986812134569, 0.1340708559072178, 0.0, 0.00012727566263492918, 0.8322259474340109, 0.2341497045015244, 2.718578965943408e-06]
[0.0, 884996.1115491362, 5.685597551588833, 5.141986812134569, 0.1340708559072178, 0.0, 0.00012727566263492918, 0.8322259474340109, 0.2341497045015244, 2.718578965943408e-06]
[0.0, 884996.1115491362, 5.685597551588833, 5.141986812134569, 0.1340708559072178, 0.0, 0.00012727566263492918, 0.8322259474340109, 0.2341497045015244, 2.718578965943408e-06]
[0.0, 884996.1115491362, 5.685597551588833, 5.141986812134569, 0.1340708559072178, 0.0, 0.00012727566263492918, 0.8322259474340109, 0.2341497045015244, 2.718578965943408e-06]
[0.0, 884996.1115491362, 5.685597551588833, 5.141986812134569, 0.1340708559072178, 0.0, 0.00012727566263492918, 0.8322259474340109, 0.2341497045015244, 2.718578965943408e-06]
[0.0, 884996.1115491362, 5.685597551588833, 5.141986812134569, 0.1340708559072178, 0.0, 0.00012727566263492918, 0.8322259474340109, 0.2341497045015244, 2.718578965943408e-06]
[0.0, 884996.1115491362, 5.685597551588833, 5.141986812134569, 0.1340708559072178, 0.0, 0.00012727566263492918, 0.8322259474340109, 0.2341497045015244, 2.718578965943408e-06]
[0.0, 884996.1115491362, 5.685597551588833, 5.141986812134569, 0.1340708559072178, 0.0, 0.00012727566263492918, 0.8322259474340109, 0.2341497045015244, 2.4125415341025302e-06]
[0.0, 884996.1115491362, 5.685597551588833, 5.141986812134569, 0.1340708559072178, 0.0, 0.00012727566263492918, 0.8322259474340109, 0.2341497045015244, 2.4125415341025302e-06]
[0.0, 884996.1115491362, 5.685597551588833, 5.141986812134569, 0.1340708559072178, 0.0, 0.00012727566263492918, 0.8322259474340109, 0.2341497045015244, 2.4125415341025302e-06]
[0.0, 884996.1115491362, 5.685597551588833, 5.141986812134569, 0.1340708559072178, 0.0, 0.00012727566263492918, 0.8322259474340109, 0.2341497045015244, 2.4125415341025302e-06]
[0.0, 884996.1115491362, 5.685597551588833, 5.141986812134569, 0.1340708559072178, 0.0, 0.00012727566263492918, 0.8322259474340109, 0.2341497045015244, 2.4125415341025302e-06]
[0.0, 884996.1115491362, 5.685597551588833, 5.141986812134569, 0.1340708559072178, 0.0, 0.00012727566263492918, 0.8322259474340109, 0.2341497045015244, 2.4125415341025302e-06]
[0.0, 884996.1115491362, 5.685597551588833, 5.141986812134569, 0.1340708559072178, 0.0, 0.00012727566263492918, 0.8322259474340109, 0.2341497045015244, 2.185467085968895e-06]
[0.0, 884996.1115491362, 5.685597551588833, 5.141986812134569, 0.1340708559072178, 0.0, 0.00012727566263492918, 0.8322259474340109, 0.2341497045015244, 2.185467085968895e-06]
[0.0, 884996.1115491362, 5.685597551588833, 5.141986812134569, 0.1340708559072178, 0.0, 0.00012727566263492918, 0.8322259474340109, 0.2341497045015244, 2.185467085968895e-06]
[0.0, 884996.1115491362, 5.685597551588833, 5.141986812134569, 0.1340708559072178, 0.0, 0.00012727566263492918, 0.8322259474340109, 0.2341497045015244, 2.185467085968895e-06]
[0.0, 884996.1115491362, 5.685597551588833, 5.141986812134569, 0.1340708559072178, 0.0, 0.00012727566263492918, 0.8322259474340109, 0.2341497045015244, 2.185467085968895e-06]
[0.0, 884996.1115491362, 5.685597551588833, 5.141986812134569, 0.1340708559072178, 0.0, 0.00012727566263492918, 0.8322259474340109, 0.2341497045015244, 2.185467085968895e-06]
[0.0, 884996.1115491362, 5.685597551588833, 5.141986812134569, 0.1340708559072178, 0.0, 0.00012727566263492918, 0.8322259474340109, 0.2341497045015244, 2.185467085968895e-06]
[0.0, 884996.1115491362, 5.685597551588833, 5.141986812134569, 0.1340708559072178, 0.0, 0.00012727566263492918, 0.8322259474340109, 0.2341497045015244, 2.185467085968895e-06]
[0.0, 884996.1115491362, 5.685597551588833, 5.141986812134569, 0.1340708559072178, 0.0, 0.00012727566263492918, 0.8322259474340109, 0.2341497045015244, 2.185467085968895e-06]
[0.0, 884996.1115491362, 5.685597551588833, 5.141986812134569, 0.1340708559072178, 0.0, 0.00012727566263492918, 0.8322259474340109, 0.2341497045015244, 2.185467085968895e-06]
[0.0, 884996.1115491362, 5.685597551588833, 5.141986812134569, 0.1340708559072178, 0.0, 0.00012727566263492918, 0.8322259474340109, 0.2341497045015244, 2.185467085968895e-06]
[0.0, 884996.1115491362, 5.685597551588833, 5.141986812134569, 0.1340708559072178, 0.0, 0.00012727566263492918, 0.8322259474340109, 0.2341497045015244, 2.185467085968895e-06]
[0.0, 884996.1115491362, 5.685597551588833, 5.141986812134569, 0.1340708559072178, 0.0, 0.00012727566263492918, 0.8322259474340109, 0.2341497045015244, 2.185467085968895e-06]
[0.0, 884996.1115491362, 5.685597551588833, 5.141986812134569, 0.1340708559072178, 0.0, 0.00012727566263492918, 0.8322259474340109, 0.2341497045015244, 2.185467085968895e-06]
[0.0, 884996.1115491362, 5.685597551588833, 5.141986812134569, 0.1340708559072178, 0.0, 0.00012727566263492918, 0.8322259474340109, 0.2341497045015244, 2.185467085968895e-06]
[0.0, 884996.1115491362, 5.685597551588833, 5.141986812134569, 0.1340708559072178, 0.0, 0.00012727566263492918, 0.8322259474340109, 0.2341497045015244, 2.185467085968895e-06]
[0.0, 884996.1115491362, 5.685597551588833, 5.141986812134569, 0.1340708559072178, 0.0, 0.00012727566263492918, 0.8322259474340109, 0.2341497045015244, 2.185467085968895e-06]
[0.0, 884996.1115491362, 5.685597551588833, 5.141986812134569, 0.1340708559072178, 0.0, 0.00012727566263492918, 0.8322259474340109, 0.2341497045015244, 2.185467085968895e-06]
[0.0, 884996.1115491362, 5.685597551588833, 5.141986812134569, 0.1340708559072178, 0.0, 0.00012727566263492918, 0.8322259474340109, 0.2341497045015244, 2.185467085968895e-06]
[0.0, 884996.1115491362, 5.685597551588833, 5.141986812134569, 0.1340708559072178, 0.0, 0.00012727566263492918, 0.8322259474340109, 0.2341497045015244, 2.185467085968895e-06]
[0.0, 884996.1115491362, 5.685597551588833, 5.141986812134569, 0.1340708559072178, 0.0, 0.00012727566263492918, 0.8322259474340109, 0.2341497045015244, 2.185467085968895e-06]
[0.0, 884996.1115491362, 5.685597551588833, 5.141986812134569, 0.1340708559072178, 0.0, 0.00012727566263492918, 0.8322259474340109, 0.2341497045015244, 2.185467085968895e-06]
[0.0, 884996.1115491362, 5.685597551588833, 5.141986812134569, 0.1340708559072178, 0.0, 0.00012727566263492918, 0.8322259474340109, 0.2341497045015244, 2.185467085968895e-06]
[0.0, 884996.1115491362, 5.685597551588833, 5.141986812134569, 0.1340708559072178, 0.0, 0.00012727566263492918, 0.8322259474340109, 0.2341497045015244, 2.185467085968895e-06]
[0.0, 884996.1115491362, 5.685597551588833, 5.141986812134569, 0.1340708559072178, 0.0, 0.00012727566263492918, 0.8322259474340109, 0.2341497045015244, 2.185467085968895e-06]
[0.0, 884996.1115491362, 5.685597551588833, 5.141986812134569, 0.1340708559072178, 0.0, 0.00012727566263492918, 0.8322259474340109, 0.2341497045015244, 2.185467085968895e-06]
[0.0, 884996.1115491362, 5.685597551588833, 5.141986812134569, 0.1340708559072178, 0.0, 0.00012727566263492918, 0.8322259474340109, 0.2341497045015244, 2.185467085968895e-06]
[0.0, 884996.1115491362, 5.685597551588833, 5.141986812134569, 0.1340708559072178, 0.0, 0.00012727566263492918, 0.8322259474340109, 0.2341497045015244, 1.9818709984242844e-06]
[0.0, 884996.1115491362, 5.685597551588833, 5.141986812134569, 0.1340708559072178, 0.0, 0.00012727566263492918, 0.8322259474340109, 0.2341497045015244, 1.9818709984242844e-06]
[0.0, 884996.1115491362, 5.685597551588833, 5.141986812134569, 0.1340708559072178, 0.0, 0.00012727566263492918, 0.8322259474340109, 0.2341497045015244, 1.9818709984242844e-06]
[0.0, 884996.1115491362, 5.685597551588833, 5.141986812134569, 0.1340708559072178, 0.0, 0.00012727566263492918, 0.8322259474340109, 0.2341497045015244, 1.9818709984242844e-06]
[0.0, 884996.1115491362, 5.685597551588833, 5.141986812134569, 0.1340708559072178, 0.0, 0.00012727566263492918, 0.8322259474340109, 0.2341497045015244, 1.9818709984242844e-06]
[0.0, 884996.1115491362, 5.685597551588833, 5.141986812134569, 0.1340708559072178, 0.0, 0.00012727566263492918, 0.8322259474340109, 0.2341497045015244, 1.9818709984242844e-06]
[0.0, 884996.1115491362, 5.685597551588833, 5.141986812134569, 0.1340708559072178, 0.0, 0.00012727566263492918, 0.8322259474340109, 0.2341497045015244, 1.729827208141188e-06]
[0.0, 884996.1115491362, 5.685597551588833, 5.141986812134569, 0.1340708559072178, 0.0, 0.00012727566263492918, 0.8322259474340109, 0.2341497045015244, 1.729827208141188e-06]
[0.0, 884996.1115491362, 5.685597551588833, 5.141986812134569, 0.1340708559072178, 0.0, 0.00012727566263492918, 0.8322259474340109, 0.2341497045015244, 1.729827208141188e-06]
[0.0, 884996.1115491362, 5.685597551588833, 5.141986812134569, 0.1340708559072178, 0.0, 0.00012727566263492918, 0.8322259474340109, 0.2341497045015244, 1.5399601136500962e-06]
[0.0, 884996.1115491362, 5.685597551588833, 5.141986812134569, 0.1340708559072178, 0.0, 0.00012727566263492918, 0.8322259474340109, 0.2341497045015244, 1.5081249817860964e-06]
[0.0, 884996.1115491362, 5.685597551588833, 5.141986812134569, 0.1340708559072178, 0.0, 0.00012727566263492918, 0.8322259474340109, 0.2341497045015244, 1.5081249817860964e-06]
[0.0, 884996.1115491362, 5.685597551588833, 5.141986812134569, 0.1340708559072178, 0.0, 0.00012727566263492918, 0.8322259474340109, 0.2341497045015244, 1.5081249817860964e-06]
[0.0, 884996.1115491362, 5.685597551588833, 5.141986812134569, 0.1340708559072178, 0.0, 0.00012727566263492918, 0.8322259474340109, 0.2341497045015244, 1.5081249817860964e-06]
[0.0, 884996.1115491362, 5.685597551588833, 5.141986812134569, 0.1340708559072178, 0.0, 0.00012727566263492918, 0.8322259474340109, 0.2341497045015244, 1.5081249817860964e-06]
[0.0, 884996.1115491362, 5.685597551588833, 5.141986812134569, 0.1340708559072178, 0.0, 0.00012727566263492918, 0.8322259474340109, 0.2341497045015244, 1.0403415093840351e-06]
[0.0, 884996.1115491362, 5.685597551588833, 5.141986812134569, 0.1340708559072178, 0.0, 0.00012727566263492918, 0.8322259474340109, 0.2341497045015244, 1.0403415093840351e-06]
[0.0, 884996.1115491362, 5.685597551588833, 5.141986812134569, 0.1340708559072178, 0.0, 0.00012727566263492918, 0.8322259474340109, 0.2341497045015244, 1.0403415093840351e-06]
[0.0, 884996.1115491362, 5.685597551588833, 5.141986812134569, 0.1340708559072178, 0.0, 0.00012727566263492918, 0.8322259474340109, 0.2341497045015244, 1.0403415093840351e-06]
[0.0, 884996.1115491362, 5.685597551588833, 5.141986812134569, 0.1340708559072178, 0.0, 0.00012727566263492918, 0.8322259474340109, 0.2341497045015244, 1.0403415093840351e-06]
[0.0, 884996.1115491362, 5.685597551588833, 5.141986812134569, 0.1340708559072178, 0.0, 0.00012727566263492918, 0.8322259474340109, 0.2341497045015244, 1.0403415093840351e-06]
[0.0, 884996.1115491362, 5.685597551588833, 5.141986812134569, 0.1340708559072178, 0.0, 0.00012727566263492918, 0.8322259474340109, 0.2341497045015244, 1.0403415093840351e-06]
[0.0, 884996.1115491362, 5.685597551588833, 5.141986812134569, 0.1340708559072178, 0.0, 0.00012727566263492918, 0.8322259474340109, 0.2341497045015244, 1.0403415093840351e-06]
[0.0, 884996.1115491362, 5.685597551588833, 5.141986812134569, 0.1340708559072178, 0.0, 0.00012727566263492918, 0.8322259474340109, 0.2341497045015244, 1.0403415093840351e-06]
[0.0, 884996.1115491362, 5.685597551588833, 5.141986812134569, 0.1340708559072178, 0.0, 0.00012727566263492918, 0.8322259474340109, 0.2341497045015244, 1.0403415093840351e-06]
[0.0, 884996.1115491362, 5.685597551588833, 5.141986812134569, 0.1340708559072178, 0.0, 0.00012727566263492918, 0.8322259474340109, 0.2341497045015244, 1.0403415093840351e-06]
[0.0, 884996.1115491362, 5.685597551588833, 5.141986812134569, 0.1340708559072178, 0.0, 0.00012727566263492918, 0.8322259474340109, 0.2341497045015244, 1.0403415093840351e-06]
[0.0, 884996.1115491362, 5.685597551588833, 5.141986812134569, 0.1340708559072178, 0.0, 0.00012727566263492918, 0.8322259474340109, 0.2341497045015244, 1.0403415093840351e-06]
[0.0, 884996.1115491362, 5.685597551588833, 5.141986812134569, 0.1340708559072178, 0.0, 0.00012727566263492918, 0.8322259474340109, 0.2341497045015244, 1.0403415093840351e-06]
[0.0, 884996.1115491362, 5.685597551588833, 5.141986812134569, 0.1340708559072178, 0.0, 0.00012727566263492918, 0.8322259474340109, 0.2341497045015244, 1.0403415093840351e-06]
[0.0, 884996.1115491362, 5.685597551588833, 5.141986812134569, 0.1340708559072178, 0.0, 0.00012727566263492918, 0.8322259474340109, 0.2341497045015244, 1.0403415093840351e-06]
[0.0, 884996.1115491362, 5.685597551588833, 5.141986812134569, 0.1340708559072178, 0.0, 0.00012727566263492918, 0.8322259474340109, 0.2341497045015244, 1.0403415093840351e-06]
[0.0, 884996.1115491362, 5.685597551588833, 5.141986812134569, 0.1340708559072178, 0.0, 0.00012727566263492918, 0.8322259474340109, 0.2341497045015244, 1.0403415093840351e-06]
[0.0, 884996.1115491362, 5.685597551588833, 5.141986812134569, 0.1340708559072178, 0.0, 0.00012727566263492918, 0.8322259474340109, 0.2341497045015244, 1.0403415093840351e-06]
[0.0, 884996.1115491362, 5.685597551588833, 5.141986812134569, 0.1340708559072178, 0.0, 0.00012727566263492918, 0.8322259474340109, 0.2341497045015244, 1.0403415093840351e-06]
[0.0, 884996.1115491362, 5.685597551588833, 5.141986812134569, 0.1340708559072178, 0.0, 0.00012727566263492918, 0.8322259474340109, 0.2341497045015244, 1.0403415093840351e-06]
[0.0, 884996.1115491362, 5.685597551588833, 5.141986812134569, 0.1340708559072178, 0.0, 0.00012727566263492918, 0.8322259474340109, 0.2341497045015244, 1.0403415093840351e-06]
[0.0, 884996.1115491362, 5.685597551588833, 5.141986812134569, 0.1340708559072178, 0.0, 0.00012727566263492918, 0.8322259474340109, 0.2341497045015244, 1.0403415093840351e-06]
[0.0, 884996.1115491362, 5.685597551588833, 5.141986812134569, 0.1340708559072178, 0.0, 0.00012727566263492918, 0.8322259474340109, 0.2341497045015244, 1.0403415093840351e-06]
[0.0, 884996.1115491362, 5.685597551588833, 5.141986812134569, 0.1340708559072178, 0.0, 0.00012727566263492918, 0.8322259474340109, 0.2341497045015244, 1.0403415093840351e-06]
[0.0, 884996.1115491362, 5.685597551588833, 5.141986812134569, 0.1340708559072178, 0.0, 0.00012727566263492918, 0.8322259474340109, 0.2341497045015244, 1.0403415093840351e-06]
[0.0, 884996.1115491362, 5.685597551588833, 5.141986812134569, 0.1340708559072178, 0.0, 0.00012727566263492918, 0.8322259474340109, 0.2341497045015244, 1.0403415093840351e-06]
[0.0, 884996.1115491362, 5.685597551588833, 5.141986812134569, 0.1340708559072178, 0.0, 0.00012727566263492918, 0.8322259474340109, 0.2341497045015244, 1.0403415093840351e-06]
[0.0, 884996.1115491362, 5.685597551588833, 5.141986812134569, 0.1340708559072178, 0.0, 0.00012727566263492918, 0.8322259474340109, 0.2341497045015244, 1.0403415093840351e-06]
[0.0, 884996.1115491362, 5.685597551588833, 5.141986812134569, 0.1340708559072178, 0.0, 0.00012727566263492918, 0.8322259474340109, 0.2341497045015244, 1.0403415093840351e-06]
[0.0, 884996.1115491362, 5.685597551588833, 5.141986812134569, 0.1340708559072178, 0.0, 0.00012727566263492918, 0.8322259474340109, 0.2341497045015244, 1.0403415093840351e-06]
[0.0, 884996.1115491362, 5.685597551588833, 5.141986812134569, 0.1340708559072178, 0.0, 0.00012727566263492918, 0.8322259474340109, 0.2341497045015244, 1.0403415093840351e-06]
[0.0, 884996.1115491362, 5.685597551588833, 5.141986812134569, 0.1340708559072178, 0.0, 0.00012727566263492918, 0.8322259474340109, 0.2341497045015244, 1.0403415093840351e-06]
[0.0, 884996.1115491362, 5.685597551588833, 5.141986812134569, 0.1340708559072178, 0.0, 0.00012727566263492918, 0.8322259474340109, 0.2341497045015244, 1.0403415093840351e-06]
[0.0, 884996.1115491362, 5.685597551588833, 5.141986812134569, 0.1340708559072178, 0.0, 0.00012727566263492918, 0.8322259474340109, 0.2341497045015244, 1.0403415093840351e-06]
[0.0, 884996.1115491362, 5.685597551588833, 5.141986812134569, 0.1340708559072178, 0.0, 0.00012727566263492918, 0.8322259474340109, 0.2341497045015244, 1.0403415093840351e-06]
[0.0, 884996.1115491362, 5.685597551588833, 5.141986812134569, 0.1340708559072178, 0.0, 0.00012727566263492918, 0.8322259474340109, 0.2341497045015244, 1.0403415093840351e-06]
[0.0, 884996.1115491362, 5.685597551588833, 5.141986812134569, 0.1340708559072178, 0.0, 0.00012727566263492918, 0.8322259474340109, 0.2341497045015244, 1.0403415093840351e-06]
[0.0, 884996.1115491362, 5.685597551588833, 5.141986812134569, 0.1340708559072178, 0.0, 0.00012727566263492918, 0.8322259474340109, 0.2341497045015244, 1.0403415093840351e-06]
[0.0, 884996.1115491362, 5.685597551588833, 5.141986812134569, 0.1340708559072178, 0.0, 0.00012727566263492918, 0.8322259474340109, 0.2341497045015244, 1.0403415093840351e-06]
[0.0, 884996.1115491362, 5.685597551588833, 5.141986812134569, 0.1340708559072178, 0.0, 0.00012727566263492918, 0.8322259474340109, 0.2341497045015244, 1.0403415093840351e-06]
[0.0, 884996.1115491362, 5.685597551588833, 5.141986812134569, 0.1340708559072178, 0.0, 0.00012727566263492918, 0.8322259474340109, 0.2341497045015244, 1.0403415093840351e-06]
[0.0, 884996.1115491362, 5.685597551588833, 5.141986812134569, 0.1340708559072178, 0.0, 0.00012727566263492918, 0.8322259474340109, 0.2341497045015244, 9.272389083214705e-07]
[0.0, 884996.1115491362, 5.685597551588833, 5.141986812134569, 0.1340708559072178, 0.0, 0.00012727566263492918, 0.8322259474340109, 0.2341497045015244, 7.712265639447935e-07]
[0.0, 884996.1115491362, 5.685597551588833, 5.141986812134569, 0.1340708559072178, 0.0, 0.00012727566263492918, 0.8322259474340109, 0.2341497045015244, 7.712265639447935e-07]
[0.0, 884996.1115491362, 5.685597551588833, 5.141986812134569, 0.1340708559072178, 0.0, 0.00012727566263492918, 0.8322259474340109, 0.2341497045015244, 7.712265639447935e-07]
[0.0, 884996.1115491362, 5.685597551588833, 5.141986812134569, 0.1340708559072178, 0.0, 0.00012727566263492918, 0.8322259474340109, 0.2341497045015244, 7.712265639447935e-07]
[0.0, 884996.1115491362, 5.685597551588833, 5.141986812134569, 0.1340708559072178, 0.0, 0.00012727566263492918, 0.8322259474340109, 0.2341497045015244, 7.712265639447935e-07]
[0.0, 884996.1115491362, 5.685597551588833, 5.141986812134569, 0.1340708559072178, 0.0, 0.00012727566263492918, 0.8322259474340109, 0.2341497045015244, 7.712265639447935e-07]
[0.0, 884996.1115491362, 5.685597551588833, 5.141986812134569, 0.1340708559072178, 0.0, 0.00012727566263492918, 0.8322259474340109, 0.2341497045015244, 7.712265639447935e-07]
[0.0, 884996.1115491362, 5.685597551588833, 5.141986812134569, 0.1340708559072178, 0.0, 0.00012727566263492918, 0.8322259474340109, 0.2341497045015244, 7.712265639447935e-07]
[0.0, 884996.1115491362, 5.685597551588833, 5.141986812134569, 0.1340708559072178, 0.0, 0.00012727566263492918, 0.8322259474340109, 0.2341497045015244, 7.712265639447935e-07]
[0.0, 884996.1115491362, 5.685597551588833, 5.141986812134569, 0.1340708559072178, 0.0, 0.00012727566263492918, 0.8322259474340109, 0.2341497045015244, 7.712265639447935e-07]
[0.0, 884996.1115491362, 5.685597551588833, 5.141986812134569, 0.1340708559072178, 0.0, 0.00012727566263492918, 0.8322259474340109, 0.2341497045015244, 7.712265639447935e-07]
[0.0, 884996.1115491362, 5.685597551588833, 5.141986812134569, 0.1340708559072178, 0.0, 0.00012727566263492918, 0.8322259474340109, 0.2341497045015244, 7.712265639447935e-07]
[0.0, 884996.1115491362, 5.685597551588833, 5.141986812134569, 0.1340708559072178, 0.0, 0.00012727566263492918, 0.8322259474340109, 0.2341497045015244, 7.712265639447935e-07]
[0.0, 884996.1115491362, 5.685597551588833, 5.141986812134569, 0.1340708559072178, 0.0, 0.00012727566263492918, 0.8322259474340109, 0.2341497045015244, 7.712265639447935e-07]
[0.0, 884996.1115491362, 5.685597551588833, 5.141986812134569, 0.1340708559072178, 0.0, 0.00012727566263492918, 0.8322259474340109, 0.2341497045015244, 7.712265639447935e-07]
[0.0, 884996.1115491362, 5.685597551588833, 5.141986812134569, 0.1340708559072178, 0.0, 0.00012727566263492918, 0.8322259474340109, 0.2341497045015244, 7.712265639447935e-07]
[0.0, 884996.1115491362, 5.685597551588833, 5.141986812134569, 0.1340708559072178, 0.0, 0.00012727566263492918, 0.8322259474340109, 0.2341497045015244, 7.712265639447935e-07]
[0.0, 884996.1115491362, 5.685597551588833, 5.141986812134569, 0.1340708559072178, 0.0, 0.00012727566263492918, 0.8322259474340109, 0.2341497045015244, 7.712265639447935e-07]
[0.0, 884996.1115491362, 5.685597551588833, 5.141986812134569, 0.1340708559072178, 0.0, 0.00012727566263492918, 0.8322259474340109, 0.2341497045015244, 7.712265639447935e-07]
[0.0, 884996.1115491362, 5.685597551588833, 5.141986812134569, 0.1340708559072178, 0.0, 0.00012727566263492918, 0.8322259474340109, 0.2341497045015244, 7.712265639447935e-07]
[0.0, 884996.1115491362, 5.685597551588833, 5.141986812134569, 0.1340708559072178, 0.0, 0.00012727566263492918, 0.8322259474340109, 0.2341497045015244, 7.712265639447935e-07]
[0.0, 884996.1115491362, 5.685597551588833, 5.141986812134569, 0.1340708559072178, 0.0, 0.00012727566263492918, 0.8322259474340109, 0.2341497045015244, 7.712265639447935e-07]
[0.0, 884996.1115491362, 5.685597551588833, 5.141986812134569, 0.1340708559072178, 0.0, 0.00012727566263492918, 0.8322259474340109, 0.2341497045015244, 7.712265639447935e-07]
[0.0, 884996.1115491362, 5.685597551588833, 5.141986812134569, 0.1340708559072178, 0.0, 0.00012727566263492918, 0.8322259474340109, 0.2341497045015244, 7.712265639447935e-07]
[0.0, 884996.1115491362, 5.685597551588833, 5.141986812134569, 0.1340708559072178, 0.0, 0.00012727566263492918, 0.8322259474340109, 0.2341497045015244, 7.712265639447935e-07]
[0.0, 884996.1115491362, 5.685597551588833, 5.141986812134569, 0.1340708559072178, 0.0, 0.00012727566263492918, 0.8322259474340109, 0.2341497045015244, 7.712265639447935e-07]
[0.0, 884996.1115491362, 5.685597551588833, 5.141986812134569, 0.1340708559072178, 0.0, 0.00012727566263492918, 0.8322259474340109, 0.2341497045015244, 7.712265639447935e-07]
[0.0, 884996.1115491362, 5.685597551588833, 5.141986812134569, 0.1340708559072178, 0.0, 0.00012727566263492918, 0.8322259474340109, 0.2341497045015244, 7.712265639447935e-07]
[0.0, 884996.1115491362, 5.685597551588833, 5.141986812134569, 0.1340708559072178, 0.0, 0.00012727566263492918, 0.8322259474340109, 0.2341497045015244, 7.712265639447935e-07]
[0.0, 884996.1115491362, 5.685597551588833, 5.141986812134569, 0.1340708559072178, 0.0, 0.00012727566263492918, 0.8322259474340109, 0.2341497045015244, 7.712265639447935e-07]
[0.0, 884996.1115491362, 5.685597551588833, 5.141986812134569, 0.1340708559072178, 0.0, 0.00012727566263492918, 0.8322259474340109, 0.2341497045015244, 7.712265639447935e-07]
[0.0, 884996.1115491362, 5.685597551588833, 5.141986812134569, 0.1340708559072178, 0.0, 0.00012727566263492918, 0.8322259474340109, 0.2341497045015244, 7.712265639447935e-07]
[0.0, 884996.1115491362, 5.685597551588833, 5.141986812134569, 0.1340708559072178, 0.0, 0.00012727566263492918, 0.8322259474340109, 0.2341497045015244, 7.712265639447935e-07]
[0.0, 884996.1115491362, 5.685597551588833, 5.141986812134569, 0.1340708559072178, 0.0, 0.00012727566263492918, 0.8322259474340109, 0.2341497045015244, 7.712265639447935e-07]
[0.0, 884996.1115491362, 5.685597551588833, 5.141986812134569, 0.1340708559072178, 0.0, 0.00012727566263492918, 0.8322259474340109, 0.2341497045015244, 7.712265639447935e-07]
[0.0, 884996.1115491362, 5.685597551588833, 5.141986812134569, 0.1340708559072178, 0.0, 0.00012727566263492918, 0.8322259474340109, 0.2341497045015244, 7.712265639447935e-07]
[0.0, 884996.1115491362, 5.685597551588833, 5.141986812134569, 0.1340708559072178, 0.0, 0.00012727566263492918, 0.8322259474340109, 0.2341497045015244, 5.034931587211133e-07]
[0.0, 884996.1115491362, 5.685597551588833, 5.141986812134569, 0.1340708559072178, 0.0, 0.00012727566263492918, 0.8322259474340109, 0.2341497045015244, 5.034931587211133e-07]
[0.0, 884996.1115491362, 5.685597551588833, 5.141986812134569, 0.1340708559072178, 0.0, 0.00012727566263492918, 0.8322259474340109, 0.2341497045015244, 5.034931587211133e-07]
[0.0, 884996.1115491362, 5.685597551588833, 5.141986812134569, 0.1340708559072178, 0.0, 0.00012727566263492918, 0.8322259474340109, 0.2341497045015244, 5.034931587211133e-07]
[0.0, 884996.1115491362, 5.685597551588833, 5.141986812134569, 0.1340708559072178, 0.0, 0.00012727566263492918, 0.8322259474340109, 0.2341497045015244, 5.034931587211133e-07]
[0.0, 884996.1115491362, 5.685597551588833, 5.141986812134569, 0.1340708559072178, 0.0, 0.00012727566263492918, 0.8322259474340109, 0.2341497045015244, 5.034931587211133e-07]
[0.0, 884996.1115491362, 5.685597551588833, 5.141986812134569, 0.1340708559072178, 0.0, 0.00012727566263492918, 0.8322259474340109, 0.2341497045015244, 5.034931587211133e-07]
[0.0, 884996.1115491362, 5.685597551588833, 5.141986812134569, 0.1340708559072178, 0.0, 0.00012727566263492918, 0.8322259474340109, 0.2341497045015244, 5.034931587211133e-07]
[0.0, 884996.1115491362, 5.685597551588833, 5.141986812134569, 0.1340708559072178, 0.0, 0.00012727566263492918, 0.8322259474340109, 0.2341497045015244, 5.034931587211133e-07]
[0.0, 884996.1115491362, 5.685597551588833, 5.141986812134569, 0.1340708559072178, 0.0, 0.00012727566263492918, 0.8322259474340109, 0.2341497045015244, 5.034931587211133e-07]
[0.0, 884996.1115491362, 5.685597551588833, 5.141986812134569, 0.1340708559072178, 0.0, 0.00012727566263492918, 0.8322259474340109, 0.2341497045015244, 5.034931587211133e-07]
[0.0, 884996.1115491362, 5.685597551588833, 5.141986812134569, 0.1340708559072178, 0.0, 0.00012727566263492918, 0.8322259474340109, 0.2341497045015244, 5.034931587211133e-07]
[0.0, 884996.1115491362, 5.685597551588833, 5.141986812134569, 0.1340708559072178, 0.0, 0.00012727566263492918, 0.8322259474340109, 0.2341497045015244, 5.034931587211133e-07]
[0.0, 884996.1115491362, 5.685597551588833, 5.141986812134569, 0.1340708559072178, 0.0, 0.00012727566263492918, 0.8322259474340109, 0.2341497045015244, 5.034931587211133e-07]
[0.0, 884996.1115491362, 5.685597551588833, 5.141986812134569, 0.1340708559072178, 0.0, 0.00012727566263492918, 0.8322259474340109, 0.2341497045015244, 5.034931587211133e-07]
[0.0, 884996.1115491362, 5.685597551588833, 5.141986812134569, 0.1340708559072178, 0.0, 0.00012727566263492918, 0.8322259474340109, 0.2341497045015244, 5.034931587211133e-07]
[0.0, 884996.1115491362, 5.685597551588833, 5.141986812134569, 0.1340708559072178, 0.0, 0.00012727566263492918, 0.8322259474340109, 0.2341497045015244, 5.034931587211133e-07]
[0.0, 884996.1115491362, 5.685597551588833, 5.141986812134569, 0.1340708559072178, 0.0, 0.00012727566263492918, 0.8322259474340109, 0.2341497045015244, 5.034931587211133e-07]
[0.0, 884996.1115491362, 5.685597551588833, 5.141986812134569, 0.1340708559072178, 0.0, 0.00012727566263492918, 0.8322259474340109, 0.2341497045015244, 5.034931587211133e-07]
[0.0, 884996.1115491362, 5.685597551588833, 5.141986812134569, 0.1340708559072178, 0.0, 0.00012727566263492918, 0.8322259474340109, 0.2341497045015244, 5.034931587211133e-07]
[0.0, 884996.1115491362, 5.685597551588833, 5.141986812134569, 0.1340708559072178, 0.0, 0.00012727566263492918, 0.8322259474340109, 0.2341497045015244, 5.034931587211133e-07]
[0.0, 884996.1115491362, 5.685597551588833, 5.141986812134569, 0.1340708559072178, 0.0, 0.00012727566263492918, 0.8322259474340109, 0.2341497045015244, 5.034931587211133e-07]
[0.0, 884996.1115491362, 5.685597551588833, 5.141986812134569, 0.1340708559072178, 0.0, 0.00012727566263492918, 0.8322259474340109, 0.2341497045015244, 5.034931587211133e-07]
[0.0, 884996.1115491362, 5.685597551588833, 5.141986812134569, 0.1340708559072178, 0.0, 0.00012727566263492918, 0.8322259474340109, 0.2341497045015244, 5.034931587211133e-07]
[0.0, 884996.1115491362, 5.685597551588833, 5.141986812134569, 0.1340708559072178, 0.0, 0.00012727566263492918, 0.8322259474340109, 0.2341497045015244, 5.034931587211133e-07]
[0.0, 884996.1115491362, 5.685597551588833, 5.141986812134569, 0.1340708559072178, 0.0, 0.00012727566263492918, 0.8322259474340109, 0.2341497045015244, 5.034931587211133e-07]
[0.0, 884996.1115491362, 5.685597551588833, 5.141986812134569, 0.1340708559072178, 0.0, 0.00012727566263492918, 0.8322259474340109, 0.2341497045015244, 5.034931587211133e-07]
[0.0, 884996.1115491362, 5.685597551588833, 5.141986812134569, 0.1340708559072178, 0.0, 0.00012727566263492918, 0.8322259474340109, 0.2341497045015244, 5.034931587211133e-07]
[0.0, 884996.1115491362, 5.685597551588833, 5.141986812134569, 0.1340708559072178, 0.0, 0.00012727566263492918, 0.8322259474340109, 0.2341497045015244, 5.034931587211133e-07]
[0.0, 884996.1115491362, 5.685597551588833, 5.141986812134569, 0.1340708559072178, 0.0, 0.00012727566263492918, 0.8322259474340109, 0.2341497045015244, 5.034931587211133e-07]
[0.0, 884996.1115491362, 5.685597551588833, 5.141986812134569, 0.1340708559072178, 0.0, 0.00012727566263492918, 0.8322259474340109, 0.2341497045015244, 5.034931587211133e-07]
[0.0, 884996.1115491362, 5.685597551588833, 5.141986812134569, 0.1340708559072178, 0.0, 0.00012727566263492918, 0.8322259474340109, 0.2341497045015244, 5.034931587211133e-07]
[0.0, 884996.1115491362, 5.685597551588833, 5.141986812134569, 0.1340708559072178, 0.0, 0.00012727566263492918, 0.8322259474340109, 0.2341497045015244, 4.5699631856521705e-07]
[0.0, 884996.1115491362, 5.685597551588833, 5.141986812134569, 0.1340708559072178, 0.0, 0.00012727566263492918, 0.8322259474340109, 0.2341497045015244, 4.5699631856521705e-07]
[0.0, 884996.1115491362, 5.685597551588833, 5.141986812134569, 0.1340708559072178, 0.0, 0.00012727566263492918, 0.8322259474340109, 0.2341497045015244, 4.5699631856521705e-07]
[0.0, 884996.1115491362, 5.685597551588833, 5.141986812134569, 0.1340708559072178, 0.0, 0.00012727566263492918, 0.8322259474340109, 0.2341497045015244, 4.5699631856521705e-07]
[0.0, 884996.1115491362, 5.685597551588833, 5.141986812134569, 0.1340708559072178, 0.0, 0.00012727566263492918, 0.8322259474340109, 0.2341497045015244, 4.5699631856521705e-07]
[0.0, 884996.1115491362, 5.685597551588833, 5.141986812134569, 0.1340708559072178, 0.0, 0.00012727566263492918, 0.8322259474340109, 0.2341497045015244, 4.5699631856521705e-07]
[0.0, 884996.1115491362, 5.685597551588833, 5.141986812134569, 0.1340708559072178, 0.0, 0.00012727566263492918, 0.8322259474340109, 0.2341497045015244, 4.5699631856521705e-07]
[0.0, 884996.1115491362, 5.685597551588833, 5.141986812134569, 0.1340708559072178, 0.0, 0.00012727566263492918, 0.8322259474340109, 0.2341497045015244, 4.5699631856521705e-07]
[0.0, 884996.1115491362, 5.685597551588833, 5.141986812134569, 0.1340708559072178, 0.0, 0.00012727566263492918, 0.8322259474340109, 0.2341497045015244, 4.5699631856521705e-07]
[0.0, 884996.1115491362, 5.685597551588833, 5.141986812134569, 0.1340708559072178, 0.0, 0.00012727566263492918, 0.8322259474340109, 0.2341497045015244, 4.5699631856521705e-07]
[0.0, 884996.1115491362, 5.685597551588833, 5.141986812134569, 0.1340708559072178, 0.0, 0.00012727566263492918, 0.8322259474340109, 0.2341497045015244, 4.5699631856521705e-07]
[0.0, 884996.1115491362, 5.685597551588833, 5.141986812134569, 0.1340708559072178, 0.0, 0.00012727566263492918, 0.8322259474340109, 0.2341497045015244, 4.5699631856521705e-07]
[0.0, 884996.1115491362, 5.685597551588833, 5.141986812134569, 0.1340708559072178, 0.0, 0.00012727566263492918, 0.8322259474340109, 0.2341497045015244, 4.5699631856521705e-07]
[0.0, 884996.1115491362, 5.685597551588833, 5.141986812134569, 0.1340708559072178, 0.0, 0.00012727566263492918, 0.8322259474340109, 0.2341497045015244, 4.5699631856521705e-07]
[0.0, 884996.1115491362, 5.685597551588833, 5.141986812134569, 0.1340708559072178, 0.0, 0.00012727566263492918, 0.8322259474340109, 0.2341497045015244, 4.5699631856521705e-07]
[0.0, 884996.1115491362, 5.685597551588833, 5.141986812134569, 0.1340708559072178, 0.0, 0.00012727566263492918, 0.8322259474340109, 0.2341497045015244, 4.5699631856521705e-07]
[0.0, 884996.1115491362, 5.685597551588833, 5.141986812134569, 0.1340708559072178, 0.0, 0.00012727566263492918, 0.8322259474340109, 0.2341497045015244, 4.5699631856521705e-07]
[0.0, 884996.1115491362, 5.685597551588833, 5.141986812134569, 0.1340708559072178, 0.0, 0.00012727566263492918, 0.8322259474340109, 0.2341497045015244, 4.5699631856521705e-07]
[0.0, 884996.1115491362, 5.685597551588833, 5.141986812134569, 0.1340708559072178, 0.0, 0.00012727566263492918, 0.8322259474340109, 0.2341497045015244, 4.5699631856521705e-07]
[0.0, 884996.1115491362, 5.685597551588833, 5.141986812134569, 0.1340708559072178, 0.0, 0.00012727566263492918, 0.8322259474340109, 0.2341497045015244, 4.5699631856521705e-07]
[0.0, 884996.1115491362, 5.685597551588833, 5.141986812134569, 0.1340708559072178, 0.0, 0.00012727566263492918, 0.8322259474340109, 0.2341497045015244, 4.5699631856521705e-07]
[0.0, 884996.1115491362, 5.685597551588833, 5.141986812134569, 0.1340708559072178, 0.0, 0.00012727566263492918, 0.8322259474340109, 0.2341497045015244, 4.5699631856521705e-07]
[0.0, 884996.1115491362, 5.685597551588833, 5.141986812134569, 0.1340708559072178, 0.0, 0.00012727566263492918, 0.8322259474340109, 0.2341497045015244, 4.5699631856521705e-07]
[0.0, 884996.1115491362, 5.685597551588833, 5.141986812134569, 0.1340708559072178, 0.0, 0.00012727566263492918, 0.8322259474340109, 0.2341497045015244, 4.5699631856521705e-07]
[0.0, 884996.1115491362, 5.685597551588833, 5.141986812134569, 0.1340708559072178, 0.0, 0.00012727566263492918, 0.8322259474340109, 0.2341497045015244, 4.5699631856521705e-07]
[0.0, 884996.1115491362, 5.685597551588833, 5.141986812134569, 0.1340708559072178, 0.0, 0.00012727566263492918, 0.8322259474340109, 0.2341497045015244, 4.5699631856521705e-07]
[0.0, 884996.1115491362, 5.685597551588833, 5.141986812134569, 0.1340708559072178, 0.0, 0.00012727566263492918, 0.8322259474340109, 0.2341497045015244, 4.5699631856521705e-07]
[0.0, 884996.1115491362, 5.685597551588833, 5.141986812134569, 0.1340708559072178, 0.0, 0.00012727566263492918, 0.8322259474340109, 0.2341497045015244, 4.5699631856521705e-07]
[0.0, 884996.1115491362, 5.685597551588833, 5.141986812134569, 0.1340708559072178, 0.0, 0.00012727566263492918, 0.8322259474340109, 0.2341497045015244, 4.5699631856521705e-07]
[0.0, 884996.1115491362, 5.685597551588833, 5.141986812134569, 0.1340708559072178, 0.0, 0.00012727566263492918, 0.8322259474340109, 0.2341497045015244, 4.5699631856521705e-07]
[0.0, 884996.1115491362, 5.685597551588833, 5.141986812134569, 0.1340708559072178, 0.0, 0.00012727566263492918, 0.8322259474340109, 0.2341497045015244, 4.5699631856521705e-07]
[0.0, 884996.1115491362, 5.685597551588833, 5.141986812134569, 0.1340708559072178, 0.0, 0.00012727566263492918, 0.8322259474340109, 0.2341497045015244, 4.5699631856521705e-07]
[0.0, 884996.1115491362, 5.685597551588833, 5.141986812134569, 0.1340708559072178, 0.0, 0.00012727566263492918, 0.8322259474340109, 0.2341497045015244, 4.5699631856521705e-07]
[0.0, 884996.1115491362, 5.685597551588833, 5.141986812134569, 0.1340708559072178, 0.0, 0.00012727566263492918, 0.8322259474340109, 0.2341497045015244, 4.5699631856521705e-07]
[0.0, 884996.1115491362, 5.685597551588833, 5.141986812134569, 0.1340708559072178, 0.0, 0.00012727566263492918, 0.8322259474340109, 0.2341497045015244, 4.5699631856521705e-07]
[0.0, 884996.1115491362, 5.685597551588833, 5.141986812134569, 0.1340708559072178, 0.0, 0.00012727566263492918, 0.8322259474340109, 0.2341497045015244, 4.5699631856521705e-07]
[0.0, 884996.1115491362, 5.685597551588833, 5.141986812134569, 0.1340708559072178, 0.0, 0.00012727566263492918, 0.8322259474340109, 0.2341497045015244, 4.5699631856521705e-07]
[0.0, 884996.1115491362, 5.685597551588833, 5.141986812134569, 0.1340708559072178, 0.0, 0.00012727566263492918, 0.8322259474340109, 0.2341497045015244, 4.5699631856521705e-07]
[0.0, 884996.1115491362, 5.685597551588833, 5.141986812134569, 0.1340708559072178, 0.0, 0.00012727566263492918, 0.8322259474340109, 0.2341497045015244, 4.5699631856521705e-07]
[0.0, 884996.1115491362, 5.685597551588833, 5.141986812134569, 0.1340708559072178, 0.0, 0.00012727566263492918, 0.8322259474340109, 0.2341497045015244, 4.5699631856521705e-07]
[0.0, 884996.1115491362, 5.685597551588833, 5.141986812134569, 0.1340708559072178, 0.0, 0.00012727566263492918, 0.8322259474340109, 0.2341497045015244, 4.5699631856521705e-07]
[0.0, 884996.1115491362, 5.685597551588833, 5.141986812134569, 0.1340708559072178, 0.0, 0.00012727566263492918, 0.8322259474340109, 0.2341497045015244, 4.5699631856521705e-07]
[0.0, 884996.1115491362, 5.685597551588833, 5.141986812134569, 0.1340708559072178, 0.0, 0.00012727566263492918, 0.8047000811299225, 0.2341497045015244, 4.5699631856521705e-07]
[0.0, 884996.1115491362, 5.685597551588833, 5.141986812134569, 0.1340708559072178, 0.0, 0.00012727566263492918, 0.8047000811299225, 0.2341497045015244, 4.5699631856521705e-07]
[0.0, 884996.1115491362, 5.685597551588833, 5.141986812134569, 0.1340708559072178, 0.0, 0.00012727566263492918, 0.8047000811299225, 0.2341497045015244, 3.2759938806137257e-07]
[0.0, 884996.1115491362, 5.685597551588833, 5.141986812134569, 0.1340708559072178, 0.0, 0.00012727566263492918, 0.8047000811299225, 0.2341497045015244, 3.2759938806137257e-07]
[0.0, 884996.1115491362, 5.685597551588833, 5.141986812134569, 0.1340708559072178, 0.0, 0.00012727566263492918, 0.8047000811299225, 0.2341497045015244, 3.2759938806137257e-07]
[0.0, 884996.1115491362, 5.685597551588833, 5.141986812134569, 0.1340708559072178, 0.0, 0.00012727566263492918, 0.8047000811299225, 0.2341497045015244, 3.2759938806137257e-07]
[0.0, 884996.1115491362, 5.685597551588833, 5.141986812134569, 0.1340708559072178, 0.0, 0.00012727566263492918, 0.8047000811299225, 0.2341497045015244, 3.2759938806137257e-07]
[0.0, 884996.1115491362, 5.685597551588833, 5.141986812134569, 0.1340708559072178, 0.0, 0.00012727566263492918, 0.8047000811299225, 0.2341497045015244, 3.2759938806137257e-07]
[0.0, 884996.1115491362, 5.685597551588833, 5.141986812134569, 0.1340708559072178, 0.0, 0.00012727566263492918, 0.8047000811299225, 0.2341497045015244, 3.2759938806137257e-07]
[0.0, 884996.1115491362, 5.685597551588833, 5.141986812134569, 0.1340708559072178, 0.0, 0.00012727566263492918, 0.8047000811299225, 0.2341497045015244, 3.2759938806137257e-07]
[0.0, 884996.1115491362, 5.685597551588833, 5.141986812134569, 0.1340708559072178, 0.0, 0.00012727566263492918, 0.8047000811299225, 0.2341497045015244, 3.2759938806137257e-07]
[0.0, 884996.1115491362, 5.685597551588833, 5.141986812134569, 0.1340708559072178, 0.0, 0.00012727566263492918, 0.8047000811299225, 0.2341497045015244, 3.2759938806137257e-07]
[0.0, 884996.1115491362, 5.685597551588833, 5.141986812134569, 0.1340708559072178, 0.0, 0.00012727566263492918, 0.8047000811299225, 0.2341497045015244, 3.2759938806137257e-07]
[0.0, 884996.1115491362, 5.685597551588833, 5.141986812134569, 0.1340708559072178, 0.0, 0.00012727566263492918, 0.8047000811299225, 0.2341497045015244, 3.2759938806137257e-07]
[0.0, 884996.1115491362, 5.685597551588833, 5.141986812134569, 0.1340708559072178, 0.0, 0.00012727566263492918, 0.8047000811299225, 0.2341497045015244, 3.2759938806137257e-07]
[0.0, 884996.1115491362, 5.685597551588833, 5.141986812134569, 0.1340708559072178, 0.0, 0.00012727566263492918, 0.8047000811299225, 0.2341497045015244, 3.2759938806137257e-07]
[0.0, 884996.1115491362, 5.685597551588833, 5.141986812134569, 0.1340708559072178, 0.0, 0.00012727566263492918, 0.8047000811299225, 0.2341497045015244, 3.2759938806137257e-07]
[0.0, 884996.1115491362, 5.685597551588833, 5.141986812134569, 0.1340708559072178, 0.0, 0.00012727566263492918, 0.8047000811299225, 0.2341497045015244, 3.2759938806137257e-07]
[0.0, 884996.1115491362, 5.685597551588833, 5.141986812134569, 0.1340708559072178, 0.0, 0.00012727566263492918, 0.8047000811299225, 0.2341497045015244, 3.2759938806137257e-07]
[0.0, 884996.1115491362, 5.685597551588833, 5.141986812134569, 0.1340708559072178, 0.0, 0.00012727566263492918, 0.8047000811299225, 0.2341497045015244, 3.2759938806137257e-07]
[0.0, 884996.1115491362, 5.685597551588833, 5.141986812134569, 0.1340708559072178, 0.0, 0.00012727566263492918, 0.8047000811299225, 0.2341497045015244, 3.2759938806137257e-07]
[0.0, 884996.1115491362, 5.685597551588833, 5.141986812134569, 0.1340708559072178, 0.0, 0.00012727566263492918, 0.8047000811299225, 0.2341497045015244, 3.2759938806137257e-07]
[0.0, 884996.1115491362, 5.685597551588833, 5.141986812134569, 0.1340708559072178, 0.0, 0.00012727566263492918, 0.8047000811299225, 0.2341497045015244, 3.2759938806137257e-07]
[0.0, 884996.1115491362, 5.685597551588833, 5.141986812134569, 0.1340708559072178, 0.0, 0.00012727566263492918, 0.8047000811299225, 0.2341497045015244, 3.2759938806137257e-07]
[0.0, 884996.1115491362, 5.685597551588833, 5.141986812134569, 0.1340708559072178, 0.0, 0.00012727566263492918, 0.8047000811299225, 0.2341497045015244, 3.2759938806137257e-07]
[0.0, 884996.1115491362, 5.685597551588833, 5.141986812134569, 0.1340708559072178, 0.0, 0.00012727566263492918, 0.8047000811299225, 0.2341497045015244, 3.2131525928846827e-07]
[0.0, 884996.1115491362, 5.685597551588833, 5.141986812134569, 0.1340708559072178, 0.0, 0.00012727566263492918, 0.8047000811299225, 0.2341497045015244, 3.2131525928846827e-07]
[0.0, 884996.1115491362, 5.685597551588833, 5.141986812134569, 0.1340708559072178, 0.0, 0.00012727566263492918, 0.8047000811299225, 0.2341497045015244, 3.2131525928846827e-07]
[0.0, 884996.1115491362, 5.685597551588833, 5.141986812134569, 0.1340708559072178, 0.0, 0.00012727566263492918, 0.8047000811299225, 0.2341497045015244, 3.2131525928846827e-07]
[0.0, 884996.1115491362, 5.685597551588833, 5.141986812134569, 0.1340708559072178, 0.0, 0.00012727566263492918, 0.8047000811299225, 0.2341497045015244, 3.2131525928846827e-07]
[0.0, 884996.1115491362, 5.685597551588833, 5.141986812134569, 0.1340708559072178, 0.0, 0.00012727566263492918, 0.8047000811299225, 0.2341497045015244, 3.2131525928846827e-07]
[0.0, 884996.1115491362, 5.685597551588833, 5.141986812134569, 0.1340708559072178, 0.0, 0.00012727566263492918, 0.8047000811299225, 0.2341497045015244, 3.2131525928846827e-07]
[0.0, 884996.1115491362, 5.685597551588833, 5.141986812134569, 0.1340708559072178, 0.0, 0.00012727566263492918, 0.8047000811299225, 0.2341497045015244, 3.2131525928846827e-07]
[0.0, 884996.1115491362, 5.685597551588833, 5.141986812134569, 0.1340708559072178, 0.0, 0.00012727566263492918, 0.8047000811299225, 0.2341497045015244, 3.2131525928846827e-07]
[0.0, 884996.1115491362, 5.685597551588833, 5.141986812134569, 0.1340708559072178, 0.0, 0.00012727566263492918, 0.8047000811299225, 0.2341497045015244, 3.2131525928846827e-07]
[0.0, 884996.1115491362, 5.685597551588833, 5.141986812134569, 0.1340708559072178, 0.0, 0.00012727566263492918, 0.8047000811299225, 0.2341497045015244, 3.210393413333179e-07]
[0.0, 884996.1115491362, 5.685597551588833, 5.141986812134569, 0.1340708559072178, 0.0, 0.00012727566263492918, 0.8047000811299225, 0.2341497045015244, 3.210393413333179e-07]
[0.0, 884996.1115491362, 5.685597551588833, 5.141986812134569, 0.1340708559072178, 0.0, 0.00012727566263492918, 0.8047000811299225, 0.2341497045015244, 3.210393413333179e-07]
[0.0, 884996.1115491362, 5.685597551588833, 5.141986812134569, 0.1340708559072178, 0.0, 0.00012727566263492918, 0.7361741119252209, 0.2341497045015244, 3.210393413333179e-07]
[0.0, 884996.1115491362, 5.685597551588833, 5.141986812134569, 0.1340708559072178, 0.0, 0.00012727566263492918, 0.7361741119252209, 0.2341497045015244, 3.210393413333179e-07]
[0.0, 884996.1115491362, 5.685597551588833, 5.141986812134569, 0.1340708559072178, 0.0, 0.00012727566263492918, 0.7361741119252209, 0.2341497045015244, 3.210393413333179e-07]
[0.0, 884996.1115491362, 5.685597551588833, 5.141986812134569, 0.1340708559072178, 0.0, 0.00012727566263492918, 0.7361741119252209, 0.2341497045015244, 3.210393413333179e-07]
[0.0, 884996.1115491362, 5.685597551588833, 5.141986812134569, 0.1340708559072178, 0.0, 0.00012727566263492918, 0.7361741119252209, 0.2341497045015244, 3.210393413333179e-07]
[0.0, 884996.1115491362, 5.685597551588833, 5.141986812134569, 0.1340708559072178, 0.0, 0.00012727566263492918, 0.7361741119252209, 0.2341497045015244, 3.210393413333179e-07]
[0.0, 884996.1115491362, 5.685597551588833, 5.141986812134569, 0.1340708559072178, 0.0, 0.00012727566263492918, 0.7361741119252209, 0.2341497045015244, 3.210393413333179e-07]
[0.0, 884996.1115491362, 5.685597551588833, 5.141986812134569, 0.1340708559072178, 0.0, 0.00012727566263492918, 0.7361741119252209, 0.2341497045015244, 3.210393413333179e-07]
[0.0, 884996.1115491362, 5.685597551588833, 5.141986812134569, 0.1340708559072178, 0.0, 0.00012727566263492918, 0.7361741119252209, 0.2341497045015244, 3.210393413333179e-07]
[0.0, 884996.1115491362, 5.685597551588833, 5.141986812134569, 0.1340708559072178, 0.0, 0.00012727566263492918, 0.7361741119252209, 0.2341497045015244, 3.210393413333179e-07]
[0.0, 884996.1115491362, 5.685597551588833, 5.141986812134569, 0.1340708559072178, 0.0, 0.00012727566263492918, 0.7361741119252209, 0.2341497045015244, 3.210393413333179e-07]
[0.0, 884996.1115491362, 5.685597551588833, 5.141986812134569, 0.1340708559072178, 0.0, 0.00012727566263492918, 0.7361741119252209, 0.2341497045015244, 3.210393413333179e-07]
[0.0, 884996.1115491362, 5.685597551588833, 5.141986812134569, 0.1340708559072178, 0.0, 0.00012727566263492918, 0.7361741119252209, 0.2341497045015244, 3.210393413333179e-07]
[0.0, 884996.1115491362, 5.685597551588833, 5.141986812134569, 0.1340708559072178, 0.0, 0.00012727566263492918, 0.7361741119252209, 0.2341497045015244, 3.210393413333179e-07]
[0.0, 884996.1115491362, 5.685597551588833, 5.141986812134569, 0.1340708559072178, 0.0, 0.00012727566263492918, 0.7361741119252209, 0.2341497045015244, 3.210393413333179e-07]
[0.0, 884996.1115491362, 5.685597551588833, 5.141986812134569, 0.1340708559072178, 0.0, 0.00012727566263492918, 0.7361741119252209, 0.2341497045015244, 3.210393413333179e-07]
[0.0, 884996.1115491362, 5.685597551588833, 5.141986812134569, 0.1340708559072178, 0.0, 0.00012727566263492918, 0.7361741119252209, 0.2341497045015244, 3.210393413333179e-07]
[0.0, 884996.1115491362, 5.685597551588833, 5.141986812134569, 0.1340708559072178, 0.0, 0.00012727566263492918, 0.7361741119252209, 0.2341497045015244, 3.129071761698299e-07]
[0.0, 884996.1115491362, 5.685597551588833, 5.141986812134569, 0.1340708559072178, 0.0, 0.00012727566263492918, 0.7361741119252209, 0.2341497045015244, 3.129071761698299e-07]
[0.0, 884996.1115491362, 5.685597551588833, 5.141986812134569, 0.1340708559072178, 0.0, 0.00012727566263492918, 0.7361741119252209, 0.2341497045015244, 3.129071761698299e-07]
[0.0, 884996.1115491362, 5.685597551588833, 5.141986812134569, 0.1340708559072178, 0.0, 0.00012727566263492918, 0.7361741119252209, 0.2341497045015244, 3.129071761698299e-07]
[0.0, 884996.1115491362, 5.685597551588833, 5.141986812134569, 0.1340708559072178, 0.0, 0.00012727566263492918, 0.7361741119252209, 0.2341497045015244, 3.129071761698299e-07]
[0.0, 884996.1115491362, 5.685597551588833, 5.141986812134569, 0.1340708559072178, 0.0, 0.00012727566263492918, 0.7361741119252209, 0.2341497045015244, 2.306731983203747e-07]
[0.0, 884996.1115491362, 5.685597551588833, 5.141986812134569, 0.1340708559072178, 0.0, 0.00012727566263492918, 0.7361741119252209, 0.2341497045015244, 2.306731983203747e-07]
[0.0, 884996.1115491362, 5.685597551588833, 5.141986812134569, 0.1340708559072178, 0.0, 0.00012727566263492918, 0.7361741119252209, 0.2341497045015244, 2.306731983203747e-07]
[0.0, 884996.1115491362, 5.685597551588833, 5.141986812134569, 0.1340708559072178, 0.0, 0.00012727566263492918, 0.7361741119252209, 0.2341497045015244, 2.306731983203747e-07]
[0.0, 884996.1115491362, 5.685597551588833, 5.141986812134569, 0.1340708559072178, 0.0, 0.00012727566263492918, 0.7361741119252209, 0.2341497045015244, 2.306731983203747e-07]
[0.0, 884996.1115491362, 5.685597551588833, 5.141986812134569, 0.1340708559072178, 0.0, 0.00012727566263492918, 0.7361741119252209, 0.2341497045015244, 2.306731983203747e-07]
[0.0, 884996.1115491362, 5.685597551588833, 5.141986812134569, 0.1340708559072178, 0.0, 0.00012727566263492918, 0.7361741119252209, 0.2341497045015244, 2.306731983203747e-07]
[0.0, 884996.1115491362, 5.685597551588833, 5.141986812134569, 0.1340708559072178, 0.0, 0.00012727566263492918, 0.7361741119252209, 0.2341497045015244, 2.306731983203747e-07]
[0.0, 884996.1115491362, 5.685597551588833, 5.141986812134569, 0.1340708559072178, 0.0, 0.00012727566263492918, 0.7361741119252209, 0.2341497045015244, 2.306731983203747e-07]
[0.0, 884996.1115491362, 5.685597551588833, 5.141986812134569, 0.1340708559072178, 0.0, 0.00012727566263492918, 0.7361741119252209, 0.2341497045015244, 2.306731983203747e-07]
[0.0, 884996.1115491362, 5.685597551588833, 5.141986812134569, 0.1340708559072178, 0.0, 0.00012727566263492918, 0.7361741119252209, 0.2341497045015244, 2.306731983203747e-07]
[0.0, 884996.1115491362, 5.685597551588833, 5.141986812134569, 0.1340708559072178, 0.0, 0.00012727566263492918, 0.7361741119252209, 0.2341497045015244, 2.306731983203747e-07]
[0.0, 884996.1115491362, 5.685597551588833, 5.141986812134569, 0.1340708559072178, 0.0, 0.00012727566263492918, 0.7361741119252209, 0.2341497045015244, 2.306731983203747e-07]
[0.0, 884996.1115491362, 5.685597551588833, 5.141986812134569, 0.1340708559072178, 0.0, 0.00012727566263492918, 0.7361741119252209, 0.2341497045015244, 2.306731983203747e-07]
[0.0, 884996.1115491362, 5.685597551588833, 5.141986812134569, 0.1340708559072178, 0.0, 0.00012727566263492918, 0.7361741119252209, 0.2341497045015244, 2.306731983203747e-07]
[0.0, 884996.1115491362, 5.685597551588833, 5.141986812134569, 0.1340708559072178, 0.0, 0.00012727566263492918, 0.7361741119252209, 0.2341497045015244, 2.306731983203747e-07]
[0.0, 884996.1115491362, 5.685597551588833, 5.141986812134569, 0.1340708559072178, 0.0, 0.00012727566263492918, 0.7361741119252209, 0.2341497045015244, 2.306731983203747e-07]
[0.0, 884996.1115491362, 5.685597551588833, 5.141986812134569, 0.1340708559072178, 0.0, 0.00012727566263492918, 0.7361741119252209, 0.2341497045015244, 2.306731983203747e-07]
[0.0, 884996.1115491362, 5.685597551588833, 5.141986812134569, 0.1340708559072178, 0.0, 0.00012727566263492918, 0.7361741119252209, 0.2341497045015244, 2.306731983203747e-07]
[0.0, 884996.1115491362, 5.685597551588833, 5.141986812134569, 0.1340708559072178, 0.0, 0.00012727566263492918, 0.7361741119252209, 0.2341497045015244, 2.306731983203747e-07]
[0.0, 884996.1115491362, 5.685597551588833, 5.141986812134569, 0.1340708559072178, 0.0, 0.00012727566263492918, 0.7361741119252209, 0.2341497045015244, 2.306731983203747e-07]
[0.0, 884996.1115491362, 5.685597551588833, 5.141986812134569, 0.1340708559072178, 0.0, 0.00012727566263492918, 0.7361741119252209, 0.2341497045015244, 2.306731983203747e-07]
[0.0, 884996.1115491362, 5.685597551588833, 5.141986812134569, 0.1340708559072178, 0.0, 0.00012727566263492918, 0.7361741119252209, 0.2341497045015244, 2.306731983203747e-07]
[0.0, 884996.1115491362, 5.685597551588833, 5.141986812134569, 0.1340708559072178, 0.0, 0.00012727566263492918, 0.7361741119252209, 0.2341497045015244, 2.306731983203747e-07]
[0.0, 884996.1115491362, 5.685597551588833, 5.141986812134569, 0.1340708559072178, 0.0, 0.00012727566263492918, 0.7361741119252209, 0.2341497045015244, 2.306731983203747e-07]
[0.0, 884996.1115491362, 5.685597551588833, 5.141986812134569, 0.1340708559072178, 0.0, 0.00012727566263492918, 0.7361741119252209, 0.2341497045015244, 2.306731983203747e-07]
[0.0, 884996.1115491362, 5.685597551588833, 5.141986812134569, 0.1340708559072178, 0.0, 0.00012727566263492918, 0.7361741119252209, 0.2341497045015244, 2.306731983203747e-07]
[0.0, 884996.1115491362, 5.685597551588833, 5.141986812134569, 0.1340708559072178, 0.0, 0.00012727566263492918, 0.7361741119252209, 0.2341497045015244, 2.306731983203747e-07]
[0.0, 884996.1115491362, 5.685597551588833, 5.141986812134569, 0.1340708559072178, 0.0, 0.00012727566263492918, 0.7361741119252209, 0.2341497045015244, 2.306731983203747e-07]
[0.0, 884996.1115491362, 5.685597551588833, 5.141986812134569, 0.1340708559072178, 0.0, 0.00012727566263492918, 0.7361741119252209, 0.2341497045015244, 2.306731983203747e-07]
[0.0, 884996.1115491362, 5.685597551588833, 5.141986812134569, 0.1340708559072178, 0.0, 0.00012727566263492918, 0.7361741119252209, 0.2341497045015244, 1.888148379869392e-07]
[0.0, 884996.1115491362, 5.685597551588833, 5.141986812134569, 0.1340708559072178, 0.0, 0.00012727566263492918, 0.7361741119252209, 0.2341497045015244, 1.888148379869392e-07]
[0.0, 884996.1115491362, 5.685597551588833, 5.141986812134569, 0.1340708559072178, 0.0, 0.00012727566263492918, 0.7361741119252209, 0.2341497045015244, 1.888148379869392e-07]
[0.0, 884996.1115491362, 5.685597551588833, 5.141986812134569, 0.1340708559072178, 0.0, 0.00012727566263492918, 0.7361741119252209, 0.2341497045015244, 1.676309477893767e-07]
[0.0, 884996.1115491362, 5.685597551588833, 5.141986812134569, 0.1340708559072178, 0.0, 0.00012727566263492918, 0.7361741119252209, 0.2341497045015244, 1.676309477893767e-07]
[0.0, 884996.1115491362, 5.685597551588833, 4.795138444262866, 0.1340708559072178, 0.0, 0.00012727566263492918, 0.7361741119252209, 0.2341497045015244, 1.676309477893767e-07]
[0.0, 884996.1115491362, 5.685597551588833, 4.795138444262866, 0.1340708559072178, 0.0, 0.00012727566263492918, 0.7361741119252209, 0.2341497045015244, 1.676309477893767e-07]
[0.0, 884996.1115491362, 5.685597551588833, 4.795138444262866, 0.1340708559072178, 0.0, 0.00012727566263492918, 0.7361741119252209, 0.2341497045015244, 1.676309477893767e-07]
[0.0, 884996.1115491362, 5.685597551588833, 4.795138444262866, 0.1340708559072178, 0.0, 0.00012727566263492918, 0.7361741119252209, 0.2341497045015244, 1.676309477893767e-07]
[0.0, 884996.1115491362, 5.685597551588833, 4.795138444262866, 0.1340708559072178, 0.0, 0.00012727566263492918, 0.7361741119252209, 0.2341497045015244, 1.676309477893767e-07]
[0.0, 884996.1115491362, 5.685597551588833, 4.795138444262866, 0.1340708559072178, 0.0, 0.00012727566263492918, 0.7361741119252209, 0.2341497045015244, 1.676309477893767e-07]
[0.0, 884996.1115491362, 5.685597551588833, 4.795138444262866, 0.1340708559072178, 0.0, 0.00012727566263492918, 0.7361741119252209, 0.2341497045015244, 1.676309477893767e-07]
[0.0, 884996.1115491362, 5.685597551588833, 4.795138444262866, 0.1340708559072178, 0.0, 0.00012727566263492918, 0.7361741119252209, 0.2341497045015244, 1.676309477893767e-07]
[0.0, 884996.1115491362, 5.685597551588833, 4.795138444262866, 0.1340708559072178, 0.0, 0.00012727566263492918, 0.7361741119252209, 0.2341497045015244, 1.676309477893767e-07]
[0.0, 884996.1115491362, 5.685597551588833, 4.795138444262866, 0.1340708559072178, 0.0, 0.00012727566263492918, 0.7361741119252209, 0.2341497045015244, 1.676309477893767e-07]
[0.0, 884996.1115491362, 5.685597551588833, 4.795138444262866, 0.1340708559072178, 0.0, 0.00012727566263492918, 0.7361741119252209, 0.2341497045015244, 1.2889158940154744e-07]
[0.0, 884996.1115491362, 5.685597551588833, 4.795138444262866, 0.1340708559072178, 0.0, 0.00012727566263492918, 0.7361741119252209, 0.2341497045015244, 1.2889158940154744e-07]
[0.0, 884996.1115491362, 5.685597551588833, 4.795138444262866, 0.1340708559072178, 0.0, 0.00012727566263492918, 0.7361741119252209, 0.2341497045015244, 1.2889158940154744e-07]
[0.0, 884996.1115491362, 5.685597551588833, 4.795138444262866, 0.1340708559072178, 0.0, 0.00012727566263492918, 0.7361741119252209, 0.2341497045015244, 1.2889158940154744e-07]
[0.0, 884996.1115491362, 5.685597551588833, 4.795138444262866, 0.1340708559072178, 0.0, 0.00012727566263492918, 0.7361741119252209, 0.2341497045015244, 1.2889158940154744e-07]
[0.0, 884996.1115491362, 5.685597551588833, 4.795138444262866, 0.1340708559072178, 0.0, 0.00012727566263492918, 0.7361741119252209, 0.2341497045015244, 1.2889158940154744e-07]
[0.0, 884996.1115491362, 5.685597551588833, 4.795138444262866, 0.1340708559072178, 0.0, 0.00012727566263492918, 0.7361741119252209, 0.2341497045015244, 1.2889158940154744e-07]
[0.0, 884996.1115491362, 5.685597551588833, 4.795138444262866, 0.1340708559072178, 0.0, 0.00012727566263492918, 0.7361741119252209, 0.2341497045015244, 1.2889158940154744e-07]
[0.0, 884996.1115491362, 5.685597551588833, 4.795138444262866, 0.1340708559072178, 0.0, 0.00012727566263492918, 0.7361741119252209, 0.2341497045015244, 1.2889158940154744e-07]
[0.0, 884996.1115491362, 5.685597551588833, 4.795138444262866, 0.1340708559072178, 0.0, 0.00012727566263492918, 0.7361741119252209, 0.2341497045015244, 1.2889158940154744e-07]
[0.0, 884996.1115491362, 5.685597551588833, 4.795138444262866, 0.1340708559072178, 0.0, 0.00012727566263492918, 0.7361741119252209, 0.2341497045015244, 1.2889158940154744e-07]
[0.0, 884996.1115491362, 5.685597551588833, 4.795138444262866, 0.1340708559072178, 0.0, 0.00012727566263492918, 0.7361741119252209, 0.2341497045015244, 1.2889158940154744e-07]
[0.0, 884996.1115491362, 5.685597551588833, 4.795138444262866, 0.1340708559072178, 0.0, 0.00012727566263492918, 0.7361741119252209, 0.2341497045015244, 1.2889158940154744e-07]
[0.0, 884996.1115491362, 5.685597551588833, 4.795138444262866, 0.1340708559072178, 0.0, 0.00012727566263492918, 0.7361741119252209, 0.2341497045015244, 1.2889158940154744e-07]
[0.0, 884996.1115491362, 5.685597551588833, 4.795138444262866, 0.1340708559072178, 0.0, 0.00012727566263492918, 0.7361741119252209, 0.2341497045015244, 1.2889158940154744e-07]
[0.0, 884996.1115491362, 5.685597551588833, 4.795138444262866, 0.1340708559072178, 0.0, 0.00012727566263492918, 0.7361741119252209, 0.2341497045015244, 1.2889158940154744e-07]
[0.0, 884996.1115491362, 5.685597551588833, 4.795138444262866, 0.1340708559072178, 0.0, 0.00012727566263492918, 0.7361741119252209, 0.2341497045015244, 1.2889158940154744e-07]
[0.0, 884996.1115491362, 5.685597551588833, 4.795138444262866, 0.1340708559072178, 0.0, 0.00012727566263492918, 0.7361741119252209, 0.2341497045015244, 1.2889158940154744e-07]
[0.0, 884996.1115491362, 5.685597551588833, 4.795138444262866, 0.1340708559072178, 0.0, 0.00012727566263492918, 0.7361741119252209, 0.2341497045015244, 1.2889158940154744e-07]
[0.0, 884996.1115491362, 5.685597551588833, 4.795138444262866, 0.1340708559072178, 0.0, 0.00012727566263492918, 0.7361741119252209, 0.2341497045015244, 1.2889158940154744e-07]
[0.0, 884996.1115491362, 5.685597551588833, 4.795138444262866, 0.1340708559072178, 0.0, 0.00012727566263492918, 0.7361741119252209, 0.2341497045015244, 1.2889158940154744e-07]
[0.0, 884996.1115491362, 5.685597551588833, 3.653425367775098, 0.1340708559072178, 0.0, 0.00012727566263492918, 0.7361741119252209, 0.2341497045015244, 1.2889158940154744e-07]
[0.0, 884996.1115491362, 5.685597551588833, 3.653425367775098, 0.1340708559072178, 0.0, 0.00012727566263492918, 0.7361741119252209, 0.2341497045015244, 1.2889158940154744e-07]
[0.0, 884996.1115491362, 5.685597551588833, 3.653425367775098, 0.1340708559072178, 0.0, 0.00012727566263492918, 0.7361741119252209, 0.2341497045015244, 1.2889158940154744e-07]
[0.0, 884996.1115491362, 5.685597551588833, 3.653425367775098, 0.1340708559072178, 0.0, 0.00012727566263492918, 0.7361741119252209, 0.23104348742888353, 1.2889158940154744e-07]
[0.0, 884996.1115491362, 5.685597551588833, 3.653425367775098, 0.1340708559072178, 0.0, 0.00012727566263492918, 0.7361741119252209, 0.23104348742888353, 1.2889158940154744e-07]
[0.0, 884996.1115491362, 5.685597551588833, 3.653425367775098, 0.1340708559072178, 0.0, 0.00012727566263492918, 0.7361741119252209, 0.23104348742888353, 1.2889158940154744e-07]
[0.0, 884996.1115491362, 5.685597551588833, 3.653425367775098, 0.1340708559072178, 0.0, 0.00012727566263492918, 0.7361741119252209, 0.23104348742888353, 1.2889158940154744e-07]
[0.0, 884996.1115491362, 5.685597551588833, 3.653425367775098, 0.1340708559072178, 0.0, 0.00012727566263492918, 0.7361741119252209, 0.23104348742888353, 1.2889158940154744e-07]
[0.0, 884996.1115491362, 5.685597551588833, 3.653425367775098, 0.1340708559072178, 0.0, 0.00012727566263492918, 0.7361741119252209, 0.23104348742888353, 1.2889158940154744e-07]
[0.0, 884996.1115491362, 5.685597551588833, 3.653425367775098, 0.1340708559072178, 0.0, 0.00012727566263492918, 0.7361741119252209, 0.23104348742888353, 1.2889158940154744e-07]
[0.0, 884996.1115491362, 5.685597551588833, 3.653425367775098, 0.1340708559072178, 0.0, 0.00012727566263492918, 0.7361741119252209, 0.23104348742888353, 1.2889158940154744e-07]
[0.0, 884996.1115491362, 5.685597551588833, 3.653425367775098, 0.1340708559072178, 0.0, 0.00012727566263492918, 0.7361741119252209, 0.23104348742888353, 1.2889158940154744e-07]
[0.0, 884996.1115491362, 5.685597551588833, 3.653425367775098, 0.1340708559072178, 0.0, 0.00012727566263492918, 0.7361741119252209, 0.23104348742888353, 1.2889158940154744e-07]
[0.0, 884996.1115491362, 5.685597551588833, 3.653425367775098, 0.1340708559072178, 0.0, 0.00012727566263492918, 0.7361741119252209, 0.23104348742888353, 1.2889158940154744e-07]
[0.0, 884996.1115491362, 5.685597551588833, 3.653425367775098, 0.1340708559072178, 0.0, 0.00012727566263492918, 0.7361741119252209, 0.23104348742888353, 1.2889158940154744e-07]
[0.0, 884996.1115491362, 5.685597551588833, 3.653425367775098, 0.1340708559072178, 0.0, 0.00012727566263492918, 0.7361741119252209, 0.23104348742888353, 1.2889158940154744e-07]
[0.0, 884996.1115491362, 5.685597551588833, 3.653425367775098, 0.1340708559072178, 0.0, 0.00012727566263492918, 0.7361741119252209, 0.23104348742888353, 1.2889158940154744e-07]
[0.0, 884996.1115491362, 5.685597551588833, 3.653425367775098, 0.1340708559072178, 0.0, 0.00012727566263492918, 0.7361741119252209, 0.23104348742888353, 1.2889158940154744e-07]
[0.0, 884996.1115491362, 5.685597551588833, 3.653425367775098, 0.1340708559072178, 0.0, 0.00012727566263492918, 0.7361741119252209, 0.23104348742888353, 1.2889158940154744e-07]
[0.0, 884996.1115491362, 5.685597551588833, 3.653425367775098, 0.1340708559072178, 0.0, 0.00012727566263492918, 0.7361741119252209, 0.23104348742888353, 1.2889158940154744e-07]
[0.0, 884996.1115491362, 5.685597551588833, 3.653425367775098, 0.1340708559072178, 0.0, 0.00012727566263492918, 0.7361741119252209, 0.23104348742888353, 1.2889158940154744e-07]
[0.0, 884996.1115491362, 5.685597551588833, 3.653425367775098, 0.1340708559072178, 0.0, 0.00012727566263492918, 0.7361741119252209, 0.23104348742888353, 1.2889158940154744e-07]
[0.0, 884996.1115491362, 5.685597551588833, 3.653425367775098, 0.1340708559072178, 0.0, 0.00012727566263492918, 0.7361741119252209, 0.23104348742888353, 1.2889158940154744e-07]
[0.0, 884996.1115491362, 5.685597551588833, 3.653425367775098, 0.1340708559072178, 0.0, 0.00012727566263492918, 0.7361741119252209, 0.23104348742888353, 1.2889158940154744e-07]
[0.0, 884996.1115491362, 5.685597551588833, 3.653425367775098, 0.1340708559072178, 0.0, 0.00012727566263492918, 0.7361741119252209, 0.23104348742888353, 1.2889158940154744e-07]
[0.0, 884996.1115491362, 5.685597551588833, 3.653425367775098, 0.1340708559072178, 0.0, 0.00012727566263492918, 0.7361741119252209, 0.23104348742888353, 1.2889158940154744e-07]
[0.0, 884996.1115491362, 5.685597551588833, 3.653425367775098, 0.1340708559072178, 0.0, 0.00012727566263492918, 0.7361741119252209, 0.23104348742888353, 1.2889158940154744e-07]
[0.0, 884996.1115491362, 5.685597551588833, 3.653425367775098, 0.1340708559072178, 0.0, 0.00012727566263492918, 0.7361741119252209, 0.23104348742888353, 1.2889158940154744e-07]
[0.0, 884996.1115491362, 5.685597551588833, 3.653425367775098, 0.1340708559072178, 0.0, 0.00012727566263492918, 0.7361741119252209, 0.23104348742888353, 1.2889158940154744e-07]
[0.0, 884996.1115491362, 5.685597551588833, 3.653425367775098, 0.1340708559072178, 0.0, 0.00012727566263492918, 0.7361741119252209, 0.23104348742888353, 1.2889158940154744e-07]
[0.0, 884996.1115491362, 5.685597551588833, 3.653425367775098, 0.1340708559072178, 0.0, 0.00012727566263492918, 0.7361741119252209, 0.23104348742888353, 1.2889158940154744e-07]
[0.0, 884996.1115491362, 5.685597551588833, 3.653425367775098, 0.1340708559072178, 0.0, 0.00012727566263492918, 0.7361741119252209, 0.23104348742888353, 1.2889158940154744e-07]
[0.0, 884996.1115491362, 5.685597551588833, 3.653425367775098, 0.1340708559072178, 0.0, 0.00012727566263492918, 0.7361741119252209, 0.23104348742888353, 1.2889158940154744e-07]
[0.0, 884996.1115491362, 5.685597551588833, 3.653425367775098, 0.1340708559072178, 0.0, 0.00012727566263492918, 0.7361741119252209, 0.23104348742888353, 1.2889158940154744e-07]
[0.0, 884996.1115491362, 5.685597551588833, 3.653425367775098, 0.1340708559072178, 0.0, 0.00012727566263492918, 0.665581683096854, 0.23104348742888353, 1.2889158940154744e-07]
[0.0, 884996.1115491362, 5.685597551588833, 3.653425367775098, 0.1340708559072178, 0.0, 0.00012727566263492918, 0.665581683096854, 0.23104348742888353, 1.2889158940154744e-07]
[0.0, 884996.1115491362, 5.685597551588833, 3.653425367775098, 0.1340708559072178, 0.0, 0.00012727566263492918, 0.665581683096854, 0.23104348742888353, 1.2889158940154744e-07]
[0.0, 884996.1115491362, 5.685597551588833, 3.653425367775098, 0.1340708559072178, 0.0, 0.00012727566263492918, 0.665581683096854, 0.23104348742888353, 1.2889158940154744e-07]
[0.0, 884996.1115491362, 5.685597551588833, 3.653425367775098, 0.1340708559072178, 0.0, 0.00012727566263492918, 0.665581683096854, 0.23104348742888353, 1.2889158940154744e-07]
[0.0, 884996.1115491362, 5.685597551588833, 3.653425367775098, 0.1340708559072178, 0.0, 0.00012727566263492918, 0.665581683096854, 0.23104348742888353, 1.2889158940154744e-07]
[0.0, 884996.1115491362, 5.685597551588833, 3.653425367775098, 0.1340708559072178, 0.0, 0.00012727566263492918, 0.665581683096854, 0.23104348742888353, 1.2889158940154744e-07]
[0.0, 884996.1115491362, 5.685597551588833, 3.653425367775098, 0.1340708559072178, 0.0, 0.00012727566263492918, 0.665581683096854, 0.23104348742888353, 1.2889158940154744e-07]
[0.0, 884996.1115491362, 5.685597551588833, 3.653425367775098, 0.1340708559072178, 0.0, 0.00012727566263492918, 0.665581683096854, 0.23104348742888353, 1.2889158940154744e-07]
[0.0, 884996.1115491362, 5.685597551588833, 3.653425367775098, 0.1340708559072178, 0.0, 0.00012727566263492918, 0.665581683096854, 0.23104348742888353, 1.2889158940154744e-07]
[0.0, 884996.1115491362, 5.685597551588833, 3.653425367775098, 0.1340708559072178, 0.0, 0.00012727566263492918, 0.665581683096854, 0.23104348742888353, 1.2889158940154744e-07]
[0.0, 884996.1115491362, 5.685597551588833, 3.653425367775098, 0.1340708559072178, 0.0, 0.00012727566263492918, 0.665581683096854, 0.23104348742888353, 1.2889158940154744e-07]
[0.0, 884996.1115491362, 5.685597551588833, 3.653425367775098, 0.1340708559072178, 0.0, 0.00012727566263492918, 0.614743938774953, 0.23104348742888353, 1.2889158940154744e-07]
[0.0, 884996.1115491362, 5.685597551588833, 3.653425367775098, 0.1340708559072178, 0.0, 0.00012727566263492918, 0.614743938774953, 0.23104348742888353, 1.2889158940154744e-07]
[0.0, 884996.1115491362, 5.685597551588833, 3.653425367775098, 0.1340708559072178, 0.0, 0.00012727566263492918, 0.614743938774953, 0.23104348742888353, 1.2889158940154744e-07]
[0.0, 884996.1115491362, 5.685597551588833, 3.653425367775098, 0.1340708559072178, 0.0, 0.00012727566263492918, 0.614743938774953, 0.23104348742888353, 1.2889158940154744e-07]
[0.0, 884996.1115491362, 5.685597551588833, 3.653425367775098, 0.1340708559072178, 0.0, 0.00012727566263492918, 0.614743938774953, 0.23104348742888353, 1.2889158940154744e-07]
[0.0, 884996.1115491362, 5.685597551588833, 3.653425367775098, 0.1340708559072178, 0.0, 0.00012727566263492918, 0.614743938774953, 0.23104348742888353, 1.2889158940154744e-07]
[0.0, 884996.1115491362, 5.685597551588833, 3.653425367775098, 0.1340708559072178, 0.0, 0.00012727566263492918, 0.614743938774953, 0.23104348742888353, 1.2889158940154744e-07]
[0.0, 884996.1115491362, 5.685597551588833, 3.653425367775098, 0.1340708559072178, 0.0, 0.00012727566263492918, 0.614743938774953, 0.23104348742888353, 1.2889158940154744e-07]
[0.0, 884996.1115491362, 5.685597551588833, 3.653425367775098, 0.1340708559072178, 0.0, 0.00012727566263492918, 0.614743938774953, 0.23104348742888353, 1.2889158940154744e-07]
[0.0, 884996.1115491362, 5.685597551588833, 3.653425367775098, 0.1340708559072178, 0.0, 0.00012727566263492918, 0.614743938774953, 0.23104348742888353, 1.2889158940154744e-07]
[0.0, 884996.1115491362, 5.685597551588833, 3.653425367775098, 0.1340708559072178, 0.0, 0.00012727566263492918, 0.614743938774953, 0.23104348742888353, 1.2889158940154744e-07]
[0.0, 884996.1115491362, 5.685597551588833, 3.653425367775098, 0.1340708559072178, 0.0, 0.00012727566263492918, 0.614743938774953, 0.23104348742888353, 1.2889158940154744e-07]
[0.0, 884996.1115491362, 5.685597551588833, 3.653425367775098, 0.1340708559072178, 0.0, 0.00012727566263492918, 0.614743938774953, 0.23104348742888353, 1.2889158940154744e-07]
[0.0, 884996.1115491362, 5.685597551588833, 3.653425367775098, 0.1340708559072178, 0.0, 0.00012727566263492918, 0.614743938774953, 0.23104348742888353, 1.2889158940154744e-07]
[0.0, 884996.1115491362, 5.685597551588833, 3.653425367775098, 0.1340708559072178, 0.0, 0.00012727566263492918, 0.614743938774953, 0.23104348742888353, 1.228502637395934e-07]
[0.0, 884996.1115491362, 5.685597551588833, 3.653425367775098, 0.1340708559072178, 0.0, 0.00012727566263492918, 0.614743938774953, 0.23104348742888353, 1.228502637395934e-07]
[0.0, 884996.1115491362, 5.685597551588833, 3.653425367775098, 0.1340708559072178, 0.0, 0.00012727566263492918, 0.614743938774953, 0.23104348742888353, 1.228502637395934e-07]
[0.0, 884996.1115491362, 5.685597551588833, 3.653425367775098, 0.1340708559072178, 0.0, 0.00012727566263492918, 0.614743938774953, 0.23104348742888353, 1.228502637395934e-07]
[0.0, 884996.1115491362, 5.685597551588833, 3.653425367775098, 0.1340708559072178, 0.0, 0.00012727566263492918, 0.614743938774953, 0.23104348742888353, 1.228502637395934e-07]
[0.0, 884996.1115491362, 5.685597551588833, 3.653425367775098, 0.1340708559072178, 0.0, 0.00012727566263492918, 0.614743938774953, 0.23104348742888353, 1.228502637395934e-07]
[0.0, 884996.1115491362, 5.685597551588833, 3.653425367775098, 0.1340708559072178, 0.0, 0.00012727566263492918, 0.614743938774953, 0.23104348742888353, 1.228502637395934e-07]
[0.0, 884996.1115491362, 5.685597551588833, 3.653425367775098, 0.1340708559072178, 0.0, 0.00012727566263492918, 0.614743938774953, 0.23104348742888353, 1.228502637395934e-07]
[0.0, 884996.1115491362, 5.685597551588833, 3.653425367775098, 0.1340708559072178, 0.0, 0.00012727566263492918, 0.614743938774953, 0.23104348742888353, 1.228502637395934e-07]
[0.0, 884996.1115491362, 5.685597551588833, 3.653425367775098, 0.1340708559072178, 0.0, 0.00012727566263492918, 0.614743938774953, 0.23104348742888353, 1.1473876471157496e-07]
[0.0, 884996.1115491362, 5.685597551588833, 3.653425367775098, 0.1340708559072178, 0.0, 0.00012727566263492918, 0.614743938774953, 0.23104348742888353, 1.1473876471157496e-07]
[0.0, 884996.1115491362, 5.685597551588833, 3.653425367775098, 0.1340708559072178, 0.0, 0.00012727566263492918, 0.614743938774953, 0.23104348742888353, 1.1473876471157496e-07]
[0.0, 884996.1115491362, 5.685597551588833, 3.653425367775098, 0.1340708559072178, 0.0, 0.00012727566263492918, 0.614743938774953, 0.23104348742888353, 9.951532620178227e-08]
[0.0, 884996.1115491362, 5.685597551588833, 3.653425367775098, 0.1340708559072178, 0.0, 0.00012727566263492918, 0.614743938774953, 0.23104348742888353, 9.951532620178227e-08]
[0.0, 884996.1115491362, 5.685597551588833, 3.653425367775098, 0.1340708559072178, 0.0, 0.00012727566263492918, 0.614743938774953, 0.23104348742888353, 9.951532620178227e-08]
[0.0, 884996.1115491362, 5.685597551588833, 3.653425367775098, 0.1340708559072178, 0.0, 0.00012727566263492918, 0.614743938774953, 0.23104348742888353, 9.951532620178227e-08]
[0.0, 884996.1115491362, 5.685597551588833, 3.653425367775098, 0.1340708559072178, 0.0, 0.00012727566263492918, 0.614743938774953, 0.23104348742888353, 9.951532620178227e-08]
[0.0, 884996.1115491362, 5.685597551588833, 3.653425367775098, 0.1340708559072178, 0.0, 0.00012727566263492918, 0.614743938774953, 0.23104348742888353, 9.951532620178227e-08]
[0.0, 884996.1115491362, 5.685597551588833, 3.653425367775098, 0.1340708559072178, 0.0, 0.00012727566263492918, 0.614743938774953, 0.23104348742888353, 9.951532620178227e-08]
[0.0, 884996.1115491362, 5.685597551588833, 3.653425367775098, 0.1340708559072178, 0.0, 0.00012727566263492918, 0.614743938774953, 0.23104348742888353, 9.951532620178227e-08]
[0.0, 884996.1115491362, 5.685597551588833, 3.653425367775098, 0.1340708559072178, 0.0, 0.00012727566263492918, 0.614743938774953, 0.23104348742888353, 9.951532620178227e-08]
[0.0, 884996.1115491362, 5.685597551588833, 3.653425367775098, 0.1340708559072178, 0.0, 0.00012727566263492918, 0.614743938774953, 0.23104348742888353, 9.951532620178227e-08]
[0.0, 884996.1115491362, 5.685597551588833, 3.653425367775098, 0.1340708559072178, 0.0, 0.00012727566263492918, 0.614743938774953, 0.23104348742888353, 9.951532620178227e-08]
[0.0, 884996.1115491362, 5.685597551588833, 3.653425367775098, 0.1340708559072178, 0.0, 0.00012727566263492918, 0.614743938774953, 0.23104348742888353, 9.951532620178227e-08]
[0.0, 884996.1115491362, 5.685597551588833, 3.653425367775098, 0.1340708559072178, 0.0, 0.00012727566263492918, 0.614743938774953, 0.23104348742888353, 9.951532620178227e-08]
[0.0, 884996.1115491362, 5.685597551588833, 3.653425367775098, 0.1340708559072178, 0.0, 0.00012727566263492918, 0.614743938774953, 0.23104348742888353, 9.951532620178227e-08]
[0.0, 884996.1115491362, 5.685597551588833, 3.653425367775098, 0.1340708559072178, 0.0, 0.00012727566263492918, 0.614743938774953, 0.23104348742888353, 9.951532620178227e-08]
[0.0, 884996.1115491362, 5.685597551588833, 3.653425367775098, 0.1340708559072178, 0.0, 0.00012727566263492918, 0.614743938774953, 0.23104348742888353, 9.951532620178227e-08]
[0.0, 884996.1115491362, 5.685597551588833, 3.653425367775098, 0.1340708559072178, 0.0, 0.00012727566263492918, 0.614743938774953, 0.23104348742888353, 9.951532620178227e-08]
[0.0, 884996.1115491362, 5.685597551588833, 3.653425367775098, 0.1340708559072178, 0.0, 0.00012727566263492918, 0.614743938774953, 0.23104348742888353, 9.609739892724178e-08]
[0.0, 884996.1115491362, 5.685597551588833, 3.653425367775098, 0.1340708559072178, 0.0, 0.00012727566263492918, 0.614743938774953, 0.23104348742888353, 9.609739892724178e-08]
[0.0, 884996.1115491362, 5.685597551588833, 3.653425367775098, 0.1340708559072178, 0.0, 0.00012727566263492918, 0.614743938774953, 0.23104348742888353, 9.609739892724178e-08]
[0.0, 884996.1115491362, 5.685597551588833, 3.653425367775098, 0.1340708559072178, 0.0, 0.00012727566263492918, 0.614743938774953, 0.23104348742888353, 9.609739892724178e-08]
[0.0, 884996.1115491362, 5.685597551588833, 3.653425367775098, 0.1340708559072178, 0.0, 0.00012727566263492918, 0.614743938774953, 0.23104348742888353, 9.609739892724178e-08]
[0.0, 884996.1115491362, 5.685597551588833, 3.653425367775098, 0.1340708559072178, 0.0, 0.00012727566263492918, 0.614743938774953, 0.23104348742888353, 9.609739892724178e-08]
[0.0, 884996.1115491362, 5.685597551588833, 3.653425367775098, 0.1340708559072178, 0.0, 0.00012727566263492918, 0.614743938774953, 0.23104348742888353, 9.609739892724178e-08]
[0.0, 884996.1115491362, 5.685597551588833, 3.653425367775098, 0.1340708559072178, 0.0, 0.00012727566263492918, 0.614743938774953, 0.23104348742888353, 9.609739892724178e-08]
[0.0, 884996.1115491362, 5.685597551588833, 3.653425367775098, 0.1340708559072178, 0.0, 0.00012727566263492918, 0.614743938774953, 0.23104348742888353, 9.609739892724178e-08]
[0.0, 884996.1115491362, 5.685597551588833, 3.653425367775098, 0.1340708559072178, 0.0, 0.00012727566263492918, 0.614743938774953, 0.23104348742888353, 9.609739892724178e-08]
[0.0, 884996.1115491362, 5.685597551588833, 3.653425367775098, 0.1340708559072178, 0.0, 0.00012727566263492918, 0.614743938774953, 0.23104348742888353, 9.609739892724178e-08]
[0.0, 884996.1115491362, 5.685597551588833, 3.653425367775098, 0.1340708559072178, 0.0, 0.00012727566263492918, 0.614743938774953, 0.23104348742888353, 9.609739892724178e-08]
[0.0, 884996.1115491362, 5.685597551588833, 3.653425367775098, 0.1340708559072178, 0.0, 0.00012727566263492918, 0.614743938774953, 0.23104348742888353, 9.609739892724178e-08]
[0.0, 884996.1115491362, 5.685597551588833, 3.653425367775098, 0.1340708559072178, 0.0, 0.00012727566263492918, 0.614743938774953, 0.23104348742888353, 9.609739892724178e-08]
[0.0, 884996.1115491362, 5.685597551588833, 3.653425367775098, 0.1340708559072178, 0.0, 0.00012727566263492918, 0.614743938774953, 0.23104348742888353, 9.609739892724178e-08]
[0.0, 884996.1115491362, 5.685597551588833, 3.653425367775098, 0.1340708559072178, 0.0, 0.00012727566263492918, 0.614743938774953, 0.23104348742888353, 9.609739892724178e-08]
[0.0, 884996.1115491362, 5.685597551588833, 3.653425367775098, 0.1340708559072178, 0.0, 0.00012727566263492918, 0.614743938774953, 0.23104348742888353, 9.609739892724178e-08]
[0.0, 884996.1115491362, 5.685597551588833, 3.653425367775098, 0.1340708559072178, 0.0, 0.00012727566263492918, 0.614743938774953, 0.23104348742888353, 9.609739892724178e-08]
[0.0, 884996.1115491362, 5.685597551588833, 3.653425367775098, 0.1340708559072178, 0.0, 0.00012727566263492918, 0.614743938774953, 0.23104348742888353, 9.609739892724178e-08]
[0.0, 884996.1115491362, 5.685597551588833, 3.653425367775098, 0.1340708559072178, 0.0, 0.00012727566263492918, 0.614743938774953, 0.23104348742888353, 9.609739892724178e-08]
[0.0, 884996.1115491362, 5.685597551588833, 3.653425367775098, 0.1340708559072178, 0.0, 0.00012727566263492918, 0.614743938774953, 0.23104348742888353, 9.609739892724178e-08]
[0.0, 884996.1115491362, 5.685597551588833, 3.653425367775098, 0.1340708559072178, 0.0, 0.00012727566263492918, 0.614743938774953, 0.23104348742888353, 9.609739892724178e-08]
[0.0, 884996.1115491362, 5.685597551588833, 3.653425367775098, 0.1340708559072178, 0.0, 0.00012727566263492918, 0.614743938774953, 0.23104348742888353, 9.609739892724178e-08]
[0.0, 884996.1115491362, 5.685597551588833, 3.653425367775098, 0.1340708559072178, 0.0, 0.00012727566263492918, 0.614743938774953, 0.23104348742888353, 9.609739892724178e-08]
[0.0, 884996.1115491362, 5.685597551588833, 3.653425367775098, 0.1340708559072178, 0.0, 0.00012727566263492918, 0.614743938774953, 0.23104348742888353, 9.609739892724178e-08]
[0.0, 884996.1115491362, 5.685597551588833, 3.653425367775098, 0.1340708559072178, 0.0, 0.00012727566263492918, 0.614743938774953, 0.23104348742888353, 7.542848523556245e-08]
[0.0, 884996.1115491362, 5.685597551588833, 3.653425367775098, 0.1340708559072178, 0.0, 0.00012727566263492918, 0.614743938774953, 0.23104348742888353, 7.542848523556245e-08]
[0.0, 884996.1115491362, 5.685597551588833, 3.653425367775098, 0.1340708559072178, 0.0, 0.00012727566263492918, 0.614743938774953, 0.23104348742888353, 7.542848523556245e-08]
[0.0, 884996.1115491362, 5.685597551588833, 3.653425367775098, 0.1340708559072178, 0.0, 0.00012727566263492918, 0.614743938774953, 0.23104348742888353, 7.542848523556245e-08]
[0.0, 884996.1115491362, 5.685597551588833, 3.653425367775098, 0.1340708559072178, 0.0, 0.00012727566263492918, 0.614743938774953, 0.23104348742888353, 7.542848523556245e-08]
[0.0, 884996.1115491362, 5.685597551588833, 3.653425367775098, 0.1340708559072178, 0.0, 0.00012727566263492918, 0.614743938774953, 0.23104348742888353, 7.542848523556245e-08]
[0.0, 884996.1115491362, 5.685597551588833, 3.653425367775098, 0.1340708559072178, 0.0, 0.00012727566263492918, 0.614743938774953, 0.23104348742888353, 7.542848523556245e-08]
[0.0, 884996.1115491362, 5.685597551588833, 3.653425367775098, 0.1340708559072178, 0.0, 0.00012727566263492918, 0.614743938774953, 0.23104348742888353, 7.542848523556245e-08]
[0.0, 884996.1115491362, 5.685597551588833, 3.653425367775098, 0.1340708559072178, 0.0, 0.00012727566263492918, 0.614743938774953, 0.23104348742888353, 7.336805696311899e-08]
[0.0, 884996.1115491362, 5.685597551588833, 3.653425367775098, 0.1340708559072178, 0.0, 0.00012727566263492918, 0.614743938774953, 0.23104348742888353, 7.336805696311899e-08]
[0.0, 884996.1115491362, 5.685597551588833, 3.653425367775098, 0.1340708559072178, 0.0, 0.00012727566263492918, 0.614743938774953, 0.23104348742888353, 6.481737147012723e-08]
[0.0, 884996.1115491362, 5.685597551588833, 3.653425367775098, 0.1340708559072178, 0.0, 0.00012727566263492918, 0.614743938774953, 0.23104348742888353, 6.481737147012723e-08]
[0.0, 884996.1115491362, 5.685597551588833, 3.653425367775098, 0.1340708559072178, 0.0, 0.00012727566263492918, 0.614743938774953, 0.23104348742888353, 6.481737147012723e-08]
[0.0, 884996.1115491362, 5.685597551588833, 3.653425367775098, 0.1340708559072178, 0.0, 0.00012727566263492918, 0.614743938774953, 0.23104348742888353, 6.481737147012723e-08]
[0.0, 884996.1115491362, 5.685597551588833, 3.653425367775098, 0.1340708559072178, 0.0, 0.00012727566263492918, 0.614743938774953, 0.23104348742888353, 6.481737147012723e-08]
[0.0, 884996.1115491362, 5.685597551588833, 3.653425367775098, 0.1340708559072178, 0.0, 0.00012727566263492918, 0.614743938774953, 0.23104348742888353, 6.481737147012723e-08]
[0.0, 884996.1115491362, 5.685597551588833, 3.653425367775098, 0.1340708559072178, 0.0, 0.00012727566263492918, 0.614743938774953, 0.23104348742888353, 6.481737147012723e-08]
[0.0, 884996.1115491362, 5.685597551588833, 3.653425367775098, 0.1340708559072178, 0.0, 0.00012727566263492918, 0.614743938774953, 0.23104348742888353, 6.481737147012723e-08]
[0.0, 884996.1115491362, 5.685597551588833, 3.653425367775098, 0.1340708559072178, 0.0, 0.00012727566263492918, 0.614743938774953, 0.23104348742888353, 6.481737147012723e-08]
[0.0, 884996.1115491362, 5.685597551588833, 3.653425367775098, 0.1340708559072178, 0.0, 0.00012727566263492918, 0.614743938774953, 0.23104348742888353, 6.481737147012723e-08]
[0.0, 884996.1115491362, 5.685597551588833, 3.653425367775098, 0.1340708559072178, 0.0, 0.00012727566263492918, 0.614743938774953, 0.23104348742888353, 6.481737147012723e-08]
[0.0, 884996.1115491362, 5.685597551588833, 3.653425367775098, 0.1340708559072178, 0.0, 0.00012727566263492918, 0.614743938774953, 0.23104348742888353, 6.481737147012723e-08]
[0.0, 884996.1115491362, 5.685597551588833, 3.653425367775098, 0.1340708559072178, 0.0, 0.00012727566263492918, 0.614743938774953, 0.23104348742888353, 6.481737147012723e-08]
[0.0, 884996.1115491362, 5.685597551588833, 3.653425367775098, 0.1340708559072178, 0.0, 0.00012727566263492918, 0.614743938774953, 0.23104348742888353, 6.481737147012723e-08]
[0.0, 884996.1115491362, 5.685597551588833, 3.653425367775098, 0.1340708559072178, 0.0, 0.00012727566263492918, 0.614743938774953, 0.23104348742888353, 6.481737147012723e-08]
[0.0, 884996.1115491362, 5.685597551588833, 3.653425367775098, 0.1340708559072178, 0.0, 0.00012727566263492918, 0.614743938774953, 0.23104348742888353, 6.481737147012723e-08]
[0.0, 884996.1115491362, 5.685597551588833, 3.653425367775098, 0.1340708559072178, 0.0, 0.00012727566263492918, 0.614743938774953, 0.23104348742888353, 6.481737147012723e-08]
[0.0, 884996.1115491362, 5.685597551588833, 3.653425367775098, 0.1340708559072178, 0.0, 0.00012727566263492918, 0.614743938774953, 0.23104348742888353, 6.481737147012723e-08]
[0.0, 884996.1115491362, 5.685597551588833, 3.653425367775098, 0.1340708559072178, 0.0, 0.00012727566263492918, 0.614743938774953, 0.23104348742888353, 6.481737147012723e-08]
[0.0, 884996.1115491362, 5.685597551588833, 3.653425367775098, 0.1340708559072178, 0.0, 0.00012727566263492918, 0.614743938774953, 0.23104348742888353, 6.481737147012723e-08]
[0.0, 884996.1115491362, 5.685597551588833, 3.653425367775098, 0.1340708559072178, 0.0, 0.00012727566263492918, 0.614743938774953, 0.23104348742888353, 6.481737147012723e-08]
[0.0, 884996.1115491362, 5.685597551588833, 3.653425367775098, 0.1340708559072178, 0.0, 0.00012727566263492918, 0.614743938774953, 0.23104348742888353, 6.481737147012723e-08]
[0.0, 884996.1115491362, 5.685597551588833, 3.653425367775098, 0.1340708559072178, 0.0, 0.00012727566263492918, 0.614743938774953, 0.23104348742888353, 6.481737147012723e-08]
[0.0, 884996.1115491362, 5.685597551588833, 3.653425367775098, 0.1340708559072178, 0.0, 0.00012727566263492918, 0.614743938774953, 0.23104348742888353, 6.481737147012723e-08]
[0.0, 884996.1115491362, 5.685597551588833, 3.653425367775098, 0.1340708559072178, 0.0, 0.00012727566263492918, 0.614743938774953, 0.23104348742888353, 5.994339646875346e-08]
[0.0, 884996.1115491362, 5.685597551588833, 3.653425367775098, 0.1340708559072178, 0.0, 0.00012727566263492918, 0.614743938774953, 0.23104348742888353, 5.994339646875346e-08]
[0.0, 884996.1115491362, 5.685597551588833, 3.653425367775098, 0.1340708559072178, 0.0, 0.00012727566263492918, 0.614743938774953, 0.23104348742888353, 5.994339646875346e-08]
[0.0, 884996.1115491362, 5.685597551588833, 3.653425367775098, 0.1340708559072178, 0.0, 0.00012727566263492918, 0.614743938774953, 0.23104348742888353, 5.994339646875346e-08]
[0.0, 884996.1115491362, 5.685597551588833, 3.653425367775098, 0.1340708559072178, 0.0, 0.00012727566263492918, 0.614743938774953, 0.23104348742888353, 5.994339646875346e-08]
[0.0, 884996.1115491362, 5.685597551588833, 3.653425367775098, 0.1340708559072178, 0.0, 0.00012727566263492918, 0.614743938774953, 0.23104348742888353, 5.994339646875346e-08]
[0.0, 884996.1115491362, 5.4652526136618995, 3.653425367775098, 0.1340708559072178, 0.0, 0.00012727566263492918, 0.614743938774953, 0.23104348742888353, 5.8286123039152926e-08]
[0.0, 884996.1115491362, 5.4652526136618995, 3.653425367775098, 0.1340708559072178, 0.0, 0.00012727566263492918, 0.614743938774953, 0.23104348742888353, 5.8286123039152926e-08]
[0.0, 884996.1115491362, 5.4652526136618995, 3.653425367775098, 0.1340708559072178, 0.0, 0.00012727566263492918, 0.614743938774953, 0.23104348742888353, 5.8286123039152926e-08]
[0.0, 884996.1115491362, 5.4652526136618995, 3.653425367775098, 0.1340708559072178, 0.0, 0.00012727566263492918, 0.614743938774953, 0.23104348742888353, 5.8286123039152926e-08]
[0.0, 884996.1115491362, 5.4652526136618995, 3.653425367775098, 0.1340708559072178, 0.0, 0.00012727566263492918, 0.614743938774953, 0.23104348742888353, 5.8286123039152926e-08]
[0.0, 884996.1115491362, 5.4652526136618995, 3.653425367775098, 0.1340708559072178, 0.0, 0.00012727566263492918, 0.614743938774953, 0.23104348742888353, 5.8286123039152926e-08]
[0.0, 884996.1115491362, 5.4652526136618995, 3.653425367775098, 0.1340708559072178, 0.0, 0.00012727566263492918, 0.614743938774953, 0.23104348742888353, 5.787156753811473e-08]
[0.0, 884996.1115491362, 5.4652526136618995, 3.653425367775098, 0.1340708559072178, 0.0, 0.00012727566263492918, 0.614743938774953, 0.23104348742888353, 5.787156753811473e-08]
[0.0, 884996.1115491362, 5.4652526136618995, 3.653425367775098, 0.1340708559072178, 0.0, 0.00012727566263492918, 0.614743938774953, 0.23104348742888353, 5.787156753811473e-08]
[0.0, 884996.1115491362, 5.4652526136618995, 3.653425367775098, 0.1340708559072178, 0.0, 0.00012727566263492918, 0.614743938774953, 0.23104348742888353, 5.787156753811473e-08]
[0.0, 884996.1115491362, 5.4652526136618995, 3.653425367775098, 0.1340708559072178, 0.0, 0.00012727566263492918, 0.614743938774953, 0.23104348742888353, 5.787156753811473e-08]
[0.0, 884996.1115491362, 5.4652526136618995, 3.653425367775098, 0.1340708559072178, 0.0, 0.00012727566263492918, 0.614743938774953, 0.23104348742888353, 5.787156753811473e-08]
[0.0, 884996.1115491362, 5.4652526136618995, 3.653425367775098, 0.1340708559072178, 0.0, 0.00012727566263492918, 0.614743938774953, 0.23104348742888353, 5.787156753811473e-08]
[0.0, 884996.1115491362, 5.4652526136618995, 3.653425367775098, 0.1340708559072178, 0.0, 0.00012727566263492918, 0.614743938774953, 0.23104348742888353, 5.787156753811473e-08]
[0.0, 884996.1115491362, 5.4652526136618995, 3.653425367775098, 0.1340708559072178, 0.0, 0.00012727566263492918, 0.614743938774953, 0.23104348742888353, 5.787156753811473e-08]
[0.0, 884996.1115491362, 5.4652526136618995, 3.653425367775098, 0.1340708559072178, 0.0, 0.00012727566263492918, 0.614743938774953, 0.23104348742888353, 5.787156753811473e-08]
[0.0, 884996.1115491362, 5.4652526136618995, 3.653425367775098, 0.1340708559072178, 0.0, 0.00012727566263492918, 0.614743938774953, 0.23104348742888353, 5.787156753811473e-08]
[0.0, 884996.1115491362, 5.4652526136618995, 3.653425367775098, 0.1340708559072178, 0.0, 0.00012727566263492918, 0.614743938774953, 0.23104348742888353, 5.323328311490627e-08]
[0.0, 884996.1115491362, 5.4652526136618995, 3.653425367775098, 0.1340708559072178, 0.0, 0.00012727566263492918, 0.614743938774953, 0.23104348742888353, 5.323328311490627e-08]
[0.0, 884996.1115491362, 5.4652526136618995, 3.653425367775098, 0.1340708559072178, 0.0, 0.00012727566263492918, 0.614743938774953, 0.23104348742888353, 5.323328311490627e-08]
[0.0, 884996.1115491362, 5.4652526136618995, 3.653425367775098, 0.1340708559072178, 0.0, 0.00012727566263492918, 0.614743938774953, 0.23104348742888353, 5.3217459328180894e-08]
[0.0, 884996.1115491362, 5.4652526136618995, 3.653425367775098, 0.1340708559072178, 0.0, 0.00012727566263492918, 0.614743938774953, 0.23104348742888353, 5.3217459328180894e-08]
[0.0, 884996.1115491362, 5.4652526136618995, 3.653425367775098, 0.1340708559072178, 0.0, 0.00012727566263492918, 0.614743938774953, 0.23104348742888353, 5.3217459328180894e-08]
[0.0, 884996.1115491362, 5.4652526136618995, 3.653425367775098, 0.1340708559072178, 0.0, 0.00012727566263492918, 0.614743938774953, 0.23104348742888353, 5.307446970803653e-08]
[0.0, 884996.1115491362, 5.4652526136618995, 3.653425367775098, 0.1340708559072178, 0.0, 0.00012727566263492918, 0.614743938774953, 0.23104348742888353, 5.307446970803653e-08]
[0.0, 884996.1115491362, 5.4652526136618995, 3.653425367775098, 0.1340708559072178, 0.0, 0.00012727566263492918, 0.614743938774953, 0.23104348742888353, 5.307446970803653e-08]
[0.0, 884996.1115491362, 5.4652526136618995, 3.653425367775098, 0.1340708559072178, 0.0, 0.00012727566263492918, 0.614743938774953, 0.23104348742888353, 5.307446970803653e-08]
[0.0, 884996.1115491362, 5.4652526136618995, 3.653425367775098, 0.1340708559072178, 0.0, 0.00012727566263492918, 0.614743938774953, 0.23104348742888353, 5.307446970803653e-08]
[0.0, 884996.1115491362, 5.4652526136618995, 3.653425367775098, 0.1340708559072178, 0.0, 0.00012727566263492918, 0.614743938774953, 0.23104348742888353, 5.307446970803653e-08]
[0.0, 884996.1115491362, 5.4652526136618995, 3.653425367775098, 0.1340708559072178, 0.0, 0.00012727566263492918, 0.614743938774953, 0.23104348742888353, 5.307446970803653e-08]
[0.0, 884996.1115491362, 5.4652526136618995, 3.653425367775098, 0.1340708559072178, 0.0, 0.00012727566263492918, 0.614743938774953, 0.23104348742888353, 5.307446970803653e-08]
[0.0, 884996.1115491362, 5.4652526136618995, 3.653425367775098, 0.1340708559072178, 0.0, 0.00012727566263492918, 0.614743938774953, 0.23104348742888353, 5.307446970803653e-08]
[0.0, 884996.1115491362, 5.4652526136618995, 3.653425367775098, 0.1340708559072178, 0.0, 0.00012727566263492918, 0.614743938774953, 0.23104348742888353, 5.126655056031382e-08]
[0.0, 884996.1115491362, 5.4652526136618995, 3.653425367775098, 0.1340708559072178, 0.0, 0.00012727566263492918, 0.614743938774953, 0.23104348742888353, 5.126655056031382e-08]
[0.0, 884996.1115491362, 5.4652526136618995, 3.653425367775098, 0.1340708559072178, 0.0, 0.00012727566263492918, 0.614743938774953, 0.23104348742888353, 4.2326949500903766e-08]
[0.0, 884996.1115491362, 5.4652526136618995, 3.653425367775098, 0.1340708559072178, 0.0, 0.00012727566263492918, 0.614743938774953, 0.23104348742888353, 4.2326949500903766e-08]
[0.0, 884996.1115491362, 5.4652526136618995, 3.653425367775098, 0.1340708559072178, 0.0, 0.00012727566263492918, 0.614743938774953, 0.23104348742888353, 4.2326949500903766e-08]
[0.0, 884996.1115491362, 5.4652526136618995, 3.653425367775098, 0.1340708559072178, 0.0, 0.00012727566263492918, 0.614743938774953, 0.23104348742888353, 4.2326949500903766e-08]
[0.0, 884996.1115491362, 5.4652526136618995, 3.653425367775098, 0.1340708559072178, 0.0, 0.00012727566263492918, 0.614743938774953, 0.23104348742888353, 4.2326949500903766e-08]
[0.0, 884996.1115491362, 5.4652526136618995, 3.653425367775098, 0.1340708559072178, 0.0, 0.00012727566263492918, 0.614743938774953, 0.23104348742888353, 4.2326949500903766e-08]
[0.0, 884996.1115491362, 5.4652526136618995, 3.653425367775098, 0.1340708559072178, 0.0, 0.00012727566263492918, 0.614743938774953, 0.23104348742888353, 4.2326949500903766e-08]
[0.0, 884996.1115491362, 5.4652526136618995, 3.653425367775098, 0.1340708559072178, 0.0, 0.00012727566263492918, 0.614743938774953, 0.23104348742888353, 4.2326949500903766e-08]
[0.0, 884996.1115491362, 5.4652526136618995, 3.653425367775098, 0.1340708559072178, 0.0, 0.00012727566263492918, 0.614743938774953, 0.23104348742888353, 4.2326949500903766e-08]
[0.0, 884996.1115491362, 5.4652526136618995, 3.653425367775098, 0.1340708559072178, 0.0, 0.00012727566263492918, 0.614743938774953, 0.23104348742888353, 4.2326949500903766e-08]
[0.0, 884996.1115491362, 5.4652526136618995, 3.653425367775098, 0.1340708559072178, 0.0, 0.00012727566263492918, 0.614743938774953, 0.23104348742888353, 4.2326949500903766e-08]
[0.0, 884996.1115491362, 5.4652526136618995, 3.653425367775098, 0.1340708559072178, 0.0, 0.00012727566263492918, 0.614743938774953, 0.23104348742888353, 4.2326949500903766e-08]
[0.0, 884996.1115491362, 5.4652526136618995, 3.653425367775098, 0.1340708559072178, 0.0, 0.00012727566263492918, 0.614743938774953, 0.23104348742888353, 4.2326949500903766e-08]
[0.0, 884996.1115491362, 5.4652526136618995, 3.653425367775098, 0.1340708559072178, 0.0, 0.00012727566263492918, 0.614743938774953, 0.23104348742888353, 4.2326949500903766e-08]
[0.0, 884996.1115491362, 5.4652526136618995, 3.653425367775098, 0.1340708559072178, 0.0, 0.00012727566263492918, 0.614743938774953, 0.23104348742888353, 4.2326949500903766e-08]
[0.0, 884996.1115491362, 5.4652526136618995, 3.653425367775098, 0.1340708559072178, 0.0, 0.00012727566263492918, 0.614743938774953, 0.23104348742888353, 4.2326949500903766e-08]
[0.0, 884996.1115491362, 5.4652526136618995, 3.653425367775098, 0.1340708559072178, 0.0, 0.00012727566263492918, 0.614743938774953, 0.23104348742888353, 4.2326949500903766e-08]
[0.0, 884996.1115491362, 5.4652526136618995, 3.653425367775098, 0.1340708559072178, 0.0, 0.00012727566263492918, 0.614743938774953, 0.23104348742888353, 4.2326949500903766e-08]
[0.0, 884996.1115491362, 5.4652526136618995, 3.653425367775098, 0.1340708559072178, 0.0, 0.00012727566263492918, 0.614743938774953, 0.23104348742888353, 4.2326949500903766e-08]
[0.0, 884996.1115491362, 5.4652526136618995, 3.653425367775098, 0.1340708559072178, 0.0, 0.00012727566263492918, 0.614743938774953, 0.23104348742888353, 4.2326949500903766e-08]
[0.0, 884996.1115491362, 5.4652526136618995, 3.653425367775098, 0.1340708559072178, 0.0, 0.00012727566263492918, 0.614743938774953, 0.23104348742888353, 4.2326949500903766e-08]
[0.0, 884996.1115491362, 5.4652526136618995, 3.653425367775098, 0.1340708559072178, 0.0, 0.00012727566263492918, 0.614743938774953, 0.23104348742888353, 4.2326949500903766e-08]
[0.0, 884996.1115491362, 5.4652526136618995, 3.653425367775098, 0.1340708559072178, 0.0, 0.00012727566263492918, 0.614743938774953, 0.23104348742888353, 4.2326949500903766e-08]
[0.0, 884996.1115491362, 5.4652526136618995, 3.653425367775098, 0.1340708559072178, 0.0, 0.00012727566263492918, 0.614743938774953, 0.23104348742888353, 4.2326949500903766e-08]
[0.0, 884996.1115491362, 5.4652526136618995, 2.931186189558465, 0.1340708559072178, 0.0, 0.00012727566263492918, 0.614743938774953, 0.23104348742888353, 4.2326949500903766e-08]
[0.0, 884996.1115491362, 5.4652526136618995, 2.931186189558465, 0.1340708559072178, 0.0, 0.00012727566263492918, 0.614743938774953, 0.23104348742888353, 4.2326949500903766e-08]
[0.0, 884996.1115491362, 5.4652526136618995, 2.931186189558465, 0.1340708559072178, 0.0, 0.00012727566263492918, 0.614743938774953, 0.23104348742888353, 4.2326949500903766e-08]
[0.0, 884996.1115491362, 5.4652526136618995, 2.931186189558465, 0.1340708559072178, 0.0, 0.00012727566263492918, 0.614743938774953, 0.23104348742888353, 4.2326949500903766e-08]
[0.0, 884996.1115491362, 5.4652526136618995, 2.931186189558465, 0.1340708559072178, 0.0, 0.00012727566263492918, 0.614743938774953, 0.23104348742888353, 4.2326949500903766e-08]
[0.0, 884996.1115491362, 5.4652526136618995, 2.931186189558465, 0.1340708559072178, 0.0, 0.00012727566263492918, 0.614743938774953, 0.23104348742888353, 4.2326949500903766e-08]
[0.0, 884996.1115491362, 5.4652526136618995, 2.931186189558465, 0.1340708559072178, 0.0, 0.00012727566263492918, 0.614743938774953, 0.23104348742888353, 3.8415560954518924e-08]
[0.0, 884996.1115491362, 5.4652526136618995, 2.931186189558465, 0.1340708559072178, 0.0, 0.00012727566263492918, 0.614743938774953, 0.23104348742888353, 3.8415560954518924e-08]
[0.0, 884996.1115491362, 5.4652526136618995, 2.931186189558465, 0.1340708559072178, 0.0, 0.00012727566263492918, 0.614743938774953, 0.23104348742888353, 3.8415560954518924e-08]
[0.0, 884996.1115491362, 5.4652526136618995, 2.931186189558465, 0.1340708559072178, 0.0, 0.00012727566263492918, 0.614743938774953, 0.23104348742888353, 3.8415560954518924e-08]
[0.0, 884996.1115491362, 5.4652526136618995, 2.931186189558465, 0.1340708559072178, 0.0, 0.00012727566263492918, 0.614743938774953, 0.23104348742888353, 3.8415560954518924e-08]
[0.0, 884996.1115491362, 5.4652526136618995, 2.931186189558465, 0.1340708559072178, 0.0, 0.00012727566263492918, 0.614743938774953, 0.23104348742888353, 3.8415560954518924e-08]
[0.0, 884996.1115491362, 5.4652526136618995, 2.5368780767654293, 0.1340708559072178, 0.0, 0.00012727566263492918, 0.614743938774953, 0.23104348742888353, 3.8415560954518924e-08]
[0.0, 884996.1115491362, 5.4652526136618995, 2.5368780767654293, 0.1340708559072178, 0.0, 0.00012727566263492918, 0.614743938774953, 0.23104348742888353, 3.8415560954518924e-08]
[0.0, 884996.1115491362, 5.4652526136618995, 2.5368780767654293, 0.1340708559072178, 0.0, 0.00012727566263492918, 0.614743938774953, 0.23104348742888353, 3.8415560954518924e-08]
[0.0, 884996.1115491362, 5.4652526136618995, 2.5368780767654293, 0.1340708559072178, 0.0, 0.00012727566263492918, 0.614743938774953, 0.23104348742888353, 3.8415560954518924e-08]
[0.0, 884996.1115491362, 5.4652526136618995, 2.5368780767654293, 0.1340708559072178, 0.0, 0.00012727566263492918, 0.614743938774953, 0.23104348742888353, 3.8415560954518924e-08]
[0.0, 884996.1115491362, 5.4652526136618995, 2.5368780767654293, 0.1340708559072178, 0.0, 0.00012727566263492918, 0.614743938774953, 0.23104348742888353, 3.8415560954518924e-08]
[0.0, 884996.1115491362, 5.4652526136618995, 2.5368780767654293, 0.1340708559072178, 0.0, 0.00012727566263492918, 0.614743938774953, 0.23104348742888353, 3.8415560954518924e-08]
[0.0, 884996.1115491362, 5.4652526136618995, 2.5368780767654293, 0.1340708559072178, 0.0, 0.00012727566263492918, 0.614743938774953, 0.23104348742888353, 3.8415560954518924e-08]
[0.0, 884996.1115491362, 5.4652526136618995, 2.5368780767654293, 0.1340708559072178, 0.0, 0.00012727566263492918, 0.614743938774953, 0.23104348742888353, 3.8415560954518924e-08]
[0.0, 884996.1115491362, 5.4652526136618995, 2.5368780767654293, 0.1340708559072178, 0.0, 0.00012727566263492918, 0.614743938774953, 0.23104348742888353, 3.448939667194395e-08]
[0.0, 884996.1115491362, 5.4652526136618995, 2.5368780767654293, 0.1340708559072178, 0.0, 0.00012727566263492918, 0.614743938774953, 0.23104348742888353, 3.448939667194395e-08]
[0.0, 884996.1115491362, 5.4652526136618995, 2.060120551379981, 0.1340708559072178, 0.0, 0.00012727566263492918, 0.614743938774953, 0.23104348742888353, 3.448939667194395e-08]
[0.0, 884996.1115491362, 5.4652526136618995, 2.060120551379981, 0.1340708559072178, 0.0, 0.00012727566263492918, 0.614743938774953, 0.23104348742888353, 3.448939667194395e-08]
[0.0, 884996.1115491362, 5.4652526136618995, 2.060120551379981, 0.1340708559072178, 0.0, 0.00012727566263492918, 0.614743938774953, 0.23104348742888353, 3.448939667194395e-08]
[0.0, 884996.1115491362, 5.4652526136618995, 2.060120551379981, 0.1340708559072178, 0.0, 0.00012727566263492918, 0.614743938774953, 0.23104348742888353, 3.448939667194395e-08]
[0.0, 884996.1115491362, 5.4652526136618995, 2.060120551379981, 0.1340708559072178, 0.0, 0.00012727566263492918, 0.614743938774953, 0.23104348742888353, 3.448939667194395e-08]
[0.0, 884996.1115491362, 5.4652526136618995, 2.060120551379981, 0.1340708559072178, 0.0, 0.00012727566263492918, 0.614743938774953, 0.23104348742888353, 3.448939667194395e-08]
[0.0, 884996.1115491362, 5.4652526136618995, 2.060120551379981, 0.1340708559072178, 0.0, 0.00012727566263492918, 0.614743938774953, 0.23104348742888353, 3.398793468889494e-08]
[0.0, 884996.1115491362, 5.4652526136618995, 2.060120551379981, 0.1340708559072178, 0.0, 0.00012727566263492918, 0.614743938774953, 0.23104348742888353, 3.398793468889494e-08]
[0.0, 884996.1115491362, 5.4652526136618995, 2.060120551379981, 0.1340708559072178, 0.0, 0.00012727566263492918, 0.614743938774953, 0.23104348742888353, 3.398793468889494e-08]
[0.0, 884996.1115491362, 5.4652526136618995, 2.060120551379981, 0.1340708559072178, 0.0, 0.00012727566263492918, 0.614743938774953, 0.23104348742888353, 3.398793468889494e-08]
[0.0, 884996.1115491362, 5.4652526136618995, 2.060120551379981, 0.1340708559072178, 0.0, 0.00012727566263492918, 0.614743938774953, 0.23104348742888353, 3.398793468889494e-08]
[0.0, 884996.1115491362, 5.4652526136618995, 2.060120551379981, 0.1340708559072178, 0.0, 0.00012727566263492918, 0.614743938774953, 0.23104348742888353, 3.398793468889494e-08]
[0.0, 884996.1115491362, 5.4652526136618995, 2.060120551379981, 0.1340708559072178, 0.0, 0.00012727566263492918, 0.614743938774953, 0.23104348742888353, 3.398793468889494e-08]
[0.0, 884996.1115491362, 5.4652526136618995, 2.060120551379981, 0.1340708559072178, 0.0, 0.00012727566263492918, 0.614743938774953, 0.23104348742888353, 3.398793468889494e-08]
[0.0, 884996.1115491362, 5.4652526136618995, 2.060120551379981, 0.1340708559072178, 0.0, 0.00012727566263492918, 0.614743938774953, 0.23104348742888353, 3.398793468889494e-08]
[0.0, 884996.1115491362, 5.4652526136618995, 2.060120551379981, 0.1340708559072178, 0.0, 0.00012727566263492918, 0.614743938774953, 0.23104348742888353, 3.398793468889494e-08]
[0.0, 884996.1115491362, 5.4652526136618995, 2.060120551379981, 0.1340708559072178, 0.0, 0.00012727566263492918, 0.614743938774953, 0.23104348742888353, 3.398793468889494e-08]
[0.0, 884996.1115491362, 5.4652526136618995, 2.060120551379981, 0.1340708559072178, 0.0, 0.00012727566263492918, 0.614743938774953, 0.23104348742888353, 3.398793468889494e-08]
[0.0, 884996.1115491362, 5.4652526136618995, 2.060120551379981, 0.1340708559072178, 0.0, 0.00012727566263492918, 0.614743938774953, 0.23104348742888353, 2.9002834356361973e-08]
[0.0, 884996.1115491362, 5.4652526136618995, 2.060120551379981, 0.1340708559072178, 0.0, 0.00012727566263492918, 0.614743938774953, 0.23104348742888353, 2.9002834356361973e-08]
[0.0, 884996.1115491362, 5.4652526136618995, 2.060120551379981, 0.1340708559072178, 0.0, 0.00012727566263492918, 0.614743938774953, 0.23104348742888353, 2.9002834356361973e-08]
[0.0, 884996.1115491362, 5.4652526136618995, 2.060120551379981, 0.1340708559072178, 0.0, 0.00012727566263492918, 0.614743938774953, 0.23104348742888353, 2.9002834356361973e-08]
[0.0, 884996.1115491362, 5.4652526136618995, 2.060120551379981, 0.1340708559072178, 0.0, 0.00012727566263492918, 0.614743938774953, 0.23104348742888353, 2.9002834356361973e-08]
[0.0, 884996.1115491362, 5.4652526136618995, 2.060120551379981, 0.1340708559072178, 0.0, 0.00012727566263492918, 0.614743938774953, 0.23104348742888353, 2.9002834356361973e-08]
[0.0, 884996.1115491362, 5.4652526136618995, 2.060120551379981, 0.1340708559072178, 0.0, 0.00012727566263492918, 0.614743938774953, 0.23104348742888353, 2.9002834356361973e-08]
[0.0, 884996.1115491362, 5.4652526136618995, 2.060120551379981, 0.1340708559072178, 0.0, 0.00012727566263492918, 0.614743938774953, 0.23104348742888353, 2.9002834356361973e-08]
[0.0, 884996.1115491362, 5.4652526136618995, 2.060120551379981, 0.1340708559072178, 0.0, 0.00012727566263492918, 0.614743938774953, 0.23104348742888353, 2.9002834356361973e-08]
[0.0, 884996.1115491362, 5.4652526136618995, 2.060120551379981, 0.1340708559072178, 0.0, 0.00012727566263492918, 0.614743938774953, 0.23104348742888353, 2.9002834356361973e-08]
[0.0, 884996.1115491362, 5.4652526136618995, 2.060120551379981, 0.1340708559072178, 0.0, 0.00012727566263492918, 0.614743938774953, 0.23104348742888353, 2.9002834356361973e-08]
[0.0, 884996.1115491362, 5.4652526136618995, 2.060120551379981, 0.1340708559072178, 0.0, 0.00012727566263492918, 0.614743938774953, 0.23104348742888353, 2.9002834356361973e-08]
[0.0, 884996.1115491362, 5.4652526136618995, 2.060120551379981, 0.1340708559072178, 0.0, 0.00012727566263492918, 0.614743938774953, 0.23104348742888353, 2.9002834356361973e-08]
[0.0, 884996.1115491362, 5.4652526136618995, 2.060120551379981, 0.1340708559072178, 0.0, 0.00012727566263492918, 0.614743938774953, 0.23104348742888353, 2.9002834356361973e-08]
[0.0, 884996.1115491362, 5.4652526136618995, 2.060120551379981, 0.1340708559072178, 0.0, 0.00012727566263492918, 0.614743938774953, 0.23104348742888353, 2.9002834356361973e-08]
[0.0, 884996.1115491362, 5.4652526136618995, 2.060120551379981, 0.1340708559072178, 0.0, 0.00012727566263492918, 0.614743938774953, 0.23104348742888353, 2.9002834356361973e-08]
[0.0, 884996.1115491362, 5.4652526136618995, 2.060120551379981, 0.1340708559072178, 0.0, 0.00012727566263492918, 0.614743938774953, 0.23104348742888353, 2.9002834356361973e-08]
[0.0, 884996.1115491362, 5.4652526136618995, 2.060120551379981, 0.1340708559072178, 0.0, 0.00012727566263492918, 0.614743938774953, 0.23104348742888353, 2.9002834356361973e-08]
[0.0, 884996.1115491362, 5.4652526136618995, 2.060120551379981, 0.1340708559072178, 0.0, 0.00012727566263492918, 0.614743938774953, 0.23104348742888353, 2.9002834356361973e-08]
[0.0, 884996.1115491362, 5.4652526136618995, 2.060120551379981, 0.1340708559072178, 0.0, 0.00012727566263492918, 0.614743938774953, 0.23104348742888353, 2.9002834356361973e-08]
[0.0, 884996.1115491362, 5.4652526136618995, 2.060120551379981, 0.1340708559072178, 0.0, 0.00012727566263492918, 0.614743938774953, 0.23104348742888353, 2.9002834356361973e-08]
[0.0, 884996.1115491362, 5.4652526136618995, 2.060120551379981, 0.1340708559072178, 0.0, 0.00012727566263492918, 0.614743938774953, 0.23104348742888353, 2.5771651923633954e-08]
[0.0, 884996.1115491362, 5.4652526136618995, 2.060120551379981, 0.1340708559072178, 0.0, 0.00012727566263492918, 0.614743938774953, 0.23104348742888353, 2.5771651923633954e-08]
[0.0, 884996.1115491362, 5.4652526136618995, 2.060120551379981, 0.1340708559072178, 0.0, 0.00012727566263492918, 0.614743938774953, 0.23104348742888353, 2.5771651923633954e-08]
[0.0, 884996.1115491362, 5.4652526136618995, 2.060120551379981, 0.1340708559072178, 0.0, 0.00012727566263492918, 0.614743938774953, 0.23104348742888353, 2.5771651923633954e-08]
[0.0, 884996.1115491362, 5.4652526136618995, 2.060120551379981, 0.1340708559072178, 0.0, 0.00012727566263492918, 0.614743938774953, 0.23104348742888353, 2.5771651923633954e-08]
[0.0, 884996.1115491362, 5.4652526136618995, 2.060120551379981, 0.1340708559072178, 0.0, 0.00012727566263492918, 0.614743938774953, 0.23104348742888353, 2.5771651923633954e-08]
[0.0, 884996.1115491362, 5.4652526136618995, 2.060120551379981, 0.1340708559072178, 0.0, 0.00012727566263492918, 0.614743938774953, 0.23104348742888353, 2.5771651923633954e-08]
[0.0, 884996.1115491362, 5.4652526136618995, 2.060120551379981, 0.1340708559072178, 0.0, 0.00012727566263492918, 0.614743938774953, 0.23104348742888353, 2.5771651923633954e-08]
[0.0, 884996.1115491362, 5.4652526136618995, 2.060120551379981, 0.1340708559072178, 0.0, 0.00012727566263492918, 0.614743938774953, 0.23104348742888353, 2.5771651923633954e-08]
[0.0, 884996.1115491362, 5.4652526136618995, 2.060120551379981, 0.1340708559072178, 0.0, 0.00012727566263492918, 0.614743938774953, 0.23104348742888353, 2.5771651923633954e-08]
[0.0, 884996.1115491362, 5.4652526136618995, 2.060120551379981, 0.1340708559072178, 0.0, 0.00012727566263492918, 0.614743938774953, 0.23104348742888353, 2.5771651923633954e-08]
[0.0, 884996.1115491362, 5.4652526136618995, 2.060120551379981, 0.1340708559072178, 0.0, 0.00012727566263492918, 0.614743938774953, 0.23104348742888353, 2.5771651923633954e-08]
[0.0, 884996.1115491362, 5.4652526136618995, 2.060120551379981, 0.1340708559072178, 0.0, 0.00012727566263492918, 0.614743938774953, 0.23104348742888353, 2.5611886389498295e-08]
[0.0, 884996.1115491362, 5.4652526136618995, 2.060120551379981, 0.1340708559072178, 0.0, 0.00012727566263492918, 0.614743938774953, 0.23104348742888353, 2.5611886389498295e-08]
[0.0, 884996.1115491362, 5.4652526136618995, 1.7753771700669478, 0.1340708559072178, 0.0, 0.00012727566263492918, 0.614743938774953, 0.23104348742888353, 2.5611886389498295e-08]
[0.0, 884996.1115491362, 5.4652526136618995, 1.7753771700669478, 0.1340708559072178, 0.0, 0.00012727566263492918, 0.614743938774953, 0.23104348742888353, 2.5611886389498295e-08]
[0.0, 884996.1115491362, 5.4652526136618995, 1.7753771700669478, 0.1340708559072178, 0.0, 0.00012727566263492918, 0.614743938774953, 0.23104348742888353, 2.5611886389498295e-08]
[0.0, 884996.1115491362, 5.4652526136618995, 1.7753771700669478, 0.1340708559072178, 0.0, 0.00012727566263492918, 0.614743938774953, 0.23104348742888353, 2.1529924953966884e-08]
[0.0, 884996.1115491362, 5.4652526136618995, 1.7753771700669478, 0.1340708559072178, 0.0, 0.00012727566263492918, 0.614743938774953, 0.23104348742888353, 2.1529924953966884e-08]
[0.0, 884996.1115491362, 5.4652526136618995, 1.7753771700669478, 0.1340708559072178, 0.0, 0.00012727566263492918, 0.614743938774953, 0.23104348742888353, 2.1529924953966884e-08]
[0.0, 884996.1115491362, 5.4652526136618995, 1.7753771700669478, 0.1340708559072178, 0.0, 0.00012727566263492918, 0.614743938774953, 0.23104348742888353, 2.1529924953966884e-08]
[0.0, 884996.1115491362, 5.4652526136618995, 1.7753771700669478, 0.1340708559072178, 0.0, 0.00012727566263492918, 0.614743938774953, 0.23104348742888353, 2.1529924953966884e-08]
[0.0, 884996.1115491362, 5.4652526136618995, 1.7753771700669478, 0.1340708559072178, 0.0, 0.00012727566263492918, 0.614743938774953, 0.23104348742888353, 2.1529924953966884e-08]
[0.0, 884996.1115491362, 5.4652526136618995, 1.7753771700669478, 0.1340708559072178, 0.0, 0.00012727566263492918, 0.614743938774953, 0.23104348742888353, 2.1529924953966884e-08]
[0.0, 884996.1115491362, 5.4652526136618995, 1.7753771700669478, 0.1340708559072178, 0.0, 0.00012727566263492918, 0.614743938774953, 0.23104348742888353, 2.1529924953966884e-08]
[0.0, 884996.1115491362, 5.4652526136618995, 1.7753771700669478, 0.1340708559072178, 0.0, 0.00012727566263492918, 0.614743938774953, 0.23104348742888353, 2.1529924953966884e-08]
[0.0, 884996.1115491362, 5.4652526136618995, 1.7753771700669478, 0.1340708559072178, 0.0, 0.00012727566263492918, 0.614743938774953, 0.23104348742888353, 2.1529924953966884e-08]
[0.0, 884996.1115491362, 5.4652526136618995, 1.7753771700669478, 0.1340708559072178, 0.0, 0.00012727566263492918, 0.614743938774953, 0.23104348742888353, 2.1529924953966884e-08]
[0.0, 884996.1115491362, 5.4652526136618995, 1.7753771700669478, 0.1340708559072178, 0.0, 0.00012727566263492918, 0.614743938774953, 0.23104348742888353, 2.1529924953966884e-08]
[0.0, 884996.1115491362, 5.4652526136618995, 1.6823621309954682, 0.1340708559072178, 0.0, 0.00012727566263492918, 0.614743938774953, 0.23104348742888353, 2.1212053002983566e-08]
[0.0, 884996.1115491362, 5.4652526136618995, 1.6823621309954682, 0.1340708559072178, 0.0, 0.00012727566263492918, 0.614743938774953, 0.23104348742888353, 2.1212053002983566e-08]
[0.0, 884996.1115491362, 5.4652526136618995, 1.6823621309954682, 0.1340708559072178, 0.0, 0.00012727566263492918, 0.614743938774953, 0.23104348742888353, 2.1212053002983566e-08]
[0.0, 884996.1115491362, 5.4652526136618995, 1.6823621309954682, 0.1340708559072178, 0.0, 0.00012727566263492918, 0.614743938774953, 0.23104348742888353, 2.1212053002983566e-08]
[0.0, 884996.1115491362, 5.4652526136618995, 1.6823621309954682, 0.1340708559072178, 0.0, 0.00012727566263492918, 0.614743938774953, 0.23104348742888353, 1.981905883852164e-08]
[0.0, 884996.1115491362, 5.4652526136618995, 1.6823621309954682, 0.1340708559072178, 0.0, 0.00012727566263492918, 0.614743938774953, 0.23104348742888353, 1.981905883852164e-08]
[0.0, 884996.1115491362, 5.4652526136618995, 1.6823621309954682, 0.1340708559072178, 0.0, 0.00012727566263492918, 0.614743938774953, 0.23104348742888353, 1.981905883852164e-08]
[0.0, 884996.1115491362, 5.4652526136618995, 1.6823621309954682, 0.1340708559072178, 0.0, 0.00012727566263492918, 0.614743938774953, 0.23104348742888353, 1.981905883852164e-08]
[0.0, 884996.1115491362, 5.4652526136618995, 1.6823621309954682, 0.1340708559072178, 0.0, 0.00012727566263492918, 0.614743938774953, 0.23104348742888353, 1.981905883852164e-08]
[0.0, 884996.1115491362, 5.4652526136618995, 1.6823621309954682, 0.1340708559072178, 0.0, 0.00012727566263492918, 0.614743938774953, 0.23104348742888353, 1.981905883852164e-08]
[0.0, 884996.1115491362, 5.4652526136618995, 1.6823621309954682, 0.1340708559072178, 0.0, 0.00012727566263492918, 0.614743938774953, 0.23104348742888353, 1.981905883852164e-08]
[0.0, 884996.1115491362, 5.4652526136618995, 1.6823621309954682, 0.1340708559072178, 0.0, 0.00012727566263492918, 0.614743938774953, 0.23104348742888353, 1.7460128010071685e-08]
[0.0, 884996.1115491362, 5.4652526136618995, 1.6823621309954682, 0.1340708559072178, 0.0, 0.00012727566263492918, 0.614743938774953, 0.23104348742888353, 1.7460128010071685e-08]
[0.0, 884996.1115491362, 5.4652526136618995, 1.6823621309954682, 0.1340708559072178, 0.0, 0.00012727566263492918, 0.614743938774953, 0.23104348742888353, 1.7460128010071685e-08]
[0.0, 884996.1115491362, 5.4652526136618995, 1.6823621309954682, 0.1340708559072178, 0.0, 0.00012727566263492918, 0.614743938774953, 0.23104348742888353, 1.7460128010071685e-08]
[0.0, 884996.1115491362, 5.4652526136618995, 1.6823621309954682, 0.1340708559072178, 0.0, 0.00012727566263492918, 0.614743938774953, 0.23104348742888353, 1.7460128010071685e-08]
[0.0, 884996.1115491362, 5.4652526136618995, 1.6823621309954682, 0.1340708559072178, 0.0, 0.00012727566263492918, 0.614743938774953, 0.23104348742888353, 1.7460128010071685e-08]
[0.0, 884996.1115491362, 5.4652526136618995, 1.6823621309954682, 0.1340708559072178, 0.0, 0.00012727566263492918, 0.614743938774953, 0.23104348742888353, 1.7460128010071685e-08]
[0.0, 884996.1115491362, 5.4652526136618995, 1.6823621309954682, 0.1340708559072178, 0.0, 0.00012727566263492918, 0.614743938774953, 0.23104348742888353, 1.7460128010071685e-08]
[0.0, 884996.1115491362, 5.4652526136618995, 1.6823621309954682, 0.1340708559072178, 0.0, 0.00012727566263492918, 0.614743938774953, 0.23104348742888353, 1.7460128010071685e-08]
[0.0, 884996.1115491362, 5.4652526136618995, 1.6823621309954682, 0.1340708559072178, 0.0, 0.00012727566263492918, 0.614743938774953, 0.23104348742888353, 1.7460128010071685e-08]
[0.0, 884996.1115491362, 5.4652526136618995, 1.6823621309954682, 0.1340708559072178, 0.0, 0.00012727566263492918, 0.614743938774953, 0.23104348742888353, 1.7460128010071685e-08]
[0.0, 884996.1115491362, 5.4652526136618995, 1.6823621309954682, 0.1340708559072178, 0.0, 0.00012727566263492918, 0.614743938774953, 0.23104348742888353, 1.7460128010071685e-08]
[0.0, 884996.1115491362, 5.4652526136618995, 1.6823621309954682, 0.1340708559072178, 0.0, 0.00012727566263492918, 0.614743938774953, 0.23104348742888353, 1.6167604588446238e-08]
[0.0, 884996.1115491362, 5.4652526136618995, 1.6823621309954682, 0.1340708559072178, 0.0, 0.00012727566263492918, 0.614743938774953, 0.23104348742888353, 1.6167604588446238e-08]
[0.0, 884996.1115491362, 5.4652526136618995, 1.6823621309954682, 0.1340708559072178, 0.0, 0.00012727566263492918, 0.614743938774953, 0.23104348742888353, 1.6167604588446238e-08]
[0.0, 884996.1115491362, 5.4652526136618995, 1.6823621309954682, 0.1340708559072178, 0.0, 0.00012727566263492918, 0.614743938774953, 0.23104348742888353, 1.6167604588446238e-08]
[0.0, 884996.1115491362, 5.4652526136618995, 1.6823621309954682, 0.1340708559072178, 0.0, 0.00012727566263492918, 0.614743938774953, 0.23104348742888353, 1.6167604588446238e-08]
[0.0, 884996.1115491362, 5.4652526136618995, 1.6823621309954682, 0.1340708559072178, 0.0, 0.00012727566263492918, 0.614743938774953, 0.23104348742888353, 1.6167604588446238e-08]
[0.0, 884996.1115491362, 5.4652526136618995, 1.6823621309954682, 0.1340708559072178, 0.0, 0.00012727566263492918, 0.614743938774953, 0.23104348742888353, 1.6167604588446238e-08]
[0.0, 884996.1115491362, 5.4652526136618995, 1.6823621309954682, 0.1340708559072178, 0.0, 0.00012727566263492918, 0.614743938774953, 0.23104348742888353, 1.6167604588446238e-08]
[0.0, 884996.1115491362, 5.4652526136618995, 1.6823621309954682, 0.1340708559072178, 0.0, 0.00012727566263492918, 0.614743938774953, 0.23104348742888353, 1.6167604588446238e-08]
[0.0, 884996.1115491362, 5.4652526136618995, 1.6823621309954682, 0.1340708559072178, 0.0, 0.00012727566263492918, 0.614743938774953, 0.23104348742888353, 1.0240271297590198e-08]
[0.0, 884996.1115491362, 5.4652526136618995, 1.6823621309954682, 0.1340708559072178, 0.0, 0.00012727566263492918, 0.614743938774953, 0.23104348742888353, 1.0240271297590198e-08]
[0.0, 884996.1115491362, 5.4652526136618995, 1.6823621309954682, 0.1340708559072178, 0.0, 0.00012727566263492918, 0.614743938774953, 0.23104348742888353, 1.0240271297590198e-08]
[0.0, 884996.1115491362, 5.4652526136618995, 1.6823621309954682, 0.1340708559072178, 0.0, 0.00012727566263492918, 0.614743938774953, 0.23104348742888353, 1.0240271297590198e-08]
[0.0, 884996.1115491362, 5.4652526136618995, 1.6823621309954682, 0.1340708559072178, 0.0, 0.00012727566263492918, 0.614743938774953, 0.23104348742888353, 1.0240271297590198e-08]
[0.0, 884996.1115491362, 5.4652526136618995, 1.6823621309954682, 0.1340708559072178, 0.0, 0.00012727566263492918, 0.614743938774953, 0.23104348742888353, 1.0240271297590198e-08]
[0.0, 884996.1115491362, 5.4652526136618995, 1.6823621309954682, 0.1340708559072178, 0.0, 0.00012727566263492918, 0.614743938774953, 0.23104348742888353, 1.0240271297590198e-08]
[0.0, 884996.1115491362, 5.4652526136618995, 1.6823621309954682, 0.1340708559072178, 0.0, 0.00012727566263492918, 0.614743938774953, 0.23104348742888353, 1.0240271297590198e-08]
[0.0, 884996.1115491362, 5.4652526136618995, 1.6823621309954682, 0.1340708559072178, 0.0, 0.00012727566263492918, 0.614743938774953, 0.23104348742888353, 1.0240271297590198e-08]
[0.0, 884996.1115491362, 5.4652526136618995, 1.2327517701039223, 0.1340708559072178, 0.0, 0.00012727566263492918, 0.614743938774953, 0.23104348742888353, 1.0240271297590198e-08]
[0.0, 884996.1115491362, 5.4652526136618995, 1.2327517701039223, 0.1340708559072178, 0.0, 0.00012727566263492918, 0.614743938774953, 0.23104348742888353, 1.0240271297590198e-08]
[0.0, 884996.1115491362, 5.4652526136618995, 1.2327517701039223, 0.1340708559072178, 0.0, 0.00012727566263492918, 0.614743938774953, 0.23104348742888353, 1.0240271297590198e-08]
[0.0, 884996.1115491362, 5.4652526136618995, 1.2327517701039223, 0.1340708559072178, 0.0, 0.00012727566263492918, 0.614743938774953, 0.23104348742888353, 1.0240271297590198e-08]
[0.0, 884996.1115491362, 5.4652526136618995, 1.2327517701039223, 0.1340708559072178, 0.0, 0.00012727566263492918, 0.614743938774953, 0.23104348742888353, 1.0240271297590198e-08]
[0.0, 884996.1115491362, 5.4652526136618995, 1.2327517701039223, 0.1340708559072178, 0.0, 0.00012727566263492918, 0.614743938774953, 0.23104348742888353, 1.0240271297590198e-08]
[0.0, 884996.1115491362, 5.4652526136618995, 1.2327517701039223, 0.1340708559072178, 0.0, 0.00012727566263492918, 0.614743938774953, 0.23104348742888353, 1.0240271297590198e-08]
[0.0, 884996.1115491362, 5.4652526136618995, 1.2327517701039223, 0.1340708559072178, 0.0, 0.00012727566263492918, 0.614743938774953, 0.23104348742888353, 1.0240271297590198e-08]
[0.0, 884996.1115491362, 5.4652526136618995, 1.2327517701039223, 0.1340708559072178, 0.0, 0.00012727566263492918, 0.614743938774953, 0.23104348742888353, 1.0240271297590198e-08]
[0.0, 884996.1115491362, 5.4652526136618995, 1.2327517701039223, 0.1340708559072178, 0.0, 0.00012727566263492918, 0.614743938774953, 0.23104348742888353, 1.0240271297590198e-08]
[0.0, 884996.1115491362, 5.4652526136618995, 1.2327517701039223, 0.1340708559072178, 0.0, 0.00012727566263492918, 0.614743938774953, 0.23104348742888353, 1.0240271297590198e-08]
[0.0, 884996.1115491362, 5.4652526136618995, 1.2327517701039223, 0.1340708559072178, 0.0, 0.00012727566263492918, 0.614743938774953, 0.23104348742888353, 1.0240271297590198e-08]
[0.0, 884996.1115491362, 5.4652526136618995, 1.2327517701039223, 0.1340708559072178, 0.0, 0.00012727566263492918, 0.614743938774953, 0.23104348742888353, 1.0240271297590198e-08]
[0.0, 884996.1115491362, 5.4652526136618995, 1.2327517701039223, 0.1340708559072178, 0.0, 0.00012727566263492918, 0.614743938774953, 0.23104348742888353, 1.0240271297590198e-08]
[0.0, 884996.1115491362, 5.4652526136618995, 1.2327517701039223, 0.1340708559072178, 0.0, 0.00012727566263492918, 0.614743938774953, 0.23104348742888353, 1.0240271297590198e-08]
[0.0, 884996.1115491362, 5.4652526136618995, 1.2327517701039223, 0.1340708559072178, 0.0, 0.00012727566263492918, 0.614743938774953, 0.23104348742888353, 1.0240271297590198e-08]
[0.0, 884996.1115491362, 5.4652526136618995, 1.2327517701039223, 0.1340708559072178, 0.0, 0.00012727566263492918, 0.614743938774953, 0.23104348742888353, 1.0240271297590198e-08]
[0.0, 884996.1115491362, 5.4652526136618995, 1.2327517701039223, 0.1340708559072178, 0.0, 0.00012727566263492918, 0.614743938774953, 0.23104348742888353, 1.0240271297590198e-08]
[0.0, 884996.1115491362, 5.4652526136618995, 1.2327517701039223, 0.1340708559072178, 0.0, 0.00012727566263492918, 0.614743938774953, 0.23104348742888353, 1.0240271297590198e-08]
[0.0, 884996.1115491362, 5.4652526136618995, 1.2327517701039223, 0.1340708559072178, 0.0, 0.00012727566263492918, 0.614743938774953, 0.23104348742888353, 1.0240271297590198e-08]
[0.0, 884996.1115491362, 5.4652526136618995, 1.2327517701039223, 0.1340708559072178, 0.0, 0.00012727566263492918, 0.614743938774953, 0.23104348742888353, 1.0240271297590198e-08]
[0.0, 884996.1115491362, 5.4652526136618995, 1.2327517701039223, 0.1340708559072178, 0.0, 0.00012727566263492918, 0.614743938774953, 0.23104348742888353, 1.0240271297590198e-08]
[0.0, 884996.1115491362, 5.4652526136618995, 1.2327517701039223, 0.1340708559072178, 0.0, 0.00012727566263492918, 0.614743938774953, 0.23104348742888353, 1.0240271297590198e-08]
[0.0, 884996.1115491362, 5.4652526136618995, 1.2327517701039223, 0.1340708559072178, 0.0, 0.00012727566263492918, 0.614743938774953, 0.23104348742888353, 1.0240271297590198e-08]
[0.0, 884996.1115491362, 5.4652526136618995, 1.2327517701039223, 0.1340708559072178, 0.0, 0.00012727566263492918, 0.614743938774953, 0.23104348742888353, 1.0240271297590198e-08]
[0.0, 884996.1115491362, 5.4652526136618995, 1.2327517701039223, 0.1340708559072178, 0.0, 0.00012727566263492918, 0.614743938774953, 0.23104348742888353, 1.0240271297590198e-08]
[0.0, 884996.1115491362, 5.4652526136618995, 1.2327517701039223, 0.1340708559072178, 0.0, 0.00012727566263492918, 0.614743938774953, 0.23104348742888353, 1.0240271297590198e-08]
[0.0, 884996.1115491362, 5.4652526136618995, 1.2327517701039223, 0.1340708559072178, 0.0, 0.00012727566263492918, 0.614743938774953, 0.23104348742888353, 1.0240271297590198e-08]
[0.0, 884996.1115491362, 5.4652526136618995, 1.2327517701039223, 0.1340708559072178, 0.0, 0.00012727566263492918, 0.614743938774953, 0.23104348742888353, 1.0240271297590198e-08]
[0.0, 884996.1115491362, 5.4652526136618995, 1.2327517701039223, 0.1340708559072178, 0.0, 0.00012727566263492918, 0.614743938774953, 0.23104348742888353, 1.0240271297590198e-08]
[0.0, 884996.1115491362, 5.4652526136618995, 1.2327517701039223, 0.1340708559072178, 0.0, 0.00012727566263492918, 0.614743938774953, 0.23104348742888353, 1.0240271297590198e-08]
[0.0, 884996.1115491362, 5.4652526136618995, 1.2327517701039223, 0.1340708559072178, 0.0, 0.00012727566263492918, 0.614743938774953, 0.23104348742888353, 1.0240271297590198e-08]
[0.0, 884996.1115491362, 5.4652526136618995, 1.2327517701039223, 0.1340708559072178, 0.0, 0.00012727566263492918, 0.614743938774953, 0.23104348742888353, 1.0240271297590198e-08]
[0.0, 884996.1115491362, 5.4652526136618995, 1.2327517701039223, 0.1340708559072178, 0.0, 0.00012727566263492918, 0.614743938774953, 0.23104348742888353, 1.0240271297590198e-08]
[0.0, 884996.1115491362, 5.4652526136618995, 1.2327517701039223, 0.1340708559072178, 0.0, 0.00012727566263492918, 0.614743938774953, 0.23104348742888353, 1.0240271297590198e-08]
[0.0, 884996.1115491362, 5.4652526136618995, 1.2327517701039223, 0.1340708559072178, 0.0, 0.00012727566263492918, 0.614743938774953, 0.23104348742888353, 1.0240271297590198e-08]
[0.0, 884996.1115491362, 5.4652526136618995, 1.2327517701039223, 0.1340708559072178, 0.0, 0.00012727566263492918, 0.614743938774953, 0.23104348742888353, 1.0240271297590198e-08]
[0.0, 884996.1115491362, 5.4652526136618995, 1.2327517701039223, 0.1340708559072178, 0.0, 0.00012727566263492918, 0.614743938774953, 0.23104348742888353, 1.0240271297590198e-08]
[0.0, 884996.1115491362, 5.4652526136618995, 1.2327517701039223, 0.1340708559072178, 0.0, 0.00012727566263492918, 0.614743938774953, 0.23104348742888353, 1.0240271297590198e-08]
[0.0, 884996.1115491362, 5.4652526136618995, 1.2327517701039223, 0.1340708559072178, 0.0, 0.00012727566263492918, 0.614743938774953, 0.23104348742888353, 1.0240271297590198e-08]
[0.0, 884996.1115491362, 5.4652526136618995, 1.2327517701039223, 0.1340708559072178, 0.0, 0.00012727566263492918, 0.614743938774953, 0.23104348742888353, 1.0240271297590198e-08]
[0.0, 884996.1115491362, 5.4652526136618995, 1.2327517701039223, 0.1340708559072178, 0.0, 0.00012727566263492918, 0.614743938774953, 0.23104348742888353, 1.0240271297590198e-08]
[0.0, 884996.1115491362, 5.4652526136618995, 1.2327517701039223, 0.1340708559072178, 0.0, 0.00012727566263492918, 0.614743938774953, 0.23104348742888353, 1.0240271297590198e-08]
[0.0, 884996.1115491362, 5.4652526136618995, 1.2327517701039223, 0.1340708559072178, 0.0, 0.00012727566263492918, 0.614743938774953, 0.23104348742888353, 1.0240271297590198e-08]
[0.0, 884996.1115491362, 5.4652526136618995, 1.2327517701039223, 0.1340708559072178, 0.0, 0.00012727566263492918, 0.614743938774953, 0.23104348742888353, 1.0240271297590198e-08]
[0.0, 884996.1115491362, 5.4652526136618995, 1.2327517701039223, 0.1340708559072178, 0.0, 0.00012727566263492918, 0.614743938774953, 0.23104348742888353, 1.0240271297590198e-08]
[0.0, 884996.1115491362, 5.4652526136618995, 1.2327517701039223, 0.1340708559072178, 0.0, 0.00012727566263492918, 0.614743938774953, 0.23104348742888353, 1.0240271297590198e-08]
[0.0, 884996.1115491362, 5.4652526136618995, 1.2327517701039223, 0.1340708559072178, 0.0, 0.00012727566263492918, 0.614743938774953, 0.23104348742888353, 1.0240271297590198e-08]
[0.0, 854164.3078821866, 5.4652526136618995, 1.2327517701039223, 0.1340708559072178, 0.0, 0.00012727566263492918, 0.614743938774953, 0.23104348742888353, 1.0240271297590198e-08]
[0.0, 854164.3078821866, 5.4652526136618995, 1.2327517701039223, 0.1340708559072178, 0.0, 0.00012727566263492918, 0.614743938774953, 0.23104348742888353, 1.0240271297590198e-08]
[0.0, 854164.3078821866, 5.4652526136618995, 1.2327517701039223, 0.1340708559072178, 0.0, 0.00012727566263492918, 0.614743938774953, 0.23104348742888353, 1.0240271297590198e-08]
[0.0, 854164.3078821866, 5.4652526136618995, 1.2327517701039223, 0.1340708559072178, 0.0, 0.00012727566263492918, 0.614743938774953, 0.23104348742888353, 1.0240271297590198e-08]
[0.0, 854164.3078821866, 5.4652526136618995, 1.2327517701039223, 0.1340708559072178, 0.0, 0.00012727566263492918, 0.614743938774953, 0.23104348742888353, 1.0240271297590198e-08]
[0.0, 854164.3078821866, 5.4652526136618995, 1.2327517701039223, 0.1340708559072178, 0.0, 0.00012727566263492918, 0.614743938774953, 0.23104348742888353, 1.0240271297590198e-08]
[0.0, 854164.3078821866, 5.4652526136618995, 1.2327517701039223, 0.1340708559072178, 0.0, 0.00012727566263492918, 0.614743938774953, 0.23104348742888353, 1.0240271297590198e-08]
[0.0, 854164.3078821866, 5.4652526136618995, 1.2327517701039223, 0.1340708559072178, 0.0, 0.00012727566263492918, 0.614743938774953, 0.23104348742888353, 1.0240271297590198e-08]
[0.0, 854164.3078821866, 5.4652526136618995, 1.2327517701039223, 0.1340708559072178, 0.0, 0.00012727566263492918, 0.614743938774953, 0.23104348742888353, 1.0240271297590198e-08]
[0.0, 854164.3078821866, 5.4652526136618995, 1.2327517701039223, 0.1340708559072178, 0.0, 0.00012727566263492918, 0.614743938774953, 0.23104348742888353, 1.0240271297590198e-08]
[0.0, 854164.3078821866, 5.4652526136618995, 1.2327517701039223, 0.1340708559072178, 0.0, 0.00012727566263492918, 0.614743938774953, 0.23104348742888353, 1.0240271297590198e-08]
[0.0, 854164.3078821866, 5.4652526136618995, 1.2327517701039223, 0.1340708559072178, 0.0, 0.00012727566263492918, 0.614743938774953, 0.23104348742888353, 9.301189596300219e-09]
[0.0, 854164.3078821866, 5.4652526136618995, 1.2327517701039223, 0.1340708559072178, 0.0, 0.00012727566263492918, 0.614743938774953, 0.23104348742888353, 9.301189596300219e-09]
[0.0, 854164.3078821866, 5.4652526136618995, 1.2327517701039223, 0.1340708559072178, 0.0, 0.00012727566263492918, 0.614743938774953, 0.23104348742888353, 9.301189596300219e-09]
[0.0, 854164.3078821866, 5.4652526136618995, 1.2327517701039223, 0.1340708559072178, 0.0, 0.00012727566263492918, 0.614743938774953, 0.23104348742888353, 9.301189596300219e-09]
[0.0, 854164.3078821866, 5.4652526136618995, 1.2327517701039223, 0.1340708559072178, 0.0, 0.00012727566263492918, 0.614743938774953, 0.23104348742888353, 9.301189596300219e-09]
[0.0, 854164.3078821866, 5.4652526136618995, 1.2327517701039223, 0.1340708559072178, 0.0, 0.00012727566263492918, 0.614743938774953, 0.23104348742888353, 9.301189596300219e-09]
[0.0, 854164.3078821866, 5.4652526136618995, 1.2327517701039223, 0.1340708559072178, 0.0, 0.00012727566263492918, 0.614743938774953, 0.23104348742888353, 9.301189596300219e-09]
[0.0, 854164.3078821866, 5.4652526136618995, 1.2327517701039223, 0.1340708559072178, 0.0, 0.00012727566263492918, 0.614743938774953, 0.23104348742888353, 9.301189596300219e-09]
[0.0, 854164.3078821866, 5.4652526136618995, 1.1711834147098887, 0.1340708559072178, 0.0, 0.00012727566263492918, 0.614743938774953, 0.23104348742888353, 9.301189596300219e-09]
[0.0, 854164.3078821866, 5.4652526136618995, 1.1711834147098887, 0.1340708559072178, 0.0, 0.00012727566263492918, 0.614743938774953, 0.23104348742888353, 9.301189596300219e-09]
[0.0, 854164.3078821866, 5.4652526136618995, 1.1711834147098887, 0.1340708559072178, 0.0, 0.00012727566263492918, 0.614743938774953, 0.23104348742888353, 7.43378025802599e-09]
[0.0, 854164.3078821866, 5.4652526136618995, 1.1711834147098887, 0.1340708559072178, 0.0, 0.00012727566263492918, 0.614743938774953, 0.23104348742888353, 7.43378025802599e-09]
[0.0, 854164.3078821866, 5.4652526136618995, 1.1711834147098887, 0.1340708559072178, 0.0, 0.00012727566263492918, 0.614743938774953, 0.23104348742888353, 7.43378025802599e-09]
[0.0, 854164.3078821866, 5.4652526136618995, 1.0634222974486711, 0.1340708559072178, 0.0, 0.00012727566263492918, 0.614743938774953, 0.23104348742888353, 7.43378025802599e-09]
[0.0, 854164.3078821866, 5.4652526136618995, 1.0634222974486711, 0.1340708559072178, 0.0, 0.00012727566263492918, 0.614743938774953, 0.23104348742888353, 7.43378025802599e-09]
[0.0, 854164.3078821866, 5.4652526136618995, 1.0634222974486711, 0.1340708559072178, 0.0, 0.00012727566263492918, 0.614743938774953, 0.23104348742888353, 7.43378025802599e-09]
[0.0, 854164.3078821866, 5.4652526136618995, 1.0634222974486711, 0.1340708559072178, 0.0, 0.00012727566263492918, 0.614743938774953, 0.23104348742888353, 7.43378025802599e-09]
[0.0, 854164.3078821866, 5.4652526136618995, 1.0634222974486711, 0.1340708559072178, 0.0, 0.00012727566263492918, 0.614743938774953, 0.23104348742888353, 7.43378025802599e-09]
[0.0, 854164.3078821866, 5.4652526136618995, 1.0634222974486711, 0.1340708559072178, 0.0, 0.00012727566263492918, 0.614743938774953, 0.23104348742888353, 7.43378025802599e-09]
[0.0, 854164.3078821866, 5.4652526136618995, 1.0634222974486711, 0.1340708559072178, 0.0, 0.00012727566263492918, 0.614743938774953, 0.23104348742888353, 7.43378025802599e-09]
[0.0, 854164.3078821866, 5.4652526136618995, 1.0634222974486711, 0.1340708559072178, 0.0, 0.00012727566263492918, 0.614743938774953, 0.23104348742888353, 7.43378025802599e-09]
[0.0, 854164.3078821866, 5.4652526136618995, 1.0634222974486711, 0.1340708559072178, 0.0, 0.00012727566263492918, 0.614743938774953, 0.23104348742888353, 7.43378025802599e-09]
[0.0, 854164.3078821866, 5.4652526136618995, 1.0634222974486711, 0.1340708559072178, 0.0, 0.00012727566263492918, 0.614743938774953, 0.23104348742888353, 7.43378025802599e-09]
[0.0, 854164.3078821866, 5.4652526136618995, 1.0634222974486711, 0.1340708559072178, 0.0, 0.00012727566263492918, 0.614743938774953, 0.23104348742888353, 7.43378025802599e-09]
[0.0, 854164.3078821866, 5.4652526136618995, 1.0634222974486711, 0.1340708559072178, 0.0, 0.00012727566263492918, 0.614743938774953, 0.23104348742888353, 7.43378025802599e-09]
[0.0, 854164.3078821866, 5.4652526136618995, 1.0634222974486711, 0.1340708559072178, 0.0, 0.00012727566263492918, 0.614743938774953, 0.23104348742888353, 7.43378025802599e-09]
[0.0, 854164.3078821866, 5.4652526136618995, 1.0634222974486711, 0.1340708559072178, 0.0, 0.00012727566263492918, 0.614743938774953, 0.23104348742888353, 7.43378025802599e-09]
[0.0, 854164.3078821866, 5.4652526136618995, 1.0634222974486711, 0.1340708559072178, 0.0, 0.00012727566263492918, 0.614743938774953, 0.23104348742888353, 7.43378025802599e-09]
[0.0, 854164.3078821866, 5.4652526136618995, 1.0634222974486711, 0.1340708559072178, 0.0, 0.00012727566263492918, 0.614743938774953, 0.23104348742888353, 7.43378025802599e-09]
[0.0, 854164.3078821866, 5.4652526136618995, 1.0634222974486711, 0.1340708559072178, 0.0, 0.00012727566263492918, 0.614743938774953, 0.23104348742888353, 7.43378025802599e-09]
[0.0, 854164.3078821866, 5.4652526136618995, 1.0634222974486711, 0.1340708559072178, 0.0, 0.00012727566263492918, 0.614743938774953, 0.23104348742888353, 7.43378025802599e-09]
[0.0, 854164.3078821866, 5.4652526136618995, 1.0634222974486711, 0.1340708559072178, 0.0, 0.00012727566263492918, 0.614743938774953, 0.23104348742888353, 7.43378025802599e-09]
[0.0, 854164.3078821866, 5.4652526136618995, 1.0634222974486711, 0.1340708559072178, 0.0, 0.00012727566263492918, 0.614743938774953, 0.23104348742888353, 7.43378025802599e-09]
[0.0, 854164.3078821866, 5.4652526136618995, 1.0634222974486711, 0.1340708559072178, 0.0, 0.00012727566263492918, 0.614743938774953, 0.23104348742888353, 7.43378025802599e-09]
[0.0, 854164.3078821866, 5.4652526136618995, 0.9585323185459558, 0.1340708559072178, 0.0, 0.00012727566263492918, 0.614743938774953, 0.23104348742888353, 5.749218434658587e-09]
[0.0, 854164.3078821866, 5.4652526136618995, 0.9585323185459558, 0.1340708559072178, 0.0, 0.00012727566263492918, 0.614743938774953, 0.23104348742888353, 5.749218434658587e-09]
[0.0, 854164.3078821866, 5.4652526136618995, 0.9585323185459558, 0.1340708559072178, 0.0, 0.00012727566263492918, 0.614743938774953, 0.23104348742888353, 5.749218434658587e-09]
[0.0, 854164.3078821866, 5.4652526136618995, 0.9585323185459558, 0.1340708559072178, 0.0, 0.00012727566263492918, 0.614743938774953, 0.23104348742888353, 5.749218434658587e-09]
[0.0, 854164.3078821866, 5.4652526136618995, 0.9585323185459558, 0.1340708559072178, 0.0, 0.00012727566263492918, 0.614743938774953, 0.23104348742888353, 5.749218434658587e-09]
[0.0, 854164.3078821866, 5.4652526136618995, 0.9585323185459558, 0.1340708559072178, 0.0, 0.00012727566263492918, 0.614743938774953, 0.23104348742888353, 5.749218434658587e-09]
[0.0, 854164.3078821866, 5.4652526136618995, 0.9585323185459558, 0.1340708559072178, 0.0, 0.00012727566263492918, 0.614743938774953, 0.23104348742888353, 5.749218434658587e-09]
[0.0, 854164.3078821866, 5.4652526136618995, 0.8775952976629888, 0.1340708559072178, 0.0, 0.00012727566263492918, 0.614743938774953, 0.23104348742888353, 5.749218434658587e-09]
[0.0, 854164.3078821866, 5.4652526136618995, 0.8775952976629888, 0.1340708559072178, 0.0, 0.00012727566263492918, 0.614743938774953, 0.23104348742888353, 5.749218434658587e-09]
[0.0, 854164.3078821866, 5.4652526136618995, 0.8775952976629888, 0.1340708559072178, 0.0, 0.00012727566263492918, 0.614743938774953, 0.23104348742888353, 5.749218434658587e-09]
[0.0, 854164.3078821866, 5.4652526136618995, 0.8775952976629888, 0.1340708559072178, 0.0, 0.00012727566263492918, 0.614743938774953, 0.23104348742888353, 5.749218434658587e-09]
[0.0, 854164.3078821866, 5.4652526136618995, 0.8775952976629888, 0.1340708559072178, 0.0, 0.00012727566263492918, 0.614743938774953, 0.23104348742888353, 5.749218434658587e-09]
[0.0, 854164.3078821866, 5.4652526136618995, 0.8775952976629888, 0.1340708559072178, 0.0, 0.00012727566263492918, 0.614743938774953, 0.23104348742888353, 5.749218434658587e-09]
[0.0, 854164.3078821866, 5.4652526136618995, 0.8775952976629888, 0.1340708559072178, 0.0, 0.00012727566263492918, 0.614743938774953, 0.23104348742888353, 5.749218434658587e-09]
[0.0, 854164.3078821866, 5.4652526136618995, 0.8775952976629888, 0.1340708559072178, 0.0, 0.00012727566263492918, 0.614743938774953, 0.23104348742888353, 5.749218434658587e-09]
[0.0, 854164.3078821866, 5.4652526136618995, 0.7558648743599505, 0.1340708559072178, 0.0, 0.00012727566263492918, 0.614743938774953, 0.23104348742888353, 5.749218434658587e-09]
[0.0, 854164.3078821866, 5.4652526136618995, 0.7558648743599505, 0.1340708559072178, 0.0, 0.00012727566263492918, 0.614743938774953, 0.23104348742888353, 5.749218434658587e-09]
[0.0, 854164.3078821866, 5.4652526136618995, 0.7558648743599505, 0.1340708559072178, 0.0, 0.00012727566263492918, 0.614743938774953, 0.23104348742888353, 5.749218434658587e-09]
[0.0, 854164.3078821866, 5.4652526136618995, 0.7558648743599505, 0.1340708559072178, 0.0, 0.00012727566263492918, 0.614743938774953, 0.23104348742888353, 5.749218434658587e-09]
[0.0, 854164.3078821866, 5.4652526136618995, 0.7558648743599505, 0.1340708559072178, 0.0, 0.00012727566263492918, 0.614743938774953, 0.23104348742888353, 5.749218434658587e-09]
[0.0, 854164.3078821866, 5.4652526136618995, 0.7558648743599505, 0.1340708559072178, 0.0, 0.00012727566263492918, 0.614743938774953, 0.23104348742888353, 5.749218434658587e-09]
[0.0, 854164.3078821866, 5.4652526136618995, 0.7558648743599505, 0.1340708559072178, 0.0, 0.00012727566263492918, 0.614743938774953, 0.23104348742888353, 5.749218434658587e-09]
[0.0, 854164.3078821866, 5.4652526136618995, 0.7558648743599505, 0.1340708559072178, 0.0, 0.00012727566263492918, 0.614743938774953, 0.23104348742888353, 5.749218434658587e-09]
[0.0, 854164.3078821866, 5.4652526136618995, 0.7558648743599505, 0.1340708559072178, 0.0, 0.00012727566263492918, 0.614743938774953, 0.23104348742888353, 5.749218434658587e-09]
[0.0, 854164.3078821866, 5.4652526136618995, 0.641624934144847, 0.1340708559072178, 0.0, 0.00012727566263492918, 0.614743938774953, 0.23104348742888353, 5.749218434658587e-09]
[0.0, 854164.3078821866, 5.4652526136618995, 0.641624934144847, 0.1340708559072178, 0.0, 0.00012727566263492918, 0.614743938774953, 0.23104348742888353, 5.749218434658587e-09]
[0.0, 854164.3078821866, 5.4652526136618995, 0.641624934144847, 0.1340708559072178, 0.0, 0.00012727566263492918, 0.614743938774953, 0.23104348742888353, 5.749218434658587e-09]
[0.0, 854164.3078821866, 5.4652526136618995, 0.641624934144847, 0.1340708559072178, 0.0, 0.00012727566263492918, 0.614743938774953, 0.23104348742888353, 5.749218434658587e-09]
[0.0, 854164.3078821866, 5.4652526136618995, 0.641624934144847, 0.1340708559072178, 0.0, 0.00012727566263492918, 0.614743938774953, 0.23104348742888353, 5.749218434658587e-09]
[0.0, 854164.3078821866, 5.4652526136618995, 0.641624934144847, 0.1340708559072178, 0.0, 0.00012727566263492918, 0.614743938774953, 0.23104348742888353, 5.749218434658587e-09]
[0.0, 854164.3078821866, 5.4652526136618995, 0.641624934144847, 0.1340708559072178, 0.0, 0.00012727566263492918, 0.614743938774953, 0.23104348742888353, 5.749218434658587e-09]
[0.0, 854164.3078821866, 5.4652526136618995, 0.641624934144847, 0.1340708559072178, 0.0, 0.00012727566263492918, 0.614743938774953, 0.23104348742888353, 5.749218434658587e-09]
[0.0, 854164.3078821866, 5.4652526136618995, 0.641624934144847, 0.1340708559072178, 0.0, 0.00012727566263492918, 0.614743938774953, 0.23104348742888353, 5.749218434658587e-09]
[0.0, 854164.3078821866, 5.4652526136618995, 0.30343320298956655, 0.1340708559072178, 0.0, 0.00012727566263492918, 0.614743938774953, 0.23104348742888353, 5.749218434658587e-09]
[0.0, 854164.3078821866, 5.4652526136618995, 0.30343320298956655, 0.1340708559072178, 0.0, 0.00012727566263492918, 0.614743938774953, 0.23104348742888353, 5.749218434658587e-09]
[0.0, 854164.3078821866, 5.4652526136618995, 0.30343320298956655, 0.1340708559072178, 0.0, 0.00012727566263492918, 0.614743938774953, 0.23104348742888353, 5.749218434658587e-09]
[0.0, 854164.3078821866, 5.4652526136618995, 0.30343320298956655, 0.1340708559072178, 0.0, 0.00012727566263492918, 0.614743938774953, 0.23104348742888353, 5.749218434658587e-09]
[0.0, 854164.3078821866, 5.4652526136618995, 0.30343320298956655, 0.1340708559072178, 0.0, 0.00012727566263492918, 0.614743938774953, 0.23104348742888353, 5.749218434658587e-09]
[0.0, 854164.3078821866, 5.4652526136618995, 0.30343320298956655, 0.1340708559072178, 0.0, 0.00012727566263492918, 0.614743938774953, 0.23104348742888353, 5.451447737669923e-09]
[0.0, 854164.3078821866, 5.4652526136618995, 0.30343320298956655, 0.1340708559072178, 0.0, 0.00012727566263492918, 0.614743938774953, 0.23104348742888353, 5.451447737669923e-09]
[0.0, 854164.3078821866, 5.4652526136618995, 0.30343320298956655, 0.1340708559072178, 0.0, 0.00012727566263492918, 0.614743938774953, 0.23104348742888353, 5.451447737669923e-09]
[0.0, 854164.3078821866, 5.4652526136618995, 0.30343320298956655, 0.1340708559072178, 0.0, 0.00012727566263492918, 0.614743938774953, 0.23104348742888353, 5.451447737669923e-09]
[0.0, 854164.3078821866, 5.4652526136618995, 0.30343320298956655, 0.1340708559072178, 0.0, 0.00012727566263492918, 0.614743938774953, 0.23104348742888353, 5.451447737669923e-09]
[0.0, 854164.3078821866, 5.4652526136618995, 0.30343320298956655, 0.1340708559072178, 0.0, 0.00012727566263492918, 0.614743938774953, 0.23104348742888353, 5.451447737669923e-09]
[0.0, 854164.3078821866, 5.4652526136618995, 0.30343320298956655, 0.1340708559072178, 0.0, 0.00012727566263492918, 0.614743938774953, 0.23104348742888353, 5.451447737669923e-09]
[0.0, 854164.3078821866, 5.4652526136618995, 0.30343320298956655, 0.1340708559072178, 0.0, 0.00012727566263492918, 0.614743938774953, 0.23104348742888353, 5.451447737669923e-09]
[0.0, 854164.3078821866, 5.4652526136618995, 0.30343320298956655, 0.1340708559072178, 0.0, 0.00012727566263492918, 0.614743938774953, 0.23104348742888353, 5.451447737669923e-09]
[0.0, 854164.3078821866, 5.4652526136618995, 0.30343320298956655, 0.1340708559072178, 0.0, 0.00012727566263492918, 0.614743938774953, 0.23104348742888353, 4.581267365466601e-09]
[0.0, 854164.3078821866, 5.4652526136618995, 0.30343320298956655, 0.1340708559072178, 0.0, 0.00012727566263492918, 0.614743938774953, 0.23104348742888353, 4.581267365466601e-09]
[0.0, 854164.3078821866, 5.4652526136618995, 0.30343320298956655, 0.1340708559072178, 0.0, 0.00012727566263492918, 0.614743938774953, 0.23104348742888353, 4.581267365466601e-09]
[0.0, 854164.3078821866, 5.4652526136618995, 0.30343320298956655, 0.1340708559072178, 0.0, 0.00012727566263492918, 0.614743938774953, 0.23104348742888353, 4.581267365466601e-09]
[0.0, 854164.3078821866, 5.4652526136618995, 0.30343320298956655, 0.1340708559072178, 0.0, 0.00012727566263492918, 0.614743938774953, 0.23104348742888353, 4.581267365466601e-09]
[0.0, 854164.3078821866, 5.4652526136618995, 0.30343320298956655, 0.1340708559072178, 0.0, 0.00012727566263492918, 0.614743938774953, 0.23104348742888353, 4.581267365466601e-09]
[0.0, 854164.3078821866, 5.4652526136618995, 0.30343320298956655, 0.1340708559072178, 0.0, 0.00012727566263492918, 0.614743938774953, 0.23104348742888353, 4.581267365466601e-09]
[0.0, 854164.3078821866, 5.4652526136618995, 0.30343320298956655, 0.1340708559072178, 0.0, 0.00012727566263492918, 0.614743938774953, 0.23104348742888353, 4.581267365466601e-09]
[0.0, 854164.3078821866, 5.4652526136618995, 0.30343320298956655, 0.1340708559072178, 0.0, 0.00012727566263492918, 0.614743938774953, 0.23104348742888353, 4.581267365466601e-09]
[0.0, 854164.3078821866, 5.4652526136618995, 0.30343320298956655, 0.1340708559072178, 0.0, 0.00012727566263492918, 0.614743938774953, 0.23104348742888353, 4.581267365466601e-09]
[0.0, 854164.3078821866, 5.4652526136618995, 0.30343320298956655, 0.1340708559072178, 0.0, 0.00012727566263492918, 0.614743938774953, 0.23104348742888353, 4.581267365466601e-09]
[0.0, 854164.3078821866, 5.4652526136618995, 0.30230677323242183, 0.1340708559072178, 0.0, 0.00012727566263492918, 0.614743938774953, 0.23104348742888353, 4.581267365466601e-09]
[0.0, 854164.3078821866, 5.4652526136618995, 0.30230677323242183, 0.1340708559072178, 0.0, 0.00012727566263492918, 0.614743938774953, 0.23104348742888353, 4.581267365466601e-09]
[0.0, 854164.3078821866, 5.4652526136618995, 0.30230677323242183, 0.1340708559072178, 0.0, 0.00012727566263492918, 0.614743938774953, 0.23104348742888353, 4.581267365466601e-09]
[0.0, 854164.3078821866, 5.4652526136618995, 0.30230677323242183, 0.1340708559072178, 0.0, 0.00012727566263492918, 0.614743938774953, 0.23104348742888353, 4.581267365466601e-09]
[0.0, 854164.3078821866, 5.4652526136618995, 0.30230677323242183, 0.1340708559072178, 0.0, 0.00012727566263492918, 0.614743938774953, 0.23104348742888353, 4.581267365466601e-09]
[0.0, 854164.3078821866, 5.4652526136618995, 0.30230677323242183, 0.1340708559072178, 0.0, 0.00012727566263492918, 0.614743938774953, 0.23104348742888353, 4.581267365466601e-09]
[0.0, 854164.3078821866, 5.4652526136618995, 0.30230677323242183, 0.1340708559072178, 0.0, 0.00012727566263492918, 0.614743938774953, 0.23104348742888353, 4.581267365466601e-09]
[0.0, 854164.3078821866, 5.4652526136618995, 0.30230677323242183, 0.1340708559072178, 0.0, 0.00012727566263492918, 0.614743938774953, 0.23104348742888353, 4.581267365466601e-09]
[0.0, 854164.3078821866, 5.4652526136618995, 0.30230677323242183, 0.1340708559072178, 0.0, 0.00012727566263492918, 0.614743938774953, 0.23104348742888353, 4.581267365466601e-09]
[0.0, 854164.3078821866, 5.4652526136618995, 0.22776060061437597, 0.1340708559072178, 0.0, 0.00012727566263492918, 0.614743938774953, 0.23104348742888353, 4.581267365466601e-09]
[0.0, 854164.3078821866, 5.4652526136618995, 0.22776060061437597, 0.1340708559072178, 0.0, 0.00012727566263492918, 0.614743938774953, 0.23104348742888353, 4.581267365466601e-09]
[0.0, 854164.3078821866, 5.4652526136618995, 0.22776060061437597, 0.1340708559072178, 0.0, 0.00012727566263492918, 0.614743938774953, 0.23104348742888353, 4.581267365466601e-09]
[0.0, 854164.3078821866, 5.4652526136618995, 0.22776060061437597, 0.1340708559072178, 0.0, 0.00012727566263492918, 0.614743938774953, 0.23104348742888353, 4.581267365466601e-09]
[0.0, 854164.3078821866, 5.4652526136618995, 0.22776060061437597, 0.1340708559072178, 0.0, 0.00012727566263492918, 0.614743938774953, 0.23104348742888353, 4.581267365466601e-09]
[0.0, 854164.3078821866, 5.4652526136618995, 0.22776060061437597, 0.1340708559072178, 0.0, 0.00012727566263492918, 0.614743938774953, 0.23104348742888353, 4.581267365466601e-09]
[0.0, 854164.3078821866, 5.4652526136618995, 0.22776060061437597, 0.1340708559072178, 0.0, 0.00012727566263492918, 0.614743938774953, 0.23104348742888353, 4.581267365466601e-09]
[0.0, 854164.3078821866, 5.4652526136618995, 0.22776060061437597, 0.1340708559072178, 0.0, 0.00012727566263492918, 0.614743938774953, 0.23104348742888353, 4.581267365466601e-09]
[0.0, 854164.3078821866, 5.4652526136618995, 0.22776060061437597, 0.1340708559072178, 0.0, 0.00012727566263492918, 0.614743938774953, 0.23104348742888353, 4.581267365466601e-09]
[0.0, 854164.3078821866, 5.4652526136618995, 0.22776060061437597, 0.1340708559072178, 0.0, 0.00012727566263492918, 0.614743938774953, 0.23104348742888353, 4.581267365466601e-09]
[0.0, 854164.3078821866, 5.4652526136618995, 0.22776060061437597, 0.1340708559072178, 0.0, 0.00012727566263492918, 0.614743938774953, 0.23104348742888353, 4.581267365466601e-09]
[0.0, 854164.3078821866, 5.4652526136618995, 0.22776060061437597, 0.1340708559072178, 0.0, 0.00012727566263492918, 0.614743938774953, 0.23104348742888353, 4.581267365466601e-09]
[0.0, 854164.3078821866, 5.4652526136618995, 0.22776060061437597, 0.1340708559072178, 0.0, 0.00012727566263492918, 0.614743938774953, 0.23104348742888353, 4.581267365466601e-09]
[0.0, 854164.3078821866, 5.4652526136618995, 0.22776060061437597, 0.1340708559072178, 0.0, 0.00012727566263492918, 0.614743938774953, 0.23104348742888353, 4.581267365466601e-09]
[0.0, 854164.3078821866, 5.4652526136618995, 0.22776060061437597, 0.1340708559072178, 0.0, 0.00012727566263492918, 0.614743938774953, 0.23104348742888353, 4.581267365466601e-09]
[0.0, 854164.3078821866, 5.4652526136618995, 0.2217277151945254, 0.1340708559072178, 0.0, 0.00012727566263492918, 0.614743938774953, 0.23104348742888353, 4.581267365466601e-09]
[0.0, 854164.3078821866, 5.4652526136618995, 0.2217277151945254, 0.1340708559072178, 0.0, 0.00012727566263492918, 0.614743938774953, 0.23104348742888353, 4.581267365466601e-09]
[0.0, 854164.3078821866, 5.4652526136618995, 0.17312832767483144, 0.1340708559072178, 0.0, 0.00012727566263492918, 0.614743938774953, 0.23104348742888353, 4.033474443332352e-09]
[0.0, 854164.3078821866, 5.4652526136618995, 0.17312832767483144, 0.1340708559072178, 0.0, 0.00012727566263492918, 0.614743938774953, 0.23104348742888353, 4.033474443332352e-09]
[0.0, 854164.3078821866, 5.4652526136618995, 0.17312832767483144, 0.1340708559072178, 0.0, 0.00012727566263492918, 0.614743938774953, 0.23104348742888353, 4.033474443332352e-09]
[0.0, 854164.3078821866, 5.4652526136618995, 0.17312832767483144, 0.1340708559072178, 0.0, 0.00012727566263492918, 0.614743938774953, 0.23104348742888353, 4.033474443332352e-09]
[0.0, 854164.3078821866, 5.4652526136618995, 0.17312832767483144, 0.1340708559072178, 0.0, 0.00012727566263492918, 0.614743938774953, 0.23104348742888353, 4.033474443332352e-09]
[0.0, 854164.3078821866, 5.4652526136618995, 0.17312832767483144, 0.1340708559072178, 0.0, 0.00012727566263492918, 0.614743938774953, 0.23104348742888353, 4.033474443332352e-09]
[0.0, 854164.3078821866, 5.4652526136618995, 0.17312832767483144, 0.1340708559072178, 0.0, 0.00012727566263492918, 0.614743938774953, 0.23104348742888353, 4.033474443332352e-09]
[0.0, 854164.3078821866, 5.4652526136618995, 0.17312832767483144, 0.1340708559072178, 0.0, 0.00012727566263492918, 0.614743938774953, 0.23104348742888353, 4.033474443332352e-09]
[0.0, 854164.3078821866, 5.4652526136618995, 0.16952091941376501, 0.1340708559072178, 0.0, 0.00012727566263492918, 0.614743938774953, 0.23104348742888353, 3.988742225402575e-09]
[0.0, 854164.3078821866, 5.4652526136618995, 0.16952091941376501, 0.1340708559072178, 0.0, 0.00012727566263492918, 0.614743938774953, 0.23104348742888353, 3.988742225402575e-09]
[0.0, 854164.3078821866, 5.4652526136618995, 0.16952091941376501, 0.1340708559072178, 0.0, 0.00012727566263492918, 0.614743938774953, 0.23104348742888353, 3.988742225402575e-09]
[0.0, 854164.3078821866, 5.4652526136618995, 0.16952091941376501, 0.1340708559072178, 0.0, 0.00012727566263492918, 0.614743938774953, 0.23104348742888353, 3.988742225402575e-09]
[0.0, 854164.3078821866, 5.4652526136618995, 0.16952091941376501, 0.1340708559072178, 0.0, 0.00012727566263492918, 0.614743938774953, 0.23104348742888353, 3.988742225402575e-09]
[0.0, 854164.3078821866, 5.4652526136618995, 0.16952091941376501, 0.1340708559072178, 0.0, 0.00012727566263492918, 0.614743938774953, 0.23104348742888353, 3.988742225402575e-09]
[0.0, 854164.3078821866, 5.4652526136618995, 0.16952091941376501, 0.1340708559072178, 0.0, 0.00012727566263492918, 0.614743938774953, 0.23104348742888353, 3.8926590839594155e-09]
[0.0, 854164.3078821866, 5.4652526136618995, 0.16952091941376501, 0.1340708559072178, 0.0, 0.00012727566263492918, 0.614743938774953, 0.23104348742888353, 3.8926590839594155e-09]
[0.0, 854164.3078821866, 5.4652526136618995, 0.16952091941376501, 0.1340708559072178, 0.0, 0.00012727566263492918, 0.614743938774953, 0.23104348742888353, 3.8926590839594155e-09]
[0.0, 854164.3078821866, 5.4652526136618995, 0.16952091941376501, 0.1340708559072178, 0.0, 0.00012727566263492918, 0.614743938774953, 0.23104348742888353, 3.8926590839594155e-09]
[0.0, 854164.3078821866, 5.4652526136618995, 0.16952091941376501, 0.1340708559072178, 0.0, 0.00012727566263492918, 0.614743938774953, 0.23104348742888353, 3.8926590839594155e-09]
[0.0, 854164.3078821866, 5.4652526136618995, 0.16952091941376501, 0.1340708559072178, 0.0, 0.00012727566263492918, 0.614743938774953, 0.23104348742888353, 3.8926590839594155e-09]
[0.0, 854164.3078821866, 5.4652526136618995, 0.16952091941376501, 0.1340708559072178, 0.0, 0.00012727566263492918, 0.614743938774953, 0.23104348742888353, 3.8926590839594155e-09]
[0.0, 854164.3078821866, 5.4652526136618995, 0.16952091941376501, 0.1340708559072178, 0.0, 0.00012727566263492918, 0.614743938774953, 0.23104348742888353, 3.8926590839594155e-09]
[0.0, 854164.3078821866, 5.4652526136618995, 0.16952091941376501, 0.1340708559072178, 0.0, 0.00012727566263492918, 0.614743938774953, 0.23104348742888353, 3.6181302398574644e-09]
[0.0, 854164.3078821866, 5.4652526136618995, 0.16952091941376501, 0.1340708559072178, 0.0, 0.00012727566263492918, 0.614743938774953, 0.23104348742888353, 3.6181302398574644e-09]
[0.0, 854164.3078821866, 5.4652526136618995, 0.16952091941376501, 0.1340708559072178, 0.0, 0.00012727566263492918, 0.614743938774953, 0.23104348742888353, 3.6181302398574644e-09]
[0.0, 854164.3078821866, 5.4652526136618995, 0.16127321851683973, 0.1340708559072178, 0.0, 0.00012727566263492918, 0.614743938774953, 0.23104348742888353, 3.6181302398574644e-09]
[0.0, 854164.3078821866, 5.4652526136618995, 0.16127321851683973, 0.1340708559072178, 0.0, 0.00012727566263492918, 0.614743938774953, 0.23104348742888353, 3.6181302398574644e-09]
[0.0, 854164.3078821866, 5.4652526136618995, 0.16127321851683973, 0.1340708559072178, 0.0, 0.00012727566263492918, 0.614743938774953, 0.23104348742888353, 3.6181302398574644e-09]
[0.0, 854164.3078821866, 5.4652526136618995, 0.16127321851683973, 0.1340708559072178, 0.0, 0.00012727566263492918, 0.614743938774953, 0.23104348742888353, 3.6181302398574644e-09]
[0.0, 854164.3078821866, 5.4652526136618995, 0.16127321851683973, 0.1340708559072178, 0.0, 0.00012727566263492918, 0.614743938774953, 0.23104348742888353, 3.6181302398574644e-09]
[0.0, 854164.3078821866, 5.4652526136618995, 0.16127321851683973, 0.1340708559072178, 0.0, 0.00012727566263492918, 0.614743938774953, 0.23104348742888353, 3.6181302398574644e-09]
[0.0, 854164.3078821866, 5.4652526136618995, 0.16127321851683973, 0.1340708559072178, 0.0, 0.00012727566263492918, 0.614743938774953, 0.23104348742888353, 3.6181302398574644e-09]
[0.0, 854164.3078821866, 5.4652526136618995, 0.16127321851683973, 0.1340708559072178, 0.0, 0.00012727566263492918, 0.614743938774953, 0.23104348742888353, 3.6181302398574644e-09]
[0.0, 854164.3078821866, 5.4652526136618995, 0.16127321851683973, 0.1340708559072178, 0.0, 0.00012727566263492918, 0.614743938774953, 0.23104348742888353, 3.6181302398574644e-09]
[0.0, 854164.3078821866, 5.4652526136618995, 0.16127321851683973, 0.1340708559072178, 0.0, 0.00012727566263492918, 0.614743938774953, 0.23104348742888353, 3.6181302398574644e-09]
[0.0, 854164.3078821866, 5.4652526136618995, 0.15579942363232746, 0.1340708559072178, 0.0, 0.00012727566263492918, 0.614743938774953, 0.23104348742888353, 3.6181302398574644e-09]
[0.0, 854164.3078821866, 5.4652526136618995, 0.15579942363232746, 0.1340708559072178, 0.0, 0.00012727566263492918, 0.614743938774953, 0.23104348742888353, 3.6181302398574644e-09]
[0.0, 854164.3078821866, 5.4652526136618995, 0.15579942363232746, 0.1340708559072178, 0.0, 0.00012727566263492918, 0.614743938774953, 0.23104348742888353, 3.6181302398574644e-09]
[0.0, 854164.3078821866, 5.4652526136618995, 0.15579942363232746, 0.1340708559072178, 0.0, 0.00012727566263492918, 0.614743938774953, 0.23104348742888353, 3.6181302398574644e-09]
[0.0, 854164.3078821866, 5.4652526136618995, 0.15579942363232746, 0.1340708559072178, 0.0, 0.00012727566263492918, 0.614743938774953, 0.23104348742888353, 3.6181302398574644e-09]
[0.0, 854164.3078821866, 5.4652526136618995, 0.15579942363232746, 0.1340708559072178, 0.0, 0.00012727566263492918, 0.614743938774953, 0.23104348742888353, 2.9343500962397684e-09]
[0.0, 854164.3078821866, 5.4652526136618995, 0.15579942363232746, 0.1340708559072178, 0.0, 0.00012727566263492918, 0.614743938774953, 0.23104348742888353, 2.9343500962397684e-09]
[0.0, 854164.3078821866, 5.4652526136618995, 0.15579942363232746, 0.1340708559072178, 0.0, 0.00012727566263492918, 0.614743938774953, 0.23104348742888353, 2.9343500962397684e-09]
[0.0, 854164.3078821866, 5.4652526136618995, 0.15579942363232746, 0.1340708559072178, 0.0, 0.00012727566263492918, 0.614743938774953, 0.23104348742888353, 2.9343500962397684e-09]
[0.0, 854164.3078821866, 5.4652526136618995, 0.15579942363232746, 0.1340708559072178, 0.0, 0.00012727566263492918, 0.614743938774953, 0.23104348742888353, 2.9343500962397684e-09]
[0.0, 854164.3078821866, 5.4652526136618995, 0.15579942363232746, 0.1340708559072178, 0.0, 0.00012727566263492918, 0.614743938774953, 0.23104348742888353, 2.9343500962397684e-09]
[0.0, 854164.3078821866, 5.4652526136618995, 0.15579942363232746, 0.1340708559072178, 0.0, 0.00012727566263492918, 0.614743938774953, 0.23104348742888353, 2.9343500962397684e-09]
[0.0, 854164.3078821866, 5.4652526136618995, 0.15579942363232746, 0.1340708559072178, 0.0, 0.00012727566263492918, 0.614743938774953, 0.23104348742888353, 2.9343500962397684e-09]
[0.0, 854164.3078821866, 5.4652526136618995, 0.15579942363232746, 0.1340708559072178, 0.0, 0.00012727566263492918, 0.614743938774953, 0.23104348742888353, 2.9343500962397684e-09]
[0.0, 854164.3078821866, 5.4652526136618995, 0.15579942363232746, 0.1340708559072178, 0.0, 0.00012727566263492918, 0.614743938774953, 0.23104348742888353, 2.2679143008019764e-09]
[0.0, 854164.3078821866, 5.4652526136618995, 0.0913519317288376, 0.1340708559072178, 0.0, 0.00012727566263492918, 0.614743938774953, 0.23104348742888353, 2.2679143008019764e-09]
[0.0, 854164.3078821866, 5.4652526136618995, 0.07305734721095014, 0.1340708559072178, 0.0, 0.00012727566263492918, 0.614743938774953, 0.23104348742888353, 2.2679143008019764e-09]
[0.0, 854164.3078821866, 5.4652526136618995, 0.07305734721095014, 0.1340708559072178, 0.0, 0.00012727566263492918, 0.614743938774953, 0.23104348742888353, 2.2679143008019764e-09]
[0.0, 854164.3078821866, 5.4652526136618995, 0.07305734721095014, 0.1340708559072178, 0.0, 0.00012727566263492918, 0.614743938774953, 0.23104348742888353, 2.2679143008019764e-09]
[0.0, 854164.3078821866, 5.4652526136618995, 0.07305734721095014, 0.1340708559072178, 0.0, 0.00012727566263492918, 0.614743938774953, 0.23104348742888353, 2.2679143008019764e-09]
[0.0, 854164.3078821866, 5.4652526136618995, 0.07305734721095014, 0.1340708559072178, 0.0, 0.00012727566263492918, 0.614743938774953, 0.23104348742888353, 2.2679143008019764e-09]
[0.0, 854164.3078821866, 5.4652526136618995, 0.07305734721095014, 0.1340708559072178, 0.0, 0.00012727566263492918, 0.614743938774953, 0.23104348742888353, 2.2679143008019764e-09]
[0.0, 854164.3078821866, 5.4652526136618995, 0.07305734721095014, 0.1340708559072178, 0.0, 0.00012727566263492918, 0.614743938774953, 0.23104348742888353, 2.2679143008019764e-09]
[0.0, 854164.3078821866, 5.4652526136618995, 0.07305734721095014, 0.1340708559072178, 0.0, 0.00012727566263492918, 0.614743938774953, 0.23104348742888353, 2.2679143008019764e-09]
[0.0, 854164.3078821866, 5.4652526136618995, 0.07305734721095014, 0.1340708559072178, 0.0, 0.00012727566263492918, 0.614743938774953, 0.23104348742888353, 2.2679143008019764e-09]
[0.0, 854164.3078821866, 5.4652526136618995, 0.07305734721095014, 0.1340708559072178, 0.0, 0.00012727566263492918, 0.614743938774953, 0.23104348742888353, 2.2679143008019764e-09]
[0.0, 854164.3078821866, 5.4652526136618995, 0.07305734721095014, 0.1340708559072178, 0.0, 0.00012727566263492918, 0.614743938774953, 0.23104348742888353, 2.2679143008019764e-09]
[0.0, 854164.3078821866, 5.4652526136618995, 0.07305734721095014, 0.1340708559072178, 0.0, 0.00012727566263492918, 0.614743938774953, 0.23104348742888353, 2.2679143008019764e-09]
[0.0, 854164.3078821866, 5.4652526136618995, 0.07305734721095014, 0.1340708559072178, 0.0, 0.00012727566263492918, 0.614743938774953, 0.23104348742888353, 2.2679143008019764e-09]
[0.0, 854164.3078821866, 5.4652526136618995, 0.07305734721095014, 0.1340708559072178, 0.0, 0.00012727566263492918, 0.614743938774953, 0.23104348742888353, 2.2679143008019764e-09]
[0.0, 854164.3078821866, 5.4652526136618995, 0.07305734721095014, 0.1340708559072178, 0.0, 0.00012727566263492918, 0.614743938774953, 0.23104348742888353, 2.2679143008019764e-09]
[0.0, 854164.3078821866, 5.4652526136618995, 0.07305734721095014, 0.1340708559072178, 0.0, 0.00012727566263492918, 0.614743938774953, 0.23104348742888353, 2.2679143008019764e-09]
[0.0, 854164.3078821866, 5.4652526136618995, 0.07305734721095014, 0.1340708559072178, 0.0, 0.00012727566263492918, 0.614743938774953, 0.23104348742888353, 2.2679143008019764e-09]
[0.0, 854164.3078821866, 5.4652526136618995, 0.07305734721095014, 0.1340708559072178, 0.0, 0.00012727566263492918, 0.614743938774953, 0.23104348742888353, 2.2679143008019764e-09]
[0.0, 854164.3078821866, 5.4652526136618995, 0.07305734721095014, 0.1340708559072178, 0.0, 0.00012727566263492918, 0.614743938774953, 0.23104348742888353, 2.2679143008019764e-09]
[0.0, 854164.3078821866, 5.4652526136618995, 0.07305734721095014, 0.1340708559072178, 0.0, 0.00012727566263492918, 0.614743938774953, 0.23104348742888353, 2.2679143008019764e-09]
[0.0, 854164.3078821866, 5.4652526136618995, 0.07305734721095014, 0.1340708559072178, 0.0, 0.00012727566263492918, 0.614743938774953, 0.23104348742888353, 2.2679143008019764e-09]
[0.0, 854164.3078821866, 5.4652526136618995, 0.07305734721095014, 0.1340708559072178, 0.0, 0.00012727566263492918, 0.614743938774953, 0.23104348742888353, 1.9857755440000346e-09]
[0.0, 854164.3078821866, 5.4652526136618995, 0.07305734721095014, 0.1340708559072178, 0.0, 0.00012727566263492918, 0.614743938774953, 0.23104348742888353, 1.9857755440000346e-09]
[0.0, 854164.3078821866, 5.4652526136618995, 0.07305734721095014, 0.1340708559072178, 0.0, 0.00012727566263492918, 0.614743938774953, 0.23104348742888353, 1.9857755440000346e-09]
[0.0, 854164.3078821866, 5.4652526136618995, 0.07305734721095014, 0.1340708559072178, 0.0, 0.00012727566263492918, 0.614743938774953, 0.23104348742888353, 1.9857755440000346e-09]
[0.0, 854164.3078821866, 5.4652526136618995, 0.07305734721095014, 0.1340708559072178, 0.0, 0.00012727566263492918, 0.614743938774953, 0.23104348742888353, 1.9857755440000346e-09]
[0.0, 854164.3078821866, 5.4652526136618995, 0.07305734721095014, 0.1340708559072178, 0.0, 0.00012727566263492918, 0.614743938774953, 0.23104348742888353, 1.9857755440000346e-09]
[0.0, 854164.3078821866, 5.4652526136618995, 0.07305734721095014, 0.1340708559072178, 0.0, 0.00012727566263492918, 0.614743938774953, 0.23104348742888353, 1.9857755440000346e-09]
[0.0, 854164.3078821866, 5.4652526136618995, 0.07305734721095014, 0.1340708559072178, 0.0, 0.00012727566263492918, 0.614743938774953, 0.23104348742888353, 1.9857755440000346e-09]
[0.0, 854164.3078821866, 5.4652526136618995, 0.07305734721095014, 0.1340708559072178, 0.0, 0.00012727566263492918, 0.614743938774953, 0.23104348742888353, 1.9857755440000346e-09]
[0.0, 854164.3078821866, 5.4652526136618995, 0.07305734721095014, 0.1340708559072178, 0.0, 0.00012727566263492918, 0.614743938774953, 0.23104348742888353, 1.9857755440000346e-09]
[0.0, 854164.3078821866, 5.4652526136618995, 0.07305734721095014, 0.1340708559072178, 0.0, 0.00012727566263492918, 0.614743938774953, 0.23104348742888353, 1.9857755440000346e-09]
[0.0, 854164.3078821866, 5.4652526136618995, 0.07305734721095014, 0.1340708559072178, 0.0, 0.00012727566263492918, 0.614743938774953, 0.23104348742888353, 1.9857755440000346e-09]
[0.0, 854164.3078821866, 5.4652526136618995, 0.07305734721095014, 0.1340708559072178, 0.0, 0.00012727566263492918, 0.614743938774953, 0.23104348742888353, 1.9857755440000346e-09]
[0.0, 854164.3078821866, 5.4652526136618995, 0.07305734721095014, 0.1340708559072178, 0.0, 0.00012727566263492918, 0.614743938774953, 0.23104348742888353, 1.9857755440000346e-09]
[0.0, 854164.3078821866, 5.4652526136618995, 0.07305734721095014, 0.1340708559072178, 0.0, 0.00012727566263492918, 0.614743938774953, 0.23104348742888353, 1.9857755440000346e-09]
[0.0, 854164.3078821866, 5.4652526136618995, 0.07305734721095014, 0.1340708559072178, 0.0, 0.00012727566263492918, 0.614743938774953, 0.23104348742888353, 1.9857755440000346e-09]
[0.0, 854164.3078821866, 5.4652526136618995, 0.07305734721095014, 0.1306500280314815, 0.0, 0.00012727566263492918, 0.614743938774953, 0.23104348742888353, 1.9857755440000346e-09]
[0.0, 854164.3078821866, 5.4652526136618995, 0.07305734721095014, 0.1306500280314815, 0.0, 0.00012727566263492918, 0.614743938774953, 0.23104348742888353, 1.9857755440000346e-09]
[0.0, 854164.3078821866, 5.4652526136618995, 0.07305734721095014, 0.1306500280314815, 0.0, 0.00012727566263492918, 0.614743938774953, 0.23104348742888353, 1.9857755440000346e-09]
[0.0, 854164.3078821866, 5.4652526136618995, 0.07305734721095014, 0.1306500280314815, 0.0, 0.00012727566263492918, 0.614743938774953, 0.23104348742888353, 1.9857755440000346e-09]
[0.0, 854164.3078821866, 5.4652526136618995, 0.07305734721095014, 0.1306500280314815, 0.0, 0.00012727566263492918, 0.614743938774953, 0.23104348742888353, 1.9857755440000346e-09]
[0.0, 854164.3078821866, 5.4652526136618995, 0.07305734721095014, 0.1306500280314815, 0.0, 0.00012727566263492918, 0.614743938774953, 0.23104348742888353, 1.9857755440000346e-09]
[0.0, 854164.3078821866, 5.4652526136618995, 0.07281374299734722, 0.1306500280314815, 0.0, 0.00012727566263492918, 0.614743938774953, 0.23104348742888353, 1.9857755440000346e-09]
[0.0, 854164.3078821866, 5.4652526136618995, 0.07281374299734722, 0.1306500280314815, 0.0, 0.00012727566263492918, 0.614743938774953, 0.23104348742888353, 1.9857755440000346e-09]
[0.0, 854164.3078821866, 5.4652526136618995, 0.07281374299734722, 0.1306500280314815, 0.0, 0.00012727566263492918, 0.614743938774953, 0.23104348742888353, 1.9857755440000346e-09]
[0.0, 854164.3078821866, 5.4652526136618995, 0.07281374299734722, 0.1306500280314815, 0.0, 0.00012727566263492918, 0.614743938774953, 0.23104348742888353, 1.9857755440000346e-09]
[0.0, 854164.3078821866, 5.4652526136618995, 0.07281374299734722, 0.1306500280314815, 0.0, 0.00012727566263492918, 0.614743938774953, 0.23104348742888353, 1.9857755440000346e-09]
[0.0, 854164.3078821866, 5.4652526136618995, 0.0422594570354331, 0.1306500280314815, 0.0, 0.00012727566263492918, 0.614743938774953, 0.23104348742888353, 1.9857755440000346e-09]
[0.0, 854164.3078821866, 5.4652526136618995, 0.0422594570354331, 0.1306500280314815, 0.0, 0.00012727566263492918, 0.614743938774953, 0.23104348742888353, 1.9857755440000346e-09]
[0.0, 854164.3078821866, 5.4652526136618995, 0.0422594570354331, 0.1306500280314815, 0.0, 0.00012727566263492918, 0.614743938774953, 0.23104348742888353, 1.9857755440000346e-09]
[0.0, 854164.3078821866, 5.4652526136618995, 0.0422594570354331, 0.1306500280314815, 0.0, 0.00012727566263492918, 0.614743938774953, 0.23104348742888353, 1.9857755440000346e-09]
[0.0, 854164.3078821866, 5.4652526136618995, 0.0422594570354331, 0.1306500280314815, 0.0, 0.00012727566263492918, 0.614743938774953, 0.23104348742888353, 1.9857755440000346e-09]
[0.0, 854164.3078821866, 5.4652526136618995, 0.0422594570354331, 0.1306500280314815, 0.0, 0.00012727566263492918, 0.614743938774953, 0.23104348742888353, 1.9857755440000346e-09]
[0.0, 854164.3078821866, 5.4652526136618995, 0.0422594570354331, 0.1306500280314815, 0.0, 0.00012727566263492918, 0.614743938774953, 0.23104348742888353, 1.9857755440000346e-09]
[0.0, 854164.3078821866, 5.4652526136618995, 0.0422594570354331, 0.1306500280314815, 0.0, 0.00012727566263492918, 0.614743938774953, 0.23104348742888353, 1.9857755440000346e-09]
[0.0, 854164.3078821866, 5.4652526136618995, 0.0422594570354331, 0.1306500280314815, 0.0, 0.00012727566263492918, 0.614743938774953, 0.23104348742888353, 1.9857755440000346e-09]
[0.0, 854164.3078821866, 5.4652526136618995, 0.0422594570354331, 0.1306500280314815, 0.0, 0.00012727566263492918, 0.614743938774953, 0.23104348742888353, 1.9857755440000346e-09]
[0.0, 854164.3078821866, 5.4652526136618995, 0.0422594570354331, 0.1306500280314815, 0.0, 0.00012727566263492918, 0.614743938774953, 0.23104348742888353, 1.9857755440000346e-09]
[0.0, 854164.3078821866, 5.4652526136618995, 0.0422594570354331, 0.1306500280314815, 0.0, 0.00012727566263492918, 0.614743938774953, 0.23104348742888353, 1.9857755440000346e-09]
[0.0, 854164.3078821866, 5.4652526136618995, 0.0422594570354331, 0.1306500280314815, 0.0, 0.00012727566263492918, 0.614743938774953, 0.23104348742888353, 1.9857755440000346e-09]
[0.0, 854164.3078821866, 5.4652526136618995, 0.0422594570354331, 0.1306500280314815, 0.0, 0.00012727566263492918, 0.614743938774953, 0.23104348742888353, 1.9857755440000346e-09]
[0.0, 854164.3078821866, 5.4652526136618995, 0.0422594570354331, 0.1306500280314815, 0.0, 0.00012727566263492918, 0.614743938774953, 0.23104348742888353, 1.9857755440000346e-09]
[0.0, 854164.3078821866, 5.4652526136618995, 0.0422594570354331, 0.1306500280314815, 0.0, 0.00012727566263492918, 0.614743938774953, 0.23104348742888353, 1.9857755440000346e-09]
[0.0, 854164.3078821866, 5.4652526136618995, 0.0422594570354331, 0.1306500280314815, 0.0, 0.00012727566263492918, 0.614743938774953, 0.23104348742888353, 1.9857755440000346e-09]
[0.0, 854164.3078821866, 5.4652526136618995, 0.0422594570354331, 0.1306500280314815, 0.0, 0.00012727566263492918, 0.614743938774953, 0.23104348742888353, 1.9857755440000346e-09]
[0.0, 854164.3078821866, 5.4652526136618995, 0.030835579869359364, 0.1306500280314815, 0.0, 0.00012727566263492918, 0.614743938774953, 0.23104348742888353, 1.9857755440000346e-09]
[0.0, 854164.3078821866, 5.4652526136618995, 0.030835579869359364, 0.1306500280314815, 0.0, 0.00012727566263492918, 0.614743938774953, 0.23104348742888353, 1.9857755440000346e-09]
[0.0, 854164.3078821866, 5.4652526136618995, 0.030835579869359364, 0.1306500280314815, 0.0, 0.00012727566263492918, 0.614743938774953, 0.23104348742888353, 1.9857755440000346e-09]
[0.0, 854164.3078821866, 5.4652526136618995, 0.030835579869359364, 0.1306500280314815, 0.0, 0.00012727566263492918, 0.614743938774953, 0.23104348742888353, 1.9857755440000346e-09]
[0.0, 854164.3078821866, 5.4652526136618995, 0.030835579869359364, 0.1306500280314815, 0.0, 0.00012727566263492918, 0.614743938774953, 0.23104348742888353, 1.9857755440000346e-09]
[0.0, 854164.3078821866, 5.4652526136618995, 0.030835579869359364, 0.1306500280314815, 0.0, 0.00012727566263492918, 0.614743938774953, 0.23104348742888353, 1.9857755440000346e-09]
[0.0, 854164.3078821866, 5.4652526136618995, 0.030835579869359364, 0.1306500280314815, 0.0, 0.00012727566263492918, 0.614743938774953, 0.23104348742888353, 1.9857755440000346e-09]
[0.0, 854164.3078821866, 5.4652526136618995, 0.030835579869359364, 0.1306500280314815, 0.0, 0.00012727566263492918, 0.614743938774953, 0.23104348742888353, 1.9857755440000346e-09]
[0.0, 854164.3078821866, 5.4652526136618995, 0.030835579869359364, 0.1306500280314815, 0.0, 0.00012727566263492918, 0.614743938774953, 0.23104348742888353, 1.9857755440000346e-09]
[0.0, 854164.3078821866, 5.4652526136618995, 0.030835579869359364, 0.1306500280314815, 0.0, 0.00012727566263492918, 0.614743938774953, 0.23104348742888353, 1.819458805840668e-09]
[0.0, 854164.3078821866, 5.4652526136618995, 0.030835579869359364, 0.1306500280314815, 0.0, 0.00012727566263492918, 0.614743938774953, 0.23104348742888353, 1.819458805840668e-09]
[0.0, 854164.3078821866, 5.4652526136618995, 0.030835579869359364, 0.1306500280314815, 0.0, 0.00012727566263492918, 0.614743938774953, 0.23104348742888353, 1.819458805840668e-09]
[0.0, 854164.3078821866, 5.4652526136618995, 0.030835579869359364, 0.1306500280314815, 0.0, 0.00012727566263492918, 0.614743938774953, 0.23104348742888353, 1.819458805840668e-09]
[0.0, 854164.3078821866, 5.4652526136618995, 0.030835579869359364, 0.1306500280314815, 0.0, 0.00012727566263492918, 0.614743938774953, 0.23104348742888353, 1.819458805840668e-09]
[0.0, 854164.3078821866, 5.4652526136618995, 0.030835579869359364, 0.1306500280314815, 0.0, 0.00012727566263492918, 0.614743938774953, 0.23104348742888353, 1.819458805840668e-09]
[0.0, 854164.3078821866, 5.4652526136618995, 0.030835579869359364, 0.1306500280314815, 0.0, 0.00012727566263492918, 0.614743938774953, 0.23104348742888353, 1.819458805840668e-09]
[0.0, 854164.3078821866, 5.4652526136618995, 0.030835579869359364, 0.1306500280314815, 0.0, 0.00012727566263492918, 0.614743938774953, 0.23104348742888353, 1.819458805840668e-09]
[0.0, 854164.3078821866, 5.4652526136618995, 0.030835579869359364, 0.1306500280314815, 0.0, 0.00012727566263492918, 0.614743938774953, 0.23104348742888353, 1.819458805840668e-09]
[0.0, 854164.3078821866, 5.4652526136618995, 0.030835579869359364, 0.1306500280314815, 0.0, 0.00012727566263492918, 0.614743938774953, 0.23104348742888353, 1.819458805840668e-09]
[0.0, 854164.3078821866, 5.4652526136618995, 0.030835579869359364, 0.1306500280314815, 0.0, 0.00012727566263492918, 0.614743938774953, 0.23104348742888353, 1.819458805840668e-09]
[0.0, 854164.3078821866, 5.4652526136618995, 0.030835579869359364, 0.1306500280314815, 0.0, 0.00012727566263492918, 0.614743938774953, 0.23104348742888353, 1.819458805840668e-09]
[0.0, 854164.3078821866, 5.4652526136618995, 0.030835579869359364, 0.1306500280314815, 0.0, 0.00012727566263492918, 0.614743938774953, 0.23104348742888353, 1.7017538489483286e-09]
[0.0, 854164.3078821866, 5.4652526136618995, 0.030835579869359364, 0.1306500280314815, 0.0, 0.00012727566263492918, 0.614743938774953, 0.23104348742888353, 1.7017538489483286e-09]
[0.0, 854164.3078821866, 5.4652526136618995, 0.030725480045793674, 0.1306500280314815, 0.0, 0.00012727566263492918, 0.614743938774953, 0.23104348742888353, 1.7017538489483286e-09]
[0.0, 854164.3078821866, 5.4652526136618995, 0.030725480045793674, 0.1306500280314815, 0.0, 0.00012727566263492918, 0.614743938774953, 0.23104348742888353, 1.7017538489483286e-09]
[0.0, 854164.3078821866, 5.4652526136618995, 0.030725480045793674, 0.1306500280314815, 0.0, 0.00012727566263492918, 0.614743938774953, 0.23104348742888353, 1.7017538489483286e-09]
[0.0, 854164.3078821866, 5.4652526136618995, 0.0244232555658499, 0.1306500280314815, 0.0, 0.00012727566263492918, 0.614743938774953, 0.23104348742888353, 1.7017538489483286e-09]
[0.0, 854164.3078821866, 5.4652526136618995, 0.0244232555658499, 0.1306500280314815, 0.0, 0.00012727566263492918, 0.614743938774953, 0.23104348742888353, 1.7017538489483286e-09]
[0.0, 854164.3078821866, 5.4652526136618995, 0.0244232555658499, 0.1306500280314815, 0.0, 0.00012727566263492918, 0.614743938774953, 0.23104348742888353, 1.7017538489483286e-09]
[0.0, 854164.3078821866, 5.4652526136618995, 0.0244232555658499, 0.1306500280314815, 0.0, 0.00012727566263492918, 0.614743938774953, 0.23104348742888353, 1.7017538489483286e-09]
[0.0, 854164.3078821866, 5.4652526136618995, 0.0244232555658499, 0.1306500280314815, 0.0, 0.00012727566263492918, 0.614743938774953, 0.23104348742888353, 1.7017538489483286e-09]
[0.0, 854164.3078821866, 5.4652526136618995, 0.0244232555658499, 0.1306500280314815, 0.0, 0.00012727566263492918, 0.614743938774953, 0.23104348742888353, 1.7017538489483286e-09]
[0.0, 854164.3078821866, 5.4652526136618995, 0.0244232555658499, 0.1306500280314815, 0.0, 0.00012727566263492918, 0.614743938774953, 0.23104348742888353, 1.7017538489483286e-09]
[0.0, 854164.3078821866, 5.4652526136618995, 0.0244232555658499, 0.1306500280314815, 0.0, 0.00012727566263492918, 0.614743938774953, 0.23104348742888353, 1.7017538489483286e-09]
[0.0, 854164.3078821866, 5.4652526136618995, 0.0244232555658499, 0.1306500280314815, 0.0, 0.00012727566263492918, 0.614743938774953, 0.23104348742888353, 1.7017538489483286e-09]
[0.0, 854164.3078821866, 5.4652526136618995, 0.0244232555658499, 0.1306500280314815, 0.0, 0.00012727566263492918, 0.614743938774953, 0.23104348742888353, 1.5977339451467287e-09]
[0.0, 854164.3078821866, 5.4652526136618995, 0.0244232555658499, 0.1306500280314815, 0.0, 0.00012727566263492918, 0.614743938774953, 0.23104348742888353, 1.5977339451467287e-09]
[0.0, 854164.3078821866, 5.4652526136618995, 0.0244232555658499, 0.1306500280314815, 0.0, 0.00012727566263492918, 0.614743938774953, 0.23104348742888353, 1.5977339451467287e-09]
[0.0, 854164.3078821866, 5.4652526136618995, 0.0244232555658499, 0.1306500280314815, 0.0, 0.00012727566263492918, 0.614743938774953, 0.23104348742888353, 1.5977339451467287e-09]
[0.0, 854164.3078821866, 5.4652526136618995, 0.0244232555658499, 0.1306500280314815, 0.0, 0.00012727566263492918, 0.614743938774953, 0.23104348742888353, 1.524874893021888e-09]
[0.0, 854164.3078821866, 5.4652526136618995, 0.0244232555658499, 0.1306500280314815, 0.0, 0.00012727566263492918, 0.614743938774953, 0.23104348742888353, 1.3873315829471267e-09]
[0.0, 854164.3078821866, 5.4652526136618995, 0.0244232555658499, 0.1306500280314815, 0.0, 0.00012727566263492918, 0.614743938774953, 0.23104348742888353, 1.3873315829471267e-09]
[0.0, 854164.3078821866, 5.4652526136618995, 0.0244232555658499, 0.1306500280314815, 0.0, 0.00012727566263492918, 0.614743938774953, 0.23104348742888353, 1.3873315829471267e-09]
[0.0, 854164.3078821866, 5.4652526136618995, 0.0244232555658499, 0.1306500280314815, 0.0, 0.00012727566263492918, 0.614743938774953, 0.23104348742888353, 1.3873315829471267e-09]
[0.0, 854164.3078821866, 5.4652526136618995, 0.0244232555658499, 0.1306500280314815, 0.0, 0.00012727566263492918, 0.614743938774953, 0.23104348742888353, 1.3873315829471267e-09]
[0.0, 854164.3078821866, 5.4652526136618995, 0.013803590405105481, 0.1306500280314815, 0.0, 0.00012727566263492918, 0.614743938774953, 0.23104348742888353, 1.3873315829471267e-09]
[0.0, 854164.3078821866, 5.4652526136618995, 0.013803590405105481, 0.1306500280314815, 0.0, 0.00012727566263492918, 0.614743938774953, 0.23104348742888353, 1.3873315829471267e-09]
[0.0, 854164.3078821866, 5.4652526136618995, 0.013803590405105481, 0.1306500280314815, 0.0, 0.00012727566263492918, 0.614743938774953, 0.23104348742888353, 1.3873315829471267e-09]
[0.0, 854164.3078821866, 5.4652526136618995, 0.013803590405105481, 0.1306500280314815, 0.0, 0.00012727566263492918, 0.614743938774953, 0.23104348742888353, 1.3873315829471267e-09]
[0.0, 854164.3078821866, 5.4652526136618995, 0.013803590405105481, 0.1306500280314815, 0.0, 0.00012727566263492918, 0.614743938774953, 0.23104348742888353, 1.3873315829471267e-09]
[0.0, 854164.3078821866, 5.4652526136618995, 0.013803590405105481, 0.1306500280314815, 0.0, 0.00012727566263492918, 0.614743938774953, 0.23104348742888353, 1.3873315829471267e-09]
[0.0, 854164.3078821866, 5.4652526136618995, 0.013803590405105481, 0.1306500280314815, 0.0, 0.00012727566263492918, 0.614743938774953, 0.23104348742888353, 1.3873315829471267e-09]
[0.0, 854164.3078821866, 5.4652526136618995, 0.013803590405105481, 0.1306500280314815, 0.0, 0.00012727566263492918, 0.614743938774953, 0.23104348742888353, 1.3873315829471267e-09]
[0.0, 854164.3078821866, 5.4652526136618995, 0.013803590405105481, 0.1306500280314815, 0.0, 0.00012727566263492918, 0.614743938774953, 0.23104348742888353, 1.3594250170001487e-09]
[0.0, 854164.3078821866, 5.4652526136618995, 0.013803590405105481, 0.1306500280314815, 0.0, 0.00012727566263492918, 0.614743938774953, 0.23104348742888353, 1.3594250170001487e-09]
[0.0, 854164.3078821866, 5.4652526136618995, 0.013803590405105481, 0.1306500280314815, 0.0, 0.00012727566263492918, 0.614743938774953, 0.23104348742888353, 1.3594250170001487e-09]
[0.0, 854164.3078821866, 5.4652526136618995, 0.013803590405105481, 0.1306500280314815, 0.0, 0.00012727566263492918, 0.614743938774953, 0.23104348742888353, 1.3594250170001487e-09]
[0.0, 854164.3078821866, 5.4652526136618995, 0.013803590405105481, 0.1306500280314815, 0.0, 0.00012727566263492918, 0.614743938774953, 0.23104348742888353, 1.3594250170001487e-09]
[0.0, 854164.3078821866, 5.4652526136618995, 0.013803590405105481, 0.1306500280314815, 0.0, 0.00012727566263492918, 0.614743938774953, 0.23104348742888353, 1.3594250170001487e-09]
[0.0, 854164.3078821866, 5.4652526136618995, 0.013803590405105481, 0.1306500280314815, 0.0, 0.00012727566263492918, 0.614743938774953, 0.23104348742888353, 1.3594250170001487e-09]
[0.0, 854164.3078821866, 5.4652526136618995, 0.013803590405105481, 0.1306500280314815, 0.0, 0.00012727566263492918, 0.614743938774953, 0.23104348742888353, 1.3594250170001487e-09]
[0.0, 854164.3078821866, 5.4652526136618995, 0.013803590405105481, 0.1306500280314815, 0.0, 0.00012727566263492918, 0.614743938774953, 0.23104348742888353, 1.3594250170001487e-09]
[0.0, 854164.3078821866, 5.4652526136618995, 0.013803590405105481, 0.1306500280314815, 0.0, 0.00012727566263492918, 0.614743938774953, 0.23104348742888353, 1.3594250170001487e-09]
[0.0, 854164.3078821866, 5.4652526136618995, 0.013803590405105481, 0.1306500280314815, 0.0, 0.00012727566263492918, 0.614743938774953, 0.23104348742888353, 1.3594250170001487e-09]
[0.0, 854164.3078821866, 5.4652526136618995, 0.013803590405105481, 0.1306500280314815, 0.0, 0.00012727566263492918, 0.614743938774953, 0.23104348742888353, 1.3594250170001487e-09]
[0.0, 854164.3078821866, 5.4652526136618995, 0.013803590405105481, 0.1306500280314815, 0.0, 0.00012727566263492918, 0.614743938774953, 0.23104348742888353, 1.3594250170001487e-09]
[0.0, 854164.3078821866, 5.4652526136618995, 0.013803590405105481, 0.1306500280314815, 0.0, 0.00012727566263492918, 0.614743938774953, 0.23104348742888353, 1.3594250170001487e-09]
[0.0, 854164.3078821866, 5.4652526136618995, 0.013803590405105481, 0.1306500280314815, 0.0, 0.00012727566263492918, 0.614743938774953, 0.23104348742888353, 1.3594250170001487e-09]
[0.0, 854164.3078821866, 5.4652526136618995, 0.013803590405105481, 0.1306500280314815, 0.0, 0.00012727566263492918, 0.614743938774953, 0.23104348742888353, 1.3594250170001487e-09]
[0.0, 854164.3078821866, 5.4652526136618995, 0.013803590405105481, 0.1306500280314815, 0.0, 0.00012727566263492918, 0.614743938774953, 0.23104348742888353, 1.1753482631604584e-09]
[0.0, 854164.3078821866, 5.4652526136618995, 0.013803590405105481, 0.1306500280314815, 0.0, 0.00012727566263492918, 0.614743938774953, 0.23104348742888353, 1.1753482631604584e-09]
[0.0, 854164.3078821866, 5.4652526136618995, 0.013803590405105481, 0.1306500280314815, 0.0, 0.00012727566263492918, 0.614743938774953, 0.23104348742888353, 1.1753482631604584e-09]
[0.0, 854164.3078821866, 5.4652526136618995, 0.013803590405105481, 0.1306500280314815, 0.0, 0.00012727566263492918, 0.614743938774953, 0.23104348742888353, 1.1753482631604584e-09]
[0.0, 854164.3078821866, 5.4652526136618995, 0.013803590405105481, 0.1306500280314815, 0.0, 0.00012727566263492918, 0.614743938774953, 0.23104348742888353, 1.1753482631604584e-09]
[0.0, 854164.3078821866, 5.4652526136618995, 0.013803590405105481, 0.1306500280314815, 0.0, 0.00012727566263492918, 0.614743938774953, 0.23104348742888353, 1.1753482631604584e-09]
[0.0, 854164.3078821866, 5.4652526136618995, 0.013803590405105481, 0.1306500280314815, 0.0, 0.00012727566263492918, 0.614743938774953, 0.23104348742888353, 1.1753482631604584e-09]
[0.0, 854164.3078821866, 5.4652526136618995, 0.013803590405105481, 0.1306500280314815, 0.0, 0.00012727566263492918, 0.614743938774953, 0.23104348742888353, 9.300724634897506e-10]
[0.0, 854164.3078821866, 5.4652526136618995, 0.013803590405105481, 0.1306500280314815, 0.0, 0.00012727566263492918, 0.614743938774953, 0.23104348742888353, 9.300724634897506e-10]
[0.0, 854164.3078821866, 5.4652526136618995, 0.013803590405105481, 0.1306500280314815, 0.0, 0.00012727566263492918, 0.614743938774953, 0.23104348742888353, 9.300724634897506e-10]
[0.0, 854164.3078821866, 5.4652526136618995, 0.013803590405105481, 0.1306500280314815, 0.0, 0.00012727566263492918, 0.614743938774953, 0.23104348742888353, 9.300724634897506e-10]
[0.0, 854164.3078821866, 5.4652526136618995, 0.013362734625104622, 0.1306500280314815, 0.0, 0.00012727566263492918, 0.614743938774953, 0.23104348742888353, 9.300724634897506e-10]
[0.0, 854164.3078821866, 5.4652526136618995, 0.013362734625104622, 0.1306500280314815, 0.0, 0.00012727566263492918, 0.614743938774953, 0.23104348742888353, 9.300724634897506e-10]
[0.0, 854164.3078821866, 5.4652526136618995, 0.013362734625104622, 0.1306500280314815, 0.0, 0.00012727566263492918, 0.614743938774953, 0.23104348742888353, 9.300724634897506e-10]
[0.0, 854164.3078821866, 5.4652526136618995, 0.013362734625104622, 0.1306500280314815, 0.0, 0.00012727566263492918, 0.614743938774953, 0.23104348742888353, 9.300724634897506e-10]
[0.0, 854164.3078821866, 5.4652526136618995, 0.013362734625104622, 0.1306500280314815, 0.0, 0.00012727566263492918, 0.614743938774953, 0.23104348742888353, 9.300724634897506e-10]
[0.0, 854164.3078821866, 5.4652526136618995, 0.013362734625104622, 0.1306500280314815, 0.0, 0.00012727566263492918, 0.614743938774953, 0.23104348742888353, 9.300724634897506e-10]
[0.0, 854164.3078821866, 5.4652526136618995, 0.013362734625104622, 0.1306500280314815, 0.0, 0.00012727566263492918, 0.614743938774953, 0.23104348742888353, 9.300724634897506e-10]
[0.0, 854164.3078821866, 5.4652526136618995, 0.013362734625104622, 0.1306500280314815, 0.0, 0.00012727566263492918, 0.614743938774953, 0.23104348742888353, 9.300724634897506e-10]
[0.0, 854164.3078821866, 5.4652526136618995, 0.013362734625104622, 0.1306500280314815, 0.0, 0.00012727566263492918, 0.614743938774953, 0.23104348742888353, 9.300724634897506e-10]
[0.0, 854164.3078821866, 5.4652526136618995, 0.013362734625104622, 0.1306500280314815, 0.0, 0.00012727566263492918, 0.614743938774953, 0.23104348742888353, 9.300724634897506e-10]
[0.0, 854164.3078821866, 5.4652526136618995, 0.013362734625104622, 0.1306500280314815, 0.0, 0.00012727566263492918, 0.614743938774953, 0.23104348742888353, 9.300724634897506e-10]
[0.0, 854164.3078821866, 5.4652526136618995, 0.013362734625104622, 0.1306500280314815, 0.0, 0.00012727566263492918, 0.614743938774953, 0.23104348742888353, 9.300724634897506e-10]
[0.0, 854164.3078821866, 5.4652526136618995, 0.013362734625104622, 0.1306500280314815, 0.0, 0.00012727566263492918, 0.614743938774953, 0.23104348742888353, 9.132219425111998e-10]
[0.0, 854164.3078821866, 5.4652526136618995, 0.013362734625104622, 0.1306500280314815, 0.0, 0.00012727566263492918, 0.614743938774953, 0.23104348742888353, 8.900831183211722e-10]
[0.0, 854164.3078821866, 5.4652526136618995, 0.013362734625104622, 0.1306500280314815, 0.0, 0.00012727566263492918, 0.614743938774953, 0.23104348742888353, 8.900831183211722e-10]
[0.0, 854164.3078821866, 5.4652526136618995, 0.013362734625104622, 0.1306500280314815, 0.0, 0.00012727566263492918, 0.614743938774953, 0.23104348742888353, 8.900831183211722e-10]
[0.0, 854164.3078821866, 5.4652526136618995, 0.013362734625104622, 0.1306500280314815, 0.0, 0.00012727566263492918, 0.614743938774953, 0.23104348742888353, 8.900831183211722e-10]
[0.0, 854164.3078821866, 5.4652526136618995, 0.013362734625104622, 0.1306500280314815, 0.0, 0.00012727566263492918, 0.614743938774953, 0.23104348742888353, 8.900831183211722e-10]
[0.0, 854164.3078821866, 5.4652526136618995, 0.013362734625104622, 0.1306500280314815, 0.0, 0.00012727566263492918, 0.614743938774953, 0.23104348742888353, 8.900831183211722e-10]
[0.0, 854164.3078821866, 5.4652526136618995, 0.013362734625104622, 0.1306500280314815, 0.0, 0.00012727566263492918, 0.614743938774953, 0.23104348742888353, 8.900831183211722e-10]
[0.0, 854164.3078821866, 5.4652526136618995, 0.010134333932565909, 0.1306500280314815, 0.0, 0.00012727566263492918, 0.614743938774953, 0.23104348742888353, 8.900831183211722e-10]
[0.0, 854164.3078821866, 5.4652526136618995, 0.010134333932565909, 0.1306500280314815, 0.0, 0.00012727566263492918, 0.614743938774953, 0.23104348742888353, 8.900831183211722e-10]
[0.0, 854164.3078821866, 5.4652526136618995, 0.010134333932565909, 0.1306500280314815, 0.0, 0.00012727566263492918, 0.614743938774953, 0.23104348742888353, 8.900831183211722e-10]
[0.0, 854164.3078821866, 5.4652526136618995, 0.010134333932565909, 0.1306500280314815, 0.0, 0.00012727566263492918, 0.614743938774953, 0.23104348742888353, 8.900831183211722e-10]
[0.0, 854164.3078821866, 5.4652526136618995, 0.010134333932565909, 0.1306500280314815, 0.0, 0.00012727566263492918, 0.614743938774953, 0.23104348742888353, 8.900831183211722e-10]
[0.0, 854164.3078821866, 5.4652526136618995, 0.010134333932565909, 0.1306500280314815, 0.0, 0.00012727566263492918, 0.614743938774953, 0.23104348742888353, 8.900831183211722e-10]
[0.0, 854164.3078821866, 5.4652526136618995, 0.010134333932565909, 0.1306500280314815, 0.0, 0.00012727566263492918, 0.614743938774953, 0.23104348742888353, 8.900831183211722e-10]
[0.0, 854164.3078821866, 5.4652526136618995, 0.010134333932565909, 0.1306500280314815, 0.0, 0.00012727566263492918, 0.614743938774953, 0.23104348742888353, 8.900831183211722e-10]
[0.0, 854164.3078821866, 5.4652526136618995, 0.010134333932565909, 0.1306500280314815, 0.0, 0.00012727566263492918, 0.614743938774953, 0.23104348742888353, 8.900831183211722e-10]
[0.0, 854164.3078821866, 5.4652526136618995, 0.010134333932565909, 0.1306500280314815, 0.0, 0.00012727566263492918, 0.614743938774953, 0.23104348742888353, 8.900831183211722e-10]
[0.0, 854164.3078821866, 5.4652526136618995, 0.010134333932565909, 0.1306500280314815, 0.0, 0.00012727566263492918, 0.614743938774953, 0.23104348742888353, 8.900831183211722e-10]
[0.0, 854164.3078821866, 5.4652526136618995, 0.010134333932565909, 0.1306500280314815, 0.0, 0.00012727566263492918, 0.614743938774953, 0.23104348742888353, 8.900831183211722e-10]
[0.0, 854164.3078821866, 5.4652526136618995, 0.010134333932565909, 0.1306500280314815, 0.0, 0.00012727566263492918, 0.614743938774953, 0.23104348742888353, 8.900831183211722e-10]
[0.0, 854164.3078821866, 5.4652526136618995, 0.010134333932565909, 0.1306500280314815, 0.0, 0.00012727566263492918, 0.614743938774953, 0.23104348742888353, 7.223168729808549e-10]
[0.0, 854164.3078821866, 5.4652526136618995, 0.010134333932565909, 0.1306500280314815, 0.0, 0.00012727566263492918, 0.614743938774953, 0.23104348742888353, 7.223168729808549e-10]
[0.0, 854164.3078821866, 5.4652526136618995, 0.010134333932565909, 0.1306500280314815, 0.0, 0.00012727566263492918, 0.614743938774953, 0.23104348742888353, 7.223168729808549e-10]
[0.0, 854164.3078821866, 5.4652526136618995, 0.010134333932565909, 0.1306500280314815, 0.0, 0.00012727566263492918, 0.614743938774953, 0.23104348742888353, 7.223168729808549e-10]
[0.0, 854164.3078821866, 5.4652526136618995, 0.010134333932565909, 0.1306500280314815, 0.0, 0.00012727566263492918, 0.614743938774953, 0.23104348742888353, 7.223168729808549e-10]
[0.0, 854164.3078821866, 5.4652526136618995, 0.007891800719979969, 0.1306500280314815, 0.0, 0.00012727566263492918, 0.614743938774953, 0.23104348742888353, 7.223168729808549e-10]
[0.0, 854164.3078821866, 5.4652526136618995, 0.007891800719979969, 0.1306500280314815, 0.0, 0.00012727566263492918, 0.614743938774953, 0.23104348742888353, 7.223168729808549e-10]
[0.0, 854164.3078821866, 5.4652526136618995, 0.007891800719979969, 0.1306500280314815, 0.0, 0.00012727566263492918, 0.614743938774953, 0.23104348742888353, 7.223168729808549e-10]
[0.0, 854164.3078821866, 5.4652526136618995, 0.007891800719979969, 0.1306500280314815, 0.0, 0.00012727566263492918, 0.614743938774953, 0.23104348742888353, 7.223168729808549e-10]
[0.0, 854164.3078821866, 5.4652526136618995, 0.007891800719979969, 0.1306500280314815, 0.0, 0.00012727566263492918, 0.614743938774953, 0.23104348742888353, 7.223168729808549e-10]
[0.0, 854164.3078821866, 5.4652526136618995, 0.007891800719979969, 0.1306500280314815, 0.0, 0.00012727566263492918, 0.614743938774953, 0.23104348742888353, 7.223168729808549e-10]
[0.0, 854164.3078821866, 5.4652526136618995, 0.007891800719979969, 0.1306500280314815, 0.0, 0.00012727566263492918, 0.614743938774953, 0.23104348742888353, 7.223168729808549e-10]
[0.0, 854164.3078821866, 5.4652526136618995, 0.007891800719979969, 0.1306500280314815, 0.0, 0.00012727566263492918, 0.614743938774953, 0.23104348742888353, 7.223168729808549e-10]
[0.0, 854164.3078821866, 5.4652526136618995, 0.007891800719979969, 0.1306500280314815, 0.0, 0.00012727566263492918, 0.614743938774953, 0.23104348742888353, 5.9411364716766e-10]
[0.0, 854164.3078821866, 5.4652526136618995, 0.007891800719979969, 0.1306500280314815, 0.0, 0.00012727566263492918, 0.614743938774953, 0.23104348742888353, 5.9411364716766e-10]
[0.0, 854164.3078821866, 5.4652526136618995, 0.007891800719979969, 0.1306500280314815, 0.0, 0.00012727566263492918, 0.614743938774953, 0.23104348742888353, 5.9411364716766e-10]
[0.0, 854164.3078821866, 5.4652526136618995, 0.007891800719979969, 0.1306500280314815, 0.0, 0.00012727566263492918, 0.614743938774953, 0.23104348742888353, 5.9411364716766e-10]
[0.0, 854164.3078821866, 5.4652526136618995, 0.007891800719979969, 0.1306500280314815, 0.0, 0.00012727566263492918, 0.614743938774953, 0.23104348742888353, 5.9411364716766e-10]
[0.0, 854164.3078821866, 5.4652526136618995, 0.007891800719979969, 0.1306500280314815, 0.0, 0.00012727566263492918, 0.614743938774953, 0.23104348742888353, 5.9411364716766e-10]
[0.0, 854164.3078821866, 5.4652526136618995, 0.007891800719979969, 0.1306500280314815, 0.0, 0.00012727566263492918, 0.614743938774953, 0.23104348742888353, 5.9411364716766e-10]
[0.0, 854164.3078821866, 5.4652526136618995, 0.007891800719979969, 0.1306500280314815, 0.0, 0.00012727566263492918, 0.614743938774953, 0.23104348742888353, 5.9411364716766e-10]
[0.0, 854164.3078821866, 5.4652526136618995, 0.007891800719979969, 0.1306500280314815, 0.0, 0.00012727566263492918, 0.614743938774953, 0.23104348742888353, 5.9411364716766e-10]
[0.0, 854164.3078821866, 5.4652526136618995, 0.007891800719979969, 0.1306500280314815, 0.0, 0.00012727566263492918, 0.614743938774953, 0.23104348742888353, 5.9411364716766e-10]
[0.0, 854164.3078821866, 5.4652526136618995, 0.007891800719979969, 0.1306500280314815, 0.0, 0.00012727566263492918, 0.614743938774953, 0.23104348742888353, 5.118718782171072e-10]
[0.0, 854164.3078821866, 5.4652526136618995, 0.007891800719979969, 0.1306500280314815, 0.0, 0.00012727566263492918, 0.614743938774953, 0.23104348742888353, 5.118718782171072e-10]
[0.0, 854164.3078821866, 5.4652526136618995, 0.007891800719979969, 0.1306500280314815, 0.0, 0.00012727566263492918, 0.614743938774953, 0.23104348742888353, 5.118718782171072e-10]
[0.0, 854164.3078821866, 5.4652526136618995, 0.007891800719979969, 0.1306500280314815, 0.0, 0.00012727566263492918, 0.614743938774953, 0.23104348742888353, 5.118718782171072e-10]
[0.0, 854164.3078821866, 5.4652526136618995, 0.007891800719979969, 0.1306500280314815, 0.0, 0.00012727566263492918, 0.614743938774953, 0.23104348742888353, 5.118718782171072e-10]
[0.0, 854164.3078821866, 5.4652526136618995, 0.007891800719979969, 0.1306500280314815, 0.0, 0.00012727566263492918, 0.614743938774953, 0.23104348742888353, 5.118718782171072e-10]
[0.0, 854164.3078821866, 5.4652526136618995, 0.007891800719979969, 0.1306500280314815, 0.0, 0.00012727566263492918, 0.614743938774953, 0.23104348742888353, 5.118718782171072e-10]
[0.0, 854164.3078821866, 5.4652526136618995, 0.007891800719979969, 0.1306500280314815, 0.0, 0.00012727566263492918, 0.614743938774953, 0.23104348742888353, 5.118718782171072e-10]
[0.0, 854164.3078821866, 5.4652526136618995, 0.007891800719979969, 0.1306500280314815, 0.0, 0.00012727566263492918, 0.614743938774953, 0.23104348742888353, 5.118718782171072e-10]
[0.0, 854164.3078821866, 5.4652526136618995, 0.007891800719979969, 0.1306500280314815, 0.0, 0.00012727566263492918, 0.614743938774953, 0.23104348742888353, 5.118718782171072e-10]
[0.0, 854164.3078821866, 5.4652526136618995, 0.007891800719979969, 0.1306500280314815, 0.0, 0.00012727566263492918, 0.614743938774953, 0.23104348742888353, 5.118718782171072e-10]
[0.0, 854164.3078821866, 5.4652526136618995, 0.007891800719979969, 0.1306500280314815, 0.0, 0.00012727566263492918, 0.614743938774953, 0.23104348742888353, 5.118718782171072e-10]
[0.0, 854164.3078821866, 5.4652526136618995, 0.007891800719979969, 0.1306500280314815, 0.0, 0.00012727566263492918, 0.614743938774953, 0.23104348742888353, 5.118718782171072e-10]
[0.0, 854164.3078821866, 5.4652526136618995, 0.007891800719979969, 0.1306500280314815, 0.0, 0.00012727566263492918, 0.614743938774953, 0.23104348742888353, 5.118718782171072e-10]
[0.0, 854164.3078821866, 5.4652526136618995, 0.007891800719979969, 0.1306500280314815, 0.0, 0.00012727566263492918, 0.614743938774953, 0.23104348742888353, 5.118718782171072e-10]
[0.0, 854164.3078821866, 5.4652526136618995, 0.007891800719979969, 0.1306500280314815, 0.0, 0.00012727566263492918, 0.614743938774953, 0.23104348742888353, 5.118718782171072e-10]
[0.0, 854164.3078821866, 5.4652526136618995, 0.007891800719979969, 0.1306500280314815, 0.0, 0.00012727566263492918, 0.614743938774953, 0.23104348742888353, 5.118718782171072e-10]
[0.0, 854164.3078821866, 5.4652526136618995, 0.007891800719979969, 0.1306500280314815, 0.0, 0.00012727566263492918, 0.614743938774953, 0.23104348742888353, 5.118718782171072e-10]
[0.0, 854164.3078821866, 5.4652526136618995, 0.007891800719979969, 0.1306500280314815, 0.0, 0.00012727566263492918, 0.614743938774953, 0.23104348742888353, 5.118718782171072e-10]
[0.0, 854164.3078821866, 5.4652526136618995, 0.007891800719979969, 0.1306500280314815, 0.0, 0.00012727566263492918, 0.614743938774953, 0.23104348742888353, 5.118718782171072e-10]
[0.0, 854164.3078821866, 5.4652526136618995, 0.007891800719979969, 0.1306500280314815, 0.0, 0.00012727566263492918, 0.614743938774953, 0.23104348742888353, 5.118718782171072e-10]
[0.0, 854164.3078821866, 5.4652526136618995, 0.0077740701276578505, 0.1306500280314815, 0.0, 0.00012727566263492918, 0.614743938774953, 0.23104348742888353, 5.118718782171072e-10]
[0.0, 854164.3078821866, 5.4652526136618995, 0.0064578750310193556, 0.1306500280314815, 0.0, 0.00012727566263492918, 0.614743938774953, 0.23104348742888353, 5.118718782171072e-10]
[0.0, 854164.3078821866, 5.4652526136618995, 0.0064578750310193556, 0.1306500280314815, 0.0, 0.00012727566263492918, 0.614743938774953, 0.23104348742888353, 5.118718782171072e-10]
[0.0, 854164.3078821866, 5.4652526136618995, 0.0064578750310193556, 0.1306500280314815, 0.0, 0.00012727566263492918, 0.614743938774953, 0.23104348742888353, 5.118718782171072e-10]
[0.0, 854164.3078821866, 5.4652526136618995, 0.0064578750310193556, 0.1306500280314815, 0.0, 0.00012727566263492918, 0.614743938774953, 0.23104348742888353, 5.118718782171072e-10]
[0.0, 854164.3078821866, 5.4652526136618995, 0.0064578750310193556, 0.1306500280314815, 0.0, 0.00012727566263492918, 0.614743938774953, 0.23104348742888353, 5.118718782171072e-10]
[0.0, 854164.3078821866, 5.4652526136618995, 0.005854313893777885, 0.1306500280314815, 0.0, 0.00012727566263492918, 0.614743938774953, 0.23104348742888353, 5.118718782171072e-10]
[0.0, 854164.3078821866, 5.4652526136618995, 0.005854313893777885, 0.1306500280314815, 0.0, 0.00012727566263492918, 0.614743938774953, 0.23104348742888353, 5.118718782171072e-10]
[0.0, 854164.3078821866, 5.4652526136618995, 0.005854313893777885, 0.1306500280314815, 0.0, 0.00012727566263492918, 0.614743938774953, 0.23104348742888353, 5.118718782171072e-10]
[0.0, 854164.3078821866, 5.4652526136618995, 0.005854313893777885, 0.1306500280314815, 0.0, 0.00012727566263492918, 0.614743938774953, 0.23104348742888353, 5.118718782171072e-10]
[0.0, 854164.3078821866, 5.4652526136618995, 0.005854313893777885, 0.1306500280314815, 0.0, 0.00012727566263492918, 0.614743938774953, 0.23104348742888353, 5.118718782171072e-10]
[0.0, 854164.3078821866, 5.4652526136618995, 0.005854313893777885, 0.1306500280314815, 0.0, 0.00012727566263492918, 0.614743938774953, 0.23104348742888353, 5.118718782171072e-10]
[0.0, 854164.3078821866, 5.4652526136618995, 0.005854313893777885, 0.1306500280314815, 0.0, 0.00012727566263492918, 0.614743938774953, 0.23104348742888353, 5.118718782171072e-10]
[0.0, 854164.3078821866, 5.4652526136618995, 0.005854313893777885, 0.1306500280314815, 0.0, 0.00012727566263492918, 0.614743938774953, 0.23104348742888353, 5.118718782171072e-10]
[0.0, 854164.3078821866, 5.4652526136618995, 0.005854313893777885, 0.1306500280314815, 0.0, 0.00012727566263492918, 0.614743938774953, 0.23104348742888353, 5.118718782171072e-10]
[0.0, 854164.3078821866, 5.4652526136618995, 0.005268310054818315, 0.1306500280314815, 0.0, 0.00012727566263492918, 0.614743938774953, 0.23104348742888353, 4.001923237240135e-10]
[0.0, 854164.3078821866, 5.4652526136618995, 0.005268310054818315, 0.1306500280314815, 0.0, 0.00012727566263492918, 0.614743938774953, 0.23104348742888353, 4.001923237240135e-10]
[0.0, 854164.3078821866, 5.4652526136618995, 0.005268310054818315, 0.1306500280314815, 0.0, 0.00012727566263492918, 0.614743938774953, 0.23104348742888353, 4.001923237240135e-10]
[0.0, 854164.3078821866, 5.4652526136618995, 0.005268310054818315, 0.1306500280314815, 0.0, 0.00012727566263492918, 0.614743938774953, 0.23104348742888353, 4.001923237240135e-10]
[0.0, 854164.3078821866, 5.4652526136618995, 0.005268310054818315, 0.1306500280314815, 0.0, 0.00012727566263492918, 0.614743938774953, 0.23104348742888353, 4.001923237240135e-10]
[0.0, 854164.3078821866, 5.4652526136618995, 0.005268310054818315, 0.1306500280314815, 0.0, 0.00012727566263492918, 0.614743938774953, 0.23104348742888353, 4.001923237240135e-10]
[0.0, 854164.3078821866, 5.4652526136618995, 0.005268310054818315, 0.1306500280314815, 0.0, 0.00012727566263492918, 0.614743938774953, 0.23104348742888353, 4.001923237240135e-10]
[0.0, 854164.3078821866, 5.4652526136618995, 0.004881171879523194, 0.1306500280314815, 0.0, 0.00012727566263492918, 0.614743938774953, 0.23104348742888353, 4.001923237240135e-10]
[0.0, 854164.3078821866, 5.4652526136618995, 0.00473938356655168, 0.1306500280314815, 0.0, 0.00012727566263492918, 0.614743938774953, 0.23104348742888353, 4.001923237240135e-10]
[0.0, 854164.3078821866, 5.4652526136618995, 0.00473938356655168, 0.1306500280314815, 0.0, 0.00012727566263492918, 0.614743938774953, 0.23104348742888353, 4.001923237240135e-10]
[0.0, 854164.3078821866, 5.4652526136618995, 0.00473938356655168, 0.1306500280314815, 0.0, 0.00012727566263492918, 0.614743938774953, 0.23104348742888353, 4.001923237240135e-10]
[0.0, 854164.3078821866, 5.4652526136618995, 0.0036140077909845303, 0.11031119783140153, 0.0, 0.00012727566263492918, 0.614743938774953, 0.23104348742888353, 4.001923237240135e-10]
[0.0, 854164.3078821866, 5.4652526136618995, 0.0036140077909845303, 0.11031119783140153, 0.0, 0.00012727566263492918, 0.614743938774953, 0.23104348742888353, 4.001923237240135e-10]
[0.0, 854164.3078821866, 5.4652526136618995, 0.0036140077909845303, 0.11031119783140153, 0.0, 0.00012727566263492918, 0.614743938774953, 0.23104348742888353, 4.001923237240135e-10]
[0.0, 854164.3078821866, 5.4652526136618995, 0.0036140077909845303, 0.11031119783140153, 0.0, 0.00012727566263492918, 0.614743938774953, 0.23104348742888353, 4.001923237240135e-10]
[0.0, 854164.3078821866, 5.4652526136618995, 0.0036140077909845303, 0.11031119783140153, 0.0, 0.00012727566263492918, 0.614743938774953, 0.23104348742888353, 4.001923237240135e-10]
[0.0, 854164.3078821866, 5.4652526136618995, 0.0036140077909845303, 0.11031119783140153, 0.0, 0.00012727566263492918, 0.614743938774953, 0.23104348742888353, 4.001923237240135e-10]
[0.0, 854164.3078821866, 5.4652526136618995, 0.0036140077909845303, 0.11031119783140153, 0.0, 0.00012727566263492918, 0.614743938774953, 0.23104348742888353, 4.001923237240135e-10]
[0.0, 854164.3078821866, 5.4652526136618995, 0.0036140077909845303, 0.11031119783140153, 0.0, 0.00012727566263492918, 0.614743938774953, 0.23104348742888353, 4.001923237240135e-10]
[0.0, 854164.3078821866, 5.4652526136618995, 0.0036140077909845303, 0.11031119783140153, 0.0, 0.00012727566263492918, 0.614743938774953, 0.23104348742888353, 4.001923237240135e-10]
[0.0, 854164.3078821866, 5.4652526136618995, 0.0036140077909845303, 0.11031119783140153, 0.0, 0.00012727566263492918, 0.614743938774953, 0.23104348742888353, 4.001923237240135e-10]
[0.0, 854164.3078821866, 5.4652526136618995, 0.0036140077909845303, 0.11031119783140153, 0.0, 0.00012727566263492918, 0.614743938774953, 0.23104348742888353, 4.001923237240135e-10]
[0.0, 854164.3078821866, 5.4652526136618995, 0.0036140077909845303, 0.11031119783140153, 0.0, 0.00012727566263492918, 0.614743938774953, 0.23104348742888353, 4.001923237240135e-10]
[0.0, 854164.3078821866, 5.4652526136618995, 0.0036140077909845303, 0.11031119783140153, 0.0, 0.00012727566263492918, 0.614743938774953, 0.23104348742888353, 4.001923237240135e-10]
[0.0, 854164.3078821866, 5.4652526136618995, 0.0036140077909845303, 0.11031119783140153, 0.0, 0.00012727566263492918, 0.614743938774953, 0.23104348742888353, 4.001923237240135e-10]
[0.0, 854164.3078821866, 5.4652526136618995, 0.0036140077909845303, 0.11031119783140153, 0.0, 0.00012727566263492918, 0.614743938774953, 0.23104348742888353, 4.001923237240135e-10]
[0.0, 854164.3078821866, 5.4652526136618995, 0.0036140077909845303, 0.11031119783140153, 0.0, 0.00012727566263492918, 0.614743938774953, 0.19551577264596226, 4.001923237240135e-10]
[0.0, 854164.3078821866, 5.4652526136618995, 0.0036140077909845303, 0.11031119783140153, 0.0, 0.00012727566263492918, 0.614743938774953, 0.19551577264596226, 4.001923237240135e-10]
[0.0, 854164.3078821866, 5.4652526136618995, 0.0036140077909845303, 0.11031119783140153, 0.0, 0.00012727566263492918, 0.614743938774953, 0.19551577264596226, 3.5759883942887427e-10]
[0.0, 854164.3078821866, 5.4652526136618995, 0.0036140077909845303, 0.11031119783140153, 0.0, 0.00012727566263492918, 0.614743938774953, 0.19551577264596226, 3.5759883942887427e-10]
[0.0, 854164.3078821866, 5.4652526136618995, 0.0036140077909845303, 0.11031119783140153, 0.0, 0.00012727566263492918, 0.614743938774953, 0.19551577264596226, 3.5759883942887427e-10]
[0.0, 854164.3078821866, 5.4652526136618995, 0.0033667989727206304, 0.11031119783140153, 0.0, 0.00012727566263492918, 0.614743938774953, 0.19551577264596226, 3.5759883942887427e-10]
[0.0, 854164.3078821866, 5.4652526136618995, 0.0033667989727206304, 0.11031119783140153, 0.0, 0.00012727566263492918, 0.614743938774953, 0.19551577264596226, 3.5759883942887427e-10]
[0.0, 854164.3078821866, 5.4652526136618995, 0.0033667989727206304, 0.11031119783140153, 0.0, 0.00012727566263492918, 0.614743938774953, 0.19551577264596226, 3.5759883942887427e-10]
[0.0, 854164.3078821866, 5.4652526136618995, 0.0033667989727206304, 0.11031119783140153, 0.0, 0.00012727566263492918, 0.614743938774953, 0.19551577264596226, 3.5759883942887427e-10]
[0.0, 854164.3078821866, 5.4652526136618995, 0.0033667989727206304, 0.11031119783140153, 0.0, 0.00012727566263492918, 0.614743938774953, 0.19551577264596226, 3.5759883942887427e-10]
[0.0, 854164.3078821866, 5.4652526136618995, 0.0033667989727206304, 0.11031119783140153, 0.0, 0.00012727566263492918, 0.614743938774953, 0.19551577264596226, 3.5759883942887427e-10]
[0.0, 854164.3078821866, 5.4652526136618995, 0.0033667989727206304, 0.11031119783140153, 0.0, 0.00012727566263492918, 0.614743938774953, 0.19551577264596226, 3.5759883942887427e-10]
[0.0, 854164.3078821866, 5.4652526136618995, 0.0033667989727206304, 0.11031119783140153, 0.0, 0.00012727566263492918, 0.614743938774953, 0.19551577264596226, 3.5759883942887427e-10]
[0.0, 854164.3078821866, 5.4652526136618995, 0.0033667989727206304, 0.11031119783140153, 0.0, 0.00012727566263492918, 0.614743938774953, 0.19551577264596226, 3.5759883942887427e-10]
[0.0, 854164.3078821866, 5.4652526136618995, 0.0033667989727206304, 0.11031119783140153, 0.0, 0.00012727566263492918, 0.614743938774953, 0.19551577264596226, 3.5759883942887427e-10]
[0.0, 854164.3078821866, 5.4652526136618995, 0.0033667989727206304, 0.11031119783140153, 0.0, 0.00012727566263492918, 0.614743938774953, 0.19551577264596226, 3.5759883942887427e-10]
[0.0, 854164.3078821866, 5.4652526136618995, 0.0025792271795275212, 0.11031119783140153, 0.0, 0.00012727566263492918, 0.614743938774953, 0.19551577264596226, 3.5759883942887427e-10]
[0.0, 854164.3078821866, 5.4652526136618995, 0.0025792271795275212, 0.11031119783140153, 0.0, 0.00012727566263492918, 0.614743938774953, 0.19551577264596226, 3.5759883942887427e-10]
[0.0, 854164.3078821866, 5.4652526136618995, 0.0025792271795275212, 0.11031119783140153, 0.0, 0.00012727566263492918, 0.614743938774953, 0.19551577264596226, 3.5759883942887427e-10]
[0.0, 854164.3078821866, 5.4652526136618995, 0.0025792271795275212, 0.11031119783140153, 0.0, 0.00012727566263492918, 0.614743938774953, 0.19551577264596226, 3.5759883942887427e-10]
[0.0, 854164.3078821866, 5.4652526136618995, 0.0025792271795275212, 0.11031119783140153, 0.0, 0.00012727566263492918, 0.5338578072101579, 0.19551577264596226, 3.5759883942887427e-10]
[0.0, 854164.3078821866, 5.4652526136618995, 0.0025792271795275212, 0.11031119783140153, 0.0, 0.00012727566263492918, 0.5338578072101579, 0.19551577264596226, 3.5759883942887427e-10]
[0.0, 854164.3078821866, 5.4652526136618995, 0.0025792271795275212, 0.11031119783140153, 0.0, 0.00012727566263492918, 0.5338578072101579, 0.19551577264596226, 3.5759883942887427e-10]
[0.0, 854164.3078821866, 5.4652526136618995, 0.0022017402683420784, 0.11031119783140153, 0.0, 0.00012727566263492918, 0.5338578072101579, 0.19551577264596226, 3.5759883942887427e-10]
[0.0, 854164.3078821866, 5.4652526136618995, 0.0022017402683420784, 0.11031119783140153, 0.0, 0.00012727566263492918, 0.5338578072101579, 0.19551577264596226, 3.5759883942887427e-10]
[0.0, 854164.3078821866, 5.4652526136618995, 0.0022017402683420784, 0.11031119783140153, 0.0, 0.00012727566263492918, 0.5338578072101579, 0.19551577264596226, 3.5759883942887427e-10]
[0.0, 854164.3078821866, 5.4652526136618995, 0.0022017402683420784, 0.11031119783140153, 0.0, 0.00012727566263492918, 0.5338578072101579, 0.19551577264596226, 3.5759883942887427e-10]
[0.0, 854164.3078821866, 5.4652526136618995, 0.0022017402683420784, 0.11031119783140153, 0.0, 0.00012727566263492918, 0.5338578072101579, 0.19551577264596226, 3.5759883942887427e-10]
[0.0, 854164.3078821866, 5.4652526136618995, 0.0022017402683420784, 0.11031119783140153, 0.0, 0.00012727566263492918, 0.5338578072101579, 0.19551577264596226, 3.5759883942887427e-10]
[0.0, 854164.3078821866, 5.4652526136618995, 0.0022017402683420784, 0.11031119783140153, 0.0, 0.00012727566263492918, 0.5338578072101579, 0.19551577264596226, 3.5759883942887427e-10]
[0.0, 854164.3078821866, 5.4652526136618995, 0.0022017402683420784, 0.11031119783140153, 0.0, 0.00012727566263492918, 0.5338578072101579, 0.19551577264596226, 2.095252860101482e-10]
[0.0, 854164.3078821866, 5.4652526136618995, 0.0022017402683420784, 0.11031119783140153, 0.0, 0.00012727566263492918, 0.5338578072101579, 0.19551577264596226, 2.095252860101482e-10]
[0.0, 854164.3078821866, 5.4652526136618995, 0.0022017402683420784, 0.11031119783140153, 0.0, 0.00012727566263492918, 0.5338578072101579, 0.19551577264596226, 2.095252860101482e-10]
[0.0, 854164.3078821866, 5.4652526136618995, 0.0022017402683420784, 0.11031119783140153, 0.0, 0.00012727566263492918, 0.5338578072101579, 0.19551577264596226, 2.095252860101482e-10]
[0.0, 854164.3078821866, 5.4652526136618995, 0.0022017402683420784, 0.11031119783140153, 0.0, 0.00012727566263492918, 0.5338578072101579, 0.19551577264596226, 2.095252860101482e-10]
[0.0, 854164.3078821866, 5.4652526136618995, 0.0022017402683420784, 0.11031119783140153, 0.0, 0.00012727566263492918, 0.5338578072101579, 0.19551577264596226, 2.095252860101482e-10]
[0.0, 854164.3078821866, 5.4652526136618995, 0.0022017402683420784, 0.11031119783140153, 0.0, 0.00012727566263492918, 0.5338578072101579, 0.19551577264596226, 2.095252860101482e-10]
[0.0, 854164.3078821866, 5.4652526136618995, 0.0022017402683420784, 0.11031119783140153, 0.0, 0.00012727566263492918, 0.5338578072101579, 0.19551577264596226, 2.095252860101482e-10]
[0.0, 854164.3078821866, 5.4652526136618995, 0.0022017402683420784, 0.11031119783140153, 0.0, 0.00012727566263492918, 0.5338578072101579, 0.19551577264596226, 2.095252860101482e-10]
[0.0, 854164.3078821866, 5.4652526136618995, 0.0022017402683420784, 0.11031119783140153, 0.0, 0.00012727566263492918, 0.5338578072101579, 0.19551577264596226, 2.095252860101482e-10]
[0.0, 854164.3078821866, 5.4652526136618995, 0.0022017402683420784, 0.11031119783140153, 0.0, 0.00012727566263492918, 0.5338578072101579, 0.19551577264596226, 2.095252860101482e-10]
[0.0, 854164.3078821866, 5.4652526136618995, 0.0022017402683420784, 0.11031119783140153, 0.0, 0.00012727566263492918, 0.5338578072101579, 0.19551577264596226, 2.095252860101482e-10]
[0.0, 854164.3078821866, 5.4652526136618995, 0.0022017402683420784, 0.11031119783140153, 0.0, 0.00012727566263492918, 0.5338578072101579, 0.19551577264596226, 2.095252860101482e-10]
[0.0, 854164.3078821866, 5.4652526136618995, 0.0022017402683420784, 0.11031119783140153, 0.0, 0.00012727566263492918, 0.5338578072101579, 0.19551577264596226, 2.095252860101482e-10]
[0.0, 854164.3078821866, 5.4652526136618995, 0.0022017402683420784, 0.11031119783140153, 0.0, 0.00012727566263492918, 0.5338578072101579, 0.19551577264596226, 2.095252860101482e-10]
[0.0, 854164.3078821866, 5.4652526136618995, 0.0022017402683420784, 0.11031119783140153, 0.0, 0.00012727566263492918, 0.5338578072101579, 0.19551577264596226, 2.095252860101482e-10]
[0.0, 854164.3078821866, 5.4652526136618995, 0.0022017402683420784, 0.11031119783140153, 0.0, 0.00012727566263492918, 0.5338578072101579, 0.19551577264596226, 2.095252860101482e-10]
[0.0, 854164.3078821866, 5.4652526136618995, 0.0022017402683420784, 0.11031119783140153, 0.0, 0.00012727566263492918, 0.5338578072101579, 0.19551577264596226, 2.095252860101482e-10]
[0.0, 854164.3078821866, 5.4652526136618995, 0.0022017402683420784, 0.11031119783140153, 0.0, 0.00012727566263492918, 0.5338578072101579, 0.19551577264596226, 2.095252860101482e-10]
[0.0, 854164.3078821866, 5.4652526136618995, 0.0019904660188974077, 0.11031119783140153, 0.0, 0.00012727566263492918, 0.5338578072101579, 0.19551577264596226, 2.095252860101482e-10]
[0.0, 854164.3078821866, 5.4652526136618995, 0.0019904660188974077, 0.11031119783140153, 0.0, 0.00012727566263492918, 0.5338578072101579, 0.19551577264596226, 2.095252860101482e-10]
[0.0, 854164.3078821866, 5.4652526136618995, 0.0019904660188974077, 0.11031119783140153, 0.0, 0.00012727566263492918, 0.5338578072101579, 0.19551577264596226, 2.095252860101482e-10]
[0.0, 854164.3078821866, 5.4652526136618995, 0.0019904660188974077, 0.11031119783140153, 0.0, 0.00012727566263492918, 0.5338578072101579, 0.19551577264596226, 2.095252860101482e-10]
[0.0, 854164.3078821866, 5.4652526136618995, 0.0019904660188974077, 0.11031119783140153, 0.0, 0.00012727566263492918, 0.5338578072101579, 0.19551577264596226, 2.095252860101482e-10]
[0.0, 854164.3078821866, 5.4652526136618995, 0.0017999558702985752, 0.11031119783140153, 0.0, 0.00012727566263492918, 0.5338578072101579, 0.19551577264596226, 2.095252860101482e-10]
[0.0, 854164.3078821866, 5.4652526136618995, 0.0017999558702985752, 0.11031119783140153, 0.0, 0.00012727566263492918, 0.5338578072101579, 0.19551577264596226, 2.095252860101482e-10]
[0.0, 854164.3078821866, 5.4652526136618995, 0.0017999558702985752, 0.11031119783140153, 0.0, 0.00012727566263492918, 0.5338578072101579, 0.19551577264596226, 2.095252860101482e-10]
[0.0, 854164.3078821866, 5.4652526136618995, 0.0017999558702985752, 0.11031119783140153, 0.0, 0.00012727566263492918, 0.5338578072101579, 0.19551577264596226, 2.095252860101482e-10]
[0.0, 854164.3078821866, 5.4652526136618995, 0.0017999558702985752, 0.11031119783140153, 0.0, 0.00012727566263492918, 0.5338578072101579, 0.19551577264596226, 2.095252860101482e-10]
[0.0, 854164.3078821866, 5.4652526136618995, 0.0017999558702985752, 0.11031119783140153, 0.0, 0.00012727566263492918, 0.5338578072101579, 0.19551577264596226, 2.095252860101482e-10]
[0.0, 854164.3078821866, 5.4652526136618995, 0.0017999558702985752, 0.11031119783140153, 0.0, 0.00012727566263492918, 0.5338578072101579, 0.19551577264596226, 2.095252860101482e-10]
[0.0, 854164.3078821866, 5.4652526136618995, 0.0017999558702985752, 0.11031119783140153, 0.0, 0.00012727566263492918, 0.5338578072101579, 0.19551577264596226, 2.095252860101482e-10]
[0.0, 854164.3078821866, 5.4652526136618995, 0.0017999558702985752, 0.11031119783140153, 0.0, 0.00012727566263492918, 0.5338578072101579, 0.19551577264596226, 2.095252860101482e-10]
[0.0, 854164.3078821866, 5.4652526136618995, 0.0017826679000254586, 0.11031119783140153, 0.0, 0.00012727566263492918, 0.5338578072101579, 0.19551577264596226, 2.095252860101482e-10]
[0.0, 854164.3078821866, 5.4652526136618995, 0.0014363996172139792, 0.11031119783140153, 0.0, 0.00012727566263492918, 0.5338578072101579, 0.19551577264596226, 2.095252860101482e-10]
[0.0, 854164.3078821866, 5.4652526136618995, 0.0014363996172139792, 0.11031119783140153, 0.0, 0.00012727566263492918, 0.5338578072101579, 0.19551577264596226, 2.095252860101482e-10]
[0.0, 854164.3078821866, 5.4652526136618995, 0.0014363996172139792, 0.11031119783140153, 0.0, 0.00012727566263492918, 0.5338578072101579, 0.19551577264596226, 2.095252860101482e-10]
[0.0, 854164.3078821866, 5.4652526136618995, 0.0014363996172139792, 0.11031119783140153, 0.0, 0.00012727566263492918, 0.5338578072101579, 0.19551577264596226, 2.095252860101482e-10]
[0.0, 854164.3078821866, 5.4652526136618995, 0.0014363996172139792, 0.11031119783140153, 0.0, 0.00012727566263492918, 0.5338578072101579, 0.19551577264596226, 2.095252860101482e-10]
[0.0, 854164.3078821866, 5.4652526136618995, 0.0014363996172139792, 0.11031119783140153, 0.0, 0.00012727566263492918, 0.5338578072101579, 0.19551577264596226, 2.095252860101482e-10]
[0.0, 854164.3078821866, 5.4652526136618995, 0.0014363996172139792, 0.11031119783140153, 0.0, 0.00012727566263492918, 0.5338578072101579, 0.19551577264596226, 2.095252860101482e-10]
[0.0, 854164.3078821866, 5.4652526136618995, 0.0014363996172139792, 0.11031119783140153, 0.0, 0.00012727566263492918, 0.5338578072101579, 0.19551577264596226, 2.095252860101482e-10]
[0.0, 854164.3078821866, 5.4652526136618995, 0.0014363996172139792, 0.11031119783140153, 0.0, 0.00012727566263492918, 0.5338578072101579, 0.19551577264596226, 2.095252860101482e-10]
[0.0, 854164.3078821866, 5.4652526136618995, 0.0014363996172139792, 0.11031119783140153, 0.0, 0.00012727566263492918, 0.5338578072101579, 0.19551577264596226, 2.095252860101482e-10]
[0.0, 854164.3078821866, 5.4652526136618995, 0.0014363996172139792, 0.11031119783140153, 0.0, 0.00012727566263492918, 0.5338578072101579, 0.19551577264596226, 2.095252860101482e-10]
[0.0, 854164.3078821866, 5.4652526136618995, 0.0014363996172139792, 0.11031119783140153, 0.0, 0.00012727566263492918, 0.5338578072101579, 0.19551577264596226, 2.095252860101482e-10]
[0.0, 854164.3078821866, 5.4652526136618995, 0.0014363996172139792, 0.11031119783140153, 0.0, 0.00012727566263492918, 0.5338578072101579, 0.19551577264596226, 2.095252860101482e-10]
[0.0, 854164.3078821866, 5.4652526136618995, 0.0014363996172139792, 0.11031119783140153, 0.0, 0.00012727566263492918, 0.5338578072101579, 0.19551577264596226, 2.095252860101482e-10]
[0.0, 854164.3078821866, 5.4652526136618995, 0.0011248143778050945, 0.11031119783140153, 0.0, 0.00012727566263492918, 0.5338578072101579, 0.19551577264596226, 2.095252860101482e-10]
[0.0, 854164.3078821866, 5.4652526136618995, 0.0011248143778050945, 0.11031119783140153, 0.0, 0.00012727566263492918, 0.5338578072101579, 0.19551577264596226, 2.095252860101482e-10]
[0.0, 854164.3078821866, 5.4652526136618995, 0.0008435214931719059, 0.11031119783140153, 0.0, 0.00012727566263492918, 0.5338578072101579, 0.19551577264596226, 2.095252860101482e-10]
[0.0, 854164.3078821866, 5.4652526136618995, 0.0008435214931719059, 0.11031119783140153, 0.0, 0.00012727566263492918, 0.5338578072101579, 0.19551577264596226, 2.095252860101482e-10]
[0.0, 854164.3078821866, 5.4652526136618995, 0.0008435214931719059, 0.11031119783140153, 0.0, 0.00012727566263492918, 0.5338578072101579, 0.19551577264596226, 2.095252860101482e-10]
[0.0, 854164.3078821866, 5.4652526136618995, 0.0008435214931719059, 0.11031119783140153, 0.0, 0.00012727566263492918, 0.5338578072101579, 0.19551577264596226, 2.095252860101482e-10]
[0.0, 854164.3078821866, 5.4652526136618995, 0.0008435214931719059, 0.11031119783140153, 0.0, 0.00012727566263492918, 0.5338578072101579, 0.19551577264596226, 2.095252860101482e-10]
[0.0, 854164.3078821866, 5.4652526136618995, 0.0008435214931719059, 0.11031119783140153, 0.0, 0.00012727566263492918, 0.5338578072101579, 0.19551577264596226, 1.9647972138159275e-10]
[0.0, 854164.3078821866, 5.4652526136618995, 0.0008435214931719059, 0.11031119783140153, 0.0, 0.00012727566263492918, 0.5338578072101579, 0.19551577264596226, 1.9647972138159275e-10]
[0.0, 854164.3078821866, 5.4652526136618995, 0.0008435214931719059, 0.11031119783140153, 0.0, 0.00012727566263492918, 0.5338578072101579, 0.19551577264596226, 1.9647972138159275e-10]
[0.0, 854164.3078821866, 5.4652526136618995, 0.0008435214931719059, 0.11031119783140153, 0.0, 0.00012727566263492918, 0.5338578072101579, 0.19551577264596226, 1.9647972138159275e-10]
[0.0, 854164.3078821866, 5.4652526136618995, 0.0008435214931719059, 0.11031119783140153, 0.0, 0.00012727566263492918, 0.5338578072101579, 0.19551577264596226, 1.9647972138159275e-10]
[0.0, 854164.3078821866, 5.4652526136618995, 0.0008435214931719059, 0.11031119783140153, 0.0, 0.00012727566263492918, 0.5338578072101579, 0.19551577264596226, 1.9647972138159275e-10]
[0.0, 854164.3078821866, 5.4652526136618995, 0.0008435214931719059, 0.11031119783140153, 0.0, 0.00012727566263492918, 0.5338578072101579, 0.19551577264596226, 1.9647972138159275e-10]
[0.0, 854164.3078821866, 5.4652526136618995, 0.0008435214931719059, 0.11031119783140153, 0.0, 0.00012727566263492918, 0.5338578072101579, 0.19551577264596226, 1.9647972138159275e-10]
[0.0, 854164.3078821866, 5.4652526136618995, 0.0008435214931719059, 0.11031119783140153, 0.0, 0.00012727566263492918, 0.5338578072101579, 0.19551577264596226, 1.9647972138159275e-10]
[0.0, 854164.3078821866, 5.4652526136618995, 0.0008435214931719059, 0.11031119783140153, 0.0, 0.00012727566263492918, 0.5338578072101579, 0.19551577264596226, 1.9647972138159275e-10]
[0.0, 854164.3078821866, 5.4652526136618995, 0.0008435214931719059, 0.11031119783140153, 0.0, 0.00012727566263492918, 0.5338578072101579, 0.19551577264596226, 1.9647972138159275e-10]
[0.0, 854164.3078821866, 5.4652526136618995, 0.0008435214931719059, 0.11031119783140153, 0.0, 0.00012727566263492918, 0.5338578072101579, 0.19551577264596226, 1.9647972138159275e-10]
[0.0, 854164.3078821866, 5.4652526136618995, 0.0008435214931719059, 0.11031119783140153, 0.0, 0.00012727566263492918, 0.5338578072101579, 0.19551577264596226, 1.9647972138159275e-10]
[0.0, 854164.3078821866, 5.4652526136618995, 0.0008435214931719059, 0.11031119783140153, 0.0, 0.00012727566263492918, 0.5338578072101579, 0.19551577264596226, 1.9647972138159275e-10]
[0.0, 854164.3078821866, 5.4652526136618995, 0.0008435214931719059, 0.11031119783140153, 0.0, 0.00012727566263492918, 0.5338578072101579, 0.19551577264596226, 1.9647972138159275e-10]
[0.0, 854164.3078821866, 5.4652526136618995, 0.0008435214931719059, 0.11031119783140153, 0.0, 0.00012727566263492918, 0.5338578072101579, 0.19551577264596226, 1.6251933132593877e-10]
[0.0, 854164.3078821866, 5.4652526136618995, 0.0008435214931719059, 0.11031119783140153, 0.0, 0.00012727566263492918, 0.5338578072101579, 0.19551577264596226, 1.6251933132593877e-10]
[0.0, 854164.3078821866, 5.4652526136618995, 0.0008435214931719059, 0.11031119783140153, 0.0, 0.00012727566263492918, 0.5338578072101579, 0.19551577264596226, 1.6251933132593877e-10]
[0.0, 854164.3078821866, 5.4652526136618995, 0.0008435214931719059, 0.11031119783140153, 0.0, 0.00012727566263492918, 0.5338578072101579, 0.19551577264596226, 1.6251933132593877e-10]
[0.0, 854164.3078821866, 5.4652526136618995, 0.0008435214931719059, 0.11031119783140153, 0.0, 0.00012727566263492918, 0.5338578072101579, 0.19551577264596226, 1.6251933132593877e-10]
[0.0, 854164.3078821866, 5.4652526136618995, 0.0008435214931719059, 0.11031119783140153, 0.0, 0.00012727566263492918, 0.5338578072101579, 0.19551577264596226, 1.6251933132593877e-10]
[0.0, 854164.3078821866, 5.4652526136618995, 0.0008435214931719059, 0.11031119783140153, 0.0, 0.00012727566263492918, 0.5338578072101579, 0.19551577264596226, 1.6251933132593877e-10]
[0.0, 854164.3078821866, 5.4652526136618995, 0.0008435214931719059, 0.11031119783140153, 0.0, 0.00012727566263492918, 0.5338578072101579, 0.19551577264596226, 1.6251933132593877e-10]
[0.0, 854164.3078821866, 5.4652526136618995, 0.0008435214931719059, 0.11031119783140153, 0.0, 0.00012727566263492918, 0.5338578072101579, 0.19551577264596226, 1.6251933132593877e-10]
[0.0, 854164.3078821866, 5.4652526136618995, 0.0008435214931719059, 0.11031119783140153, 0.0, 0.00012727566263492918, 0.5338578072101579, 0.19551577264596226, 1.6251933132593877e-10]
[0.0, 854164.3078821866, 5.4652526136618995, 0.0008435214931719059, 0.11031119783140153, 0.0, 0.00012727566263492918, 0.5338578072101579, 0.19551577264596226, 1.6251933132593877e-10]
[0.0, 854164.3078821866, 5.4652526136618995, 0.0008435214931719059, 0.11031119783140153, 0.0, 0.00012727566263492918, 0.5338578072101579, 0.19551577264596226, 1.6251933132593877e-10]
[0.0, 854164.3078821866, 5.4652526136618995, 0.0008435214931719059, 0.11031119783140153, 0.0, 0.00012727566263492918, 0.5338578072101579, 0.19551577264596226, 1.6251933132593877e-10]
[0.0, 854164.3078821866, 5.4652526136618995, 0.0008435214931719059, 0.11031119783140153, 0.0, 0.00012727566263492918, 0.5338578072101579, 0.19551577264596226, 1.6251933132593877e-10]
[0.0, 854164.3078821866, 5.4652526136618995, 0.0008435214931719059, 0.11031119783140153, 0.0, 0.00012727566263492918, 0.5338578072101579, 0.19551577264596226, 1.6251933132593877e-10]
[0.0, 854164.3078821866, 5.4652526136618995, 0.0008435214931719059, 0.11031119783140153, 0.0, 0.00012727566263492918, 0.5338578072101579, 0.19551577264596226, 1.6251933132593877e-10]
[0.0, 854164.3078821866, 5.4652526136618995, 0.0008435214931719059, 0.11031119783140153, 0.0, 0.00012727566263492918, 0.5338578072101579, 0.19551577264596226, 1.6251933132593877e-10]
[0.0, 854164.3078821866, 5.4652526136618995, 0.0008435214931719059, 0.11031119783140153, 0.0, 0.00012727566263492918, 0.5338578072101579, 0.19551577264596226, 1.6251933132593877e-10]
[0.0, 854164.3078821866, 5.4652526136618995, 0.0008435214931719059, 0.11031119783140153, 0.0, 0.00012727566263492918, 0.5338578072101579, 0.19551577264596226, 1.6251933132593877e-10]
[0.0, 854164.3078821866, 5.4652526136618995, 0.0008435214931719059, 0.11031119783140153, 0.0, 0.00012727566263492918, 0.5338578072101579, 0.19551577264596226, 1.2416423444960856e-10]
[0.0, 854164.3078821866, 5.4652526136618995, 0.000563805605702683, 0.11031119783140153, 0.0, 0.00012727566263492918, 0.5338578072101579, 0.19551577264596226, 1.2416423444960856e-10]
[0.0, 854164.3078821866, 5.4652526136618995, 0.000563805605702683, 0.11031119783140153, 0.0, 0.00012727566263492918, 0.5338578072101579, 0.19551577264596226, 1.2416423444960856e-10]
[0.0, 854164.3078821866, 5.4652526136618995, 0.000563805605702683, 0.11031119783140153, 0.0, 0.00012727566263492918, 0.5338578072101579, 0.19551577264596226, 1.2416423444960856e-10]
[0.0, 854164.3078821866, 5.4652526136618995, 0.000563805605702683, 0.11031119783140153, 0.0, 0.00012727566263492918, 0.5338578072101579, 0.19551577264596226, 1.2416423444960856e-10]
[0.0, 854164.3078821866, 5.4652526136618995, 0.000563805605702683, 0.11031119783140153, 0.0, 0.00012727566263492918, 0.5338578072101579, 0.19551577264596226, 1.2416423444960856e-10]
[0.0, 854164.3078821866, 5.4652526136618995, 0.000563805605702683, 0.11031119783140153, 0.0, 0.00012727566263492918, 0.5338578072101579, 0.19551577264596226, 1.2416423444960856e-10]
[0.0, 854164.3078821866, 5.4652526136618995, 0.000563805605702683, 0.11031119783140153, 0.0, 0.00012727566263492918, 0.5338578072101579, 0.19551577264596226, 1.2416423444960856e-10]
[0.0, 854164.3078821866, 5.4652526136618995, 0.000563805605702683, 0.11031119783140153, 0.0, 0.00012727566263492918, 0.5338578072101579, 0.19551577264596226, 1.2416423444960856e-10]
[0.0, 854164.3078821866, 5.4652526136618995, 0.000563805605702683, 0.11031119783140153, 0.0, 0.00012727566263492918, 0.5338578072101579, 0.19551577264596226, 1.2416423444960856e-10]
[0.0, 854164.3078821866, 5.4652526136618995, 0.000563805605702683, 0.11031119783140153, 0.0, 0.00012727566263492918, 0.5338578072101579, 0.19551577264596226, 1.2416423444960856e-10]
[0.0, 854164.3078821866, 5.4652526136618995, 0.000563805605702683, 0.11031119783140153, 0.0, 0.00012727566263492918, 0.5338578072101579, 0.19551577264596226, 1.2416423444960856e-10]
[0.0, 854164.3078821866, 5.4652526136618995, 0.000563805605702683, 0.11031119783140153, 0.0, 0.00012727566263492918, 0.5338578072101579, 0.19551577264596226, 1.2416423444960856e-10]
[0.0, 854164.3078821866, 5.4652526136618995, 0.000563805605702683, 0.11031119783140153, 0.0, 0.00012727566263492918, 0.5338578072101579, 0.19551577264596226, 1.2416423444960856e-10]
[0.0, 854164.3078821866, 5.4652526136618995, 0.000563805605702683, 0.11031119783140153, 0.0, 0.00012727566263492918, 0.5338578072101579, 0.19551577264596226, 1.2416423444960856e-10]
[0.0, 854164.3078821866, 5.4652526136618995, 0.000563805605702683, 0.11031119783140153, 0.0, 0.00012727566263492918, 0.5338578072101579, 0.19551577264596226, 1.2416423444960856e-10]
[0.0, 854164.3078821866, 5.4652526136618995, 0.000563805605702683, 0.11031119783140153, 0.0, 0.00012727566263492918, 0.5338578072101579, 0.19551577264596226, 1.2416423444960856e-10]
[0.0, 854164.3078821866, 5.4652526136618995, 0.000563805605702683, 0.11031119783140153, 0.0, 0.00012727566263492918, 0.5338578072101579, 0.19551577264596226, 1.2416423444960856e-10]
[0.0, 854164.3078821866, 5.4652526136618995, 0.000563805605702683, 0.11031119783140153, 0.0, 0.00012727566263492918, 0.5338578072101579, 0.19551577264596226, 1.2416423444960856e-10]
[0.0, 854164.3078821866, 5.4652526136618995, 0.000563805605702683, 0.11031119783140153, 0.0, 0.00012727566263492918, 0.5338578072101579, 0.19551577264596226, 1.2416423444960856e-10]
[0.0, 854164.3078821866, 5.4652526136618995, 0.000563805605702683, 0.11031119783140153, 0.0, 0.00012727566263492918, 0.5338578072101579, 0.19551577264596226, 1.2416423444960856e-10]
[0.0, 854164.3078821866, 5.4652526136618995, 0.000563805605702683, 0.11031119783140153, 0.0, 0.00012727566263492918, 0.5338578072101579, 0.19551577264596226, 1.2416423444960856e-10]
[0.0, 854164.3078821866, 5.4652526136618995, 0.000563805605702683, 0.11031119783140153, 0.0, 0.00012727566263492918, 0.5338578072101579, 0.19551577264596226, 1.2416423444960856e-10]
[0.0, 854164.3078821866, 5.4652526136618995, 0.000563805605702683, 0.11031119783140153, 0.0, 0.00012727566263492918, 0.5338578072101579, 0.19551577264596226, 1.2416423444960856e-10]
[0.0, 854164.3078821866, 5.4652526136618995, 0.000563805605702683, 0.11031119783140153, 0.0, 0.00012727566263492918, 0.5338578072101579, 0.19551577264596226, 1.2416423444960856e-10]
[0.0, 854164.3078821866, 5.4652526136618995, 0.000563805605702683, 0.11031119783140153, 0.0, 0.00012727566263492918, 0.5338578072101579, 0.19551577264596226, 1.2416423444960856e-10]
[0.0, 854164.3078821866, 5.4652526136618995, 0.000563805605702683, 0.11031119783140153, 0.0, 0.00012727566263492918, 0.5338578072101579, 0.19551577264596226, 1.2416423444960856e-10]
[0.0, 854164.3078821866, 5.4652526136618995, 0.0003873170644492774, 0.11031119783140153, 0.0, 0.00012727566263492918, 0.5338578072101579, 0.19551577264596226, 1.2416423444960856e-10]
[0.0, 854164.3078821866, 5.4652526136618995, 0.0003873170644492774, 0.11031119783140153, 0.0, 0.00012727566263492918, 0.5338578072101579, 0.19551577264596226, 1.2416423444960856e-10]
[0.0, 854164.3078821866, 5.4652526136618995, 0.0003873170644492774, 0.11031119783140153, 0.0, 0.00012727566263492918, 0.5338578072101579, 0.19551577264596226, 1.2416423444960856e-10]
[0.0, 854164.3078821866, 5.4652526136618995, 0.00023048967374172946, 0.11031119783140153, 0.0, 0.00012727566263492918, 0.5338578072101579, 0.19551577264596226, 1.2416423444960856e-10]
[0.0, 854164.3078821866, 5.4652526136618995, 0.00023048967374172946, 0.11031119783140153, 0.0, 0.00012727566263492918, 0.5338578072101579, 0.19551577264596226, 1.2416423444960856e-10]
[0.0, 854164.3078821866, 5.4652526136618995, 0.00023048967374172946, 0.11031119783140153, 0.0, 0.00012727566263492918, 0.5338578072101579, 0.19551577264596226, 1.2416423444960856e-10]
[0.0, 854164.3078821866, 5.4652526136618995, 0.00023048967374172946, 0.11031119783140153, 0.0, 0.00012727566263492918, 0.5338578072101579, 0.19551577264596226, 1.2416423444960856e-10]
[0.0, 854164.3078821866, 5.4652526136618995, 0.00023048967374172946, 0.11031119783140153, 0.0, 0.00012727566263492918, 0.5338578072101579, 0.19551577264596226, 1.2416423444960856e-10]
[0.0, 854164.3078821866, 5.4652526136618995, 0.00023048967374172946, 0.11031119783140153, 0.0, 0.00012727566263492918, 0.5338578072101579, 0.19551577264596226, 1.2416423444960856e-10]
[0.0, 854164.3078821866, 5.4652526136618995, 0.00023048967374172946, 0.11031119783140153, 0.0, 0.00012727566263492918, 0.5338578072101579, 0.19551577264596226, 1.208921851514333e-10]
[0.0, 854164.3078821866, 5.4652526136618995, 0.00023048967374172946, 0.11031119783140153, 0.0, 0.00012727566263492918, 0.5338578072101579, 0.19551577264596226, 1.208921851514333e-10]
[0.0, 854164.3078821866, 5.4652526136618995, 0.00023048967374172946, 0.11031119783140153, 0.0, 0.00012727566263492918, 0.5338578072101579, 0.19551577264596226, 1.208921851514333e-10]
[0.0, 854164.3078821866, 5.4652526136618995, 0.00023048967374172946, 0.11031119783140153, 0.0, 0.00012727566263492918, 0.5338578072101579, 0.19551577264596226, 1.208921851514333e-10]
[0.0, 854164.3078821866, 5.4652526136618995, 0.00023048967374172946, 0.11031119783140153, 0.0, 0.00012727566263492918, 0.5338578072101579, 0.19551577264596226, 1.208921851514333e-10]
[0.0, 854164.3078821866, 5.4652526136618995, 0.00023048967374172946, 0.11031119783140153, 0.0, 0.00012727566263492918, 0.5338578072101579, 0.19551577264596226, 1.208921851514333e-10]
[0.0, 854164.3078821866, 5.4652526136618995, 0.00023048967374172946, 0.11031119783140153, 0.0, 0.00012727566263492918, 0.5338578072101579, 0.19551577264596226, 1.208921851514333e-10]
[0.0, 854164.3078821866, 5.4652526136618995, 0.00023048967374172946, 0.11031119783140153, 0.0, 0.00012727566263492918, 0.5338578072101579, 0.19551577264596226, 1.208921851514333e-10]
[0.0, 854164.3078821866, 5.4652526136618995, 0.00023048967374172946, 0.11031119783140153, 0.0, 0.00012727566263492918, 0.5338578072101579, 0.19551577264596226, 1.208921851514333e-10]
[0.0, 854164.3078821866, 5.4652526136618995, 0.00023048967374172946, 0.11031119783140153, 0.0, 0.00012727566263492918, 0.5338578072101579, 0.19551577264596226, 1.208921851514333e-10]
[0.0, 854164.3078821866, 5.4652526136618995, 0.00023048967374172946, 0.11031119783140153, 0.0, 0.00012727566263492918, 0.5338578072101579, 0.19551577264596226, 1.174567110240332e-10]
[0.0, 854164.3078821866, 5.4652526136618995, 0.00023048967374172946, 0.11031119783140153, 0.0, 0.00012727566263492918, 0.5338578072101579, 0.19551577264596226, 1.174567110240332e-10]
[0.0, 854164.3078821866, 5.4652526136618995, 0.00023048967374172946, 0.11031119783140153, 0.0, 0.00012727566263492918, 0.5338578072101579, 0.19551577264596226, 1.174567110240332e-10]
[0.0, 854164.3078821866, 5.4652526136618995, 0.00023048967374172946, 0.11031119783140153, 0.0, 0.00012727566263492918, 0.5338578072101579, 0.19551577264596226, 1.174567110240332e-10]
[0.0, 854164.3078821866, 5.4652526136618995, 0.00023048967374172946, 0.11031119783140153, 0.0, 0.00012727566263492918, 0.5338578072101579, 0.19551577264596226, 1.174567110240332e-10]
[0.0, 854164.3078821866, 5.4652526136618995, 0.00023048967374172946, 0.11031119783140153, 0.0, 0.00012727566263492918, 0.5338578072101579, 0.19551577264596226, 1.1325385074201222e-10]
[0.0, 854164.3078821866, 5.4652526136618995, 0.00023048967374172946, 0.11031119783140153, 0.0, 0.00012727566263492918, 0.5338578072101579, 0.19551577264596226, 1.1325385074201222e-10]
[0.0, 854164.3078821866, 5.4652526136618995, 0.00023048967374172946, 0.11031119783140153, 0.0, 0.00012727566263492918, 0.5338578072101579, 0.19551577264596226, 1.1325385074201222e-10]
[0.0, 854164.3078821866, 5.4652526136618995, 0.00023048967374172946, 0.11031119783140153, 0.0, 0.00012727566263492918, 0.5338578072101579, 0.19551577264596226, 1.1325385074201222e-10]
[0.0, 854164.3078821866, 5.4652526136618995, 0.00023048967374172946, 0.11031119783140153, 0.0, 0.00012727566263492918, 0.5338578072101579, 0.19551577264596226, 1.1325385074201222e-10]
[0.0, 854164.3078821866, 5.4652526136618995, 0.00023048967374172946, 0.11031119783140153, 0.0, 0.00012727566263492918, 0.5338578072101579, 0.19551577264596226, 1.1325385074201222e-10]
[0.0, 854164.3078821866, 5.4652526136618995, 0.00023048967374172946, 0.11031119783140153, 0.0, 0.00012727566263492918, 0.5338578072101579, 0.19551577264596226, 1.1325385074201222e-10]
[0.0, 854164.3078821866, 5.4652526136618995, 0.00023048967374172946, 0.11031119783140153, 0.0, 0.00012727566263492918, 0.5338578072101579, 0.19551577264596226, 1.1325385074201222e-10]
[0.0, 854164.3078821866, 5.4652526136618995, 0.00023048967374172946, 0.11031119783140153, 0.0, 0.00012727566263492918, 0.5338578072101579, 0.19551577264596226, 1.1325385074201222e-10]
[0.0, 854164.3078821866, 5.4652526136618995, 0.00023048967374172946, 0.11031119783140153, 0.0, 0.00012727566263492918, 0.5338578072101579, 0.19551577264596226, 1.1325385074201222e-10]
[0.0, 854164.3078821866, 5.4652526136618995, 0.00023048967374172946, 0.11031119783140153, 0.0, 0.00012727566263492918, 0.5338578072101579, 0.19551577264596226, 1.1325385074201222e-10]
[0.0, 854164.3078821866, 5.4652526136618995, 0.00023048967374172946, 0.11031119783140153, 0.0, 0.00012727566263492918, 0.5338578072101579, 0.19551577264596226, 1.1325385074201222e-10]
[0.0, 854164.3078821866, 5.4652526136618995, 0.00023048967374172946, 0.11031119783140153, 0.0, 0.00012727566263492918, 0.5338578072101579, 0.19551577264596226, 1.1325385074201222e-10]
[0.0, 854164.3078821866, 5.4652526136618995, 0.00023048967374172946, 0.11031119783140153, 0.0, 0.00012727566263492918, 0.5338578072101579, 0.19551577264596226, 1.0010881013045037e-10]
[0.0, 854164.3078821866, 5.4652526136618995, 0.00023048967374172946, 0.11031119783140153, 0.0, 0.00012727566263492918, 0.5338578072101579, 0.19551577264596226, 1.0010881013045037e-10]
[0.0, 854164.3078821866, 5.4652526136618995, 0.00023048967374172946, 0.11031119783140153, 0.0, 0.00012727566263492918, 0.5338578072101579, 0.19551577264596226, 8.446265908901296e-11]
[0.0, 854164.3078821866, 5.4652526136618995, 0.00014901141734213752, 0.11031119783140153, 0.0, 0.00012727566263492918, 0.5338578072101579, 0.19551577264596226, 8.446265908901296e-11]
[0.0, 854164.3078821866, 5.4652526136618995, 0.00014901141734213752, 0.11031119783140153, 0.0, 0.00012727566263492918, 0.5338578072101579, 0.19551577264596226, 8.446265908901296e-11]
[0.0, 854164.3078821866, 5.4652526136618995, 0.00014901141734213752, 0.11031119783140153, 0.0, 0.00012727566263492918, 0.5338578072101579, 0.19551577264596226, 8.446265908901296e-11]
[0.0, 854164.3078821866, 5.4652526136618995, 0.00014901141734213752, 0.11031119783140153, 0.0, 0.00012727566263492918, 0.5338578072101579, 0.19551577264596226, 8.446265908901296e-11]
[0.0, 854164.3078821866, 5.4652526136618995, 0.00014901141734213752, 0.11031119783140153, 0.0, 0.00012727566263492918, 0.5338578072101579, 0.19551577264596226, 8.446265908901296e-11]
[0.0, 854164.3078821866, 5.4652526136618995, 0.00014901141734213752, 0.11031119783140153, 0.0, 0.00012727566263492918, 0.5338578072101579, 0.19551577264596226, 8.446265908901296e-11]
[0.0, 854164.3078821866, 5.4652526136618995, 0.00014901141734213752, 0.11031119783140153, 0.0, 0.00012727566263492918, 0.5338578072101579, 0.19551577264596226, 8.446265908901296e-11]
[0.0, 854164.3078821866, 5.4652526136618995, 0.00014901141734213752, 0.11031119783140153, 0.0, 0.00012727566263492918, 0.5338578072101579, 0.19551577264596226, 8.446265908901296e-11]
[0.0, 854164.3078821866, 5.4652526136618995, 0.00014901141734213752, 0.11031119783140153, 0.0, 0.00012727566263492918, 0.5338578072101579, 0.19551577264596226, 8.446265908901296e-11]
[0.0, 854164.3078821866, 5.4652526136618995, 0.00014901141734213752, 0.11031119783140153, 0.0, 0.00012727566263492918, 0.5338578072101579, 0.19551577264596226, 8.446265908901296e-11]
[0.0, 854164.3078821866, 5.4652526136618995, 0.00014901141734213752, 0.11031119783140153, 0.0, 0.00012727566263492918, 0.5338578072101579, 0.19551577264596226, 8.446265908901296e-11]
[0.0, 854164.3078821866, 5.4652526136618995, 0.00014901141734213752, 0.11031119783140153, 0.0, 0.00012727566263492918, 0.5338578072101579, 0.19551577264596226, 8.446265908901296e-11]
[0.0, 854164.3078821866, 5.4652526136618995, 0.00014901141734213752, 0.11031119783140153, 0.0, 0.00012727566263492918, 0.5338578072101579, 0.19551577264596226, 6.62905286219484e-11]
[0.0, 854164.3078821866, 5.4652526136618995, 0.00014901141734213752, 0.11031119783140153, 0.0, 0.00012727566263492918, 0.5338578072101579, 0.19551577264596226, 6.62905286219484e-11]
[0.0, 854164.3078821866, 5.4652526136618995, 0.00014901141734213752, 0.11031119783140153, 0.0, 0.00012727566263492918, 0.5338578072101579, 0.19551577264596226, 6.62905286219484e-11]
[0.0, 854164.3078821866, 5.4652526136618995, 0.00014901141734213752, 0.11031119783140153, 0.0, 0.00012727566263492918, 0.5338578072101579, 0.19551577264596226, 6.62905286219484e-11]
[0.0, 854164.3078821866, 5.4652526136618995, 0.00014901141734213752, 0.11031119783140153, 0.0, 0.00012727566263492918, 0.5338578072101579, 0.19551577264596226, 6.62905286219484e-11]
[0.0, 854164.3078821866, 5.4652526136618995, 0.00014901141734213752, 0.11031119783140153, 0.0, 0.00012727566263492918, 0.5338578072101579, 0.19551577264596226, 6.62905286219484e-11]
[0.0, 854164.3078821866, 5.4652526136618995, 0.00014901141734213752, 0.11031119783140153, 0.0, 0.00012727566263492918, 0.5338578072101579, 0.19551577264596226, 6.62905286219484e-11]
[0.0, 854164.3078821866, 5.4652526136618995, 0.00014901141734213752, 0.11031119783140153, 0.0, 0.00012727566263492918, 0.5338578072101579, 0.19551577264596226, 6.62905286219484e-11]
[0.0, 854164.3078821866, 5.4652526136618995, 0.00014901141734213752, 0.11031119783140153, 0.0, 0.00012727566263492918, 0.5338578072101579, 0.19551577264596226, 6.62905286219484e-11]
[0.0, 854164.3078821866, 5.4652526136618995, 0.00014901141734213752, 0.11031119783140153, 0.0, 0.00012727566263492918, 0.5338578072101579, 0.19551577264596226, 6.62905286219484e-11]
[0.0, 854164.3078821866, 5.4652526136618995, 0.00014901141734213752, 0.11031119783140153, 0.0, 0.00012727566263492918, 0.5338578072101579, 0.19551577264596226, 6.62905286219484e-11]
[0.0, 854164.3078821866, 5.4652526136618995, 0.00014901141734213752, 0.11031119783140153, 0.0, 0.00012727566263492918, 0.5338578072101579, 0.19551577264596226, 6.62905286219484e-11]
[0.0, 854164.3078821866, 5.4652526136618995, 0.00014901141734213752, 0.11031119783140153, 0.0, 0.00012727566263492918, 0.5338578072101579, 0.19551577264596226, 6.62905286219484e-11]
[0.0, 854164.3078821866, 5.4652526136618995, 0.00014901141734213752, 0.11031119783140153, 0.0, 0.00012727566263492918, 0.5338578072101579, 0.19551577264596226, 6.62905286219484e-11]
[0.0, 854164.3078821866, 5.4652526136618995, 0.00014901141734213752, 0.11031119783140153, 0.0, 0.00012727566263492918, 0.5338578072101579, 0.19551577264596226, 6.62905286219484e-11]
[0.0, 854164.3078821866, 5.4652526136618995, 0.00014901141734213752, 0.11031119783140153, 0.0, 0.00012727566263492918, 0.5338578072101579, 0.19551577264596226, 6.62905286219484e-11]
[0.0, 854164.3078821866, 5.4652526136618995, 0.00014901141734213752, 0.11031119783140153, 0.0, 0.00012727566263492918, 0.5338578072101579, 0.19551577264596226, 6.62905286219484e-11]
[0.0, 854164.3078821866, 5.4652526136618995, 0.00014901141734213752, 0.11031119783140153, 0.0, 0.00012727566263492918, 0.5338578072101579, 0.19551577264596226, 6.62905286219484e-11]
[0.0, 854164.3078821866, 5.4652526136618995, 0.00014901141734213752, 0.11031119783140153, 0.0, 0.00012727566263492918, 0.5338578072101579, 0.19551577264596226, 6.62905286219484e-11]
[0.0, 854164.3078821866, 5.4652526136618995, 0.00014901141734213752, 0.11031119783140153, 0.0, 0.00012727566263492918, 0.5338578072101579, 0.19551577264596226, 6.62905286219484e-11]
[0.0, 854164.3078821866, 5.4652526136618995, 0.00014901141734213752, 0.11031119783140153, 0.0, 0.00012727566263492918, 0.5338578072101579, 0.19551577264596226, 6.62905286219484e-11]
[0.0, 854164.3078821866, 5.4652526136618995, 0.00014901141734213752, 0.11031119783140153, 0.0, 0.00012727566263492918, 0.5338578072101579, 0.19551577264596226, 6.62905286219484e-11]
[0.0, 854164.3078821866, 5.4652526136618995, 0.00014901141734213752, 0.11031119783140153, 0.0, 0.00012727566263492918, 0.5338578072101579, 0.19551577264596226, 6.62905286219484e-11]
[0.0, 854164.3078821866, 5.4652526136618995, 0.00014901141734213752, 0.11031119783140153, 0.0, 0.00012727566263492918, 0.5338578072101579, 0.19551577264596226, 6.62905286219484e-11]
[0.0, 854164.3078821866, 5.4652526136618995, 0.00014901141734213752, 0.11031119783140153, 0.0, 0.00012727566263492918, 0.5338578072101579, 0.19551577264596226, 6.62905286219484e-11]
[0.0, 854164.3078821866, 5.4652526136618995, 0.00014901141734213752, 0.11031119783140153, 0.0, 0.00012727566263492918, 0.5338578072101579, 0.19551577264596226, 6.62905286219484e-11]
[0.0, 854164.3078821866, 5.4652526136618995, 0.00014901141734213752, 0.11031119783140153, 0.0, 0.00012727566263492918, 0.5338578072101579, 0.19551577264596226, 6.62905286219484e-11]
[0.0, 854164.3078821866, 5.4652526136618995, 0.00014901141734213752, 0.11031119783140153, 0.0, 0.00012727566263492918, 0.5338578072101579, 0.19551577264596226, 6.62905286219484e-11]
[0.0, 854164.3078821866, 5.4652526136618995, 0.00014901141734213752, 0.11031119783140153, 0.0, 0.00012727566263492918, 0.5338578072101579, 0.19551577264596226, 6.62905286219484e-11]
[0.0, 854164.3078821866, 5.4652526136618995, 0.00014901141734213752, 0.11031119783140153, 0.0, 0.00012727566263492918, 0.5338578072101579, 0.19551577264596226, 6.62905286219484e-11]
[0.0, 854164.3078821866, 5.4652526136618995, 0.00014901141734213752, 0.11031119783140153, 0.0, 0.00012727566263492918, 0.5338578072101579, 0.19551577264596226, 6.62905286219484e-11]
[0.0, 854164.3078821866, 5.4652526136618995, 0.00014901141734213752, 0.11031119783140153, 0.0, 0.00012727566263492918, 0.5338578072101579, 0.19551577264596226, 6.62905286219484e-11]
[0.0, 854164.3078821866, 5.4652526136618995, 0.00014901141734213752, 0.11031119783140153, 0.0, 0.00012727566263492918, 0.5338578072101579, 0.19551577264596226, 6.62905286219484e-11]
[0.0, 854164.3078821866, 5.4652526136618995, 0.00014901141734213752, 0.11031119783140153, 0.0, 0.00012727566263492918, 0.5338578072101579, 0.19551577264596226, 6.340217240108359e-11]
[0.0, 854164.3078821866, 5.4652526136618995, 0.00014901141734213752, 0.11031119783140153, 0.0, 0.00012727566263492918, 0.5338578072101579, 0.19551577264596226, 6.340217240108359e-11]
[0.0, 854164.3078821866, 5.4652526136618995, 0.00014901141734213752, 0.11031119783140153, 0.0, 0.00012727566263492918, 0.5338578072101579, 0.19551577264596226, 6.340217240108359e-11]
[0.0, 854164.3078821866, 5.4652526136618995, 0.00014901141734213752, 0.11031119783140153, 0.0, 0.00012727566263492918, 0.5338578072101579, 0.19551577264596226, 6.340217240108359e-11]
[0.0, 854164.3078821866, 5.4652526136618995, 0.00014901141734213752, 0.11031119783140153, 0.0, 0.00012727566263492918, 0.5338578072101579, 0.19551577264596226, 6.340217240108359e-11]
[0.0, 854164.3078821866, 5.4652526136618995, 0.00014901141734213752, 0.11031119783140153, 0.0, 0.00012727566263492918, 0.5338578072101579, 0.19551577264596226, 6.340217240108359e-11]
[0.0, 854164.3078821866, 5.4652526136618995, 0.00014901141734213752, 0.11031119783140153, 0.0, 0.00012727566263492918, 0.5338578072101579, 0.19551577264596226, 6.340217240108359e-11]
[0.0, 854164.3078821866, 5.4652526136618995, 0.00014901141734213752, 0.11031119783140153, 0.0, 0.00012727566263492918, 0.5338578072101579, 0.19551577264596226, 6.340217240108359e-11]
[0.0, 854164.3078821866, 5.4652526136618995, 0.00014901141734213752, 0.11031119783140153, 0.0, 0.00012727566263492918, 0.5338578072101579, 0.19551577264596226, 6.340217240108359e-11]
[0.0, 854164.3078821866, 5.4652526136618995, 0.00014780022860527708, 0.11031119783140153, 0.0, 0.00012727566263492918, 0.5338578072101579, 0.19551577264596226, 6.340217240108359e-11]
[0.0, 854164.3078821866, 5.4652526136618995, 0.00014780022860527708, 0.11031119783140153, 0.0, 0.00012727566263492918, 0.5338578072101579, 0.19551577264596226, 6.340217240108359e-11]
[0.0, 854164.3078821866, 5.4652526136618995, 0.00014780022860527708, 0.11031119783140153, 0.0, 0.00012727566263492918, 0.5338578072101579, 0.19551577264596226, 6.340217240108359e-11]
[0.0, 854164.3078821866, 5.4652526136618995, 0.00014780022860527708, 0.11031119783140153, 0.0, 0.00012727566263492918, 0.5338578072101579, 0.19551577264596226, 6.340217240108359e-11]
[0.0, 854164.3078821866, 5.4652526136618995, 0.00014780022860527708, 0.11031119783140153, 0.0, 0.00012727566263492918, 0.5338578072101579, 0.19551577264596226, 6.340217240108359e-11]
[0.0, 854164.3078821866, 5.4652526136618995, 0.00014780022860527708, 0.11031119783140153, 0.0, 0.00012727566263492918, 0.5338578072101579, 0.19551577264596226, 6.340217240108359e-11]
[0.0, 854164.3078821866, 5.4652526136618995, 0.00014780022860527708, 0.11031119783140153, 0.0, 0.00012727566263492918, 0.5338578072101579, 0.19551577264596226, 6.340217240108359e-11]
[0.0, 854164.3078821866, 5.4652526136618995, 0.00014780022860527708, 0.11031119783140153, 0.0, 0.00012727566263492918, 0.5338578072101579, 0.19551577264596226, 6.340217240108359e-11]
[0.0, 854164.3078821866, 5.4652526136618995, 0.00014780022860527708, 0.11031119783140153, 0.0, 0.00012727566263492918, 0.5338578072101579, 0.19551577264596226, 6.340217240108359e-11]
[0.0, 854164.3078821866, 5.4652526136618995, 0.00014780022860527708, 0.11031119783140153, 0.0, 0.00012727566263492918, 0.5338578072101579, 0.19551577264596226, 6.340217240108359e-11]
[0.0, 854164.3078821866, 5.4652526136618995, 0.00014780022860527708, 0.11031119783140153, 0.0, 0.00012727566263492918, 0.5338578072101579, 0.19551577264596226, 6.340217240108359e-11]
[0.0, 854164.3078821866, 5.4652526136618995, 8.1227680546192e-05, 0.11031119783140153, 0.0, 0.00012727566263492918, 0.5338578072101579, 0.19551577264596226, 6.340217240108359e-11]
[0.0, 854164.3078821866, 5.4652526136618995, 8.1227680546192e-05, 0.11031119783140153, 0.0, 0.00012727566263492918, 0.5338578072101579, 0.19551577264596226, 6.340217240108359e-11]
[0.0, 854164.3078821866, 5.4652526136618995, 8.1227680546192e-05, 0.11031119783140153, 0.0, 0.00012727566263492918, 0.5338578072101579, 0.19551577264596226, 6.340217240108359e-11]
[0.0, 854164.3078821866, 5.4652526136618995, 8.1227680546192e-05, 0.11031119783140153, 0.0, 0.00012727566263492918, 0.5338578072101579, 0.19551577264596226, 6.340217240108359e-11]
[0.0, 854164.3078821866, 5.4652526136618995, 8.1227680546192e-05, 0.11031119783140153, 0.0, 0.00012727566263492918, 0.5338578072101579, 0.19551577264596226, 6.340217240108359e-11]
[0.0, 854164.3078821866, 5.4652526136618995, 8.1227680546192e-05, 0.11031119783140153, 0.0, 0.00012727566263492918, 0.5338578072101579, 0.19551577264596226, 6.340217240108359e-11]
[0.0, 854164.3078821866, 5.4652526136618995, 8.1227680546192e-05, 0.11031119783140153, 0.0, 0.00012727566263492918, 0.5338578072101579, 0.19551577264596226, 6.340217240108359e-11]
[0.0, 854164.3078821866, 5.4652526136618995, 8.1227680546192e-05, 0.11031119783140153, 0.0, 0.00012727566263492918, 0.5338578072101579, 0.19551577264596226, 6.340217240108359e-11]
[0.0, 854164.3078821866, 5.4652526136618995, 8.1227680546192e-05, 0.11031119783140153, 0.0, 0.00012727566263492918, 0.5338578072101579, 0.19551577264596226, 6.340217240108359e-11]
[0.0, 854164.3078821866, 5.4652526136618995, 8.1227680546192e-05, 0.11031119783140153, 0.0, 0.00012727566263492918, 0.5338578072101579, 0.19551577264596226, 6.340217240108359e-11]
[0.0, 854164.3078821866, 5.4652526136618995, 8.1227680546192e-05, 0.11031119783140153, 0.0, 0.00012727566263492918, 0.5338578072101579, 0.19551577264596226, 6.340217240108359e-11]
[0.0, 854164.3078821866, 5.4652526136618995, 8.1227680546192e-05, 0.11031119783140153, 0.0, 0.00012727566263492918, 0.5338578072101579, 0.19551577264596226, 6.340217240108359e-11]
[0.0, 854164.3078821866, 5.4652526136618995, 8.1227680546192e-05, 0.11031119783140153, 0.0, 0.00012727566263492918, 0.5338578072101579, 0.19551577264596226, 6.340217240108359e-11]
[0.0, 854164.3078821866, 5.4652526136618995, 8.1227680546192e-05, 0.11031119783140153, 0.0, 0.00012727566263492918, 0.5338578072101579, 0.19551577264596226, 6.340217240108359e-11]
[0.0, 854164.3078821866, 5.4652526136618995, 8.1227680546192e-05, 0.11031119783140153, 0.0, 0.00012727566263492918, 0.5338578072101579, 0.19551577264596226, 6.340217240108359e-11]
[0.0, 854164.3078821866, 5.4652526136618995, 8.1227680546192e-05, 0.11031119783140153, 0.0, 0.00012727566263492918, 0.5338578072101579, 0.19551577264596226, 6.340217240108359e-11]
[0.0, 854164.3078821866, 5.4652526136618995, 8.1227680546192e-05, 0.11031119783140153, 0.0, 0.00012727566263492918, 0.5338578072101579, 0.19551577264596226, 6.340217240108359e-11]
[0.0, 854164.3078821866, 5.4652526136618995, 8.1227680546192e-05, 0.11031119783140153, 0.0, 0.00012727566263492918, 0.5338578072101579, 0.19551577264596226, 6.047118361607318e-11]
[0.0, 854164.3078821866, 5.4652526136618995, 8.1227680546192e-05, 0.11031119783140153, 0.0, 0.00012727566263492918, 0.5338578072101579, 0.19551577264596226, 6.047118361607318e-11]
[0.0, 854164.3078821866, 5.4652526136618995, 8.1227680546192e-05, 0.11031119783140153, 0.0, 0.00012727566263492918, 0.5338578072101579, 0.19551577264596226, 6.047118361607318e-11]
[0.0, 854164.3078821866, 5.4652526136618995, 8.1227680546192e-05, 0.11031119783140153, 0.0, 0.00012727566263492918, 0.5338578072101579, 0.19551577264596226, 5.85100856653753e-11]
[0.0, 854164.3078821866, 5.4652526136618995, 8.1227680546192e-05, 0.11031119783140153, 0.0, 0.00012727566263492918, 0.5338578072101579, 0.19551577264596226, 5.85100856653753e-11]
[0.0, 854164.3078821866, 5.4652526136618995, 4.6134460079727546e-05, 0.11031119783140153, 0.0, 0.00012727566263492918, 0.5338578072101579, 0.19551577264596226, 5.85100856653753e-11]
[0.0, 854164.3078821866, 5.4652526136618995, 4.6134460079727546e-05, 0.11031119783140153, 0.0, 0.00012727566263492918, 0.5338578072101579, 0.19551577264596226, 5.85100856653753e-11]
[0.0, 854164.3078821866, 5.4652526136618995, 4.6134460079727546e-05, 0.11031119783140153, 0.0, 0.00012727566263492918, 0.5338578072101579, 0.19551577264596226, 5.85100856653753e-11]
[0.0, 854164.3078821866, 5.4652526136618995, 4.6134460079727546e-05, 0.11031119783140153, 0.0, 0.00012727566263492918, 0.5338578072101579, 0.19551577264596226, 5.7632565386711576e-11]
[0.0, 854164.3078821866, 5.4652526136618995, 4.6134460079727546e-05, 0.11031119783140153, 0.0, 0.00012727566263492918, 0.5338578072101579, 0.19551577264596226, 5.7632565386711576e-11]
[0.0, 854164.3078821866, 5.4652526136618995, 4.6134460079727546e-05, 0.11031119783140153, 0.0, 0.00012727566263492918, 0.5338578072101579, 0.19551577264596226, 5.610134579114856e-11]
[0.0, 854164.3078821866, 5.4652526136618995, 4.6134460079727546e-05, 0.11031119783140153, 0.0, 0.00012727566263492918, 0.5338578072101579, 0.19551577264596226, 5.610134579114856e-11]
[0.0, 854164.3078821866, 5.4652526136618995, 4.6134460079727546e-05, 0.11031119783140153, 0.0, 0.00012727566263492918, 0.5338578072101579, 0.19551577264596226, 5.610134579114856e-11]
[0.0, 854164.3078821866, 5.4652526136618995, 4.6134460079727546e-05, 0.11031119783140153, 0.0, 0.00012727566263492918, 0.5338578072101579, 0.19551577264596226, 5.610134579114856e-11]
[0.0, 854164.3078821866, 5.4652526136618995, 4.6134460079727546e-05, 0.11031119783140153, 0.0, 0.00012727566263492918, 0.5338578072101579, 0.19551577264596226, 5.610134579114856e-11]
[0.0, 854164.3078821866, 5.4652526136618995, 4.6134460079727546e-05, 0.11031119783140153, 0.0, 0.00012727566263492918, 0.5338578072101579, 0.19551577264596226, 5.502487354647201e-11]
[0.0, 854164.3078821866, 5.4652526136618995, 4.6134460079727546e-05, 0.11031119783140153, 0.0, 0.00012727566263492918, 0.5338578072101579, 0.19551577264596226, 5.502487354647201e-11]
[0.0, 854164.3078821866, 5.4652526136618995, 4.6134460079727546e-05, 0.11031119783140153, 0.0, 0.00012727566263492918, 0.5338578072101579, 0.19551577264596226, 5.502487354647201e-11]
[0.0, 854164.3078821866, 5.4652526136618995, 4.6134460079727546e-05, 0.11031119783140153, 0.0, 0.00012727566263492918, 0.5338578072101579, 0.19551577264596226, 5.502487354647201e-11]
[0.0, 854164.3078821866, 5.4652526136618995, 4.6134460079727546e-05, 0.11031119783140153, 0.0, 0.00012727566263492918, 0.5338578072101579, 0.19551577264596226, 5.502487354647201e-11]
[0.0, 854164.3078821866, 5.4652526136618995, 4.6134460079727546e-05, 0.11031119783140153, 0.0, 0.00012727566263492918, 0.5338578072101579, 0.19551577264596226, 5.502487354647201e-11]
[0.0, 854164.3078821866, 5.4652526136618995, 4.6134460079727546e-05, 0.11031119783140153, 0.0, 0.00012727566263492918, 0.5338578072101579, 0.19551577264596226, 5.502487354647201e-11]
[0.0, 854164.3078821866, 5.4652526136618995, 4.6134460079727546e-05, 0.11031119783140153, 0.0, 0.00012727566263492918, 0.5338578072101579, 0.19551577264596226, 5.502487354647201e-11]
[0.0, 854164.3078821866, 5.4652526136618995, 4.6134460079727546e-05, 0.11031119783140153, 0.0, 0.00012727566263492918, 0.5338578072101579, 0.19551577264596226, 5.502487354647201e-11]
[0.0, 854164.3078821866, 5.4652526136618995, 4.6134460079727546e-05, 0.11031119783140153, 0.0, 0.00012727566263492918, 0.5338578072101579, 0.19551577264596226, 5.502487354647201e-11]
[0.0, 854164.3078821866, 5.4652526136618995, 4.6134460079727546e-05, 0.11031119783140153, 0.0, 0.00012727566263492918, 0.5338578072101579, 0.19551577264596226, 5.502487354647201e-11]
[0.0, 854164.3078821866, 5.4652526136618995, 4.6134460079727546e-05, 0.11031119783140153, 0.0, 0.00012727566263492918, 0.5338578072101579, 0.19551577264596226, 5.502487354647201e-11]
[0.0, 854164.3078821866, 5.4652526136618995, 4.6134460079727546e-05, 0.11031119783140153, 0.0, 0.00012727566263492918, 0.5338578072101579, 0.19551577264596226, 5.502487354647201e-11]
[0.0, 854164.3078821866, 5.4652526136618995, 4.6134460079727546e-05, 0.11031119783140153, 0.0, 0.00012727566263492918, 0.5338578072101579, 0.19551577264596226, 5.502487354647201e-11]
[0.0, 854164.3078821866, 5.4652526136618995, 4.6134460079727546e-05, 0.11031119783140153, 0.0, 0.00012727566263492918, 0.5338578072101579, 0.19551577264596226, 5.502487354647201e-11]
[0.0, 854164.3078821866, 5.4652526136618995, 4.6134460079727546e-05, 0.11031119783140153, 0.0, 0.00012727566263492918, 0.5338578072101579, 0.19551577264596226, 5.502487354647201e-11]
[0.0, 854164.3078821866, 5.4652526136618995, 4.6134460079727546e-05, 0.11031119783140153, 0.0, 0.00012727566263492918, 0.5338578072101579, 0.19551577264596226, 5.1322945893161886e-11]
[0.0, 854164.3078821866, 5.4652526136618995, 4.6134460079727546e-05, 0.11031119783140153, 0.0, 0.00012727566263492918, 0.5338578072101579, 0.19551577264596226, 5.1322945893161886e-11]
[0.0, 854164.3078821866, 5.4652526136618995, 4.6134460079727546e-05, 0.11031119783140153, 0.0, 0.00012727566263492918, 0.5338578072101579, 0.19551577264596226, 5.1322945893161886e-11]
[0.0, 854164.3078821866, 5.4652526136618995, 4.6134460079727546e-05, 0.11031119783140153, 0.0, 0.00012727566263492918, 0.5338578072101579, 0.19551577264596226, 5.1322945893161886e-11]
[0.0, 854164.3078821866, 5.4652526136618995, 4.6134460079727546e-05, 0.11031119783140153, 0.0, 0.00012727566263492918, 0.5338578072101579, 0.19551577264596226, 5.1322945893161886e-11]
[0.0, 854164.3078821866, 5.4652526136618995, 4.6134460079727546e-05, 0.11031119783140153, 0.0, 0.00012727566263492918, 0.5338578072101579, 0.19551577264596226, 5.1322945893161886e-11]
[0.0, 854164.3078821866, 5.4652526136618995, 4.47453349288196e-05, 0.11031119783140153, 0.0, 0.00012727566263492918, 0.5338578072101579, 0.19551577264596226, 5.1322945893161886e-11]
[0.0, 854164.3078821866, 5.4652526136618995, 4.47453349288196e-05, 0.11031119783140153, 0.0, 0.00012727566263492918, 0.5338578072101579, 0.19551577264596226, 5.1322945893161886e-11]
[0.0, 854164.3078821866, 5.4652526136618995, 4.47453349288196e-05, 0.11031119783140153, 0.0, 0.00012727566263492918, 0.5338578072101579, 0.19551577264596226, 5.1322945893161886e-11]
[0.0, 854164.3078821866, 5.4652526136618995, 4.47453349288196e-05, 0.11031119783140153, 0.0, 0.00012727566263492918, 0.5338578072101579, 0.19551577264596226, 5.1322945893161886e-11]
[0.0, 854164.3078821866, 5.4652526136618995, 4.47453349288196e-05, 0.11031119783140153, 0.0, 0.00012727566263492918, 0.5338578072101579, 0.19551577264596226, 4.477174186945376e-11]
[0.0, 854164.3078821866, 5.4652526136618995, 4.47453349288196e-05, 0.11031119783140153, 0.0, 0.00012727566263492918, 0.5338578072101579, 0.19551577264596226, 4.477174186945376e-11]
[0.0, 854164.3078821866, 5.4652526136618995, 4.47453349288196e-05, 0.11031119783140153, 0.0, 0.00012727566263492918, 0.5338578072101579, 0.19551577264596226, 4.477174186945376e-11]
[0.0, 854164.3078821866, 5.4652526136618995, 4.47453349288196e-05, 0.11031119783140153, 0.0, 0.00012727566263492918, 0.5338578072101579, 0.19551577264596226, 4.477174186945376e-11]
[0.0, 854164.3078821866, 5.4652526136618995, 4.47453349288196e-05, 0.11031119783140153, 0.0, 0.00012727566263492918, 0.5338578072101579, 0.19551577264596226, 4.477174186945376e-11]
[0.0, 854164.3078821866, 5.4652526136618995, 4.47453349288196e-05, 0.11031119783140153, 0.0, 0.00012727566263492918, 0.5338578072101579, 0.19551577264596226, 4.477174186945376e-11]
[0.0, 854164.3078821866, 5.4652526136618995, 4.47453349288196e-05, 0.11031119783140153, 0.0, 0.00012727566263492918, 0.5338578072101579, 0.19551577264596226, 4.477174186945376e-11]
[0.0, 854164.3078821866, 5.4652526136618995, 4.47453349288196e-05, 0.11031119783140153, 0.0, 0.00012727566263492918, 0.5338578072101579, 0.19551577264596226, 4.477174186945376e-11]
[0.0, 854164.3078821866, 5.4652526136618995, 4.47453349288196e-05, 0.11031119783140153, 0.0, 0.00012727566263492918, 0.5338578072101579, 0.19551577264596226, 4.477174186945376e-11]
[0.0, 854164.3078821866, 5.4652526136618995, 4.47453349288196e-05, 0.11031119783140153, 0.0, 0.00012727566263492918, 0.5338578072101579, 0.19551577264596226, 4.477174186945376e-11]
[0.0, 854164.3078821866, 5.4652526136618995, 4.47453349288196e-05, 0.11031119783140153, 0.0, 0.00012727566263492918, 0.5338578072101579, 0.19551577264596226, 4.477174186945376e-11]
[0.0, 854164.3078821866, 5.4652526136618995, 4.47453349288196e-05, 0.11031119783140153, 0.0, 0.00012727566263492918, 0.5338578072101579, 0.19551577264596226, 4.477174186945376e-11]
[0.0, 854164.3078821866, 5.4652526136618995, 4.47453349288196e-05, 0.11031119783140153, 0.0, 0.00012727566263492918, 0.5338578072101579, 0.19551577264596226, 4.477174186945376e-11]
[0.0, 854164.3078821866, 5.4652526136618995, 4.47453349288196e-05, 0.11031119783140153, 0.0, 0.00012727566263492918, 0.5338578072101579, 0.19551577264596226, 4.477174186945376e-11]
[0.0, 854164.3078821866, 5.4652526136618995, 4.47453349288196e-05, 0.11031119783140153, 0.0, 0.00012727566263492918, 0.5338578072101579, 0.19551577264596226, 4.477174186945376e-11]
[0.0, 854164.3078821866, 5.4652526136618995, 4.47453349288196e-05, 0.11031119783140153, 0.0, 0.00012727566263492918, 0.5338578072101579, 0.19551577264596226, 4.477174186945376e-11]
[0.0, 854164.3078821866, 5.4652526136618995, 4.47453349288196e-05, 0.11031119783140153, 0.0, 0.00012727566263492918, 0.5338578072101579, 0.19551577264596226, 4.459410618551374e-11]
[0.0, 854164.3078821866, 5.4652526136618995, 4.47453349288196e-05, 0.11031119783140153, 0.0, 0.00012727566263492918, 0.5338578072101579, 0.19551577264596226, 4.0472958318105157e-11]
[0.0, 854164.3078821866, 5.4652526136618995, 4.47453349288196e-05, 0.11031119783140153, 0.0, 0.00012727566263492918, 0.5338578072101579, 0.19551577264596226, 4.0472958318105157e-11]
[0.0, 854164.3078821866, 5.4652526136618995, 4.47453349288196e-05, 0.11031119783140153, 0.0, 0.00012727566263492918, 0.5338578072101579, 0.19551577264596226, 4.0472958318105157e-11]
[0.0, 854164.3078821866, 5.4652526136618995, 4.47453349288196e-05, 0.11031119783140153, 0.0, 0.00012727566263492918, 0.5338578072101579, 0.19551577264596226, 4.0472958318105157e-11]
[0.0, 854164.3078821866, 5.4652526136618995, 4.47453349288196e-05, 0.11031119783140153, 0.0, 0.00012727566263492918, 0.5338578072101579, 0.19551577264596226, 4.0472958318105157e-11]
[0.0, 854164.3078821866, 5.4652526136618995, 3.503355927314544e-05, 0.11031119783140153, 0.0, 0.00012727566263492918, 0.5338578072101579, 0.19551577264596226, 4.0472958318105157e-11]
[0.0, 854164.3078821866, 5.4652526136618995, 3.503355927314544e-05, 0.11031119783140153, 0.0, 0.00012727566263492918, 0.5338578072101579, 0.19551577264596226, 4.0472958318105157e-11]
[0.0, 854164.3078821866, 5.4652526136618995, 3.503355927314544e-05, 0.11031119783140153, 0.0, 0.00012727566263492918, 0.5338578072101579, 0.19551577264596226, 4.0472958318105157e-11]
[0.0, 854164.3078821866, 5.4652526136618995, 3.503355927314544e-05, 0.11031119783140153, 0.0, 0.00012727566263492918, 0.5338578072101579, 0.19551577264596226, 4.0472958318105157e-11]
[0.0, 854164.3078821866, 5.4652526136618995, 3.503355927314544e-05, 0.11031119783140153, 0.0, 0.00012727566263492918, 0.5338578072101579, 0.19551577264596226, 4.0472958318105157e-11]
[0.0, 854164.3078821866, 5.4652526136618995, 3.503355927314544e-05, 0.11031119783140153, 0.0, 0.00012727566263492918, 0.5338578072101579, 0.19551577264596226, 4.0472958318105157e-11]
[0.0, 854164.3078821866, 5.4652526136618995, 3.503355927314544e-05, 0.11031119783140153, 0.0, 0.00012727566263492918, 0.5338578072101579, 0.19551577264596226, 4.0472958318105157e-11]
[0.0, 854164.3078821866, 5.4652526136618995, 3.503355927314544e-05, 0.11031119783140153, 0.0, 0.00012727566263492918, 0.5338578072101579, 0.19551577264596226, 3.6710634532255426e-11]
[0.0, 854164.3078821866, 5.4652526136618995, 3.503355927314544e-05, 0.11031119783140153, 0.0, 0.00012727566263492918, 0.5338578072101579, 0.19551577264596226, 3.6710634532255426e-11]
[0.0, 854164.3078821866, 5.4652526136618995, 3.503355927314544e-05, 0.11031119783140153, 0.0, 0.00012727566263492918, 0.5338578072101579, 0.19551577264596226, 3.6710634532255426e-11]
[0.0, 854164.3078821866, 5.4652526136618995, 3.1736257540160295e-05, 0.11031119783140153, 0.0, 0.00012727566263492918, 0.5338578072101579, 0.19551577264596226, 3.6710634532255426e-11]
[0.0, 854164.3078821866, 5.4652526136618995, 3.1736257540160295e-05, 0.11031119783140153, 0.0, 0.00012727566263492918, 0.5338578072101579, 0.19551577264596226, 3.6710634532255426e-11]
[0.0, 854164.3078821866, 5.4652526136618995, 3.1736257540160295e-05, 0.11031119783140153, 0.0, 0.00012727566263492918, 0.5338578072101579, 0.19551577264596226, 3.6710634532255426e-11]
[0.0, 854164.3078821866, 5.4652526136618995, 3.1736257540160295e-05, 0.11031119783140153, 0.0, 0.00012727566263492918, 0.5338578072101579, 0.19551577264596226, 3.6710634532255426e-11]
[0.0, 854164.3078821866, 5.4652526136618995, 3.1736257540160295e-05, 0.07398087226918704, 0.0, 0.00012727566263492918, 0.5338578072101579, 0.19551577264596226, 3.6710634532255426e-11]
[0.0, 854164.3078821866, 5.4652526136618995, 3.1736257540160295e-05, 0.07398087226918704, 0.0, 0.00012727566263492918, 0.5338578072101579, 0.19551577264596226, 3.6710634532255426e-11]
[0.0, 854164.3078821866, 5.4652526136618995, 3.1736257540160295e-05, 0.07398087226918704, 0.0, 0.00012727566263492918, 0.5338578072101579, 0.19551577264596226, 3.6710634532255426e-11]
[0.0, 854164.3078821866, 5.4652526136618995, 3.1736257540160295e-05, 0.07398087226918704, 0.0, 0.00012727566263492918, 0.5338578072101579, 0.19551577264596226, 3.516520408197721e-11]
[0.0, 854164.3078821866, 5.4652526136618995, 3.1736257540160295e-05, 0.07398087226918704, 0.0, 0.00012727566263492918, 0.5338578072101579, 0.19551577264596226, 3.516520408197721e-11]
[0.0, 854164.3078821866, 5.4652526136618995, 3.1736257540160295e-05, 0.07398087226918704, 0.0, 0.00012727566263492918, 0.5338578072101579, 0.19551577264596226, 3.516520408197721e-11]
[0.0, 854164.3078821866, 5.4652526136618995, 3.1736257540160295e-05, 0.07398087226918704, 0.0, 0.00012727566263492918, 0.5338578072101579, 0.19551577264596226, 3.516520408197721e-11]
[0.0, 854164.3078821866, 5.4652526136618995, 3.1736257540160295e-05, 0.07398087226918704, 0.0, 0.00012727566263492918, 0.5338578072101579, 0.19551577264596226, 3.516520408197721e-11]
[0.0, 854164.3078821866, 5.4652526136618995, 3.1736257540160295e-05, 0.07398087226918704, 0.0, 0.00012727566263492918, 0.5338578072101579, 0.19551577264596226, 3.516520408197721e-11]
[0.0, 854164.3078821866, 5.4652526136618995, 3.1736257540160295e-05, 0.07398087226918704, 0.0, 0.00012727566263492918, 0.5338578072101579, 0.19551577264596226, 3.516520408197721e-11]
[0.0, 854164.3078821866, 5.4652526136618995, 3.1736257540160295e-05, 0.07398087226918704, 0.0, 0.00012727566263492918, 0.5338578072101579, 0.19551577264596226, 3.516520408197721e-11]
[0.0, 854164.3078821866, 5.4652526136618995, 3.1736257540160295e-05, 0.07398087226918704, 0.0, 0.00012727566263492918, 0.5338578072101579, 0.19551577264596226, 3.516520408197721e-11]
[0.0, 854164.3078821866, 5.4652526136618995, 3.1736257540160295e-05, 0.07398087226918704, 0.0, 0.00012727566263492918, 0.5338578072101579, 0.19551577264596226, 3.516520408197721e-11]
[0.0, 854164.3078821866, 5.4652526136618995, 3.1736257540160295e-05, 0.07398087226918704, 0.0, 0.00012727566263492918, 0.5338578072101579, 0.19551577264596226, 3.516520408197721e-11]
[0.0, 854164.3078821866, 5.4652526136618995, 3.1736257540160295e-05, 0.07398087226918704, 0.0, 0.00012727566263492918, 0.5338578072101579, 0.19551577264596226, 3.516520408197721e-11]
[0.0, 854164.3078821866, 5.4652526136618995, 3.1736257540160295e-05, 0.07398087226918704, 0.0, 0.00012727566263492918, 0.5338578072101579, 0.19551577264596226, 3.516520408197721e-11]
[0.0, 854164.3078821866, 5.4652526136618995, 3.1736257540160295e-05, 0.07398087226918704, 0.0, 0.00012727566263492918, 0.5338578072101579, 0.19551577264596226, 3.077404997497979e-11]
[0.0, 854164.3078821866, 5.4652526136618995, 3.1736257540160295e-05, 0.07398087226918704, 0.0, 0.00012727566263492918, 0.5338578072101579, 0.19551577264596226, 3.077404997497979e-11]
[0.0, 854164.3078821866, 5.4652526136618995, 2.6382394079149663e-05, 0.07398087226918704, 0.0, 0.00012727566263492918, 0.5338578072101579, 0.19551577264596226, 3.077404997497979e-11]
[0.0, 854164.3078821866, 5.4652526136618995, 2.6382394079149663e-05, 0.07398087226918704, 0.0, 0.00012727566263492918, 0.5338578072101579, 0.19551577264596226, 3.077404997497979e-11]
[0.0, 854164.3078821866, 5.4652526136618995, 2.6382394079149663e-05, 0.07398087226918704, 0.0, 0.00012727566263492918, 0.5338578072101579, 0.19551577264596226, 3.077404997497979e-11]
[0.0, 854164.3078821866, 5.4652526136618995, 2.6382394079149663e-05, 0.07398087226918704, 0.0, 0.00012727566263492918, 0.5338578072101579, 0.19551577264596226, 3.077404997497979e-11]
[0.0, 854164.3078821866, 5.4652526136618995, 2.6382394079149663e-05, 0.07398087226918704, 0.0, 0.00012727566263492918, 0.5338578072101579, 0.19551577264596226, 3.077404997497979e-11]
[0.0, 854164.3078821866, 5.4652526136618995, 1.4172534402945303e-05, 0.07398087226918704, 0.0, 0.00012727566263492918, 0.5338578072101579, 0.19551577264596226, 3.077404997497979e-11]
[0.0, 854164.3078821866, 5.4652526136618995, 1.4172534402945303e-05, 0.07398087226918704, 0.0, 0.00012727566263492918, 0.5338578072101579, 0.19551577264596226, 3.077404997497979e-11]
[0.0, 854164.3078821866, 5.4652526136618995, 1.4172534402945303e-05, 0.07398087226918704, 0.0, 0.00012727566263492918, 0.5338578072101579, 0.19551577264596226, 3.077404997497979e-11]
[0.0, 854164.3078821866, 5.4652526136618995, 1.4172534402945303e-05, 0.07398087226918704, 0.0, 0.00012727566263492918, 0.5338578072101579, 0.19551577264596226, 3.077404997497979e-11]
[0.0, 854164.3078821866, 5.4652526136618995, 1.4172534402945303e-05, 0.07398087226918704, 0.0, 0.00012727566263492918, 0.5338578072101579, 0.19551577264596226, 3.077404997497979e-11]
[0.0, 854164.3078821866, 5.4652526136618995, 1.4172534402945303e-05, 0.07398087226918704, 0.0, 0.00012727566263492918, 0.5338578072101579, 0.19551577264596226, 3.077404997497979e-11]
[0.0, 854164.3078821866, 5.4652526136618995, 1.4172534402945303e-05, 0.07398087226918704, 0.0, 0.00012727566263492918, 0.5338578072101579, 0.19551577264596226, 2.296873802265509e-11]
[0.0, 854164.3078821866, 5.4652526136618995, 1.4172534402945303e-05, 0.07398087226918704, 0.0, 0.00012727566263492918, 0.5338578072101579, 0.19551577264596226, 2.296873802265509e-11]
[0.0, 854164.3078821866, 5.4652526136618995, 1.4172534402945303e-05, 0.07398087226918704, 0.0, 0.00012727566263492918, 0.5338578072101579, 0.19551577264596226, 2.296873802265509e-11]
[0.0, 854164.3078821866, 5.4652526136618995, 1.4172534402945303e-05, 0.07398087226918704, 0.0, 0.00012727566263492918, 0.5338578072101579, 0.19551577264596226, 2.296873802265509e-11]
[0.0, 854164.3078821866, 5.4652526136618995, 1.4172534402945303e-05, 0.07398087226918704, 0.0, 0.00012727566263492918, 0.5338578072101579, 0.19551577264596226, 2.296873802265509e-11]
[0.0, 854164.3078821866, 5.4652526136618995, 1.4172534402945303e-05, 0.07398087226918704, 0.0, 0.00012727566263492918, 0.5338578072101579, 0.19551577264596226, 2.296873802265509e-11]
[0.0, 854164.3078821866, 5.4652526136618995, 1.4172534402945303e-05, 0.07398087226918704, 0.0, 0.00012727566263492918, 0.5338578072101579, 0.19551577264596226, 2.296873802265509e-11]
[0.0, 854164.3078821866, 5.4652526136618995, 1.4172534402945303e-05, 0.07398087226918704, 0.0, 0.00012727566263492918, 0.5338578072101579, 0.19551577264596226, 2.296873802265509e-11]
[0.0, 854164.3078821866, 5.4652526136618995, 1.4172534402945303e-05, 0.07398087226918704, 0.0, 0.00012727566263492918, 0.5338578072101579, 0.19551577264596226, 2.296873802265509e-11]
[0.0, 854164.3078821866, 5.4652526136618995, 1.4172534402945303e-05, 0.07398087226918704, 0.0, 0.00012727566263492918, 0.5338578072101579, 0.19551577264596226, 2.198463633362735e-11]
[0.0, 854164.3078821866, 5.4652526136618995, 1.4172534402945303e-05, 0.07398087226918704, 0.0, 0.00012727566263492918, 0.5338578072101579, 0.19551577264596226, 2.198463633362735e-11]
[0.0, 854164.3078821866, 5.4652526136618995, 1.4172534402945303e-05, 0.07398087226918704, 0.0, 0.00012727566263492918, 0.5338578072101579, 0.19551577264596226, 2.198463633362735e-11]
[0.0, 854164.3078821866, 5.4652526136618995, 1.4172534402945303e-05, 0.07398087226918704, 0.0, 0.00012727566263492918, 0.5338578072101579, 0.19551577264596226, 2.198463633362735e-11]
[0.0, 854164.3078821866, 5.4652526136618995, 1.4172534402945303e-05, 0.07398087226918704, 0.0, 0.00012727566263492918, 0.5338578072101579, 0.19551577264596226, 2.198463633362735e-11]
[0.0, 854164.3078821866, 5.4652526136618995, 1.4172534402945303e-05, 0.07398087226918704, 0.0, 0.00012727566263492918, 0.5338578072101579, 0.19551577264596226, 2.198463633362735e-11]
[0.0, 854164.3078821866, 5.4652526136618995, 1.4172534402945303e-05, 0.07398087226918704, 0.0, 0.00012727566263492918, 0.5338578072101579, 0.19551577264596226, 2.198463633362735e-11]
[0.0, 854164.3078821866, 5.4652526136618995, 1.4172534402945303e-05, 0.07398087226918704, 0.0, 0.00012727566263492918, 0.5338578072101579, 0.19551577264596226, 2.198463633362735e-11]
[0.0, 854164.3078821866, 5.4652526136618995, 1.4172534402945303e-05, 0.07398087226918704, 0.0, 0.00012727566263492918, 0.5338578072101579, 0.19551577264596226, 2.198463633362735e-11]
[0.0, 854164.3078821866, 5.4652526136618995, 1.4172534402945303e-05, 0.07398087226918704, 0.0, 0.00012727566263492918, 0.5338578072101579, 0.19551577264596226, 2.198463633362735e-11]
[0.0, 854164.3078821866, 5.4652526136618995, 1.4172534402945303e-05, 0.07398087226918704, 0.0, 0.00012727566263492918, 0.5338578072101579, 0.19551577264596226, 2.198463633362735e-11]
[0.0, 854164.3078821866, 5.4652526136618995, 1.4172534402945303e-05, 0.07398087226918704, 0.0, 0.00012727566263492918, 0.5338578072101579, 0.19551577264596226, 2.198463633362735e-11]
[0.0, 854164.3078821866, 5.4652526136618995, 1.4172534402945303e-05, 0.07398087226918704, 0.0, 0.00012727566263492918, 0.5338578072101579, 0.19551577264596226, 2.198463633362735e-11]
[0.0, 854164.3078821866, 5.4652526136618995, 1.4172534402945303e-05, 0.07398087226918704, 0.0, 0.00012727566263492918, 0.5338578072101579, 0.19551577264596226, 2.198463633362735e-11]
[0.0, 854164.3078821866, 5.4652526136618995, 1.4172534402945303e-05, 0.07398087226918704, 0.0, 0.00012727566263492918, 0.5338578072101579, 0.19551577264596226, 2.198463633362735e-11]
[0.0, 854164.3078821866, 5.4652526136618995, 1.4172534402945303e-05, 0.07398087226918704, 0.0, 0.00012727566263492918, 0.5338578072101579, 0.19551577264596226, 2.198463633362735e-11]
[0.0, 854164.3078821866, 5.4652526136618995, 1.4172534402945303e-05, 0.07398087226918704, 0.0, 0.00012727566263492918, 0.5338578072101579, 0.19551577264596226, 2.198463633362735e-11]
[0.0, 854164.3078821866, 5.4652526136618995, 1.4172534402945303e-05, 0.07398087226918704, 0.0, 0.00012727566263492918, 0.5338578072101579, 0.19551577264596226, 2.198463633362735e-11]
[0.0, 854164.3078821866, 5.4652526136618995, 1.4172534402945303e-05, 0.07398087226918704, 0.0, 0.00012727566263492918, 0.5338578072101579, 0.19551577264596226, 2.198463633362735e-11]
[0.0, 854164.3078821866, 5.4652526136618995, 1.4172534402945303e-05, 0.07398087226918704, 0.0, 0.00012727566263492918, 0.5338578072101579, 0.19551577264596226, 2.198463633362735e-11]
[0.0, 854164.3078821866, 5.4652526136618995, 1.3770726969397629e-05, 0.07398087226918704, 0.0, 0.00012727566263492918, 0.5338578072101579, 0.19551577264596226, 2.198463633362735e-11]
[0.0, 854164.3078821866, 5.4652526136618995, 1.3770726969397629e-05, 0.07398087226918704, 0.0, 0.00012727566263492918, 0.5338578072101579, 0.19551577264596226, 2.198463633362735e-11]
[0.0, 854164.3078821866, 5.4652526136618995, 1.3190570404830737e-05, 0.07398087226918704, 0.0, 0.00012727566263492918, 0.5338578072101579, 0.19551577264596226, 2.198463633362735e-11]
[0.0, 854164.3078821866, 5.4652526136618995, 1.3190570404830737e-05, 0.07398087226918704, 0.0, 0.00012727566263492918, 0.5338578072101579, 0.19551577264596226, 2.198463633362735e-11]
[0.0, 854164.3078821866, 5.4652526136618995, 1.2344305554634616e-05, 0.07398087226918704, 0.0, 0.00012727566263492918, 0.5338578072101579, 0.19551577264596226, 2.198463633362735e-11]
[0.0, 854164.3078821866, 5.4652526136618995, 1.2344305554634616e-05, 0.07398087226918704, 0.0, 0.00012727566263492918, 0.5338578072101579, 0.19551577264596226, 2.198463633362735e-11]
[0.0, 854164.3078821866, 5.4652526136618995, 1.2344305554634616e-05, 0.07398087226918704, 0.0, 0.00012727566263492918, 0.5338578072101579, 0.19551577264596226, 2.198463633362735e-11]
[0.0, 854164.3078821866, 5.4652526136618995, 1.2344305554634616e-05, 0.07398087226918704, 0.0, 0.00012727566263492918, 0.5338578072101579, 0.19551577264596226, 2.198463633362735e-11]
[0.0, 854164.3078821866, 5.4652526136618995, 1.2344305554634616e-05, 0.07398087226918704, 0.0, 0.00012727566263492918, 0.5338578072101579, 0.19551577264596226, 2.198463633362735e-11]
[0.0, 854164.3078821866, 5.4652526136618995, 1.2344305554634616e-05, 0.07398087226918704, 0.0, 0.00012727566263492918, 0.5338578072101579, 0.19551577264596226, 2.198463633362735e-11]
[0.0, 854164.3078821866, 5.4652526136618995, 1.2344305554634616e-05, 0.07398087226918704, 0.0, 0.00012727566263492918, 0.5338578072101579, 0.19551577264596226, 2.198463633362735e-11]
[0.0, 854164.3078821866, 5.4652526136618995, 1.2344305554634616e-05, 0.07398087226918704, 0.0, 0.00012727566263492918, 0.5338578072101579, 0.19551577264596226, 2.198463633362735e-11]
[0.0, 854164.3078821866, 5.4652526136618995, 1.2344305554634616e-05, 0.07398087226918704, 0.0, 0.00012727566263492918, 0.5338578072101579, 0.19551577264596226, 2.198463633362735e-11]
[0.0, 854164.3078821866, 5.4652526136618995, 1.2344305554634616e-05, 0.07398087226918704, 0.0, 0.00012727566263492918, 0.5338578072101579, 0.19551577264596226, 2.198463633362735e-11]
[0.0, 854164.3078821866, 5.4652526136618995, 1.2344305554634616e-05, 0.07398087226918704, 0.0, 0.00012727566263492918, 0.5338578072101579, 0.19551577264596226, 2.198463633362735e-11]
[0.0, 854164.3078821866, 5.4652526136618995, 1.2344305554634616e-05, 0.07398087226918704, 0.0, 0.00012727566263492918, 0.5338578072101579, 0.19551577264596226, 2.198463633362735e-11]
[0.0, 854164.3078821866, 5.4652526136618995, 1.2344305554634616e-05, 0.07398087226918704, 0.0, 0.00012727566263492918, 0.5338578072101579, 0.19551577264596226, 2.198463633362735e-11]
[0.0, 854164.3078821866, 5.4652526136618995, 1.2344305554634616e-05, 0.07398087226918704, 0.0, 0.00012727566263492918, 0.5338578072101579, 0.19551577264596226, 2.198463633362735e-11]
[0.0, 854164.3078821866, 5.4652526136618995, 1.2344305554634616e-05, 0.07398087226918704, 0.0, 0.00012727566263492918, 0.5338578072101579, 0.19551577264596226, 2.198463633362735e-11]
[0.0, 854164.3078821866, 5.4652526136618995, 1.2344305554634616e-05, 0.07398087226918704, 0.0, 0.00012727566263492918, 0.5338578072101579, 0.19551577264596226, 2.198463633362735e-11]
[0.0, 854164.3078821866, 5.4652526136618995, 1.2344305554634616e-05, 0.07398087226918704, 0.0, 0.00012727566263492918, 0.5338578072101579, 0.19551577264596226, 2.198463633362735e-11]
[0.0, 854164.3078821866, 5.4652526136618995, 1.2344305554634616e-05, 0.07398087226918704, 0.0, 0.00012727566263492918, 0.5338578072101579, 0.19551577264596226, 2.198463633362735e-11]
[0.0, 854164.3078821866, 5.4652526136618995, 1.2344305554634616e-05, 0.07398087226918704, 0.0, 0.00012727566263492918, 0.5338578072101579, 0.19551577264596226, 2.198463633362735e-11]
[0.0, 854164.3078821866, 5.4652526136618995, 1.2344305554634616e-05, 0.07398087226918704, 0.0, 0.00012727566263492918, 0.5338578072101579, 0.19551577264596226, 2.198463633362735e-11]
[0.0, 854164.3078821866, 5.4652526136618995, 1.2344305554634616e-05, 0.07398087226918704, 0.0, 0.00012727566263492918, 0.5338578072101579, 0.19551577264596226, 2.198463633362735e-11]
[0.0, 854164.3078821866, 5.4652526136618995, 1.2344305554634616e-05, 0.07398087226918704, 0.0, 0.00012727566263492918, 0.5338578072101579, 0.19551577264596226, 2.1892265777978537e-11]
[0.0, 854164.3078821866, 5.4652526136618995, 1.2344305554634616e-05, 0.07398087226918704, 0.0, 0.00012727566263492918, 0.5338578072101579, 0.19551577264596226, 2.1892265777978537e-11]
[0.0, 854164.3078821866, 5.4652526136618995, 1.2344305554634616e-05, 0.07398087226918704, 0.0, 0.00012727566263492918, 0.5338578072101579, 0.19551577264596226, 2.1892265777978537e-11]
[0.0, 854164.3078821866, 5.4652526136618995, 9.838580261600782e-06, 0.07398087226918704, 0.0, 0.00012727566263492918, 0.5338578072101579, 0.19551577264596226, 2.1892265777978537e-11]
[0.0, 854164.3078821866, 5.4652526136618995, 5.803709012042191e-06, 0.07398087226918704, 0.0, 0.00012727566263492918, 0.5338578072101579, 0.19551577264596226, 2.1892265777978537e-11]
[0.0, 854164.3078821866, 5.4652526136618995, 3.673087581645973e-06, 0.07398087226918704, 0.0, 0.00012727566263492918, 0.5338578072101579, 0.19551577264596226, 2.1892265777978537e-11]
[0.0, 854164.3078821866, 5.4652526136618995, 3.673087581645973e-06, 0.07398087226918704, 0.0, 0.00012727566263492918, 0.5338578072101579, 0.19551577264596226, 2.1892265777978537e-11]
[0.0, 854164.3078821866, 5.4652526136618995, 3.673087581645973e-06, 0.07398087226918704, 0.0, 0.00012727566263492918, 0.5338578072101579, 0.19551577264596226, 1.900390955711373e-11]
[0.0, 854164.3078821866, 5.4652526136618995, 3.673087581645973e-06, 0.07398087226918704, 0.0, 0.00012727566263492918, 0.5338578072101579, 0.19551577264596226, 1.900390955711373e-11]
[0.0, 854164.3078821866, 5.4652526136618995, 3.673087581645973e-06, 0.07398087226918704, 0.0, 0.00012727566263492918, 0.5338578072101579, 0.19551577264596226, 1.7057022461131055e-11]
[0.0, 854164.3078821866, 5.4652526136618995, 3.673087581645973e-06, 0.07398087226918704, 0.0, 0.00012727566263492918, 0.5338578072101579, 0.19551577264596226, 1.7057022461131055e-11]
[0.0, 854164.3078821866, 5.4652526136618995, 3.673087581645973e-06, 0.07398087226918704, 0.0, 0.00012727566263492918, 0.5338578072101579, 0.19551577264596226, 1.7057022461131055e-11]
[0.0, 854164.3078821866, 5.4652526136618995, 3.673087581645973e-06, 0.07398087226918704, 0.0, 0.00012727566263492918, 0.5338578072101579, 0.19551577264596226, 1.7057022461131055e-11]
[0.0, 854164.3078821866, 5.4652526136618995, 3.673087581645973e-06, 0.07398087226918704, 0.0, 0.00012727566263492918, 0.5338578072101579, 0.19551577264596226, 1.7057022461131055e-11]
[0.0, 854164.3078821866, 5.4652526136618995, 3.673087581645973e-06, 0.07398087226918704, 0.0, 0.00012727566263492918, 0.5338578072101579, 0.19551577264596226, 1.7057022461131055e-11]
[0.0, 854164.3078821866, 5.4652526136618995, 3.673087581645973e-06, 0.07398087226918704, 0.0, 0.00012727566263492918, 0.5338578072101579, 0.19551577264596226, 1.7057022461131055e-11]
[0.0, 854164.3078821866, 5.4652526136618995, 3.673087581645973e-06, 0.07398087226918704, 0.0, 0.00012727566263492918, 0.5338578072101579, 0.19551577264596226, 1.7057022461131055e-11]
[0.0, 854164.3078821866, 5.4652526136618995, 3.673087581645973e-06, 0.07398087226918704, 0.0, 0.00012727566263492918, 0.5338578072101579, 0.19551577264596226, 1.7057022461131055e-11]
[0.0, 854164.3078821866, 5.4652526136618995, 3.673087581645973e-06, 0.07398087226918704, 0.0, 0.00012727566263492918, 0.5338578072101579, 0.19551577264596226, 1.7057022461131055e-11]
[0.0, 854164.3078821866, 5.4652526136618995, 3.673087581645973e-06, 0.07398087226918704, 0.0, 0.00012727566263492918, 0.5338578072101579, 0.19551577264596226, 1.7039258892737053e-11]
[0.0, 854164.3078821866, 5.4652526136618995, 3.673087581645973e-06, 0.07398087226918704, 0.0, 0.00012727566263492918, 0.5338578072101579, 0.19551577264596226, 1.220046286221077e-11]
[0.0, 854164.3078821866, 5.4652526136618995, 3.673087581645973e-06, 0.07398087226918704, 0.0, 0.00012727566263492918, 0.5338578072101579, 0.19551577264596226, 1.220046286221077e-11]
[0.0, 854164.3078821866, 5.4652526136618995, 3.673087581645973e-06, 0.07398087226918704, 0.0, 0.00012727566263492918, 0.5338578072101579, 0.19551577264596226, 1.220046286221077e-11]
[0.0, 854164.3078821866, 5.4652526136618995, 3.673087581645973e-06, 0.07398087226918704, 0.0, 0.00012727566263492918, 0.5338578072101579, 0.19551577264596226, 1.220046286221077e-11]
[0.0, 854164.3078821866, 5.4652526136618995, 3.673087581645973e-06, 0.07398087226918704, 0.0, 0.00012727566263492918, 0.5338578072101579, 0.19551577264596226, 1.220046286221077e-11]
[0.0, 854164.3078821866, 5.4652526136618995, 3.673087581645973e-06, 0.07398087226918704, 0.0, 0.00012727566263492918, 0.5338578072101579, 0.19551577264596226, 1.220046286221077e-11]
[0.0, 854164.3078821866, 5.4652526136618995, 3.673087581645973e-06, 0.07398087226918704, 0.0, 0.00012727566263492918, 0.5338578072101579, 0.19551577264596226, 1.220046286221077e-11]
[0.0, 854164.3078821866, 5.4652526136618995, 3.673087581645973e-06, 0.07398087226918704, 0.0, 0.00012727566263492918, 0.5338578072101579, 0.19551577264596226, 1.220046286221077e-11]
[0.0, 854164.3078821866, 5.4652526136618995, 3.673087581645973e-06, 0.07398087226918704, 0.0, 0.00012727566263492918, 0.5338578072101579, 0.19551577264596226, 1.220046286221077e-11]
[0.0, 854164.3078821866, 5.4652526136618995, 3.673087581645973e-06, 0.07398087226918704, 0.0, 0.00012727566263492918, 0.5338578072101579, 0.19551577264596226, 1.220046286221077e-11]
[0.0, 854164.3078821866, 5.4652526136618995, 3.673087581645973e-06, 0.07398087226918704, 0.0, 0.00012727566263492918, 0.5338578072101579, 0.19551577264596226, 1.220046286221077e-11]
[0.0, 854164.3078821866, 5.4652526136618995, 3.673087581645973e-06, 0.07398087226918704, 0.0, 0.00012727566263492918, 0.5338578072101579, 0.19551577264596226, 1.220046286221077e-11]
[0.0, 854164.3078821866, 5.4652526136618995, 3.673087581645973e-06, 0.07398087226918704, 0.0, 0.00012727566263492918, 0.5338578072101579, 0.19551577264596226, 1.220046286221077e-11]
[0.0, 854164.3078821866, 5.4652526136618995, 3.673087581645973e-06, 0.07398087226918704, 0.0, 0.00012727566263492918, 0.5338578072101579, 0.19551577264596226, 1.220046286221077e-11]
[0.0, 854164.3078821866, 5.4652526136618995, 3.673087581645973e-06, 0.07398087226918704, 0.0, 0.00012727566263492918, 0.5338578072101579, 0.19551577264596226, 1.220046286221077e-11]
[0.0, 854164.3078821866, 5.4652526136618995, 3.673087581645973e-06, 0.07398087226918704, 0.0, 0.00012727566263492918, 0.5338578072101579, 0.19551577264596226, 1.220046286221077e-11]
[0.0, 854164.3078821866, 5.4652526136618995, 3.673087581645973e-06, 0.07398087226918704, 0.0, 0.00012727566263492918, 0.5338578072101579, 0.19551577264596226, 1.220046286221077e-11]
[0.0, 854164.3078821866, 5.4652526136618995, 3.673087581645973e-06, 0.07398087226918704, 0.0, 0.00012727566263492918, 0.5338578072101579, 0.19551577264596226, 1.220046286221077e-11]
[0.0, 854164.3078821866, 5.4652526136618995, 3.673087581645973e-06, 0.07398087226918704, 0.0, 0.00012727566263492918, 0.5338578072101579, 0.19551577264596226, 1.220046286221077e-11]
[0.0, 854164.3078821866, 5.4652526136618995, 3.673087581645973e-06, 0.07398087226918704, 0.0, 0.00012727566263492918, 0.5338578072101579, 0.19551577264596226, 1.220046286221077e-11]
[0.0, 854164.3078821866, 5.4652526136618995, 3.673087581645973e-06, 0.07398087226918704, 0.0, 0.00012727566263492918, 0.5338578072101579, 0.19551577264596226, 1.220046286221077e-11]
[0.0, 854164.3078821866, 5.4652526136618995, 3.673087581645973e-06, 0.07398087226918704, 0.0, 0.00012727566263492918, 0.5338578072101579, 0.19551577264596226, 1.1976641900446339e-11]
[0.0, 854164.3078821866, 5.4652526136618995, 3.673087581645973e-06, 0.07398087226918704, 0.0, 0.00012727566263492918, 0.5338578072101579, 0.19551577264596226, 1.1976641900446339e-11]
[0.0, 854164.3078821866, 5.4652526136618995, 3.673087581645973e-06, 0.07398087226918704, 0.0, 0.00012727566263492918, 0.5338578072101579, 0.19551577264596226, 1.1976641900446339e-11]
[0.0, 854164.3078821866, 5.4652526136618995, 3.673087581645973e-06, 0.07398087226918704, 0.0, 0.00012727566263492918, 0.5338578072101579, 0.19551577264596226, 1.1976641900446339e-11]
[0.0, 854164.3078821866, 5.4652526136618995, 3.673087581645973e-06, 0.07398087226918704, 0.0, 0.00012727566263492918, 0.5338578072101579, 0.19551577264596226, 1.1976641900446339e-11]
[0.0, 854164.3078821866, 5.4652526136618995, 3.673087581645973e-06, 0.07398087226918704, 0.0, 0.00012727566263492918, 0.5338578072101579, 0.19551577264596226, 1.1976641900446339e-11]
[0.0, 854164.3078821866, 5.4652526136618995, 3.673087581645973e-06, 0.07398087226918704, 0.0, 0.00012727566263492918, 0.5338578072101579, 0.19551577264596226, 1.1976641900446339e-11]
[0.0, 854164.3078821866, 5.4652526136618995, 3.673087581645973e-06, 0.07398087226918704, 0.0, 0.00012727566263492918, 0.5338578072101579, 0.19551577264596226, 1.1976641900446339e-11]
[0.0, 854164.3078821866, 5.4652526136618995, 3.673087581645973e-06, 0.07398087226918704, 0.0, 0.00012727566263492918, 0.5338578072101579, 0.19551577264596226, 1.1976641900446339e-11]
[0.0, 854164.3078821866, 5.4652526136618995, 3.673087581645973e-06, 0.07398087226918704, 0.0, 0.00012727566263492918, 0.5338578072101579, 0.19551577264596226, 1.1976641900446339e-11]
[0.0, 854164.3078821866, 5.4652526136618995, 3.673087581645973e-06, 0.07398087226918704, 0.0, 0.00012727566263492918, 0.5338578072101579, 0.19551577264596226, 1.1976641900446339e-11]
[0.0, 854164.3078821866, 5.4652526136618995, 3.673087581645973e-06, 0.07398087226918704, 0.0, 0.00012727566263492918, 0.5338578072101579, 0.19551577264596226, 1.1976641900446339e-11]
[0.0, 854164.3078821866, 5.4652526136618995, 3.673087581645973e-06, 0.07398087226918704, 0.0, 0.00012727566263492918, 0.5338578072101579, 0.19551577264596226, 1.1976641900446339e-11]
[0.0, 854164.3078821866, 5.4652526136618995, 3.673087581645973e-06, 0.07398087226918704, 0.0, 0.00012727566263492918, 0.5338578072101579, 0.19551577264596226, 1.1976641900446339e-11]
[0.0, 854164.3078821866, 5.4652526136618995, 3.673087581645973e-06, 0.07398087226918704, 0.0, 0.00012727566263492918, 0.5338578072101579, 0.19551577264596226, 1.1976641900446339e-11]
[0.0, 854164.3078821866, 5.4652526136618995, 3.673087581645973e-06, 0.07398087226918704, 0.0, 0.00012727566263492918, 0.5338578072101579, 0.19551577264596226, 1.1976641900446339e-11]
[0.0, 854164.3078821866, 5.4652526136618995, 3.673087581645973e-06, 0.07398087226918704, 0.0, 0.00012727566263492918, 0.5338578072101579, 0.19551577264596226, 1.1976641900446339e-11]
[0.0, 854164.3078821866, 5.4652526136618995, 3.673087581645973e-06, 0.07398087226918704, 0.0, 0.00012727566263492918, 0.5338578072101579, 0.19551577264596226, 1.1976641900446339e-11]
[0.0, 854164.3078821866, 5.4652526136618995, 3.673087581645973e-06, 0.07398087226918704, 0.0, 0.00012727566263492918, 0.5338578072101579, 0.19551577264596226, 1.1976641900446339e-11]
[0.0, 854164.3078821866, 5.4652526136618995, 3.673087581645973e-06, 0.07398087226918704, 0.0, 0.00012727566263492918, 0.5338578072101579, 0.19551577264596226, 1.1976641900446339e-11]
[0.0, 854164.3078821866, 5.4652526136618995, 3.673087581645973e-06, 0.07398087226918704, 0.0, 0.00012727566263492918, 0.5338578072101579, 0.19551577264596226, 1.1976641900446339e-11]
[0.0, 854164.3078821866, 5.4652526136618995, 3.673087581645973e-06, 0.07398087226918704, 0.0, 0.00012727566263492918, 0.5338578072101579, 0.19551577264596226, 1.1976641900446339e-11]
[0.0, 854164.3078821866, 5.4652526136618995, 3.673087581645973e-06, 0.07398087226918704, 0.0, 0.00012727566263492918, 0.5338578072101579, 0.19551577264596226, 1.1976641900446339e-11]
[0.0, 854164.3078821866, 5.4652526136618995, 3.673087581645973e-06, 0.07398087226918704, 0.0, 0.00012727566263492918, 0.5338578072101579, 0.19551577264596226, 1.1976641900446339e-11]
[0.0, 854164.3078821866, 5.4652526136618995, 3.673087581645973e-06, 0.07398087226918704, 0.0, 0.00012727566263492918, 0.5338578072101579, 0.19551577264596226, 1.1976641900446339e-11]
[0.0, 854164.3078821866, 5.4652526136618995, 3.673087581645973e-06, 0.07398087226918704, 0.0, 0.00012727566263492918, 0.5338578072101579, 0.19551577264596226, 1.1976641900446339e-11]
[0.0, 854164.3078821866, 5.4652526136618995, 3.673087581645973e-06, 0.07398087226918704, 0.0, 0.00012727566263492918, 0.5338578072101579, 0.19551577264596226, 1.1976641900446339e-11]
[0.0, 854164.3078821866, 5.4652526136618995, 3.673087581645973e-06, 0.07398087226918704, 0.0, 0.00012727566263492918, 0.5338578072101579, 0.19551577264596226, 1.1976641900446339e-11]
[0.0, 854164.3078821866, 5.4652526136618995, 2.1264740315274366e-06, 0.07398087226918704, 0.0, 0.00012727566263492918, 0.5338578072101579, 0.19551577264596226, 1.021449591576129e-11]
[0.0, 854164.3078821866, 5.4652526136618995, 2.1264740315274366e-06, 0.07398087226918704, 0.0, 0.00012727566263492918, 0.5338578072101579, 0.19551577264596226, 1.021449591576129e-11]
[0.0, 854164.3078821866, 5.4652526136618995, 2.1264740315274366e-06, 0.07398087226918704, 0.0, 0.00012727566263492918, 0.5338578072101579, 0.19551577264596226, 1.021449591576129e-11]
[0.0, 854164.3078821866, 5.4652526136618995, 2.1264740315274366e-06, 0.07398087226918704, 0.0, 0.00012727566263492918, 0.5338578072101579, 0.19551577264596226, 1.021449591576129e-11]
[0.0, 854164.3078821866, 5.4652526136618995, 2.1264740315274366e-06, 0.07398087226918704, 0.0, 0.00012727566263492918, 0.5338578072101579, 0.19551577264596226, 1.021449591576129e-11]
[0.0, 854164.3078821866, 5.4652526136618995, 2.1264740315274366e-06, 0.07398087226918704, 0.0, 0.00012727566263492918, 0.5338578072101579, 0.19551577264596226, 1.021449591576129e-11]
[0.0, 854164.3078821866, 5.4652526136618995, 2.1264740315274366e-06, 0.07398087226918704, 0.0, 0.00012727566263492918, 0.5338578072101579, 0.19551577264596226, 1.021449591576129e-11]
[0.0, 854164.3078821866, 5.4652526136618995, 2.1264740315274366e-06, 0.07398087226918704, 0.0, 0.00012727566263492918, 0.5338578072101579, 0.19551577264596226, 1.021449591576129e-11]
[0.0, 854164.3078821866, 5.4652526136618995, 2.1264740315274366e-06, 0.07398087226918704, 0.0, 0.00012727566263492918, 0.5338578072101579, 0.19551577264596226, 1.021449591576129e-11]
[0.0, 854164.3078821866, 5.4652526136618995, 2.1264740315274366e-06, 0.07398087226918704, 0.0, 0.00012727566263492918, 0.5338578072101579, 0.19551577264596226, 1.021449591576129e-11]
[0.0, 854164.3078821866, 5.4652526136618995, 2.1264740315274366e-06, 0.07398087226918704, 0.0, 0.00012727566263492918, 0.5338578072101579, 0.19551577264596226, 1.021449591576129e-11]
[0.0, 854164.3078821866, 5.4652526136618995, 2.1264740315274366e-06, 0.07398087226918704, 0.0, 0.00012727566263492918, 0.5338578072101579, 0.19551577264596226, 1.021449591576129e-11]
[0.0, 854164.3078821866, 5.4652526136618995, 2.1264740315274366e-06, 0.07398087226918704, 0.0, 0.00012727566263492918, 0.5338578072101579, 0.19551577264596226, 1.021449591576129e-11]
[0.0, 854164.3078821866, 5.4652526136618995, 2.1264740315274366e-06, 0.07398087226918704, 0.0, 0.00012727566263492918, 0.5338578072101579, 0.19551577264596226, 1.021449591576129e-11]
[0.0, 854164.3078821866, 5.4652526136618995, 2.1264740315274366e-06, 0.07398087226918704, 0.0, 0.00012727566263492918, 0.5338578072101579, 0.19551577264596226, 1.021449591576129e-11]
[0.0, 854164.3078821866, 5.4652526136618995, 2.1264740315274366e-06, 0.07398087226918704, 0.0, 0.00012727566263492918, 0.5338578072101579, 0.19551577264596226, 1.021449591576129e-11]
[0.0, 854164.3078821866, 5.4652526136618995, 2.1264740315274366e-06, 0.07398087226918704, 0.0, 0.00012727566263492918, 0.5338578072101579, 0.19551577264596226, 1.021449591576129e-11]
[0.0, 854164.3078821866, 5.4652526136618995, 2.1264740315274366e-06, 0.07398087226918704, 0.0, 0.00012727566263492918, 0.5338578072101579, 0.19551577264596226, 1.021449591576129e-11]
[0.0, 854164.3078821866, 5.4652526136618995, 2.1264740315274366e-06, 0.07398087226918704, 0.0, 0.00012727566263492918, 0.5338578072101579, 0.19551577264596226, 1.021449591576129e-11]
[0.0, 854164.3078821866, 5.4652526136618995, 2.1264740315274366e-06, 0.07398087226918704, 0.0, 0.00012727566263492918, 0.5338578072101579, 0.19551577264596226, 1.021449591576129e-11]
[0.0, 854164.3078821866, 5.4652526136618995, 2.1264740315274366e-06, 0.07398087226918704, 0.0, 0.00012727566263492918, 0.5293326376239726, 0.19551577264596226, 1.021449591576129e-11]
[0.0, 854164.3078821866, 5.4652526136618995, 2.1264740315274366e-06, 0.07398087226918704, 0.0, 0.00012727566263492918, 0.5293326376239726, 0.19551577264596226, 1.021449591576129e-11]
[0.0, 854164.3078821866, 5.4652526136618995, 2.1264740315274366e-06, 0.07398087226918704, 0.0, 0.00012727566263492918, 0.5293326376239726, 0.19551577264596226, 1.021449591576129e-11]
[0.0, 854164.3078821866, 5.4652526136618995, 2.1264740315274366e-06, 0.07398087226918704, 0.0, 0.00012727566263492918, 0.5293326376239726, 0.19551577264596226, 1.021449591576129e-11]
[0.0, 854164.3078821866, 5.4652526136618995, 2.1264740315274366e-06, 0.07398087226918704, 0.0, 0.00012727566263492918, 0.5293326376239726, 0.19551577264596226, 1.021449591576129e-11]
[0.0, 854164.3078821866, 5.4652526136618995, 2.1264740315274366e-06, 0.07398087226918704, 0.0, 0.00012727566263492918, 0.5293326376239726, 0.19551577264596226, 1.021449591576129e-11]
[0.0, 854164.3078821866, 5.4652526136618995, 2.1264740315274366e-06, 0.07398087226918704, 0.0, 0.00012727566263492918, 0.5293326376239726, 0.19551577264596226, 1.021449591576129e-11]
[0.0, 854164.3078821866, 5.4652526136618995, 2.1264740315274366e-06, 0.07398087226918704, 0.0, 0.00012727566263492918, 0.5293326376239726, 0.19551577264596226, 1.021449591576129e-11]
[0.0, 854164.3078821866, 5.4652526136618995, 2.1264740315274366e-06, 0.07398087226918704, 0.0, 0.00012727566263492918, 0.5293326376239726, 0.19551577264596226, 1.021449591576129e-11]
[0.0, 854164.3078821866, 5.4652526136618995, 2.1264740315274366e-06, 0.07398087226918704, 0.0, 0.00012727566263492918, 0.5293326376239726, 0.19551577264596226, 1.021449591576129e-11]
[0.0, 854164.3078821866, 5.4652526136618995, 2.1264740315274366e-06, 0.07398087226918704, 0.0, 0.00012727566263492918, 0.5293326376239726, 0.19551577264596226, 1.021449591576129e-11]
[0.0, 854164.3078821866, 5.4652526136618995, 2.1264740315274366e-06, 0.07398087226918704, 0.0, 0.00012727566263492918, 0.5293326376239726, 0.19551577264596226, 1.021449591576129e-11]
[0.0, 854164.3078821866, 5.4652526136618995, 2.1264740315274366e-06, 0.07398087226918704, 0.0, 0.00012727566263492918, 0.5293326376239726, 0.19551577264596226, 1.021449591576129e-11]
[0.0, 854164.3078821866, 5.4652526136618995, 2.1264740315274366e-06, 0.07398087226918704, 0.0, 0.00012727566263492918, 0.5293326376239726, 0.19551577264596226, 1.021449591576129e-11]
[0.0, 854164.3078821866, 5.4652526136618995, 2.1264740315274366e-06, 0.07398087226918704, 0.0, 0.00012727566263492918, 0.5293326376239726, 0.19551577264596226, 1.021449591576129e-11]
[0.0, 854164.3078821866, 5.4652526136618995, 2.04268869552493e-06, 0.07398087226918704, 0.0, 0.00012727566263492918, 0.5293326376239726, 0.19551577264596226, 1.021449591576129e-11]
[0.0, 854164.3078821866, 5.4652526136618995, 2.04268869552493e-06, 0.07398087226918704, 0.0, 0.00012727566263492918, 0.5293326376239726, 0.19551577264596226, 1.021449591576129e-11]
[0.0, 854164.3078821866, 5.4652526136618995, 1.1808330739881967e-06, 0.07398087226918704, 0.0, 0.00012727566263492918, 0.5293326376239726, 0.19551577264596226, 1.021449591576129e-11]
[0.0, 854164.3078821866, 5.4652526136618995, 1.1808330739881967e-06, 0.07398087226918704, 0.0, 0.00012727566263492918, 0.5293326376239726, 0.19551577264596226, 1.021449591576129e-11]
[0.0, 854164.3078821866, 5.4652526136618995, 1.1808330739881967e-06, 0.07398087226918704, 0.0, 0.00012727566263492918, 0.5293326376239726, 0.19551577264596226, 1.021449591576129e-11]
[0.0, 854164.3078821866, 5.4652526136618995, 1.1808330739881967e-06, 0.07398087226918704, 0.0, 0.00012727566263492918, 0.5293326376239726, 0.19551577264596226, 1.021449591576129e-11]
[0.0, 854164.3078821866, 5.4652526136618995, 1.1808330739881967e-06, 0.07398087226918704, 0.0, 0.00012727566263492918, 0.5293326376239726, 0.19551577264596226, 1.021449591576129e-11]
[0.0, 854164.3078821866, 5.4652526136618995, 1.1808330739881967e-06, 0.07398087226918704, 0.0, 0.00012727566263492918, 0.5293326376239726, 0.19551577264596226, 1.021449591576129e-11]
[0.0, 854164.3078821866, 5.4652526136618995, 1.1808330739881967e-06, 0.07398087226918704, 0.0, 0.00012727566263492918, 0.5293326376239726, 0.19551577264596226, 1.021449591576129e-11]
[0.0, 854164.3078821866, 5.4652526136618995, 1.1808330739881967e-06, 0.07398087226918704, 0.0, 0.00012727566263492918, 0.5293326376239726, 0.19551577264596226, 1.021449591576129e-11]
[0.0, 854164.3078821866, 5.4652526136618995, 1.1808330739881967e-06, 0.07398087226918704, 0.0, 0.00012727566263492918, 0.5293326376239726, 0.19551577264596226, 1.021449591576129e-11]
[0.0, 854164.3078821866, 5.4652526136618995, 1.1808330739881967e-06, 0.07398087226918704, 0.0, 0.00012727566263492918, 0.5293326376239726, 0.19551577264596226, 7.006395463804438e-12]
[0.0, 854164.3078821866, 5.4652526136618995, 1.1808330739881967e-06, 0.07398087226918704, 0.0, 0.00012727566263492918, 0.5293326376239726, 0.19551577264596226, 7.006395463804438e-12]
[0.0, 854164.3078821866, 5.4652526136618995, 1.1808330739881967e-06, 0.07398087226918704, 0.0, 0.00012727566263492918, 0.5293326376239726, 0.19551577264596226, 7.006395463804438e-12]
[0.0, 854164.3078821866, 5.4652526136618995, 1.1808330739881967e-06, 0.07398087226918704, 0.0, 0.00012727566263492918, 0.5293326376239726, 0.19551577264596226, 7.006395463804438e-12]
[0.0, 854164.3078821866, 5.4652526136618995, 1.1808330739881967e-06, 0.07398087226918704, 0.0, 0.00012727566263492918, 0.5293326376239726, 0.19551577264596226, 7.006395463804438e-12]
[0.0, 854164.3078821866, 5.4652526136618995, 1.1808330739881967e-06, 0.07398087226918704, 0.0, 0.00012727566263492918, 0.5293326376239726, 0.19551577264596226, 7.006395463804438e-12]
[0.0, 854164.3078821866, 5.4652526136618995, 1.1808330739881967e-06, 0.07398087226918704, 0.0, 0.00012727566263492918, 0.5293326376239726, 0.19551577264596226, 7.006395463804438e-12]
[0.0, 854164.3078821866, 5.4652526136618995, 1.1808330739881967e-06, 0.07398087226918704, 0.0, 0.00012727566263492918, 0.5293326376239726, 0.19551577264596226, 7.006395463804438e-12]
[0.0, 854164.3078821866, 5.4652526136618995, 1.1808330739881967e-06, 0.07398087226918704, 0.0, 0.00012727566263492918, 0.5293326376239726, 0.19551577264596226, 7.006395463804438e-12]
[0.0, 854164.3078821866, 5.4652526136618995, 1.1808330739881967e-06, 0.07398087226918704, 0.0, 0.00012727566263492918, 0.5293326376239726, 0.19551577264596226, 7.006395463804438e-12]
[0.0, 854164.3078821866, 5.4652526136618995, 1.1808330739881967e-06, 0.07398087226918704, 0.0, 0.00012727566263492918, 0.5293326376239726, 0.19551577264596226, 7.006395463804438e-12]
[0.0, 854164.3078821866, 5.4652526136618995, 8.448322663667795e-07, 0.07398087226918704, 0.0, 0.00012727566263492918, 0.5293326376239726, 0.19551577264596226, 7.006395463804438e-12]
[0.0, 854164.3078821866, 5.4652526136618995, 8.448322663667795e-07, 0.07398087226918704, 0.0, 0.00012727566263492918, 0.5293326376239726, 0.19551577264596226, 7.006395463804438e-12]
[0.0, 854164.3078821866, 5.4652526136618995, 8.448322663667795e-07, 0.07398087226918704, 0.0, 0.00012727566263492918, 0.5293326376239726, 0.19551577264596226, 7.006395463804438e-12]
[0.0, 854164.3078821866, 5.4652526136618995, 8.448322663667795e-07, 0.07398087226918704, 0.0, 0.00012727566263492918, 0.5293326376239726, 0.19551577264596226, 7.006395463804438e-12]
[0.0, 854164.3078821866, 5.4652526136618995, 8.448322663667795e-07, 0.07398087226918704, 0.0, 0.00012727566263492918, 0.5293326376239726, 0.19551577264596226, 7.006395463804438e-12]
[0.0, 854164.3078821866, 5.4652526136618995, 8.448322663667795e-07, 0.07398087226918704, 0.0, 0.00012727566263492918, 0.5293326376239726, 0.19551577264596226, 7.006395463804438e-12]
[0.0, 854164.3078821866, 5.4652526136618995, 8.448322663667795e-07, 0.07398087226918704, 0.0, 0.00012727566263492918, 0.5293326376239726, 0.19551577264596226, 7.006395463804438e-12]
[0.0, 854164.3078821866, 5.4652526136618995, 8.448322663667795e-07, 0.07398087226918704, 0.0, 0.00012727566263492918, 0.5293326376239726, 0.19551577264596226, 7.006395463804438e-12]
[0.0, 854164.3078821866, 5.4652526136618995, 8.448322663667795e-07, 0.07398087226918704, 0.0, 0.00012727566263492918, 0.5293326376239726, 0.19551577264596226, 7.006395463804438e-12]
[0.0, 854164.3078821866, 5.4652526136618995, 8.448322663667795e-07, 0.07398087226918704, 0.0, 0.00012727566263492918, 0.5293326376239726, 0.19551577264596226, 7.006395463804438e-12]
[0.0, 854164.3078821866, 5.4652526136618995, 8.448322663667795e-07, 0.07398087226918704, 0.0, 0.00012727566263492918, 0.5293326376239726, 0.19551577264596226, 7.006395463804438e-12]
[0.0, 854164.3078821866, 5.4652526136618995, 8.448322663667795e-07, 0.07398087226918704, 0.0, 0.00012727566263492918, 0.5293326376239726, 0.19551577264596226, 7.006395463804438e-12]
[0.0, 854164.3078821866, 5.4652526136618995, 8.448322663667795e-07, 0.07398087226918704, 0.0, 0.00012727566263492918, 0.5293326376239726, 0.19551577264596226, 7.006395463804438e-12]
[0.0, 854164.3078821866, 5.4652526136618995, 8.448322663667795e-07, 0.07398087226918704, 0.0, 0.00012727566263492918, 0.5293326376239726, 0.19551577264596226, 7.006395463804438e-12]
[0.0, 854164.3078821866, 5.4652526136618995, 8.448322663667795e-07, 0.07398087226918704, 0.0, 0.00012727566263492918, 0.5293326376239726, 0.19551577264596226, 7.006395463804438e-12]
[0.0, 854164.3078821866, 5.4652526136618995, 8.448322663667795e-07, 0.07398087226918704, 0.0, 0.00012727566263492918, 0.5293326376239726, 0.19551577264596226, 7.006395463804438e-12]
[0.0, 854164.3078821866, 5.4652526136618995, 8.448322663667795e-07, 0.07398087226918704, 0.0, 0.00012727566263492918, 0.5293326376239726, 0.19551577264596226, 7.006395463804438e-12]
[0.0, 854164.3078821866, 5.4652526136618995, 8.448322663667795e-07, 0.07398087226918704, 0.0, 0.00012727566263492918, 0.5293326376239726, 0.19551577264596226, 7.006395463804438e-12]
[0.0, 854164.3078821866, 5.4652526136618995, 8.448322663667795e-07, 0.07398087226918704, 0.0, 0.00012727566263492918, 0.5293326376239726, 0.19551577264596226, 6.675993091675991e-12]
[0.0, 854164.3078821866, 5.4652526136618995, 8.448322663667795e-07, 0.07398087226918704, 0.0, 0.00012727566263492918, 0.5293326376239726, 0.19551577264596226, 6.675993091675991e-12]
[0.0, 854164.3078821866, 5.4652526136618995, 8.448322663667795e-07, 0.07398087226918704, 0.0, 0.00012727566263492918, 0.5293326376239726, 0.19551577264596226, 6.675993091675991e-12]
[0.0, 854164.3078821866, 5.4652526136618995, 8.448322663667795e-07, 0.07398087226918704, 0.0, 0.00012727566263492918, 0.5293326376239726, 0.19551577264596226, 6.675993091675991e-12]
[0.0, 854164.3078821866, 5.4652526136618995, 8.448322663667795e-07, 0.07398087226918704, 0.0, 0.00012727566263492918, 0.5293326376239726, 0.19551577264596226, 6.675993091675991e-12]
[0.0, 854164.3078821866, 5.4652526136618995, 8.448322663667795e-07, 0.07398087226918704, 0.0, 0.00012727566263492918, 0.5293326376239726, 0.19551577264596226, 6.675993091675991e-12]
[0.0, 854164.3078821866, 5.4652526136618995, 8.448322663667795e-07, 0.07398087226918704, 0.0, 0.00012727566263492918, 0.5293326376239726, 0.19551577264596226, 6.675993091675991e-12]
[0.0, 854164.3078821866, 5.4652526136618995, 8.448322663667795e-07, 0.07398087226918704, 0.0, 0.00012727566263492918, 0.5293326376239726, 0.19551577264596226, 6.675993091675991e-12]
[0.0, 854164.3078821866, 5.4652526136618995, 8.448322663667795e-07, 0.07398087226918704, 0.0, 0.00012727566263492918, 0.5293326376239726, 0.19551577264596226, 6.054268197885904e-12]
[0.0, 854164.3078821866, 5.4652526136618995, 8.448322663667795e-07, 0.07398087226918704, 0.0, 0.00012727566263492918, 0.5293326376239726, 0.19551577264596226, 6.054268197885904e-12]
[0.0, 854164.3078821866, 5.4652526136618995, 8.448322663667795e-07, 0.07398087226918704, 0.0, 0.00012727566263492918, 0.5293326376239726, 0.19551577264596226, 6.054268197885904e-12]
[0.0, 854164.3078821866, 5.4652526136618995, 8.448322663667795e-07, 0.07398087226918704, 0.0, 0.00012727566263492918, 0.5293326376239726, 0.19551577264596226, 6.054268197885904e-12]
[0.0, 854164.3078821866, 5.4652526136618995, 8.448322663667795e-07, 0.07398087226918704, 0.0, 0.00012727566263492918, 0.5293326376239726, 0.19551577264596226, 6.054268197885904e-12]
[0.0, 854164.3078821866, 5.4652526136618995, 8.448322663667795e-07, 0.07398087226918704, 0.0, 0.00012727566263492918, 0.5293326376239726, 0.19551577264596226, 6.054268197885904e-12]
[0.0, 854164.3078821866, 5.4652526136618995, 8.448322663667795e-07, 0.07398087226918704, 0.0, 0.00012727566263492918, 0.5293326376239726, 0.19551577264596226, 6.054268197885904e-12]
[0.0, 854164.3078821866, 5.4652526136618995, 8.448322663667795e-07, 0.07398087226918704, 0.0, 0.00012727566263492918, 0.5293326376239726, 0.19551577264596226, 6.054268197885904e-12]
[0.0, 854164.3078821866, 5.4652526136618995, 8.448322663667795e-07, 0.07398087226918704, 0.0, 0.00012727566263492918, 0.5293326376239726, 0.19551577264596226, 6.054268197885904e-12]
[0.0, 854164.3078821866, 5.4652526136618995, 8.448322663667795e-07, 0.07398087226918704, 0.0, 0.00012727566263492918, 0.5293326376239726, 0.19551577264596226, 6.054268197885904e-12]
[0.0, 854164.3078821866, 5.4652526136618995, 8.448322663667795e-07, 0.07398087226918704, 0.0, 0.00012727566263492918, 0.5293326376239726, 0.19551577264596226, 6.054268197885904e-12]
[0.0, 854164.3078821866, 5.4652526136618995, 8.448322663667795e-07, 0.07398087226918704, 0.0, 0.00012727566263492918, 0.5293326376239726, 0.19551577264596226, 6.054268197885904e-12]
[0.0, 854164.3078821866, 5.4652526136618995, 8.448322663667795e-07, 0.07398087226918704, 0.0, 0.00012727566263492918, 0.5293326376239726, 0.19551577264596226, 6.054268197885904e-12]
[0.0, 854164.3078821866, 5.4652526136618995, 5.693447207022473e-07, 0.07398087226918704, 0.0, 0.00012727566263492918, 0.5293326376239726, 0.19551577264596226, 6.054268197885904e-12]
[0.0, 854164.3078821866, 5.4652526136618995, 5.693447207022473e-07, 0.07398087226918704, 0.0, 0.00012727566263492918, 0.5293326376239726, 0.19551577264596226, 6.054268197885904e-12]
[0.0, 854164.3078821866, 5.4652526136618995, 5.693447207022473e-07, 0.07398087226918704, 0.0, 0.00012727566263492918, 0.5293326376239726, 0.19551577264596226, 6.054268197885904e-12]
[0.0, 854164.3078821866, 5.4652526136618995, 5.693447207022473e-07, 0.07398087226918704, 0.0, 0.00012727566263492918, 0.5293326376239726, 0.19551577264596226, 6.054268197885904e-12]
[0.0, 854164.3078821866, 5.4652526136618995, 5.693447207022473e-07, 0.07398087226918704, 0.0, 0.00012727566263492918, 0.5293326376239726, 0.19551577264596226, 6.054268197885904e-12]
[0.0, 854164.3078821866, 5.4652526136618995, 5.693447207022473e-07, 0.07398087226918704, 0.0, 0.00012727566263492918, 0.5293326376239726, 0.19551577264596226, 6.054268197885904e-12]
[0.0, 854164.3078821866, 5.4652526136618995, 5.693447207022473e-07, 0.07398087226918704, 0.0, 0.00012727566263492918, 0.5293326376239726, 0.19551577264596226, 6.054268197885904e-12]
[0.0, 854164.3078821866, 5.4652526136618995, 5.693447207022473e-07, 0.07398087226918704, 0.0, 0.00012727566263492918, 0.5293326376239726, 0.19551577264596226, 6.054268197885904e-12]
[0.0, 854164.3078821866, 5.4652526136618995, 5.693447207022473e-07, 0.07398087226918704, 0.0, 0.00012727566263492918, 0.5293326376239726, 0.19551577264596226, 6.054268197885904e-12]
[0.0, 854164.3078821866, 5.4652526136618995, 5.693447207022473e-07, 0.07398087226918704, 0.0, 0.00012727566263492918, 0.5293326376239726, 0.19551577264596226, 6.054268197885904e-12]
[0.0, 854164.3078821866, 5.4652526136618995, 5.693447207022473e-07, 0.07398087226918704, 0.0, 0.00012727566263492918, 0.5293326376239726, 0.19551577264596226, 6.054268197885904e-12]
[0.0, 854164.3078821866, 5.4652526136618995, 5.693447207022473e-07, 0.07398087226918704, 0.0, 0.00012727566263492918, 0.5293326376239726, 0.19551577264596226, 6.054268197885904e-12]
[0.0, 854164.3078821866, 5.4652526136618995, 5.693447207022473e-07, 0.07398087226918704, 0.0, 0.00012727566263492918, 0.5293326376239726, 0.19551577264596226, 6.054268197885904e-12]
[0.0, 854164.3078821866, 5.4652526136618995, 5.693447207022473e-07, 0.07398087226918704, 0.0, 0.00012727566263492918, 0.5293326376239726, 0.19551577264596226, 6.054268197885904e-12]
[0.0, 854164.3078821866, 5.4652526136618995, 5.693447207022473e-07, 0.07398087226918704, 0.0, 0.00012727566263492918, 0.5293326376239726, 0.19551577264596226, 6.054268197885904e-12]
[0.0, 854164.3078821866, 5.4652526136618995, 5.693447207022473e-07, 0.07398087226918704, 0.0, 0.00012727566263492918, 0.5293326376239726, 0.19551577264596226, 6.054268197885904e-12]
[0.0, 854164.3078821866, 5.4652526136618995, 5.693447207022473e-07, 0.07398087226918704, 0.0, 0.00012727566263492918, 0.5293326376239726, 0.19551577264596226, 5.5782045649266365e-12]
[0.0, 854164.3078821866, 5.4652526136618995, 5.693447207022473e-07, 0.07398087226918704, 0.0, 0.00012727566263492918, 0.5293326376239726, 0.19551577264596226, 5.5782045649266365e-12]
[0.0, 854164.3078821866, 5.4652526136618995, 5.693447207022473e-07, 0.07398087226918704, 0.0, 0.00012727566263492918, 0.5293326376239726, 0.19551577264596226, 5.5782045649266365e-12]
[0.0, 854164.3078821866, 5.4652526136618995, 5.693447207022473e-07, 0.07398087226918704, 0.0, 0.00012727566263492918, 0.5293326376239726, 0.19551577264596226, 5.5782045649266365e-12]
[0.0, 854164.3078821866, 5.4652526136618995, 5.693447207022473e-07, 0.07398087226918704, 0.0, 0.00012727566263492918, 0.5293326376239726, 0.19551577264596226, 5.5782045649266365e-12]
[0.0, 854164.3078821866, 5.4652526136618995, 5.693447207022473e-07, 0.07398087226918704, 0.0, 0.00012727566263492918, 0.5293326376239726, 0.19551577264596226, 5.5782045649266365e-12]
[0.0, 854164.3078821866, 5.4652526136618995, 5.693447207022473e-07, 0.07398087226918704, 0.0, 0.00012727566263492918, 0.5293326376239726, 0.19551577264596226, 5.5782045649266365e-12]
[0.0, 854164.3078821866, 5.4652526136618995, 5.693447207022473e-07, 0.07398087226918704, 0.0, 0.00012727566263492918, 0.5293326376239726, 0.19551577264596226, 5.5782045649266365e-12]
[0.0, 854164.3078821866, 5.4652526136618995, 5.693447207022473e-07, 0.07398087226918704, 0.0, 0.00012727566263492918, 0.5293326376239726, 0.19551577264596226, 5.4787285819202225e-12]
[0.0, 854164.3078821866, 5.4652526136618995, 5.693447207022473e-07, 0.07398087226918704, 0.0, 0.00012727566263492918, 0.5293326376239726, 0.19551577264596226, 5.4787285819202225e-12]
[0.0, 854164.3078821866, 5.4652526136618995, 5.693447207022473e-07, 0.07398087226918704, 0.0, 0.00012727566263492918, 0.5293326376239726, 0.19551577264596226, 5.2868820432649954e-12]
[0.0, 854164.3078821866, 5.4652526136618995, 5.693447207022473e-07, 0.07398087226918704, 0.0, 0.00012727566263492918, 0.5293326376239726, 0.19551577264596226, 4.832134692378531e-12]
[0.0, 854164.3078821866, 5.4652526136618995, 5.693447207022473e-07, 0.07398087226918704, 0.0, 0.00012727566263492918, 0.5293326376239726, 0.19551577264596226, 4.832134692378531e-12]
[0.0, 854164.3078821866, 5.4652526136618995, 5.693447207022473e-07, 0.07398087226918704, 0.0, 0.00012727566263492918, 0.5293326376239726, 0.19551577264596226, 4.832134692378531e-12]
[0.0, 854164.3078821866, 5.4652526136618995, 5.693447207022473e-07, 0.07398087226918704, 0.0, 0.00012727566263492918, 0.5293326376239726, 0.19551577264596226, 4.832134692378531e-12]
[0.0, 854164.3078821866, 5.4652526136618995, 5.693447207022473e-07, 0.07398087226918704, 0.0, 0.00012727566263492918, 0.5293326376239726, 0.19551577264596226, 4.832134692378531e-12]
[0.0, 854164.3078821866, 5.4652526136618995, 5.693447207022473e-07, 0.07398087226918704, 0.0, 0.00012727566263492918, 0.5293326376239726, 0.19551577264596226, 3.04867242562068e-12]
[0.0, 854164.3078821866, 5.4652526136618995, 5.693447207022473e-07, 0.07398087226918704, 0.0, 0.00012727566263492918, 0.5293326376239726, 0.19551577264596226, 3.04867242562068e-12]
[0.0, 854164.3078821866, 5.4652526136618995, 5.693447207022473e-07, 0.07398087226918704, 0.0, 0.00012727566263492918, 0.5293326376239726, 0.19551577264596226, 3.04867242562068e-12]
[0.0, 854164.3078821866, 5.4652526136618995, 5.693447207022473e-07, 0.07398087226918704, 0.0, 0.00012727566263492918, 0.5293326376239726, 0.19551577264596226, 3.04867242562068e-12]
[0.0, 854164.3078821866, 5.4652526136618995, 5.693447207022473e-07, 0.07398087226918704, 0.0, 0.00012727566263492918, 0.5293326376239726, 0.19551577264596226, 3.04867242562068e-12]
[0.0, 854164.3078821866, 5.4652526136618995, 5.693447207022473e-07, 0.07398087226918704, 0.0, 0.00012727566263492918, 0.5293326376239726, 0.19551577264596226, 3.04867242562068e-12]
[0.0, 854164.3078821866, 5.4652526136618995, 5.693447207022473e-07, 0.07398087226918704, 0.0, 0.00012727566263492918, 0.5293326376239726, 0.19551577264596226, 3.04867242562068e-12]
[0.0, 854164.3078821866, 5.4652526136618995, 5.693447207022473e-07, 0.07398087226918704, 0.0, 0.00012727566263492918, 0.5293326376239726, 0.19551577264596226, 3.04867242562068e-12]
[0.0, 854164.3078821866, 5.4652526136618995, 5.693447207022473e-07, 0.07398087226918704, 0.0, 0.00012727566263492918, 0.5293326376239726, 0.19551577264596226, 3.04867242562068e-12]
[0.0, 854164.3078821866, 5.4652526136618995, 5.693447207022473e-07, 0.07398087226918704, 0.0, 0.00012727566263492918, 0.5293326376239726, 0.19551577264596226, 3.04867242562068e-12]
[0.0, 854164.3078821866, 5.4652526136618995, 5.693447207022473e-07, 0.07398087226918704, 0.0, 0.00012727566263492918, 0.5293326376239726, 0.19551577264596226, 3.04867242562068e-12]
[0.0, 854164.3078821866, 5.4652526136618995, 5.693447207022473e-07, 0.07398087226918704, 0.0, 0.00012727566263492918, 0.5293326376239726, 0.19551577264596226, 3.04867242562068e-12]
[0.0, 854164.3078821866, 5.4652526136618995, 5.693447207022473e-07, 0.07398087226918704, 0.0, 0.00012727566263492918, 0.5293326376239726, 0.19551577264596226, 3.04867242562068e-12]
[0.0, 854164.3078821866, 5.4652526136618995, 5.693447207022473e-07, 0.07398087226918704, 0.0, 0.00012727566263492918, 0.5293326376239726, 0.19551577264596226, 3.04867242562068e-12]
[0.0, 854164.3078821866, 5.4652526136618995, 5.693447207022473e-07, 0.07398087226918704, 0.0, 0.00012727566263492918, 0.5293326376239726, 0.19551577264596226, 3.04867242562068e-12]
[0.0, 854164.3078821866, 5.4652526136618995, 5.693447207022473e-07, 0.07398087226918704, 0.0, 0.00012727566263492918, 0.5293326376239726, 0.19551577264596226, 3.04867242562068e-12]
[0.0, 854164.3078821866, 5.4652526136618995, 5.693447207022473e-07, 0.07398087226918704, 0.0, 0.00012727566263492918, 0.5293326376239726, 0.19551577264596226, 3.04867242562068e-12]
[0.0, 854164.3078821866, 5.4652526136618995, 5.693447207022473e-07, 0.07398087226918704, 0.0, 0.00012727566263492918, 0.5293326376239726, 0.19551577264596226, 3.04867242562068e-12]
[0.0, 854164.3078821866, 5.4652526136618995, 5.693447207022473e-07, 0.07398087226918704, 0.0, 0.00012727566263492918, 0.5293326376239726, 0.19551577264596226, 3.04867242562068e-12]
[0.0, 854164.3078821866, 5.4652526136618995, 5.693447207022473e-07, 0.07398087226918704, 0.0, 0.00012727566263492918, 0.5293326376239726, 0.19551577264596226, 3.04867242562068e-12]
[0.0, 854164.3078821866, 5.4652526136618995, 5.521403387831469e-07, 0.07398087226918704, 0.0, 0.00012727566263492918, 0.5293326376239726, 0.19551577264596226, 3.04867242562068e-12]
[0.0, 854164.3078821866, 5.4652526136618995, 4.0834368419950806e-07, 0.07398087226918704, 0.0, 0.00012727566263492918, 0.5293326376239726, 0.19551577264596226, 3.04867242562068e-12]
[0.0, 854164.3078821866, 5.4652526136618995, 4.0834368419950806e-07, 0.07398087226918704, 0.0, 0.00012727566263492918, 0.5293326376239726, 0.19551577264596226, 3.04867242562068e-12]
[0.0, 854164.3078821866, 5.4652526136618995, 3.944525239774066e-07, 0.07398087226918704, 0.0, 0.00012727566263492918, 0.5085294396377538, 0.19551577264596226, 3.04867242562068e-12]
[0.0, 854164.3078821866, 5.4652526136618995, 3.944525239774066e-07, 0.07398087226918704, 0.0, 0.00012727566263492918, 0.5085294396377538, 0.19551577264596226, 3.04867242562068e-12]
[0.0, 854164.3078821866, 5.4652526136618995, 3.944525239774066e-07, 0.07398087226918704, 0.0, 0.00012727566263492918, 0.5085294396377538, 0.19551577264596226, 3.04867242562068e-12]
[0.0, 854164.3078821866, 5.4652526136618995, 3.944525239774066e-07, 0.07398087226918704, 0.0, 0.00012727566263492918, 0.5085294396377538, 0.19551577264596226, 3.04867242562068e-12]
[0.0, 854164.3078821866, 5.4652526136618995, 3.944525239774066e-07, 0.07398087226918704, 0.0, 0.00012727566263492918, 0.5085294396377538, 0.19551577264596226, 3.04867242562068e-12]
[0.0, 854164.3078821866, 5.4652526136618995, 3.944525239774066e-07, 0.07398087226918704, 0.0, 0.00012727566263492918, 0.5085294396377538, 0.19551577264596226, 3.04867242562068e-12]
[0.0, 854164.3078821866, 5.4652526136618995, 3.944525239774066e-07, 0.07398087226918704, 0.0, 0.00012727566263492918, 0.5085294396377538, 0.19551577264596226, 3.04867242562068e-12]
[0.0, 854164.3078821866, 5.4652526136618995, 3.944525239774066e-07, 0.07398087226918704, 0.0, 0.00012727566263492918, 0.5085294396377538, 0.19551577264596226, 3.04867242562068e-12]
[0.0, 854164.3078821866, 5.4652526136618995, 3.352632020892088e-07, 0.07398087226918704, 0.0, 0.00012727566263492918, 0.5085294396377538, 0.19551577264596226, 3.04867242562068e-12]
[0.0, 854164.3078821866, 5.4652526136618995, 3.352632020892088e-07, 0.07398087226918704, 0.0, 0.00012727566263492918, 0.5085294396377538, 0.19551577264596226, 3.04867242562068e-12]
[0.0, 854164.3078821866, 5.4652526136618995, 3.352632020892088e-07, 0.07398087226918704, 0.0, 0.00012727566263492918, 0.5085294396377538, 0.19551577264596226, 3.04867242562068e-12]
[0.0, 854164.3078821866, 5.4652526136618995, 3.229200125076659e-07, 0.07398087226918704, 0.0, 0.00012727566263492918, 0.5085294396377538, 0.19551577264596226, 3.04867242562068e-12]
[0.0, 854164.3078821866, 5.4652526136618995, 3.229200125076659e-07, 0.07398087226918704, 0.0, 0.00012727566263492918, 0.5085294396377538, 0.19551577264596226, 3.04867242562068e-12]
[0.0, 854164.3078821866, 5.4652526136618995, 3.229200125076659e-07, 0.07398087226918704, 0.0, 0.00012727566263492918, 0.5085294396377538, 0.19551577264596226, 3.04867242562068e-12]
[0.0, 854164.3078821866, 5.4652526136618995, 3.229200125076659e-07, 0.07398087226918704, 0.0, 0.00012727566263492918, 0.5085294396377538, 0.19551577264596226, 3.04867242562068e-12]
[0.0, 854164.3078821866, 5.4652526136618995, 3.229200125076659e-07, 0.07398087226918704, 0.0, 0.00012727566263492918, 0.5085294396377538, 0.19551577264596226, 3.04867242562068e-12]
[0.0, 854164.3078821866, 5.4652526136618995, 3.229200125076659e-07, 0.07398087226918704, 0.0, 0.00012727566263492918, 0.5085294396377538, 0.19551577264596226, 3.04867242562068e-12]
[0.0, 854164.3078821866, 5.4652526136618995, 3.229200125076659e-07, 0.07398087226918704, 0.0, 0.00012727566263492918, 0.5085294396377538, 0.19551577264596226, 3.04867242562068e-12]
[0.0, 854164.3078821866, 5.4652526136618995, 3.229200125076659e-07, 0.07398087226918704, 0.0, 0.00012727566263492918, 0.5085294396377538, 0.19551577264596226, 3.04867242562068e-12]
[0.0, 854164.3078821866, 5.4652526136618995, 3.229200125076659e-07, 0.07398087226918704, 0.0, 0.00012727566263492918, 0.5085294396377538, 0.19551577264596226, 3.04867242562068e-12]
[0.0, 854164.3078821866, 5.4652526136618995, 3.229200125076659e-07, 0.07398087226918704, 0.0, 0.00012727566263492918, 0.5085294396377538, 0.19551577264596226, 3.04867242562068e-12]
[0.0, 854164.3078821866, 5.4652526136618995, 3.229200125076659e-07, 0.07398087226918704, 0.0, 0.00012727566263492918, 0.5085294396377538, 0.19551577264596226, 3.04867242562068e-12]
[0.0, 854164.3078821866, 5.4652526136618995, 1.5846392997787007e-07, 0.07398087226918704, 0.0, 0.00012727566263492918, 0.5085294396377538, 0.19551577264596226, 3.04867242562068e-12]
[0.0, 854164.3078821866, 5.4652526136618995, 1.5846392997787007e-07, 0.07398087226918704, 0.0, 0.00012727566263492918, 0.5085294396377538, 0.19551577264596226, 3.04867242562068e-12]
[0.0, 854164.3078821866, 5.4652526136618995, 1.5846392997787007e-07, 0.07398087226918704, 0.0, 0.00012727566263492918, 0.5085294396377538, 0.19551577264596226, 3.04867242562068e-12]
[0.0, 854164.3078821866, 5.4652526136618995, 1.5846392997787007e-07, 0.07398087226918704, 0.0, 0.00012727566263492918, 0.5085294396377538, 0.19551577264596226, 3.04867242562068e-12]
[0.0, 854164.3078821866, 5.4652526136618995, 1.5846392997787007e-07, 0.07398087226918704, 0.0, 0.00012727566263492918, 0.5085294396377538, 0.19551577264596226, 2.8248514638562483e-12]
[0.0, 854164.3078821866, 5.4652526136618995, 1.5846392997787007e-07, 0.07398087226918704, 0.0, 0.00012727566263492918, 0.5085294396377538, 0.19551577264596226, 2.8248514638562483e-12]
[0.0, 854164.3078821866, 5.4652526136618995, 1.5846392997787007e-07, 0.07398087226918704, 0.0, 0.00012727566263492918, 0.5085294396377538, 0.19551577264596226, 2.8248514638562483e-12]
[0.0, 854164.3078821866, 5.4652526136618995, 1.5846392997787007e-07, 0.07398087226918704, 0.0, 0.00012727566263492918, 0.5085294396377538, 0.19551577264596226, 2.8248514638562483e-12]
[0.0, 854164.3078821866, 5.4652526136618995, 1.5846392997787007e-07, 0.07398087226918704, 0.0, 0.00012727566263492918, 0.5085294396377538, 0.19551577264596226, 2.8248514638562483e-12]
[0.0, 854164.3078821866, 5.4652526136618995, 1.5846392997787007e-07, 0.07398087226918704, 0.0, 0.00012727566263492918, 0.5085294396377538, 0.19551577264596226, 2.8248514638562483e-12]
[0.0, 854164.3078821866, 5.4652526136618995, 1.5846392997787007e-07, 0.07398087226918704, 0.0, 0.00012727566263492918, 0.5085294396377538, 0.19551577264596226, 2.8248514638562483e-12]
[0.0, 854164.3078821866, 5.4652526136618995, 1.5846392997787007e-07, 0.07398087226918704, 0.0, 0.00012727566263492918, 0.5085294396377538, 0.19551577264596226, 2.8248514638562483e-12]
[0.0, 854164.3078821866, 5.4652526136618995, 1.5846392997787007e-07, 0.07398087226918704, 0.0, 0.00012727566263492918, 0.5085294396377538, 0.19551577264596226, 2.8248514638562483e-12]
[0.0, 854164.3078821866, 5.4652526136618995, 1.5846392997787007e-07, 0.07398087226918704, 0.0, 0.00012727566263492918, 0.5085294396377538, 0.19551577264596226, 2.8248514638562483e-12]
[0.0, 854164.3078821866, 5.4652526136618995, 1.5846392997787007e-07, 0.07398087226918704, 0.0, 0.00012727566263492918, 0.5085294396377538, 0.19551577264596226, 2.5903723610554152e-12]
[0.0, 854164.3078821866, 5.4652526136618995, 1.5846392997787007e-07, 0.07398087226918704, 0.0, 0.00012727566263492918, 0.5085294396377538, 0.19551577264596226, 2.5903723610554152e-12]
[0.0, 854164.3078821866, 5.4652526136618995, 1.5846392997787007e-07, 0.07398087226918704, 0.0, 0.00012727566263492918, 0.5085294396377538, 0.19551577264596226, 2.5903723610554152e-12]
[0.0, 854164.3078821866, 5.4652526136618995, 1.5846392997787007e-07, 0.07398087226918704, 0.0, 0.00012727566263492918, 0.5085294396377538, 0.19551577264596226, 2.5903723610554152e-12]
[0.0, 854164.3078821866, 5.4652526136618995, 1.5846392997787007e-07, 0.07398087226918704, 0.0, 0.00012727566263492918, 0.5085294396377538, 0.19551577264596226, 2.5903723610554152e-12]
[0.0, 854164.3078821866, 5.4652526136618995, 1.5846392997787007e-07, 0.07398087226918704, 0.0, 0.00012727566263492918, 0.5085294396377538, 0.19551577264596226, 2.5903723610554152e-12]
[0.0, 854164.3078821866, 5.4652526136618995, 1.5846392997787007e-07, 0.07398087226918704, 0.0, 0.00012727566263492918, 0.5085294396377538, 0.19551577264596226, 2.5903723610554152e-12]
[0.0, 854164.3078821866, 5.4652526136618995, 1.5846392997787007e-07, 0.07398087226918704, 0.0, 0.00012727566263492918, 0.5085294396377538, 0.19551577264596226, 2.5903723610554152e-12]
[0.0, 854164.3078821866, 5.4652526136618995, 1.5846392997787007e-07, 0.07398087226918704, 0.0, 0.00012727566263492918, 0.5085294396377538, 0.19551577264596226, 2.5903723610554152e-12]
[0.0, 854164.3078821866, 5.4652526136618995, 1.5846392997787007e-07, 0.07398087226918704, 0.0, 0.00012727566263492918, 0.5085294396377538, 0.19551577264596226, 2.5903723610554152e-12]
[0.0, 854164.3078821866, 5.4652526136618995, 1.5846392997787007e-07, 0.07398087226918704, 0.0, 0.00012727566263492918, 0.5085294396377538, 0.19551577264596226, 2.5903723610554152e-12]
[0.0, 854164.3078821866, 5.4652526136618995, 1.0112292692099345e-07, 0.07398087226918704, 0.0, 0.00012727566263492918, 0.5085294396377538, 0.19551577264596226, 2.5903723610554152e-12]
[0.0, 854164.3078821866, 5.4652526136618995, 1.0112292692099345e-07, 0.07398087226918704, 0.0, 0.00012727566263492918, 0.5085294396377538, 0.19551577264596226, 2.5903723610554152e-12]
[0.0, 854164.3078821866, 5.4652526136618995, 1.0112292692099345e-07, 0.07398087226918704, 0.0, 0.00012727566263492918, 0.5085294396377538, 0.19551577264596226, 2.5903723610554152e-12]
[0.0, 854164.3078821866, 5.4652526136618995, 1.0112292692099345e-07, 0.07398087226918704, 0.0, 0.00012727566263492918, 0.5085294396377538, 0.19551577264596226, 2.5903723610554152e-12]
[0.0, 854164.3078821866, 5.4652526136618995, 1.0112292692099345e-07, 0.07398087226918704, 0.0, 0.00012727566263492918, 0.5085294396377538, 0.19551577264596226, 2.5903723610554152e-12]
[0.0, 854164.3078821866, 5.4652526136618995, 1.0112292692099345e-07, 0.07398087226918704, 0.0, 0.00012727566263492918, 0.5085294396377538, 0.19551577264596226, 2.5903723610554152e-12]
[0.0, 854164.3078821866, 5.4652526136618995, 1.0112292692099345e-07, 0.07398087226918704, 0.0, 0.00012727566263492918, 0.5085294396377538, 0.19551577264596226, 2.5903723610554152e-12]
[0.0, 854164.3078821866, 5.4652526136618995, 1.0112292692099345e-07, 0.07398087226918704, 0.0, 0.00012727566263492918, 0.5085294396377538, 0.19551577264596226, 2.5903723610554152e-12]
[0.0, 854164.3078821866, 5.4652526136618995, 1.0112292692099345e-07, 0.07398087226918704, 0.0, 0.00012727566263492918, 0.5085294396377538, 0.19551577264596226, 2.5903723610554152e-12]
[0.0, 854164.3078821866, 5.4652526136618995, 1.0112292692099345e-07, 0.07398087226918704, 0.0, 0.00012727566263492918, 0.5085294396377538, 0.19551577264596226, 2.5903723610554152e-12]
[0.0, 854164.3078821866, 5.4652526136618995, 1.0112292692099345e-07, 0.07398087226918704, 0.0, 0.00012727566263492918, 0.5085294396377538, 0.19551577264596226, 2.5903723610554152e-12]
[0.0, 854164.3078821866, 5.4652526136618995, 1.0112292692099345e-07, 0.07398087226918704, 0.0, 0.00012727566263492918, 0.5085294396377538, 0.19551577264596226, 2.5903723610554152e-12]
[0.0, 854164.3078821866, 5.4652526136618995, 1.0112292692099345e-07, 0.07398087226918704, 0.0, 0.00012727566263492918, 0.5085294396377538, 0.19551577264596226, 2.5903723610554152e-12]
[0.0, 854164.3078821866, 5.4652526136618995, 1.0112292692099345e-07, 0.07398087226918704, 0.0, 0.00012727566263492918, 0.5085294396377538, 0.19551577264596226, 2.5903723610554152e-12]
[0.0, 854164.3078821866, 5.4652526136618995, 1.0112292692099345e-07, 0.07398087226918704, 0.0, 0.00012727566263492918, 0.5085294396377538, 0.19551577264596226, 2.5903723610554152e-12]
[0.0, 854164.3078821866, 5.4652526136618995, 1.0112292692099345e-07, 0.07398087226918704, 0.0, 0.00012727566263492918, 0.5085294396377538, 0.19551577264596226, 2.5903723610554152e-12]
[0.0, 854164.3078821866, 5.4652526136618995, 1.0112292692099345e-07, 0.07398087226918704, 0.0, 0.00012727566263492918, 0.5085294396377538, 0.19551577264596226, 2.5903723610554152e-12]
[0.0, 854164.3078821866, 5.4652526136618995, 1.0112292692099345e-07, 0.07398087226918704, 0.0, 0.00012727566263492918, 0.5085294396377538, 0.19551577264596226, 2.5903723610554152e-12]
[0.0, 854164.3078821866, 5.4652526136618995, 1.0112292692099345e-07, 0.07398087226918704, 0.0, 0.00012727566263492918, 0.5085294396377538, 0.19551577264596226, 2.5903723610554152e-12]
[0.0, 854164.3078821866, 5.4652526136618995, 1.0112292692099345e-07, 0.07398087226918704, 0.0, 0.00012727566263492918, 0.5085294396377538, 0.19551577264596226, 2.348787830896981e-12]
[0.0, 854164.3078821866, 5.4652526136618995, 1.0112292692099345e-07, 0.07398087226918704, 0.0, 0.00012727566263492918, 0.5085294396377538, 0.19551577264596226, 2.348787830896981e-12]
[0.0, 854164.3078821866, 5.4652526136618995, 1.0112292692099345e-07, 0.07398087226918704, 0.0, 0.00012727566263492918, 0.5085294396377538, 0.19551577264596226, 2.348787830896981e-12]
[0.0, 854164.3078821866, 5.4652526136618995, 1.0112292692099345e-07, 0.07398087226918704, 0.0, 0.00012727566263492918, 0.5085294396377538, 0.19551577264596226, 2.348787830896981e-12]
[0.0, 854164.3078821866, 5.4652526136618995, 1.0112292692099345e-07, 0.07398087226918704, 0.0, 0.00012727566263492918, 0.5085294396377538, 0.19551577264596226, 2.348787830896981e-12]
[0.0, 854164.3078821866, 5.4652526136618995, 1.0112292692099345e-07, 0.07398087226918704, 0.0, 0.00012727566263492918, 0.5085294396377538, 0.19551577264596226, 2.348787830896981e-12]
[0.0, 854164.3078821866, 5.4652526136618995, 1.0112292692099345e-07, 0.07398087226918704, 0.0, 0.00012727566263492918, 0.5085294396377538, 0.19551577264596226, 2.348787830896981e-12]
[0.0, 854164.3078821866, 5.4652526136618995, 1.0112292692099345e-07, 0.07398087226918704, 0.0, 0.00012727566263492918, 0.5085294396377538, 0.19551577264596226, 2.348787830896981e-12]
[0.0, 854164.3078821866, 5.4652526136618995, 1.0112292692099345e-07, 0.07398087226918704, 0.0, 0.00012727566263492918, 0.5085294396377538, 0.19551577264596226, 2.348787830896981e-12]
[0.0, 854164.3078821866, 5.4652526136618995, 1.0112292692099345e-07, 0.07398087226918704, 0.0, 0.00012727566263492918, 0.5085294396377538, 0.19551577264596226, 2.348787830896981e-12]
[0.0, 854164.3078821866, 5.4652526136618995, 1.0112292692099345e-07, 0.07398087226918704, 0.0, 0.00012727566263492918, 0.5085294396377538, 0.19551577264596226, 2.348787830896981e-12]
[0.0, 854164.3078821866, 5.4652526136618995, 1.0112292692099345e-07, 0.07398087226918704, 0.0, 0.00012727566263492918, 0.5085294396377538, 0.19551577264596226, 2.348787830896981e-12]
[0.0, 854164.3078821866, 5.4652526136618995, 1.0112292692099345e-07, 0.07398087226918704, 0.0, 0.00012727566263492918, 0.5085294396377538, 0.19551577264596226, 2.348787830896981e-12]
[0.0, 854164.3078821866, 5.4652526136618995, 1.0112292692099345e-07, 0.07398087226918704, 0.0, 0.00012727566263492918, 0.5085294396377538, 0.19551577264596226, 2.348787830896981e-12]
[0.0, 854164.3078821866, 5.4652526136618995, 1.0112292692099345e-07, 0.07398087226918704, 0.0, 0.00012727566263492918, 0.5085294396377538, 0.19551577264596226, 2.348787830896981e-12]
[0.0, 854164.3078821866, 5.4652526136618995, 1.0112292692099345e-07, 0.07398087226918704, 0.0, 0.00012727566263492918, 0.5085294396377538, 0.19551577264596226, 2.348787830896981e-12]
[0.0, 854164.3078821866, 5.4652526136618995, 1.0112292692099345e-07, 0.07398087226918704, 0.0, 0.00012727566263492918, 0.5085294396377538, 0.19551577264596226, 2.348787830896981e-12]
[0.0, 854164.3078821866, 5.4652526136618995, 1.0112292692099345e-07, 0.07398087226918704, 0.0, 0.00012727566263492918, 0.5085294396377538, 0.19551577264596226, 2.348787830896981e-12]
[0.0, 854164.3078821866, 5.4652526136618995, 1.0112292692099345e-07, 0.07398087226918704, 0.0, 0.00012727566263492918, 0.5085294396377538, 0.19551577264596226, 2.1107560144173476e-12]
[0.0, 854164.3078821866, 5.4652526136618995, 1.0112292692099345e-07, 0.07398087226918704, 0.0, 0.00012727566263492918, 0.5085294396377538, 0.19551577264596226, 2.1107560144173476e-12]
[0.0, 854164.3078821866, 5.4652526136618995, 1.0112292692099345e-07, 0.07398087226918704, 0.0, 0.00012727566263492918, 0.5085294396377538, 0.19551577264596226, 2.1107560144173476e-12]
[0.0, 854164.3078821866, 5.4652526136618995, 1.0112292692099345e-07, 0.07398087226918704, 0.0, 0.00012727566263492918, 0.5085294396377538, 0.19551577264596226, 2.1107560144173476e-12]
[0.0, 854164.3078821866, 5.4652526136618995, 1.0112292692099345e-07, 0.07398087226918704, 0.0, 0.00012727566263492918, 0.5085294396377538, 0.19551577264596226, 2.1107560144173476e-12]
[0.0, 854164.3078821866, 5.4652526136618995, 1.0112292692099345e-07, 0.07398087226918704, 0.0, 0.00012727566263492918, 0.5085294396377538, 0.19551577264596226, 2.1107560144173476e-12]
[0.0, 854164.3078821866, 5.4652526136618995, 1.0112292692099345e-07, 0.07398087226918704, 0.0, 0.00012727566263492918, 0.5085294396377538, 0.19551577264596226, 2.1107560144173476e-12]
[0.0, 854164.3078821866, 5.4652526136618995, 1.0112292692099345e-07, 0.07398087226918704, 0.0, 0.00012727566263492918, 0.5085294396377538, 0.19551577264596226, 2.1107560144173476e-12]
[0.0, 854164.3078821866, 5.4652526136618995, 1.0112292692099345e-07, 0.07398087226918704, 0.0, 0.00012727566263492918, 0.5085294396377538, 0.19551577264596226, 2.1107560144173476e-12]
[0.0, 854164.3078821866, 5.4652526136618995, 1.0112292692099345e-07, 0.07398087226918704, 0.0, 0.00012727566263492918, 0.5085294396377538, 0.19551577264596226, 2.1107560144173476e-12]
[0.0, 854164.3078821866, 5.4652526136618995, 1.0112292692099345e-07, 0.07398087226918704, 0.0, 0.00012727566263492918, 0.5085294396377538, 0.19551577264596226, 2.1107560144173476e-12]
[0.0, 854164.3078821866, 5.4652526136618995, 1.0112292692099345e-07, 0.07398087226918704, 0.0, 0.00012727566263492918, 0.5085294396377538, 0.19551577264596226, 2.1107560144173476e-12]
[0.0, 854164.3078821866, 5.4652526136618995, 1.0112292692099345e-07, 0.07398087226918704, 0.0, 0.00012727566263492918, 0.5085294396377538, 0.19551577264596226, 2.029043599804936e-12]
[0.0, 854164.3078821866, 5.4652526136618995, 1.0112292692099345e-07, 0.07398087226918704, 0.0, 0.00012727566263492918, 0.5085294396377538, 0.19551577264596226, 2.029043599804936e-12]
[0.0, 854164.3078821866, 5.4652526136618995, 9.056594585388211e-08, 0.07398087226918704, 0.0, 0.00012727566263492918, 0.5085294396377538, 0.19551577264596226, 2.029043599804936e-12]
[0.0, 854164.3078821866, 5.4652526136618995, 6.442066258216528e-08, 0.07398087226918704, 0.0, 0.00012727566263492918, 0.5085294396377538, 0.19551577264596226, 2.029043599804936e-12]
[0.0, 854164.3078821866, 5.4652526136618995, 6.442066258216528e-08, 0.07398087226918704, 0.0, 0.00012727566263492918, 0.5085294396377538, 0.19551577264596226, 2.029043599804936e-12]
[0.0, 854164.3078821866, 5.4652526136618995, 6.442066258216528e-08, 0.07398087226918704, 0.0, 0.00012727566263492918, 0.5085294396377538, 0.19551577264596226, 2.029043599804936e-12]
[0.0, 854164.3078821866, 5.4652526136618995, 5.259768443011126e-08, 0.07398087226918704, 0.0, 0.00012727566263492918, 0.5085294396377538, 0.19551577264596226, 1.894040480010517e-12]
[0.0, 854164.3078821866, 5.4652526136618995, 5.259768443011126e-08, 0.07398087226918704, 0.0, 0.00012727566263492918, 0.5085294396377538, 0.19551577264596226, 1.894040480010517e-12]
[0.0, 854164.3078821866, 5.4652526136618995, 5.259768443011126e-08, 0.07398087226918704, 0.0, 0.00012727566263492918, 0.5085294396377538, 0.19551577264596226, 1.894040480010517e-12]
[0.0, 854164.3078821866, 5.4652526136618995, 5.259768443011126e-08, 0.07398087226918704, 0.0, 0.00012727566263492918, 0.5085294396377538, 0.19551577264596226, 1.894040480010517e-12]
[0.0, 854164.3078821866, 5.4652526136618995, 5.259768443011126e-08, 0.07398087226918704, 0.0, 0.00012727566263492918, 0.5085294396377538, 0.19551577264596226, 1.894040480010517e-12]
[0.0, 854164.3078821866, 5.4652526136618995, 5.259768443011126e-08, 0.07398087226918704, 0.0, 0.00012727566263492918, 0.5085294396377538, 0.19551577264596226, 1.894040480010517e-12]
[0.0, 854164.3078821866, 5.4652526136618995, 5.259768443011126e-08, 0.07398087226918704, 0.0, 0.00012727566263492918, 0.5085294396377538, 0.19551577264596226, 1.894040480010517e-12]
[0.0, 854164.3078821866, 5.4652526136618995, 5.259768443011126e-08, 0.07398087226918704, 0.0, 0.00012727566263492918, 0.5085294396377538, 0.19551577264596226, 1.894040480010517e-12]
[0.0, 854164.3078821866, 5.4652526136618995, 5.259768443011126e-08, 0.07398087226918704, 0.0, 0.00012727566263492918, 0.5085294396377538, 0.19551577264596226, 1.894040480010517e-12]
[0.0, 854164.3078821866, 5.4652526136618995, 4.8193838253496324e-08, 0.07398087226918704, 0.0, 0.00012727566263492918, 0.5085294396377538, 0.19551577264596226, 1.894040480010517e-12]
[0.0, 854164.3078821866, 5.4652526136618995, 4.8193838253496324e-08, 0.07398087226918704, 0.0, 0.00012727566263492918, 0.5085294396377538, 0.19551577264596226, 1.894040480010517e-12]
[0.0, 854164.3078821866, 5.4652526136618995, 4.8193838253496324e-08, 0.07398087226918704, 0.0, 0.00012727566263492918, 0.5085294396377538, 0.19551577264596226, 1.894040480010517e-12]
[0.0, 854164.3078821866, 5.4652526136618995, 4.8193838253496324e-08, 0.07398087226918704, 0.0, 0.00012727566263492918, 0.5085294396377538, 0.19551577264596226, 1.894040480010517e-12]
[0.0, 854164.3078821866, 5.4652526136618995, 4.8193838253496324e-08, 0.07398087226918704, 0.0, 0.00012727566263492918, 0.5085294396377538, 0.19551577264596226, 1.894040480010517e-12]
[0.0, 854164.3078821866, 5.4652526136618995, 4.8193838253496324e-08, 0.07398087226918704, 0.0, 0.00012727566263492918, 0.5085294396377538, 0.19551577264596226, 1.894040480010517e-12]
[0.0, 854164.3078821866, 5.4652526136618995, 4.8193838253496324e-08, 0.07398087226918704, 0.0, 0.00012727566263492918, 0.5085294396377538, 0.19551577264596226, 1.894040480010517e-12]
[0.0, 854164.3078821866, 5.4652526136618995, 4.8193838253496324e-08, 0.07398087226918704, 0.0, 0.00012727566263492918, 0.5085294396377538, 0.19551577264596226, 1.8265389201133075e-12]
[0.0, 854164.3078821866, 5.4652526136618995, 4.8193838253496324e-08, 0.07398087226918704, 0.0, 0.00012727566263492918, 0.5085294396377538, 0.19551577264596226, 1.8265389201133075e-12]
[0.0, 854164.3078821866, 5.4652526136618995, 4.8193838253496324e-08, 0.07398087226918704, 0.0, 0.00012727566263492918, 0.5085294396377538, 0.19551577264596226, 1.8265389201133075e-12]
[0.0, 854164.3078821866, 5.4652526136618995, 4.8193838253496324e-08, 0.07398087226918704, 0.0, 0.00012727566263492918, 0.5085294396377538, 0.19551577264596226, 1.723510223428093e-12]
[0.0, 854164.3078821866, 5.4652526136618995, 4.8193838253496324e-08, 0.07398087226918704, 0.0, 0.00012727566263492918, 0.5085294396377538, 0.19551577264596226, 1.723510223428093e-12]
[0.0, 854164.3078821866, 5.4652526136618995, 4.8193838253496324e-08, 0.07398087226918704, 0.0, 0.00012727566263492918, 0.5085294396377538, 0.19551577264596226, 1.723510223428093e-12]
[0.0, 854164.3078821866, 5.4652526136618995, 4.8193838253496324e-08, 0.07398087226918704, 0.0, 0.00012727566263492918, 0.5085294396377538, 0.19551577264596226, 1.723510223428093e-12]
[0.0, 854164.3078821866, 5.4652526136618995, 4.8193838253496324e-08, 0.07398087226918704, 0.0, 0.00012727566263492918, 0.5085294396377538, 0.19551577264596226, 1.723510223428093e-12]
[0.0, 854164.3078821866, 5.4652526136618995, 4.8193838253496324e-08, 0.07398087226918704, 0.0, 0.00012727566263492918, 0.5085294396377538, 0.19551577264596226, 1.723510223428093e-12]
[0.0, 854164.3078821866, 5.4652526136618995, 4.8193838253496324e-08, 0.07398087226918704, 0.0, 0.00012727566263492918, 0.5085294396377538, 0.19551577264596226, 1.723510223428093e-12]
[0.0, 854164.3078821866, 5.4652526136618995, 4.8193838253496324e-08, 0.07398087226918704, 0.0, 0.00012727566263492918, 0.5085294396377538, 0.19551577264596226, 1.723510223428093e-12]
[0.0, 854164.3078821866, 5.4652526136618995, 4.8193838253496324e-08, 0.07398087226918704, 0.0, 0.00012727566263492918, 0.5085294396377538, 0.19551577264596226, 1.723510223428093e-12]
[0.0, 854164.3078821866, 5.4652526136618995, 4.8193838253496324e-08, 0.07398087226918704, 0.0, 0.00012727566263492918, 0.5085294396377538, 0.19551577264596226, 1.723510223428093e-12]
[0.0, 854164.3078821866, 5.4652526136618995, 4.8193838253496324e-08, 0.07398087226918704, 0.0, 0.00012727566263492918, 0.5085294396377538, 0.19551577264596226, 1.723510223428093e-12]
[0.0, 854164.3078821866, 5.4652526136618995, 4.8193838253496324e-08, 0.07398087226918704, 0.0, 0.00012727566263492918, 0.5085294396377538, 0.19551577264596226, 1.723510223428093e-12]
[0.0, 854164.3078821866, 5.4652526136618995, 4.8193838253496324e-08, 0.07398087226918704, 0.0, 0.00012727566263492918, 0.5085294396377538, 0.19551577264596226, 1.723510223428093e-12]
[0.0, 854164.3078821866, 5.4652526136618995, 4.8193838253496324e-08, 0.07398087226918704, 0.0, 0.00012727566263492918, 0.5085294396377538, 0.19551577264596226, 1.723510223428093e-12]
[0.0, 854164.3078821866, 5.4652526136618995, 4.8193838253496324e-08, 0.07398087226918704, 0.0, 0.00012727566263492918, 0.5085294396377538, 0.19551577264596226, 1.2296830220748234e-12]
[0.0, 854164.3078821866, 5.4652526136618995, 4.8193838253496324e-08, 0.07398087226918704, 0.0, 0.00012727566263492918, 0.5085294396377538, 0.19551577264596226, 1.2296830220748234e-12]
[0.0, 854164.3078821866, 5.4652526136618995, 4.8193838253496324e-08, 0.07398087226918704, 0.0, 0.00012727566263492918, 0.5085294396377538, 0.19551577264596226, 1.2296830220748234e-12]
[0.0, 854164.3078821866, 5.4652526136618995, 4.8193838253496324e-08, 0.07398087226918704, 0.0, 0.00012727566263492918, 0.5085294396377538, 0.19551577264596226, 1.2296830220748234e-12]
[0.0, 854164.3078821866, 5.4652526136618995, 4.6073049375650044e-08, 0.07398087226918704, 0.0, 0.00012727566263492918, 0.5085294396377538, 0.19551577264596226, 1.2296830220748234e-12]
[0.0, 854164.3078821866, 5.4652526136618995, 4.6073049375650044e-08, 0.07398087226918704, 0.0, 0.00012727566263492918, 0.5085294396377538, 0.19551577264596226, 1.2296830220748234e-12]
[0.0, 854164.3078821866, 5.4652526136618995, 4.6073049375650044e-08, 0.07398087226918704, 0.0, 0.00012727566263492918, 0.5085294396377538, 0.19551577264596226, 1.2296830220748234e-12]
[0.0, 854164.3078821866, 5.4652526136618995, 4.6073049375650044e-08, 0.07398087226918704, 0.0, 0.00012727566263492918, 0.5085294396377538, 0.19551577264596226, 1.2296830220748234e-12]
[0.0, 854164.3078821866, 5.4652526136618995, 4.6073049375650044e-08, 0.07398087226918704, 0.0, 0.00012727566263492918, 0.5085294396377538, 0.19551577264596226, 1.2296830220748234e-12]
[0.0, 854164.3078821866, 5.4652526136618995, 4.6073049375650044e-08, 0.07398087226918704, 0.0, 0.00012727566263492918, 0.5085294396377538, 0.19551577264596226, 1.2296830220748234e-12]
[0.0, 854164.3078821866, 5.4652526136618995, 4.6073049375650044e-08, 0.07398087226918704, 0.0, 0.00012727566263492918, 0.5085294396377538, 0.19551577264596226, 1.2296830220748234e-12]
[0.0, 854164.3078821866, 5.4652526136618995, 4.6073049375650044e-08, 0.07398087226918704, 0.0, 0.00012727566263492918, 0.5085294396377538, 0.19551577264596226, 1.2296830220748234e-12]
[0.0, 854164.3078821866, 5.4652526136618995, 4.6073049375650044e-08, 0.07398087226918704, 0.0, 0.00012727566263492918, 0.5085294396377538, 0.19551577264596226, 1.2296830220748234e-12]
[0.0, 854164.3078821866, 5.4652526136618995, 4.6073049375650044e-08, 0.07398087226918704, 0.0, 0.00012727566263492918, 0.5085294396377538, 0.19551577264596226, 1.2296830220748234e-12]
[0.0, 854164.3078821866, 5.4652526136618995, 4.6073049375650044e-08, 0.07398087226918704, 0.0, 0.00012727566263492918, 0.5085294396377538, 0.19551577264596226, 1.2296830220748234e-12]
[0.0, 854164.3078821866, 5.4652526136618995, 3.8574517802203445e-08, 0.07398087226918704, 0.0, 0.00012727566263492918, 0.5085294396377538, 0.19551577264596226, 1.2296830220748234e-12]
[0.0, 854164.3078821866, 5.4652526136618995, 3.8574517802203445e-08, 0.07398087226918704, 0.0, 0.00012727566263492918, 0.5085294396377538, 0.19551577264596226, 1.2296830220748234e-12]
[0.0, 854164.3078821866, 5.4652526136618995, 3.8574517802203445e-08, 0.07398087226918704, 0.0, 0.00012727566263492918, 0.5085294396377538, 0.19551577264596226, 1.2296830220748234e-12]
[0.0, 854164.3078821866, 5.4652526136618995, 3.8574517802203445e-08, 0.07398087226918704, 0.0, 0.00012727566263492918, 0.5085294396377538, 0.19551577264596226, 1.2296830220748234e-12]
[0.0, 854164.3078821866, 5.4652526136618995, 3.8574517802203445e-08, 0.07398087226918704, 0.0, 0.00012727566263492918, 0.5085294396377538, 0.19551577264596226, 1.2296830220748234e-12]
[0.0, 854164.3078821866, 5.4652526136618995, 3.8574517802203445e-08, 0.07398087226918704, 0.0, 0.00012727566263492918, 0.5085294396377538, 0.19551577264596226, 1.2296830220748234e-12]
[0.0, 854164.3078821866, 5.4652526136618995, 3.8574517802203445e-08, 0.07398087226918704, 0.0, 0.00012727566263492918, 0.5085294396377538, 0.19551577264596226, 1.2296830220748234e-12]
[0.0, 854164.3078821866, 5.4652526136618995, 3.8574517802203445e-08, 0.07398087226918704, 0.0, 0.00012727566263492918, 0.5085294396377538, 0.19551577264596226, 1.2296830220748234e-12]
[0.0, 854164.3078821866, 5.4652526136618995, 3.8574517802203445e-08, 0.07398087226918704, 0.0, 0.00012727566263492918, 0.5085294396377538, 0.19551577264596226, 1.2296830220748234e-12]
[0.0, 854164.3078821866, 5.4652526136618995, 3.8574517802203445e-08, 0.07398087226918704, 0.0, 0.00012727566263492918, 0.5085294396377538, 0.19551577264596226, 1.2296830220748234e-12]
[0.0, 854164.3078821866, 5.4652526136618995, 3.8574517802203445e-08, 0.07398087226918704, 0.0, 0.00012727566263492918, 0.5085294396377538, 0.19551577264596226, 1.2296830220748234e-12]
[0.0, 854164.3078821866, 5.4652526136618995, 3.8574517802203445e-08, 0.07398087226918704, 0.0, 0.00012727566263492918, 0.5085294396377538, 0.19551577264596226, 1.2296830220748234e-12]
[0.0, 854164.3078821866, 5.4652526136618995, 3.8574517802203445e-08, 0.07398087226918704, 0.0, 0.00012727566263492918, 0.5085294396377538, 0.19551577264596226, 1.2296830220748234e-12]
[0.0, 854164.3078821866, 5.4652526136618995, 3.8574517802203445e-08, 0.07398087226918704, 0.0, 0.00012727566263492918, 0.5085294396377538, 0.19551577264596226, 1.2296830220748234e-12]
[0.0, 854164.3078821866, 5.4652526136618995, 3.8574517802203445e-08, 0.07398087226918704, 0.0, 0.00012727566263492918, 0.5085294396377538, 0.19551577264596226, 1.2296830220748234e-12]
[0.0, 854164.3078821866, 5.4652526136618995, 2.397777443263749e-08, 0.07398087226918704, 0.0, 0.00012727566263492918, 0.5085294396377538, 0.19551577264596226, 1.2296830220748234e-12]
[0.0, 854164.3078821866, 5.4652526136618995, 2.397777443263749e-08, 0.07398087226918704, 0.0, 0.00012727566263492918, 0.5085294396377538, 0.19551577264596226, 1.2296830220748234e-12]
[0.0, 854164.3078821866, 5.4652526136618995, 2.397777443263749e-08, 0.07398087226918704, 0.0, 0.00012727566263492918, 0.5085294396377538, 0.19551577264596226, 1.2296830220748234e-12]
[0.0, 854164.3078821866, 5.4652526136618995, 2.397777443263749e-08, 0.07398087226918704, 0.0, 0.00012727566263492918, 0.5085294396377538, 0.19551577264596226, 1.2296830220748234e-12]
[0.0, 854164.3078821866, 5.4652526136618995, 2.397777443263749e-08, 0.07398087226918704, 0.0, 0.00012727566263492918, 0.46073593412627223, 0.19551577264596226, 1.2296830220748234e-12]
[0.0, 854164.3078821866, 5.4652526136618995, 2.397777443263749e-08, 0.07398087226918704, 0.0, 0.00012727566263492918, 0.46073593412627223, 0.19551577264596226, 1.2296830220748234e-12]
[0.0, 854164.3078821866, 5.4652526136618995, 2.397777443263749e-08, 0.07398087226918704, 0.0, 0.00012727566263492918, 0.46073593412627223, 0.19551577264596226, 1.2296830220748234e-12]
[0.0, 854164.3078821866, 5.4652526136618995, 2.397777443263749e-08, 0.07398087226918704, 0.0, 0.00012727566263492918, 0.46073593412627223, 0.19551577264596226, 1.2296830220748234e-12]
[0.0, 854164.3078821866, 5.4652526136618995, 2.397777443263749e-08, 0.07398087226918704, 0.0, 0.00012727566263492918, 0.46073593412627223, 0.19551577264596226, 1.2296830220748234e-12]
[0.0, 854164.3078821866, 5.4652526136618995, 2.397777443263749e-08, 0.07398087226918704, 0.0, 0.00012727566263492918, 0.46073593412627223, 0.19551577264596226, 1.1479706074624119e-12]
[0.0, 854164.3078821866, 5.4652526136618995, 5.341620479271114e-09, 0.07398087226918704, 0.0, 0.00012727566263492918, 0.46073593412627223, 0.19551577264596226, 1.1479706074624119e-12]
[0.0, 854164.3078821866, 5.4652526136618995, 5.341620479271114e-09, 0.07398087226918704, 0.0, 0.00012727566263492918, 0.46073593412627223, 0.19551577264596226, 1.0413891970983968e-12]
[0.0, 854164.3078821866, 5.4652526136618995, 5.341620479271114e-09, 0.07398087226918704, 0.0, 0.00012727566263492918, 0.46073593412627223, 0.19551577264596226, 1.0413891970983968e-12]
[0.0, 854164.3078821866, 5.4652526136618995, 5.341620479271114e-09, 0.07398087226918704, 0.0, 0.00012727566263492918, 0.46073593412627223, 0.19551577264596226, 1.0413891970983968e-12]
[0.0, 854164.3078821866, 5.4652526136618995, 5.341620479271114e-09, 0.07398087226918704, 0.0, 0.00012727566263492918, 0.46073593412627223, 0.19551577264596226, 1.0413891970983968e-12]
[0.0, 854164.3078821866, 5.4652526136618995, 5.341620479271114e-09, 0.07398087226918704, 0.0, 0.00012727566263492918, 0.46073593412627223, 0.19551577264596226, 1.0413891970983968e-12]
[0.0, 854164.3078821866, 5.4652526136618995, 5.341620479271114e-09, 0.07398087226918704, 0.0, 0.00012727566263492918, 0.46073593412627223, 0.19551577264596226, 1.0413891970983968e-12]
[0.0, 854164.3078821866, 5.4652526136618995, 5.341620479271114e-09, 0.07398087226918704, 0.0, 0.00012727566263492918, 0.46073593412627223, 0.19551577264596226, 1.0413891970983968e-12]
[0.0, 854164.3078821866, 5.4652526136618995, 5.341620479271114e-09, 0.07398087226918704, 0.0, 0.00012727566263492918, 0.46073593412627223, 0.19551577264596226, 1.0413891970983968e-12]
[0.0, 854164.3078821866, 5.4652526136618995, 5.341620479271114e-09, 0.07398087226918704, 0.0, 0.00012727566263492918, 0.46073593412627223, 0.19551577264596226, 1.0413891970983968e-12]
[0.0, 854164.3078821866, 5.4652526136618995, 5.341620479271114e-09, 0.07398087226918704, 0.0, 0.00012727566263492918, 0.46073593412627223, 0.19551577264596226, 1.0413891970983968e-12]
[0.0, 854164.3078821866, 5.4652526136618995, 5.341620479271114e-09, 0.07398087226918704, 0.0, 0.00012727566263492918, 0.46073593412627223, 0.19551577264596226, 1.0413891970983968e-12]
[0.0, 854164.3078821866, 5.4652526136618995, 5.341620479271114e-09, 0.07398087226918704, 0.0, 0.00012727566263492918, 0.3711689133553234, 0.19551577264596226, 1.0413891970983968e-12]
[0.0, 854164.3078821866, 5.4652526136618995, 5.341620479271114e-09, 0.07398087226918704, 0.0, 0.00012727566263492918, 0.3711689133553234, 0.19551577264596226, 1.0413891970983968e-12]
[0.0, 854164.3078821866, 5.4652526136618995, 5.341620479271114e-09, 0.07398087226918704, 0.0, 0.00012727566263492918, 0.3711689133553234, 0.19551577264596226, 1.0413891970983968e-12]
[0.0, 854164.3078821866, 5.4652526136618995, 5.341620479271114e-09, 0.07398087226918704, 0.0, 0.00012727566263492918, 0.3711689133553234, 0.19551577264596226, 1.0413891970983968e-12]
[0.0, 854164.3078821866, 5.4652526136618995, 5.341620479271114e-09, 0.07398087226918704, 0.0, 0.00012727566263492918, 0.3711689133553234, 0.19551577264596226, 9.348077867343818e-13]
[0.0, 854164.3078821866, 5.4652526136618995, 5.341620479271114e-09, 0.07398087226918704, 0.0, 0.00012727566263492918, 0.3711689133553234, 0.19551577264596226, 9.348077867343818e-13]
[0.0, 854164.3078821866, 5.4652526136618995, 5.341620479271114e-09, 0.07398087226918704, 0.0, 0.00012727566263492918, 0.3711689133553234, 0.19551577264596226, 9.348077867343818e-13]
[0.0, 854164.3078821866, 5.4652526136618995, 5.341620479271114e-09, 0.07398087226918704, 0.0, 0.00012727566263492918, 0.3711689133553234, 0.19551577264596226, 9.348077867343818e-13]
[0.0, 854164.3078821866, 5.4652526136618995, 5.341620479271114e-09, 0.07398087226918704, 0.0, 0.00012727566263492918, 0.3711689133553234, 0.19551577264596226, 9.348077867343818e-13]
[0.0, 854164.3078821866, 5.4652526136618995, 5.341620479271114e-09, 0.07398087226918704, 0.0, 0.00012727566263492918, 0.3711689133553234, 0.19551577264596226, 9.348077867343818e-13]
[0.0, 854164.3078821866, 5.4652526136618995, 5.341620479271114e-09, 0.07398087226918704, 0.0, 0.00012727566263492918, 0.3711689133553234, 0.19551577264596226, 9.348077867343818e-13]
[0.0, 854164.3078821866, 5.4652526136618995, 5.341620479271114e-09, 0.07398087226918704, 0.0, 0.00012727566263492918, 0.3711689133553234, 0.19551577264596226, 9.348077867343818e-13]
[0.0, 854164.3078821866, 5.4652526136618995, 5.341620479271114e-09, 0.07398087226918704, 0.0, 0.00012727566263492918, 0.3711689133553234, 0.19551577264596226, 9.348077867343818e-13]
[0.0, 854164.3078821866, 5.4652526136618995, 5.341620479271114e-09, 0.07398087226918704, 0.0, 0.00012727566263492918, 0.3711689133553234, 0.19551577264596226, 9.348077867343818e-13]
[0.0, 854164.3078821866, 5.4652526136618995, 5.341620479271114e-09, 0.07398087226918704, 0.0, 0.00012727566263492918, 0.3711689133553234, 0.19551577264596226, 9.348077867343818e-13]
[0.0, 854164.3078821866, 5.4652526136618995, 5.341620479271114e-09, 0.07398087226918704, 0.0, 0.00012727566263492918, 0.3711689133553234, 0.19551577264596226, 9.348077867343818e-13]
[0.0, 854164.3078821866, 5.4652526136618995, 5.341620479271114e-09, 0.07398087226918704, 0.0, 0.00012727566263492918, 0.3711689133553234, 0.19551577264596226, 8.921752225887758e-13]
[0.0, 854164.3078821866, 5.4652526136618995, 5.341620479271114e-09, 0.07398087226918704, 0.0, 0.00012727566263492918, 0.3711689133553234, 0.19551577264596226, 8.921752225887758e-13]
[0.0, 854164.3078821866, 5.4652526136618995, 5.341620479271114e-09, 0.07398087226918704, 0.0, 0.00012727566263492918, 0.3711689133553234, 0.19551577264596226, 7.109868249699502e-13]
[0.0, 854164.3078821866, 5.4652526136618995, 5.341620479271114e-09, 0.07398087226918704, 0.0, 0.00012727566263492918, 0.3711689133553234, 0.19551577264596226, 7.109868249699502e-13]
[0.0, 854164.3078821866, 5.4652526136618995, 5.341620479271114e-09, 0.07398087226918704, 0.0, 0.00012727566263492918, 0.3711689133553234, 0.19551577264596226, 7.109868249699502e-13]
[0.0, 854164.3078821866, 5.4652526136618995, 5.341620479271114e-09, 0.07398087226918704, 0.0, 0.00012727566263492918, 0.3711689133553234, 0.19551577264596226, 7.109868249699502e-13]
[0.0, 854164.3078821866, 5.4652526136618995, 5.341620479271114e-09, 0.07398087226918704, 0.0, 0.00012727566263492918, 0.3711689133553234, 0.19551577264596226, 7.109868249699502e-13]
[0.0, 854164.3078821866, 5.4652526136618995, 5.341620479271114e-09, 0.07398087226918704, 0.0, 0.00012727566263492918, 0.3711689133553234, 0.19551577264596226, 7.109868249699502e-13]
[0.0, 854164.3078821866, 5.4652526136618995, 5.341620479271114e-09, 0.07398087226918704, 0.0, 0.00012727566263492918, 0.3711689133553234, 0.19551577264596226, 7.109868249699502e-13]
[0.0, 854164.3078821866, 5.4652526136618995, 5.341620479271114e-09, 0.07398087226918704, 0.0, 0.00012727566263492918, 0.3711689133553234, 0.19551577264596226, 7.109868249699502e-13]
[0.0, 854164.3078821866, 5.4652526136618995, 5.341620479271114e-09, 0.07398087226918704, 0.0, 0.00012727566263492918, 0.3711689133553234, 0.19551577264596226, 7.109868249699502e-13]
[0.0, 854164.3078821866, 5.4652526136618995, 5.341620479271114e-09, 0.07398087226918704, 0.0, 0.00012727566263492918, 0.3711689133553234, 0.19551577264596226, 7.109868249699502e-13]
[0.0, 854164.3078821866, 5.4652526136618995, 5.341620479271114e-09, 0.07398087226918704, 0.0, 0.00012727566263492918, 0.3711689133553234, 0.19551577264596226, 7.109868249699502e-13]
[0.0, 854164.3078821866, 5.4652526136618995, 5.341620479271114e-09, 0.07398087226918704, 0.0, 0.00012727566263492918, 0.3711689133553234, 0.19551577264596226, 7.109868249699502e-13]
[0.0, 854164.3078821866, 5.4652526136618995, 5.341620479271114e-09, 0.07398087226918704, 0.0, 0.00012727566263492918, 0.3711689133553234, 0.19551577264596226, 7.109868249699502e-13]
[0.0, 854164.3078821866, 5.4652526136618995, 5.341620479271114e-09, 0.07398087226918704, 0.0, 0.00012727566263492918, 0.3711689133553234, 0.19551577264596226, 7.109868249699502e-13]
[0.0, 854164.3078821866, 5.4652526136618995, 5.341620479271114e-09, 0.07398087226918704, 0.0, 0.00012727566263492918, 0.3711689133553234, 0.19551577264596226, 7.109868249699502e-13]
[0.0, 854164.3078821866, 5.4652526136618995, 5.341620479271114e-09, 0.07398087226918704, 0.0, 0.00012727566263492918, 0.3711689133553234, 0.19551577264596226, 7.109868249699502e-13]
[0.0, 854164.3078821866, 5.4652526136618995, 5.341620479271114e-09, 0.07398087226918704, 0.0, 0.00012727566263492918, 0.3711689133553234, 0.19551577264596226, 7.109868249699502e-13]
[0.0, 854164.3078821866, 5.4652526136618995, 5.341620479271114e-09, 0.07398087226918704, 0.0, 0.00012727566263492918, 0.3711689133553234, 0.19551577264596226, 7.109868249699502e-13]
[0.0, 854164.3078821866, 5.4652526136618995, 5.341620479271114e-09, 0.07398087226918704, 0.0, 0.00012727566263492918, 0.3711689133553234, 0.19551577264596226, 7.109868249699502e-13]
[0.0, 854164.3078821866, 5.4652526136618995, 5.341620479271114e-09, 0.07398087226918704, 0.0, 0.00012727566263492918, 0.3711689133553234, 0.19551577264596226, 7.109868249699502e-13]
[0.0, 854164.3078821866, 5.4652526136618995, 5.341620479271114e-09, 0.07398087226918704, 0.0, 0.00012727566263492918, 0.3711689133553234, 0.19551577264596226, 7.109868249699502e-13]
[0.0, 854164.3078821866, 5.4652526136618995, 5.341620479271114e-09, 0.07398087226918704, 0.0, 0.00012727566263492918, 0.3711689133553234, 0.19551577264596226, 7.109868249699502e-13]
[0.0, 854164.3078821866, 5.4652526136618995, 5.341620479271114e-09, 0.07398087226918704, 0.0, 0.00012727566263492918, 0.3711689133553234, 0.19551577264596226, 7.109868249699502e-13]
[0.0, 854164.3078821866, 5.4652526136618995, 5.341620479271114e-09, 0.07398087226918704, 0.0, 0.00012727566263492918, 0.3711689133553234, 0.19551577264596226, 7.109868249699502e-13]
[0.0, 854164.3078821866, 5.4652526136618995, 5.341620479271114e-09, 0.07398087226918704, 0.0, 0.00012727566263492918, 0.3711689133553234, 0.19551577264596226, 7.109868249699502e-13]
[0.0, 854164.3078821866, 5.4652526136618995, 5.341620479271114e-09, 0.07398087226918704, 0.0, 0.00012727566263492918, 0.3711689133553234, 0.19551577264596226, 7.109868249699502e-13]
[0.0, 854164.3078821866, 5.4652526136618995, 5.341620479271114e-09, 0.07398087226918704, 0.0, 0.00012727566263492918, 0.3711689133553234, 0.19551577264596226, 7.109868249699502e-13]
[0.0, 854164.3078821866, 5.4652526136618995, 5.341620479271114e-09, 0.07398087226918704, 0.0, 0.00012727566263492918, 0.3711689133553234, 0.19551577264596226, 7.109868249699502e-13]
[0.0, 854164.3078821866, 5.4652526136618995, 5.341620479271114e-09, 0.07398087226918704, 0.0, 0.00012727566263492918, 0.3711689133553234, 0.19551577264596226, 7.109868249699502e-13]
[0.0, 854164.3078821866, 5.4652526136618995, 5.341620479271114e-09, 0.07398087226918704, 0.0, 0.00012727566263492918, 0.3711689133553234, 0.19551577264596226, 7.109868249699502e-13]
[0.0, 854164.3078821866, 5.4652526136618995, 5.341620479271114e-09, 0.07398087226918704, 0.0, 0.00012727566263492918, 0.3711689133553234, 0.19551577264596226, 7.109868249699502e-13]
[0.0, 854164.3078821866, 5.4652526136618995, 5.341620479271114e-09, 0.07398087226918704, 0.0, 0.00012727566263492918, 0.3711689133553234, 0.19551577264596226, 7.109868249699502e-13]
[0.0, 854164.3078821866, 5.4652526136618995, 5.341620479271114e-09, 0.07398087226918704, 0.0, 0.00012727566263492918, 0.3711689133553234, 0.19551577264596226, 7.109868249699502e-13]
[0.0, 854164.3078821866, 5.4652526136618995, 5.341620479271114e-09, 0.07398087226918704, 0.0, 0.00012727566263492918, 0.3711689133553234, 0.19551577264596226, 7.109868249699502e-13]
[0.0, 854164.3078821866, 5.4652526136618995, 5.341620479271114e-09, 0.07398087226918704, 0.0, 0.00012727566263492918, 0.3711689133553234, 0.19551577264596226, 7.109868249699502e-13]
[0.0, 854164.3078821866, 5.4652526136618995, 5.341620479271114e-09, 0.07398087226918704, 0.0, 0.00012727566263492918, 0.3711689133553234, 0.19551577264596226, 7.109868249699502e-13]
[0.0, 854164.3078821866, 5.4652526136618995, 5.341620479271114e-09, 0.07398087226918704, 0.0, 0.00012727566263492918, 0.3711689133553234, 0.19551577264596226, 7.109868249699502e-13]
[0.0, 854164.3078821866, 5.4652526136618995, 5.341620479271114e-09, 0.07398087226918704, 0.0, 0.00012727566263492918, 0.3711689133553234, 0.19551577264596226, 7.109868249699502e-13]
[0.0, 854164.3078821866, 5.4652526136618995, 5.341620479271114e-09, 0.07398087226918704, 0.0, 0.00012727566263492918, 0.3711689133553234, 0.19551577264596226, 7.109868249699502e-13]
[0.0, 854164.3078821866, 5.4652526136618995, 5.341620479271114e-09, 0.07398087226918704, 0.0, 0.00012727566263492918, 0.3711689133553234, 0.19551577264596226, 7.109868249699502e-13]
[0.0, 854164.3078821866, 5.4652526136618995, 5.341620479271114e-09, 0.07398087226918704, 0.0, 0.00012727566263492918, 0.3711689133553234, 0.19551577264596226, 7.109868249699502e-13]
[0.0, 854164.3078821866, 5.4652526136618995, 5.341620479271114e-09, 0.07398087226918704, 0.0, 0.00012727566263492918, 0.3711689133553234, 0.19551577264596226, 7.109868249699502e-13]
[0.0, 854164.3078821866, 5.4652526136618995, 5.341620479271114e-09, 0.07398087226918704, 0.0, 0.00012727566263492918, 0.3711689133553234, 0.19551577264596226, 7.109868249699502e-13]
[0.0, 854164.3078821866, 5.4652526136618995, 5.341620479271114e-09, 0.07398087226918704, 0.0, 0.00012727566263492918, 0.3711689133553234, 0.19551577264596226, 7.109868249699502e-13]
[0.0, 854164.3078821866, 5.4652526136618995, 5.341620479271114e-09, 0.07398087226918704, 0.0, 0.00012727566263492918, 0.3711689133553234, 0.19551577264596226, 7.109868249699502e-13]
[0.0, 854164.3078821866, 5.4652526136618995, 5.341620479271114e-09, 0.07398087226918704, 0.0, 0.00012727566263492918, 0.3711689133553234, 0.19551577264596226, 7.109868249699502e-13]
[0.0, 854164.3078821866, 5.4652526136618995, 5.341620479271114e-09, 0.07398087226918704, 0.0, 0.00012727566263492918, 0.3711689133553234, 0.19551577264596226, 7.109868249699502e-13]
[0.0, 854164.3078821866, 5.4652526136618995, 5.341620479271114e-09, 0.07398087226918704, 0.0, 0.00012727566263492918, 0.3711689133553234, 0.19551577264596226, 6.221689829999377e-13]
[0.0, 854164.3078821866, 5.4652526136618995, 5.341620479271114e-09, 0.07398087226918704, 0.0, 0.00012727566263492918, 0.3711689133553234, 0.19551577264596226, 6.221689829999377e-13]
[0.0, 854164.3078821866, 5.4652526136618995, 5.341620479271114e-09, 0.07398087226918704, 0.0, 0.00012727566263492918, 0.3711689133553234, 0.19551577264596226, 6.221689829999377e-13]
[0.0, 854164.3078821866, 5.4652526136618995, 5.341620479271114e-09, 0.07398087226918704, 0.0, 0.00012727566263492918, 0.3711689133553234, 0.19551577264596226, 6.221689829999377e-13]
[0.0, 854164.3078821866, 5.4652526136618995, 5.341620479271114e-09, 0.07398087226918704, 0.0, 0.00012727566263492918, 0.3711689133553234, 0.19551577264596226, 6.221689829999377e-13]
[0.0, 854164.3078821866, 5.4652526136618995, 5.341620479271114e-09, 0.07398087226918704, 0.0, 0.00012727566263492918, 0.3711689133553234, 0.19551577264596226, 6.221689829999377e-13]
[0.0, 854164.3078821866, 5.4652526136618995, 5.341620479271114e-09, 0.07398087226918704, 0.0, 0.00012727566263492918, 0.3711689133553234, 0.19551577264596226, 6.221689829999377e-13]
[0.0, 854164.3078821866, 5.4652526136618995, 5.341620479271114e-09, 0.07398087226918704, 0.0, 0.00012727566263492918, 0.3711689133553234, 0.19551577264596226, 6.221689829999377e-13]
[0.0, 854164.3078821866, 5.4652526136618995, 5.341620479271114e-09, 0.07398087226918704, 0.0, 0.00012727566263492918, 0.3711689133553234, 0.19551577264596226, 6.221689829999377e-13]
[0.0, 854164.3078821866, 5.4652526136618995, 5.341620479271114e-09, 0.07398087226918704, 0.0, 0.00012727566263492918, 0.3711689133553234, 0.19551577264596226, 6.221689829999377e-13]
[0.0, 854164.3078821866, 5.4652526136618995, 5.341620479271114e-09, 0.07398087226918704, 0.0, 0.00012727566263492918, 0.3711689133553234, 0.19551577264596226, 6.221689829999377e-13]
[0.0, 854164.3078821866, 5.4652526136618995, 5.341620479271114e-09, 0.07398087226918704, 0.0, 0.00012727566263492918, 0.3711689133553234, 0.19551577264596226, 6.221689829999377e-13]
[0.0, 854164.3078821866, 5.4652526136618995, 5.341620479271114e-09, 0.07398087226918704, 0.0, 0.00012727566263492918, 0.3711689133553234, 0.19551577264596226, 6.221689829999377e-13]
[0.0, 854164.3078821866, 5.4652526136618995, 5.341620479271114e-09, 0.07398087226918704, 0.0, 0.00012727566263492918, 0.3711689133553234, 0.19551577264596226, 6.221689829999377e-13]
[0.0, 854164.3078821866, 5.4652526136618995, 5.341620479271114e-09, 0.07398087226918704, 0.0, 0.00012727566263492918, 0.3711689133553234, 0.19551577264596226, 5.617728504603292e-13]
[0.0, 854164.3078821866, 5.4652526136618995, 5.341620479271114e-09, 0.07398087226918704, 0.0, 0.00012727566263492918, 0.3711689133553234, 0.19551577264596226, 5.617728504603292e-13]
[0.0, 854164.3078821866, 5.4652526136618995, 5.341620479271114e-09, 0.07398087226918704, 0.0, 0.00012727566263492918, 0.3711689133553234, 0.19551577264596226, 5.617728504603292e-13]
[0.0, 854164.3078821866, 5.4652526136618995, 5.341620479271114e-09, 0.07398087226918704, 0.0, 0.00012727566263492918, 0.3711689133553234, 0.19551577264596226, 5.617728504603292e-13]
